{
"type": "FeatureCollection",
"name": "segments",
"crs": { "type": "name", "properties": { "name": "urn:ogc:def:crs:OGC:1.3:CRS84" } },
"features": [
{ "type": "Feature", "properties": { "seg_id": "service-0000-00", "corridor": null, "walk_class": "service", "length_m": 96.13 }, "geometry": { "type": "LineString", "coordinates": [ [ -79.9684958, 40.4504599 ], [ -79.9685427, 40.4504418 ], [ -79.9689583, 40.4502812 ], [ -79.9691118, 40.4505111 ], [ -79.9688642, 40.4506067 ] ] } },
{ "type": "Feature", "properties": { "seg_id": "allequippa-street-0001-00", "corridor": "Allequippa Street", "walk_class": "sidewalk", "length_m": 105.53 }, "geometry": { "type": "LineString", "coordinates": [ [ -79.9658168, 40.4426995 ], [ -79.9658286, 40.4426946 ], [ -79.9662299, 40.4423902 ], [ -79.9662618, 40.4423654 ], [ -79.966301, 40.4423349 ], [ -79.966700051294879, 40.442030498252755 ] ] } },
{ "type": "Feature", "properties": { "seg_id": "allequippa-street-0001-01", "corridor": "Allequippa Street", "walk_class": "sidewalk", "length_m": 105.53 }, "geometry": { "type": "LineString", "coordinates": [ [ -79.966700051294879, 40.442030498252755 ], [ -79.967580570403399, 40.44135881151476 ] ] } },
{ "type": "Feature", "properties": { "seg_id": "allequippa-street-0001-02", "corridor": "Allequippa Street", "walk_class": "sidewalk", "length_m": 105.53 }, "geometry": { "type": "LineString", "coordinates": [ [ -79.967580570403399, 40.44135881151476 ], [ -79.9678775, 40.4411323 ], [ -79.9678885, 40.4411343 ], [ -79.9679303, 40.4410895 ], [ -79.9679767, 40.4410399 ], [ -79.9679767, 40.441034 ], [ -79.9680096, 40.4410261 ], [ -79.968444411556931, 40.440689127828854 ] ] } },
{ "type": "Feature", "properties": { "seg_id": "allequippa-street-0001-03", "corridor": "Terrace Street", "walk_class": "sidewalk", "length_m": 105.53 }, "geometry": { "type": "LineString", "coordinates": [ [ -79.968444411556931, 40.440689127828854 ], [ -79.9685269, 40.4406252 ], [ -79.9686415, 40.4404474 ], [ -79.9686493, 40.4404425 ], [ -79.9687095, 40.4404135 ], [ -79.9687656, 40.4403864 ], [ -79.9687703, 40.440382799999988 ], [ -79.9688216, 40.4403925 ], [ -79.9688665, 40.4404091 ], [ -79.9689175, 40.4404504 ], [ -79.9689416, 40.4404936 ], [ -79.9689483, 40.440541 ], [ -79.9690332, 40.4406421 ], [ -79.9691036, 40.4407549 ], [ -79.969131263341851, 40.44082143907405 ] ] } },
{ "type": "Feature", "properties": { "seg_id": "allequippa-street-0001-04", "corridor": "Terrace Street", "walk_class": "sidewalk", "length_m": 105.53 }, "geometry": { "type": "LineString", "coordinates": [ [ -79.969131263341851, 40.44082143907405 ], [ -79.9691337, 40.4408273 ], [ -79.9691391, 40.4408641 ], [ -79.9691217, 40.4409046 ], [ -79.9690848, 40.440936 ], [ -79.9688883, 40.4410871 ], [ -79.9686074, 40.441207 ], [ -79.9685765, 40.4412149 ], [ -79.9685383, 40.4412147 ], [ -79.9685031, 40.4412098 ], [ -79.9684498, 40.4411728 ], [ -79.9682292, 40.4410202 ] ] } },
{ "type": "Feature", "properties": { "seg_id": "morgan-street-0002-00", "corridor": "Morgan Street", "walk_class": "sidewalk", "length_m": 6.67 }, "geometry": { "type": "LineString", "coordinates": [ [ -79.968941300000012, 40.4510841 ], [ -79.9689792, 40.4511367 ] ] } },
{ "type": "Feature", "properties": { "seg_id": "morgan-street-0003-00", "corridor": "Morgan Street", "walk_class": "street", "length_m": 12.97 }, "geometry": { "type": "LineString", "coordinates": [ [ -79.968974, 40.4512221 ], [ -79.9689286, 40.4511585 ], [ -79.9689792, 40.4511367 ] ] } },
{ "type": "Feature", "properties": { "seg_id": "webster-avenue-0004-00", "corridor": "Webster Avenue", "walk_class": "sidewalk", "length_m": 96.18 }, "geometry": { "type": "LineString", "coordinates": [ [ -79.965211, 40.4529685 ], [ -79.9652099, 40.4529588 ], [ -79.9651971, 40.4529013 ], [ -79.9651863, 40.4528527 ], [ -79.9651853, 40.4528456 ], [ -79.9651769, 40.4528336 ], [ -79.9651793, 40.4528172 ], [ -79.9653844, 40.4527285 ], [ -79.965994927203084, 40.452472981336022 ] ] } },
{ "type": "Feature", "properties": { "seg_id": "webster-avenue-0004-01", "corridor": "Webster Avenue", "walk_class": "sidewalk", "length_m": 96.18 }, "geometry": { "type": "LineString", "coordinates": [ [ -79.965994927203084, 40.452472981336022 ], [ -79.966989639613857, 40.452056661805592 ] ] } },
{ "type": "Feature", "properties": { "seg_id": "webster-avenue-0004-02", "corridor": "Webster Avenue", "walk_class": "sidewalk", "length_m": 96.18 }, "geometry": { "type": "LineString", "coordinates": [ [ -79.966989639613857, 40.452056661805592 ], [ -79.9671826, 40.4519759 ], [ -79.9671956, 40.4519717 ], [ -79.9672444, 40.4519475 ], [ -79.967330700000019, 40.4519047 ], [ -79.9673506, 40.4518932 ], [ -79.9676986, 40.451748599999988 ], [ -79.96797787479349, 40.451632575823837 ] ] } },
{ "type": "Feature", "properties": { "seg_id": "webster-avenue-0004-03", "corridor": "Webster Avenue", "walk_class": "sidewalk", "length_m": 96.18 }, "geometry": { "type": "LineString", "coordinates": [ [ -79.96797787479349, 40.451632575823837 ], [ -79.9689086, 40.4512459 ], [ -79.9689351, 40.4512437 ], [ -79.968974, 40.4512221 ] ] } },
{ "type": "Feature", "properties": { "seg_id": "service-0005-00", "corridor": null, "walk_class": "service", "length_m": 112.71 }, "geometry": { "type": "LineString", "coordinates": [ [ -79.9685294, 40.4523936 ], [ -79.968567, 40.4524519 ], [ -79.9689332, 40.4530191 ], [ -79.9688441, 40.4531898 ], [ -79.968688315718794, 40.453251581964167 ] ] } },
{ "type": "Feature", "properties": { "seg_id": "service-0005-01", "corridor": null, "walk_class": "service", "length_m": 112.71 }, "geometry": { "type": "LineString", "coordinates": [ [ -79.968688315718794, 40.453251581964167 ], [ -79.9686449, 40.453268799999982 ], [ -79.9684692, 40.4533076 ], [ -79.9683295, 40.453290099999982 ], [ -79.9682018, 40.453229 ], [ -79.9680707, 40.4530625 ], [ -79.967861, 40.4527517 ], [ -79.9678184, 40.4526886 ] ] } },
{ "type": "Feature", "properties": { "seg_id": "service-0006-00", "corridor": null, "walk_class": "service", "length_m": 8.01 }, "geometry": { "type": "LineString", "coordinates": [ [ -79.9688858, 40.452239899999988 ], [ -79.9689391, 40.4522995 ] ] } },
{ "type": "Feature", "properties": { "seg_id": "bedford-avenue-0007-00", "corridor": null, "walk_class": "sidewalk", "length_m": 112.71 }, "geometry": { "type": "LineString", "coordinates": [ [ -79.9689391, 40.4522995 ], [ -79.9688932, 40.452316 ], [ -79.9688803, 40.4523187 ], [ -79.968593, 40.452441 ], [ -79.968567, 40.4524519 ], [ -79.9685438, 40.452461599999985 ], [ -79.9678921, 40.4527379 ], [ -79.967881, 40.4527426 ], [ -79.967861, 40.4527517 ], [ -79.9678336, 40.4527641 ], [ -79.9678201, 40.4527697 ], [ -79.967774636306103, 40.452788128715 ] ] } },
{ "type": "Feature", "properties": { "seg_id": "bedford-avenue-0007-01", "corridor": "Bedford Avenue", "walk_class": "sidewalk", "length_m": 112.71 }, "geometry": { "type": "LineString", "coordinates": [ [ -79.967774636306103, 40.452788128715 ], [ -79.9677229, 40.4528091 ], [ -79.9673463, 40.4529652 ], [ -79.9673143, 40.4529766 ], [ -79.9672918, 40.4529847 ], [ -79.9666109, 40.4532783 ] ] } },
{ "type": "Feature", "properties": { "seg_id": "webster-avenue-0008-00", "corridor": "Wylie Avenue", "walk_class": "sidewalk", "length_m": 94.44 }, "geometry": { "type": "LineString", "coordinates": [ [ -79.9687505, 40.4492791 ], [ -79.968031, 40.449586799999985 ], [ -79.9680163, 40.4495937 ], [ -79.9680159, 40.4496026 ], [ -79.9680455, 40.44965160000001 ], [ -79.9680749, 40.4497006 ], [ -79.9680803, 40.4497123 ], [ -79.968125083991296, 40.449782948178871 ] ] } },
{ "type": "Feature", "properties": { "seg_id": "webster-avenue-0008-01", "corridor": "Morgan Street", "walk_class": "sidewalk", "length_m": 94.44 }, "geometry": { "type": "LineString", "coordinates": [ [ -79.968125083991296, 40.449782948178871 ], [ -79.9685215, 40.4504083 ], [ -79.9685427, 40.4504418 ], [ -79.9685624, 40.4504731 ], [ -79.968610469151571, 40.450548672112639 ] ] } },
{ "type": "Feature", "properties": { "seg_id": "webster-avenue-0008-02", "corridor": "Morgan Street", "walk_class": "sidewalk", "length_m": 94.44 }, "geometry": { "type": "LineString", "coordinates": [ [ -79.968610469151571, 40.450548672112639 ], [ -79.9689436, 40.4510724 ], [ -79.968941300000012, 40.4510841 ], [ -79.9688884, 40.4511023 ], [ -79.9688511, 40.451115 ], [ -79.9688415, 40.451127399999983 ], [ -79.96865091169451, 40.451208668725393 ] ] } },
{ "type": "Feature", "properties": { "seg_id": "webster-avenue-0008-03", "corridor": "Webster Avenue", "walk_class": "sidewalk", "length_m": 94.44 }, "geometry": { "type": "LineString", "coordinates": [ [ -79.96865091169451, 40.451208668725393 ], [ -79.968372700000018, 40.4513273 ], [ -79.9683638, 40.4513319 ], [ -79.968326, 40.451345 ], [ -79.9682915, 40.451357 ], [ -79.9682822, 40.4513607 ], [ -79.967674671903168, 40.451617662434941 ] ] } },
{ "type": "Feature", "properties": { "seg_id": "webster-avenue-0008-04", "corridor": "Webster Avenue", "walk_class": "sidewalk", "length_m": 94.44 }, "geometry": { "type": "LineString", "coordinates": [ [ -79.967674671903168, 40.451617662434941 ], [ -79.9673171, 40.4517689 ], [ -79.9673102, 40.4517764 ], [ -79.9672632, 40.4517961 ], [ -79.9672107, 40.4518195 ], [ -79.9671979, 40.4518233 ], [ -79.9671032, 40.4518638 ], [ -79.9667878, 40.4519954 ], [ -79.9667487, 40.4520143 ], [ -79.9667099, 40.4520331 ], [ -79.966705753436003, 40.45203484141026 ] ] } },
{ "type": "Feature", "properties": { "seg_id": "webster-avenue-0008-05", "corridor": "Webster Avenue", "walk_class": "sidewalk", "length_m": 94.44 }, "geometry": { "type": "LineString", "coordinates": [ [ -79.966705753436003, 40.45203484141026 ], [ -79.9657297972809, 40.452444701784373 ] ] } },
{ "type": "Feature", "properties": { "seg_id": "webster-avenue-0008-06", "corridor": "Webster Avenue", "walk_class": "sidewalk", "length_m": 94.44 }, "geometry": { "type": "LineString", "coordinates": [ [ -79.9657297972809, 40.452444701784373 ], [ -79.9654431, 40.4525651 ], [ -79.9653715, 40.4525942 ], [ -79.9652894, 40.4526274 ], [ -79.9649655, 40.4527717 ], [ -79.964931, 40.4527758 ], [ -79.9649226, 40.4527833 ], [ -79.9648765, 40.4528284 ], [ -79.9648137, 40.4528898 ], [ -79.9648013, 40.4528924 ] ] } },
{ "type": "Feature", "properties": { "seg_id": "wylie-avenue-0009-00", "corridor": "Wylie Avenue", "walk_class": "sidewalk", "length_m": 92.94 }, "geometry": { "type": "LineString", "coordinates": [ [ -79.9651543, 40.450797799999989 ], [ -79.966115053908226, 40.450395026842443 ] ] } },
{ "type": "Feature", "properties": { "seg_id": "wylie-avenue-0009-01", "corridor": "Wylie Avenue", "walk_class": "sidewalk", "length_m": 92.94 }, "geometry": { "type": "LineString", "coordinates": [ [ -79.966115053908226, 40.450395026842443 ], [ -79.9662933, 40.4503203 ], [ -79.9663033, 40.4503175 ], [ -79.9663354, 40.4503052 ], [ -79.9663885, 40.4502848 ], [ -79.9670671, 40.449996 ], [ -79.967075786580551, 40.4499925520971 ] ] } },
{ "type": "Feature", "properties": { "seg_id": "wylie-avenue-0009-02", "corridor": "Wylie Avenue", "walk_class": "sidewalk", "length_m": 92.94 }, "geometry": { "type": "LineString", "coordinates": [ [ -79.967075786580551, 40.4499925520971 ], [ -79.967099600000012, 40.449983099999983 ], [ -79.9671415, 40.4499664 ], [ -79.9678935, 40.4496378 ], [ -79.9679083, 40.4496409 ], [ -79.967944300000013, 40.4496946 ], [ -79.967972156765995, 40.44973619224357 ] ] } },
{ "type": "Feature", "properties": { "seg_id": "wylie-avenue-0009-03", "corridor": "Morgan Street", "walk_class": "sidewalk", "length_m": 92.94 }, "geometry": { "type": "LineString", "coordinates": [ [ -79.967972156765995, 40.44973619224357 ], [ -79.9679804, 40.4497485 ], [ -79.967979, 40.4497572 ], [ -79.968441117591894, 40.450491345039772 ] ] } },
{ "type": "Feature", "properties": { "seg_id": "wylie-avenue-0009-04", "corridor": "Morgan Street", "walk_class": "sidewalk", "length_m": 92.94 }, "geometry": { "type": "LineString", "coordinates": [ [ -79.968441117591894, 40.450491345039772 ], [ -79.9688415, 40.451127399999983 ], [ -79.9688427, 40.4511365 ], [ -79.9688656, 40.4511835 ], [ -79.9688893, 40.4512324 ], [ -79.9689086, 40.4512459 ] ] } },
{ "type": "Feature", "properties": { "seg_id": "francis-street-0010-00", "corridor": "Francis Street", "walk_class": "sidewalk", "length_m": 108.62 }, "geometry": { "type": "LineString", "coordinates": [ [ -79.9678587, 40.4475796 ], [ -79.968084, 40.4479411 ], [ -79.9680847, 40.4479483 ], [ -79.9681138, 40.4480024 ], [ -79.9681373, 40.448046 ], [ -79.9681433, 40.448047799999983 ], [ -79.968398571228818, 40.44846475082651 ] ] } },
{ "type": "Feature", "properties": { "seg_id": "francis-street-0010-01", "corridor": "Francis Street", "walk_class": "sidewalk", "length_m": 108.62 }, "geometry": { "type": "LineString", "coordinates": [ [ -79.968398571228818, 40.44846475082651 ], [ -79.9686536, 40.448881299999989 ], [ -79.9686536, 40.448886199999983 ], [ -79.9686758, 40.4489163 ], [ -79.9687029, 40.448953 ], [ -79.968713, 40.4489573 ], [ -79.9688732, 40.449224 ], [ -79.9688724, 40.4492354 ], [ -79.9688948, 40.4492907 ], [ -79.9689151, 40.4493408 ], [ -79.9689198, 40.4493533 ] ] } },
{ "type": "Feature", "properties": { "seg_id": "wylie-avenue-0011-00", "corridor": "Wylie Avenue", "walk_class": "sidewalk", "length_m": 81.6 }, "geometry": { "type": "LineString", "coordinates": [ [ -79.9680803, 40.4497123 ], [ -79.9688068, 40.4494056 ], [ -79.968827200000021, 40.4493975 ], [ -79.9688651, 40.4493795 ], [ -79.9689053, 40.4493605 ], [ -79.9689198, 40.4493533 ] ] } },
{ "type": "Feature", "properties": { "seg_id": "allequippa-street-0012-00", "corridor": "Eckstein Place", "walk_class": "sidewalk", "length_m": 105.16 }, "geometry": { "type": "LineString", "coordinates": [ [ -79.9683754, 40.4425936 ], [ -79.968081, 40.4428324 ], [ -79.9680086, 40.4428602 ], [ -79.9677065, 40.442929099999986 ], [ -79.9676636, 40.4429387 ], [ -79.9675992, 40.4429531 ], [ -79.96733, 40.4430138 ], [ -79.967309165340112, 40.44301868312531 ] ] } },
{ "type": "Feature", "properties": { "seg_id": "allequippa-street-0012-01", "corridor": "Eckstein Place", "walk_class": "sidewalk", "length_m": 105.16 }, "geometry": { "type": "LineString", "coordinates": [ [ -79.967309165340112, 40.44301868312531 ], [ -79.9672916, 40.4430228 ], [ -79.9672368, 40.4430355 ], [ -79.9661209, 40.4432823 ], [ -79.966118447691926, 40.44328163242745 ] ] } },
{ "type": "Feature", "properties": { "seg_id": "allequippa-street-0012-02", "corridor": "Robinson Street", "walk_class": "sidewalk", "length_m": 105.16 }, "geometry": { "type": "LineString", "coordinates": [ [ -79.966118447691926, 40.44328163242745 ], [ -79.9661029, 40.4432774 ], [ -79.9658353, 40.4428569 ], [ -79.9658386, 40.4428447 ], [ -79.9661079, 40.442638 ], [ -79.966258644528779, 40.442522562019214 ] ] } },
{ "type": "Feature", "properties": { "seg_id": "allequippa-street-0012-03", "corridor": "Allequippa Street", "walk_class": "sidewalk", "length_m": 105.16 }, "geometry": { "type": "LineString", "coordinates": [ [ -79.966258644528779, 40.442522562019214 ], [ -79.9664341, 40.442388199999989 ], [ -79.9664649, 40.4423634 ], [ -79.9664988, 40.4423361 ], [ -79.967131399195722, 40.441849655771321 ] ] } },
{ "type": "Feature", "properties": { "seg_id": "allequippa-street-0012-04", "corridor": "Allequippa Street", "walk_class": "sidewalk", "length_m": 105.16 }, "geometry": { "type": "LineString", "coordinates": [ [ -79.967131399195722, 40.441849655771321 ], [ -79.9679562, 40.4412154 ], [ -79.968005800000014, 40.4411869 ], [ -79.968011900744187, 40.441183382339204 ] ] } },
{ "type": "Feature", "properties": { "seg_id": "allequippa-street-0012-05", "corridor": "Allequippa Street", "walk_class": "sidewalk", "length_m": 105.16 }, "geometry": { "type": "LineString", "coordinates": [ [ -79.968011900744187, 40.441183382339204 ], [ -79.9680528, 40.4411598 ], [ -79.9680615, 40.4411596 ], [ -79.9680629, 40.441146499999988 ], [ -79.9682292, 40.4410202 ], [ -79.9682355, 40.4410149 ], [ -79.968264, 40.4409907 ], [ -79.9683056, 40.440955399999986 ], [ -79.968314, 40.4409562 ], [ -79.9686352, 40.4407028 ], [ -79.9688477, 40.440623699999989 ], [ -79.9688699, 40.4406206 ], [ -79.96889, 40.440628 ], [ -79.9689131, 40.4406553 ], [ -79.968922051656122, 40.440669112608852 ] ] } },
{ "type": "Feature", "properties": { "seg_id": "allequippa-street-0012-06", "corridor": "Terrace Street", "walk_class": "sidewalk", "length_m": 105.16 }, "geometry": { "type": "LineString", "coordinates": [ [ -79.968922051656122, 40.440669112608852 ], [ -79.9689654, 40.440736 ], [ -79.969013, 40.4408217 ], [ -79.9690321, 40.4408659 ], [ -79.9689259, 40.440946199999985 ], [ -79.9685802, 40.4410894 ], [ -79.9685933, 40.4411111 ], [ -79.9685383, 40.4411338 ], [ -79.968314, 40.4409562 ] ] } },
{ "type": "Feature", "properties": { "seg_id": "elba-street-0013-00", "corridor": "Elba Street", "walk_class": "sidewalk", "length_m": 122.22 }, "geometry": { "type": "LineString", "coordinates": [ [ -79.9677247, 40.4476002 ], [ -79.967790400000013, 40.447590300000016 ], [ -79.9678491, 40.4475815 ], [ -79.9678587, 40.4475796 ], [ -79.9681239, 40.447439 ], [ -79.9685919, 40.4471889 ], [ -79.9688256, 40.4470485 ], [ -79.9688694, 40.4470229 ], [ -79.9689116, 40.4469982 ], [ -79.9689164, 40.4469991 ] ] } },
{ "type": "Feature", "properties": { "seg_id": "steps-0014-00", "corridor": null, "walk_class": "steps", "length_m": 72.71 }, "geometry": { "type": "LineString", "coordinates": [ [ -79.9689226, 40.4460308 ], [ -79.9685798, 40.4454894 ], [ -79.9685755, 40.445483 ], [ -79.9685761, 40.4454366 ] ] } },
{ "type": "Feature", "properties": { "seg_id": "centre-avenue-0015-00", "corridor": "Centre Avenue", "walk_class": "sidewalk", "length_m": 83.6 }, "geometry": { "type": "LineString", "coordinates": [ [ -79.9667312, 40.4475475 ], [ -79.9673555, 40.4471205 ], [ -79.967466702035679, 40.44704606273293 ] ] } },
{ "type": "Feature", "properties": { "seg_id": "centre-avenue-0015-01", "corridor": null, "walk_class": "sidewalk", "length_m": 83.6 }, "geometry": { "type": "LineString", "coordinates": [ [ -79.967466702035679, 40.44704606273293 ], [ -79.967478, 40.4470385 ], [ -79.9675152, 40.4470083 ], [ -79.967556, 40.4469767 ], [ -79.9675814, 40.446957 ], [ -79.9676841, 40.4468858 ], [ -79.9677104, 40.4468688 ], [ -79.9677377, 40.4468512 ], [ -79.968192165472146, 40.446536541450513 ] ] } },
{ "type": "Feature", "properties": { "seg_id": "centre-avenue-0015-02", "corridor": null, "walk_class": "sidewalk", "length_m": 83.6 }, "geometry": { "type": "LineString", "coordinates": [ [ -79.968192165472146, 40.446536541450513 ], [ -79.9689226, 40.4460308 ] ] } },
{ "type": "Feature", "properties": { "seg_id": "wylie-avenue-0016-00", "corridor": "Wylie Avenue", "walk_class": "sidewalk", "length_m": 11.18 }, "geometry": { "type": "LineString", "coordinates": [ [ -79.9687567, 40.4492836 ], [ -79.9688195, 40.4492575 ], [ -79.9688724, 40.4492354 ] ] } },
{ "type": "Feature", "properties": { "seg_id": "humber-way-0017-00", "corridor": "Humber Way", "walk_class": "street", "length_m": 24.36 }, "geometry": { "type": "LineString", "coordinates": [ [ -79.9686022, 40.4489426 ], [ -79.9686758, 40.4489163 ], [ -79.9688624, 40.4488497 ] ] } },
{ "type": "Feature", "properties": { "seg_id": "terrace-street-0018-00", "corridor": "Terrace Street", "walk_class": "sidewalk", "length_m": 17.7 }, "geometry": { "type": "LineString", "coordinates": [ [ -79.9688665, 40.4404091 ], [ -79.9688977, 40.4403734 ], [ -79.9689349, 40.440395799999983 ], [ -79.9689641, 40.440424399999984 ], [ -79.9689175, 40.4404504 ] ] } },
{ "type": "Feature", "properties": { "seg_id": "allequippa-street-0019-00", "corridor": "Allequippa Street", "walk_class": "sidewalk", "length_m": 10.47 }, "geometry": { "type": "LineString", "coordinates": [ [ -79.9689483, 40.440541 ], [ -79.9689426, 40.4405451 ], [ -79.9689071, 40.4405789 ], [ -79.9688702, 40.440614 ] ] } },
{ "type": "Feature", "properties": { "seg_id": "sidewalk-0020-00", "corridor": null, "walk_class": "sidewalk", "length_m": 60.28 }, "geometry": { "type": "LineString", "coordinates": [ [ -79.9689078, 40.4430366 ], [ -79.9685778, 40.4430279 ], [ -79.9685125, 40.4430177 ], [ -79.9684525, 40.4429978 ], [ -79.9683998, 40.4429684 ], [ -79.9683519, 40.442935 ], [ -79.9683197, 40.442926300000011 ], [ -79.9682577, 40.4428827 ] ] } },
{ "type": "Feature", "properties": { "seg_id": "sidewalk-0021-00", "corridor": null, "walk_class": "sidewalk", "length_m": 8.16 }, "geometry": { "type": "LineString", "coordinates": [ [ -79.9689082, 40.4429631 ], [ -79.9689078, 40.4430366 ] ] } },
{ "type": "Feature", "properties": { "seg_id": "sidewalk-0022-00", "corridor": null, "walk_class": "sidewalk", "length_m": 62.42 }, "geometry": { "type": "LineString", "coordinates": [ [ -79.9689082, 40.4429631 ], [ -79.9688655, 40.4429626 ], [ -79.9688253, 40.4429503 ], [ -79.9687777, 40.4429207 ], [ -79.9686744, 40.4428202 ], [ -79.9685986, 40.4427579 ], [ -79.9685131, 40.442694399999986 ], [ -79.9684746, 40.4426673 ], [ -79.9684431, 40.4426425 ], [ -79.9684116, 40.4426194 ], [ -79.9683754, 40.4425936 ] ] } },
{ "type": "Feature", "properties": { "seg_id": "francis-street-0023-00", "corridor": "Francis Street", "walk_class": "sidewalk", "length_m": 94.62 }, "geometry": { "type": "LineString", "coordinates": [ [ -79.9673555, 40.4471205 ], [ -79.9673678, 40.4471294 ], [ -79.9674117, 40.4471692 ], [ -79.9674534, 40.4472071 ], [ -79.9674687, 40.4472127 ], [ -79.967486, 40.4472202 ], [ -79.9676692, 40.4475255 ], [ -79.9676812, 40.447528499999983 ], [ -79.9677034, 40.447565 ], [ -79.9677247, 40.4476002 ], [ -79.9677222, 40.447605799999984 ], [ -79.967877549744287, 40.447858598522913 ] ] } },
{ "type": "Feature", "properties": { "seg_id": "francis-street-0023-01", "corridor": "Francis Street", "walk_class": "sidewalk", "length_m": 94.62 }, "geometry": { "type": "LineString", "coordinates": [ [ -79.967877549744287, 40.447858598522913 ], [ -79.968351703766075, 40.448630170074594 ] ] } },
{ "type": "Feature", "properties": { "seg_id": "francis-street-0023-02", "corridor": "Francis Street", "walk_class": "sidewalk", "length_m": 94.62 }, "geometry": { "type": "LineString", "coordinates": [ [ -79.968351703766075, 40.448630170074594 ], [ -79.9687505, 40.4492791 ], [ -79.9687567, 40.4492836 ], [ -79.9687763, 40.4493411 ], [ -79.9687938, 40.4493924 ], [ -79.9688068, 40.4494056 ] ] } },
{ "type": "Feature", "properties": { "seg_id": "sidewalk-0024-00", "corridor": null, "walk_class": "sidewalk", "length_m": 45.34 }, "geometry": { "type": "LineString", "coordinates": [ [ -79.9689572, 40.4394899 ], [ -79.9687582, 40.4394106 ], [ -79.9686027, 40.4393608 ], [ -79.9684692, 40.4393249 ] ] } },
{ "type": "Feature", "properties": { "seg_id": "service-0025-00", "corridor": null, "walk_class": "service", "length_m": 21.9 }, "geometry": { "type": "LineString", "coordinates": [ [ -79.9686529, 40.4463017 ], [ -79.9687082, 40.4463524 ], [ -79.9688182, 40.4464533 ] ] } },
{ "type": "Feature", "properties": { "seg_id": "service-0026-00", "corridor": null, "walk_class": "service", "length_m": 18.19 }, "geometry": { "type": "LineString", "coordinates": [ [ -79.9688182, 40.4464533 ], [ -79.9686452, 40.4465501 ] ] } },
{ "type": "Feature", "properties": { "seg_id": "watt-street-0027-00", "corridor": null, "walk_class": "steps", "length_m": 58.18 }, "geometry": { "type": "LineString", "coordinates": [ [ -79.9687829, 40.4469762 ], [ -79.968726, 40.4469027 ], [ -79.9687307, 40.4468333 ], [ -79.9684537, 40.4465307 ] ] } },
{ "type": "Feature", "properties": { "seg_id": "elba-street-0028-00", "corridor": "Elba Street", "walk_class": "sidewalk", "length_m": 112.8 }, "geometry": { "type": "LineString", "coordinates": [ [ -79.9676812, 40.447528499999983 ], [ -79.9677423, 40.447519 ], [ -79.9678115, 40.4475085 ], [ -79.9678198, 40.4474987 ], [ -79.9681474, 40.4473298 ], [ -79.9684927, 40.44715020000001 ], [ -79.9687829, 40.4469762 ] ] } },
{ "type": "Feature", "properties": { "seg_id": "terrace-street-0029-00", "corridor": "Terrace Street", "walk_class": "sidewalk", "length_m": 27.65 }, "geometry": { "type": "LineString", "coordinates": [ [ -79.9688699, 40.4406206 ], [ -79.9688702, 40.440614 ], [ -79.9688475, 40.440589 ], [ -79.9688125, 40.4405505 ], [ -79.9687297, 40.44049 ], [ -79.9686945, 40.4404692 ], [ -79.9686493, 40.4404425 ] ] } },
{ "type": "Feature", "properties": { "seg_id": "sidewalk-0030-00", "corridor": null, "walk_class": "sidewalk", "length_m": 61.28 }, "geometry": { "type": "LineString", "coordinates": [ [ -79.9681427, 40.4429378 ], [ -79.9683244, 40.4430654 ], [ -79.9683874, 40.443096 ], [ -79.9684585, 40.44312080000001 ], [ -79.9685379, 40.4431356 ], [ -79.9685819, 40.44316460000001 ], [ -79.968765, 40.4431673 ] ] } },
{ "type": "Feature", "properties": { "seg_id": "centre-avenue-0031-00", "corridor": null, "walk_class": "sidewalk", "length_m": 100.14 }, "geometry": { "type": "LineString", "coordinates": [ [ -79.9687082, 40.4463524 ], [ -79.9686761, 40.446376299999983 ], [ -79.9684537, 40.4465307 ], [ -79.967835442349681, 40.446959910155165 ] ] } },
{ "type": "Feature", "properties": { "seg_id": "centre-avenue-0031-01", "corridor": "Centre Avenue", "walk_class": "sidewalk", "length_m": 100.14 }, "geometry": { "type": "LineString", "coordinates": [ [ -79.967835442349681, 40.446959910155165 ], [ -79.96759, 40.447130300000012 ], [ -79.9675715, 40.4471294 ], [ -79.967524, 40.4471677 ], [ -79.9674767, 40.4472057 ], [ -79.9674687, 40.4472127 ], [ -79.966963477833502, 40.447561197193373 ] ] } },
{ "type": "Feature", "properties": { "seg_id": "centre-avenue-0031-02", "corridor": "Centre Avenue", "walk_class": "sidewalk", "length_m": 100.14 }, "geometry": { "type": "LineString", "coordinates": [ [ -79.966963477833502, 40.447561197193373 ], [ -79.9668214, 40.4476592 ], [ -79.9667945, 40.4476747 ], [ -79.9667583, 40.44769740000001 ], [ -79.9667019, 40.4477328 ], [ -79.966682, 40.4477505 ], [ -79.9666066, 40.4478033 ], [ -79.966088169524511, 40.4481660039283 ] ] } },
{ "type": "Feature", "properties": { "seg_id": "centre-avenue-0031-03", "corridor": "Centre Avenue", "walk_class": "sidewalk", "length_m": 100.14 }, "geometry": { "type": "LineString", "coordinates": [ [ -79.966088169524511, 40.4481660039283 ], [ -79.9653732, 40.4486662 ], [ -79.9653608, 40.4486677 ], [ -79.9653297, 40.4486902 ], [ -79.9652899, 40.4487191 ], [ -79.965282, 40.4487258 ], [ -79.965216939240349, 40.448772398063561 ] ] } },
{ "type": "Feature", "properties": { "seg_id": "centre-avenue-0031-04", "corridor": "Centre Avenue", "walk_class": "sidewalk", "length_m": 100.14 }, "geometry": { "type": "LineString", "coordinates": [ [ -79.965216939240349, 40.448772398063561 ], [ -79.9650237, 40.4489108 ], [ -79.9650094, 40.4489149 ], [ -79.9649317, 40.4489337 ], [ -79.9648605, 40.4489509 ], [ -79.9648546, 40.4489569 ], [ -79.9647979, 40.4489456 ], [ -79.9644864, 40.4489468 ], [ -79.964479, 40.4489438 ], [ -79.9644411, 40.4489447 ], [ -79.9644051, 40.4489456 ], [ -79.964122916389073, 40.448945655485687 ] ] } },
{ "type": "Feature", "properties": { "seg_id": "centre-avenue-0031-05", "corridor": "Centre Avenue", "walk_class": "sidewalk", "length_m": 100.14 }, "geometry": { "type": "LineString", "coordinates": [ [ -79.964122916389073, 40.448945655485687 ], [ -79.962942158949673, 40.448945880184979 ] ] } },
{ "type": "Feature", "properties": { "seg_id": "centre-avenue-0031-06", "corridor": "Centre Avenue", "walk_class": "sidewalk", "length_m": 100.14 }, "geometry": { "type": "LineString", "coordinates": [ [ -79.962942158949673, 40.448945880184979 ], [ -79.9622851, 40.448946 ], [ -79.9621826, 40.4489325 ], [ -79.961775504332167, 40.448854556807646 ] ] } },
{ "type": "Feature", "properties": { "seg_id": "centre-avenue-0031-07", "corridor": "Centre Avenue", "walk_class": "sidewalk", "length_m": 100.14 }, "geometry": { "type": "LineString", "coordinates": [ [ -79.961775504332167, 40.448854556807646 ], [ -79.9616321, 40.44882710000001 ], [ -79.961601, 40.44882410000001 ], [ -79.9615231, 40.44880950000001 ], [ -79.9614418, 40.4487941 ], [ -79.9614206, 40.448787 ], [ -79.960631277298603, 40.448633647088549 ] ] } },
{ "type": "Feature", "properties": { "seg_id": "centre-avenue-0031-08", "corridor": "Centre Avenue", "walk_class": "sidewalk", "length_m": 100.14 }, "geometry": { "type": "LineString", "coordinates": [ [ -79.960631277298603, 40.448633647088549 ], [ -79.9596521, 40.4484434 ], [ -79.95948568950439, 40.448415391096539 ] ] } },
{ "type": "Feature", "properties": { "seg_id": "centre-avenue-0031-09", "corridor": "Centre Avenue", "walk_class": "sidewalk", "length_m": 100.14 }, "geometry": { "type": "LineString", "coordinates": [ [ -79.95948568950439, 40.448415391096539 ], [ -79.9594293, 40.4484059 ], [ -79.9592992, 40.448389400000011 ], [ -79.9591237, 40.4483804 ], [ -79.958993800000016, 40.44839060000001 ], [ -79.9588967, 40.4484028 ], [ -79.9587448, 40.4484338 ], [ -79.9586431, 40.448461 ], [ -79.9585679, 40.4484895 ], [ -79.9583852, 40.4485803 ], [ -79.958370796133536, 40.448590182246598 ] ] } },
{ "type": "Feature", "properties": { "seg_id": "centre-avenue-0031-10", "corridor": "Centre Avenue", "walk_class": "sidewalk", "length_m": 100.14 }, "geometry": { "type": "LineString", "coordinates": [ [ -79.958370796133536, 40.448590182246598 ], [ -79.9578013, 40.4489809 ], [ -79.9577887, 40.4489897 ], [ -79.957694, 40.4490562 ], [ -79.9576009, 40.449121400000017 ], [ -79.9575888, 40.449132799999987 ], [ -79.957497601906383, 40.449197103719847 ] ] } },
{ "type": "Feature", "properties": { "seg_id": "centre-avenue-0031-11", "corridor": "Centre Avenue", "walk_class": "sidewalk", "length_m": 100.14 }, "geometry": { "type": "LineString", "coordinates": [ [ -79.957497601906383, 40.449197103719847 ], [ -79.9568228, 40.4496729 ], [ -79.9567973, 40.449691799999989 ], [ -79.9567529, 40.4497247 ], [ -79.956630732299828, 40.449809532815593 ] ] } },
{ "type": "Feature", "properties": { "seg_id": "centre-avenue-0031-12", "corridor": "Centre Avenue", "walk_class": "sidewalk", "length_m": 100.14 }, "geometry": { "type": "LineString", "coordinates": [ [ -79.956630732299828, 40.449809532815593 ], [ -79.955756967706634, 40.450416261712043 ] ] } },
{ "type": "Feature", "properties": { "seg_id": "centre-avenue-0031-13", "corridor": "Centre Avenue", "walk_class": "sidewalk", "length_m": 100.14 }, "geometry": { "type": "LineString", "coordinates": [ [ -79.955756967706634, 40.450416261712043 ], [ -79.9552386, 40.4507762 ], [ -79.9550484, 40.4509066 ], [ -79.9550414, 40.45091140000001 ], [ -79.9550253, 40.4509247 ], [ -79.9550166, 40.4509395 ], [ -79.9550096, 40.4509668 ], [ -79.9549733, 40.45106530000001 ] ] } },
{ "type": "Feature", "properties": { "seg_id": "service-0032-00", "corridor": null, "walk_class": "service", "length_m": 78.04 }, "geometry": { "type": "LineString", "coordinates": [ [ -79.9683011, 40.4364461 ], [ -79.9683666, 40.4365172 ], [ -79.9688309, 40.4370209 ] ] } },
{ "type": "Feature", "properties": { "seg_id": "terrace-street-0033-00", "corridor": "Terrace Street", "walk_class": "sidewalk", "length_m": 96.47 }, "geometry": { "type": "LineString", "coordinates": [ [ -79.9687703, 40.440382799999988 ], [ -79.9684907, 40.4401674 ], [ -79.9683505, 40.4400802 ], [ -79.9682104, 40.4400103 ], [ -79.968109100000021, 40.43997250000001 ], [ -79.9679978, 40.4399434 ], [ -79.9678818, 40.4399317 ], [ -79.967837038322841, 40.439933124247872 ] ] } },
{ "type": "Feature", "properties": { "seg_id": "terrace-street-0033-01", "corridor": "Terrace Street", "walk_class": "sidewalk", "length_m": 96.47 }, "geometry": { "type": "LineString", "coordinates": [ [ -79.967837038322841, 40.439933124247872 ], [ -79.9677718, 40.4399352 ], [ -79.9676555, 40.439948 ], [ -79.9676431, 40.4399562 ], [ -79.9675885, 40.43996760000001 ], [ -79.967518, 40.4399824 ], [ -79.967502300000021, 40.4399781 ], [ -79.967455, 40.4399972 ], [ -79.9667707, 40.4401049 ], [ -79.966731878873887, 40.44011080461518 ] ] } },
{ "type": "Feature", "properties": { "seg_id": "terrace-street-0033-02", "corridor": "Terrace Street", "walk_class": "sidewalk", "length_m": 96.47 }, "geometry": { "type": "LineString", "coordinates": [ [ -79.966731878873887, 40.44011080461518 ], [ -79.9667135, 40.4401136 ], [ -79.9666778, 40.440119 ], [ -79.9666654, 40.4401195 ], [ -79.9656153, 40.4402756 ] ] } },
{ "type": "Feature", "properties": { "seg_id": "burrows-street-0034-00", "corridor": "Burrows Street", "walk_class": "sidewalk", "length_m": 16.44 }, "geometry": { "type": "LineString", "coordinates": [ [ -79.968594900000014, 40.4388148 ], [ -79.9686067, 40.438813 ], [ -79.9686783, 40.4388373 ], [ -79.9687616, 40.4388655 ], [ -79.9687663, 40.438874199999987 ] ] } },
{ "type": "Feature", "properties": { "seg_id": "turner-place-0035-00", "corridor": "Turner Place", "walk_class": "sidewalk", "length_m": 71.06 }, "geometry": { "type": "LineString", "coordinates": [ [ -79.9682973, 40.4393098 ], [ -79.9683659, 40.4393187 ], [ -79.9684587, 40.4393307 ], [ -79.9684692, 40.4393249 ], [ -79.9687545, 40.4388839 ], [ -79.9687663, 40.438874199999987 ] ] } },
{ "type": "Feature", "properties": { "seg_id": "brackenridge-street-0036-00", "corridor": null, "walk_class": "street", "length_m": 15.98 }, "geometry": { "type": "LineString", "coordinates": [ [ -79.9685761, 40.4454366 ], [ -79.9685378, 40.4454607 ], [ -79.9684292, 40.4455267 ] ] } },
{ "type": "Feature", "properties": { "seg_id": "terrace-street-0037-00", "corridor": null, "walk_class": "sidewalk", "length_m": 97.4 }, "geometry": { "type": "LineString", "coordinates": [ [ -79.9628985, 40.4431533 ], [ -79.9628829, 40.4431418 ], [ -79.9628229, 40.4431398 ], [ -79.9627925, 40.4431279 ], [ -79.9627528, 40.4431483 ], [ -79.9627312, 40.4431556 ], [ -79.9627145, 40.4431562 ], [ -79.9626983, 40.4431553 ], [ -79.9626788, 40.4431509 ], [ -79.9626617, 40.4431358 ], [ -79.9626193, 40.4430812 ], [ -79.962592, 40.4430427 ], [ -79.9621893, 40.4428143 ], [ -79.9621182, 40.442774 ], [ -79.962212527505741, 40.442683748110802 ] ] } },
{ "type": "Feature", "properties": { "seg_id": "terrace-street-0037-01", "corridor": "Terrace Street", "walk_class": "sidewalk", "length_m": 97.4 }, "geometry": { "type": "LineString", "coordinates": [ [ -79.962212527505741, 40.442683748110802 ], [ -79.9628706, 40.4420541 ], [ -79.9629116, 40.4420087 ], [ -79.9629238708457, 40.441995123231457 ] ] } },
{ "type": "Feature", "properties": { "seg_id": "terrace-street-0037-02", "corridor": "Terrace Street", "walk_class": "sidewalk", "length_m": 97.4 }, "geometry": { "type": "LineString", "coordinates": [ [ -79.9629238708457, 40.441995123231457 ], [ -79.9629614, 40.4419536 ], [ -79.963625438601838, 40.441300565297318 ] ] } },
{ "type": "Feature", "properties": { "seg_id": "terrace-street-0037-03", "corridor": "Terrace Street", "walk_class": "sidewalk", "length_m": 97.4 }, "geometry": { "type": "LineString", "coordinates": [ [ -79.963625438601838, 40.441300565297318 ], [ -79.9636554, 40.4412711 ], [ -79.9638771, 40.441053 ], [ -79.9643054, 40.4406318 ], [ -79.9643071, 40.44063 ], [ -79.96432910049495, 40.440607167554369 ] ] } },
{ "type": "Feature", "properties": { "seg_id": "terrace-street-0037-04", "corridor": "Terrace Street", "walk_class": "sidewalk", "length_m": 97.4 }, "geometry": { "type": "LineString", "coordinates": [ [ -79.96432910049495, 40.440607167554369 ], [ -79.9643309, 40.4406053 ], [ -79.9643483, 40.4405889 ], [ -79.9643631, 40.4405787 ], [ -79.9643712, 40.44057440000001 ], [ -79.9643819, 40.4405716 ], [ -79.9643947, 40.440569600000011 ], [ -79.964408800000015, 40.4405675 ], [ -79.964429, 40.4405644 ], [ -79.9648572, 40.4404988 ], [ -79.9649038, 40.4404916 ], [ -79.9649559, 40.4404836 ], [ -79.965437479867788, 40.440409821979117 ] ] } },
{ "type": "Feature", "properties": { "seg_id": "terrace-street-0037-05", "corridor": "Terrace Street", "walk_class": "sidewalk", "length_m": 97.4 }, "geometry": { "type": "LineString", "coordinates": [ [ -79.965437479867788, 40.440409821979117 ], [ -79.9654918, 40.4404015 ], [ -79.9655536, 40.4403974 ], [ -79.9656173, 40.4403873 ], [ -79.9656345, 40.4403845 ], [ -79.966074, 40.4403158 ], [ -79.9661081, 40.4403105 ], [ -79.9661484, 40.4403042 ], [ -79.966563565127117, 40.440239314238866 ] ] } },
{ "type": "Feature", "properties": { "seg_id": "terrace-street-0037-06", "corridor": "Terrace Street", "walk_class": "sidewalk", "length_m": 97.4 }, "geometry": { "type": "LineString", "coordinates": [ [ -79.966563565127117, 40.440239314238866 ], [ -79.9675752, 40.4400812 ], [ -79.9676204, 40.4400753 ], [ -79.9676779, 40.4400676 ], [ -79.9676838, 40.4400711 ], [ -79.967687380697342, 40.440069593123724 ] ] } },
{ "type": "Feature", "properties": { "seg_id": "terrace-street-0037-07", "corridor": "Terrace Street", "walk_class": "sidewalk", "length_m": 97.4 }, "geometry": { "type": "LineString", "coordinates": [ [ -79.967687380697342, 40.440069593123724 ], [ -79.9677078, 40.440061 ], [ -79.9677755, 40.4400506 ], [ -79.9678503, 40.4400468 ], [ -79.9679318, 40.4400521 ], [ -79.9680126, 40.4400659 ], [ -79.9681373, 40.4401118 ], [ -79.9682473, 40.4401674 ], [ -79.9683153, 40.4402085 ], [ -79.9683224, 40.4402195 ], [ -79.9683334, 40.4402198 ], [ -79.9683663, 40.4402429 ], [ -79.9683988, 40.440265700000012 ], [ -79.9684028, 40.4402736 ], [ -79.9684196, 40.4402762 ], [ -79.9686415, 40.4404474 ] ] } },
{ "type": "Feature", "properties": { "seg_id": "seine-way-0038-00", "corridor": null, "walk_class": "sidewalk", "length_m": 61.62 }, "geometry": { "type": "LineString", "coordinates": [ [ -79.9682948, 40.4414582 ], [ -79.9682487, 40.4414251 ], [ -79.9682308, 40.4414226 ], [ -79.9682178, 40.4414308 ], [ -79.9682181, 40.4414954 ], [ -79.9682261, 40.4415038 ], [ -79.968237, 40.441504899999984 ], [ -79.9682948, 40.4414582 ], [ -79.9685013, 40.4412929 ], [ -79.9685182, 40.4412795 ], [ -79.9685423, 40.441267 ], [ -79.9685789, 40.441236099999976 ], [ -79.9685765, 40.4412149 ] ] } },
{ "type": "Feature", "properties": { "seg_id": "service-0039-00", "corridor": null, "walk_class": "service", "length_m": 71.13 }, "geometry": { "type": "LineString", "coordinates": [ [ -79.9681193, 40.4530425 ], [ -79.9682116, 40.4530631 ], [ -79.9682814, 40.4530708 ], [ -79.9683326, 40.4530544 ], [ -79.968374, 40.4530218 ], [ -79.9683902, 40.4529823 ], [ -79.9683567, 40.4529235 ], [ -79.968307600000017, 40.4528981 ], [ -79.9682478, 40.4528943 ], [ -79.9681892, 40.4529214 ], [ -79.9681547, 40.4529578 ], [ -79.9681421, 40.4530048 ], [ -79.9681193, 40.4530425 ], [ -79.9680707, 40.4530625 ] ] } },
{ "type": "Feature", "properties": { "seg_id": "service-0040-00", "corridor": null, "walk_class": "service", "length_m": 66.45 }, "geometry": { "type": "LineString", "coordinates": [ [ -79.9681193, 40.4530425 ], [ -79.9681421, 40.4530048 ], [ -79.9681547, 40.4529578 ], [ -79.9681892, 40.4529214 ], [ -79.9682478, 40.4528943 ], [ -79.968307600000017, 40.4528981 ], [ -79.9683567, 40.4529235 ], [ -79.9683902, 40.4529823 ], [ -79.968374, 40.4530218 ], [ -79.9683326, 40.4530544 ], [ -79.9682814, 40.4530708 ], [ -79.9682116, 40.4530631 ], [ -79.9681193, 40.4530425 ] ] } },
{ "type": "Feature", "properties": { "seg_id": "burrows-street-0041-00", "corridor": "Burrows Street", "walk_class": "sidewalk", "length_m": 92.12 }, "geometry": { "type": "LineString", "coordinates": [ [ -79.9665843, 40.439751 ], [ -79.9665938, 40.439749599999985 ], [ -79.9666306, 40.4397557 ], [ -79.96668, 40.43976390000001 ], [ -79.9666929, 40.4397633 ], [ -79.966589, 40.439252400000015 ], [ -79.9665813, 40.4392245 ], [ -79.9665729, 40.4391942 ], [ -79.9665347, 40.439038 ], [ -79.966532808535007, 40.439028363756506 ] ] } },
{ "type": "Feature", "properties": { "seg_id": "burrows-street-0041-01", "corridor": "Burrows Street", "walk_class": "sidewalk", "length_m": 92.12 }, "geometry": { "type": "LineString", "coordinates": [ [ -79.966532808535007, 40.439028363756506 ], [ -79.9665273, 40.4390003 ], [ -79.9665353, 40.438961 ], [ -79.9665521, 40.4389217 ], [ -79.9665803, 40.4388839 ], [ -79.9666185, 40.4388451 ], [ -79.9666661, 40.4388145 ], [ -79.9667197, 40.43879 ], [ -79.9667767, 40.4387762 ], [ -79.967403298060319, 40.438685223335746 ] ] } },
{ "type": "Feature", "properties": { "seg_id": "burrows-street-0041-02", "corridor": "Burrows Street", "walk_class": "sidewalk", "length_m": 92.12 }, "geometry": { "type": "LineString", "coordinates": [ [ -79.967403298060319, 40.438685223335746 ], [ -79.967743, 40.4386359 ], [ -79.9678671, 40.4386236 ], [ -79.9679904, 40.4386247 ], [ -79.9681132, 40.438638899999987 ], [ -79.9682345, 40.4386655 ], [ -79.9683463, 40.4387074 ], [ -79.968451262973304, 40.438746739301301 ] ] } },
{ "type": "Feature", "properties": { "seg_id": "burrows-street-0041-03", "corridor": "Turner Place", "walk_class": "sidewalk", "length_m": 92.12 }, "geometry": { "type": "LineString", "coordinates": [ [ -79.968451262973304, 40.438746739301301 ], [ -79.9685859, 40.4387972 ], [ -79.968594900000014, 40.4388148 ], [ -79.9682862, 40.439295 ], [ -79.9682973, 40.4393098 ], [ -79.9682811, 40.4393687 ], [ -79.9682642, 40.4394303 ], [ -79.968262, 40.439451400000017 ] ] } },
{ "type": "Feature", "properties": { "seg_id": "robinson-extension-0042-00", "corridor": "Eckstein Place", "walk_class": "sidewalk", "length_m": 112.02 }, "geometry": { "type": "LineString", "coordinates": [ [ -79.9685131, 40.442694399999986 ], [ -79.9683398, 40.4428309 ], [ -79.9682577, 40.4428827 ], [ -79.968249300000011, 40.4428868 ], [ -79.9682063, 40.442906699999988 ], [ -79.9681578, 40.4429292 ], [ -79.9681427, 40.4429378 ], [ -79.9680179, 40.4429799 ], [ -79.9679013, 40.443009 ], [ -79.9678122, 40.4430231 ], [ -79.9677696, 40.4430316 ], [ -79.9677244, 40.4430405 ], [ -79.967351625363619, 40.443124904495171 ] ] } },
{ "type": "Feature", "properties": { "seg_id": "robinson-extension-0042-01", "corridor": "Eckstein Place", "walk_class": "sidewalk", "length_m": 112.02 }, "geometry": { "type": "LineString", "coordinates": [ [ -79.967351625363619, 40.443124904495171 ], [ -79.9665911, 40.4432971 ], [ -79.9665449, 40.4433067 ], [ -79.9665079, 40.4433144 ], [ -79.9662973, 40.4433632 ], [ -79.9662564, 40.443388400000011 ], [ -79.9662309, 40.4434196 ], [ -79.9662252, 40.4434456 ], [ -79.9662249, 40.4434644 ], [ -79.9662329, 40.4434951 ], [ -79.966241880694241, 40.443509174067806 ] ] } },
{ "type": "Feature", "properties": { "seg_id": "robinson-extension-0042-02", "corridor": "Robinson Extension", "walk_class": "sidewalk", "length_m": 112.02 }, "geometry": { "type": "LineString", "coordinates": [ [ -79.966241880694241, 40.443509174067806 ], [ -79.9665025, 40.4439176 ], [ -79.966533400000017, 40.4439298 ], [ -79.9665273, 40.4439395 ], [ -79.9665534, 40.4439819 ], [ -79.9665836, 40.4440309 ], [ -79.9665867, 40.4440418 ], [ -79.9665476, 40.4441283 ], [ -79.9665162, 40.444185 ], [ -79.966502, 40.4441993 ], [ -79.9662848, 40.4443343 ], [ -79.966264217696761, 40.444347091435581 ] ] } },
{ "type": "Feature", "properties": { "seg_id": "robinson-extension-0042-03", "corridor": "Robinson Extension", "walk_class": "sidewalk", "length_m": 112.02 }, "geometry": { "type": "LineString", "coordinates": [ [ -79.966264217696761, 40.444347091435581 ], [ -79.9654352, 40.4448623 ], [ -79.9653435, 40.4449342 ], [ -79.9652741, 40.4450097 ] ] } },
{ "type": "Feature", "properties": { "seg_id": "hollace-street-0043-00", "corridor": "Hollace Street", "walk_class": "sidewalk", "length_m": 84.75 }, "geometry": { "type": "LineString", "coordinates": [ [ -79.9674708, 40.4499647 ], [ -79.967921745499225, 40.450646000863209 ] ] } },
{ "type": "Feature", "properties": { "seg_id": "hollace-street-0043-01", "corridor": "Hollace Street", "walk_class": "sidewalk", "length_m": 84.75 }, "geometry": { "type": "LineString", "coordinates": [ [ -79.967921745499225, 40.450646000863209 ], [ -79.968372700000018, 40.4513273 ] ] } },
{ "type": "Feature", "properties": { "seg_id": "sidewalk-0044-00", "corridor": null, "walk_class": "sidewalk", "length_m": 7.86 }, "geometry": { "type": "LineString", "coordinates": [ [ -79.9685031, 40.4412098 ], [ -79.9685058, 40.441218 ], [ -79.9685135, 40.4412438 ], [ -79.9685182, 40.4412795 ] ] } },
{ "type": "Feature", "properties": { "seg_id": "service-0045-00", "corridor": null, "walk_class": "service", "length_m": 35.62 }, "geometry": { "type": "LineString", "coordinates": [ [ -79.9683295, 40.453290099999982 ], [ -79.968205, 40.4535715 ], [ -79.9682091, 40.4535951 ] ] } },
{ "type": "Feature", "properties": { "seg_id": "sidewalk-0046-00", "corridor": null, "walk_class": "sidewalk", "length_m": 112.52 }, "geometry": { "type": "LineString", "coordinates": [ [ -79.9668214, 40.4476592 ], [ -79.9668125, 40.4476478 ], [ -79.9667754, 40.447605400000015 ], [ -79.9667303, 40.4475539 ], [ -79.9667312, 40.4475475 ], [ -79.9665715, 40.447297 ], [ -79.9665538, 40.4472751 ], [ -79.9665389, 40.4472521 ], [ -79.9663051, 40.4468868 ], [ -79.966452144704462, 40.446796208686429 ] ] } },
{ "type": "Feature", "properties": { "seg_id": "sidewalk-0046-01", "corridor": null, "walk_class": "sidewalk", "length_m": 112.52 }, "geometry": { "type": "LineString", "coordinates": [ [ -79.966452144704462, 40.446796208686429 ], [ -79.96748495945171, 40.446159899811789 ] ] } },
{ "type": "Feature", "properties": { "seg_id": "sidewalk-0046-02", "corridor": null, "walk_class": "sidewalk", "length_m": 112.52 }, "geometry": { "type": "LineString", "coordinates": [ [ -79.96748495945171, 40.446159899811789 ], [ -79.9676958, 40.44603 ], [ -79.9676929, 40.44602290000001 ], [ -79.967678, 40.44599620000001 ], [ -79.9676624, 40.4459684 ], [ -79.9676583, 40.4459619 ], [ -79.9684041, 40.4455011 ] ] } },
{ "type": "Feature", "properties": { "seg_id": "service-0047-00", "corridor": null, "walk_class": "service", "length_m": 74.24 }, "geometry": { "type": "LineString", "coordinates": [ [ -79.9684182, 40.4433205 ], [ -79.9679952, 40.4432179 ], [ -79.9678939, 40.4431831 ], [ -79.9678165, 40.4431274 ], [ -79.9677696, 40.4430316 ], [ -79.9677437, 40.4429736 ] ] } },
{ "type": "Feature", "properties": { "seg_id": "sidewalk-0048-00", "corridor": null, "walk_class": "sidewalk", "length_m": 52.88 }, "geometry": { "type": "LineString", "coordinates": [ [ -79.9684498, 40.4411728 ], [ -79.9684401, 40.4411797 ], [ -79.9683954, 40.4412117 ], [ -79.9682308, 40.441342 ], [ -79.9682131, 40.4413474 ], [ -79.9681953, 40.4413405 ], [ -79.9680659, 40.4411749 ], [ -79.9680615, 40.4411596 ] ] } },
{ "type": "Feature", "properties": { "seg_id": "hollace-street-0049-00", "corridor": "Hollace Street", "walk_class": "sidewalk", "length_m": 113.1 }, "geometry": { "type": "LineString", "coordinates": [ [ -79.9682822, 40.4513607 ], [ -79.967707322403513, 40.450441379418088 ] ] } },
{ "type": "Feature", "properties": { "seg_id": "hollace-street-0049-01", "corridor": null, "walk_class": "sidewalk", "length_m": 113.1 }, "geometry": { "type": "LineString", "coordinates": [ [ -79.967707322403513, 40.450441379418088 ], [ -79.9676872, 40.45040920000001 ], [ -79.9673877, 40.4500039 ], [ -79.9673881, 40.4499976 ], [ -79.9674258, 40.4499826 ], [ -79.9674589, 40.4499695 ], [ -79.9674708, 40.4499647 ], [ -79.967979, 40.4497572 ] ] } },
{ "type": "Feature", "properties": { "seg_id": "service-0050-00", "corridor": null, "walk_class": "service", "length_m": 57.69 }, "geometry": { "type": "LineString", "coordinates": [ [ -79.968424, 40.440193699999988 ], [ -79.9683663, 40.4402429 ], [ -79.9681527, 40.4404048 ], [ -79.9679708, 40.4405801 ] ] } },
{ "type": "Feature", "properties": { "seg_id": "service-0051-00", "corridor": null, "walk_class": "service", "length_m": 39.35 }, "geometry": { "type": "LineString", "coordinates": [ [ -79.9682091, 40.4535951 ], [ -79.9677894, 40.4537462 ] ] } },
{ "type": "Feature", "properties": { "seg_id": "sidewalk-0052-00", "corridor": null, "walk_class": "sidewalk", "length_m": 58.26 }, "geometry": { "type": "LineString", "coordinates": [ [ -79.9680541, 40.44064620000001 ], [ -79.96826, 40.4404696 ], [ -79.9681936, 40.4404221 ], [ -79.9683847, 40.4402805 ], [ -79.9684028, 40.4402736 ] ] } },
{ "type": "Feature", "properties": { "seg_id": "sidewalk-0053-00", "corridor": null, "walk_class": "sidewalk", "length_m": 71.12 }, "geometry": { "type": "LineString", "coordinates": [ [ -79.9680616, 40.4392796 ], [ -79.968034, 40.4392585 ], [ -79.9680213, 40.4392014 ], [ -79.96813520000002, 40.4390318 ], [ -79.9683463, 40.4387074 ] ] } },
{ "type": "Feature", "properties": { "seg_id": "sidewalk-0054-00", "corridor": null, "walk_class": "sidewalk", "length_m": 23.18 }, "geometry": { "type": "LineString", "coordinates": [ [ -79.9681353, 40.440369 ], [ -79.968315, 40.440236899999988 ], [ -79.9683224, 40.4402195 ] ] } },
{ "type": "Feature", "properties": { "seg_id": "seine-way-0055-00", "corridor": "Seine Way", "walk_class": "sidewalk", "length_m": 24.73 }, "geometry": { "type": "LineString", "coordinates": [ [ -79.9682948, 40.4414582 ], [ -79.9682487, 40.4414251 ], [ -79.9682308, 40.4414226 ], [ -79.9682178, 40.4414308 ], [ -79.9682181, 40.4414954 ], [ -79.9682261, 40.4415038 ], [ -79.968237, 40.441504899999984 ], [ -79.9682948, 40.4414582 ] ] } },
{ "type": "Feature", "properties": { "seg_id": "robinson-street-0056-00", "corridor": null, "walk_class": "sidewalk", "length_m": 100.08 }, "geometry": { "type": "LineString", "coordinates": [ [ -79.9683666, 40.4365172 ], [ -79.967967, 40.4365138 ], [ -79.967187126749081, 40.436531343570806 ] ] } },
{ "type": "Feature", "properties": { "seg_id": "robinson-street-0056-01", "corridor": "Fifth Avenue", "walk_class": "sidewalk", "length_m": 100.08 }, "geometry": { "type": "LineString", "coordinates": [ [ -79.967187126749081, 40.436531343570806 ], [ -79.9669712, 40.4365362 ], [ -79.9666983, 40.4365587 ], [ -79.9663657, 40.4366536 ], [ -79.9661559, 40.4367543 ], [ -79.96609638987556, 40.436802309788973 ] ] } },
{ "type": "Feature", "properties": { "seg_id": "robinson-street-0056-02", "corridor": "Fifth Avenue", "walk_class": "sidewalk", "length_m": 100.08 }, "geometry": { "type": "LineString", "coordinates": [ [ -79.96609638987556, 40.436802309788973 ], [ -79.9659929, 40.4368858 ], [ -79.9658494, 40.4370456 ], [ -79.965539704975967, 40.437589028258309 ] ] } },
{ "type": "Feature", "properties": { "seg_id": "robinson-street-0056-03", "corridor": "Robinson Street", "walk_class": "sidewalk", "length_m": 100.08 }, "geometry": { "type": "LineString", "coordinates": [ [ -79.965539704975967, 40.437589028258309 ], [ -79.9654678, 40.4377152 ], [ -79.965437, 40.4378183 ], [ -79.9654577, 40.438161299999983 ], [ -79.9654615, 40.4382032 ], [ -79.9654657, 40.4382501 ], [ -79.965481743995412, 40.438475533676211 ] ] } },
{ "type": "Feature", "properties": { "seg_id": "robinson-street-0056-04", "corridor": "Robinson Street", "walk_class": "sidewalk", "length_m": 100.08 }, "geometry": { "type": "LineString", "coordinates": [ [ -79.965481743995412, 40.438475533676211 ], [ -79.9655168, 40.4389681 ], [ -79.9655209, 40.4390009 ], [ -79.9655235, 40.4390217 ], [ -79.9655248, 40.4390324 ], [ -79.965539600000014, 40.4392555 ], [ -79.9655422, 40.4392841 ], [ -79.9655449, 40.4393141 ], [ -79.965549492415832, 40.439375497639915 ] ] } },
{ "type": "Feature", "properties": { "seg_id": "robinson-street-0056-05", "corridor": "Robinson Street", "walk_class": "sidewalk", "length_m": 100.08 }, "geometry": { "type": "LineString", "coordinates": [ [ -79.965549492415832, 40.439375497639915 ], [ -79.9655885, 40.439897 ], [ -79.965592, 40.4399427 ], [ -79.9655946, 40.4399761 ], [ -79.9656153, 40.4402756 ] ] } },
{ "type": "Feature", "properties": { "seg_id": "sidewalk-0057-00", "corridor": null, "walk_class": "sidewalk", "length_m": 53.09 }, "geometry": { "type": "LineString", "coordinates": [ [ -79.9680857, 40.4385124 ], [ -79.9681138, 40.4384389 ], [ -79.9683405, 40.4380765 ] ] } },
{ "type": "Feature", "properties": { "seg_id": "oak-hill-drive-0058-00", "corridor": "Oak Hill Drive", "walk_class": "sidewalk", "length_m": 132.68 }, "geometry": { "type": "LineString", "coordinates": [ [ -79.967502300000021, 40.4399781 ], [ -79.9674352, 40.4397617 ], [ -79.9674272, 40.4397275 ], [ -79.9674255, 40.4396926 ], [ -79.9674262, 40.4396576 ], [ -79.9674315, 40.4396232 ], [ -79.9674366, 40.43959 ], [ -79.967448, 40.4395563 ], [ -79.9674788, 40.4394907 ], [ -79.9674949, 40.43947750000001 ], [ -79.9675217, 40.4394438 ], [ -79.9675472, 40.43941670000001 ], [ -79.9676277, 40.4393619 ], [ -79.9676686, 40.4393443 ], [ -79.9677102, 40.4393256 ], [ -79.9677316, 40.4393111 ], [ -79.9677846, 40.4392999 ], [ -79.9677923, 40.439298600000015 ], [ -79.9678286, 40.4392932 ], [ -79.9678714, 40.4392868 ], [ -79.9678805, 40.4392856 ], [ -79.9679831, 40.4392802 ], [ -79.9680616, 40.4392796 ], [ -79.9680843, 40.4392794 ], [ -79.9681856, 40.4392845 ], [ -79.9682862, 40.439295 ] ] } },
{ "type": "Feature", "properties": { "seg_id": "oak-hill-drive-0059-00", "corridor": "Oak Hill Drive", "walk_class": "sidewalk", "length_m": 102.24 }, "geometry": { "type": "LineString", "coordinates": [ [ -79.9676555, 40.439948 ], [ -79.9675948, 40.4397367 ], [ -79.9675888, 40.4396949 ], [ -79.967588, 40.4396535 ], [ -79.9676011, 40.4396105 ], [ -79.9676237, 40.4395712 ], [ -79.9676552, 40.4395377 ], [ -79.9676937, 40.4395052 ], [ -79.9677424, 40.4394809 ], [ -79.9677966, 40.439462 ], [ -79.9678513, 40.4394486 ], [ -79.9679082, 40.4394426 ], [ -79.9680189, 40.4394371 ], [ -79.9681175, 40.4394384 ], [ -79.968262, 40.439451400000017 ] ] } },
{ "type": "Feature", "properties": { "seg_id": "fifth-avenue-0060-00", "corridor": "Fifth Avenue", "walk_class": "street", "length_m": 104.62 }, "geometry": { "type": "LineString", "coordinates": [ [ -79.9667326, 40.4364756 ], [ -79.9664726, 40.4365746 ], [ -79.9662889, 40.436651500000011 ], [ -79.9661376, 40.436737299999983 ], [ -79.9660429, 40.4367959 ], [ -79.9659559, 40.4368523 ], [ -79.9658825, 40.4369263 ], [ -79.9658191, 40.4370002 ], [ -79.965786997994471, 40.437049390936885 ] ] } },
{ "type": "Feature", "properties": { "seg_id": "fifth-avenue-0060-01", "corridor": "Fifth Avenue", "walk_class": "street", "length_m": 104.62 }, "geometry": { "type": "LineString", "coordinates": [ [ -79.965786997994471, 40.437049390936885 ], [ -79.965752600000016, 40.4371021 ], [ -79.9656912, 40.4371972 ], [ -79.9656326, 40.4372727 ], [ -79.9655642, 40.4374108 ], [ -79.9655107, 40.4375044 ], [ -79.9654046, 40.437675699999986 ], [ -79.9653603, 40.4377657 ], [ -79.9652781, 40.4377544 ], [ -79.9651851, 40.4377509 ], [ -79.965159929090262, 40.437752597899184 ] ] } },
{ "type": "Feature", "properties": { "seg_id": "fifth-avenue-0060-02", "corridor": "Fifth Avenue", "walk_class": "street", "length_m": 104.62 }, "geometry": { "type": "LineString", "coordinates": [ [ -79.965159929090262, 40.437752597899184 ], [ -79.9648886, 40.4377709 ], [ -79.9646232, 40.4377638 ], [ -79.964781300000013, 40.4377332 ], [ -79.9649084, 40.4376987 ], [ -79.965036, 40.4376549 ], [ -79.965117, 40.437622 ], [ -79.9652115, 40.4375721 ], [ -79.965246956887952, 40.437544053251216 ] ] } },
{ "type": "Feature", "properties": { "seg_id": "fifth-avenue-0060-03", "corridor": "Fifth Avenue", "walk_class": "street", "length_m": 104.62 }, "geometry": { "type": "LineString", "coordinates": [ [ -79.965246956887952, 40.437544053251216 ], [ -79.965345, 40.437466499999985 ], [ -79.9654339, 40.4374001 ], [ -79.9655275, 40.4373095 ], [ -79.9655999, 40.4372277 ], [ -79.9656554, 40.437151 ], [ -79.965733, 40.4370222 ], [ -79.9658019, 40.4369329 ], [ -79.9658592, 40.4368685 ], [ -79.9659473, 40.436787699999982 ], [ -79.96595554401965, 40.436780826633196 ] ] } },
{ "type": "Feature", "properties": { "seg_id": "fifth-avenue-0060-04", "corridor": "Fifth Avenue", "walk_class": "street", "length_m": 104.62 }, "geometry": { "type": "LineString", "coordinates": [ [ -79.96595554401965, 40.436780826633196 ], [ -79.9660291, 40.4367195 ], [ -79.9661342, 40.4366555 ], [ -79.966214, 40.436611 ], [ -79.9662755, 40.4365743 ], [ -79.9664457, 40.436524 ], [ -79.9665585, 40.4365001 ], [ -79.9667326, 40.4364756 ], [ -79.9668445, 40.4364613 ], [ -79.967067791811644, 40.436458971083795 ] ] } },
{ "type": "Feature", "properties": { "seg_id": "fifth-avenue-0060-05", "corridor": null, "walk_class": "street", "length_m": 104.62 }, "geometry": { "type": "LineString", "coordinates": [ [ -79.967067791811644, 40.436458971083795 ], [ -79.9683011, 40.4364461 ] ] } },
{ "type": "Feature", "properties": { "seg_id": "montague-street-0061-00", "corridor": "Humber Way", "walk_class": "street", "length_m": 5.18 }, "geometry": { "type": "LineString", "coordinates": [ [ -79.968059, 40.4480231 ], [ -79.9681138, 40.4480024 ] ] } },
{ "type": "Feature", "properties": { "seg_id": "white-street-0062-00", "corridor": "White Street", "walk_class": "street", "length_m": 42.62 }, "geometry": { "type": "LineString", "coordinates": [ [ -79.96802270000002, 40.45345540000001 ], [ -79.9677428, 40.4535675 ], [ -79.9675776, 40.4536337 ] ] } },
{ "type": "Feature", "properties": { "seg_id": "wylie-avenue-0063-00", "corridor": "Wylie Avenue", "walk_class": "sidewalk", "length_m": 9.62 }, "geometry": { "type": "LineString", "coordinates": [ [ -79.9679804, 40.4497485 ], [ -79.9680253, 40.4497257 ], [ -79.9680749, 40.4497006 ] ] } },
{ "type": "Feature", "properties": { "seg_id": "service-0064-00", "corridor": null, "walk_class": "service", "length_m": 89.05 }, "geometry": { "type": "LineString", "coordinates": [ [ -79.9666607, 40.4426033 ], [ -79.9670534, 40.442351 ], [ -79.967441486819538, 40.442067543888264 ] ] } },
{ "type": "Feature", "properties": { "seg_id": "service-0064-01", "corridor": null, "walk_class": "service", "length_m": 89.05 }, "geometry": { "type": "LineString", "coordinates": [ [ -79.967441486819538, 40.442067543888264 ], [ -79.9681543, 40.4415469 ], [ -79.9681688, 40.4414994 ] ] } },
{ "type": "Feature", "properties": { "seg_id": "elba-street-0065-00", "corridor": "Elba Street", "walk_class": "sidewalk", "length_m": 102.93 }, "geometry": { "type": "LineString", "coordinates": [ [ -79.9674996, 40.4487611 ], [ -79.9678074, 40.4492474 ], [ -79.967836600000012, 40.449305599999988 ], [ -79.9679891, 40.449584 ], [ -79.9680163, 40.4495937 ] ] } },
{ "type": "Feature", "properties": { "seg_id": "wylie-avenue-0066-00", "corridor": "Wylie Avenue", "walk_class": "sidewalk", "length_m": 10.07 }, "geometry": { "type": "LineString", "coordinates": [ [ -79.9679083, 40.4496409 ], [ -79.9679579, 40.4496232 ], [ -79.9680159, 40.4496026 ] ] } },
{ "type": "Feature", "properties": { "seg_id": "sidewalk-0067-00", "corridor": null, "walk_class": "sidewalk", "length_m": 93.46 }, "geometry": { "type": "LineString", "coordinates": [ [ -79.9671333, 40.4389903 ], [ -79.9671485, 40.4390482 ], [ -79.9675697, 40.438984 ], [ -79.9676117, 40.4389776 ], [ -79.9676641, 40.4389696 ], [ -79.9676992, 40.4389643 ], [ -79.9677089, 40.4389628 ], [ -79.9677516, 40.43895710000001 ], [ -79.9677892, 40.4389523 ], [ -79.9677983, 40.4389511 ], [ -79.9678392, 40.43894490000001 ], [ -79.9678801, 40.4389457 ], [ -79.9679341, 40.438956 ], [ -79.96813520000002, 40.4390318 ] ] } },
{ "type": "Feature", "properties": { "seg_id": "webster-terrace-0068-00", "corridor": null, "walk_class": "sidewalk", "length_m": 39.91 }, "geometry": { "type": "LineString", "coordinates": [ [ -79.967891, 40.4520713 ], [ -79.9677272, 40.4518374 ], [ -79.9677321, 40.4518093 ], [ -79.9676986, 40.451748599999988 ] ] } },
{ "type": "Feature", "properties": { "seg_id": "whitridge-street-0069-00", "corridor": "Whitridge Street", "walk_class": "sidewalk", "length_m": 14.79 }, "geometry": { "type": "LineString", "coordinates": [ [ -79.9679767, 40.4410399 ], [ -79.9680133, 40.4410989 ], [ -79.9680528, 40.4411598 ] ] } },
{ "type": "Feature", "properties": { "seg_id": "burrows-street-0070-00", "corridor": "Burrows Street", "walk_class": "sidewalk", "length_m": 128.94 }, "geometry": { "type": "LineString", "coordinates": [ [ -79.9666393, 40.438631 ], [ -79.9666353, 40.4386545 ], [ -79.966644300000013, 40.4386714 ], [ -79.9666691, 40.4386782 ], [ -79.9667177, 40.438667 ], [ -79.9676746, 40.4385256 ], [ -79.9678104, 40.438508 ], [ -79.9679646, 40.4385047 ], [ -79.9680096, 40.4385073 ], [ -79.9680572, 40.4385101 ], [ -79.9680857, 40.4385124 ] ] } },
{ "type": "Feature", "properties": { "seg_id": "elba-street-0071-00", "corridor": "Elba Street", "walk_class": "sidewalk", "length_m": 59.64 }, "geometry": { "type": "LineString", "coordinates": [ [ -79.9678935, 40.4496378 ], [ -79.9677444, 40.449348 ], [ -79.9677169, 40.4492872 ], [ -79.967629, 40.44914030000001 ] ] } },
{ "type": "Feature", "properties": { "seg_id": "wandless-street-0072-00", "corridor": "Wandless Street", "walk_class": "sidewalk", "length_m": 14.32 }, "geometry": { "type": "LineString", "coordinates": [ [ -79.9678201, 40.4527697 ], [ -79.9678096, 40.4527548 ], [ -79.9677853, 40.452701 ], [ -79.9677617, 40.4526489 ] ] } },
{ "type": "Feature", "properties": { "seg_id": "whitridge-street-0073-00", "corridor": "Whitridge Street", "walk_class": "sidewalk", "length_m": 111.63 }, "geometry": { "type": "LineString", "coordinates": [ [ -79.9676838, 40.4400711 ], [ -79.9676739, 40.4400986 ], [ -79.9679324, 40.4410121 ], [ -79.9679475, 40.441027400000017 ], [ -79.9679767, 40.441034 ] ] } },
{ "type": "Feature", "properties": { "seg_id": "seine-way-0074-00", "corridor": "Seine Way", "walk_class": "sidewalk", "length_m": 10.68 }, "geometry": { "type": "LineString", "coordinates": [ [ -79.9679562, 40.4412154 ], [ -79.9679191, 40.4411713 ], [ -79.9678885, 40.4411343 ] ] } },
{ "type": "Feature", "properties": { "seg_id": "francis-street-0075-00", "corridor": "Francis Street", "walk_class": "sidewalk", "length_m": 8.71 }, "geometry": { "type": "LineString", "coordinates": [ [ -79.9678491, 40.4475815 ], [ -79.967831, 40.4475463 ], [ -79.9678115, 40.4475085 ] ] } },
{ "type": "Feature", "properties": { "seg_id": "bedford-avenue-0076-00", "corridor": "Bedford Avenue", "walk_class": "sidewalk", "length_m": 51.44 }, "geometry": { "type": "LineString", "coordinates": [ [ -79.9672349, 40.4528746 ], [ -79.9676195, 40.45269110000001 ], [ -79.967638, 40.4526892 ], [ -79.9676869, 40.4526733 ], [ -79.9677617, 40.4526489 ] ] } },
{ "type": "Feature", "properties": { "seg_id": "tulsa-street-0077-00", "corridor": "Tulsa Street", "walk_class": "street", "length_m": 82.04 }, "geometry": { "type": "LineString", "coordinates": [ [ -79.9677428, 40.4535675 ], [ -79.9675373, 40.4532802 ], [ -79.9673143, 40.4529766 ], [ -79.967273600000013, 40.4529212 ] ] } },
{ "type": "Feature", "properties": { "seg_id": "francis-street-0078-00", "corridor": "Francis Street", "walk_class": "sidewalk", "length_m": 45.9 }, "geometry": { "type": "LineString", "coordinates": [ [ -79.9678198, 40.4474987 ], [ -79.9677973, 40.4474923 ], [ -79.96759, 40.447130300000012 ] ] } },
{ "type": "Feature", "properties": { "seg_id": "wandless-street-0079-00", "corridor": "Wandless Street", "walk_class": "sidewalk", "length_m": 15.13 }, "geometry": { "type": "LineString", "coordinates": [ [ -79.9677229, 40.4528091 ], [ -79.9677137, 40.4527964 ], [ -79.9676767, 40.452744 ], [ -79.967638, 40.4526892 ] ] } },
{ "type": "Feature", "properties": { "seg_id": "wandless-street-0080-00", "corridor": "Wandless Street", "walk_class": "street", "length_m": 102.75 }, "geometry": { "type": "LineString", "coordinates": [ [ -79.9672075, 40.4518866 ], [ -79.9672444, 40.4519475 ], [ -79.9676869, 40.4526733 ], [ -79.9677189, 40.4527257 ] ] } },
{ "type": "Feature", "properties": { "seg_id": "whitridge-street-0081-00", "corridor": "Whitridge Street", "walk_class": "steps", "length_m": 25.36 }, "geometry": { "type": "LineString", "coordinates": [ [ -79.9678165, 40.4409087 ], [ -79.9678775, 40.4411323 ] ] } },
{ "type": "Feature", "properties": { "seg_id": "morgan-street-0082-00", "corridor": "Elba Street", "walk_class": "street", "length_m": 108.32 }, "geometry": { "type": "LineString", "coordinates": [ [ -79.9677689, 40.4475556 ], [ -79.9677034, 40.447565 ], [ -79.9670364, 40.448023700000014 ], [ -79.9670192, 40.4480863 ], [ -79.967118094850562, 40.448244487294346 ] ] } },
{ "type": "Feature", "properties": { "seg_id": "morgan-street-0082-01", "corridor": "Elba Street", "walk_class": "street", "length_m": 108.32 }, "geometry": { "type": "LineString", "coordinates": [ [ -79.967118094850562, 40.448244487294346 ], [ -79.9674507, 40.4487765 ], [ -79.9675425, 40.4489234 ], [ -79.9676686, 40.449125 ] ] } },
{ "type": "Feature", "properties": { "seg_id": "service-0083-00", "corridor": null, "walk_class": "service", "length_m": 59.22 }, "geometry": { "type": "LineString", "coordinates": [ [ -79.9677667, 40.4469192 ], [ -79.9677104, 40.4468688 ], [ -79.9676096, 40.4467786 ], [ -79.96745, 40.4468819 ], [ -79.967556, 40.4469767 ], [ -79.9676105, 40.4470255 ] ] } },
{ "type": "Feature", "properties": { "seg_id": "sidewalk-0084-00", "corridor": null, "walk_class": "sidewalk", "length_m": 49.64 }, "geometry": { "type": "LineString", "coordinates": [ [ -79.9677725, 40.4388461 ], [ -79.9677983, 40.4389511 ], [ -79.9678805, 40.4392856 ] ] } },
{ "type": "Feature", "properties": { "seg_id": "ellers-street-0085-00", "corridor": "Ellers Street", "walk_class": "sidewalk", "length_m": 114.09 }, "geometry": { "type": "LineString", "coordinates": [ [ -79.9665883, 40.4410373 ], [ -79.9677886, 40.440825 ], [ -79.9678022, 40.4408664 ], [ -79.967814100000012, 40.4409026 ], [ -79.9678165, 40.4409087 ] ] } },
{ "type": "Feature", "properties": { "seg_id": "ellers-street-0086-00", "corridor": "Ellers Street", "walk_class": "sidewalk", "length_m": 79.1 }, "geometry": { "type": "LineString", "coordinates": [ [ -79.9669027, 40.4410513 ], [ -79.9678165, 40.4409087 ] ] } },
{ "type": "Feature", "properties": { "seg_id": "sidewalk-0087-00", "corridor": null, "walk_class": "sidewalk", "length_m": 44.39 }, "geometry": { "type": "LineString", "coordinates": [ [ -79.9676847, 40.4389074 ], [ -79.9676992, 40.4389643 ], [ -79.9677846, 40.4392999 ] ] } },
{ "type": "Feature", "properties": { "seg_id": "service-0088-00", "corridor": null, "walk_class": "service", "length_m": 11.68 }, "geometry": { "type": "LineString", "coordinates": [ [ -79.9676822, 40.4429879 ], [ -79.9676636, 40.4429387 ], [ -79.9676439, 40.4428868 ] ] } },
{ "type": "Feature", "properties": { "seg_id": "oak-hill-drive-0089-00", "corridor": "Oak Hill Drive", "walk_class": "sidewalk", "length_m": 48.69 }, "geometry": { "type": "LineString", "coordinates": [ [ -79.9674788, 40.4394907 ], [ -79.9674513, 40.4394669 ], [ -79.9674321, 40.4394388 ], [ -79.9674222, 40.439408099999987 ], [ -79.9674222, 40.4393764 ], [ -79.9674321, 40.4393456 ], [ -79.9674513, 40.4393175 ], [ -79.9674788, 40.4392937 ], [ -79.967518, 40.4392736 ], [ -79.9675629, 40.4392623 ], [ -79.9676102, 40.4392606 ], [ -79.9676562, 40.4392687 ], [ -79.9676978, 40.4392859 ], [ -79.9677316, 40.4393111 ] ] } },
{ "type": "Feature", "properties": { "seg_id": "service-0090-00", "corridor": null, "walk_class": "service", "length_m": 40.62 }, "geometry": { "type": "LineString", "coordinates": [ [ -79.9675808, 40.4394941 ], [ -79.9675217, 40.4394438 ], [ -79.9675043, 40.43942 ], [ -79.9674992, 40.439393 ], [ -79.9675072, 40.4393664 ], [ -79.9675271, 40.4393437 ], [ -79.9675524, 40.439329499999985 ], [ -79.9675822, 40.4393221 ], [ -79.9676137, 40.4393222 ], [ -79.9676435, 40.4393298 ], [ -79.9676686, 40.4393443 ], [ -79.967728900000012, 40.4393958 ] ] } },
{ "type": "Feature", "properties": { "seg_id": "orbin-street-0091-00", "corridor": "Orbin Street", "walk_class": "street", "length_m": 70.76 }, "geometry": { "type": "LineString", "coordinates": [ [ -79.9675447, 40.4507852 ], [ -79.966875, 40.4510674 ], [ -79.966815, 40.4510943 ] ] } },
{ "type": "Feature", "properties": { "seg_id": "francis-street-0092-00", "corridor": "Francis Street", "walk_class": "sidewalk", "length_m": 12.84 }, "geometry": { "type": "LineString", "coordinates": [ [ -79.967478, 40.4470385 ], [ -79.967486600000015, 40.447046 ], [ -79.9675283, 40.4470869 ], [ -79.9675715, 40.4471294 ] ] } },
{ "type": "Feature", "properties": { "seg_id": "whitridge-street-0093-00", "corridor": "Whitridge Street", "walk_class": "sidewalk", "length_m": 12.71 }, "geometry": { "type": "LineString", "coordinates": [ [ -79.9676779, 40.4400676 ], [ -79.9676595, 40.4400086 ], [ -79.9676431, 40.4399562 ] ] } },
{ "type": "Feature", "properties": { "seg_id": "service-0094-00", "corridor": null, "walk_class": "service", "length_m": 16.04 }, "geometry": { "type": "LineString", "coordinates": [ [ -79.9676239, 40.4390304 ], [ -79.9676117, 40.4389776 ], [ -79.967591100000021, 40.4388881 ] ] } },
{ "type": "Feature", "properties": { "seg_id": "whitridge-street-0095-00", "corridor": "Whitridge Street", "walk_class": "sidewalk", "length_m": 11.99 }, "geometry": { "type": "LineString", "coordinates": [ [ -79.9675752, 40.4400812 ], [ -79.9675459, 40.4400308 ], [ -79.967518, 40.4399824 ] ] } },
{ "type": "Feature", "properties": { "seg_id": "wylie-avenue-0096-00", "corridor": "Wylie Avenue", "walk_class": "sidewalk", "length_m": 89.95 }, "geometry": { "type": "LineString", "coordinates": [ [ -79.9673877, 40.4500039 ], [ -79.9664629, 40.450400599999988 ] ] } },
{ "type": "Feature", "properties": { "seg_id": "service-0097-00", "corridor": null, "walk_class": "service", "length_m": 131.16 }, "geometry": { "type": "LineString", "coordinates": [ [ -79.9664936, 40.4473019 ], [ -79.9665538, 40.4472751 ], [ -79.9674261, 40.4466632 ], [ -79.9673407, 40.4464494 ] ] } },
{ "type": "Feature", "properties": { "seg_id": "service-0098-00", "corridor": null, "walk_class": "service", "length_m": 92.44 }, "geometry": { "type": "LineString", "coordinates": [ [ -79.9664498, 40.4440156 ], [ -79.9665534, 40.4439819 ], [ -79.9665687, 40.4439769 ], [ -79.9667248, 40.4439294 ], [ -79.967229800000013, 40.4437447 ], [ -79.9674618, 40.4437595 ] ] } },
{ "type": "Feature", "properties": { "seg_id": "wandless-street-0099-00", "corridor": "Wandless Street", "walk_class": "sidewalk", "length_m": 91.35 }, "geometry": { "type": "LineString", "coordinates": [ [ -79.9663885, 40.4502848 ], [ -79.9664217, 40.4503412 ], [ -79.9664525, 40.4503935 ], [ -79.9664629, 40.450400599999988 ], [ -79.966849356530375, 40.451027638091368 ] ] } },
{ "type": "Feature", "properties": { "seg_id": "wandless-street-0099-01", "corridor": "Wandless Street", "walk_class": "sidewalk", "length_m": 91.35 }, "geometry": { "type": "LineString", "coordinates": [ [ -79.966849356530375, 40.451027638091368 ], [ -79.9668579, 40.4510415 ], [ -79.966875, 40.4510674 ], [ -79.9669109, 40.4511217 ], [ -79.9673171, 40.4517689 ] ] } },
{ "type": "Feature", "properties": { "seg_id": "wyandotte-street-0100-00", "corridor": "Wyandotte Street", "walk_class": "street", "length_m": 68.39 }, "geometry": { "type": "LineString", "coordinates": [ [ -79.9666607, 40.4426033 ], [ -79.9674086, 40.4423731 ] ] } },
{ "type": "Feature", "properties": { "seg_id": "wandless-street-0101-00", "corridor": "Wandless Street", "walk_class": "sidewalk", "length_m": 119.55 }, "geometry": { "type": "LineString", "coordinates": [ [ -79.9665931, 40.4508507 ], [ -79.9667715, 40.451131599999989 ], [ -79.9667869, 40.4511599 ], [ -79.966805, 40.4511913 ], [ -79.966807, 40.451196899999985 ], [ -79.9671979, 40.4518233 ] ] } },
{ "type": "Feature", "properties": { "seg_id": "wandless-street-0102-00", "corridor": "Wandless Street", "walk_class": "sidewalk", "length_m": 14.21 }, "geometry": { "type": "LineString", "coordinates": [ [ -79.9671826, 40.4519759 ], [ -79.9671698, 40.451965 ], [ -79.9671385, 40.4519161 ], [ -79.9671101, 40.4518716 ], [ -79.9671032, 40.4518638 ] ] } },
{ "type": "Feature", "properties": { "seg_id": "service-0103-00", "corridor": null, "walk_class": "service", "length_m": 11.94 }, "geometry": { "type": "LineString", "coordinates": [ [ -79.9673119, 40.4430738 ], [ -79.9672916, 40.4430228 ], [ -79.9672709, 40.4429709 ] ] } },
{ "type": "Feature", "properties": { "seg_id": "sidewalk-0104-00", "corridor": null, "walk_class": "sidewalk", "length_m": 137.75 }, "geometry": { "type": "LineString", "coordinates": [ [ -79.9662848, 40.4443343 ], [ -79.9663584, 40.4443771 ], [ -79.9664866, 40.4444923 ], [ -79.9666061, 40.4446198 ], [ -79.9667272, 40.44474790000001 ], [ -79.9668426, 40.4448788 ], [ -79.966974, 40.4450039 ], [ -79.9670342, 40.4449883 ], [ -79.967094, 40.445037 ], [ -79.9671743, 40.4451582 ], [ -79.9672246, 40.4452874 ] ] } },
{ "type": "Feature", "properties": { "seg_id": "horton-street-0105-00", "corridor": "Horton Street", "walk_class": "street", "length_m": 25.32 }, "geometry": { "type": "LineString", "coordinates": [ [ -79.9671321, 40.450040499999986 ], [ -79.967099600000012, 40.449983099999983 ], [ -79.9670136, 40.4498311 ] ] } },
{ "type": "Feature", "properties": { "seg_id": "sidewalk-0106-00", "corridor": null, "walk_class": "sidewalk", "length_m": 46.33 }, "geometry": { "type": "LineString", "coordinates": [ [ -79.9670364, 40.448023700000014 ], [ -79.966862, 40.4480087 ], [ -79.9666066, 40.4478033 ] ] } },
{ "type": "Feature", "properties": { "seg_id": "service-0107-00", "corridor": null, "walk_class": "service", "length_m": 29.16 }, "geometry": { "type": "LineString", "coordinates": [ [ -79.9667155, 40.4476464 ], [ -79.9667583, 40.44769740000001 ], [ -79.9668977, 40.4476965 ], [ -79.9670011, 40.4476426 ] ] } },
{ "type": "Feature", "properties": { "seg_id": "orbin-street-0108-00", "corridor": "Orbin Street", "walk_class": "street", "length_m": 76.74 }, "geometry": { "type": "LineString", "coordinates": [ [ -79.9668444, 40.4511404 ], [ -79.9667869, 40.4511599 ], [ -79.96620710000002, 40.4514085 ], [ -79.966040497996119, 40.451454565869668 ] ] } },
{ "type": "Feature", "properties": { "seg_id": "orbin-street-0108-01", "corridor": "Orbin Street", "walk_class": "street", "length_m": 76.74 }, "geometry": { "type": "LineString", "coordinates": [ [ -79.966040497996119, 40.451454565869668 ], [ -79.9658241, 40.451514399999986 ], [ -79.9653454, 40.4517057 ], [ -79.9652473, 40.4517761 ] ] } },
{ "type": "Feature", "properties": { "seg_id": "service-0109-00", "corridor": null, "walk_class": "service", "length_m": 83.89 }, "geometry": { "type": "LineString", "coordinates": [ [ -79.9668203, 40.4389513 ], [ -79.9668796, 40.4391855 ], [ -79.9670081, 40.439693299999988 ] ] } },
{ "type": "Feature", "properties": { "seg_id": "service-0110-00", "corridor": null, "walk_class": "service", "length_m": 85.6 }, "geometry": { "type": "LineString", "coordinates": [ [ -79.9667809, 40.4520692 ], [ -79.9667487, 40.4520143 ], [ -79.9666432, 40.4518193 ], [ -79.9666061, 40.4517919 ], [ -79.9665387, 40.4517661 ], [ -79.9664385, 40.45175 ], [ -79.9660623, 40.4519012 ] ] } },
{ "type": "Feature", "properties": { "seg_id": "service-0111-00", "corridor": null, "walk_class": "service", "length_m": 91.11 }, "geometry": { "type": "LineString", "coordinates": [ [ -79.9668954, 40.4410162 ], [ -79.9669027, 40.4410513 ], [ -79.9669451, 40.4412565 ], [ -79.9669302, 40.4413111 ], [ -79.966456566237042, 40.441686866827283 ] ] } },
{ "type": "Feature", "properties": { "seg_id": "service-0111-01", "corridor": null, "walk_class": "service", "length_m": 91.11 }, "geometry": { "type": "LineString", "coordinates": [ [ -79.966456566237042, 40.441686866827283 ], [ -79.9662638, 40.4418398 ], [ -79.9662242, 40.4419061 ], [ -79.9662618, 40.4423654 ], [ -79.9662679, 40.4424406 ] ] } },
{ "type": "Feature", "properties": { "seg_id": "service-0112-00", "corridor": null, "walk_class": "service", "length_m": 76.1 }, "geometry": { "type": "LineString", "coordinates": [ [ -79.9661893, 40.4369203 ], [ -79.966263, 40.4368538 ], [ -79.96643, 40.4367457 ], [ -79.9665655, 40.436692 ], [ -79.9667219, 40.4366507 ], [ -79.9669649, 40.4366206 ] ] } },
{ "type": "Feature", "properties": { "seg_id": "service-0113-00", "corridor": null, "walk_class": "service", "length_m": 31.76 }, "geometry": { "type": "LineString", "coordinates": [ [ -79.9665104, 40.439233 ], [ -79.9665813, 40.4392245 ], [ -79.9668796, 40.4391855 ] ] } },
{ "type": "Feature", "properties": { "seg_id": "centre-avenue-0114-00", "corridor": "Centre Avenue", "walk_class": "sidewalk", "length_m": 11.9 }, "geometry": { "type": "LineString", "coordinates": [ [ -79.9666146, 40.447614 ], [ -79.9666288, 40.4476096 ], [ -79.9666753, 40.447584 ], [ -79.9667303, 40.4475539 ] ] } },
{ "type": "Feature", "properties": { "seg_id": "sidewalk-0115-00", "corridor": null, "walk_class": "sidewalk", "length_m": 13.99 }, "geometry": { "type": "LineString", "coordinates": [ [ -79.9666014, 40.4476414 ], [ -79.9666128, 40.447651 ], [ -79.9666428, 40.4476969 ], [ -79.9666737, 40.447744 ], [ -79.966682, 40.4477505 ] ] } },
{ "type": "Feature", "properties": { "seg_id": "service-0116-00", "corridor": null, "walk_class": "service", "length_m": 38.98 }, "geometry": { "type": "LineString", "coordinates": [ [ -79.9665232, 40.4432562 ], [ -79.9665449, 40.4433067 ], [ -79.966709, 40.443577 ] ] } },
{ "type": "Feature", "properties": { "seg_id": "service-0117-00", "corridor": null, "walk_class": "service", "length_m": 97.78 }, "geometry": { "type": "LineString", "coordinates": [ [ -79.965768, 40.4506896 ], [ -79.9660085, 40.4510046 ], [ -79.9665889, 40.4507403 ] ] } },
{ "type": "Feature", "properties": { "seg_id": "centre-avenue-0118-00", "corridor": "Centre Avenue", "walk_class": "sidewalk", "length_m": 104.13 }, "geometry": { "type": "LineString", "coordinates": [ [ -79.9649601, 40.4485139 ], [ -79.9649088, 40.4485544 ], [ -79.9648886, 40.44858330000001 ], [ -79.9648906, 40.4486373 ], [ -79.9649266, 40.4486831 ], [ -79.9649695, 40.4487022 ], [ -79.9650152, 40.4487094 ], [ -79.9650669, 40.4487037 ], [ -79.9651108, 40.4486786 ], [ -79.965678016674119, 40.448283921326876 ] ] } },
{ "type": "Feature", "properties": { "seg_id": "centre-avenue-0118-01", "corridor": "Centre Avenue", "walk_class": "sidewalk", "length_m": 104.13 }, "geometry": { "type": "LineString", "coordinates": [ [ -79.965678016674119, 40.448283921326876 ], [ -79.966585805167, 40.447652251576955 ] ] } },
{ "type": "Feature", "properties": { "seg_id": "centre-avenue-0118-02", "corridor": null, "walk_class": "sidewalk", "length_m": 104.13 }, "geometry": { "type": "LineString", "coordinates": [ [ -79.966585805167, 40.447652251576955 ], [ -79.9666014, 40.4476414 ], [ -79.9666195, 40.447629 ], [ -79.9666146, 40.447614 ], [ -79.9661919, 40.4469242 ], [ -79.966182, 40.4468964 ], [ -79.9661879, 40.4468695 ], [ -79.9662057, 40.4468521 ], [ -79.9662534, 40.446820699999989 ] ] } },
{ "type": "Feature", "properties": { "seg_id": "sidewalk-0119-00", "corridor": null, "walk_class": "sidewalk", "length_m": 13.15 }, "geometry": { "type": "LineString", "coordinates": [ [ -79.9666691, 40.4386782 ], [ -79.9666705, 40.4386859 ], [ -79.9666932, 40.4387333 ], [ -79.9667167, 40.4387826 ], [ -79.9667197, 40.43879 ] ] } },
{ "type": "Feature", "properties": { "seg_id": "outlet-street-0120-00", "corridor": "Wyandotte Street", "walk_class": "street", "length_m": 38.48 }, "geometry": { "type": "LineString", "coordinates": [ [ -79.9664367, 40.4423108 ], [ -79.9664649, 40.4423634 ], [ -79.9665556, 40.4425326 ], [ -79.9666607, 40.4426033 ] ] } },
{ "type": "Feature", "properties": { "seg_id": "wandless-street-0121-00", "corridor": "Wandless Street", "walk_class": "sidewalk", "length_m": 33.44 }, "geometry": { "type": "LineString", "coordinates": [ [ -79.9665092, 40.4507242 ], [ -79.966336900000016, 40.4504532 ] ] } },
{ "type": "Feature", "properties": { "seg_id": "burrows-street-0122-00", "corridor": "Burrows Street", "walk_class": "sidewalk", "length_m": 123.07 }, "geometry": { "type": "LineString", "coordinates": [ [ -79.9666654, 40.4401195 ], [ -79.9666031, 40.439834599999983 ], [ -79.9665964, 40.439804 ], [ -79.9665899, 40.4397743 ], [ -79.9665843, 40.439751 ], [ -79.9664126, 40.4390278 ] ] } },
{ "type": "Feature", "properties": { "seg_id": "service-0123-00", "corridor": null, "walk_class": "service", "length_m": 96.15 }, "geometry": { "type": "LineString", "coordinates": [ [ -79.965525, 40.4399503 ], [ -79.965592, 40.4399427 ], [ -79.9660753, 40.4398824 ], [ -79.9665964, 40.439804 ], [ -79.9666406, 40.4397974 ] ] } },
{ "type": "Feature", "properties": { "seg_id": "wylie-avenue-0124-00", "corridor": "Wylie Avenue", "walk_class": "sidewalk", "length_m": 138.9 }, "geometry": { "type": "LineString", "coordinates": [ [ -79.9664525, 40.4503935 ], [ -79.9664015, 40.4504166 ], [ -79.9663409, 40.450444 ], [ -79.966336900000016, 40.4504532 ], [ -79.9658256, 40.4506632 ], [ -79.965768, 40.4506896 ], [ -79.9657183, 40.4507124 ], [ -79.965029, 40.451007 ] ] } },
{ "type": "Feature", "properties": { "seg_id": "sidewalk-0125-00", "corridor": null, "walk_class": "sidewalk", "length_m": 17.79 }, "geometry": { "type": "LineString", "coordinates": [ [ -79.9663528, 40.4440692 ], [ -79.9663691, 40.4440758 ], [ -79.966447800000012, 40.4440988 ], [ -79.9665246, 40.4441212 ], [ -79.9665476, 40.4441283 ] ] } },
{ "type": "Feature", "properties": { "seg_id": "ellers-street-0126-00", "corridor": "Ellers Street", "walk_class": "street", "length_m": 105.83 }, "geometry": { "type": "LineString", "coordinates": [ [ -79.965657, 40.441673 ], [ -79.9657274, 40.4416174 ], [ -79.966428, 40.4410942 ], [ -79.966591, 40.441067 ] ] } },
{ "type": "Feature", "properties": { "seg_id": "service-0127-00", "corridor": null, "walk_class": "service", "length_m": 31.15 }, "geometry": { "type": "LineString", "coordinates": [ [ -79.9665556, 40.4425326 ], [ -79.96629870000001, 40.4427331 ] ] } },
{ "type": "Feature", "properties": { "seg_id": "wandless-street-0128-00", "corridor": "Wandless Street", "walk_class": "sidewalk", "length_m": 14.4 }, "geometry": { "type": "LineString", "coordinates": [ [ -79.9663409, 40.450444 ], [ -79.9663228, 40.4503832 ], [ -79.9663033, 40.4503175 ] ] } },
{ "type": "Feature", "properties": { "seg_id": "wandless-street-0129-00", "corridor": "Wandless Street", "walk_class": "sidewalk", "length_m": 27.72 }, "geometry": { "type": "LineString", "coordinates": [ [ -79.9662933, 40.4503203 ], [ -79.9661551, 40.450094 ] ] } },
{ "type": "Feature", "properties": { "seg_id": "robinson-extension-0130-00", "corridor": "Centre Avenue", "walk_class": "sidewalk", "length_m": 96.88 }, "geometry": { "type": "LineString", "coordinates": [ [ -79.9637166, 40.4488172 ], [ -79.9646445, 40.4488137 ], [ -79.9646814, 40.44881 ], [ -79.9647034, 40.4487987 ], [ -79.9647197, 40.4487879 ], [ -79.964732, 40.4487632 ], [ -79.9647361, 40.4487356 ], [ -79.964720850886266, 40.448692704135979 ] ] } },
{ "type": "Feature", "properties": { "seg_id": "robinson-extension-0130-01", "corridor": "Robinson Extension", "walk_class": "sidewalk", "length_m": 96.88 }, "geometry": { "type": "LineString", "coordinates": [ [ -79.964720850886266, 40.448692704135979 ], [ -79.9647115, 40.4486664 ], [ -79.964693, 40.4486071 ], [ -79.9647115, 40.4485504 ], [ -79.9647415, 40.4485041 ], [ -79.965377255089024, 40.448036227411436 ] ] } },
{ "type": "Feature", "properties": { "seg_id": "robinson-extension-0130-02", "corridor": "Robinson Extension", "walk_class": "sidewalk", "length_m": 96.88 }, "geometry": { "type": "LineString", "coordinates": [ [ -79.965377255089024, 40.448036227411436 ], [ -79.9654595, 40.4479757 ], [ -79.9655326, 40.44789810000001 ], [ -79.9655668, 40.447855 ], [ -79.9655982, 40.4478024 ], [ -79.9657154, 40.4474679 ], [ -79.9657708, 40.4472998 ], [ -79.965789772859097, 40.447239497421073 ] ] } },
{ "type": "Feature", "properties": { "seg_id": "robinson-extension-0130-03", "corridor": "Robinson Extension", "walk_class": "sidewalk", "length_m": 96.88 }, "geometry": { "type": "LineString", "coordinates": [ [ -79.965789772859097, 40.447239497421073 ], [ -79.965805, 40.4471911 ], [ -79.965822, 40.4471027 ], [ -79.965833, 40.4469996 ], [ -79.9658391, 40.446906 ], [ -79.965837800000017, 40.4468082 ], [ -79.9658282, 40.4467156 ], [ -79.9657995, 40.4465418 ], [ -79.9657634, 40.446435799999989 ], [ -79.9657483, 40.4463881 ], [ -79.965743477240224, 40.446376736786199 ] ] } },
{ "type": "Feature", "properties": { "seg_id": "robinson-extension-0130-04", "corridor": "Robinson Extension", "walk_class": "sidewalk", "length_m": 96.88 }, "geometry": { "type": "LineString", "coordinates": [ [ -79.965743477240224, 40.446376736786199 ], [ -79.965741, 40.4463709 ], [ -79.9657361, 40.4463595 ], [ -79.9657139, 40.4463085 ], [ -79.9656845, 40.4462411 ], [ -79.965276489061083, 40.445581242095507 ] ] } },
{ "type": "Feature", "properties": { "seg_id": "robinson-extension-0130-05", "corridor": "Robinson Extension", "walk_class": "sidewalk", "length_m": 96.88 }, "geometry": { "type": "LineString", "coordinates": [ [ -79.965276489061083, 40.445581242095507 ], [ -79.9651191, 40.4453267 ], [ -79.9650853, 40.44526170000001 ], [ -79.96506620000001, 40.4452018 ], [ -79.9650629, 40.4451334 ], [ -79.9650696, 40.4450701 ], [ -79.9650853, 40.4449948 ], [ -79.965121300000021, 40.4449298 ], [ -79.965166300000021, 40.4448588 ], [ -79.9652348, 40.4447964 ], [ -79.96525574048384, 40.444783600003817 ] ] } },
{ "type": "Feature", "properties": { "seg_id": "robinson-extension-0130-06", "corridor": "Robinson Extension", "walk_class": "sidewalk", "length_m": 96.88 }, "geometry": { "type": "LineString", "coordinates": [ [ -79.96525574048384, 40.444783600003817 ], [ -79.9653112, 40.4447497 ], [ -79.9653551, 40.4447228 ], [ -79.966148210240846, 40.444238904091335 ] ] } },
{ "type": "Feature", "properties": { "seg_id": "robinson-extension-0130-07", "corridor": "Robinson Extension", "walk_class": "sidewalk", "length_m": 96.88 }, "geometry": { "type": "LineString", "coordinates": [ [ -79.966148210240846, 40.444238904091335 ], [ -79.9662854, 40.4441552 ], [ -79.9663079, 40.4441364 ], [ -79.9663283, 40.4441161 ], [ -79.9663466, 40.4440923 ], [ -79.9663528, 40.4440692 ], [ -79.966357, 40.4440484 ], [ -79.9663561, 40.4440269 ], [ -79.9663485, 40.4439968 ], [ -79.966030773864318, 40.443488702073715 ] ] } },
{ "type": "Feature", "properties": { "seg_id": "robinson-extension-0130-08", "corridor": "Robinson Street", "walk_class": "sidewalk", "length_m": 96.88 }, "geometry": { "type": "LineString", "coordinates": [ [ -79.966030773864318, 40.443488702073715 ], [ -79.9657627, 40.44306 ], [ -79.9657391, 40.443037899999986 ], [ -79.9657002, 40.4430237 ], [ -79.9656525, 40.44302110000001 ], [ -79.9656111, 40.4430325 ], [ -79.965362122929534, 40.44321839200181 ] ] } },
{ "type": "Feature", "properties": { "seg_id": "robinson-extension-0130-09", "corridor": "Allequippa Street", "walk_class": "sidewalk", "length_m": 96.88 }, "geometry": { "type": "LineString", "coordinates": [ [ -79.965362122929534, 40.44321839200181 ], [ -79.965255900000017, 40.4432977 ], [ -79.9650635, 40.4434452 ], [ -79.9648726, 40.4435916 ], [ -79.964554495199351, 40.443835531038033 ] ] } },
{ "type": "Feature", "properties": { "seg_id": "robinson-extension-0130-10", "corridor": "Allequippa Street", "walk_class": "sidewalk", "length_m": 96.88 }, "geometry": { "type": "LineString", "coordinates": [ [ -79.964554495199351, 40.443835531038033 ], [ -79.964450600000021, 40.4439152 ], [ -79.964434, 40.4439215 ], [ -79.9643124, 40.4439682 ], [ -79.96423, 40.4440309 ], [ -79.964179, 40.444067 ], [ -79.9641029, 40.4441209 ], [ -79.963717373244563, 40.444421495997751 ] ] } },
{ "type": "Feature", "properties": { "seg_id": "robinson-extension-0130-11", "corridor": "Allequippa Street", "walk_class": "sidewalk", "length_m": 96.88 }, "geometry": { "type": "LineString", "coordinates": [ [ -79.963717373244563, 40.444421495997751 ], [ -79.9635305, 40.4445672 ], [ -79.9634975, 40.4445907 ], [ -79.9634633, 40.444615 ], [ -79.9632776, 40.4447577 ], [ -79.96317070000002, 40.4449108 ], [ -79.9631614, 40.4449236 ], [ -79.963083, 40.4450312 ], [ -79.96301592954363, 40.445100301146546 ] ] } },
{ "type": "Feature", "properties": { "seg_id": "robinson-extension-0130-12", "corridor": "Allequippa Street", "walk_class": "sidewalk", "length_m": 96.88 }, "geometry": { "type": "LineString", "coordinates": [ [ -79.96301592954363, 40.445100301146546 ], [ -79.9629707, 40.4451469 ], [ -79.9629367, 40.4451834 ], [ -79.9628979, 40.4452194 ], [ -79.9627313, 40.4453229 ], [ -79.9624913, 40.4454556 ], [ -79.9624035, 40.4454905 ], [ -79.9623268, 40.4455282 ], [ -79.9622588, 40.4455297 ], [ -79.9621329, 40.4455583 ], [ -79.962087884129588, 40.445566042541024 ] ] } },
{ "type": "Feature", "properties": { "seg_id": "robinson-extension-0130-13", "corridor": "Allequippa Street", "walk_class": "sidewalk", "length_m": 96.88 }, "geometry": { "type": "LineString", "coordinates": [ [ -79.962087884129588, 40.445566042541024 ], [ -79.9620422, 40.4455739 ], [ -79.9620296, 40.4455761 ], [ -79.9619323, 40.445592 ], [ -79.9617842, 40.4455979 ], [ -79.9616582, 40.4455956 ], [ -79.9615549, 40.4455901 ], [ -79.9614116, 40.4455806 ], [ -79.9613824, 40.4455911 ], [ -79.96135790000001, 40.4456074 ], [ -79.9613412, 40.4456606 ], [ -79.9612576, 40.4459005 ] ] } },
{ "type": "Feature", "properties": { "seg_id": "robinson-extension-0131-00", "corridor": "Robinson Extension", "walk_class": "sidewalk", "length_m": 20.39 }, "geometry": { "type": "LineString", "coordinates": [ [ -79.9662252, 40.4434456 ], [ -79.9662152, 40.443438899999983 ], [ -79.9661527, 40.4433413 ], [ -79.9661199, 40.4432902 ], [ -79.9661209, 40.4432823 ] ] } },
{ "type": "Feature", "properties": { "seg_id": "bedford-avenue-0132-00", "corridor": "Bedford Avenue", "walk_class": "sidewalk", "length_m": 69.98 }, "geometry": { "type": "LineString", "coordinates": [ [ -79.965211, 40.4529685 ], [ -79.965958, 40.4530427 ], [ -79.9660269, 40.4530586 ] ] } },
{ "type": "Feature", "properties": { "seg_id": "service-0133-00", "corridor": null, "walk_class": "service", "length_m": 16.74 }, "geometry": { "type": "LineString", "coordinates": [ [ -79.9661376, 40.436737299999983 ], [ -79.9661559, 40.4367543 ], [ -79.966263, 40.4368538 ] ] } },
{ "type": "Feature", "properties": { "seg_id": "bedford-avenue-0134-00", "corridor": "Bedford Avenue", "walk_class": "sidewalk", "length_m": 69.64 }, "geometry": { "type": "LineString", "coordinates": [ [ -79.9651853, 40.4528456 ], [ -79.9654988, 40.4528782 ], [ -79.9659992, 40.4529294 ] ] } },
{ "type": "Feature", "properties": { "seg_id": "service-0135-00", "corridor": null, "walk_class": "service", "length_m": 46.91 }, "geometry": { "type": "LineString", "coordinates": [ [ -79.9661868, 40.4406722 ], [ -79.9661081, 40.4403105 ], [ -79.9660969, 40.4402552 ] ] } },
{ "type": "Feature", "properties": { "seg_id": "bedford-avenue-0136-00", "corridor": null, "walk_class": "sidewalk", "length_m": 106.95 }, "geometry": { "type": "LineString", "coordinates": [ [ -79.9659715, 40.4544252 ], [ -79.9659619, 40.4543506 ], [ -79.9659014, 40.4538832 ], [ -79.965782, 40.453666 ], [ -79.965642430366273, 40.453516983044821 ] ] } },
{ "type": "Feature", "properties": { "seg_id": "bedford-avenue-0136-01", "corridor": null, "walk_class": "sidewalk", "length_m": 106.95 }, "geometry": { "type": "LineString", "coordinates": [ [ -79.965642430366273, 40.453516983044821 ], [ -79.9651557, 40.4529973 ], [ -79.965134, 40.4529742 ], [ -79.9651133, 40.4529746 ], [ -79.9650162, 40.4529783 ], [ -79.9649093, 40.4529825 ], [ -79.9648876, 40.452981 ], [ -79.9648767, 40.452972 ], [ -79.964846400000013, 40.4529327 ], [ -79.9648137, 40.4528898 ] ] } },
{ "type": "Feature", "properties": { "seg_id": "service-0137-00", "corridor": null, "walk_class": "service", "length_m": 6.76 }, "geometry": { "type": "LineString", "coordinates": [ [ -79.9658963, 40.4544453 ], [ -79.9659715, 40.4544252 ] ] } },
{ "type": "Feature", "properties": { "seg_id": "herron-avenue-0138-00", "corridor": null, "walk_class": "street", "length_m": 99.22 }, "geometry": { "type": "LineString", "coordinates": [ [ -79.9649339, 40.4528816 ], [ -79.9649243, 40.4528795 ], [ -79.9649657, 40.452925 ], [ -79.9650162, 40.4529783 ], [ -79.9650744, 40.4530397 ], [ -79.965603260759167, 40.453598034511906 ] ] } },
{ "type": "Feature", "properties": { "seg_id": "herron-avenue-0138-01", "corridor": null, "walk_class": "street", "length_m": 99.22 }, "geometry": { "type": "LineString", "coordinates": [ [ -79.965603260759167, 40.453598034511906 ], [ -79.9656486, 40.4536459 ], [ -79.9657533, 40.4537676 ], [ -79.9658133, 40.4538997 ], [ -79.9658774, 40.454326899999984 ], [ -79.9658963, 40.4544453 ] ] } },
{ "type": "Feature", "properties": { "seg_id": "service-0139-00", "corridor": null, "walk_class": "service", "length_m": 71.24 }, "geometry": { "type": "LineString", "coordinates": [ [ -79.9654542, 40.43901120000001 ], [ -79.9655209, 40.4390009 ], [ -79.9655443, 40.4389971 ], [ -79.9655878, 40.43897960000001 ], [ -79.9656018, 40.4389543 ], [ -79.9656416, 40.4388171 ], [ -79.9656748, 40.4387976 ], [ -79.9657426, 40.4387918 ], [ -79.966111, 40.4387781 ] ] } },
{ "type": "Feature", "properties": { "seg_id": "service-0140-00", "corridor": null, "walk_class": "service", "length_m": 116.98 }, "geometry": { "type": "LineString", "coordinates": [ [ -79.9660753, 40.4398824 ], [ -79.9660372, 40.4392597 ], [ -79.9655422, 40.4392841 ], [ -79.965475, 40.4392874 ] ] } },
{ "type": "Feature", "properties": { "seg_id": "granite-street-0141-00", "corridor": "Granite Street", "walk_class": "street", "length_m": 6.76 }, "geometry": { "type": "LineString", "coordinates": [ [ -79.9657278, 40.450637 ], [ -79.965768, 40.4506896 ] ] } },
{ "type": "Feature", "properties": { "seg_id": "robinson-street-0142-00", "corridor": null, "walk_class": "street", "length_m": 32.15 }, "geometry": { "type": "LineString", "coordinates": [ [ -79.9658721, 40.4430484 ], [ -79.9657878, 40.442995 ], [ -79.9657076, 40.4429736 ], [ -79.9656403, 40.442977699999986 ], [ -79.9655271, 40.4430005 ] ] } },
{ "type": "Feature", "properties": { "seg_id": "sidewalk-0143-00", "corridor": null, "walk_class": "sidewalk", "length_m": 0.91 }, "geometry": { "type": "LineString", "coordinates": [ [ -79.9658386, 40.4428447 ], [ -79.9658279, 40.4428437 ] ] } },
{ "type": "Feature", "properties": { "seg_id": "service-0144-00", "corridor": null, "walk_class": "service", "length_m": 64.3 }, "geometry": { "type": "LineString", "coordinates": [ [ -79.9651494, 40.4465728 ], [ -79.965173900000011, 40.4465785 ], [ -79.9651994, 40.4465781 ], [ -79.965223, 40.4465742 ], [ -79.9652449, 40.4465669 ], [ -79.9653226, 40.4465197 ], [ -79.9655799, 40.4463808 ], [ -79.9655937, 40.4463734 ], [ -79.9657139, 40.4463085 ], [ -79.9657797, 40.4462729 ] ] } },
{ "type": "Feature", "properties": { "seg_id": "robinson-street-0145-00", "corridor": "Robinson Street", "walk_class": "sidewalk", "length_m": 96.8 }, "geometry": { "type": "LineString", "coordinates": [ [ -79.9657117, 40.4429413 ], [ -79.9657206, 40.4429327 ], [ -79.9657758, 40.4428869 ], [ -79.9658279, 40.4428437 ], [ -79.9658223, 40.4427831 ], [ -79.9658152, 40.4427054 ], [ -79.9658168, 40.4426995 ], [ -79.9658034, 40.4426911 ], [ -79.965761544323144, 40.442109813274939 ] ] } },
{ "type": "Feature", "properties": { "seg_id": "robinson-street-0145-01", "corridor": "Robinson Street", "walk_class": "sidewalk", "length_m": 96.8 }, "geometry": { "type": "LineString", "coordinates": [ [ -79.965761544323144, 40.442109813274939 ], [ -79.965732, 40.4416995 ], [ -79.9657415, 40.4416646 ], [ -79.9657274, 40.4416174 ], [ -79.9657173, 40.4415835 ], [ -79.965693695642884, 40.4412416966506 ] ] } },
{ "type": "Feature", "properties": { "seg_id": "robinson-street-0145-02", "corridor": "Robinson Street", "walk_class": "sidewalk", "length_m": 96.8 }, "geometry": { "type": "LineString", "coordinates": [ [ -79.965693695642884, 40.4412416966506 ], [ -79.9656345, 40.4403845 ], [ -79.965635815027781, 40.440370885595648 ] ] } },
{ "type": "Feature", "properties": { "seg_id": "robinson-street-0145-03", "corridor": "Terrace Street", "walk_class": "sidewalk", "length_m": 96.8 }, "geometry": { "type": "LineString", "coordinates": [ [ -79.965635815027781, 40.440370885595648 ], [ -79.9656362, 40.4403669 ], [ -79.9656315, 40.4403259 ], [ -79.9656265, 40.4402837 ], [ -79.9656153, 40.4402756 ], [ -79.9656045, 40.4402747 ], [ -79.9655501, 40.4402838 ], [ -79.9654881, 40.44029350000001 ], [ -79.9654818, 40.4402945 ], [ -79.9648091, 40.4403998 ], [ -79.964623739974201, 40.440425609052994 ] ] } },
{ "type": "Feature", "properties": { "seg_id": "robinson-street-0145-04", "corridor": "Terrace Street", "walk_class": "sidewalk", "length_m": 96.8 }, "geometry": { "type": "LineString", "coordinates": [ [ -79.964623739974201, 40.440425609052994 ], [ -79.9644737, 40.4404465 ], [ -79.9643785, 40.4404603 ], [ -79.9643349, 40.4404679 ], [ -79.9643067, 40.4404776 ], [ -79.964286, 40.4404904 ], [ -79.9640704, 40.4406915 ], [ -79.9640412, 40.440720399999989 ], [ -79.963866300000021, 40.4408941 ], [ -79.963837, 40.4409254 ], [ -79.9638274, 40.4409355 ], [ -79.963821300000021, 40.4409419 ], [ -79.9638169, 40.4409432 ], [ -79.9638125, 40.4409429 ], [ -79.9638055, 40.4409401 ], [ -79.9637985, 40.4409357 ], [ -79.963790364325405, 40.440929344205443 ] ] } },
{ "type": "Feature", "properties": { "seg_id": "robinson-street-0145-05", "corridor": "Chesterfield Road", "walk_class": "sidewalk", "length_m": 96.8 }, "geometry": { "type": "LineString", "coordinates": [ [ -79.963790364325405, 40.440929344205443 ], [ -79.9632742, 40.4405261 ], [ -79.96299482641335, 40.440304057749174 ] ] } },
{ "type": "Feature", "properties": { "seg_id": "robinson-street-0145-06", "corridor": "Chesterfield Road", "walk_class": "sidewalk", "length_m": 96.8 }, "geometry": { "type": "LineString", "coordinates": [ [ -79.96299482641335, 40.440304057749174 ], [ -79.962456, 40.4398758 ], [ -79.962208263521021, 40.439672209347783 ] ] } },
{ "type": "Feature", "properties": { "seg_id": "robinson-street-0145-07", "corridor": "Fifth Avenue", "walk_class": "sidewalk", "length_m": 96.8 }, "geometry": { "type": "LineString", "coordinates": [ [ -79.962208263521021, 40.439672209347783 ], [ -79.9619094, 40.4394266 ], [ -79.9618631, 40.4393884 ], [ -79.9618587, 40.4393817 ], [ -79.9618583, 40.4393757 ], [ -79.9618631, 40.4393704 ], [ -79.9620495, 40.4392341 ], [ -79.962300669653814, 40.439047704935589 ] ] } },
{ "type": "Feature", "properties": { "seg_id": "robinson-street-0145-08", "corridor": "Fifth Avenue", "walk_class": "sidewalk", "length_m": 96.8 }, "geometry": { "type": "LineString", "coordinates": [ [ -79.962300669653814, 40.439047704935589 ], [ -79.9625978, 40.4388272 ], [ -79.963120718684422, 40.438441193849975 ] ] } },
{ "type": "Feature", "properties": { "seg_id": "robinson-street-0145-09", "corridor": "Fifth Avenue", "walk_class": "sidewalk", "length_m": 96.8 }, "geometry": { "type": "LineString", "coordinates": [ [ -79.963120718684422, 40.438441193849975 ], [ -79.9631264, 40.438437 ], [ -79.963379, 40.4382161 ], [ -79.9635002, 40.4381327 ], [ -79.9635649, 40.4380919 ], [ -79.9636417, 40.438049 ], [ -79.9637378, 40.4380046 ], [ -79.9638177, 40.4379784 ], [ -79.963865, 40.4379628 ], [ -79.9639456, 40.4379369 ], [ -79.9639614, 40.4379308 ], [ -79.9639803, 40.4379236 ], [ -79.964008114405615, 40.437914363522339 ] ] } },
{ "type": "Feature", "properties": { "seg_id": "robinson-street-0145-10", "corridor": "Fifth Avenue", "walk_class": "sidewalk", "length_m": 96.8 }, "geometry": { "type": "LineString", "coordinates": [ [ -79.964008114405615, 40.437914363522339 ], [ -79.9640333, 40.437906 ], [ -79.964089, 40.437888 ], [ -79.9642098, 40.4378677 ], [ -79.9643144, 40.437853600000011 ], [ -79.9643793, 40.4378471 ], [ -79.964485, 40.4378386 ], [ -79.9645566, 40.4378348 ], [ -79.9645888, 40.4378331 ], [ -79.965135515970005, 40.437808490607587 ] ] } },
{ "type": "Feature", "properties": { "seg_id": "robinson-street-0145-11", "corridor": "Robinson Street", "walk_class": "sidewalk", "length_m": 96.8 }, "geometry": { "type": "LineString", "coordinates": [ [ -79.965135515970005, 40.437808490607587 ], [ -79.9652797, 40.437802 ], [ -79.9652882, 40.437802 ], [ -79.9652943, 40.4378055 ], [ -79.9652968, 40.4378124 ], [ -79.9653183, 40.4380362 ], [ -79.965318, 40.4380613 ], [ -79.9653176, 40.438094899999989 ], [ -79.965351836622361, 40.438553247938692 ] ] } },
{ "type": "Feature", "properties": { "seg_id": "robinson-street-0145-12", "corridor": "Robinson Street", "walk_class": "sidewalk", "length_m": 96.8 }, "geometry": { "type": "LineString", "coordinates": [ [ -79.965351836622361, 40.438553247938692 ], [ -79.9653852, 40.4389999 ], [ -79.965416835532082, 40.439423873260004 ] ] } },
{ "type": "Feature", "properties": { "seg_id": "robinson-street-0145-13", "corridor": "Robinson Street", "walk_class": "sidewalk", "length_m": 96.8 }, "geometry": { "type": "LineString", "coordinates": [ [ -79.965416835532082, 40.439423873260004 ], [ -79.9654818, 40.4402945 ] ] } },
{ "type": "Feature", "properties": { "seg_id": "allequippa-street-0146-00", "corridor": "Allequippa Street", "walk_class": "sidewalk", "length_m": 102.92 }, "geometry": { "type": "LineString", "coordinates": [ [ -79.9631805, 40.4446132 ], [ -79.9632861, 40.4445725 ], [ -79.963372, 40.4445319 ], [ -79.9638385, 40.4441797 ], [ -79.964079216557693, 40.443998014523984 ] ] } },
{ "type": "Feature", "properties": { "seg_id": "allequippa-street-0146-01", "corridor": "Allequippa Street", "walk_class": "sidewalk", "length_m": 102.92 }, "geometry": { "type": "LineString", "coordinates": [ [ -79.964079216557693, 40.443998014523984 ], [ -79.9640901, 40.4439898 ], [ -79.9647117, 40.4435206 ], [ -79.9647373, 40.4435013 ], [ -79.964942469189069, 40.443346422292791 ] ] } },
{ "type": "Feature", "properties": { "seg_id": "allequippa-street-0146-02", "corridor": "Allequippa Street", "walk_class": "sidewalk", "length_m": 102.92 }, "geometry": { "type": "LineString", "coordinates": [ [ -79.964942469189069, 40.443346422292791 ], [ -79.9650396, 40.4432731 ], [ -79.9650468, 40.4432576 ], [ -79.9651099, 40.4432174 ], [ -79.9651749, 40.443176 ], [ -79.9656703, 40.4428046 ], [ -79.9657414, 40.4427559 ], [ -79.9658152, 40.4427054 ] ] } },
{ "type": "Feature", "properties": { "seg_id": "sidewalk-0147-00", "corridor": null, "walk_class": "sidewalk", "length_m": 105.49 }, "geometry": { "type": "LineString", "coordinates": [ [ -79.965741, 40.4463709 ], [ -79.9657089, 40.4463848 ], [ -79.96569430000001, 40.4463925 ], [ -79.9656771, 40.446403599999989 ], [ -79.9656695, 40.4464154 ], [ -79.9656713, 40.4464289 ], [ -79.9656771, 40.4464423 ], [ -79.9656828, 40.4464598 ], [ -79.9656859, 40.44649110000001 ], [ -79.9656828, 40.446514 ], [ -79.9656762, 40.4465342 ], [ -79.965658, 40.4465602 ], [ -79.9656235, 40.4465921 ], [ -79.9656049, 40.4466036 ], [ -79.9655819, 40.4466134 ], [ -79.9655302, 40.4466211 ], [ -79.9654705, 40.4466228 ], [ -79.9653975, 40.4466248 ], [ -79.965343, 40.4466251 ], [ -79.9653059, 40.4466251 ], [ -79.9652882, 40.44663220000001 ], [ -79.9652714, 40.4466443 ], [ -79.9652519, 40.4466544 ], [ -79.9652143, 40.4466595 ], [ -79.9651869, 40.4466602 ], [ -79.9651578, 40.4466541 ], [ -79.9651135, 40.4466432 ], [ -79.965082, 40.4466404 ], [ -79.9650429, 40.4466392 ], [ -79.9650047, 40.4466404 ], [ -79.9649679, 40.4466467 ], [ -79.9649243, 40.4466592 ], [ -79.9648913, 40.4466741 ], [ -79.9648418, 40.4467021 ], [ -79.9647877, 40.4467346 ] ] } },
{ "type": "Feature", "properties": { "seg_id": "robinson-street-0148-00", "corridor": "Robinson Street", "walk_class": "sidewalk", "length_m": 101.99 }, "geometry": { "type": "LineString", "coordinates": [ [ -79.9654881, 40.44029350000001 ], [ -79.9654899, 40.4403474 ], [ -79.9654918, 40.4404015 ], [ -79.965549298432336, 40.441210979637404 ] ] } },
{ "type": "Feature", "properties": { "seg_id": "robinson-street-0148-01", "corridor": "Robinson Street", "walk_class": "sidewalk", "length_m": 101.99 }, "geometry": { "type": "LineString", "coordinates": [ [ -79.965549298432336, 40.441210979637404 ], [ -79.965614461022639, 40.44212833738014 ] ] } },
{ "type": "Feature", "properties": { "seg_id": "robinson-street-0148-02", "corridor": "Robinson Street", "walk_class": "sidewalk", "length_m": 101.99 }, "geometry": { "type": "LineString", "coordinates": [ [ -79.965614461022639, 40.44212833738014 ], [ -79.9656623, 40.4428018 ], [ -79.9656703, 40.4428046 ], [ -79.9656753, 40.442893 ], [ -79.9656774, 40.4429309 ], [ -79.9657117, 40.4429413 ], [ -79.9657114, 40.4429508 ], [ -79.9657076, 40.4429736 ], [ -79.9657013, 40.4430115 ], [ -79.9657002, 40.4430237 ] ] } },
{ "type": "Feature", "properties": { "seg_id": "service-0149-00", "corridor": null, "walk_class": "service", "length_m": 52.23 }, "geometry": { "type": "LineString", "coordinates": [ [ -79.9653226, 40.4465197 ], [ -79.9654103, 40.4465912 ], [ -79.9654474, 40.446604 ], [ -79.9654898, 40.4466044 ], [ -79.9655313, 40.44660240000001 ], [ -79.9655693, 40.4465894 ], [ -79.965611, 40.4465659 ], [ -79.965641, 40.44653 ], [ -79.965641, 40.4464769 ], [ -79.9656119, 40.4464262 ], [ -79.9656002, 40.44640110000001 ], [ -79.9655937, 40.4463734 ] ] } },
{ "type": "Feature", "properties": { "seg_id": "wandless-street-0150-00", "corridor": "Wandless Street", "walk_class": "sidewalk", "length_m": 52.38 }, "geometry": { "type": "LineString", "coordinates": [ [ -79.9655649, 40.4491426 ], [ -79.9653025, 40.4487366 ], [ -79.965282, 40.4487258 ] ] } },
{ "type": "Feature", "properties": { "seg_id": "sidewalk-0151-00", "corridor": null, "walk_class": "sidewalk", "length_m": 19.24 }, "geometry": { "type": "LineString", "coordinates": [ [ -79.9653844, 40.4527285 ], [ -79.9654988, 40.4528782 ] ] } },
{ "type": "Feature", "properties": { "seg_id": "herron-avenue-0152-00", "corridor": "Herron Avenue", "walk_class": "sidewalk", "length_m": 97.73 }, "geometry": { "type": "LineString", "coordinates": [ [ -79.9649695, 40.4487022 ], [ -79.9649655, 40.4487138 ], [ -79.9649936, 40.4488064 ], [ -79.96502120000001, 40.4488976 ], [ -79.9650237, 40.4489108 ], [ -79.965286869809219, 40.449546172062021 ] ] } },
{ "type": "Feature", "properties": { "seg_id": "herron-avenue-0152-01", "corridor": "Herron Avenue", "walk_class": "sidewalk", "length_m": 97.73 }, "geometry": { "type": "LineString", "coordinates": [ [ -79.965286869809219, 40.449546172062021 ], [ -79.9654169, 40.449860099999988 ], [ -79.9654484, 40.4499719 ], [ -79.9654593, 40.4500874 ], [ -79.9654455, 40.4502112 ], [ -79.9654139, 40.4503297 ], [ -79.965379915944879, 40.450400920532317 ] ] } },
{ "type": "Feature", "properties": { "seg_id": "herron-avenue-0152-02", "corridor": "Herron Avenue", "walk_class": "sidewalk", "length_m": 97.73 }, "geometry": { "type": "LineString", "coordinates": [ [ -79.965379915944879, 40.450400920532317 ], [ -79.9653627, 40.450437 ], [ -79.9651543, 40.450797799999989 ], [ -79.9651435, 40.4508139 ], [ -79.9650909, 40.4509037 ], [ -79.9650459, 40.4509808 ], [ -79.965029, 40.451007 ], [ -79.964910530867272, 40.451204837052735 ] ] } },
{ "type": "Feature", "properties": { "seg_id": "herron-avenue-0152-03", "corridor": "Herron Avenue", "walk_class": "sidewalk", "length_m": 97.73 }, "geometry": { "type": "LineString", "coordinates": [ [ -79.964910530867272, 40.451204837052735 ], [ -79.9644973, 40.4518949 ], [ -79.964447, 40.4519984 ], [ -79.964445589437787, 40.452009520971856 ] ] } },
{ "type": "Feature", "properties": { "seg_id": "herron-avenue-0152-04", "corridor": "Herron Avenue", "walk_class": "sidewalk", "length_m": 97.73 }, "geometry": { "type": "LineString", "coordinates": [ [ -79.964445589437787, 40.452009520971856 ], [ -79.9644332, 40.4521072 ], [ -79.9644549, 40.4522235 ], [ -79.964513, 40.452339 ], [ -79.964931, 40.4527758 ] ] } },
{ "type": "Feature", "properties": { "seg_id": "service-0153-00", "corridor": null, "walk_class": "service", "length_m": 63.2 }, "geometry": { "type": "LineString", "coordinates": [ [ -79.9654097, 40.4526425 ], [ -79.9653715, 40.4525942 ], [ -79.9652199, 40.4524027 ], [ -79.9648798, 40.452529499999983 ] ] } },
{ "type": "Feature", "properties": { "seg_id": "fifth-avenue-0154-00", "corridor": "Fifth Avenue", "walk_class": "street", "length_m": 49.71 }, "geometry": { "type": "LineString", "coordinates": [ [ -79.9652115, 40.4375721 ], [ -79.9653689, 40.4375089 ], [ -79.9654651, 40.4374417 ], [ -79.965557300000015, 40.4373587 ], [ -79.9656326, 40.4372727 ] ] } },
{ "type": "Feature", "properties": { "seg_id": "service-0155-00", "corridor": null, "walk_class": "service", "length_m": 30.79 }, "geometry": { "type": "LineString", "coordinates": [ [ -79.9653937, 40.4382081 ], [ -79.9654615, 40.4382032 ], [ -79.9656099, 40.4381656 ], [ -79.9656058, 40.4380598 ] ] } },
{ "type": "Feature", "properties": { "seg_id": "darragh-street-0156-00", "corridor": "Darragh Street", "walk_class": "sidewalk", "length_m": 93.17 }, "geometry": { "type": "LineString", "coordinates": [ [ -79.965494600000014, 40.443663 ], [ -79.9653451, 40.443434199999984 ], [ -79.965255900000017, 40.4432977 ], [ -79.965144600000016, 40.4432763 ], [ -79.9650468, 40.4432576 ], [ -79.9650347, 40.4432434 ], [ -79.964771524159715, 40.443096006313404 ] ] } },
{ "type": "Feature", "properties": { "seg_id": "darragh-street-0156-01", "corridor": "Darragh Street", "walk_class": "sidewalk", "length_m": 93.17 }, "geometry": { "type": "LineString", "coordinates": [ [ -79.964771524159715, 40.443096006313404 ], [ -79.963885592559251, 40.442599824311614 ] ] } },
{ "type": "Feature", "properties": { "seg_id": "darragh-street-0156-02", "corridor": "Darragh Street", "walk_class": "sidewalk", "length_m": 93.17 }, "geometry": { "type": "LineString", "coordinates": [ [ -79.963885592559251, 40.442599824311614 ], [ -79.9638793, 40.4425963 ], [ -79.9638454, 40.4425784 ], [ -79.9637708, 40.4425391 ], [ -79.9635862, 40.44243560000001 ], [ -79.9635529, 40.44241610000001 ], [ -79.9635009, 40.442385699999988 ], [ -79.9633043, 40.442283 ], [ -79.9632009, 40.4422264 ], [ -79.9631207, 40.4421825 ], [ -79.9630661, 40.4421561 ], [ -79.9630266, 40.442135 ], [ -79.9629897, 40.4421153 ], [ -79.962989211955104, 40.442115049216696 ] ] } },
{ "type": "Feature", "properties": { "seg_id": "darragh-street-0156-03", "corridor": "Darragh Street", "walk_class": "sidewalk", "length_m": 93.17 }, "geometry": { "type": "LineString", "coordinates": [ [ -79.962989211955104, 40.442115049216696 ], [ -79.9628706, 40.4420541 ], [ -79.9627699, 40.4420092 ], [ -79.9627373, 40.4419912 ], [ -79.9626966, 40.4419705 ], [ -79.9626548, 40.4419503 ], [ -79.962082304198333, 40.441642088921633 ] ] } },
{ "type": "Feature", "properties": { "seg_id": "darragh-street-0156-04", "corridor": "Darragh Street", "walk_class": "sidewalk", "length_m": 93.17 }, "geometry": { "type": "LineString", "coordinates": [ [ -79.962082304198333, 40.441642088921633 ], [ -79.9615836, 40.4413736 ], [ -79.9615231, 40.441342399999989 ], [ -79.9612427, 40.4411978 ], [ -79.961178813286423, 40.441164842793007 ] ] } },
{ "type": "Feature", "properties": { "seg_id": "darragh-street-0156-05", "corridor": "Darragh Street", "walk_class": "sidewalk", "length_m": 93.17 }, "geometry": { "type": "LineString", "coordinates": [ [ -79.961178813286423, 40.441164842793007 ], [ -79.9607513, 40.4409443 ], [ -79.9606921, 40.44091370000001 ], [ -79.960598, 40.4408651 ], [ -79.9602878, 40.440705100000017 ], [ -79.960267972899075, 40.440695783653375 ] ] } },
{ "type": "Feature", "properties": { "seg_id": "darragh-street-0156-06", "corridor": "Fifth Avenue", "walk_class": "sidewalk", "length_m": 93.17 }, "geometry": { "type": "LineString", "coordinates": [ [ -79.960267972899075, 40.440695783653375 ], [ -79.9602546, 40.4406895 ], [ -79.9602328, 40.440687 ], [ -79.9602067, 40.440688 ], [ -79.9601862, 40.440689 ], [ -79.9601608, 40.4406941 ], [ -79.9595924, 40.4411002 ], [ -79.9595804, 40.4411213 ], [ -79.9595797, 40.4411337 ], [ -79.9595794, 40.4411416 ], [ -79.9595845, 40.4411603 ], [ -79.9595958, 40.4411705 ], [ -79.959684, 40.4412212 ] ] } },
{ "type": "Feature", "properties": { "seg_id": "allequippa-street-0157-00", "corridor": "Allequippa Street", "walk_class": "sidewalk", "length_m": 66.84 }, "geometry": { "type": "LineString", "coordinates": [ [ -79.9648747, 40.443768 ], [ -79.9649695, 40.4436884 ], [ -79.965056, 40.4436555 ], [ -79.9650746, 40.4436404 ], [ -79.9650901, 40.443627799999987 ], [ -79.9651223, 40.4436017 ], [ -79.9651538, 40.4435875 ], [ -79.9651851, 40.443562399999983 ], [ -79.9651992, 40.4435511 ], [ -79.9652677, 40.4434962 ], [ -79.9653132, 40.4434598 ], [ -79.9653451, 40.443434199999984 ], [ -79.9654061, 40.443401 ], [ -79.9654711, 40.443397 ] ] } },
{ "type": "Feature", "properties": { "seg_id": "sidewalk-0158-00", "corridor": null, "walk_class": "sidewalk", "length_m": 16.34 }, "geometry": { "type": "LineString", "coordinates": [ [ -79.9653112, 40.4447497 ], [ -79.9653427, 40.44477830000001 ], [ -79.9653663, 40.4447997 ], [ -79.9654036, 40.4448337 ], [ -79.9654352, 40.4448623 ] ] } },
{ "type": "Feature", "properties": { "seg_id": "herron-avenue-0159-00", "corridor": "Herron Avenue", "walk_class": "sidewalk", "length_m": 104.19 }, "geometry": { "type": "LineString", "coordinates": [ [ -79.9648546, 40.4489569 ], [ -79.965218399051082, 40.449853419016904 ] ] } },
{ "type": "Feature", "properties": { "seg_id": "herron-avenue-0159-01", "corridor": "Herron Avenue", "walk_class": "sidewalk", "length_m": 104.19 }, "geometry": { "type": "LineString", "coordinates": [ [ -79.965218399051082, 40.449853419016904 ], [ -79.9652386, 40.4499032 ], [ -79.9652667, 40.4500158 ], [ -79.9652696, 40.4501317 ], [ -79.9652489, 40.4502464 ], [ -79.965207, 40.4503563 ], [ -79.965127700000011, 40.4504891 ], [ -79.965127700000011, 40.4504932 ], [ -79.965102, 40.4505369 ], [ -79.9650725, 40.450587 ], [ -79.964977121639265, 40.45074366784349 ] ] } },
{ "type": "Feature", "properties": { "seg_id": "herron-avenue-0159-02", "corridor": "Herron Avenue", "walk_class": "sidewalk", "length_m": 104.19 }, "geometry": { "type": "LineString", "coordinates": [ [ -79.964977121639265, 40.45074366784349 ], [ -79.9649645, 40.4507644 ], [ -79.9648605, 40.4509376 ], [ -79.964465849396205, 40.451597153073003 ] ] } },
{ "type": "Feature", "properties": { "seg_id": "herron-avenue-0159-03", "corridor": "Herron Avenue", "walk_class": "sidewalk", "length_m": 104.19 }, "geometry": { "type": "LineString", "coordinates": [ [ -79.964465849396205, 40.451597153073003 ], [ -79.964268, 40.4519278 ], [ -79.9642424, 40.4520478 ], [ -79.9642394, 40.452113 ], [ -79.964238400000013, 40.4521644 ], [ -79.9642606, 40.4522601 ], [ -79.9642444, 40.4522751 ], [ -79.964029575214596, 40.45242190582632 ] ] } },
{ "type": "Feature", "properties": { "seg_id": "herron-avenue-0159-04", "corridor": "Milwaukee Street", "walk_class": "sidewalk", "length_m": 104.19 }, "geometry": { "type": "LineString", "coordinates": [ [ -79.964029575214596, 40.45242190582632 ], [ -79.96311382364901, 40.453047695485125 ] ] } },
{ "type": "Feature", "properties": { "seg_id": "herron-avenue-0159-05", "corridor": "Bryn Mawr Road", "walk_class": "sidewalk", "length_m": 104.19 }, "geometry": { "type": "LineString", "coordinates": [ [ -79.96311382364901, 40.453047695485125 ], [ -79.9628987, 40.4531947 ], [ -79.9628795, 40.4531944 ], [ -79.9628159, 40.4531741 ], [ -79.9627405, 40.4531539 ], [ -79.9624507, 40.4531524 ], [ -79.9624142, 40.4531396 ], [ -79.9624044, 40.4531239 ], [ -79.962406, 40.4531026 ], [ -79.962732564880071, 40.452937843019576 ] ] } },
{ "type": "Feature", "properties": { "seg_id": "herron-avenue-0159-06", "corridor": "Ossipee Street", "walk_class": "sidewalk", "length_m": 104.19 }, "geometry": { "type": "LineString", "coordinates": [ [ -79.962732564880071, 40.452937843019576 ], [ -79.9627382, 40.452935 ], [ -79.962771, 40.452918399999987 ], [ -79.9628019, 40.4529028 ], [ -79.9630842, 40.4527603 ], [ -79.9631121, 40.4527462 ], [ -79.9631442, 40.45273 ], [ -79.9632786, 40.4526622 ], [ -79.9633009, 40.4526385 ], [ -79.9633311, 40.4525094 ], [ -79.963398510740362, 40.452235898892461 ] ] } },
{ "type": "Feature", "properties": { "seg_id": "herron-avenue-0159-07", "corridor": "Ossipee Street", "walk_class": "sidewalk", "length_m": 104.19 }, "geometry": { "type": "LineString", "coordinates": [ [ -79.963398510740362, 40.452235898892461 ], [ -79.9634202, 40.4521479 ], [ -79.9636139, 40.4513944 ], [ -79.9635982, 40.4513929 ], [ -79.9635544, 40.4513876 ], [ -79.9635178, 40.4513832 ], [ -79.9635089, 40.451382 ] ] } },
{ "type": "Feature", "properties": { "seg_id": "webster-avenue-0160-00", "corridor": "Webster Avenue", "walk_class": "steps", "length_m": 5.68 }, "geometry": { "type": "LineString", "coordinates": [ [ -79.965211, 40.4529685 ], [ -79.9651557, 40.4529973 ] ] } },
{ "type": "Feature", "properties": { "seg_id": "fifth-avenue-0161-00", "corridor": "Fifth Avenue", "walk_class": "sidewalk", "length_m": 11.92 }, "geometry": { "type": "LineString", "coordinates": [ [ -79.9652968, 40.4378124 ], [ -79.9653119, 40.4378114 ], [ -79.9653639, 40.4378138 ], [ -79.9654229, 40.4378173 ], [ -79.965437, 40.4378183 ] ] } },
{ "type": "Feature", "properties": { "seg_id": "bedford-avenue-0162-00", "corridor": "Bedford Avenue", "walk_class": "sidewalk", "length_m": 19.39 }, "geometry": { "type": "LineString", "coordinates": [ [ -79.9651769, 40.4528336 ], [ -79.9651646, 40.452833599999984 ], [ -79.9650603, 40.4528036 ], [ -79.9649729, 40.4527784 ], [ -79.9649655, 40.4527717 ] ] } },
{ "type": "Feature", "properties": { "seg_id": "service-0163-00", "corridor": null, "walk_class": "service", "length_m": 54.14 }, "geometry": { "type": "LineString", "coordinates": [ [ -79.965382500000018, 40.4380599 ], [ -79.965318, 40.4380613 ], [ -79.965092, 40.4380658 ], [ -79.9650964, 40.4381919 ], [ -79.9652789, 40.4381882 ] ] } },
{ "type": "Feature", "properties": { "seg_id": "vancroft-street-0164-00", "corridor": "Ossipee Street", "walk_class": "street", "length_m": 114.31 }, "geometry": { "type": "LineString", "coordinates": [ [ -79.9638592, 40.4504559 ], [ -79.9641949, 40.4504308 ], [ -79.964427, 40.4504368 ], [ -79.9647081, 40.450462 ], [ -79.965007, 40.4505189 ], [ -79.965102, 40.4505369 ], [ -79.9651885, 40.4505544 ] ] } },
{ "type": "Feature", "properties": { "seg_id": "service-0165-00", "corridor": null, "walk_class": "service", "length_m": 82.43 }, "geometry": { "type": "LineString", "coordinates": [ [ -79.964614, 40.4360317 ], [ -79.9646805, 40.4360814 ], [ -79.9648088, 40.4361771 ], [ -79.9650213, 40.43604 ], [ -79.9654052, 40.4361727 ] ] } },
{ "type": "Feature", "properties": { "seg_id": "service-0166-00", "corridor": null, "walk_class": "service", "length_m": 39.36 }, "geometry": { "type": "LineString", "coordinates": [ [ -79.9651598, 40.4364736 ], [ -79.9654052, 40.4361727 ] ] } },
{ "type": "Feature", "properties": { "seg_id": "maurice-street-0167-00", "corridor": "Maurice Street", "walk_class": "street", "length_m": 59.28 }, "geometry": { "type": "LineString", "coordinates": [ [ -79.9653603, 40.4377657 ], [ -79.9653132, 40.4377197 ], [ -79.9652115, 40.4375721 ], [ -79.965167100000016, 40.4375103 ], [ -79.9651491, 40.43747110000001 ], [ -79.9651435, 40.4373878 ], [ -79.9651594, 40.4372751 ] ] } },
{ "type": "Feature", "properties": { "seg_id": "ossipee-street-0168-00", "corridor": "Ossipee Street", "walk_class": "sidewalk", "length_m": 16.7 }, "geometry": { "type": "LineString", "coordinates": [ [ -79.9651543, 40.450797799999989 ], [ -79.9651425, 40.4507899 ], [ -79.9650494, 40.4507774 ], [ -79.964975400000014, 40.4507674 ], [ -79.9649645, 40.4507644 ] ] } },
{ "type": "Feature", "properties": { "seg_id": "darragh-street-0169-00", "corridor": null, "walk_class": "sidewalk", "length_m": 37.4 }, "geometry": { "type": "LineString", "coordinates": [ [ -79.9650635, 40.4434452 ], [ -79.9651309, 40.443551399999983 ], [ -79.9651382, 40.4435628 ], [ -79.9651538, 40.4435875 ], [ -79.9652042, 40.4436668 ], [ -79.965213300000016, 40.4436811 ], [ -79.9652363, 40.4437173 ], [ -79.965255900000017, 40.4437483 ] ] } },
{ "type": "Feature", "properties": { "seg_id": "sidewalk-0170-00", "corridor": null, "walk_class": "sidewalk", "length_m": 49.61 }, "geometry": { "type": "LineString", "coordinates": [ [ -79.9647117, 40.4435206 ], [ -79.9647732, 40.4435477 ], [ -79.9648726, 40.4435916 ], [ -79.965056, 40.4436555 ], [ -79.9652363, 40.4437173 ] ] } },
{ "type": "Feature", "properties": { "seg_id": "ossipee-street-0171-00", "corridor": "Ossipee Street", "walk_class": "sidewalk", "length_m": 8.92 }, "geometry": { "type": "LineString", "coordinates": [ [ -79.965127700000011, 40.4504891 ], [ -79.9650247, 40.450473 ] ] } },
{ "type": "Feature", "properties": { "seg_id": "sidewalk-0172-00", "corridor": null, "walk_class": "sidewalk", "length_m": 6.91 }, "geometry": { "type": "LineString", "coordinates": [ [ -79.9651639, 40.4449783 ], [ -79.9650853, 40.4449948 ] ] } },
{ "type": "Feature", "properties": { "seg_id": "dunseith-street-0173-00", "corridor": "Dunseith Street", "walk_class": "sidewalk", "length_m": 100.22 }, "geometry": { "type": "LineString", "coordinates": [ [ -79.9649559, 40.4404836 ], [ -79.965020006230517, 40.441385078481595 ] ] } },
{ "type": "Feature", "properties": { "seg_id": "dunseith-street-0173-01", "corridor": "Dunseith Street", "walk_class": "sidewalk", "length_m": 100.22 }, "geometry": { "type": "LineString", "coordinates": [ [ -79.965020006230517, 40.441385078481595 ], [ -79.965084113919573, 40.442286556810096 ] ] } },
{ "type": "Feature", "properties": { "seg_id": "dunseith-street-0173-02", "corridor": "Dunseith Street", "walk_class": "sidewalk", "length_m": 100.22 }, "geometry": { "type": "LineString", "coordinates": [ [ -79.965084113919573, 40.442286556810096 ], [ -79.9651464, 40.4431624 ], [ -79.9651749, 40.443176 ] ] } },
{ "type": "Feature", "properties": { "seg_id": "service-0174-00", "corridor": null, "walk_class": "service", "length_m": 67.27 }, "geometry": { "type": "LineString", "coordinates": [ [ -79.9651091, 40.4458569 ], [ -79.9650143, 40.4457646 ], [ -79.964913, 40.4456743 ], [ -79.9648358, 40.4456013 ], [ -79.9648025, 40.4455668 ], [ -79.9647932, 40.4455509 ], [ -79.9647856, 40.4455379 ], [ -79.9647723, 40.4455063 ], [ -79.964734, 40.44534070000001 ] ] } },
{ "type": "Feature", "properties": { "seg_id": "sidewalk-0175-00", "corridor": null, "walk_class": "sidewalk", "length_m": 16.24 }, "geometry": { "type": "LineString", "coordinates": [ [ -79.9648605, 40.4509376 ], [ -79.9648733, 40.450942099999985 ], [ -79.9649385, 40.4509689 ], [ -79.9650182, 40.4510017 ], [ -79.965029, 40.451007 ] ] } },
{ "type": "Feature", "properties": { "seg_id": "darragh-street-0176-00", "corridor": "Darragh Street", "walk_class": "sidewalk", "length_m": 121.25 }, "geometry": { "type": "LineString", "coordinates": [ [ -79.9651464, 40.4431624 ], [ -79.9650965, 40.443141 ], [ -79.9650334, 40.4431113 ], [ -79.9645944, 40.4428716 ], [ -79.9645287, 40.4428348 ], [ -79.963987204734323, 40.442524137695187 ] ] } },
{ "type": "Feature", "properties": { "seg_id": "darragh-street-0176-01", "corridor": "Darragh Street", "walk_class": "sidewalk", "length_m": 121.25 }, "geometry": { "type": "LineString", "coordinates": [ [ -79.963987204734323, 40.442524137695187 ], [ -79.9638409, 40.4424402 ], [ -79.9633389, 40.4421735 ], [ -79.9629614, 40.4419536 ], [ -79.9628767, 40.4419045 ], [ -79.9628336, 40.4418795 ] ] } },
{ "type": "Feature", "properties": { "seg_id": "sidewalk-0177-00", "corridor": null, "walk_class": "sidewalk", "length_m": 141.55 }, "geometry": { "type": "LineString", "coordinates": [ [ -79.9650853, 40.4449948 ], [ -79.9646304, 40.4442451 ], [ -79.964434, 40.4439215 ], [ -79.9643651, 40.4438459 ] ] } },
{ "type": "Feature", "properties": { "seg_id": "fifth-avenue-0178-00", "corridor": "Fifth Avenue", "walk_class": "sidewalk", "length_m": 98.07 }, "geometry": { "type": "LineString", "coordinates": [ [ -79.965167100000016, 40.4375103 ], [ -79.9650855, 40.4375558 ], [ -79.9649023, 40.4376256 ], [ -79.9647367, 40.4376614 ], [ -79.9645514, 40.4376911 ], [ -79.9643621, 40.4377045 ], [ -79.9642625, 40.437716 ], [ -79.964068030399588, 40.437745240924016 ] ] } },
{ "type": "Feature", "properties": { "seg_id": "fifth-avenue-0178-01", "corridor": "Craft Avenue", "walk_class": "sidewalk", "length_m": 98.07 }, "geometry": { "type": "LineString", "coordinates": [ [ -79.964068030399588, 40.437745240924016 ], [ -79.9640417, 40.4377492 ], [ -79.9640148, 40.4377532 ], [ -79.9639942, 40.4377491 ], [ -79.9639818, 40.437743 ], [ -79.963976, 40.4377402 ], [ -79.9636443, 40.4374728 ], [ -79.9635896, 40.4374299 ], [ -79.9635564, 40.4374029 ], [ -79.9634097, 40.4372858 ], [ -79.96331090000001, 40.437207 ], [ -79.9632625, 40.4371445 ] ] } },
{ "type": "Feature", "properties": { "seg_id": "centre-avenue-0179-00", "corridor": "Centre Avenue", "walk_class": "sidewalk", "length_m": 23.14 }, "geometry": { "type": "LineString", "coordinates": [ [ -79.9649655, 40.4487138 ], [ -79.9648395, 40.4487591 ], [ -79.9647368, 40.448796 ], [ -79.9647197, 40.4487879 ] ] } },
{ "type": "Feature", "properties": { "seg_id": "dunseith-street-0180-00", "corridor": "Dunseith Street", "walk_class": "sidewalk", "length_m": 96.92 }, "geometry": { "type": "LineString", "coordinates": [ [ -79.9650334, 40.4431113 ], [ -79.9650404, 40.443107 ], [ -79.9650429, 40.4431 ], [ -79.9650429, 40.4430881 ], [ -79.9650429, 40.4430092 ], [ -79.964986164532164, 40.442242234248866 ] ] } },
{ "type": "Feature", "properties": { "seg_id": "dunseith-street-0180-01", "corridor": "Dunseith Street", "walk_class": "sidewalk", "length_m": 96.92 }, "geometry": { "type": "LineString", "coordinates": [ [ -79.964986164532164, 40.442242234248866 ], [ -79.964921681551957, 40.441370517196972 ] ] } },
{ "type": "Feature", "properties": { "seg_id": "dunseith-street-0180-02", "corridor": "Dunseith Street", "walk_class": "sidewalk", "length_m": 96.92 }, "geometry": { "type": "LineString", "coordinates": [ [ -79.964921681551957, 40.441370517196972 ], [ -79.9648572, 40.4404988 ] ] } },
{ "type": "Feature", "properties": { "seg_id": "webster-avenue-0181-00", "corridor": "Webster Avenue", "walk_class": "sidewalk", "length_m": 96.81 }, "geometry": { "type": "LineString", "coordinates": [ [ -79.9631817, 40.4541382 ], [ -79.9631876, 40.4541325 ], [ -79.9632231, 40.4541074 ], [ -79.9632581, 40.4540826 ], [ -79.9632695, 40.4540796 ], [ -79.9637633, 40.453738 ], [ -79.9637689, 40.4537304 ], [ -79.9638054, 40.453705 ], [ -79.9638374, 40.4536827 ], [ -79.964028390557687, 40.453555209215075 ] ] } },
{ "type": "Feature", "properties": { "seg_id": "webster-avenue-0181-01", "corridor": "Webster Avenue", "walk_class": "sidewalk", "length_m": 96.81 }, "geometry": { "type": "LineString", "coordinates": [ [ -79.964028390557687, 40.453555209215075 ], [ -79.9641866, 40.4534496 ], [ -79.9648876, 40.452981 ] ] } },
{ "type": "Feature", "properties": { "seg_id": "sidewalk-0182-00", "corridor": null, "walk_class": "sidewalk", "length_m": 104.06 }, "geometry": { "type": "LineString", "coordinates": [ [ -79.9640901, 40.4439898 ], [ -79.9641433, 40.444008 ], [ -79.96423, 40.4440309 ], [ -79.9642914, 40.4440756 ], [ -79.9643229, 40.4441123 ], [ -79.9644567, 40.4443083 ], [ -79.9646744, 40.4446272 ], [ -79.9646919, 40.4446799 ], [ -79.964740109820511, 40.444749767626114 ] ] } },
{ "type": "Feature", "properties": { "seg_id": "sidewalk-0182-01", "corridor": "Robinson Extension", "walk_class": "sidewalk", "length_m": 104.06 }, "geometry": { "type": "LineString", "coordinates": [ [ -79.964740109820511, 40.444749767626114 ], [ -79.9648751, 40.4449454 ], [ -79.9649814, 40.445101399999984 ], [ -79.96499230000002, 40.4451529 ], [ -79.9649869, 40.4452089 ], [ -79.9649657, 40.4452576 ], [ -79.964915, 40.4453059 ], [ -79.9648542, 40.4453453 ], [ -79.9649184, 40.445406 ], [ -79.9648604, 40.445444899999984 ], [ -79.9649189, 40.445494 ], [ -79.9649669, 40.4455343 ] ] } },
{ "type": "Feature", "properties": { "seg_id": "sidewalk-0183-00", "corridor": null, "walk_class": "sidewalk", "length_m": 25.93 }, "geometry": { "type": "LineString", "coordinates": [ [ -79.9646611, 40.4456183 ], [ -79.964756, 40.4455695 ], [ -79.9647932, 40.4455509 ], [ -79.9648387, 40.4455282 ], [ -79.9648534, 40.4455205 ], [ -79.9648666, 40.4455124 ], [ -79.9648839, 40.4455042 ], [ -79.9649027, 40.4454984 ], [ -79.9649189, 40.445494 ] ] } },
{ "type": "Feature", "properties": { "seg_id": "herron-avenue-0184-00", "corridor": "Herron Avenue", "walk_class": "sidewalk", "length_m": 83.37 }, "geometry": { "type": "LineString", "coordinates": [ [ -79.9648013, 40.4528924 ], [ -79.9643158, 40.4523808 ], [ -79.9643084, 40.4523726 ], [ -79.9642821, 40.4523309 ], [ -79.9642527, 40.4522845 ], [ -79.9642444, 40.4522751 ] ] } },
{ "type": "Feature", "properties": { "seg_id": "danube-street-0185-00", "corridor": "Danube Street", "walk_class": "sidewalk", "length_m": 68.64 }, "geometry": { "type": "LineString", "coordinates": [ [ -79.9643548, 40.4534893 ], [ -79.9647728, 40.4539236 ], [ -79.9647713, 40.453939 ], [ -79.9647107, 40.4539829 ] ] } },
{ "type": "Feature", "properties": { "seg_id": "service-0186-00", "corridor": null, "walk_class": "service", "length_m": 81.13 }, "geometry": { "type": "LineString", "coordinates": [ [ -79.9647081, 40.450462 ], [ -79.9647976, 40.4500886 ], [ -79.9647762, 40.4499759 ], [ -79.9647143, 40.4499075 ], [ -79.9645741, 40.4499073 ], [ -79.9645124, 40.4499073 ] ] } },
{ "type": "Feature", "properties": { "seg_id": "robinson-extension-0187-00", "corridor": "Robinson Extension", "walk_class": "sidewalk", "length_m": 17.4 }, "geometry": { "type": "LineString", "coordinates": [ [ -79.9647979, 40.4489456 ], [ -79.964792, 40.4489318 ], [ -79.9647668, 40.4488698 ], [ -79.9647368, 40.448796 ] ] } },
{ "type": "Feature", "properties": { "seg_id": "sidewalk-0188-00", "corridor": null, "walk_class": "sidewalk", "length_m": 9.25 }, "geometry": { "type": "LineString", "coordinates": [ [ -79.9646397, 40.4539247 ], [ -79.9646486, 40.4539232 ], [ -79.9646824, 40.4539572 ], [ -79.9647008, 40.4539758 ], [ -79.9647107, 40.4539829 ] ] } },
{ "type": "Feature", "properties": { "seg_id": "danube-street-0189-00", "corridor": "Danube Street", "walk_class": "sidewalk", "length_m": 65.25 }, "geometry": { "type": "LineString", "coordinates": [ [ -79.9641866, 40.4534496 ], [ -79.9642532, 40.4535169 ], [ -79.9642668, 40.4535317 ], [ -79.9642855, 40.4535522 ], [ -79.9644529, 40.4537282 ], [ -79.9646397, 40.4539247 ] ] } },
{ "type": "Feature", "properties": { "seg_id": "service-0190-00", "corridor": null, "walk_class": "service", "length_m": 129.77 }, "geometry": { "type": "LineString", "coordinates": [ [ -79.9638801, 40.4442046 ], [ -79.9638385, 40.4441797 ], [ -79.9638021, 40.4441555 ], [ -79.9637898, 40.444098200000013 ], [ -79.9646147, 40.4434849 ], [ -79.9646877, 40.4434764 ], [ -79.9647373, 40.4435013 ], [ -79.9647843, 40.4435396 ] ] } },
{ "type": "Feature", "properties": { "seg_id": "service-0191-00", "corridor": null, "walk_class": "service", "length_m": 126.39 }, "geometry": { "type": "LineString", "coordinates": [ [ -79.9644555, 40.4453787 ], [ -79.9646379, 40.4455951 ], [ -79.9646611, 40.4456183 ], [ -79.9647237, 40.445680799999984 ], [ -79.9645788, 40.4458074 ], [ -79.9644447, 40.4459339 ], [ -79.9642945, 40.4460523 ], [ -79.9641304, 40.4461471 ], [ -79.9640049, 40.4462197 ] ] } },
{ "type": "Feature", "properties": { "seg_id": "service-0192-00", "corridor": null, "walk_class": "service", "length_m": 91.8 }, "geometry": { "type": "LineString", "coordinates": [ [ -79.9641784, 40.4464314 ], [ -79.9641196, 40.4463718 ], [ -79.9640595, 40.4463079 ], [ -79.96403, 40.4462636 ], [ -79.9640049, 40.4462197 ], [ -79.9639587, 40.4462072 ], [ -79.9639298, 40.446199299999989 ], [ -79.9636669, 40.4459054 ], [ -79.9638117, 40.4457911 ], [ -79.963811742663438, 40.445791042694488 ] ] } },
{ "type": "Feature", "properties": { "seg_id": "service-0192-01", "corridor": null, "walk_class": "service", "length_m": 91.8 }, "geometry": { "type": "LineString", "coordinates": [ [ -79.963811742663438, 40.445791042694488 ], [ -79.9639029, 40.445668599999983 ], [ -79.9639548, 40.4456382 ], [ -79.9640424, 40.4455869 ], [ -79.9641197, 40.4455466 ], [ -79.9642879, 40.445459 ], [ -79.9644555, 40.4453787 ], [ -79.964561500000016, 40.445350700000013 ], [ -79.9646763, 40.4453444 ] ] } },
{ "type": "Feature", "properties": { "seg_id": "landleiss-place-0193-00", "corridor": "Landleiss Place", "walk_class": "sidewalk", "length_m": 111.28 }, "geometry": { "type": "LineString", "coordinates": [ [ -79.964578, 40.4499468 ], [ -79.9645765, 40.449926499999989 ], [ -79.9645741, 40.4499073 ], [ -79.9645701, 40.4498744 ], [ -79.9644864, 40.4489468 ] ] } },
{ "type": "Feature", "properties": { "seg_id": "sidewalk-0194-00", "corridor": null, "walk_class": "sidewalk", "length_m": 16.33 }, "geometry": { "type": "LineString", "coordinates": [ [ -79.9644567, 40.4443083 ], [ -79.9645255, 40.4442828 ], [ -79.9645477, 40.4442732 ], [ -79.964597, 40.4442571 ], [ -79.9646304, 40.4442451 ] ] } },
{ "type": "Feature", "properties": { "seg_id": "carlow-drive-0195-00", "corridor": "Carlow Drive", "walk_class": "sidewalk", "length_m": 94.46 }, "geometry": { "type": "LineString", "coordinates": [ [ -79.9646838, 40.4399417 ], [ -79.964669, 40.4397083 ], [ -79.964686, 40.4397081 ], [ -79.9646786, 40.4395411 ], [ -79.9646771, 40.4395159 ], [ -79.9646751, 40.439507699999986 ], [ -79.9646725, 40.439501 ], [ -79.964669, 40.4394941 ], [ -79.9646648, 40.4394878 ], [ -79.964471900000021, 40.4392546 ], [ -79.964397634369419, 40.439164773299744 ] ] } },
{ "type": "Feature", "properties": { "seg_id": "carlow-drive-0195-01", "corridor": "Carlow Drive", "walk_class": "sidewalk", "length_m": 94.46 }, "geometry": { "type": "LineString", "coordinates": [ [ -79.964397634369419, 40.439164773299744 ], [ -79.9643712, 40.439132799999989 ], [ -79.9642738, 40.439018 ], [ -79.9642186, 40.43896 ], [ -79.9642047, 40.4389454 ], [ -79.9641675, 40.4389111 ], [ -79.9641401, 40.4388882 ], [ -79.9641277, 40.4388795 ], [ -79.9640879, 40.4388523 ], [ -79.9640666, 40.43884 ], [ -79.9640445, 40.4388284 ], [ -79.9640212, 40.4388176 ], [ -79.9639979, 40.4388081 ], [ -79.9639739, 40.4387997 ], [ -79.9639506, 40.4387936 ], [ -79.963916, 40.438788700000011 ], [ -79.9638768, 40.4387848 ], [ -79.9638361, 40.4387827 ], [ -79.9638035, 40.4387835 ], [ -79.9637717, 40.4387866 ], [ -79.9637062, 40.4387937 ], [ -79.9636732, 40.4387993 ], [ -79.9636426, 40.438805499999987 ], [ -79.9636116, 40.4388125 ], [ -79.9635783, 40.438824 ], [ -79.963524550834805, 40.438843664329987 ] ] } },
{ "type": "Feature", "properties": { "seg_id": "carlow-drive-0195-02", "corridor": "Carlow Drive", "walk_class": "sidewalk", "length_m": 94.46 }, "geometry": { "type": "LineString", "coordinates": [ [ -79.963524550834805, 40.438843664329987 ], [ -79.9635209, 40.438845 ], [ -79.9635089, 40.4388507 ], [ -79.9634995, 40.4388557 ], [ -79.9633872, 40.4389293 ], [ -79.9630199, 40.439212 ], [ -79.9629368, 40.439273299999989 ], [ -79.9629216, 40.439262 ], [ -79.9627182, 40.4391172 ] ] } },
{ "type": "Feature", "properties": { "seg_id": "service-0196-00", "corridor": null, "walk_class": "service", "length_m": 141.48 }, "geometry": { "type": "LineString", "coordinates": [ [ -79.9645596, 40.4429148 ], [ -79.9645944, 40.4428716 ], [ -79.9646131, 40.4428465 ], [ -79.9646272, 40.4428226 ], [ -79.9646375, 40.4427948 ], [ -79.9646385, 40.4427718 ], [ -79.9645899, 40.4424874 ], [ -79.9645871, 40.442442100000015 ], [ -79.9645958, 40.4424177 ], [ -79.9646121, 40.4423957 ], [ -79.9646163, 40.4423821 ], [ -79.9645502, 40.4420377 ], [ -79.9645442, 40.4420245 ], [ -79.9645332, 40.442014 ], [ -79.9643358, 40.4418986 ], [ -79.9641776, 40.4418022 ] ] } },
{ "type": "Feature", "properties": { "seg_id": "sidewalk-0197-00", "corridor": null, "walk_class": "sidewalk", "length_m": 19.58 }, "geometry": { "type": "LineString", "coordinates": [ [ -79.9646786, 40.4395411 ], [ -79.9646272, 40.439575499999989 ], [ -79.9645691, 40.4396144 ], [ -79.9645049, 40.4396573 ] ] } },
{ "type": "Feature", "properties": { "seg_id": "service-0198-00", "corridor": null, "walk_class": "service", "length_m": 131.19 }, "geometry": { "type": "LineString", "coordinates": [ [ -79.9637635, 40.4448031 ], [ -79.9638687, 40.4449347 ], [ -79.9642879, 40.445459 ], [ -79.9645788, 40.4458074 ] ] } },
{ "type": "Feature", "properties": { "seg_id": "steps-0199-00", "corridor": null, "walk_class": "steps", "length_m": 101.51 }, "geometry": { "type": "LineString", "coordinates": [ [ -79.9644529, 40.4537282 ], [ -79.96441, 40.4537511 ], [ -79.9641991, 40.453891 ], [ -79.9639472, 40.4540215 ], [ -79.9637836, 40.4541262 ], [ -79.9635519, 40.4542856 ], [ -79.9635366, 40.4542957 ], [ -79.9635235, 40.4543022 ] ] } },
{ "type": "Feature", "properties": { "seg_id": "service-0200-00", "corridor": null, "walk_class": "service", "length_m": 45.09 }, "geometry": { "type": "LineString", "coordinates": [ [ -79.9642445, 40.4403972 ], [ -79.9645346, 40.4401847 ], [ -79.9646287, 40.4401165 ] ] } },
{ "type": "Feature", "properties": { "seg_id": "forbes-avenue-0201-00", "corridor": "Forbes Avenue", "walk_class": "sidewalk", "length_m": 99.28 }, "geometry": { "type": "LineString", "coordinates": [ [ -79.9646805, 40.4360814 ], [ -79.9646202, 40.4361249 ], [ -79.963827577758465, 40.436693909669565 ] ] } },
{ "type": "Feature", "properties": { "seg_id": "forbes-avenue-0201-01", "corridor": "Forbes Avenue", "walk_class": "sidewalk", "length_m": 99.28 }, "geometry": { "type": "LineString", "coordinates": [ [ -79.963827577758465, 40.436693909669565 ], [ -79.9635508, 40.4368926 ], [ -79.9635388, 40.4369012 ], [ -79.9633031, 40.4370766 ], [ -79.9632781, 40.437106 ], [ -79.9632632, 40.4371347 ], [ -79.9632625, 40.4371445 ], [ -79.9631898, 40.4371911 ], [ -79.9631411, 40.4372342 ], [ -79.9631203, 40.43723150000001 ], [ -79.9631045, 40.4372353 ], [ -79.9630649, 40.4372479 ], [ -79.962994715593567, 40.437298125900554 ] ] } },
{ "type": "Feature", "properties": { "seg_id": "forbes-avenue-0201-02", "corridor": "Forbes Avenue", "walk_class": "sidewalk", "length_m": 99.28 }, "geometry": { "type": "LineString", "coordinates": [ [ -79.962994715593567, 40.437298125900554 ], [ -79.9627769, 40.437454 ], [ -79.962140505878708, 40.437909599429268 ] ] } },
{ "type": "Feature", "properties": { "seg_id": "forbes-avenue-0201-03", "corridor": "Forbes Avenue", "walk_class": "sidewalk", "length_m": 99.28 }, "geometry": { "type": "LineString", "coordinates": [ [ -79.962140505878708, 40.437909599429268 ], [ -79.962116200000011, 40.437927 ], [ -79.9620948, 40.437942899999989 ], [ -79.9620538, 40.43797330000001 ], [ -79.9614406, 40.4384308 ], [ -79.9614328, 40.4384366 ], [ -79.9614, 40.4384606 ], [ -79.9613848, 40.4384718 ], [ -79.9613791, 40.4384792 ], [ -79.9613781, 40.4384902 ], [ -79.9613795, 40.4385004 ], [ -79.9613842, 40.4385075 ], [ -79.9614291, 40.4385438 ], [ -79.9614297247564, 40.438544297497963 ] ] } },
{ "type": "Feature", "properties": { "seg_id": "forbes-avenue-0201-04", "corridor": "Halket Street", "walk_class": "sidewalk", "length_m": 99.28 }, "geometry": { "type": "LineString", "coordinates": [ [ -79.9614297247564, 40.438544297497963 ], [ -79.961678, 40.438742 ], [ -79.961703500000013, 40.438761899999989 ], [ -79.9617277, 40.4387808 ], [ -79.9620403, 40.4390351 ], [ -79.9620574, 40.4390403 ], [ -79.9620766, 40.4390362 ], [ -79.96224839804276, 40.438901734844357 ] ] } },
{ "type": "Feature", "properties": { "seg_id": "forbes-avenue-0201-05", "corridor": "Fifth Avenue", "walk_class": "sidewalk", "length_m": 99.28 }, "geometry": { "type": "LineString", "coordinates": [ [ -79.96224839804276, 40.438901734844357 ], [ -79.9624268, 40.438762099999977 ], [ -79.9628001, 40.4384723 ], [ -79.9630587, 40.4382805 ], [ -79.9630741109289, 40.438267901726249 ] ] } },
{ "type": "Feature", "properties": { "seg_id": "forbes-avenue-0201-06", "corridor": "Fifth Avenue", "walk_class": "sidewalk", "length_m": 99.28 }, "geometry": { "type": "LineString", "coordinates": [ [ -79.9630741109289, 40.438267901726249 ], [ -79.9631376, 40.438216 ], [ -79.9634183, 40.438023200000011 ], [ -79.9635377, 40.437932 ], [ -79.9636194, 40.4378922 ], [ -79.9637303, 40.4378388 ], [ -79.9637539, 40.4378279 ], [ -79.9637634, 40.4378236 ], [ -79.9637858, 40.4377989 ], [ -79.9637877, 40.437794400000016 ], [ -79.9637973, 40.437772 ], [ -79.9637927, 40.4377491 ], [ -79.9637765, 40.4377321 ], [ -79.9636864, 40.43766 ] ] } },
{ "type": "Feature", "properties": { "seg_id": "service-0202-00", "corridor": null, "walk_class": "service", "length_m": 118.73 }, "geometry": { "type": "LineString", "coordinates": [ [ -79.9646609, 40.4370357 ], [ -79.9642215, 40.4370625 ], [ -79.963922, 40.437082599999982 ], [ -79.9637555, 40.4372462 ], [ -79.9637034, 40.4372611 ], [ -79.9635943, 40.4373965 ], [ -79.9636032, 40.4374184 ], [ -79.9635896, 40.4374299 ], [ -79.9635379, 40.4374694 ] ] } },
{ "type": "Feature", "properties": { "seg_id": "service-0203-00", "corridor": null, "walk_class": "service", "length_m": 85.88 }, "geometry": { "type": "LineString", "coordinates": [ [ -79.9639568, 40.4406402 ], [ -79.9641849, 40.440443 ], [ -79.9642445, 40.4403972 ], [ -79.964605, 40.4403403 ], [ -79.9645346, 40.4401847 ] ] } },
{ "type": "Feature", "properties": { "seg_id": "carlow-drive-0204-00", "corridor": null, "walk_class": "sidewalk", "length_m": 75.42 }, "geometry": { "type": "LineString", "coordinates": [ [ -79.9645072, 40.43966 ], [ -79.9645111, 40.4396645 ], [ -79.9645172, 40.439667600000014 ], [ -79.9645263, 40.4396699 ], [ -79.9645375, 40.4396722 ], [ -79.9645461, 40.4396763 ], [ -79.9645513, 40.439678699999988 ], [ -79.9645552, 40.4396822 ], [ -79.9645584, 40.439687 ], [ -79.9645607, 40.4396912 ], [ -79.9645622, 40.4396966 ], [ -79.9645634, 40.439703 ], [ -79.9645642, 40.4397098 ], [ -79.9645646, 40.4397155 ], [ -79.9645642, 40.439723199999989 ], [ -79.964562700000016, 40.4397303 ], [ -79.9645575, 40.4397495 ], [ -79.9645528, 40.4397651 ], [ -79.9645512, 40.4397702 ], [ -79.9645488, 40.439774 ], [ -79.964545, 40.4397782 ], [ -79.9643711, 40.4399141 ], [ -79.9643651, 40.4399171 ], [ -79.964359, 40.4399189 ], [ -79.9643499, 40.4399196 ], [ -79.9643409, 40.43992 ], [ -79.964332, 40.4399202 ], [ -79.9643237, 40.4399218 ], [ -79.9643176, 40.439923 ], [ -79.9643116, 40.4399259 ], [ -79.9643058, 40.439929 ], [ -79.9642987, 40.43993480000001 ], [ -79.9641904, 40.4400239 ], [ -79.964185, 40.440028699999985 ], [ -79.9641821, 40.4400334 ], [ -79.9641795, 40.4400386 ], [ -79.9641779, 40.4400445 ], [ -79.9641775, 40.4400499 ], [ -79.9641775, 40.4400553 ], [ -79.9641777, 40.440062 ], [ -79.9641786, 40.440068399999987 ], [ -79.9641808, 40.440076 ], [ -79.9641839, 40.4400829 ], [ -79.9641875, 40.440089 ], [ -79.9641921, 40.4400952 ], [ -79.964197, 40.4401001 ], [ -79.9642027, 40.440106 ], [ -79.9642063, 40.4401105 ], [ -79.9642094, 40.4401159 ], [ -79.9642105, 40.4401209 ], [ -79.96421, 40.4401252 ], [ -79.9642085, 40.4401292 ], [ -79.9642058, 40.4401322 ], [ -79.9641637, 40.440163599999984 ] ] } },
{ "type": "Feature", "properties": { "seg_id": "carlow-drive-0205-00", "corridor": "Carlow Drive", "walk_class": "sidewalk", "length_m": 13.28 }, "geometry": { "type": "LineString", "coordinates": [ [ -79.9645072, 40.43966 ], [ -79.9644889, 40.4396718 ], [ -79.9644827, 40.4396772 ], [ -79.9644817, 40.4396821 ], [ -79.9644854, 40.439687 ], [ -79.9644955, 40.4396957 ], [ -79.964540200000016, 40.4397311 ], [ -79.9645513, 40.4397422 ], [ -79.9645575, 40.4397495 ] ] } },
{ "type": "Feature", "properties": { "seg_id": "service-0206-00", "corridor": null, "walk_class": "service", "length_m": 63.07 }, "geometry": { "type": "LineString", "coordinates": [ [ -79.9645518, 40.43777 ], [ -79.9645566, 40.4378348 ], [ -79.9645734, 40.4380598 ], [ -79.9645533, 40.4381341 ], [ -79.9645672, 40.4383358 ] ] } },
{ "type": "Feature", "properties": { "seg_id": "service-0207-00", "corridor": null, "walk_class": "service", "length_m": 108.49 }, "geometry": { "type": "LineString", "coordinates": [ [ -79.9637581, 40.4451093 ], [ -79.9641197, 40.4455466 ], [ -79.9644447, 40.4459339 ] ] } },
{ "type": "Feature", "properties": { "seg_id": "danube-street-0208-00", "corridor": "Danube Street", "walk_class": "street", "length_m": 55.09 }, "geometry": { "type": "LineString", "coordinates": [ [ -79.964324, 40.4535211 ], [ -79.9642668, 40.4535317 ], [ -79.9641711, 40.4535662 ], [ -79.9640362, 40.4536236 ], [ -79.9638571, 40.4537162 ], [ -79.9638054, 40.453705 ], [ -79.9637636, 40.4536716 ] ] } },
{ "type": "Feature", "properties": { "seg_id": "milwaukee-street-0209-00", "corridor": "Milwaukee Street", "walk_class": "sidewalk", "length_m": 97.43 }, "geometry": { "type": "LineString", "coordinates": [ [ -79.9643158, 40.4523808 ], [ -79.963455032357714, 40.452962170271412 ] ] } },
{ "type": "Feature", "properties": { "seg_id": "milwaukee-street-0209-01", "corridor": "Milwaukee Street", "walk_class": "sidewalk", "length_m": 97.43 }, "geometry": { "type": "LineString", "coordinates": [ [ -79.963455032357714, 40.452962170271412 ], [ -79.962594249905735, 40.453543533890702 ] ] } },
{ "type": "Feature", "properties": { "seg_id": "milwaukee-street-0209-02", "corridor": "Milwaukee Street", "walk_class": "sidewalk", "length_m": 97.43 }, "geometry": { "type": "LineString", "coordinates": [ [ -79.962594249905735, 40.453543533890702 ], [ -79.961733452643685, 40.454124890857479 ] ] } },
{ "type": "Feature", "properties": { "seg_id": "milwaukee-street-0209-03", "corridor": "Clarissa Street", "walk_class": "sidewalk", "length_m": 97.43 }, "geometry": { "type": "LineString", "coordinates": [ [ -79.961733452643685, 40.454124890857479 ], [ -79.9614718, 40.4543016 ], [ -79.9614649, 40.4543166 ], [ -79.9614326, 40.454343 ], [ -79.9614063, 40.4543646 ], [ -79.9613949, 40.4543714 ], [ -79.9613718, 40.4543725 ], [ -79.9613604, 40.4543623 ], [ -79.9613356, 40.4543381 ], [ -79.9613062, 40.4543095 ], [ -79.9612988, 40.4543023 ], [ -79.9614225, 40.4542108 ], [ -79.9614294, 40.4541966 ], [ -79.9614719, 40.4541665 ], [ -79.9615093, 40.4541399 ], [ -79.9615199, 40.4541338 ], [ -79.9615364, 40.4541433 ], [ -79.961687590295796, 40.454039806754416 ] ] } },
{ "type": "Feature", "properties": { "seg_id": "milwaukee-street-0209-04", "corridor": "Milwaukee Street", "walk_class": "sidewalk", "length_m": 97.43 }, "geometry": { "type": "LineString", "coordinates": [ [ -79.961687590295796, 40.454039806754416 ], [ -79.962543273687913, 40.453454061885687 ] ] } },
{ "type": "Feature", "properties": { "seg_id": "milwaukee-street-0209-05", "corridor": "Bryn Mawr Road", "walk_class": "sidewalk", "length_m": 97.43 }, "geometry": { "type": "LineString", "coordinates": [ [ -79.962543273687913, 40.453454061885687 ], [ -79.9627676, 40.4533005 ], [ -79.962775, 40.453284 ], [ -79.9627666, 40.4532705 ], [ -79.9627336, 40.4532581 ], [ -79.9624492, 40.453254 ], [ -79.9622136, 40.4532052 ], [ -79.9620588, 40.4531565 ], [ -79.961992338615289, 40.453134171594293 ] ] } },
{ "type": "Feature", "properties": { "seg_id": "milwaukee-street-0209-06", "corridor": "Bryn Mawr Road", "walk_class": "sidewalk", "length_m": 97.43 }, "geometry": { "type": "LineString", "coordinates": [ [ -79.961992338615289, 40.453134171594293 ], [ -79.960940597082313, 40.452780820869435 ] ] } },
{ "type": "Feature", "properties": { "seg_id": "milwaukee-street-0209-07", "corridor": "Bryn Mawr Road", "walk_class": "sidewalk", "length_m": 97.43 }, "geometry": { "type": "LineString", "coordinates": [ [ -79.960940597082313, 40.452780820869435 ], [ -79.9609197, 40.45277380000001 ], [ -79.9603073, 40.452568 ], [ -79.959888898018733, 40.452427406356783 ] ] } },
{ "type": "Feature", "properties": { "seg_id": "milwaukee-street-0209-08", "corridor": "Bryn Mawr Road", "walk_class": "sidewalk", "length_m": 97.43 }, "geometry": { "type": "LineString", "coordinates": [ [ -79.959888898018733, 40.452427406356783 ], [ -79.9588372, 40.452074 ] ] } },
{ "type": "Feature", "properties": { "seg_id": "carlow-drive-0210-00", "corridor": "Carlow Drive", "walk_class": "sidewalk", "length_m": 67.85 }, "geometry": { "type": "LineString", "coordinates": [ [ -79.9645049, 40.4396573 ], [ -79.9642772, 40.4394765 ], [ -79.9642509, 40.4394543 ], [ -79.9642305, 40.4394343 ], [ -79.9642194, 40.4394125 ], [ -79.9642136, 40.4393881 ], [ -79.9642141, 40.4393659 ], [ -79.9642223, 40.4393401 ], [ -79.9642357, 40.4393094 ], [ -79.9642515, 40.4392828 ], [ -79.9642714, 40.4392477 ], [ -79.9642877, 40.439225 ], [ -79.9642953, 40.4392046 ], [ -79.964297, 40.439181 ], [ -79.964293, 40.4391637 ], [ -79.9642801, 40.4391464 ] ] } },
{ "type": "Feature", "properties": { "seg_id": "service-0211-00", "corridor": null, "walk_class": "service", "length_m": 90.9 }, "geometry": { "type": "LineString", "coordinates": [ [ -79.9643862, 40.440508199999989 ], [ -79.9643947, 40.440569600000011 ], [ -79.9644718, 40.4411239 ], [ -79.9644705, 40.4411306 ], [ -79.9644681, 40.4411362 ], [ -79.9644533, 40.441166 ], [ -79.9644502, 40.4411738 ], [ -79.96443570000001, 40.4412296 ], [ -79.9644321, 40.441237 ], [ -79.9644292, 40.4412408 ], [ -79.9644116, 40.4412582 ], [ -79.9644089, 40.4412639 ], [ -79.9644014, 40.4412862 ], [ -79.9643965, 40.4412985 ], [ -79.9643951, 40.4413123 ] ] } },
{ "type": "Feature", "properties": { "seg_id": "service-0212-00", "corridor": null, "walk_class": "service", "length_m": 118.19 }, "geometry": { "type": "LineString", "coordinates": [ [ -79.9635927, 40.441223 ], [ -79.9636474, 40.4412649 ], [ -79.9636554, 40.4412711 ], [ -79.9636983, 40.4413046 ], [ -79.9637396, 40.4413424 ], [ -79.9637585, 40.4413623 ], [ -79.9637744, 40.4413852 ], [ -79.9637846, 40.4414059 ], [ -79.9637912, 40.441423 ], [ -79.9637958, 40.4414386 ], [ -79.9637983, 40.44146 ], [ -79.9637964, 40.4414759 ], [ -79.9637884, 40.4414949 ], [ -79.963778, 40.4415081 ], [ -79.9635398, 40.4418089 ], [ -79.9637128, 40.4419093 ], [ -79.963890255907017, 40.441757004959868 ] ] } },
{ "type": "Feature", "properties": { "seg_id": "service-0212-01", "corridor": null, "walk_class": "service", "length_m": 118.19 }, "geometry": { "type": "LineString", "coordinates": [ [ -79.963890255907017, 40.441757004959868 ], [ -79.9641515, 40.4415328 ], [ -79.9641882, 40.4414974 ], [ -79.9642299, 40.44145180000001 ], [ -79.9642421, 40.4414379 ], [ -79.9642503, 40.4414202 ], [ -79.964258900000019, 40.4413846 ], [ -79.9642683, 40.4413782 ], [ -79.9642812, 40.4413725 ], [ -79.9642954, 40.4413666 ], [ -79.964306, 40.4413607 ], [ -79.9643154, 40.4413538 ], [ -79.96434170000002, 40.4413278 ], [ -79.9643504, 40.4413233 ], [ -79.9643714, 40.4413161 ], [ -79.9643951, 40.4413123 ], [ -79.9644221, 40.4413169 ], [ -79.964432500000015, 40.441324 ], [ -79.96443810000001, 40.4413332 ], [ -79.9644402, 40.4413566 ], [ -79.964449, 40.4414853 ], [ -79.9644504, 40.441509 ], [ -79.9644485, 40.441524299999983 ], [ -79.9644437, 40.4415314 ], [ -79.9644363, 40.4415365 ], [ -79.964422, 40.4415425 ], [ -79.9644069, 40.441547 ], [ -79.9643864, 40.4415514 ], [ -79.96436420000002, 40.4415544 ], [ -79.9643384, 40.4415552 ], [ -79.9643143, 40.4415545 ], [ -79.9642871, 40.4415528 ], [ -79.9642629, 40.441547199999988 ], [ -79.9642515, 40.4415428 ], [ -79.9641882, 40.4414974 ] ] } },
{ "type": "Feature", "properties": { "seg_id": "service-0213-00", "corridor": null, "walk_class": "service", "length_m": 79.55 }, "geometry": { "type": "LineString", "coordinates": [ [ -79.9638258, 40.4405305 ], [ -79.9643425, 40.440115 ], [ -79.9644718, 40.440011 ] ] } },
{ "type": "Feature", "properties": { "seg_id": "service-0214-00", "corridor": null, "walk_class": "service", "length_m": 31.5 }, "geometry": { "type": "LineString", "coordinates": [ [ -79.9644533, 40.441166 ], [ -79.9642847, 40.4410494 ], [ -79.9641779, 40.4409756 ] ] } },
{ "type": "Feature", "properties": { "seg_id": "sidewalk-0215-00", "corridor": null, "walk_class": "sidewalk", "length_m": 141.51 }, "geometry": { "type": "LineString", "coordinates": [ [ -79.964471900000021, 40.4392546 ], [ -79.9644171, 40.4392782 ], [ -79.9643284, 40.4393165 ], [ -79.9642141, 40.4393659 ], [ -79.9641968, 40.4393675 ], [ -79.9641724, 40.439365900000013 ], [ -79.9641318, 40.4393547 ], [ -79.9641203, 40.4393515 ], [ -79.9640992, 40.4393425 ], [ -79.964088, 40.4393373 ], [ -79.9640784, 40.4393311 ], [ -79.9640545, 40.4393126 ], [ -79.9639651, 40.4392468 ], [ -79.9639481, 40.4392407 ], [ -79.963927, 40.439236 ], [ -79.9639021, 40.4392337 ], [ -79.9638772, 40.439234 ], [ -79.9638518, 40.4392362 ], [ -79.9638264, 40.4392406 ], [ -79.9638052, 40.439246 ], [ -79.9637938, 40.4392499 ], [ -79.9637847, 40.4392547 ], [ -79.9637689, 40.4392673 ], [ -79.963475700000018, 40.4394963 ], [ -79.9634676, 40.4395048 ], [ -79.963462, 40.4395179 ], [ -79.9634635, 40.439529899999982 ], [ -79.9634739, 40.4395736 ], [ -79.9634823, 40.4396092 ], [ -79.9634859, 40.4396258 ], [ -79.9634879, 40.4396394 ], [ -79.96349, 40.4396525 ], [ -79.963491, 40.4396641 ], [ -79.96349, 40.439678099999988 ], [ -79.9634849, 40.4396908 ], [ -79.9634778, 40.4397013 ], [ -79.9634691, 40.4397105 ], [ -79.963461200000012, 40.4397161 ], [ -79.9634602, 40.4397174 ], [ -79.96346, 40.4397191 ], [ -79.9634601, 40.4397209 ], [ -79.963461200000012, 40.4397224 ], [ -79.9635048, 40.4397576 ], [ -79.9635473, 40.4397921 ] ] } },
{ "type": "Feature", "properties": { "seg_id": "milwaukee-street-0216-00", "corridor": null, "walk_class": "sidewalk", "length_m": 92.73 }, "geometry": { "type": "LineString", "coordinates": [ [ -79.9642424, 40.4520478 ], [ -79.9641384, 40.4521005 ], [ -79.9633311, 40.4525094 ] ] } },
{ "type": "Feature", "properties": { "seg_id": "milwaukee-street-0217-00", "corridor": "Milwaukee Street", "walk_class": "sidewalk", "length_m": 5.16 }, "geometry": { "type": "LineString", "coordinates": [ [ -79.964238400000013, 40.4521644 ], [ -79.9641896, 40.4521922 ] ] } },
{ "type": "Feature", "properties": { "seg_id": "service-0218-00", "corridor": null, "walk_class": "service", "length_m": 42.71 }, "geometry": { "type": "LineString", "coordinates": [ [ -79.9643951, 40.4413123 ], [ -79.9639998, 40.441074 ] ] } },
{ "type": "Feature", "properties": { "seg_id": "service-0219-00", "corridor": null, "walk_class": "service", "length_m": 36.44 }, "geometry": { "type": "LineString", "coordinates": [ [ -79.9641676, 40.4362189 ], [ -79.9643796, 40.4360632 ], [ -79.9644109, 40.4360872 ], [ -79.9644712, 40.4361395 ] ] } },
{ "type": "Feature", "properties": { "seg_id": "service-0220-00", "corridor": null, "walk_class": "service", "length_m": 142.92 }, "geometry": { "type": "LineString", "coordinates": [ [ -79.9638687, 40.4449347 ], [ -79.9637581, 40.4451093 ], [ -79.9636669, 40.4452807 ], [ -79.9639548, 40.4456382 ], [ -79.9642945, 40.4460523 ] ] } },
{ "type": "Feature", "properties": { "seg_id": "herron-avenue-0221-00", "corridor": "Herron Avenue", "walk_class": "sidewalk", "length_m": 36.15 }, "geometry": { "type": "LineString", "coordinates": [ [ -79.9641384, 40.4521005 ], [ -79.9641521, 40.4521773 ], [ -79.9641193, 40.4521934 ], [ -79.9641298, 40.4522578 ], [ -79.9641943, 40.4522253 ], [ -79.9641896, 40.4521922 ], [ -79.9641851, 40.4521612 ], [ -79.9641521, 40.4521773 ] ] } },
{ "type": "Feature", "properties": { "seg_id": "sidewalk-0222-00", "corridor": null, "walk_class": "sidewalk", "length_m": 12.81 }, "geometry": { "type": "LineString", "coordinates": [ [ -79.9643071, 40.44063 ], [ -79.9643164, 40.4406352 ], [ -79.9643561, 40.4406576 ], [ -79.9643457, 40.440668499999987 ], [ -79.9643357, 40.4406783 ], [ -79.9643304, 40.4406853 ], [ -79.9643279, 40.4406901 ], [ -79.9643286, 40.4406955 ], [ -79.9643301, 40.440719800000011 ] ] } },
{ "type": "Feature", "properties": { "seg_id": "service-0223-00", "corridor": null, "walk_class": "service", "length_m": 19.25 }, "geometry": { "type": "LineString", "coordinates": [ [ -79.9643358, 40.4418986 ], [ -79.9642051, 40.4420404 ] ] } },
{ "type": "Feature", "properties": { "seg_id": "craft-avenue-0224-00", "corridor": "Forbes Avenue", "walk_class": "sidewalk", "length_m": 99.5 }, "geometry": { "type": "LineString", "coordinates": [ [ -79.9644109, 40.4360872 ], [ -79.9641955, 40.4362428 ], [ -79.9640327, 40.4363565 ], [ -79.963984, 40.4363801 ], [ -79.9639673, 40.4363993 ], [ -79.9639543, 40.4364145 ], [ -79.9639222, 40.4364391 ], [ -79.9638911, 40.4364477 ], [ -79.96385, 40.436456 ], [ -79.963836, 40.43649 ], [ -79.9638034, 40.436519099999984 ], [ -79.963566895929432, 40.436691264132627 ] ] } },
{ "type": "Feature", "properties": { "seg_id": "craft-avenue-0224-01", "corridor": "Forbes Avenue", "walk_class": "sidewalk", "length_m": 99.5 }, "geometry": { "type": "LineString", "coordinates": [ [ -79.963566895929432, 40.436691264132627 ], [ -79.9631447, 40.436998599999988 ], [ -79.963112400000014, 40.4370101 ], [ -79.9630786, 40.4370062 ], [ -79.9630477, 40.436986 ], [ -79.9627466, 40.4367418 ], [ -79.962718925409362, 40.436719339494701 ] ] } },
{ "type": "Feature", "properties": { "seg_id": "craft-avenue-0224-02", "corridor": "Craft Avenue", "walk_class": "sidewalk", "length_m": 99.5 }, "geometry": { "type": "LineString", "coordinates": [ [ -79.962718925409362, 40.436719339494701 ], [ -79.9626362, 40.436652199999983 ], [ -79.9624074, 40.4364665 ], [ -79.9623519, 40.4364215 ], [ -79.9620633, 40.4361874 ], [ -79.9619857, 40.436132099999988 ], [ -79.9619262, 40.4360843 ], [ -79.9619136, 40.436068400000011 ] ] } },
{ "type": "Feature", "properties": { "seg_id": "service-0225-00", "corridor": null, "walk_class": "service", "length_m": 16.78 }, "geometry": { "type": "LineString", "coordinates": [ [ -79.9642847, 40.4410494 ], [ -79.964276, 40.4408984 ] ] } },
{ "type": "Feature", "properties": { "seg_id": "service-0226-00", "corridor": null, "walk_class": "service", "length_m": 85.42 }, "geometry": { "type": "LineString", "coordinates": [ [ -79.9643164, 40.4381152 ], [ -79.9641631, 40.4381645 ], [ -79.9635765, 40.438447199999985 ], [ -79.963475608371482, 40.438365273692682 ] ] } },
{ "type": "Feature", "properties": { "seg_id": "service-0226-01", "corridor": null, "walk_class": "service", "length_m": 85.42 }, "geometry": { "type": "LineString", "coordinates": [ [ -79.963475608371482, 40.438365273692682 ], [ -79.9634717, 40.4383621 ], [ -79.9634571, 40.4383502 ], [ -79.9636506, 40.4382384 ], [ -79.9640384, 40.4380284 ], [ -79.9642898, 40.4379717 ] ] } },
{ "type": "Feature", "properties": { "seg_id": "service-0227-00", "corridor": null, "walk_class": "service", "length_m": 40.28 }, "geometry": { "type": "LineString", "coordinates": [ [ -79.964258900000019, 40.4413846 ], [ -79.9642358, 40.4413712 ], [ -79.9642004, 40.4413551 ], [ -79.9641642, 40.4413443 ], [ -79.9641289, 40.4413383 ], [ -79.9641007, 40.441333 ], [ -79.964069, 40.4413275 ], [ -79.9640351, 40.441319 ], [ -79.9639781, 40.4412968 ], [ -79.9639102, 40.4412647 ], [ -79.9638408, 40.44122260000001 ] ] } },
{ "type": "Feature", "properties": { "seg_id": "service-0228-00", "corridor": null, "walk_class": "service", "length_m": 47.88 }, "geometry": { "type": "LineString", "coordinates": [ [ -79.9641304, 40.4461471 ], [ -79.9638117, 40.4457911 ] ] } },
{ "type": "Feature", "properties": { "seg_id": "sidewalk-0229-00", "corridor": null, "walk_class": "sidewalk", "length_m": 7.75 }, "geometry": { "type": "LineString", "coordinates": [ [ -79.9642186, 40.43896 ], [ -79.9641864, 40.438977 ], [ -79.9641434, 40.438999699999989 ] ] } },
{ "type": "Feature", "properties": { "seg_id": "service-0230-00", "corridor": null, "walk_class": "service", "length_m": 106.78 }, "geometry": { "type": "LineString", "coordinates": [ [ -79.9636321, 40.4361869 ], [ -79.9636737, 40.436159 ], [ -79.9640678, 40.4358571 ], [ -79.9640577, 40.435944 ], [ -79.9640462, 40.436014 ], [ -79.9640447, 40.4360545 ], [ -79.9640663, 40.4361321 ], [ -79.9641676, 40.4362189 ], [ -79.9641955, 40.4362428 ], [ -79.9642522, 40.4362942 ] ] } },
{ "type": "Feature", "properties": { "seg_id": "service-0231-00", "corridor": null, "walk_class": "service", "length_m": 40.06 }, "geometry": { "type": "LineString", "coordinates": [ [ -79.9641631, 40.4381645 ], [ -79.9640384, 40.4380284 ], [ -79.9639803, 40.4379236 ], [ -79.9639387, 40.4378492 ] ] } },
{ "type": "Feature", "properties": { "seg_id": "sidewalk-0232-00", "corridor": null, "walk_class": "sidewalk", "length_m": 104.48 }, "geometry": { "type": "LineString", "coordinates": [ [ -79.9641203, 40.4393515 ], [ -79.963635, 40.4397248 ], [ -79.9635473, 40.4397921 ], [ -79.9635264, 40.4398082 ], [ -79.9635083, 40.4398202 ], [ -79.9634779, 40.439839700000014 ], [ -79.9634592, 40.4398499 ], [ -79.9634306, 40.4398655 ], [ -79.9634164, 40.4398727 ], [ -79.963405, 40.4398788 ], [ -79.9633758, 40.4398917 ], [ -79.9633501, 40.4399015 ], [ -79.963318, 40.439913 ], [ -79.9632905, 40.4399228 ], [ -79.9632666, 40.439937 ], [ -79.9632508, 40.4399472 ], [ -79.9632117, 40.439979199999989 ] ] } },
{ "type": "Feature", "properties": { "seg_id": "service-0233-00", "corridor": null, "walk_class": "service", "length_m": 33.93 }, "geometry": { "type": "LineString", "coordinates": [ [ -79.9640868, 40.440762 ], [ -79.9640412, 40.440720399999989 ], [ -79.9639568, 40.4406402 ], [ -79.9638258, 40.4405305 ] ] } },
{ "type": "Feature", "properties": { "seg_id": "craft-avenue-0234-00", "corridor": "Craft Avenue", "walk_class": "sidewalk", "length_m": 15.92 }, "geometry": { "type": "LineString", "coordinates": [ [ -79.9640417, 40.4377492 ], [ -79.9640641, 40.437818399999983 ], [ -79.964089, 40.437888 ] ] } },
{ "type": "Feature", "properties": { "seg_id": "service-0235-00", "corridor": null, "walk_class": "service", "length_m": 20.57 }, "geometry": { "type": "LineString", "coordinates": [ [ -79.9640351, 40.441319 ], [ -79.9639928, 40.4413688 ], [ -79.9639545, 40.4414169 ], [ -79.9639373, 40.441436 ], [ -79.9639267, 40.4414504 ], [ -79.9639091, 40.4414771 ] ] } },
{ "type": "Feature", "properties": { "seg_id": "mcdevitt-place-0236-00", "corridor": "McDevitt Place", "walk_class": "street", "length_m": 19.24 }, "geometry": { "type": "LineString", "coordinates": [ [ -79.9640971, 40.4364024 ], [ -79.9639673, 40.4363993 ], [ -79.9638726, 40.4363835 ] ] } },
{ "type": "Feature", "properties": { "seg_id": "sidewalk-0237-00", "corridor": null, "walk_class": "sidewalk", "length_m": 111.01 }, "geometry": { "type": "LineString", "coordinates": [ [ -79.9639548, 40.4456382 ], [ -79.9639454, 40.4456357 ], [ -79.9639352, 40.4456336 ], [ -79.9639252, 40.4456322 ], [ -79.963913, 40.4456334 ], [ -79.9639028, 40.44564 ], [ -79.9638085, 40.4457303 ], [ -79.9637866, 40.4457397 ], [ -79.9637622, 40.4457489 ], [ -79.9637347, 40.4457524 ], [ -79.9637056, 40.44575170000001 ], [ -79.9636781, 40.4457416 ], [ -79.9635695, 40.4456217 ], [ -79.963363, 40.4453822 ], [ -79.9631391, 40.4453113 ], [ -79.9630933, 40.4452968 ], [ -79.9629978, 40.4452666 ] ] } },
{ "type": "Feature", "properties": { "seg_id": "service-0238-00", "corridor": null, "walk_class": "service", "length_m": 21.58 }, "geometry": { "type": "LineString", "coordinates": [ [ -79.9638256, 40.4502632 ], [ -79.9638592, 40.4504559 ] ] } },
{ "type": "Feature", "properties": { "seg_id": "ossipee-street-0239-00", "corridor": "Ossipee Street", "walk_class": "street", "length_m": 101.53 }, "geometry": { "type": "LineString", "coordinates": [ [ -79.9638592, 40.4504559 ], [ -79.9638095, 40.4507106 ], [ -79.9637766, 40.4508694 ], [ -79.9635984, 40.4512406 ], [ -79.963566500000013, 40.4513386 ] ] } },
{ "type": "Feature", "properties": { "seg_id": "service-0240-00", "corridor": null, "walk_class": "service", "length_m": 99.84 }, "geometry": { "type": "LineString", "coordinates": [ [ -79.9612448, 40.4459905 ], [ -79.9612878, 40.44601380000001 ], [ -79.9622909, 40.4462494 ], [ -79.962362277134446, 40.446267228563904 ] ] } },
{ "type": "Feature", "properties": { "seg_id": "service-0240-01", "corridor": null, "walk_class": "service", "length_m": 99.84 }, "geometry": { "type": "LineString", "coordinates": [ [ -79.962362277134446, 40.446267228563904 ], [ -79.963481243860386, 40.446546716843471 ] ] } },
{ "type": "Feature", "properties": { "seg_id": "service-0240-02", "corridor": null, "walk_class": "service", "length_m": 99.84 }, "geometry": { "type": "LineString", "coordinates": [ [ -79.963481243860386, 40.446546716843471 ], [ -79.9638267, 40.446633 ], [ -79.9638638, 40.446725 ], [ -79.9638619, 40.4467855 ], [ -79.9637423, 40.4469439 ], [ -79.9637278, 40.4471428 ], [ -79.963738100000015, 40.4471784 ], [ -79.9637203, 40.4472191 ], [ -79.963716660418399, 40.447221231399709 ] ] } },
{ "type": "Feature", "properties": { "seg_id": "service-0240-03", "corridor": null, "walk_class": "service", "length_m": 99.84 }, "geometry": { "type": "LineString", "coordinates": [ [ -79.963716660418399, 40.447221231399709 ], [ -79.96369110000002, 40.447236199999985 ], [ -79.9636533, 40.4473098 ], [ -79.9635647, 40.447427499999989 ], [ -79.9634445, 40.4475471 ], [ -79.9633634, 40.4476144 ], [ -79.9632854, 40.4476309 ], [ -79.9631896, 40.4476265 ], [ -79.962836494799859, 40.447542489981316 ] ] } },
{ "type": "Feature", "properties": { "seg_id": "service-0240-04", "corridor": null, "walk_class": "service", "length_m": 99.84 }, "geometry": { "type": "LineString", "coordinates": [ [ -79.962836494799859, 40.447542489981316 ], [ -79.9627592, 40.4475241 ], [ -79.9626873, 40.4474643 ], [ -79.9626659, 40.447401 ], [ -79.9627963, 40.4470828 ], [ -79.9628671, 40.4470093 ], [ -79.9629805, 40.4467575 ] ] } },
{ "type": "Feature", "properties": { "seg_id": "fifth-avenue-0241-00", "corridor": "Fifth Avenue", "walk_class": "sidewalk", "length_m": 17.83 }, "geometry": { "type": "LineString", "coordinates": [ [ -79.9639818, 40.437743 ], [ -79.9639645, 40.43775260000001 ], [ -79.9638984, 40.4377798 ], [ -79.9638117, 40.4377969 ], [ -79.9637877, 40.437794400000016 ] ] } },
{ "type": "Feature", "properties": { "seg_id": "carlow-drive-0242-00", "corridor": "Carlow Drive", "walk_class": "sidewalk", "length_m": 108.43 }, "geometry": { "type": "LineString", "coordinates": [ [ -79.9639506, 40.4387936 ], [ -79.9639475, 40.4388013 ], [ -79.9639438, 40.4388152 ], [ -79.9639312, 40.4388606 ], [ -79.9639243, 40.438858 ], [ -79.9639184, 40.4388559 ], [ -79.963911, 40.438854 ], [ -79.9639033, 40.438852299999986 ], [ -79.9638939, 40.4388513 ], [ -79.96387150000001, 40.43885010000001 ], [ -79.9638481, 40.438850299999984 ], [ -79.9637959, 40.4388524 ], [ -79.9637621, 40.4388548 ], [ -79.9637283, 40.4388592 ], [ -79.9637044, 40.4388631 ], [ -79.9636755, 40.438867599999988 ], [ -79.9636496, 40.4388726 ], [ -79.9636367, 40.4388765 ], [ -79.963629, 40.4388793 ], [ -79.9636135, 40.4388854 ], [ -79.9635973, 40.4388928 ], [ -79.9635929, 40.4388951 ], [ -79.9635871, 40.4388981 ], [ -79.9635805, 40.4389017 ], [ -79.9635763, 40.4389047 ], [ -79.9635648, 40.43891330000001 ], [ -79.9635349, 40.438936200000015 ], [ -79.9634122, 40.4390317 ], [ -79.9633882, 40.4390507 ], [ -79.96312810000002, 40.4392513 ], [ -79.9631199, 40.4392557 ], [ -79.9631099, 40.4392597 ], [ -79.9630967, 40.4392646 ], [ -79.963084, 40.4392687 ], [ -79.963074, 40.439272 ], [ -79.9630648, 40.4392756 ], [ -79.9630593, 40.4392778 ], [ -79.9630279, 40.439293399999983 ], [ -79.9629946, 40.4393186 ], [ -79.9629867, 40.439328299999985 ], [ -79.962985573810016, 40.439330306666044 ] ] } },
{ "type": "Feature", "properties": { "seg_id": "carlow-drive-0242-01", "corridor": "Carlow Drive", "walk_class": "sidewalk", "length_m": 108.43 }, "geometry": { "type": "LineString", "coordinates": [ [ -79.962985573810016, 40.439330306666044 ], [ -79.9629812, 40.4393381 ], [ -79.9629717, 40.4393499 ], [ -79.9629608, 40.4393586 ], [ -79.9628779, 40.4394154 ], [ -79.9628671, 40.439421 ], [ -79.9628308, 40.439433 ], [ -79.9628028, 40.4394411 ], [ -79.9627815, 40.439442399999983 ], [ -79.9627621, 40.4394408 ], [ -79.9627372, 40.4394367 ], [ -79.9627256, 40.43943440000001 ], [ -79.9627145, 40.4394309 ], [ -79.962695, 40.4394231 ], [ -79.9626774, 40.439413 ], [ -79.9626599, 40.4394015 ], [ -79.9626448, 40.439387 ], [ -79.9626315, 40.4393699 ], [ -79.9626228, 40.4393498 ], [ -79.9626206, 40.4393299 ], [ -79.9626204, 40.4393083 ], [ -79.9626235, 40.4392854 ], [ -79.96263260000002, 40.43922220000001 ], [ -79.9626563, 40.4391408 ], [ -79.9626789, 40.439073 ], [ -79.9626835, 40.4390609 ], [ -79.9626889, 40.4390552 ], [ -79.9626966, 40.4390507 ], [ -79.962715, 40.4390441 ], [ -79.9627315, 40.4390424 ], [ -79.9627496, 40.4390425 ], [ -79.9627758, 40.4390443 ], [ -79.962782500000017, 40.4390436 ], [ -79.9627877, 40.4390418 ], [ -79.9628591, 40.438979 ], [ -79.962982185719781, 40.438861072531161 ] ] } },
{ "type": "Feature", "properties": { "seg_id": "carlow-drive-0242-02", "corridor": "Carlow Drive", "walk_class": "sidewalk", "length_m": 108.43 }, "geometry": { "type": "LineString", "coordinates": [ [ -79.962982185719781, 40.438861072531161 ], [ -79.9629975, 40.4388464 ], [ -79.963002700000018, 40.4388363 ], [ -79.9630043, 40.438825 ], [ -79.9630032, 40.438801 ], [ -79.9631445, 40.4386929 ], [ -79.9631473, 40.4386893 ], [ -79.9631501, 40.4386842 ], [ -79.9631547, 40.4386761 ], [ -79.9631611, 40.438664799999984 ], [ -79.9631663, 40.4386558 ], [ -79.9631738, 40.4386442 ], [ -79.9631812, 40.4386342 ], [ -79.9631907, 40.4386224 ], [ -79.9632075, 40.4386024 ], [ -79.9632277, 40.4385781 ], [ -79.9632438, 40.4385586 ], [ -79.963261500000016, 40.4385374 ], [ -79.9633292, 40.4384594 ], [ -79.9633309, 40.4384571 ], [ -79.9633323, 40.4384547 ], [ -79.9633335, 40.4384515 ], [ -79.9633335, 40.4384501 ], [ -79.9633329, 40.438449 ], [ -79.9633316, 40.4384476 ], [ -79.963329800000011, 40.4384467 ], [ -79.9633276, 40.4384461 ], [ -79.9633255, 40.4384459 ], [ -79.9633235, 40.438446 ], [ -79.9633214, 40.4384464 ], [ -79.9633183, 40.4384484 ], [ -79.9633158, 40.4384506 ], [ -79.9633138, 40.4384531 ], [ -79.9633071, 40.4384604 ], [ -79.9632392, 40.4385411 ], [ -79.963231, 40.4385492 ], [ -79.9632248, 40.4385525 ], [ -79.96322, 40.4385522 ], [ -79.9632183, 40.4385506 ], [ -79.9632184, 40.438548 ], [ -79.9632198, 40.4385442 ], [ -79.9632237, 40.4385364 ], [ -79.9632345, 40.4385151 ], [ -79.9632459, 40.43848830000001 ], [ -79.963253, 40.4384681 ], [ -79.9632557, 40.4384515 ], [ -79.963256, 40.4384377 ], [ -79.9632584, 40.4384268 ], [ -79.9632644, 40.4384166 ], [ -79.9632733, 40.4384075 ], [ -79.963284, 40.4384009 ], [ -79.963298, 40.4383986 ], [ -79.9633138, 40.4383977 ], [ -79.963328, 40.4383984 ], [ -79.9633408, 40.4384009 ], [ -79.9633612, 40.4384071 ], [ -79.9633826, 40.4384133 ], [ -79.963389300000017, 40.4384153 ], [ -79.963392, 40.4384156 ], [ -79.9633944, 40.4384153 ], [ -79.9633963, 40.438415 ], [ -79.9633978, 40.4384144 ], [ -79.9634717, 40.4383621 ] ] } },
{ "type": "Feature", "properties": { "seg_id": "sidewalk-0243-00", "corridor": null, "walk_class": "sidewalk", "length_m": 7.17 }, "geometry": { "type": "LineString", "coordinates": [ [ -79.9639475, 40.4388013 ], [ -79.963934600000016, 40.4388135 ], [ -79.9638939, 40.4388513 ] ] } },
{ "type": "Feature", "properties": { "seg_id": "mcdevitt-place-0244-00", "corridor": "McDevitt Place", "walk_class": "sidewalk", "length_m": 36.27 }, "geometry": { "type": "LineString", "coordinates": [ [ -79.963984, 40.4363801 ], [ -79.9639144, 40.4363518 ], [ -79.9636737, 40.436159 ] ] } },
{ "type": "Feature", "properties": { "seg_id": "service-0245-00", "corridor": null, "walk_class": "service", "length_m": 40.36 }, "geometry": { "type": "LineString", "coordinates": [ [ -79.9638828, 40.4425427 ], [ -79.9638454, 40.4425784 ], [ -79.9635859, 40.4428268 ] ] } },
{ "type": "Feature", "properties": { "seg_id": "darragh-street-0246-00", "corridor": "Terrace Street", "walk_class": "sidewalk", "length_m": 101.3 }, "geometry": { "type": "LineString", "coordinates": [ [ -79.9638771, 40.441053 ], [ -79.9638053, 40.4410312 ], [ -79.9637372, 40.4410119 ], [ -79.9637271, 40.4410224 ], [ -79.9635917, 40.441148899999988 ], [ -79.9634414, 40.4412955 ], [ -79.9633838, 40.4413517 ], [ -79.9631569, 40.4415731 ], [ -79.963090118182052, 40.44163824590003 ] ] } },
{ "type": "Feature", "properties": { "seg_id": "darragh-street-0246-01", "corridor": "Darragh Street", "walk_class": "sidewalk", "length_m": 101.3 }, "geometry": { "type": "LineString", "coordinates": [ [ -79.963090118182052, 40.44163824590003 ], [ -79.962912, 40.441812 ], [ -79.9628479, 40.4418743 ], [ -79.9628336, 40.4418795 ], [ -79.9628116, 40.441882 ], [ -79.9627915, 40.4418769 ], [ -79.9624099, 40.441675 ], [ -79.96218105943538, 40.441553949831935 ] ] } },
{ "type": "Feature", "properties": { "seg_id": "darragh-street-0246-02", "corridor": "Darragh Street", "walk_class": "sidewalk", "length_m": 101.3 }, "geometry": { "type": "LineString", "coordinates": [ [ -79.96218105943538, 40.441553949831935 ], [ -79.9621424, 40.4415335 ], [ -79.9618294, 40.4413679 ], [ -79.961747300000013, 40.4413244 ], [ -79.961199170166722, 40.441034441166195 ] ] } },
{ "type": "Feature", "properties": { "seg_id": "darragh-street-0246-03", "corridor": "Darragh Street", "walk_class": "sidewalk", "length_m": 101.3 }, "geometry": { "type": "LineString", "coordinates": [ [ -79.961199170166722, 40.441034441166195 ], [ -79.9610076, 40.4409331 ], [ -79.9603587, 40.4405898 ], [ -79.960343, 40.4405715 ], [ -79.9603319, 40.4405553 ], [ -79.9603291, 40.4405385 ], [ -79.9603393, 40.4405124 ], [ -79.9603522, 40.4404948 ], [ -79.960376746130251, 40.4404754651814 ] ] } },
{ "type": "Feature", "properties": { "seg_id": "darragh-street-0246-04", "corridor": "Fifth Avenue", "walk_class": "sidewalk", "length_m": 101.3 }, "geometry": { "type": "LineString", "coordinates": [ [ -79.960376746130251, 40.4404754651814 ], [ -79.9606692, 40.440245099999984 ], [ -79.9608208, 40.4401336 ], [ -79.9608737, 40.4400947 ], [ -79.961227194558134, 40.439834963310368 ] ] } },
{ "type": "Feature", "properties": { "seg_id": "darragh-street-0246-05", "corridor": "Fifth Avenue", "walk_class": "sidewalk", "length_m": 101.3 }, "geometry": { "type": "LineString", "coordinates": [ [ -79.961227194558134, 40.439834963310368 ], [ -79.9612545, 40.4398149 ], [ -79.9617521, 40.4394492 ], [ -79.9617591, 40.439447199999982 ], [ -79.9617683, 40.43944590000001 ], [ -79.9617775, 40.4394509 ], [ -79.9618159, 40.4394811 ], [ -79.962077953091381, 40.43969427158747 ] ] } },
{ "type": "Feature", "properties": { "seg_id": "darragh-street-0246-06", "corridor": "Chesterfield Road", "walk_class": "sidewalk", "length_m": 101.3 }, "geometry": { "type": "LineString", "coordinates": [ [ -79.962077953091381, 40.43969427158747 ], [ -79.9621263, 40.4397336 ], [ -79.962166, 40.4397653 ], [ -79.9621875, 40.4397825 ], [ -79.9622698, 40.4398469 ], [ -79.962907613532721, 40.440350658843961 ] ] } },
{ "type": "Feature", "properties": { "seg_id": "darragh-street-0246-07", "corridor": "Chesterfield Road", "walk_class": "sidewalk", "length_m": 101.3 }, "geometry": { "type": "LineString", "coordinates": [ [ -79.962907613532721, 40.440350658843961 ], [ -79.9629987, 40.4404226 ], [ -79.9637276, 40.440988 ], [ -79.9637367, 40.4409972 ], [ -79.963739300000015, 40.4410042 ] ] } },
{ "type": "Feature", "properties": { "seg_id": "service-0247-00", "corridor": null, "walk_class": "service", "length_m": 84.86 }, "geometry": { "type": "LineString", "coordinates": [ [ -79.9610084, 40.4476 ], [ -79.961987809091383, 40.44775658811092 ] ] } },
{ "type": "Feature", "properties": { "seg_id": "service-0247-01", "corridor": null, "walk_class": "service", "length_m": 84.86 }, "geometry": { "type": "LineString", "coordinates": [ [ -79.961987809091383, 40.44775658811092 ], [ -79.9624201, 40.44782570000001 ], [ -79.962960799730368, 40.447933999507335 ] ] } },
{ "type": "Feature", "properties": { "seg_id": "service-0247-02", "corridor": null, "walk_class": "service", "length_m": 84.86 }, "geometry": { "type": "LineString", "coordinates": [ [ -79.962960799730368, 40.447933999507335 ], [ -79.9629623, 40.447934299999986 ], [ -79.9630713, 40.4479396 ], [ -79.963145, 40.4479201 ], [ -79.9637609, 40.447516 ] ] } },
{ "type": "Feature", "properties": { "seg_id": "service-0248-00", "corridor": null, "walk_class": "service", "length_m": 96.65 }, "geometry": { "type": "LineString", "coordinates": [ [ -79.9637423, 40.4469439 ], [ -79.9635787, 40.4469031 ], [ -79.9635541, 40.4469124 ], [ -79.9635007, 40.4468984 ], [ -79.963491, 40.4468791 ], [ -79.9635109, 40.4468251 ], [ -79.963505, 40.4467661 ], [ -79.9634583, 40.44672760000001 ], [ -79.9633343, 40.4466891 ], [ -79.962855651975772, 40.44657061207095 ] ] } },
{ "type": "Feature", "properties": { "seg_id": "service-0248-01", "corridor": null, "walk_class": "service", "length_m": 96.65 }, "geometry": { "type": "LineString", "coordinates": [ [ -79.962855651975772, 40.44657061207095 ], [ -79.9619455, 40.4463453 ], [ -79.9617723, 40.4463004 ] ] } },
{ "type": "Feature", "properties": { "seg_id": "service-0249-00", "corridor": null, "walk_class": "service", "length_m": 11.55 }, "geometry": { "type": "LineString", "coordinates": [ [ -79.9637278, 40.4471428 ], [ -79.9636982, 40.4471673 ], [ -79.9636843, 40.4472123 ], [ -79.96369110000002, 40.447236199999985 ] ] } },
{ "type": "Feature", "properties": { "seg_id": "mcdevitt-place-0250-00", "corridor": "McDevitt Place", "walk_class": "street", "length_m": 70.7 }, "geometry": { "type": "LineString", "coordinates": [ [ -79.9638768, 40.4365635 ], [ -79.9638911, 40.4364477 ], [ -79.9638726, 40.4363835 ], [ -79.9637348, 40.4362709 ], [ -79.9636917, 40.4362356 ], [ -79.9636321, 40.4361869 ], [ -79.9634661, 40.4360512 ] ] } },
{ "type": "Feature", "properties": { "seg_id": "sidewalk-0251-00", "corridor": null, "walk_class": "sidewalk", "length_m": 105.72 }, "geometry": { "type": "LineString", "coordinates": [ [ -79.9638258, 40.4405305 ], [ -79.9637212, 40.440518399999988 ], [ -79.9635618, 40.4403947 ], [ -79.9635359, 40.440371 ], [ -79.9635148, 40.4403472 ], [ -79.9634978, 40.4403267 ], [ -79.9634632, 40.440271 ], [ -79.963427, 40.4401919 ], [ -79.96342, 40.4401678 ], [ -79.9633965, 40.4400544 ], [ -79.9633931, 40.4400418 ], [ -79.9633884, 40.4400289 ], [ -79.9633811, 40.4400113 ], [ -79.963369200000017, 40.4399744 ], [ -79.9633681, 40.439963899999988 ], [ -79.963368, 40.4399541 ], [ -79.9633696, 40.4399436 ], [ -79.9633738, 40.4399345 ], [ -79.9633985, 40.4398999 ], [ -79.9634164, 40.4398727 ], [ -79.9634251, 40.439858 ], [ -79.963433, 40.4398429 ], [ -79.9634388, 40.4398262 ], [ -79.9634423, 40.4398178 ], [ -79.963447, 40.4398098 ], [ -79.9634559, 40.4397995 ], [ -79.9634667, 40.4397878 ], [ -79.9634782, 40.4397775 ], [ -79.9634917, 40.439766099999986 ], [ -79.9635048, 40.4397576 ] ] } },
{ "type": "Feature", "properties": { "seg_id": "craft-avenue-0252-00", "corridor": "Craft Avenue", "walk_class": "sidewalk", "length_m": 17.7 }, "geometry": { "type": "LineString", "coordinates": [ [ -79.9637539, 40.4378279 ], [ -79.9637658, 40.4378429 ], [ -79.9638071, 40.4378921 ], [ -79.9638517, 40.4379442 ], [ -79.963865, 40.4379628 ] ] } },
{ "type": "Feature", "properties": { "seg_id": "terrace-street-0253-00", "corridor": "Terrace Street", "walk_class": "sidewalk", "length_m": 9.21 }, "geometry": { "type": "LineString", "coordinates": [ [ -79.9638125, 40.4409429 ], [ -79.9637777, 40.4409705 ], [ -79.963739300000015, 40.4410042 ] ] } },
{ "type": "Feature", "properties": { "seg_id": "mcneil-place-0254-00", "corridor": "McNeil Place", "walk_class": "sidewalk", "length_m": 53.3 }, "geometry": { "type": "LineString", "coordinates": [ [ -79.963603, 40.4544945 ], [ -79.9631817, 40.4541382 ] ] } },
{ "type": "Feature", "properties": { "seg_id": "sidewalk-0255-00", "corridor": "Shawnee Street", "walk_class": "sidewalk", "length_m": 104.76 }, "geometry": { "type": "LineString", "coordinates": [ [ -79.9629764, 40.450724 ], [ -79.9627144, 40.45104030000001 ], [ -79.9626493, 40.4510876 ], [ -79.9625724, 40.4510966 ], [ -79.9625113, 40.4510876 ], [ -79.9621436, 40.4509098 ], [ -79.962066642820361, 40.450892267262468 ] ] } },
{ "type": "Feature", "properties": { "seg_id": "sidewalk-0255-01", "corridor": null, "walk_class": "sidewalk", "length_m": 104.76 }, "geometry": { "type": "LineString", "coordinates": [ [ -79.962066642820361, 40.450892267262468 ], [ -79.961979, 40.4508723 ], [ -79.9617789, 40.4508445 ], [ -79.9617432, 40.4508349 ], [ -79.9617125, 40.4508179 ], [ -79.9616894, 40.4507951 ], [ -79.9616756, 40.4507682 ], [ -79.9616724, 40.4507395 ], [ -79.9616795, 40.4507122 ], [ -79.9616962, 40.450687299999984 ], [ -79.9617211, 40.4506669 ], [ -79.9617524, 40.450652400000017 ], [ -79.9617877, 40.450645 ], [ -79.961976, 40.450627 ], [ -79.962325, 40.4505445 ], [ -79.962338523251958, 40.450543672176998 ] ] } },
{ "type": "Feature", "properties": { "seg_id": "sidewalk-0255-02", "corridor": null, "walk_class": "sidewalk", "length_m": 104.76 }, "geometry": { "type": "LineString", "coordinates": [ [ -79.962338523251958, 40.450543672176998 ], [ -79.9625586, 40.4505302 ], [ -79.9627578, 40.4505407 ], [ -79.9628682, 40.4505722 ], [ -79.962948, 40.450648 ], [ -79.9629764, 40.450724 ], [ -79.96272710433206, 40.451024962754637 ] ] } },
{ "type": "Feature", "properties": { "seg_id": "sidewalk-0255-03", "corridor": "Shawnee Street", "walk_class": "sidewalk", "length_m": 104.76 }, "geometry": { "type": "LineString", "coordinates": [ [ -79.96272710433206, 40.451024962754637 ], [ -79.9627144, 40.45104030000001 ], [ -79.9626493, 40.4510876 ], [ -79.9625724, 40.4510966 ], [ -79.9625113, 40.4510876 ], [ -79.9621436, 40.4509098 ], [ -79.961979, 40.4508723 ], [ -79.9617789, 40.4508445 ], [ -79.9617432, 40.4508349 ], [ -79.9617125, 40.4508179 ], [ -79.9616894, 40.4507951 ], [ -79.9616756, 40.4507682 ], [ -79.961673898287501, 40.450752937768776 ] ] } },
{ "type": "Feature", "properties": { "seg_id": "sidewalk-0255-04", "corridor": null, "walk_class": "sidewalk", "length_m": 104.76 }, "geometry": { "type": "LineString", "coordinates": [ [ -79.961673898287501, 40.450752937768776 ], [ -79.9616724, 40.4507395 ], [ -79.9616795, 40.4507122 ], [ -79.9616962, 40.450687299999984 ], [ -79.9617211, 40.4506669 ], [ -79.9617524, 40.450652400000017 ], [ -79.9617877, 40.450645 ], [ -79.961976, 40.450627 ], [ -79.962325, 40.4505445 ], [ -79.9625586, 40.4505302 ], [ -79.9627578, 40.4505407 ], [ -79.962800665144997, 40.450552930560036 ] ] } },
{ "type": "Feature", "properties": { "seg_id": "sidewalk-0255-05", "corridor": null, "walk_class": "sidewalk", "length_m": 104.76 }, "geometry": { "type": "LineString", "coordinates": [ [ -79.962800665144997, 40.450552930560036 ], [ -79.9628682, 40.4505722 ], [ -79.962948, 40.450648 ], [ -79.9629764, 40.450724 ], [ -79.9630438, 40.4508412 ], [ -79.9633473, 40.4510283 ], [ -79.9634794, 40.4511311 ], [ -79.9635984, 40.4512406 ] ] } },
{ "type": "Feature", "properties": { "seg_id": "mcneil-place-0256-00", "corridor": "McNeil Place", "walk_class": "sidewalk", "length_m": 32.78 }, "geometry": { "type": "LineString", "coordinates": [ [ -79.9632695, 40.4540796 ], [ -79.9635235, 40.4543022 ] ] } },
{ "type": "Feature", "properties": { "seg_id": "service-0257-00", "corridor": null, "walk_class": "service", "length_m": 25.12 }, "geometry": { "type": "LineString", "coordinates": [ [ -79.9637555, 40.4372462 ], [ -79.9637623, 40.437278599999985 ], [ -79.9636389, 40.4374153 ], [ -79.9636032, 40.4374184 ] ] } },
{ "type": "Feature", "properties": { "seg_id": "service-0258-00", "corridor": null, "walk_class": "service", "length_m": 106.94 }, "geometry": { "type": "LineString", "coordinates": [ [ -79.9635787, 40.4469031 ], [ -79.9635717, 40.4468804 ], [ -79.9635121, 40.446865699999982 ], [ -79.963491, 40.4468791 ], [ -79.9629805, 40.4467575 ], [ -79.962399100000013, 40.4466279 ] ] } },
{ "type": "Feature", "properties": { "seg_id": "shawnee-street-0259-00", "corridor": "Shawnee Street", "walk_class": "steps", "length_m": 66.9 }, "geometry": { "type": "LineString", "coordinates": [ [ -79.9627376, 40.4512935 ], [ -79.9634582, 40.4513633 ], [ -79.963500600000017, 40.4513685 ], [ -79.9635089, 40.451382 ] ] } },
{ "type": "Feature", "properties": { "seg_id": "ossipee-street-0260-00", "corridor": "Ossipee Street", "walk_class": "sidewalk", "length_m": 37.88 }, "geometry": { "type": "LineString", "coordinates": [ [ -79.9635089, 40.451382 ], [ -79.9634187, 40.4517162 ] ] } },
{ "type": "Feature", "properties": { "seg_id": "service-0261-00", "corridor": null, "walk_class": "service", "length_m": 6.03 }, "geometry": { "type": "LineString", "coordinates": [ [ -79.9637348, 40.4362709 ], [ -79.9637058, 40.4362923 ], [ -79.9636837, 40.4363086 ] ] } },
{ "type": "Feature", "properties": { "seg_id": "sidewalk-0262-00", "corridor": null, "walk_class": "sidewalk", "length_m": 18.23 }, "geometry": { "type": "LineString", "coordinates": [ [ -79.9634823, 40.4396092 ], [ -79.963635, 40.4397248 ] ] } },
{ "type": "Feature", "properties": { "seg_id": "service-0263-00", "corridor": null, "walk_class": "service", "length_m": 94.1 }, "geometry": { "type": "LineString", "coordinates": [ [ -79.9634253, 40.4445445 ], [ -79.9634975, 40.4445907 ], [ -79.9635059, 40.4445958 ], [ -79.9635567, 40.4446596 ], [ -79.9635511, 40.4446954 ], [ -79.9635109, 40.444719 ], [ -79.9634296, 40.4447915 ], [ -79.9631484, 40.4452679 ] ] } },
{ "type": "Feature", "properties": { "seg_id": "service-0264-00", "corridor": null, "walk_class": "service", "length_m": 26.77 }, "geometry": { "type": "LineString", "coordinates": [ [ -79.9635876, 40.4423804 ], [ -79.9635529, 40.44241610000001 ], [ -79.9635335, 40.4424932 ], [ -79.9634203, 40.4425737 ] ] } },
{ "type": "Feature", "properties": { "seg_id": "chesterfield-road-0265-00", "corridor": "Chesterfield Road", "walk_class": "sidewalk", "length_m": 102.08 }, "geometry": { "type": "LineString", "coordinates": [ [ -79.9635917, 40.441148899999988 ], [ -79.9630609, 40.4407186 ], [ -79.962766672417288, 40.440479376406756 ] ] } },
{ "type": "Feature", "properties": { "seg_id": "chesterfield-road-0265-01", "corridor": "Chesterfield Road", "walk_class": "sidewalk", "length_m": 102.08 }, "geometry": { "type": "LineString", "coordinates": [ [ -79.962766672417288, 40.440479376406756 ], [ -79.96252490000002, 40.4402828 ], [ -79.962119, 40.4399694 ], [ -79.9622698, 40.4398469 ], [ -79.9623063, 40.4398172 ] ] } },
{ "type": "Feature", "properties": { "seg_id": "cherokee-street-0266-00", "corridor": "Cherokee Street", "walk_class": "sidewalk", "length_m": 8.36 }, "geometry": { "type": "LineString", "coordinates": [ [ -79.9634202, 40.4521479 ], [ -79.9634104, 40.4521464 ], [ -79.9633681, 40.4521381 ], [ -79.963324600000021, 40.4521296 ] ] } },
{ "type": "Feature", "properties": { "seg_id": "service-0267-00", "corridor": null, "walk_class": "service", "length_m": 67.76 }, "geometry": { "type": "LineString", "coordinates": [ [ -79.963471, 40.4368502 ], [ -79.9635508, 40.4368926 ], [ -79.9636141, 40.4369289 ], [ -79.9636424, 40.4369494 ], [ -79.9636438, 40.436986 ], [ -79.9635716, 40.437111 ], [ -79.9635192, 40.437195 ], [ -79.9634097, 40.4372858 ], [ -79.9633592, 40.4373265 ] ] } },
{ "type": "Feature", "properties": { "seg_id": "cherokee-street-0268-00", "corridor": "Cherokee Street", "walk_class": "sidewalk", "length_m": 57.27 }, "geometry": { "type": "LineString", "coordinates": [ [ -79.9633783, 40.4518993 ], [ -79.9633433, 40.452047 ], [ -79.9633231, 40.4520553 ], [ -79.9628706, 40.4520125 ] ] } },
{ "type": "Feature", "properties": { "seg_id": "anaheim-street-0269-00", "corridor": "Ossipee Street", "walk_class": "sidewalk", "length_m": 94.28 }, "geometry": { "type": "LineString", "coordinates": [ [ -79.9633231, 40.4520553 ], [ -79.9633231, 40.4520617 ], [ -79.9633239, 40.4520978 ], [ -79.963324600000021, 40.4521296 ], [ -79.9633197, 40.4521356 ], [ -79.9632122, 40.4525635 ], [ -79.9631861, 40.452583 ], [ -79.9631491, 40.4525901 ], [ -79.962791438807329, 40.452557076590871 ] ] } },
{ "type": "Feature", "properties": { "seg_id": "anaheim-street-0269-01", "corridor": "Anaheim Street", "walk_class": "sidewalk", "length_m": 94.28 }, "geometry": { "type": "LineString", "coordinates": [ [ -79.962791438807329, 40.452557076590871 ], [ -79.9621668, 40.4524994 ], [ -79.961726702320604, 40.452348061402908 ] ] } },
{ "type": "Feature", "properties": { "seg_id": "anaheim-street-0269-02", "corridor": "Anaheim Street", "walk_class": "sidewalk", "length_m": 94.28 }, "geometry": { "type": "LineString", "coordinates": [ [ -79.961726702320604, 40.452348061402908 ], [ -79.960712877525111, 40.451999423463931 ] ] } },
{ "type": "Feature", "properties": { "seg_id": "anaheim-street-0269-03", "corridor": "Anaheim Street", "walk_class": "sidewalk", "length_m": 94.28 }, "geometry": { "type": "LineString", "coordinates": [ [ -79.960712877525111, 40.451999423463931 ], [ -79.960691, 40.4519919 ], [ -79.9606812, 40.4519968 ], [ -79.96066070000002, 40.4520305 ], [ -79.9606386, 40.4520669 ], [ -79.9606398, 40.4520714 ], [ -79.961527160875789, 40.452368649028841 ] ] } },
{ "type": "Feature", "properties": { "seg_id": "anaheim-street-0269-04", "corridor": "Anaheim Street", "walk_class": "sidewalk", "length_m": 94.28 }, "geometry": { "type": "LineString", "coordinates": [ [ -79.961527160875789, 40.452368649028841 ], [ -79.9621402, 40.452574 ], [ -79.962579278636625, 40.452615528002006 ] ] } },
{ "type": "Feature", "properties": { "seg_id": "anaheim-street-0269-05", "corridor": "Bryn Mawr Road", "walk_class": "sidewalk", "length_m": 94.28 }, "geometry": { "type": "LineString", "coordinates": [ [ -79.962579278636625, 40.452615528002006 ], [ -79.9629628, 40.4526518 ], [ -79.9629812, 40.4526711 ], [ -79.9629702, 40.45269290000001 ], [ -79.96241725161768, 40.452973083573347 ] ] } },
{ "type": "Feature", "properties": { "seg_id": "anaheim-street-0269-06", "corridor": "Bryn Mawr Road", "walk_class": "sidewalk", "length_m": 94.28 }, "geometry": { "type": "LineString", "coordinates": [ [ -79.96241725161768, 40.452973083573347 ], [ -79.9622023, 40.453082 ], [ -79.9621791, 40.4530863 ], [ -79.961417989269805, 40.452833365180503 ] ] } },
{ "type": "Feature", "properties": { "seg_id": "anaheim-street-0269-07", "corridor": "Bryn Mawr Road", "walk_class": "sidewalk", "length_m": 94.28 }, "geometry": { "type": "LineString", "coordinates": [ [ -79.961417989269805, 40.452833365180503 ], [ -79.9609547, 40.452679399999987 ], [ -79.9604064, 40.4524812 ] ] } },
{ "type": "Feature", "properties": { "seg_id": "cherokee-street-0270-00", "corridor": "Cherokee Street", "walk_class": "sidewalk", "length_m": 111.63 }, "geometry": { "type": "LineString", "coordinates": [ [ -79.9633197, 40.4521356 ], [ -79.9623423, 40.452041 ], [ -79.962038903365993, 40.451939554424136 ] ] } },
{ "type": "Feature", "properties": { "seg_id": "cherokee-street-0270-01", "corridor": "Cherokee Street", "walk_class": "sidewalk", "length_m": 111.63 }, "geometry": { "type": "LineString", "coordinates": [ [ -79.962038903365993, 40.451939554424136 ], [ -79.9609313, 40.4515692 ], [ -79.9609291, 40.4515632 ], [ -79.9608882, 40.4515489 ], [ -79.9608389, 40.4515317 ] ] } },
{ "type": "Feature", "properties": { "seg_id": "sidewalk-0271-00", "corridor": null, "walk_class": "sidewalk", "length_m": 10.06 }, "geometry": { "type": "LineString", "coordinates": [ [ -79.9634739, 40.4395736 ], [ -79.9633924, 40.439639499999984 ] ] } },
{ "type": "Feature", "properties": { "seg_id": "sidewalk-0272-00", "corridor": null, "walk_class": "sidewalk", "length_m": 91.9 }, "geometry": { "type": "LineString", "coordinates": [ [ -79.9634414, 40.4412955 ], [ -79.9633793, 40.4412527 ], [ -79.963221, 40.4411517 ], [ -79.9630279, 40.4410292 ], [ -79.9628616, 40.440921 ], [ -79.9627919, 40.4408792 ], [ -79.9627651, 40.4408598 ], [ -79.9627248, 40.4408496 ], [ -79.9626913, 40.4408414 ], [ -79.9626484, 40.4408332 ], [ -79.962573, 40.4408218 ] ] } },
{ "type": "Feature", "properties": { "seg_id": "service-0273-00", "corridor": null, "walk_class": "service", "length_m": 93.9 }, "geometry": { "type": "LineString", "coordinates": [ [ -79.9634321, 40.4413839 ], [ -79.9633838, 40.4413517 ], [ -79.9629788, 40.4410837 ], [ -79.9628325, 40.4410006 ], [ -79.96275, 40.440957 ], [ -79.9626808, 40.440933699999988 ], [ -79.962626, 40.4409018 ], [ -79.9625659, 40.4408894 ], [ -79.962548065807709, 40.440888932221256 ] ] } },
{ "type": "Feature", "properties": { "seg_id": "service-0273-01", "corridor": null, "walk_class": "service", "length_m": 93.9 }, "geometry": { "type": "LineString", "coordinates": [ [ -79.962548065807709, 40.440888932221256 ], [ -79.9625049, 40.4408878 ], [ -79.9624725, 40.4408914 ], [ -79.962459, 40.440895099999985 ], [ -79.9624474, 40.4408982 ], [ -79.9624082, 40.4409203 ], [ -79.962362, 40.4409555 ], [ -79.9623496, 40.4409747 ], [ -79.9623399, 40.440995599999987 ], [ -79.9623343, 40.441014 ], [ -79.962331, 40.4410333 ], [ -79.9623333, 40.4410505 ], [ -79.9623376, 40.4410672 ], [ -79.9623488, 40.4410873 ], [ -79.9623646, 40.4411068 ], [ -79.9623797, 40.4411193 ], [ -79.9623963, 40.4411318 ], [ -79.9624165, 40.4411423 ], [ -79.9624375, 40.441152 ], [ -79.9624529, 40.4411592 ], [ -79.9624717, 40.4411676 ], [ -79.9625113, 40.4411741 ], [ -79.962552, 40.4411769 ], [ -79.9625905, 40.4411736 ], [ -79.962625, 40.4411625 ], [ -79.9626981, 40.4411142 ], [ -79.9627643, 40.441088099999988 ], [ -79.9628278, 40.4410762 ], [ -79.9628959, 40.4410779 ], [ -79.9629788, 40.4410837 ] ] } },
{ "type": "Feature", "properties": { "seg_id": "service-0274-00", "corridor": null, "walk_class": "service", "length_m": 6.46 }, "geometry": { "type": "LineString", "coordinates": [ [ -79.9634661, 40.4360512 ], [ -79.9634101, 40.436090599999986 ] ] } },
{ "type": "Feature", "properties": { "seg_id": "service-0275-00", "corridor": null, "walk_class": "service", "length_m": 67.88 }, "geometry": { "type": "LineString", "coordinates": [ [ -79.9630724, 40.4527021 ], [ -79.9631121, 40.4527462 ], [ -79.9631989, 40.4528428 ], [ -79.9629344, 40.4529804 ], [ -79.962771, 40.452918399999987 ], [ -79.9627046, 40.4528925 ] ] } },
{ "type": "Feature", "properties": { "seg_id": "sidewalk-0276-00", "corridor": null, "walk_class": "sidewalk", "length_m": 13.48 }, "geometry": { "type": "LineString", "coordinates": [ [ -79.9633882, 40.4390507 ], [ -79.9633876, 40.4389675 ], [ -79.9633872, 40.4389293 ] ] } },
{ "type": "Feature", "properties": { "seg_id": "allequippa-street-0277-00", "corridor": null, "walk_class": "sidewalk", "length_m": 92.71 }, "geometry": { "type": "LineString", "coordinates": [ [ -79.9631691, 40.4436061 ], [ -79.9632448, 40.443741499999987 ], [ -79.9632847, 40.443858 ], [ -79.9633047, 40.4439783 ], [ -79.9632881, 40.4441397 ], [ -79.9632548, 40.4443802 ], [ -79.963239358916596, 40.444421031392224 ] ] } },
{ "type": "Feature", "properties": { "seg_id": "allequippa-street-0277-01", "corridor": "Allequippa Street", "walk_class": "sidewalk", "length_m": 92.71 }, "geometry": { "type": "LineString", "coordinates": [ [ -79.963239358916596, 40.444421031392224 ], [ -79.9631966, 40.4445341 ], [ -79.9631738, 40.4445788 ], [ -79.9631805, 40.4446132 ], [ -79.9630758, 40.4448151 ], [ -79.9630295, 40.4448724 ], [ -79.9630149, 40.444887199999989 ], [ -79.9629826, 40.4449171 ], [ -79.9629097, 40.4450126 ], [ -79.9628459, 40.4450935 ], [ -79.9628025, 40.4451263 ], [ -79.962763305930139, 40.445154694645517 ] ] } },
{ "type": "Feature", "properties": { "seg_id": "allequippa-street-0277-02", "corridor": "Allequippa Street", "walk_class": "sidewalk", "length_m": 92.71 }, "geometry": { "type": "LineString", "coordinates": [ [ -79.962763305930139, 40.445154694645517 ], [ -79.9627281, 40.4451802 ], [ -79.9626731, 40.445215 ], [ -79.9626569, 40.445225199999989 ], [ -79.962571, 40.4452755 ], [ -79.9624932, 40.4453147 ], [ -79.9624147, 40.4453492 ], [ -79.9623311, 40.4453776 ], [ -79.9623166, 40.445382499999987 ], [ -79.9622395, 40.4454089 ], [ -79.9622078, 40.4454198 ], [ -79.9621069, 40.4454436 ], [ -79.9620495, 40.4454548 ], [ -79.9619894, 40.4454638 ], [ -79.96189, 40.4454734 ], [ -79.961783067319388, 40.445480784103026 ] ] } },
{ "type": "Feature", "properties": { "seg_id": "allequippa-street-0277-03", "corridor": "University Drive C", "walk_class": "sidewalk", "length_m": 92.71 }, "geometry": { "type": "LineString", "coordinates": [ [ -79.961783067319388, 40.445480784103026 ], [ -79.9617727, 40.445481499999985 ], [ -79.9616588, 40.4454842 ], [ -79.9616362, 40.4454848 ], [ -79.96152, 40.4454783 ], [ -79.9614389, 40.44547020000001 ], [ -79.9614108, 40.4454655 ], [ -79.9613845, 40.4454604 ], [ -79.9613481, 40.445434 ], [ -79.961334600000015, 40.445421 ], [ -79.9613236, 40.4454104 ], [ -79.96128880000002, 40.4453581 ], [ -79.9611381, 40.445133 ], [ -79.9611078, 40.4451051 ], [ -79.9610438, 40.4450578 ], [ -79.9609995, 40.4450377 ], [ -79.960993268363367, 40.44503602524852 ] ] } },
{ "type": "Feature", "properties": { "seg_id": "allequippa-street-0277-04", "corridor": "University Drive C", "walk_class": "sidewalk", "length_m": 92.71 }, "geometry": { "type": "LineString", "coordinates": [ [ -79.960993268363367, 40.44503602524852 ], [ -79.9609675, 40.445029099999985 ], [ -79.9609176, 40.4450176 ], [ -79.9608828, 40.445014 ], [ -79.960862, 40.4450119 ], [ -79.9608477, 40.4450119 ], [ -79.9608338, 40.4450119 ], [ -79.9608018, 40.4450183 ], [ -79.96075470000001, 40.4450312 ], [ -79.9606831, 40.4450406 ], [ -79.9604825, 40.4450397 ], [ -79.960395, 40.4450589 ], [ -79.9602979, 40.4450805 ], [ -79.9601106, 40.4451309 ], [ -79.9599448, 40.445188799999983 ] ] } },
{ "type": "Feature", "properties": { "seg_id": "bryn-mawr-road-0278-00", "corridor": "Bryn Mawr Road", "walk_class": "sidewalk", "length_m": 17.34 }, "geometry": { "type": "LineString", "coordinates": [ [ -79.9631491, 40.4525901 ], [ -79.9631477, 40.4525999 ], [ -79.9630932, 40.452625 ], [ -79.963004700000013, 40.4526659 ], [ -79.9629812, 40.4526711 ] ] } },
{ "type": "Feature", "properties": { "seg_id": "carlow-drive-0279-00", "corridor": null, "walk_class": "steps", "length_m": 23.13 }, "geometry": { "type": "LineString", "coordinates": [ [ -79.9632248, 40.4385525 ], [ -79.9632254, 40.438554 ], [ -79.9632253, 40.4385559 ], [ -79.9632248, 40.4385577 ], [ -79.9632237, 40.4385593 ], [ -79.9631936, 40.4385959 ], [ -79.9632075, 40.4386024 ], [ -79.9632204, 40.4386084 ], [ -79.9632037, 40.4386282 ], [ -79.9632708, 40.4386553 ], [ -79.9633196, 40.4386922 ] ] } },
{ "type": "Feature", "properties": { "seg_id": "o-hara-street-0280-00", "corridor": "Terrace Street", "walk_class": "sidewalk", "length_m": 102.58 }, "geometry": { "type": "LineString", "coordinates": [ [ -79.9609256, 40.4437512 ], [ -79.9609781, 40.4437479 ], [ -79.9610863, 40.4437182 ], [ -79.9611308, 40.4436961 ], [ -79.9611647, 40.443671 ], [ -79.9612557, 40.4435998 ], [ -79.961293200000014, 40.443567 ], [ -79.961592600000017, 40.443275199999988 ], [ -79.9616177, 40.4432698 ], [ -79.9616351, 40.4432741 ], [ -79.9616514, 40.4432707 ], [ -79.9616732, 40.4432602 ], [ -79.961785804015179, 40.443151027407531 ] ] } },
{ "type": "Feature", "properties": { "seg_id": "o-hara-street-0280-01", "corridor": null, "walk_class": "sidewalk", "length_m": 102.58 }, "geometry": { "type": "LineString", "coordinates": [ [ -79.961785804015179, 40.443151027407531 ], [ -79.9617979, 40.4431393 ], [ -79.961799, 40.4430915 ], [ -79.9619389, 40.442958 ], [ -79.962026600000016, 40.4428684 ], [ -79.9620367, 40.4428739 ], [ -79.9621677, 40.4429444 ], [ -79.9622094, 40.4429669 ], [ -79.9624711, 40.443108 ], [ -79.96248, 40.4431128 ], [ -79.962643342498254, 40.443203792392097 ] ] } },
{ "type": "Feature", "properties": { "seg_id": "o-hara-street-0280-02", "corridor": null, "walk_class": "sidewalk", "length_m": 102.58 }, "geometry": { "type": "LineString", "coordinates": [ [ -79.962643342498254, 40.443203792392097 ], [ -79.9629076, 40.443351 ], [ -79.9629915, 40.4434124 ], [ -79.9630447, 40.4434652 ], [ -79.9630689, 40.4434861 ], [ -79.9631076, 40.4435194 ], [ -79.9631691, 40.4436061 ], [ -79.9632091, 40.4438827 ], [ -79.96321116653678, 40.44395211882982 ] ] } },
{ "type": "Feature", "properties": { "seg_id": "o-hara-street-0280-03", "corridor": null, "walk_class": "sidewalk", "length_m": 102.58 }, "geometry": { "type": "LineString", "coordinates": [ [ -79.96321116653678, 40.44395211882982 ], [ -79.963214, 40.444047299999987 ], [ -79.9631873, 40.4441299 ], [ -79.9631565, 40.4442535 ], [ -79.9631517, 40.4442695 ], [ -79.9631273, 40.4443502 ], [ -79.9629198, 40.4447284 ], [ -79.9628664, 40.4448068 ], [ -79.962850330823201, 40.44482286917971 ] ] } },
{ "type": "Feature", "properties": { "seg_id": "o-hara-street-0280-04", "corridor": null, "walk_class": "sidewalk", "length_m": 102.58 }, "geometry": { "type": "LineString", "coordinates": [ [ -79.962850330823201, 40.44482286917971 ], [ -79.962841, 40.4448322 ], [ -79.9626818, 40.4447452 ], [ -79.96186937886975, 40.444301890313419 ] ] } },
{ "type": "Feature", "properties": { "seg_id": "o-hara-street-0280-05", "corridor": null, "walk_class": "sidewalk", "length_m": 102.58 }, "geometry": { "type": "LineString", "coordinates": [ [ -79.96186937886975, 40.444301890313419 ], [ -79.9616537, 40.4441842 ], [ -79.9614891, 40.4440856 ], [ -79.9612298, 40.4439394 ], [ -79.961223, 40.4439346 ], [ -79.9611879, 40.4439147 ], [ -79.9611552, 40.443896 ], [ -79.9611401, 40.44388739999998 ], [ -79.9611072, 40.4438687 ], [ -79.9610907, 40.4438593 ], [ -79.9610126, 40.4438149 ], [ -79.9609726, 40.4437858 ], [ -79.9609256, 40.4437512 ], [ -79.960904706078054, 40.443750966878554 ] ] } },
{ "type": "Feature", "properties": { "seg_id": "o-hara-street-0280-06", "corridor": "Terrace Street", "walk_class": "sidewalk", "length_m": 102.58 }, "geometry": { "type": "LineString", "coordinates": [ [ -79.960904706078054, 40.443750966878554 ], [ -79.9608539, 40.4437504 ], [ -79.9608085, 40.4437451 ], [ -79.960747900000015, 40.4437309 ], [ -79.9607041, 40.4437148 ], [ -79.9603793, 40.4435302 ], [ -79.9598969, 40.4432638 ], [ -79.959896412252462, 40.443264154211988 ] ] } },
{ "type": "Feature", "properties": { "seg_id": "o-hara-street-0280-07", "corridor": "O'Hara Street", "walk_class": "sidewalk", "length_m": 102.58 }, "geometry": { "type": "LineString", "coordinates": [ [ -79.959896412252462, 40.443264154211988 ], [ -79.9594502, 40.443588199999986 ], [ -79.9592653, 40.4437224 ], [ -79.9592474, 40.4437339 ], [ -79.9592042, 40.4437652 ], [ -79.959164, 40.443793 ], [ -79.9590925, 40.4438441 ], [ -79.95901674978586, 40.443898241377148 ] ] } },
{ "type": "Feature", "properties": { "seg_id": "o-hara-street-0280-08", "corridor": "O'Hara Street", "walk_class": "sidewalk", "length_m": 102.58 }, "geometry": { "type": "LineString", "coordinates": [ [ -79.95901674978586, 40.443898241377148 ], [ -79.9587083, 40.4441187 ], [ -79.9586832, 40.4441378 ], [ -79.9586712, 40.4441469 ], [ -79.9585842, 40.4442108 ], [ -79.9584472, 40.4443113 ], [ -79.9584402, 40.4443165 ], [ -79.9581546, 40.4445292 ], [ -79.95814329620147, 40.444537327743234 ] ] } },
{ "type": "Feature", "properties": { "seg_id": "o-hara-street-0280-09", "corridor": "O'Hara Street", "walk_class": "sidewalk", "length_m": 102.58 }, "geometry": { "type": "LineString", "coordinates": [ [ -79.95814329620147, 40.444537327743234 ], [ -79.9579617, 40.444667899999985 ], [ -79.9579314, 40.4446898 ], [ -79.9579057, 40.4447048 ], [ -79.9577303, 40.4448308 ], [ -79.9576985, 40.4448556 ], [ -79.9576805, 40.4448696 ], [ -79.9574194, 40.4450541 ], [ -79.957264380548764, 40.445171741749704 ] ] } },
{ "type": "Feature", "properties": { "seg_id": "o-hara-street-0280-10", "corridor": "O'Hara Street", "walk_class": "sidewalk", "length_m": 102.58 }, "geometry": { "type": "LineString", "coordinates": [ [ -79.957264380548764, 40.445171741749704 ], [ -79.9572224, 40.4452036 ], [ -79.9572086, 40.4452141 ], [ -79.9570992, 40.4452971 ], [ -79.9565168, 40.4457096 ], [ -79.9565011, 40.4457323 ], [ -79.9564867, 40.4457412 ], [ -79.956451, 40.4457676 ], [ -79.9564041, 40.4458012 ], [ -79.9563926, 40.445810100000017 ] ] } },
{ "type": "Feature", "properties": { "seg_id": "sidewalk-0281-00", "corridor": null, "walk_class": "sidewalk", "length_m": 80.08 }, "geometry": { "type": "LineString", "coordinates": [ [ -79.9624538, 40.4455785 ], [ -79.9624992, 40.4456281 ], [ -79.96251, 40.4456383 ], [ -79.96252490000002, 40.4456469 ], [ -79.9625431, 40.4456531 ], [ -79.9625623, 40.445656099999987 ], [ -79.962659, 40.4456628 ], [ -79.9627207, 40.4456742 ], [ -79.9627653, 40.4456878 ], [ -79.9628794, 40.4457268 ], [ -79.962882, 40.4457411 ], [ -79.9628959, 40.4457574 ], [ -79.96292, 40.44577180000001 ], [ -79.9630702, 40.4458085 ], [ -79.9630933, 40.4458143 ], [ -79.9631749, 40.4459319 ], [ -79.963152600000015, 40.4459403 ] ] } },
{ "type": "Feature", "properties": { "seg_id": "service-0282-00", "corridor": null, "walk_class": "service", "length_m": 27.6 }, "geometry": { "type": "LineString", "coordinates": [ [ -79.9632182, 40.4421774 ], [ -79.9632009, 40.4422264 ], [ -79.9631781, 40.4422907 ], [ -79.9631945, 40.4424214 ] ] } },
{ "type": "Feature", "properties": { "seg_id": "sidewalk-0283-00", "corridor": null, "walk_class": "sidewalk", "length_m": 12.55 }, "geometry": { "type": "LineString", "coordinates": [ [ -79.9630295, 40.4448724 ], [ -79.9631078, 40.4449019 ], [ -79.9631614, 40.4449236 ] ] } },
{ "type": "Feature", "properties": { "seg_id": "craft-avenue-0284-00", "corridor": "Craft Avenue", "walk_class": "sidewalk", "length_m": 16.44 }, "geometry": { "type": "LineString", "coordinates": [ [ -79.9631447, 40.436998599999988 ], [ -79.9632069, 40.4370484 ], [ -79.9632781, 40.437106 ] ] } },
{ "type": "Feature", "properties": { "seg_id": "sidewalk-0285-00", "corridor": null, "walk_class": "sidewalk", "length_m": 55.58 }, "geometry": { "type": "LineString", "coordinates": [ [ -79.9631517, 40.4442695 ], [ -79.9627628, 40.4446725 ] ] } },
{ "type": "Feature", "properties": { "seg_id": "sidewalk-0286-00", "corridor": null, "walk_class": "sidewalk", "length_m": 18.34 }, "geometry": { "type": "LineString", "coordinates": [ [ -79.9631207, 40.4421825 ], [ -79.96310680000002, 40.4423474 ] ] } },
{ "type": "Feature", "properties": { "seg_id": "service-0287-00", "corridor": null, "walk_class": "service", "length_m": 15.41 }, "geometry": { "type": "LineString", "coordinates": [ [ -79.9630997, 40.4434524 ], [ -79.9630689, 40.4434861 ], [ -79.9630007, 40.4435688 ] ] } },
{ "type": "Feature", "properties": { "seg_id": "service-0288-00", "corridor": null, "walk_class": "service", "length_m": 15.12 }, "geometry": { "type": "LineString", "coordinates": [ [ -79.962999100000019, 40.4392703 ], [ -79.9630279, 40.439293399999983 ], [ -79.9631236, 40.4393678 ] ] } },
{ "type": "Feature", "properties": { "seg_id": "allequippa-street-0289-00", "corridor": "Allequippa Street", "walk_class": "sidewalk", "length_m": 119.26 }, "geometry": { "type": "LineString", "coordinates": [ [ -79.9628025, 40.4451263 ], [ -79.9628971, 40.4451379 ], [ -79.9629707, 40.4451469 ], [ -79.9630087, 40.445157599999987 ], [ -79.9630284, 40.4451926 ], [ -79.963026, 40.4452362 ], [ -79.9629978, 40.4452666 ], [ -79.9629156, 40.4453551 ], [ -79.9628445, 40.4454316 ], [ -79.9628289, 40.445443 ], [ -79.9627866, 40.4454738 ], [ -79.9627138, 40.4455134 ], [ -79.9626446, 40.4455494 ], [ -79.9626344, 40.44555470000001 ], [ -79.9626045, 40.4455672 ], [ -79.96256630000002, 40.4455747 ], [ -79.9625251, 40.4455794 ], [ -79.9624839, 40.4455802 ], [ -79.9624538, 40.4455785 ], [ -79.9624141, 40.4455665 ], [ -79.9623448, 40.4455388 ], [ -79.9623268, 40.4455282 ], [ -79.9622855, 40.4454647 ], [ -79.9622395, 40.4454089 ] ] } },
{ "type": "Feature", "properties": { "seg_id": "service-0290-00", "corridor": null, "walk_class": "service", "length_m": 16.93 }, "geometry": { "type": "LineString", "coordinates": [ [ -79.9630646, 40.4420929 ], [ -79.9630266, 40.442135 ], [ -79.9629515, 40.442218599999983 ] ] } },
{ "type": "Feature", "properties": { "seg_id": "steps-0291-00", "corridor": null, "walk_class": "steps", "length_m": 15.44 }, "geometry": { "type": "LineString", "coordinates": [ [ -79.9630149, 40.444887199999989 ], [ -79.9628664, 40.4448068 ] ] } },
{ "type": "Feature", "properties": { "seg_id": "milwaukee-street-0292-00", "corridor": "Milwaukee Street", "walk_class": "sidewalk", "length_m": 13.72 }, "geometry": { "type": "LineString", "coordinates": [ [ -79.9628795, 40.4531944 ], [ -79.9628766, 40.4532045 ], [ -79.9628268, 40.4532472 ], [ -79.9627839, 40.453284 ], [ -79.962775, 40.453284 ] ] } },
{ "type": "Feature", "properties": { "seg_id": "sidewalk-0293-00", "corridor": null, "walk_class": "sidewalk", "length_m": 8.32 }, "geometry": { "type": "LineString", "coordinates": [ [ -79.963084, 40.4392687 ], [ -79.9630458, 40.4392348 ], [ -79.9630199, 40.439212 ] ] } },
{ "type": "Feature", "properties": { "seg_id": "craft-avenue-0294-00", "corridor": "Craft Avenue", "walk_class": "sidewalk", "length_m": 17.25 }, "geometry": { "type": "LineString", "coordinates": [ [ -79.9631045, 40.4372353 ], [ -79.9630195, 40.4371684 ], [ -79.9629659, 40.4371216 ] ] } },
{ "type": "Feature", "properties": { "seg_id": "sidewalk-0295-00", "corridor": null, "walk_class": "sidewalk", "length_m": 19.66 }, "geometry": { "type": "LineString", "coordinates": [ [ -79.9628616, 40.440921 ], [ -79.9629032, 40.440869 ], [ -79.9629287, 40.440853600000011 ], [ -79.9629568, 40.4408465 ], [ -79.9629837, 40.4408526 ], [ -79.9630105, 40.4408659 ], [ -79.9630373, 40.4408761 ] ] } },
{ "type": "Feature", "properties": { "seg_id": "service-0296-00", "corridor": null, "walk_class": "service", "length_m": 137.48 }, "geometry": { "type": "LineString", "coordinates": [ [ -79.9628838, 40.4451537 ], [ -79.9629367, 40.4451834 ], [ -79.9629498, 40.4452004 ], [ -79.9629548, 40.4452196 ], [ -79.962955300000019, 40.4452347 ], [ -79.9629507, 40.445249 ], [ -79.9628025, 40.4454127 ], [ -79.9627772, 40.4454336 ], [ -79.9626726, 40.4454855 ], [ -79.9625694, 40.4455248 ], [ -79.9625464, 40.4455303 ], [ -79.96252250000002, 40.4455327 ], [ -79.9624975, 40.4455316 ], [ -79.9624725, 40.4455267 ], [ -79.9624329, 40.4455109 ], [ -79.9624035, 40.4454905 ], [ -79.9623574, 40.4454412 ], [ -79.9623311, 40.4453776 ], [ -79.9623346, 40.4453457 ], [ -79.9624037, 40.4452502 ], [ -79.9624996, 40.4452074 ], [ -79.9626569, 40.445225199999989 ], [ -79.9627779, 40.445238 ] ] } },
{ "type": "Feature", "properties": { "seg_id": "sidewalk-0297-00", "corridor": null, "walk_class": "sidewalk", "length_m": 15.75 }, "geometry": { "type": "LineString", "coordinates": [ [ -79.96292, 40.44577180000001 ], [ -79.9628562, 40.445905 ] ] } },
{ "type": "Feature", "properties": { "seg_id": "forbes-avenue-0298-00", "corridor": "Forbes Avenue", "walk_class": "sidewalk", "length_m": 12.1 }, "geometry": { "type": "LineString", "coordinates": [ [ -79.9630477, 40.436986 ], [ -79.9629864, 40.437026 ], [ -79.9629414, 40.4370587 ] ] } },
{ "type": "Feature", "properties": { "seg_id": "carlow-drive-0299-00", "corridor": "Carlow Drive", "walk_class": "sidewalk", "length_m": 19.76 }, "geometry": { "type": "LineString", "coordinates": [ [ -79.9630032, 40.438801 ], [ -79.962991, 40.4388108 ], [ -79.9629806, 40.438818299999987 ], [ -79.9629776, 40.438819399999986 ], [ -79.9629751, 40.4388199 ], [ -79.9629715, 40.4388196 ], [ -79.9629686, 40.4388188 ], [ -79.9629657, 40.438817 ], [ -79.9629637, 40.4388151 ], [ -79.9629622, 40.4388127 ], [ -79.9629615, 40.4388101 ], [ -79.962962, 40.4388074 ], [ -79.9629639, 40.4388038 ], [ -79.9629909, 40.4387785 ], [ -79.9630016, 40.4387687 ], [ -79.9630134, 40.4387547 ], [ -79.9630166, 40.4387494 ], [ -79.9630194, 40.4387441 ], [ -79.9630206, 40.43873880000001 ], [ -79.9630209, 40.4387326 ], [ -79.9630189, 40.4387272 ], [ -79.9630167, 40.4387235 ], [ -79.9630131, 40.4387206 ], [ -79.9629843, 40.4387036 ] ] } },
{ "type": "Feature", "properties": { "seg_id": "service-0300-00", "corridor": null, "walk_class": "service", "length_m": 47.1 }, "geometry": { "type": "LineString", "coordinates": [ [ -79.9626232, 40.436034899999989 ], [ -79.962692, 40.4360527 ], [ -79.9630273, 40.436318 ] ] } },
{ "type": "Feature", "properties": { "seg_id": "sidewalk-0301-00", "corridor": null, "walk_class": "sidewalk", "length_m": 19.19 }, "geometry": { "type": "LineString", "coordinates": [ [ -79.9628664, 40.4448068 ], [ -79.9627628, 40.4446725 ], [ -79.9627679, 40.444656 ] ] } },
{ "type": "Feature", "properties": { "seg_id": "forbes-avenue-0302-00", "corridor": "Craft Avenue", "walk_class": "sidewalk", "length_m": 112.61 }, "geometry": { "type": "LineString", "coordinates": [ [ -79.9620094, 40.4363057 ], [ -79.9623174, 40.4365545 ], [ -79.96292164690469, 40.437042739411623 ] ] } },
{ "type": "Feature", "properties": { "seg_id": "forbes-avenue-0302-01", "corridor": "Forbes Avenue", "walk_class": "sidewalk", "length_m": 112.61 }, "geometry": { "type": "LineString", "coordinates": [ [ -79.96292164690469, 40.437042739411623 ], [ -79.9629414, 40.4370587 ], [ -79.9629709, 40.4370882 ], [ -79.9629659, 40.4371216 ], [ -79.962094496368223, 40.437758989922386 ] ] } },
{ "type": "Feature", "properties": { "seg_id": "forbes-avenue-0302-02", "corridor": "Forbes Avenue", "walk_class": "sidewalk", "length_m": 112.61 }, "geometry": { "type": "LineString", "coordinates": [ [ -79.962094496368223, 40.437758989922386 ], [ -79.9613439, 40.438308 ], [ -79.9612796, 40.4383544 ], [ -79.9612544, 40.4383725 ], [ -79.961242, 40.4383779 ], [ -79.9612239, 40.4383922 ], [ -79.9611818, 40.4384181 ], [ -79.961126, 40.4384519 ] ] } },
{ "type": "Feature", "properties": { "seg_id": "shawnee-street-0303-00", "corridor": "Shawnee Street", "walk_class": "street", "length_m": 137.69 }, "geometry": { "type": "LineString", "coordinates": [ [ -79.9611307, 40.4511072 ], [ -79.9624936, 40.4512366 ], [ -79.9627419, 40.4512602 ] ] } },
{ "type": "Feature", "properties": { "seg_id": "service-0304-00", "corridor": null, "walk_class": "service", "length_m": 27.39 }, "geometry": { "type": "LineString", "coordinates": [ [ -79.962699700000016, 40.4373942 ], [ -79.9627769, 40.437454 ], [ -79.9629264, 40.4375699 ] ] } },
{ "type": "Feature", "properties": { "seg_id": "terrace-street-0305-00", "corridor": "Terrace Street", "walk_class": "sidewalk", "length_m": 15.73 }, "geometry": { "type": "LineString", "coordinates": [ [ -79.9626966, 40.4419705 ], [ -79.9627156, 40.441969 ], [ -79.9627672, 40.4419296 ], [ -79.9628186, 40.4418886 ], [ -79.9628336, 40.4418795 ] ] } },
{ "type": "Feature", "properties": { "seg_id": "service-0306-00", "corridor": null, "walk_class": "service", "length_m": 17.25 }, "geometry": { "type": "LineString", "coordinates": [ [ -79.9628116, 40.4393685 ], [ -79.9628028, 40.4394411 ], [ -79.9628042, 40.4394523 ], [ -79.962808, 40.439463 ], [ -79.9628112, 40.4394704 ], [ -79.9628174, 40.4394767 ], [ -79.9628323, 40.4394869 ], [ -79.9628464, 40.439495099999988 ], [ -79.9628628, 40.4395044 ] ] } },
{ "type": "Feature", "properties": { "seg_id": "service-0307-00", "corridor": null, "walk_class": "service", "length_m": 39.31 }, "geometry": { "type": "LineString", "coordinates": [ [ -79.9625659, 40.4408894 ], [ -79.9625636, 40.4408371 ], [ -79.962573, 40.4408218 ], [ -79.9625906, 40.4407931 ], [ -79.9628254, 40.4406144 ] ] } },
{ "type": "Feature", "properties": { "seg_id": "sidewalk-0308-00", "corridor": null, "walk_class": "sidewalk", "length_m": 15.43 }, "geometry": { "type": "LineString", "coordinates": [ [ -79.9627207, 40.4456742 ], [ -79.9626045, 40.4455672 ] ] } },
{ "type": "Feature", "properties": { "seg_id": "service-0309-00", "corridor": null, "walk_class": "service", "length_m": 21.6 }, "geometry": { "type": "LineString", "coordinates": [ [ -79.9626808, 40.440933699999988 ], [ -79.9627177, 40.4409829 ], [ -79.962726, 40.4410032 ], [ -79.9627308, 40.4410261 ], [ -79.9627301, 40.441048 ], [ -79.9627259, 40.441071199999989 ], [ -79.9627142, 40.4410927 ], [ -79.9626981, 40.4411142 ] ] } },
{ "type": "Feature", "properties": { "seg_id": "service-0310-00", "corridor": null, "walk_class": "service", "length_m": 11.48 }, "geometry": { "type": "LineString", "coordinates": [ [ -79.9626886, 40.436783 ], [ -79.9627466, 40.4367418 ], [ -79.9627877, 40.4367126 ] ] } },
{ "type": "Feature", "properties": { "seg_id": "terrace-street-0311-00", "corridor": "Terrace Street", "walk_class": "sidewalk", "length_m": 100.95 }, "geometry": { "type": "LineString", "coordinates": [ [ -79.9626966, 40.4419705 ], [ -79.9626788, 40.4420067 ], [ -79.9625856, 40.4421069 ], [ -79.9624612, 40.4422303 ], [ -79.9623988, 40.442294400000016 ], [ -79.9621505, 40.4425346 ], [ -79.9620485, 40.442635 ], [ -79.961985266762824, 40.442697474540935 ] ] } },
{ "type": "Feature", "properties": { "seg_id": "terrace-street-0311-01", "corridor": "Terrace Street", "walk_class": "sidewalk", "length_m": 100.95 }, "geometry": { "type": "LineString", "coordinates": [ [ -79.961985266762824, 40.442697474540935 ], [ -79.9617569, 40.4429231 ], [ -79.9614969, 40.4431796 ], [ -79.96135390000002, 40.4433212 ], [ -79.961245145881136, 40.443409021884754 ] ] } },
{ "type": "Feature", "properties": { "seg_id": "terrace-street-0311-02", "corridor": "Terrace Street", "walk_class": "sidewalk", "length_m": 100.95 }, "geometry": { "type": "LineString", "coordinates": [ [ -79.961245145881136, 40.443409021884754 ], [ -79.9611918, 40.4434521 ], [ -79.9611369, 40.4435019 ], [ -79.961068, 40.44356040000001 ], [ -79.9610285, 40.4435927 ], [ -79.96097, 40.4436082 ], [ -79.9609127, 40.443610099999987 ], [ -79.9608646, 40.4436031 ], [ -79.9608012, 40.4435815 ], [ -79.9603986, 40.4433654 ], [ -79.960288624005528, 40.44330311872362 ] ] } },
{ "type": "Feature", "properties": { "seg_id": "terrace-street-0311-03", "corridor": "Desoto Street", "walk_class": "sidewalk", "length_m": 100.95 }, "geometry": { "type": "LineString", "coordinates": [ [ -79.960288624005528, 40.44330311872362 ], [ -79.9598196, 40.4430375 ], [ -79.9597772, 40.4430126 ], [ -79.9597222, 40.4429806 ], [ -79.959325811140602, 40.442768628438479 ] ] } },
{ "type": "Feature", "properties": { "seg_id": "terrace-street-0311-04", "corridor": "Desoto Street", "walk_class": "sidewalk", "length_m": 100.95 }, "geometry": { "type": "LineString", "coordinates": [ [ -79.959325811140602, 40.442768628438479 ], [ -79.9593007, 40.4427552 ], [ -79.9592564, 40.442731 ], [ -79.95918, 40.4426892 ], [ -79.9591388, 40.4426667 ], [ -79.9586715, 40.442418799999984 ], [ -79.9585576, 40.44237840000001 ], [ -79.9584913, 40.4423549 ], [ -79.958314338109716, 40.442296090970089 ] ] } },
{ "type": "Feature", "properties": { "seg_id": "terrace-street-0311-05", "corridor": "Fifth Avenue", "walk_class": "sidewalk", "length_m": 100.95 }, "geometry": { "type": "LineString", "coordinates": [ [ -79.958314338109716, 40.442296090970089 ], [ -79.9582596, 40.4422779 ], [ -79.9582171, 40.4422401 ], [ -79.9581979, 40.4422016 ], [ -79.9581948, 40.4421546 ], [ -79.9582136, 40.4421114 ], [ -79.9582545, 40.4420738 ], [ -79.9585079, 40.4418956 ], [ -79.9585663, 40.441854 ], [ -79.9586342, 40.4418002 ], [ -79.958759500000014, 40.4417072 ], [ -79.958852371291357, 40.441638255147872 ] ] } },
{ "type": "Feature", "properties": { "seg_id": "terrace-street-0311-06", "corridor": "Fifth Avenue", "walk_class": "sidewalk", "length_m": 100.95 }, "geometry": { "type": "LineString", "coordinates": [ [ -79.958852371291357, 40.441638255147872 ], [ -79.958929900000015, 40.4415807 ], [ -79.9591953, 40.4413734 ], [ -79.9593093, 40.4412843 ], [ -79.9593467, 40.4412544 ], [ -79.9593692, 40.4412397 ], [ -79.9593963, 40.4412358 ], [ -79.9594228, 40.441238700000014 ], [ -79.9594658, 40.441253199999984 ], [ -79.9597633, 40.4414004 ] ] } },
{ "type": "Feature", "properties": { "seg_id": "service-0312-00", "corridor": null, "walk_class": "service", "length_m": 105.4 }, "geometry": { "type": "LineString", "coordinates": [ [ -79.9604486, 40.4374986 ], [ -79.9604122, 40.4374674 ], [ -79.9604048, 40.4374611 ], [ -79.9603343, 40.437399599999985 ], [ -79.9602748, 40.4373512 ], [ -79.9602454, 40.4373017 ], [ -79.9602367, 40.4372632 ], [ -79.9602373, 40.4372284 ], [ -79.9602511, 40.4371967 ], [ -79.9602798, 40.4371643 ], [ -79.960313, 40.4371421 ], [ -79.9603594, 40.437122 ], [ -79.9603996, 40.4371188 ], [ -79.9604474, 40.4371196 ], [ -79.9605043, 40.4371258 ], [ -79.960575, 40.4371458 ], [ -79.9606403, 40.4371717 ], [ -79.9606918, 40.437205 ], [ -79.9607109, 40.4372267 ], [ -79.9607178, 40.4372487 ], [ -79.9607203, 40.4372783 ], [ -79.9607145, 40.4373079 ], [ -79.9607706, 40.4373586 ], [ -79.960796708617295, 40.437372523137007 ] ] } },
{ "type": "Feature", "properties": { "seg_id": "service-0312-01", "corridor": null, "walk_class": "service", "length_m": 105.4 }, "geometry": { "type": "LineString", "coordinates": [ [ -79.960796708617295, 40.437372523137007 ], [ -79.961002, 40.437482 ], [ -79.9610996, 40.437559 ], [ -79.9615631, 40.4379377 ], [ -79.961689924964872, 40.437847390120297 ] ] } },
{ "type": "Feature", "properties": { "seg_id": "service-0312-02", "corridor": null, "walk_class": "service", "length_m": 105.4 }, "geometry": { "type": "LineString", "coordinates": [ [ -79.961689924964872, 40.437847390120297 ], [ -79.962598943605983, 40.437200082250826 ] ] } },
{ "type": "Feature", "properties": { "seg_id": "service-0312-03", "corridor": null, "walk_class": "service", "length_m": 105.4 }, "geometry": { "type": "LineString", "coordinates": [ [ -79.962598943605983, 40.437200082250826 ], [ -79.9627371, 40.4371017 ], [ -79.962548, 40.4369486 ], [ -79.9621876, 40.4366548 ], [ -79.9623174, 40.4365545 ], [ -79.9623642, 40.4365183 ] ] } },
{ "type": "Feature", "properties": { "seg_id": "sidewalk-0313-00", "corridor": null, "walk_class": "sidewalk", "length_m": 14.14 }, "geometry": { "type": "LineString", "coordinates": [ [ -79.9625448, 40.4456861 ], [ -79.9625623, 40.445656099999987 ], [ -79.9626045, 40.4455672 ] ] } },
{ "type": "Feature", "properties": { "seg_id": "bryn-mawr-road-0314-00", "corridor": "Bryn Mawr Road", "walk_class": "sidewalk", "length_m": 17.86 }, "geometry": { "type": "LineString", "coordinates": [ [ -79.9624044, 40.4531239 ], [ -79.9623891, 40.4531242 ], [ -79.9622956, 40.453104299999985 ], [ -79.9622097, 40.453086 ], [ -79.9622023, 40.453082 ] ] } },
{ "type": "Feature", "properties": { "seg_id": "sidewalk-0315-00", "corridor": null, "walk_class": "sidewalk", "length_m": 23.52 }, "geometry": { "type": "LineString", "coordinates": [ [ -79.9624992, 40.4456281 ], [ -79.9624329, 40.4458338 ] ] } },
{ "type": "Feature", "properties": { "seg_id": "hamlet-street-0316-00", "corridor": null, "walk_class": "street", "length_m": 55.65 }, "geometry": { "type": "LineString", "coordinates": [ [ -79.9623132, 40.4364767 ], [ -79.9623519, 40.4364215 ], [ -79.9626232, 40.436034899999989 ] ] } },
{ "type": "Feature", "properties": { "seg_id": "service-0317-00", "corridor": null, "walk_class": "service", "length_m": 16.17 }, "geometry": { "type": "LineString", "coordinates": [ [ -79.9625223, 40.4422644 ], [ -79.9624612, 40.4422303 ], [ -79.9623683, 40.4421785 ] ] } },
{ "type": "Feature", "properties": { "seg_id": "sidewalk-0318-00", "corridor": null, "walk_class": "sidewalk", "length_m": 31.75 }, "geometry": { "type": "LineString", "coordinates": [ [ -79.9624711, 40.443108 ], [ -79.9624264, 40.4431255 ], [ -79.9623912, 40.4431074 ], [ -79.9623598, 40.4430993 ], [ -79.9621146, 40.4430681 ] ] } },
{ "type": "Feature", "properties": { "seg_id": "service-0319-00", "corridor": null, "walk_class": "service", "length_m": 99.25 }, "geometry": { "type": "LineString", "coordinates": [ [ -79.9622764, 40.4486207 ], [ -79.9623709, 40.4482628 ], [ -79.961697075994678, 40.44814124646652 ] ] } },
{ "type": "Feature", "properties": { "seg_id": "service-0319-01", "corridor": null, "walk_class": "service", "length_m": 99.25 }, "geometry": { "type": "LineString", "coordinates": [ [ -79.961697075994678, 40.44814124646652 ], [ -79.96055813441545, 40.447935778805402 ] ] } },
{ "type": "Feature", "properties": { "seg_id": "service-0319-02", "corridor": null, "walk_class": "service", "length_m": 99.25 }, "geometry": { "type": "LineString", "coordinates": [ [ -79.96055813441545, 40.447935778805402 ], [ -79.9594192, 40.447730300000011 ] ] } },
{ "type": "Feature", "properties": { "seg_id": "service-0320-00", "corridor": null, "walk_class": "service", "length_m": 16.81 }, "geometry": { "type": "LineString", "coordinates": [ [ -79.9624587, 40.44233 ], [ -79.9623988, 40.442294400000016 ], [ -79.9623023, 40.442237 ] ] } },
{ "type": "Feature", "properties": { "seg_id": "service-0321-00", "corridor": null, "walk_class": "service", "length_m": 57.23 }, "geometry": { "type": "LineString", "coordinates": [ [ -79.962459, 40.440895099999985 ], [ -79.9624482, 40.4408735 ], [ -79.9624346, 40.4408597 ], [ -79.9624121, 40.4408373 ], [ -79.9623916, 40.4408205 ], [ -79.9623629, 40.4408073 ], [ -79.9623317, 40.4408099 ], [ -79.9622966, 40.4408321 ], [ -79.9622576, 40.440862 ], [ -79.9621673, 40.4409304 ], [ -79.9621579, 40.4409475 ], [ -79.9621606, 40.4409656 ], [ -79.9621653, 40.4409858 ], [ -79.9621874, 40.4409999 ], [ -79.9622206, 40.4410192 ], [ -79.9622451, 40.4410304 ], [ -79.9622693, 40.4410376 ], [ -79.9623035, 40.441035 ], [ -79.962331, 40.4410333 ] ] } },
{ "type": "Feature", "properties": { "seg_id": "service-0322-00", "corridor": null, "walk_class": "service", "length_m": 10.34 }, "geometry": { "type": "LineString", "coordinates": [ [ -79.9623688, 40.4417154 ], [ -79.9624099, 40.441675 ], [ -79.9624436, 40.4416418 ] ] } },
{ "type": "Feature", "properties": { "seg_id": "service-0323-00", "corridor": null, "walk_class": "service", "length_m": 93.29 }, "geometry": { "type": "LineString", "coordinates": [ [ -79.9620948, 40.437942899999989 ], [ -79.9624541, 40.4382321 ], [ -79.9621537, 40.4384574 ], [ -79.96203613492149, 40.43853690407407 ] ] } },
{ "type": "Feature", "properties": { "seg_id": "service-0323-01", "corridor": null, "walk_class": "service", "length_m": 93.29 }, "geometry": { "type": "LineString", "coordinates": [ [ -79.96203613492149, 40.43853690407407 ], [ -79.9617886, 40.4387043 ], [ -79.961703500000013, 40.438761899999989 ], [ -79.9616501, 40.438798 ], [ -79.961602, 40.4388332 ], [ -79.9613104, 40.439047 ], [ -79.961228476487932, 40.439107049043898 ] ] } },
{ "type": "Feature", "properties": { "seg_id": "service-0323-02", "corridor": null, "walk_class": "service", "length_m": 93.29 }, "geometry": { "type": "LineString", "coordinates": [ [ -79.961228476487932, 40.439107049043898 ], [ -79.9607022, 40.4394928 ], [ -79.960434824179316, 40.439688811336744 ] ] } },
{ "type": "Feature", "properties": { "seg_id": "service-0323-03", "corridor": null, "walk_class": "service", "length_m": 93.29 }, "geometry": { "type": "LineString", "coordinates": [ [ -79.960434824179316, 40.439688811336744 ], [ -79.9599188, 40.4400671 ], [ -79.9598624, 40.4401084 ], [ -79.9597855, 40.440164 ], [ -79.959639790455356, 40.440269471536382 ] ] } },
{ "type": "Feature", "properties": { "seg_id": "service-0323-04", "corridor": null, "walk_class": "service", "length_m": 93.29 }, "geometry": { "type": "LineString", "coordinates": [ [ -79.959639790455356, 40.440269471536382 ], [ -79.95884135313311, 40.440847409408633 ] ] } },
{ "type": "Feature", "properties": { "seg_id": "service-0323-05", "corridor": null, "walk_class": "service", "length_m": 93.29 }, "geometry": { "type": "LineString", "coordinates": [ [ -79.95884135313311, 40.440847409408633 ], [ -79.9587984, 40.4408785 ], [ -79.9587407, 40.4409203 ], [ -79.9586983, 40.4409517 ], [ -79.9585648, 40.4410506 ], [ -79.9580994, 40.441395199999988 ], [ -79.9580505, 40.4414314 ] ] } },
{ "type": "Feature", "properties": { "seg_id": "avalon-street-0324-00", "corridor": "Avalon Street", "walk_class": "street", "length_m": 87.64 }, "geometry": { "type": "LineString", "coordinates": [ [ -79.9622764, 40.4486207 ], [ -79.961272127618528, 40.448434641996514 ] ] } },
{ "type": "Feature", "properties": { "seg_id": "avalon-street-0324-01", "corridor": "Avalon Street", "walk_class": "street", "length_m": 87.64 }, "geometry": { "type": "LineString", "coordinates": [ [ -79.961272127618528, 40.448434641996514 ], [ -79.960267860951745, 40.448248575329785 ] ] } },
{ "type": "Feature", "properties": { "seg_id": "avalon-street-0324-02", "corridor": "Avalon Street", "walk_class": "street", "length_m": 87.64 }, "geometry": { "type": "LineString", "coordinates": [ [ -79.960267860951745, 40.448248575329785 ], [ -79.9592636, 40.4480625 ] ] } },
{ "type": "Feature", "properties": { "seg_id": "harold-street-0325-00", "corridor": "Harold Street", "walk_class": "street", "length_m": 90.37 }, "geometry": { "type": "LineString", "coordinates": [ [ -79.9622764, 40.4486207 ], [ -79.9621055, 40.4486305 ], [ -79.9620376, 40.4486467 ], [ -79.9616624, 40.448651 ], [ -79.9616088, 40.4486551 ], [ -79.96159, 40.4486715 ], [ -79.9615836, 40.4486868 ], [ -79.9615429, 40.4487409 ], [ -79.9615231, 40.44880950000001 ], [ -79.961512, 40.4489397 ] ] } },
{ "type": "Feature", "properties": { "seg_id": "sidewalk-0326-00", "corridor": null, "walk_class": "sidewalk", "length_m": 33.98 }, "geometry": { "type": "LineString", "coordinates": [ [ -79.9618928, 40.4433049 ], [ -79.9619533, 40.4432822 ], [ -79.9620311, 40.4432562 ], [ -79.9621072, 40.443239 ], [ -79.9621816, 40.4432262 ], [ -79.9622568, 40.4432203 ], [ -79.9622739, 40.4432206 ] ] } },
{ "type": "Feature", "properties": { "seg_id": "service-0327-00", "corridor": null, "walk_class": "service", "length_m": 7.41 }, "geometry": { "type": "LineString", "coordinates": [ [ -79.9622693, 40.4410376 ], [ -79.9622119, 40.4410879 ] ] } },
{ "type": "Feature", "properties": { "seg_id": "lothrop-street-0328-00", "corridor": "Lothrop Street", "walk_class": "street", "length_m": 96.81 }, "geometry": { "type": "LineString", "coordinates": [ [ -79.9593594, 40.4411374 ], [ -79.9594775, 40.441197 ], [ -79.9595252, 40.4412216 ], [ -79.9598989, 40.4414148 ], [ -79.9600268, 40.4414808 ], [ -79.9601901, 40.441565 ], [ -79.960305985782199, 40.441624776451725 ] ] } },
{ "type": "Feature", "properties": { "seg_id": "lothrop-street-0328-01", "corridor": "Lothrop Street", "walk_class": "street", "length_m": 96.81 }, "geometry": { "type": "LineString", "coordinates": [ [ -79.960305985782199, 40.441624776451725 ], [ -79.9606895, 40.4418226 ], [ -79.961158, 40.4420509 ], [ -79.9612194, 40.4420804 ], [ -79.961261831019968, 40.442101368413454 ] ] } },
{ "type": "Feature", "properties": { "seg_id": "lothrop-street-0328-02", "corridor": "Lothrop Street", "walk_class": "street", "length_m": 96.81 }, "geometry": { "type": "LineString", "coordinates": [ [ -79.961261831019968, 40.442101368413454 ], [ -79.9612795, 40.4421101 ], [ -79.9614781, 40.4422069 ], [ -79.9615013, 40.4422182 ], [ -79.9615126, 40.4422237 ], [ -79.961537, 40.442235599999989 ], [ -79.9615857, 40.442259300000011 ], [ -79.9620583, 40.4424896 ], [ -79.9621505, 40.4425346 ], [ -79.9622241, 40.4425705 ] ] } },
{ "type": "Feature", "properties": { "seg_id": "terrace-street-0329-00", "corridor": "Terrace Street", "walk_class": "sidewalk", "length_m": 136.54 }, "geometry": { "type": "LineString", "coordinates": [ [ -79.961223, 40.4439346 ], [ -79.9614771, 40.4436737 ], [ -79.9616091, 40.4435382 ], [ -79.9616741, 40.4434688 ], [ -79.9616874, 40.4434565 ], [ -79.9617477, 40.4434008 ], [ -79.9618296, 40.4433442 ], [ -79.9618928, 40.4433049 ], [ -79.9621146, 40.4430681 ], [ -79.9622094, 40.4429669 ] ] } },
{ "type": "Feature", "properties": { "seg_id": "terrace-street-0330-00", "corridor": "Terrace Street", "walk_class": "sidewalk", "length_m": 14.54 }, "geometry": { "type": "LineString", "coordinates": [ [ -79.9621893, 40.4428143 ], [ -79.9621273, 40.4428385 ], [ -79.9620367, 40.4428739 ] ] } },
{ "type": "Feature", "properties": { "seg_id": "sidewalk-0331-00", "corridor": null, "walk_class": "sidewalk", "length_m": 13.6 }, "geometry": { "type": "LineString", "coordinates": [ [ -79.9620564, 40.4455953 ], [ -79.962129, 40.4457045 ] ] } },
{ "type": "Feature", "properties": { "seg_id": "sidewalk-0332-00", "corridor": null, "walk_class": "sidewalk", "length_m": 20.14 }, "geometry": { "type": "LineString", "coordinates": [ [ -79.9621677, 40.4429444 ], [ -79.9621101, 40.4429327 ], [ -79.9620507, 40.442931200000011 ], [ -79.9619857, 40.44294 ], [ -79.9619389, 40.442958 ] ] } },
{ "type": "Feature", "properties": { "seg_id": "service-0333-00", "corridor": null, "walk_class": "service", "length_m": 71.3 }, "geometry": { "type": "LineString", "coordinates": [ [ -79.9622058, 40.4397363 ], [ -79.962166, 40.4397653 ], [ -79.9619277, 40.4399382 ], [ -79.9618283, 40.4398575 ], [ -79.9615977, 40.440018 ] ] } },
{ "type": "Feature", "properties": { "seg_id": "service-0334-00", "corridor": null, "walk_class": "service", "length_m": 9.83 }, "geometry": { "type": "LineString", "coordinates": [ [ -79.9621107, 40.4415763 ], [ -79.9621424, 40.4415335 ], [ -79.9621678, 40.4414992 ] ] } },
{ "type": "Feature", "properties": { "seg_id": "sidewalk-0335-00", "corridor": null, "walk_class": "sidewalk", "length_m": 54.78 }, "geometry": { "type": "LineString", "coordinates": [ [ -79.9620422, 40.4455739 ], [ -79.9620564, 40.4455953 ], [ -79.9618746, 40.4460438 ] ] } },
{ "type": "Feature", "properties": { "seg_id": "cherokee-street-0336-00", "corridor": "Cherokee Street", "walk_class": "sidewalk", "length_m": 99.94 }, "geometry": { "type": "LineString", "coordinates": [ [ -79.9619593, 40.4518287 ], [ -79.9609769, 40.45149270000001 ], [ -79.9609695, 40.4514938 ], [ -79.9609273, 40.4514797 ], [ -79.9608828, 40.451464899999984 ] ] } },
{ "type": "Feature", "properties": { "seg_id": "street-0337-00", "corridor": null, "walk_class": "street", "length_m": 8.25 }, "geometry": { "type": "LineString", "coordinates": [ [ -79.962027800000016, 40.437889 ], [ -79.9620948, 40.437942899999989 ] ] } },
{ "type": "Feature", "properties": { "seg_id": "sidewalk-0338-00", "corridor": null, "walk_class": "sidewalk", "length_m": 104.51 }, "geometry": { "type": "LineString", "coordinates": [ [ -79.9618974, 40.4500096 ], [ -79.9618897, 40.4500458 ], [ -79.9618509, 40.4502063 ], [ -79.9618397, 40.450242 ], [ -79.9618207, 40.4502684 ], [ -79.9617883, 40.4502981 ], [ -79.9617509, 40.4503194 ], [ -79.961704, 40.4503402 ], [ -79.961638, 40.450358900000012 ], [ -79.9613966, 40.4504117 ], [ -79.9613732, 40.4503987 ], [ -79.9613392, 40.4503797 ], [ -79.9612796, 40.4504067 ], [ -79.961009747962535, 40.450402978282064 ] ] } },
{ "type": "Feature", "properties": { "seg_id": "sidewalk-0338-01", "corridor": null, "walk_class": "sidewalk", "length_m": 104.51 }, "geometry": { "type": "LineString", "coordinates": [ [ -79.961009747962535, 40.450402978282064 ], [ -79.9606851, 40.4503985 ], [ -79.9600688, 40.4503833 ], [ -79.9597779, 40.4503761 ] ] } },
{ "type": "Feature", "properties": { "seg_id": "halket-street-0339-00", "corridor": "Halket Street", "walk_class": "sidewalk", "length_m": 14.45 }, "geometry": { "type": "LineString", "coordinates": [ [ -79.9619357, 40.4391372 ], [ -79.9619495, 40.4391488 ], [ -79.9620069, 40.4391978 ], [ -79.9620385, 40.4392248 ], [ -79.9620495, 40.4392341 ] ] } },
{ "type": "Feature", "properties": { "seg_id": "fifth-avenue-0340-00", "corridor": "Fifth Avenue", "walk_class": "sidewalk", "length_m": 13.67 }, "geometry": { "type": "LineString", "coordinates": [ [ -79.9619297, 40.4391221 ], [ -79.9619417, 40.43910120000001 ], [ -79.9619988, 40.4390618 ], [ -79.9620299, 40.4390404 ], [ -79.9620403, 40.4390351 ] ] } },
{ "type": "Feature", "properties": { "seg_id": "service-0341-00", "corridor": null, "walk_class": "service", "length_m": 44.88 }, "geometry": { "type": "LineString", "coordinates": [ [ -79.9620595, 40.4362695 ], [ -79.9620094, 40.4363057 ], [ -79.9618316, 40.4364342 ], [ -79.961974, 40.436557699999987 ] ] } },
{ "type": "Feature", "properties": { "seg_id": "fifth-avenue-0342-00", "corridor": "Fifth Avenue", "walk_class": "sidewalk", "length_m": 99.15 }, "geometry": { "type": "LineString", "coordinates": [ [ -79.9583217, 40.4417471 ], [ -79.9583834, 40.4417056 ], [ -79.9584464, 40.4416632 ], [ -79.9584694, 40.4416571 ], [ -79.9590306, 40.4412516 ], [ -79.959033, 40.4412399 ], [ -79.9590861, 40.4411997 ], [ -79.9591478, 40.441153 ], [ -79.9591598, 40.4411515 ], [ -79.959172065836626, 40.44114272522615 ] ] } },
{ "type": "Feature", "properties": { "seg_id": "fifth-avenue-0342-01", "corridor": "Fifth Avenue", "walk_class": "sidewalk", "length_m": 99.15 }, "geometry": { "type": "LineString", "coordinates": [ [ -79.959172065836626, 40.44114272522615 ], [ -79.9600238, 40.4405334 ], [ -79.960025392594133, 40.440532286429743 ] ] } },
{ "type": "Feature", "properties": { "seg_id": "fifth-avenue-0342-02", "corridor": "Fifth Avenue", "walk_class": "sidewalk", "length_m": 99.15 }, "geometry": { "type": "LineString", "coordinates": [ [ -79.960025392594133, 40.440532286429743 ], [ -79.9601006, 40.4404797 ], [ -79.9601248, 40.4404502 ], [ -79.9601203, 40.4404304 ], [ -79.9601409, 40.4404226 ], [ -79.9601827, 40.4403939 ], [ -79.9602412, 40.4403542 ], [ -79.9602606, 40.440341599999989 ], [ -79.9602746, 40.4403409 ], [ -79.96086509865674, 40.439930532156055 ] ] } },
{ "type": "Feature", "properties": { "seg_id": "fifth-avenue-0342-03", "corridor": "Fifth Avenue", "walk_class": "sidewalk", "length_m": 99.15 }, "geometry": { "type": "LineString", "coordinates": [ [ -79.96086509865674, 40.439930532156055 ], [ -79.961103, 40.439765199999989 ], [ -79.961716160216682, 40.439318334768302 ] ] } },
{ "type": "Feature", "properties": { "seg_id": "fifth-avenue-0342-04", "corridor": "Halket Street", "walk_class": "sidewalk", "length_m": 99.15 }, "geometry": { "type": "LineString", "coordinates": [ [ -79.961716160216682, 40.439318334768302 ], [ -79.9619223, 40.4391681 ], [ -79.9619357, 40.4391372 ], [ -79.9619297, 40.4391221 ], [ -79.9619236, 40.4391066 ], [ -79.9617947, 40.4389972 ], [ -79.9616324, 40.4388594 ], [ -79.961602, 40.4388332 ], [ -79.9615786, 40.438813 ], [ -79.961380870395544, 40.438658078783639 ] ] } },
{ "type": "Feature", "properties": { "seg_id": "fifth-avenue-0342-05", "corridor": "Forbes Avenue", "walk_class": "sidewalk", "length_m": 99.15 }, "geometry": { "type": "LineString", "coordinates": [ [ -79.961380870395544, 40.438658078783639 ], [ -79.9612816, 40.4385803 ], [ -79.9612581, 40.4385713 ], [ -79.961247400000019, 40.4385713 ], [ -79.9612346, 40.4385726 ], [ -79.9612115, 40.4385871 ], [ -79.960525262534091, 40.439085683275692 ] ] } },
{ "type": "Feature", "properties": { "seg_id": "fifth-avenue-0342-06", "corridor": "Forbes Avenue", "walk_class": "sidewalk", "length_m": 99.15 }, "geometry": { "type": "LineString", "coordinates": [ [ -79.960525262534091, 40.439085683275692 ], [ -79.9597539, 40.4396461 ], [ -79.95967814825967, 40.439701138410655 ] ] } },
{ "type": "Feature", "properties": { "seg_id": "fifth-avenue-0342-07", "corridor": "McKee Place", "walk_class": "sidewalk", "length_m": 99.15 }, "geometry": { "type": "LineString", "coordinates": [ [ -79.95967814825967, 40.439701138410655 ], [ -79.9596387, 40.4397298 ], [ -79.9596169, 40.4397349 ], [ -79.9595965, 40.43974 ], [ -79.9595794, 40.4397508 ], [ -79.9595727, 40.4397594 ], [ -79.9595723, 40.4397666 ], [ -79.9595707, 40.439776 ], [ -79.959577, 40.4397857 ], [ -79.9596898, 40.4398787 ], [ -79.9598833, 40.4400383 ], [ -79.9599188, 40.4400671 ], [ -79.9599416, 40.4400856 ], [ -79.9602439, 40.4403335 ], [ -79.9602606, 40.440341599999989 ] ] } },
{ "type": "Feature", "properties": { "seg_id": "service-0343-00", "corridor": null, "walk_class": "service", "length_m": 55.37 }, "geometry": { "type": "LineString", "coordinates": [ [ -79.9611996, 40.4539284 ], [ -79.9612464, 40.4538973 ], [ -79.9613168, 40.4538505 ], [ -79.9615242, 40.4537171 ], [ -79.9616879, 40.4535975 ] ] } },
{ "type": "Feature", "properties": { "seg_id": "service-0344-00", "corridor": null, "walk_class": "service", "length_m": 9.07 }, "geometry": { "type": "LineString", "coordinates": [ [ -79.9617963, 40.4414059 ], [ -79.9618294, 40.4413679 ], [ -79.9618556, 40.4413379 ] ] } },
{ "type": "Feature", "properties": { "seg_id": "fifth-avenue-0345-00", "corridor": "Fifth Avenue", "walk_class": "sidewalk", "length_m": 11.82 }, "geometry": { "type": "LineString", "coordinates": [ [ -79.9618583, 40.4393757 ], [ -79.9618465, 40.4393764 ], [ -79.9617962, 40.439402800000011 ], [ -79.9617665, 40.4394329 ], [ -79.9617683, 40.43944590000001 ] ] } },
{ "type": "Feature", "properties": { "seg_id": "service-0346-00", "corridor": null, "walk_class": "service", "length_m": 25.26 }, "geometry": { "type": "LineString", "coordinates": [ [ -79.9618571, 40.4389546 ], [ -79.9617947, 40.4389972 ], [ -79.961635200000018, 40.4391063 ] ] } },
{ "type": "Feature", "properties": { "seg_id": "service-0347-00", "corridor": null, "walk_class": "service", "length_m": 8.86 }, "geometry": { "type": "LineString", "coordinates": [ [ -79.9617152, 40.4413619 ], [ -79.961747300000013, 40.4413244 ], [ -79.9617724, 40.4412951 ] ] } },
{ "type": "Feature", "properties": { "seg_id": "centre-avenue-0348-00", "corridor": "Centre Avenue", "walk_class": "sidewalk", "length_m": 99.81 }, "geometry": { "type": "LineString", "coordinates": [ [ -79.9616321, 40.44882710000001 ], [ -79.9616316, 40.4488189 ], [ -79.9616436, 40.4487589 ], [ -79.9616523, 40.4487157 ], [ -79.9616385, 40.4486962 ], [ -79.9616275, 40.4486942 ], [ -79.9615836, 40.4486868 ], [ -79.9615433, 40.44868 ], [ -79.9615083, 40.4486827 ], [ -79.96066643390327, 40.448521765974675 ] ] } },
{ "type": "Feature", "properties": { "seg_id": "centre-avenue-0348-01", "corridor": "Centre Avenue", "walk_class": "sidewalk", "length_m": 99.81 }, "geometry": { "type": "LineString", "coordinates": [ [ -79.96066643390327, 40.448521765974675 ], [ -79.959524683777531, 40.448303494095278 ] ] } },
{ "type": "Feature", "properties": { "seg_id": "centre-avenue-0348-02", "corridor": "Centre Avenue", "walk_class": "sidewalk", "length_m": 99.81 }, "geometry": { "type": "LineString", "coordinates": [ [ -79.959524683777531, 40.448303494095278 ], [ -79.9594677, 40.4482926 ], [ -79.9591771, 40.4482649 ], [ -79.958906, 40.4482759 ], [ -79.9588836, 40.4482716 ], [ -79.9588585, 40.4482731 ], [ -79.9587858, 40.448277199999985 ], [ -79.9587249, 40.4482806 ], [ -79.9586747, 40.448272 ], [ -79.9586292, 40.4482583 ], [ -79.958585, 40.448245 ], [ -79.9585741, 40.4482405 ], [ -79.9584847, 40.448335 ], [ -79.958442991273941, 40.448366635265515 ] ] } },
{ "type": "Feature", "properties": { "seg_id": "centre-avenue-0348-03", "corridor": "Centre Avenue", "walk_class": "sidewalk", "length_m": 99.81 }, "geometry": { "type": "LineString", "coordinates": [ [ -79.958442991273941, 40.448366635265515 ], [ -79.958411, 40.4483909 ], [ -79.9582877, 40.4484772 ], [ -79.95757462340282, 40.448973526078156 ] ] } },
{ "type": "Feature", "properties": { "seg_id": "centre-avenue-0348-04", "corridor": "Centre Avenue", "walk_class": "sidewalk", "length_m": 99.81 }, "geometry": { "type": "LineString", "coordinates": [ [ -79.95757462340282, 40.448973526078156 ], [ -79.957478400000014, 40.4490405 ], [ -79.956705396519723, 40.449579749865755 ] ] } },
{ "type": "Feature", "properties": { "seg_id": "centre-avenue-0348-05", "corridor": "Centre Avenue", "walk_class": "sidewalk", "length_m": 99.81 }, "geometry": { "type": "LineString", "coordinates": [ [ -79.956705396519723, 40.449579749865755 ], [ -79.955836253588544, 40.450186050241392 ] ] } },
{ "type": "Feature", "properties": { "seg_id": "centre-avenue-0348-06", "corridor": "Centre Avenue", "walk_class": "sidewalk", "length_m": 99.81 }, "geometry": { "type": "LineString", "coordinates": [ [ -79.955836253588544, 40.450186050241392 ], [ -79.9552166, 40.4506183 ], [ -79.9551876, 40.4506392 ], [ -79.9551666, 40.4506486 ], [ -79.9551526, 40.4506521 ], [ -79.9551469, 40.4506521 ], [ -79.9551433, 40.4506521 ], [ -79.9551392, 40.45065060000001 ], [ -79.9551373, 40.4506499 ], [ -79.9551336, 40.4506447 ], [ -79.95513560000002, 40.4506382 ], [ -79.955203342195446, 40.450473097047762 ] ] } },
{ "type": "Feature", "properties": { "seg_id": "centre-avenue-0348-07", "corridor": "Bigelow Boulevard", "walk_class": "sidewalk", "length_m": 99.81 }, "geometry": { "type": "LineString", "coordinates": [ [ -79.955203342195446, 40.450473097047762 ], [ -79.955555370730679, 40.449615110305075 ] ] } },
{ "type": "Feature", "properties": { "seg_id": "centre-avenue-0348-08", "corridor": "Parkman Avenue", "walk_class": "sidewalk", "length_m": 99.81 }, "geometry": { "type": "LineString", "coordinates": [ [ -79.955555370730679, 40.449615110305075 ], [ -79.9556449, 40.4493969 ], [ -79.955657, 40.449348 ], [ -79.9556597, 40.4493036 ], [ -79.9556603, 40.4492561 ], [ -79.955661, 40.4492219 ], [ -79.955662, 40.4492092 ], [ -79.955669, 40.4492013 ], [ -79.9556784, 40.4491964 ], [ -79.955698600000019, 40.449188199999988 ], [ -79.9557167, 40.4491821 ], [ -79.95576490000002, 40.4491581 ], [ -79.9558246, 40.4491234 ], [ -79.956137850489753, 40.4488965492638 ] ] } },
{ "type": "Feature", "properties": { "seg_id": "centre-avenue-0348-09", "corridor": "Parkman Avenue", "walk_class": "sidewalk", "length_m": 99.81 }, "geometry": { "type": "LineString", "coordinates": [ [ -79.956137850489753, 40.4488965492638 ], [ -79.956992016320541, 40.448277964497251 ] ] } },
{ "type": "Feature", "properties": { "seg_id": "centre-avenue-0348-10", "corridor": "Parkman Avenue", "walk_class": "sidewalk", "length_m": 99.81 }, "geometry": { "type": "LineString", "coordinates": [ [ -79.956992016320541, 40.448277964497251 ], [ -79.957846166499479, 40.447659373157812 ] ] } },
{ "type": "Feature", "properties": { "seg_id": "centre-avenue-0348-11", "corridor": "Parkman Avenue", "walk_class": "sidewalk", "length_m": 99.81 }, "geometry": { "type": "LineString", "coordinates": [ [ -79.957846166499479, 40.447659373157812 ], [ -79.9581441, 40.4474436 ], [ -79.9581799, 40.4474048 ], [ -79.9582088, 40.4473627 ], [ -79.9582249, 40.4473219 ], [ -79.9582316, 40.4472795 ], [ -79.9582352, 40.4472418 ], [ -79.9582245, 40.4471928 ], [ -79.9582101, 40.4471514 ], [ -79.9581947, 40.4471234 ], [ -79.9581682, 40.4470905 ], [ -79.957983203002513, 40.446940811300159 ] ] } },
{ "type": "Feature", "properties": { "seg_id": "centre-avenue-0348-12", "corridor": "Parkman Avenue", "walk_class": "sidewalk", "length_m": 99.81 }, "geometry": { "type": "LineString", "coordinates": [ [ -79.957983203002513, 40.446940811300159 ], [ -79.9574184, 40.4464838 ], [ -79.9573791, 40.446452 ], [ -79.957175202225059, 40.446287045383436 ] ] } },
{ "type": "Feature", "properties": { "seg_id": "centre-avenue-0348-13", "corridor": "Parkman Avenue", "walk_class": "sidewalk", "length_m": 99.81 }, "geometry": { "type": "LineString", "coordinates": [ [ -79.957175202225059, 40.446287045383436 ], [ -79.9567932, 40.445978 ], [ -79.9567437, 40.4459368 ], [ -79.9566969, 40.4458978 ], [ -79.9565384, 40.4457804 ], [ -79.9565122, 40.4457525 ], [ -79.9565011, 40.4457323 ], [ -79.9564867, 40.4457211 ], [ -79.9564517, 40.4456679 ], [ -79.9564194, 40.4456147 ], [ -79.9564152, 40.4456091 ] ] } },
{ "type": "Feature", "properties": { "seg_id": "service-0349-00", "corridor": null, "walk_class": "service", "length_m": 51.09 }, "geometry": { "type": "LineString", "coordinates": [ [ -79.9617886, 40.4387043 ], [ -79.9614406, 40.4384308 ], [ -79.9613687, 40.4383743 ] ] } },
{ "type": "Feature", "properties": { "seg_id": "university-drive-c-0350-00", "corridor": "University Drive C", "walk_class": "sidewalk", "length_m": 19.05 }, "geometry": { "type": "LineString", "coordinates": [ [ -79.9614846, 40.4453758 ], [ -79.9616588, 40.4454842 ] ] } },
{ "type": "Feature", "properties": { "seg_id": "terrace-street-0351-00", "corridor": "Terrace Street", "walk_class": "sidewalk", "length_m": 24.09 }, "geometry": { "type": "LineString", "coordinates": [ [ -79.9616874, 40.4434565 ], [ -79.9616399, 40.4434309 ], [ -79.9616732, 40.4432602 ] ] } },
{ "type": "Feature", "properties": { "seg_id": "clarissa-street-0352-00", "corridor": "Clarissa Street", "walk_class": "sidewalk", "length_m": 105.73 }, "geometry": { "type": "LineString", "coordinates": [ [ -79.9615199, 40.4541338 ], [ -79.96126630000002, 40.4539123 ], [ -79.9612464, 40.4538973 ], [ -79.9612273, 40.453883 ], [ -79.960692252970475, 40.453421613236344 ] ] } },
{ "type": "Feature", "properties": { "seg_id": "clarissa-street-0352-01", "corridor": "Clarissa Street", "walk_class": "sidewalk", "length_m": 105.73 }, "geometry": { "type": "LineString", "coordinates": [ [ -79.960692252970475, 40.453421613236344 ], [ -79.9606462, 40.4533819 ], [ -79.960516, 40.4533371 ], [ -79.9598768, 40.453116799999989 ], [ -79.9598459, 40.4531057 ], [ -79.9598113, 40.4530932 ], [ -79.959572629894041, 40.453012729211302 ] ] } },
{ "type": "Feature", "properties": { "seg_id": "clarissa-street-0352-02", "corridor": "Clarissa Street", "walk_class": "sidewalk", "length_m": 105.73 }, "geometry": { "type": "LineString", "coordinates": [ [ -79.959572629894041, 40.453012729211302 ], [ -79.9585253, 40.4526596 ], [ -79.958514, 40.4526594 ], [ -79.9584745, 40.4526486 ], [ -79.9584287, 40.4526359 ] ] } },
{ "type": "Feature", "properties": { "seg_id": "service-0353-00", "corridor": null, "walk_class": "service", "length_m": 14.25 }, "geometry": { "type": "LineString", "coordinates": [ [ -79.9615857, 40.442259300000011 ], [ -79.9616796, 40.442152800000017 ] ] } },
{ "type": "Feature", "properties": { "seg_id": "service-0354-00", "corridor": null, "walk_class": "service", "length_m": 8.61 }, "geometry": { "type": "LineString", "coordinates": [ [ -79.961512, 40.4489397 ], [ -79.96157, 40.4490034 ] ] } },
{ "type": "Feature", "properties": { "seg_id": "service-0355-00", "corridor": null, "walk_class": "service", "length_m": 14.29 }, "geometry": { "type": "LineString", "coordinates": [ [ -79.961537, 40.442235599999989 ], [ -79.9616321, 40.4421293 ] ] } },
{ "type": "Feature", "properties": { "seg_id": "service-0356-00", "corridor": null, "walk_class": "service", "length_m": 40.67 }, "geometry": { "type": "LineString", "coordinates": [ [ -79.9613104, 40.439047 ], [ -79.9613645, 40.4390843 ], [ -79.9616663, 40.4392925 ] ] } },
{ "type": "Feature", "properties": { "seg_id": "service-0357-00", "corridor": null, "walk_class": "service", "length_m": 13.81 }, "geometry": { "type": "LineString", "coordinates": [ [ -79.9616305, 40.441316 ], [ -79.9615836, 40.4413736 ], [ -79.9615445, 40.4414216 ] ] } },
{ "type": "Feature", "properties": { "seg_id": "ewart-drive-0358-00", "corridor": "Ewart Drive", "walk_class": "street", "length_m": 9.54 }, "geometry": { "type": "LineString", "coordinates": [ [ -79.961512, 40.4489397 ], [ -79.961400900000015, 40.4489265 ] ] } },
{ "type": "Feature", "properties": { "seg_id": "clarissa-street-0359-00", "corridor": "Camp Street", "walk_class": "sidewalk", "length_m": 94.19 }, "geometry": { "type": "LineString", "coordinates": [ [ -79.9583852, 40.4527262 ], [ -79.9584087, 40.4526774 ], [ -79.9584287, 40.4526359 ], [ -79.9584276, 40.452630099999986 ], [ -79.9587383, 40.45204 ], [ -79.9587214, 40.4520305 ], [ -79.958608312312464, 40.451992531107585 ] ] } },
{ "type": "Feature", "properties": { "seg_id": "clarissa-street-0359-01", "corridor": "Bryn Mawr Road", "walk_class": "sidewalk", "length_m": 94.19 }, "geometry": { "type": "LineString", "coordinates": [ [ -79.958608312312464, 40.451992531107585 ], [ -79.957591451550414, 40.451651115932826 ] ] } },
{ "type": "Feature", "properties": { "seg_id": "clarissa-street-0359-02", "corridor": "Iowa Street", "walk_class": "sidewalk", "length_m": 94.19 }, "geometry": { "type": "LineString", "coordinates": [ [ -79.957591451550414, 40.451651115932826 ], [ -79.9572763, 40.4515453 ], [ -79.9572522, 40.4515532 ], [ -79.956952791252803, 40.452070385958521 ] ] } },
{ "type": "Feature", "properties": { "seg_id": "clarissa-street-0359-03", "corridor": "Clarissa Street", "walk_class": "sidewalk", "length_m": 94.19 }, "geometry": { "type": "LineString", "coordinates": [ [ -79.956952791252803, 40.452070385958521 ], [ -79.9569254, 40.4521177 ], [ -79.956916, 40.4521226 ], [ -79.9568886, 40.4521677 ], [ -79.9568643, 40.45220770000001 ], [ -79.9568721, 40.452217 ], [ -79.957689359187881, 40.452494541506056 ] ] } },
{ "type": "Feature", "properties": { "seg_id": "clarissa-street-0359-04", "corridor": "Clarissa Street", "walk_class": "sidewalk", "length_m": 94.19 }, "geometry": { "type": "LineString", "coordinates": [ [ -79.957689359187881, 40.452494541506056 ], [ -79.958373, 40.4527267 ], [ -79.9583852, 40.4527262 ], [ -79.9584256, 40.4527392 ], [ -79.9584672, 40.45275250000001 ], [ -79.958475, 40.4527593 ], [ -79.958703202646333, 40.452836580640771 ] ] } },
{ "type": "Feature", "properties": { "seg_id": "clarissa-street-0359-05", "corridor": "Clarissa Street", "walk_class": "sidewalk", "length_m": 94.19 }, "geometry": { "type": "LineString", "coordinates": [ [ -79.958703202646333, 40.452836580640771 ], [ -79.959718659534317, 40.453180456715053 ] ] } },
{ "type": "Feature", "properties": { "seg_id": "clarissa-street-0359-06", "corridor": "Clarissa Street", "walk_class": "sidewalk", "length_m": 94.19 }, "geometry": { "type": "LineString", "coordinates": [ [ -79.959718659534317, 40.453180456715053 ], [ -79.9605486, 40.45346150000001 ], [ -79.960683596378132, 40.45357725020412 ] ] } },
{ "type": "Feature", "properties": { "seg_id": "clarissa-street-0359-07", "corridor": "Clarissa Street", "walk_class": "sidewalk", "length_m": 94.19 }, "geometry": { "type": "LineString", "coordinates": [ [ -79.960683596378132, 40.45357725020412 ], [ -79.9614225, 40.4542108 ] ] } },
{ "type": "Feature", "properties": { "seg_id": "service-0360-00", "corridor": null, "walk_class": "service", "length_m": 14.55 }, "geometry": { "type": "LineString", "coordinates": [ [ -79.9614781, 40.4422069 ], [ -79.9615702, 40.4420963 ] ] } },
{ "type": "Feature", "properties": { "seg_id": "service-0361-00", "corridor": null, "walk_class": "service", "length_m": 14.39 }, "geometry": { "type": "LineString", "coordinates": [ [ -79.9615739, 40.4412872 ], [ -79.9615231, 40.441342399999989 ], [ -79.9614763, 40.4413932 ] ] } },
{ "type": "Feature", "properties": { "seg_id": "university-drive-c-0362-00", "corridor": "University Drive C", "walk_class": "sidewalk", "length_m": 1.86 }, "geometry": { "type": "LineString", "coordinates": [ [ -79.9614959, 40.4453621 ], [ -79.9615075, 40.4453479 ] ] } },
{ "type": "Feature", "properties": { "seg_id": "university-drive-c-0363-00", "corridor": "University Drive C", "walk_class": "sidewalk", "length_m": 67.51 }, "geometry": { "type": "LineString", "coordinates": [ [ -79.9611381, 40.445133 ], [ -79.9614959, 40.4453621 ], [ -79.9614846, 40.4453758 ], [ -79.9614108, 40.4454655 ], [ -79.961396, 40.4454835 ], [ -79.9613896, 40.4455342 ], [ -79.9613824, 40.4455911 ] ] } },
{ "type": "Feature", "properties": { "seg_id": "service-0364-00", "corridor": null, "walk_class": "service", "length_m": 44.69 }, "geometry": { "type": "LineString", "coordinates": [ [ -79.9615013, 40.4422182 ], [ -79.9611958, 40.44254620000001 ] ] } },
{ "type": "Feature", "properties": { "seg_id": "steps-0365-00", "corridor": null, "walk_class": "steps", "length_m": 19.58 }, "geometry": { "type": "LineString", "coordinates": [ [ -79.9614771, 40.4436737 ], [ -79.961293200000014, 40.443567 ] ] } },
{ "type": "Feature", "properties": { "seg_id": "service-0366-00", "corridor": null, "walk_class": "service", "length_m": 82.04 }, "geometry": { "type": "LineString", "coordinates": [ [ -79.9611307, 40.4511072 ], [ -79.9611844, 40.4510163 ], [ -79.9612951, 40.4507911 ], [ -79.9612992, 40.4507481 ], [ -79.9613278, 40.4506534 ], [ -79.9613469, 40.450512299999986 ], [ -79.9613604, 40.4504174 ], [ -79.9613732, 40.4503987 ] ] } },
{ "type": "Feature", "properties": { "seg_id": "university-drive-0367-00", "corridor": "University Drive", "walk_class": "sidewalk", "length_m": 17.26 }, "geometry": { "type": "LineString", "coordinates": [ [ -79.961334600000015, 40.445421 ], [ -79.9613044, 40.4454235 ], [ -79.9612547, 40.445423 ], [ -79.9611313, 40.445421699999983 ] ] } },
{ "type": "Feature", "properties": { "seg_id": "university-drive-c-0368-00", "corridor": "University Drive C", "walk_class": "street", "length_m": 103.03 }, "geometry": { "type": "LineString", "coordinates": [ [ -79.9612448, 40.4459905 ], [ -79.9611948, 40.445957899999989 ], [ -79.9612961, 40.4456387 ], [ -79.9613029, 40.4455155 ], [ -79.9612547, 40.445423 ], [ -79.9611767, 40.445312100000017 ], [ -79.96111, 40.4452622 ], [ -79.9610707, 40.4452328 ], [ -79.960989059381177, 40.445171703712582 ] ] } },
{ "type": "Feature", "properties": { "seg_id": "university-drive-c-0368-01", "corridor": "University Drive C", "walk_class": "street", "length_m": 103.03 }, "geometry": { "type": "LineString", "coordinates": [ [ -79.960989059381177, 40.445171703712582 ], [ -79.9609642, 40.4451531 ], [ -79.9609074, 40.4451396 ], [ -79.9607599, 40.44509450000001 ], [ -79.9606947, 40.4450941 ], [ -79.9605147, 40.445093 ], [ -79.9601709, 40.4451618 ], [ -79.9600324, 40.4452218 ], [ -79.9600204, 40.445227 ], [ -79.959856824098381, 40.445297800767413 ] ] } },
{ "type": "Feature", "properties": { "seg_id": "university-drive-c-0368-02", "corridor": "University Drive C", "walk_class": "street", "length_m": 103.03 }, "geometry": { "type": "LineString", "coordinates": [ [ -79.959856824098381, 40.445297800767413 ], [ -79.959742, 40.4453475 ], [ -79.9596991, 40.4453661 ], [ -79.9595424, 40.445504 ], [ -79.9594185, 40.4456486 ], [ -79.9593371, 40.4457722 ], [ -79.959313, 40.4458124 ], [ -79.9592971, 40.4458389 ], [ -79.9592563, 40.4459184 ], [ -79.9592203, 40.446008 ], [ -79.9592077, 40.4460502 ] ] } },
{ "type": "Feature", "properties": { "seg_id": "fifth-avenue-0369-00", "corridor": "Fifth Avenue", "walk_class": "sidewalk", "length_m": 26.32 }, "geometry": { "type": "LineString", "coordinates": [ [ -79.9613436, 40.4398806 ], [ -79.9613495, 40.439876499999983 ], [ -79.9613555, 40.4398734 ], [ -79.9613606, 40.4398708 ], [ -79.9613664, 40.4398685 ], [ -79.9613709, 40.4398668 ], [ -79.9613765, 40.4398648 ], [ -79.9613818, 40.439864 ], [ -79.9613862, 40.4398642 ], [ -79.9613885, 40.439865799999986 ], [ -79.9613891, 40.4398684 ], [ -79.9613881, 40.4398713 ], [ -79.9613849, 40.4398747 ], [ -79.9613807, 40.4398786 ], [ -79.9613706, 40.4398869 ], [ -79.9613642, 40.4398919 ], [ -79.9613568, 40.4398973 ], [ -79.9613525, 40.439899499999989 ], [ -79.9613472, 40.4399012 ], [ -79.9613423, 40.4399013 ], [ -79.9613382, 40.4399006 ], [ -79.961335800000015, 40.4398987 ], [ -79.9613354, 40.4398955 ], [ -79.9613365, 40.4398897 ], [ -79.9613389, 40.439884699999979 ], [ -79.9613436, 40.4398806 ], [ -79.9613495, 40.439876499999983 ], [ -79.9613555, 40.4398734 ], [ -79.9613606, 40.4398708 ], [ -79.9613664, 40.4398685 ], [ -79.9613709, 40.4398668 ], [ -79.9613765, 40.4398648 ], [ -79.9613818, 40.439864 ], [ -79.9613862, 40.4398642 ], [ -79.9613885, 40.439865799999986 ], [ -79.9613891, 40.4398684 ], [ -79.9613881, 40.4398713 ], [ -79.9613849, 40.4398747 ], [ -79.9613807, 40.4398786 ], [ -79.9613706, 40.4398869 ], [ -79.9613642, 40.4398919 ], [ -79.9613568, 40.4398973 ], [ -79.9613525, 40.439899499999989 ], [ -79.9613472, 40.4399012 ], [ -79.9613423, 40.4399013 ], [ -79.9613382, 40.4399006 ], [ -79.961335800000015, 40.4398987 ], [ -79.9613354, 40.4398955 ], [ -79.9613365, 40.4398897 ], [ -79.9613389, 40.439884699999979 ], [ -79.9613436, 40.4398806 ] ] } },
{ "type": "Feature", "properties": { "seg_id": "halket-street-0370-00", "corridor": "Halket Street", "walk_class": "sidewalk", "length_m": 15.61 }, "geometry": { "type": "LineString", "coordinates": [ [ -79.9612796, 40.4383544 ], [ -79.9612923, 40.4383639 ], [ -79.96133260000002, 40.438400799999989 ], [ -79.9613875, 40.4384511 ], [ -79.9614, 40.4384606 ] ] } },
{ "type": "Feature", "properties": { "seg_id": "forbes-avenue-0371-00", "corridor": "Forbes Avenue", "walk_class": "sidewalk", "length_m": 13.25 }, "geometry": { "type": "LineString", "coordinates": [ [ -79.9613795, 40.4385004 ], [ -79.9613619, 40.4385018 ], [ -79.9613184, 40.4385289 ], [ -79.9612702, 40.4385589 ], [ -79.9612581, 40.4385713 ] ] } },
{ "type": "Feature", "properties": { "seg_id": "sidewalk-0372-00", "corridor": null, "walk_class": "sidewalk", "length_m": 10.5 }, "geometry": { "type": "LineString", "coordinates": [ [ -79.9612545, 40.4398149 ], [ -79.9613436, 40.4398806 ] ] } },
{ "type": "Feature", "properties": { "seg_id": "service-0373-00", "corridor": null, "walk_class": "service", "length_m": 12.65 }, "geometry": { "type": "LineString", "coordinates": [ [ -79.9612448, 40.4459905 ], [ -79.961202, 40.4460997 ] ] } },
{ "type": "Feature", "properties": { "seg_id": "shawnee-street-0374-00", "corridor": "Shawnee Street", "walk_class": "sidewalk", "length_m": 79.22 }, "geometry": { "type": "LineString", "coordinates": [ [ -79.9609661, 40.4509762 ], [ -79.9611233, 40.4510302 ], [ -79.9611282, 40.45102270000001 ], [ -79.961134, 40.4509991 ], [ -79.9611425, 40.4509638 ], [ -79.9611455, 40.4509582 ], [ -79.960537798121166, 40.45075278242377 ] ] } },
{ "type": "Feature", "properties": { "seg_id": "shawnee-street-0374-01", "corridor": "Shawnee Street", "walk_class": "sidewalk", "length_m": 79.22 }, "geometry": { "type": "LineString", "coordinates": [ [ -79.960537798121166, 40.45075278242377 ], [ -79.9597752, 40.450495 ], [ -79.9597713, 40.450501 ], [ -79.9597424, 40.4505253 ], [ -79.9597097, 40.4505527 ] ] } },
{ "type": "Feature", "properties": { "seg_id": "victoria-street-0375-00", "corridor": "Victoria Street", "walk_class": "street", "length_m": 91.82 }, "geometry": { "type": "LineString", "coordinates": [ [ -79.961296, 40.4411375 ], [ -79.9612427, 40.4411978 ], [ -79.9608234, 40.4416714 ], [ -79.9606895, 40.4418226 ] ] } },
{ "type": "Feature", "properties": { "seg_id": "lyon-street-0376-00", "corridor": "Lyon Street", "walk_class": "street", "length_m": 49.22 }, "geometry": { "type": "LineString", "coordinates": [ [ -79.9611307, 40.4511072 ], [ -79.9609273, 40.4514797 ], [ -79.9609072, 40.4515164 ] ] } },
{ "type": "Feature", "properties": { "seg_id": "service-0377-00", "corridor": null, "walk_class": "service", "length_m": 14.84 }, "geometry": { "type": "LineString", "coordinates": [ [ -79.9611948, 40.445957899999989 ], [ -79.9611449, 40.446086 ] ] } },
{ "type": "Feature", "properties": { "seg_id": "university-drive-c-0378-00", "corridor": "University Drive C", "walk_class": "sidewalk", "length_m": 13.96 }, "geometry": { "type": "LineString", "coordinates": [ [ -79.9611284, 40.445425 ], [ -79.9611601, 40.4454839 ], [ -79.9611895, 40.4455418 ] ] } },
{ "type": "Feature", "properties": { "seg_id": "university-drive-c-0379-00", "corridor": "University Drive C", "walk_class": "sidewalk", "length_m": 56.93 }, "geometry": { "type": "LineString", "coordinates": [ [ -79.9608828, 40.445014 ], [ -79.9608974, 40.4450534 ], [ -79.9609084, 40.4450832 ], [ -79.9609173, 40.445115 ], [ -79.9609074, 40.4451396 ], [ -79.9608891, 40.4451895 ], [ -79.960969, 40.4452223 ], [ -79.9610703, 40.445284 ], [ -79.961121600000013, 40.4453285 ], [ -79.9611386, 40.4453471 ], [ -79.9611513, 40.445368 ], [ -79.9611526, 40.4453804 ], [ -79.9611498, 40.4453923 ], [ -79.9611436, 40.4454083 ], [ -79.9611313, 40.445421699999983 ] ] } },
{ "type": "Feature", "properties": { "seg_id": "halket-street-0380-00", "corridor": "Halket Street", "walk_class": "sidewalk", "length_m": 124.01 }, "geometry": { "type": "LineString", "coordinates": [ [ -79.9602546, 40.4375735 ], [ -79.9602643, 40.4375876 ], [ -79.9602886, 40.4376095 ], [ -79.9603374, 40.4376534 ], [ -79.9603619, 40.4376534 ], [ -79.9603629, 40.4376744 ], [ -79.9603689, 40.4376881 ], [ -79.9604085, 40.4377213 ], [ -79.9612038, 40.4383542 ], [ -79.9612289, 40.4383743 ], [ -79.961242, 40.4383779 ] ] } },
{ "type": "Feature", "properties": { "seg_id": "halket-street-0381-00", "corridor": "Halket Street", "walk_class": "sidewalk", "length_m": 14.67 }, "geometry": { "type": "LineString", "coordinates": [ [ -79.961121600000013, 40.4384736 ], [ -79.9611287, 40.4384838 ], [ -79.9611724, 40.4385186 ], [ -79.961229300000014, 40.4385639 ], [ -79.9612346, 40.4385726 ] ] } },
{ "type": "Feature", "properties": { "seg_id": "university-drive-0382-00", "corridor": "University Drive", "walk_class": "sidewalk", "length_m": 105.41 }, "geometry": { "type": "LineString", "coordinates": [ [ -79.9594167, 40.44756910000001 ], [ -79.9594466, 40.4475661 ], [ -79.9595173, 40.4475419 ], [ -79.9595676, 40.4475152 ], [ -79.9596568, 40.4474491 ], [ -79.9597088, 40.4474027 ], [ -79.9597202, 40.4473847 ], [ -79.9597202, 40.447353 ], [ -79.9597142, 40.4473177 ], [ -79.9597118, 40.4472919 ], [ -79.9598966, 40.4468176 ], [ -79.9599131, 40.4468037 ], [ -79.95995314705938, 40.446781647065364 ] ] } },
{ "type": "Feature", "properties": { "seg_id": "university-drive-0382-01", "corridor": "University Drive", "walk_class": "sidewalk", "length_m": 105.41 }, "geometry": { "type": "LineString", "coordinates": [ [ -79.95995314705938, 40.446781647065364 ], [ -79.9599723, 40.4467711 ], [ -79.9600014, 40.446754 ], [ -79.9600243, 40.4466433 ], [ -79.9599848, 40.4465906 ], [ -79.9599702, 40.4465711 ], [ -79.9599573, 40.446553099999988 ], [ -79.9599577, 40.4465347 ], [ -79.9600269, 40.4461817 ], [ -79.9600464, 40.4461387 ], [ -79.9600655, 40.4461178 ], [ -79.9601005, 40.4460953 ], [ -79.9601658, 40.4460517 ], [ -79.9601876, 40.4459492 ], [ -79.9601896, 40.4459458 ], [ -79.960197508257323, 40.44591380751983 ] ] } },
{ "type": "Feature", "properties": { "seg_id": "university-drive-0382-02", "corridor": "University Drive", "walk_class": "sidewalk", "length_m": 105.41 }, "geometry": { "type": "LineString", "coordinates": [ [ -79.960197508257323, 40.44591380751983 ], [ -79.960205, 40.4458835 ], [ -79.9602169, 40.4458483 ], [ -79.9602379, 40.4458011 ], [ -79.9602652, 40.4457597 ], [ -79.9602941, 40.4457216 ], [ -79.9603242, 40.445683099999989 ], [ -79.9603752, 40.4456352 ], [ -79.9604342, 40.4455911 ], [ -79.9604434, 40.4455854 ], [ -79.9605153, 40.4455409 ], [ -79.9605727, 40.4455175 ], [ -79.960634, 40.4454918 ], [ -79.9607125, 40.4454659 ], [ -79.9607715, 40.4454516 ], [ -79.9608435, 40.44544290000001 ], [ -79.9609358, 40.4454351 ], [ -79.9610964, 40.4454378 ], [ -79.9611284, 40.445425 ] ] } },
{ "type": "Feature", "properties": { "seg_id": "service-0383-00", "corridor": null, "walk_class": "service", "length_m": 56.87 }, "geometry": { "type": "LineString", "coordinates": [ [ -79.960979, 40.4540929 ], [ -79.9608382, 40.4541885 ], [ -79.9605189, 40.4543919 ], [ -79.9604702, 40.4544265 ] ] } },
{ "type": "Feature", "properties": { "seg_id": "service-0384-00", "corridor": null, "walk_class": "service", "length_m": 51.47 }, "geometry": { "type": "LineString", "coordinates": [ [ -79.9606947, 40.4450941 ], [ -79.9607425, 40.4450623 ], [ -79.960828, 40.4450453 ], [ -79.9608974, 40.4450534 ], [ -79.9609543, 40.44506 ], [ -79.9610259, 40.4450887 ], [ -79.961086, 40.445162 ], [ -79.96111, 40.4452622 ] ] } },
{ "type": "Feature", "properties": { "seg_id": "service-0385-00", "corridor": null, "walk_class": "service", "length_m": 30.04 }, "geometry": { "type": "LineString", "coordinates": [ [ -79.9609806, 40.4409744 ], [ -79.9610076, 40.4409331 ], [ -79.961139, 40.4407324 ] ] } },
{ "type": "Feature", "properties": { "seg_id": "lyon-street-0386-00", "corridor": "Lyon Street", "walk_class": "sidewalk", "length_m": 8.43 }, "geometry": { "type": "LineString", "coordinates": [ [ -79.9609695, 40.4514938 ], [ -79.9609483, 40.4515302 ], [ -79.9609291, 40.4515632 ] ] } },
{ "type": "Feature", "properties": { "seg_id": "brackenridge-street-0387-00", "corridor": "Avalon Street", "walk_class": "street", "length_m": 96.84 }, "geometry": { "type": "LineString", "coordinates": [ [ -79.9592636, 40.4480625 ], [ -79.9594192, 40.447730300000011 ], [ -79.9595658, 40.4475589 ], [ -79.9596662, 40.4474835 ], [ -79.9597965, 40.447397199999983 ], [ -79.959892991036753, 40.44741334737094 ] ] } },
{ "type": "Feature", "properties": { "seg_id": "brackenridge-street-0387-01", "corridor": "Brackenridge Street", "walk_class": "street", "length_m": 96.84 }, "geometry": { "type": "LineString", "coordinates": [ [ -79.959892991036753, 40.44741334737094 ], [ -79.9610084, 40.4476 ] ] } },
{ "type": "Feature", "properties": { "seg_id": "service-0388-00", "corridor": null, "walk_class": "service", "length_m": 40.93 }, "geometry": { "type": "LineString", "coordinates": [ [ -79.9610084, 40.4476 ], [ -79.9609161, 40.4478851 ], [ -79.9608211, 40.4478661 ] ] } },
{ "type": "Feature", "properties": { "seg_id": "steps-0389-00", "corridor": null, "walk_class": "steps", "length_m": 71.32 }, "geometry": { "type": "LineString", "coordinates": [ [ -79.9609197, 40.45277380000001 ], [ -79.9608082, 40.4529479 ], [ -79.960516, 40.4533371 ] ] } },
{ "type": "Feature", "properties": { "seg_id": "lyon-street-0390-00", "corridor": "Lyon Street", "walk_class": "sidewalk", "length_m": 51.16 }, "geometry": { "type": "LineString", "coordinates": [ [ -79.9609313, 40.4515692 ], [ -79.960691, 40.4519919 ] ] } },
{ "type": "Feature", "properties": { "seg_id": "coltart-avenue-0391-00", "corridor": "Coltart Avenue", "walk_class": "sidewalk", "length_m": 105.38 }, "geometry": { "type": "LineString", "coordinates": [ [ -79.9566585, 40.4360472 ], [ -79.956677, 40.4360791 ], [ -79.956857, 40.4362168 ], [ -79.9568861, 40.4362213 ], [ -79.95695360000002, 40.436267 ], [ -79.9570121, 40.436302499999989 ], [ -79.9570169, 40.4363158 ], [ -79.9570202, 40.43633 ], [ -79.9570806, 40.4364122 ], [ -79.957098, 40.436439799999988 ], [ -79.9571181, 40.4364627 ], [ -79.957470325073231, 40.436745445482707 ] ] } },
{ "type": "Feature", "properties": { "seg_id": "coltart-avenue-0391-01", "corridor": "Coltart Avenue", "walk_class": "sidewalk", "length_m": 105.38 }, "geometry": { "type": "LineString", "coordinates": [ [ -79.957470325073231, 40.436745445482707 ], [ -79.958326858454939, 40.437433005625564 ] ] } },
{ "type": "Feature", "properties": { "seg_id": "coltart-avenue-0391-02", "corridor": "Coltart Avenue", "walk_class": "sidewalk", "length_m": 105.38 }, "geometry": { "type": "LineString", "coordinates": [ [ -79.958326858454939, 40.437433005625564 ], [ -79.9585709, 40.4376289 ], [ -79.9586118, 40.4376631 ], [ -79.9586228, 40.4376672 ], [ -79.9586342, 40.4376744 ], [ -79.9586705, 40.4376948 ], [ -79.9587226, 40.4377242 ], [ -79.9587284, 40.4377274 ], [ -79.9587221, 40.4377356 ], [ -79.9587207, 40.4377463 ], [ -79.9587254, 40.4377591 ], [ -79.9587443, 40.4377741 ], [ -79.959169340653318, 40.438111142504489 ] ] } },
{ "type": "Feature", "properties": { "seg_id": "coltart-avenue-0391-03", "corridor": "Coltart Avenue", "walk_class": "sidewalk", "length_m": 105.38 }, "geometry": { "type": "LineString", "coordinates": [ [ -79.959169340653318, 40.438111142504489 ], [ -79.9599083, 40.4386971 ], [ -79.9599185, 40.4387054 ], [ -79.9599452, 40.4387272 ], [ -79.960029731314478, 40.438795884854628 ] ] } },
{ "type": "Feature", "properties": { "seg_id": "coltart-avenue-0391-04", "corridor": "Forbes Avenue", "walk_class": "sidewalk", "length_m": 105.38 }, "geometry": { "type": "LineString", "coordinates": [ [ -79.960029731314478, 40.438795884854628 ], [ -79.9603202, 40.43903190000001 ], [ -79.9603327, 40.4390379 ], [ -79.9603433, 40.4390346 ], [ -79.9609165, 40.4386214 ], [ -79.960919477691746, 40.438619254210941 ] ] } },
{ "type": "Feature", "properties": { "seg_id": "coltart-avenue-0391-05", "corridor": "Halket Street", "walk_class": "sidewalk", "length_m": 105.38 }, "geometry": { "type": "LineString", "coordinates": [ [ -79.960919477691746, 40.438619254210941 ], [ -79.961121600000013, 40.4384736 ], [ -79.9611273, 40.4384629 ], [ -79.961126, 40.4384519 ], [ -79.9611186, 40.4384412 ], [ -79.9610214, 40.4383595 ], [ -79.9607636, 40.4381504 ], [ -79.9607362, 40.4381292 ], [ -79.960723, 40.438119 ], [ -79.960488169025751, 40.437930229450899 ] ] } },
{ "type": "Feature", "properties": { "seg_id": "coltart-avenue-0391-06", "corridor": "Halket Street", "walk_class": "sidewalk", "length_m": 105.38 }, "geometry": { "type": "LineString", "coordinates": [ [ -79.960488169025751, 40.437930229450899 ], [ -79.959632274684509, 40.43724219981263 ] ] } },
{ "type": "Feature", "properties": { "seg_id": "coltart-avenue-0391-07", "corridor": "Louisa Street", "walk_class": "sidewalk", "length_m": 105.38 }, "geometry": { "type": "LineString", "coordinates": [ [ -79.959632274684509, 40.43724219981263 ], [ -79.9595396, 40.4371677 ], [ -79.9595301, 40.4371614 ], [ -79.9595224, 40.4371607 ], [ -79.959512, 40.4371635 ], [ -79.9592491, 40.4373564 ], [ -79.9592226, 40.437375 ], [ -79.9591901, 40.4373977 ], [ -79.9587284, 40.4377274 ] ] } },
{ "type": "Feature", "properties": { "seg_id": "cherokee-street-0392-00", "corridor": "Cherokee Street", "walk_class": "sidewalk", "length_m": 107.08 }, "geometry": { "type": "LineString", "coordinates": [ [ -79.9593711, 40.450935499999986 ], [ -79.9593878, 40.4509421 ], [ -79.9594183, 40.4509608 ], [ -79.9594573, 40.4509848 ], [ -79.9594699, 40.4509814 ], [ -79.960512807903086, 40.45133565190666 ] ] } },
{ "type": "Feature", "properties": { "seg_id": "cherokee-street-0392-01", "corridor": "Cherokee Street", "walk_class": "sidewalk", "length_m": 107.08 }, "geometry": { "type": "LineString", "coordinates": [ [ -79.960512807903086, 40.45133565190666 ], [ -79.9608786, 40.4514599 ], [ -79.9608828, 40.451464899999984 ], [ -79.9608596, 40.4515001 ], [ -79.9608389, 40.4515317 ], [ -79.960833500000021, 40.4515347 ], [ -79.960148002033065, 40.451302062402505 ] ] } },
{ "type": "Feature", "properties": { "seg_id": "cherokee-street-0392-02", "corridor": "Cherokee Street", "walk_class": "sidewalk", "length_m": 107.08 }, "geometry": { "type": "LineString", "coordinates": [ [ -79.960148002033065, 40.451302062402505 ], [ -79.9594265, 40.4510572 ], [ -79.9594243, 40.4510486 ], [ -79.959376, 40.451034 ], [ -79.9593336, 40.4510212 ], [ -79.9593218, 40.4510235 ], [ -79.958999643324944, 40.450915084742412 ] ] } },
{ "type": "Feature", "properties": { "seg_id": "cherokee-street-0392-03", "corridor": "Cherokee Street", "walk_class": "sidewalk", "length_m": 107.08 }, "geometry": { "type": "LineString", "coordinates": [ [ -79.958999643324944, 40.450915084742412 ], [ -79.957844100000017, 40.4505262 ] ] } },
{ "type": "Feature", "properties": { "seg_id": "service-0393-00", "corridor": null, "walk_class": "service", "length_m": 86.0 }, "geometry": { "type": "LineString", "coordinates": [ [ -79.9582685, 40.4530285 ], [ -79.959197669170592, 40.453338961046114 ] ] } },
{ "type": "Feature", "properties": { "seg_id": "service-0393-01", "corridor": null, "walk_class": "service", "length_m": 86.0 }, "geometry": { "type": "LineString", "coordinates": [ [ -79.959197669170592, 40.453338961046114 ], [ -79.9594034, 40.4534077 ], [ -79.9598317, 40.4535859 ], [ -79.960116601548449, 40.453662220268697 ] ] } },
{ "type": "Feature", "properties": { "seg_id": "service-0393-02", "corridor": null, "walk_class": "service", "length_m": 86.0 }, "geometry": { "type": "LineString", "coordinates": [ [ -79.960116601548449, 40.453662220268697 ], [ -79.9602595, 40.453700499999989 ], [ -79.9603825, 40.4537878 ], [ -79.9608382, 40.4541885 ] ] } },
{ "type": "Feature", "properties": { "seg_id": "service-0394-00", "corridor": null, "walk_class": "service", "length_m": 46.24 }, "geometry": { "type": "LineString", "coordinates": [ [ -79.9609813, 40.4436669 ], [ -79.9609781, 40.4437479 ], [ -79.9609726, 40.4437858 ], [ -79.9609557, 40.4438291 ], [ -79.9609236, 40.4438706 ], [ -79.9608547, 40.4439519 ], [ -79.9608316, 40.4439707 ], [ -79.9608049, 40.4439877 ], [ -79.960747, 40.44402 ] ] } },
{ "type": "Feature", "properties": { "seg_id": "lyon-street-0395-00", "corridor": "Lyon Street", "walk_class": "sidewalk", "length_m": 60.43 }, "geometry": { "type": "LineString", "coordinates": [ [ -79.960833500000021, 40.4515347 ], [ -79.9605836, 40.4519591 ], [ -79.9605782, 40.451963 ], [ -79.960559, 40.4519964 ], [ -79.9605395, 40.4520301 ] ] } },
{ "type": "Feature", "properties": { "seg_id": "service-0396-00", "corridor": null, "walk_class": "service", "length_m": 29.03 }, "geometry": { "type": "LineString", "coordinates": [ [ -79.9607724, 40.4400942 ], [ -79.9608208, 40.4401336 ], [ -79.9610065, 40.440285 ] ] } },
{ "type": "Feature", "properties": { "seg_id": "service-0397-00", "corridor": null, "walk_class": "service", "length_m": 37.75 }, "geometry": { "type": "LineString", "coordinates": [ [ -79.9607022, 40.4394928 ], [ -79.961012, 40.439737 ] ] } },
{ "type": "Feature", "properties": { "seg_id": "service-0398-00", "corridor": null, "walk_class": "service", "length_m": 59.28 }, "geometry": { "type": "LineString", "coordinates": [ [ -79.960529, 40.4382769 ], [ -79.960648, 40.4383469 ], [ -79.9606694, 40.438444899999986 ], [ -79.9609165, 40.4386214 ], [ -79.9609752, 40.4386634 ] ] } },
{ "type": "Feature", "properties": { "seg_id": "service-0399-00", "corridor": null, "walk_class": "service", "length_m": 41.42 }, "geometry": { "type": "LineString", "coordinates": [ [ -79.9608704, 40.4436736 ], [ -79.9608539, 40.4437504 ], [ -79.960789700000021, 40.4438045 ], [ -79.9607636, 40.4438302 ], [ -79.9607513, 40.4438535 ], [ -79.9607323, 40.4438926 ], [ -79.960622, 40.4439821 ] ] } },
{ "type": "Feature", "properties": { "seg_id": "shawnee-street-0400-00", "corridor": "Shawnee Street", "walk_class": "sidewalk", "length_m": 83.48 }, "geometry": { "type": "LineString", "coordinates": [ [ -79.9607571, 40.4509046 ], [ -79.95985392370261, 40.45060556154553 ] ] } },
{ "type": "Feature", "properties": { "seg_id": "shawnee-street-0400-01", "corridor": "Camp Street", "walk_class": "sidewalk", "length_m": 83.48 }, "geometry": { "type": "LineString", "coordinates": [ [ -79.95985392370261, 40.45060556154553 ], [ -79.9597136, 40.4505591 ], [ -79.9597097, 40.4505527 ], [ -79.9596619, 40.4505354 ], [ -79.9596239, 40.4505216 ], [ -79.9596111, 40.450522 ], [ -79.9593711, 40.450935499999986 ], [ -79.9593563, 40.450944700000015 ], [ -79.9593504, 40.4509529 ], [ -79.9593434, 40.4509813 ], [ -79.9593336, 40.4510212 ] ] } },
{ "type": "Feature", "properties": { "seg_id": "service-0401-00", "corridor": null, "walk_class": "service", "length_m": 9.66 }, "geometry": { "type": "LineString", "coordinates": [ [ -79.9608234, 40.4416714 ], [ -79.9607285, 40.4416233 ] ] } },
{ "type": "Feature", "properties": { "seg_id": "lyon-street-0402-00", "corridor": "Lyon Street", "walk_class": "sidewalk", "length_m": 62.43 }, "geometry": { "type": "LineString", "coordinates": [ [ -79.9606398, 40.4520714 ], [ -79.9604064, 40.4524812 ], [ -79.9603988, 40.4524889 ], [ -79.9603579, 40.4525227 ], [ -79.9603135, 40.4525594 ], [ -79.9603073, 40.452568 ] ] } },
{ "type": "Feature", "properties": { "seg_id": "anaheim-street-0403-00", "corridor": "Anaheim Street", "walk_class": "sidewalk", "length_m": 139.84 }, "geometry": { "type": "LineString", "coordinates": [ [ -79.9606386, 40.4520669 ], [ -79.960594, 40.4520503 ], [ -79.9605395, 40.4520301 ], [ -79.9605289, 40.4520294 ], [ -79.95913, 40.4515594 ] ] } },
{ "type": "Feature", "properties": { "seg_id": "service-0404-00", "corridor": null, "walk_class": "service", "length_m": 18.53 }, "geometry": { "type": "LineString", "coordinates": [ [ -79.960807, 40.4408846 ], [ -79.9607513, 40.4409443 ], [ -79.9606802, 40.4410205 ] ] } },
{ "type": "Feature", "properties": { "seg_id": "service-0405-00", "corridor": null, "walk_class": "service", "length_m": 61.41 }, "geometry": { "type": "LineString", "coordinates": [ [ -79.9607513, 40.4438535 ], [ -79.9606421, 40.443821 ], [ -79.9604703, 40.4437052 ], [ -79.9603551, 40.4436166 ], [ -79.9603793, 40.4435302 ], [ -79.9604019, 40.4434568 ] ] } },
{ "type": "Feature", "properties": { "seg_id": "camp-street-0406-00", "corridor": null, "walk_class": "sidewalk", "length_m": 88.8 }, "geometry": { "type": "LineString", "coordinates": [ [ -79.9605481, 40.4544126 ], [ -79.9605398, 40.4544077 ], [ -79.9605189, 40.4543919 ], [ -79.9604998, 40.4543774 ], [ -79.9602263, 40.45414370000001 ], [ -79.9601859, 40.4541073 ], [ -79.9600483, 40.4539892 ], [ -79.959773355374551, 40.453896550254171 ] ] } },
{ "type": "Feature", "properties": { "seg_id": "camp-street-0406-01", "corridor": null, "walk_class": "sidewalk", "length_m": 88.8 }, "geometry": { "type": "LineString", "coordinates": [ [ -79.959773355374551, 40.453896550254171 ], [ -79.958815307626637, 40.453573704069413 ] ] } },
{ "type": "Feature", "properties": { "seg_id": "camp-street-0406-02", "corridor": "Adelaide Street", "walk_class": "sidewalk", "length_m": 88.8 }, "geometry": { "type": "LineString", "coordinates": [ [ -79.958815307626637, 40.453573704069413 ], [ -79.9581773, 40.4533587 ], [ -79.9581625, 40.4533497 ], [ -79.958170400000014, 40.4533343 ], [ -79.9582813, 40.4531138 ] ] } },
{ "type": "Feature", "properties": { "seg_id": "anaheim-street-0407-00", "corridor": "Anaheim Street", "walk_class": "sidewalk", "length_m": 148.19 }, "geometry": { "type": "LineString", "coordinates": [ [ -79.9592587, 40.4513344 ], [ -79.9591783, 40.4514788 ], [ -79.9591852, 40.45148780000001 ], [ -79.9605836, 40.4519591 ] ] } },
{ "type": "Feature", "properties": { "seg_id": "service-0408-00", "corridor": null, "walk_class": "service", "length_m": 18.4 }, "geometry": { "type": "LineString", "coordinates": [ [ -79.9607444, 40.4408522 ], [ -79.9606921, 40.44091370000001 ], [ -79.9606263, 40.440991199999985 ] ] } },
{ "type": "Feature", "properties": { "seg_id": "service-0409-00", "corridor": null, "walk_class": "service", "length_m": 105.49 }, "geometry": { "type": "LineString", "coordinates": [ [ -79.9589652, 40.4393921 ], [ -79.9590215, 40.4393515 ], [ -79.9597054, 40.4388581 ], [ -79.9598119, 40.4387812 ], [ -79.959869459824475, 40.438739698884227 ] ] } },
{ "type": "Feature", "properties": { "seg_id": "service-0409-01", "corridor": null, "walk_class": "service", "length_m": 105.49 }, "geometry": { "type": "LineString", "coordinates": [ [ -79.959869459824475, 40.438739698884227 ], [ -79.9598714, 40.4387383 ], [ -79.9599185, 40.4387054 ], [ -79.9599319, 40.438696 ], [ -79.9600562, 40.4386093 ], [ -79.9602768, 40.4384553 ], [ -79.9603765, 40.4383857 ], [ -79.9604183, 40.4383565 ], [ -79.960529, 40.4382769 ], [ -79.9607362, 40.4381292 ], [ -79.9607837, 40.4380955 ] ] } },
{ "type": "Feature", "properties": { "seg_id": "lyon-street-0410-00", "corridor": "Lyon Street", "walk_class": "sidewalk", "length_m": 50.98 }, "geometry": { "type": "LineString", "coordinates": [ [ -79.9605289, 40.4520294 ], [ -79.9605365, 40.4520489 ], [ -79.9603007, 40.4524491 ] ] } },
{ "type": "Feature", "properties": { "seg_id": "service-0411-00", "corridor": null, "walk_class": "service", "length_m": 113.15 }, "geometry": { "type": "LineString", "coordinates": [ [ -79.9606895, 40.4418226 ], [ -79.9603764, 40.4421656 ], [ -79.959927, 40.442659 ] ] } },
{ "type": "Feature", "properties": { "seg_id": "service-0412-00", "corridor": null, "walk_class": "service", "length_m": 13.77 }, "geometry": { "type": "LineString", "coordinates": [ [ -79.9606421, 40.443821 ], [ -79.9605434, 40.4439195 ] ] } },
{ "type": "Feature", "properties": { "seg_id": "service-0413-00", "corridor": null, "walk_class": "service", "length_m": 55.7 }, "geometry": { "type": "LineString", "coordinates": [ [ -79.9607145, 40.4373079 ], [ -79.9604486, 40.4374986 ], [ -79.9602886, 40.4376095 ], [ -79.9602669, 40.4376245 ], [ -79.9602315, 40.4376478 ] ] } },
{ "type": "Feature", "properties": { "seg_id": "service-0414-00", "corridor": null, "walk_class": "service", "length_m": 25.51 }, "geometry": { "type": "LineString", "coordinates": [ [ -79.9606508, 40.4408038 ], [ -79.960598, 40.4408651 ], [ -79.960485500000019, 40.44099580000001 ] ] } },
{ "type": "Feature", "properties": { "seg_id": "halket-street-0415-00", "corridor": null, "walk_class": "sidewalk", "length_m": 88.9 }, "geometry": { "type": "LineString", "coordinates": [ [ -79.9604727, 40.437423699999982 ], [ -79.9604641, 40.4374166 ], [ -79.9604468, 40.4374147 ], [ -79.9604269, 40.4374084 ], [ -79.960327, 40.4373298 ], [ -79.9603063, 40.4373085 ], [ -79.9602939, 40.4372883 ], [ -79.9602873, 40.4372651 ], [ -79.9602881, 40.4372412 ], [ -79.9602956, 40.4372154 ], [ -79.9603137, 40.437194599999984 ], [ -79.9603369, 40.4371777 ], [ -79.9603625, 40.4371645 ], [ -79.9603922, 40.4371563 ], [ -79.9604278, 40.4371544 ], [ -79.9604658, 40.4371594 ], [ -79.9605236, 40.4371789 ], [ -79.9605765, 40.4372022 ], [ -79.960631, 40.4372343 ], [ -79.960645, 40.4372468 ], [ -79.9606525, 40.43726 ], [ -79.9606549, 40.4372732 ], [ -79.9606525, 40.4372864 ], [ -79.9606409, 40.4373009 ], [ -79.960496164108832, 40.437406569289614 ] ] } },
{ "type": "Feature", "properties": { "seg_id": "halket-street-0415-01", "corridor": "Halket Street", "walk_class": "sidewalk", "length_m": 88.9 }, "geometry": { "type": "LineString", "coordinates": [ [ -79.960496164108832, 40.437406569289614 ], [ -79.9604727, 40.437423699999982 ], [ -79.9604122, 40.4374674 ], [ -79.9603282, 40.437528 ], [ -79.9602854, 40.4375589 ], [ -79.9602546, 40.4375735 ], [ -79.96023550000001, 40.4375733 ], [ -79.9602161, 40.4375662 ], [ -79.959750309456652, 40.437186446230662 ] ] } },
{ "type": "Feature", "properties": { "seg_id": "halket-street-0415-02", "corridor": "Halket Street", "walk_class": "sidewalk", "length_m": 88.9 }, "geometry": { "type": "LineString", "coordinates": [ [ -79.959750309456652, 40.437186446230662 ], [ -79.9595556, 40.4370277 ], [ -79.9592203, 40.4367582 ], [ -79.95902807501237, 40.43660608580646 ] ] } },
{ "type": "Feature", "properties": { "seg_id": "halket-street-0415-03", "corridor": null, "walk_class": "sidewalk", "length_m": 88.9 }, "geometry": { "type": "LineString", "coordinates": [ [ -79.95902807501237, 40.43660608580646 ], [ -79.9586476, 40.436305 ], [ -79.9585389, 40.4362071 ], [ -79.9583298, 40.4360187 ], [ -79.9583304, 40.4360118 ] ] } },
{ "type": "Feature", "properties": { "seg_id": "sidewalk-0416-00", "corridor": null, "walk_class": "sidewalk", "length_m": 91.66 }, "geometry": { "type": "LineString", "coordinates": [ [ -79.9604727, 40.437423699999982 ], [ -79.9604641, 40.4374166 ], [ -79.9604468, 40.4374147 ], [ -79.9604269, 40.4374084 ], [ -79.960327, 40.4373298 ], [ -79.9603063, 40.4373085 ], [ -79.9602939, 40.4372883 ], [ -79.9602873, 40.4372651 ], [ -79.9602881, 40.4372412 ], [ -79.9602956, 40.4372154 ], [ -79.9603137, 40.437194599999984 ], [ -79.9603369, 40.4371777 ], [ -79.9603625, 40.4371645 ], [ -79.9603922, 40.4371563 ], [ -79.9604278, 40.4371544 ], [ -79.9604658, 40.4371594 ], [ -79.9605236, 40.4371789 ], [ -79.9605765, 40.4372022 ], [ -79.960631, 40.4372343 ], [ -79.960645, 40.4372468 ], [ -79.9606525, 40.43726 ], [ -79.9606549, 40.4372732 ], [ -79.9606525, 40.4372864 ], [ -79.9606409, 40.4373009 ], [ -79.9604727, 40.437423699999982 ] ] } },
{ "type": "Feature", "properties": { "seg_id": "bryn-mawr-road-0417-00", "corridor": "Bryn Mawr Road", "walk_class": "sidewalk", "length_m": 140.38 }, "geometry": { "type": "LineString", "coordinates": [ [ -79.9603988, 40.4524889 ], [ -79.9603471, 40.4524715 ], [ -79.9603061, 40.452457699999989 ], [ -79.9603007, 40.4524491 ], [ -79.9588915, 40.4519716 ] ] } },
{ "type": "Feature", "properties": { "seg_id": "university-drive-a-0418-00", "corridor": "University Drive A", "walk_class": "street", "length_m": 108.54 }, "geometry": { "type": "LineString", "coordinates": [ [ -79.958365, 40.4485092 ], [ -79.9585155, 40.4483848 ], [ -79.9585265, 40.4483765 ], [ -79.9585686, 40.448333 ], [ -79.9586292, 40.4482583 ], [ -79.9587564, 40.4481017 ], [ -79.9588625, 40.447869899999986 ], [ -79.958901441191756, 40.447647205243776 ] ] } },
{ "type": "Feature", "properties": { "seg_id": "university-drive-a-0418-01", "corridor": "University Drive A", "walk_class": "street", "length_m": 108.54 }, "geometry": { "type": "LineString", "coordinates": [ [ -79.958901441191756, 40.447647205243776 ], [ -79.9589105, 40.4475954 ], [ -79.9589252, 40.4474597 ], [ -79.958951, 40.44725110000001 ], [ -79.9589702, 40.4471096 ], [ -79.9590066, 40.446905300000012 ], [ -79.9590475, 40.446722499999986 ], [ -79.959057612090277, 40.446677280847204 ] ] } },
{ "type": "Feature", "properties": { "seg_id": "university-drive-a-0418-02", "corridor": "University Drive A", "walk_class": "street", "length_m": 108.54 }, "geometry": { "type": "LineString", "coordinates": [ [ -79.959057612090277, 40.446677280847204 ], [ -79.9591007, 40.4464846 ], [ -79.9591204, 40.44640050000001 ], [ -79.9591404, 40.446314799999989 ], [ -79.9591607, 40.4462281 ], [ -79.9592077, 40.4460502 ], [ -79.959144, 40.4460313 ], [ -79.9590949, 40.4459837 ], [ -79.959087, 40.4459294 ], [ -79.959140010711067, 40.445761457664013 ] ] } },
{ "type": "Feature", "properties": { "seg_id": "university-drive-a-0418-03", "corridor": "University Drive A", "walk_class": "street", "length_m": 108.54 }, "geometry": { "type": "LineString", "coordinates": [ [ -79.959140010711067, 40.445761457664013 ], [ -79.9591691, 40.4456693 ], [ -79.9592402, 40.4454888 ], [ -79.9594726, 40.4449728 ], [ -79.959517, 40.4448518 ], [ -79.959529785782806, 40.444830897091514 ] ] } },
{ "type": "Feature", "properties": { "seg_id": "university-drive-a-0418-04", "corridor": "University Drive A", "walk_class": "street", "length_m": 108.54 }, "geometry": { "type": "LineString", "coordinates": [ [ -79.959529785782806, 40.444830897091514 ], [ -79.9596501, 40.4446342 ], [ -79.9597349, 40.4445425 ], [ -79.9598268, 40.4444704 ], [ -79.9599317, 40.444406499999985 ], [ -79.9600224, 40.4443694 ], [ -79.9601131, 40.4443394 ], [ -79.9602936, 40.4443085 ], [ -79.9604695, 40.444302499999985 ], [ -79.9604894, 40.4443035 ] ] } },
{ "type": "Feature", "properties": { "seg_id": "service-0419-00", "corridor": null, "walk_class": "service", "length_m": 21.12 }, "geometry": { "type": "LineString", "coordinates": [ [ -79.9603399, 40.4434223 ], [ -79.9603986, 40.4433654 ], [ -79.9604941, 40.4432729 ] ] } },
{ "type": "Feature", "properties": { "seg_id": "university-drive-c-0420-00", "corridor": null, "walk_class": "sidewalk", "length_m": 92.38 }, "geometry": { "type": "LineString", "coordinates": [ [ -79.9604434, 40.4455854 ], [ -79.9603657, 40.4455196 ], [ -79.9601967, 40.4453752 ], [ -79.9600669, 40.445254 ], [ -79.9600204, 40.445227 ], [ -79.9599801, 40.4452048 ], [ -79.9599448, 40.445188799999983 ], [ -79.9598675, 40.4451372 ], [ -79.9598166, 40.4451043 ], [ -79.9597585, 40.4450741 ], [ -79.9597121, 40.4451493 ], [ -79.9597055, 40.4451599 ], [ -79.959704698778737, 40.445161200096337 ] ] } },
{ "type": "Feature", "properties": { "seg_id": "university-drive-c-0420-01", "corridor": "University Drive C", "walk_class": "sidewalk", "length_m": 92.38 }, "geometry": { "type": "LineString", "coordinates": [ [ -79.959704698778737, 40.445161200096337 ], [ -79.9596631, 40.4452287 ], [ -79.959648, 40.4453313 ], [ -79.9596195, 40.4453585 ], [ -79.9595428, 40.4454373 ], [ -79.9594738, 40.4455132 ], [ -79.9594108, 40.4455914 ], [ -79.9593393, 40.4456775 ], [ -79.9592761, 40.445778 ], [ -79.9592494, 40.4458188 ], [ -79.9592387, 40.4458207 ], [ -79.9592164, 40.4458176 ], [ -79.9591967, 40.44581 ], [ -79.959186, 40.4457956 ], [ -79.9591794, 40.4457774 ] ] } },
{ "type": "Feature", "properties": { "seg_id": "service-0421-00", "corridor": null, "walk_class": "service", "length_m": 12.16 }, "geometry": { "type": "LineString", "coordinates": [ [ -79.9604703, 40.4437052 ], [ -79.960384, 40.44379270000001 ] ] } },
{ "type": "Feature", "properties": { "seg_id": "service-0422-00", "corridor": null, "walk_class": "service", "length_m": 12.82 }, "geometry": { "type": "LineString", "coordinates": [ [ -79.9603551, 40.4436166 ], [ -79.9602964, 40.443723 ] ] } },
{ "type": "Feature", "properties": { "seg_id": "service-0423-00", "corridor": null, "walk_class": "service", "length_m": 93.58 }, "geometry": { "type": "LineString", "coordinates": [ [ -79.9604183, 40.4383565 ], [ -79.959666579815348, 40.437739449157498 ] ] } },
{ "type": "Feature", "properties": { "seg_id": "service-0423-01", "corridor": null, "walk_class": "service", "length_m": 93.58 }, "geometry": { "type": "LineString", "coordinates": [ [ -79.959666579815348, 40.437739449157498 ], [ -79.9592226, 40.437375 ], [ -79.9591682, 40.4373303 ], [ -79.9591325, 40.4373013 ], [ -79.958913577401233, 40.437123319886759 ] ] } },
{ "type": "Feature", "properties": { "seg_id": "service-0423-02", "corridor": null, "walk_class": "service", "length_m": 93.58 }, "geometry": { "type": "LineString", "coordinates": [ [ -79.958913577401233, 40.437123319886759 ], [ -79.9584919, 40.4367805 ], [ -79.9587968, 40.4365683 ], [ -79.9588523, 40.4365296 ] ] } },
{ "type": "Feature", "properties": { "seg_id": "service-0424-00", "corridor": null, "walk_class": "service", "length_m": 23.22 }, "geometry": { "type": "LineString", "coordinates": [ [ -79.9601901, 40.441565 ], [ -79.9603348, 40.4413874 ] ] } },
{ "type": "Feature", "properties": { "seg_id": "fifth-avenue-0425-00", "corridor": "Fifth Avenue", "walk_class": "sidewalk", "length_m": 19.35 }, "geometry": { "type": "LineString", "coordinates": [ [ -79.9603319, 40.4405553 ], [ -79.9602914, 40.4405906 ], [ -79.9602113, 40.4406595 ], [ -79.9601862, 40.440689 ] ] } },
{ "type": "Feature", "properties": { "seg_id": "service-0426-00", "corridor": null, "walk_class": "service", "length_m": 42.15 }, "geometry": { "type": "LineString", "coordinates": [ [ -79.9602475, 40.4459577 ], [ -79.9601896, 40.4459458 ], [ -79.9597623, 40.4458759 ] ] } },
{ "type": "Feature", "properties": { "seg_id": "forbes-avenue-0427-00", "corridor": "Forbes Avenue", "walk_class": "sidewalk", "length_m": 12.15 }, "geometry": { "type": "LineString", "coordinates": [ [ -79.9601984, 40.4390881 ], [ -79.9602107, 40.4390835 ], [ -79.9602573, 40.4390591 ], [ -79.9603019, 40.4390357 ], [ -79.9603202, 40.43903190000001 ] ] } },
{ "type": "Feature", "properties": { "seg_id": "service-0428-00", "corridor": null, "walk_class": "service", "length_m": 21.7 }, "geometry": { "type": "LineString", "coordinates": [ [ -79.9602768, 40.4384553 ], [ -79.9601046, 40.4383107 ] ] } },
{ "type": "Feature", "properties": { "seg_id": "service-0429-00", "corridor": null, "walk_class": "service", "length_m": 28.0 }, "geometry": { "type": "LineString", "coordinates": [ [ -79.9600268, 40.4414808 ], [ -79.960214, 40.441273 ] ] } },
{ "type": "Feature", "properties": { "seg_id": "service-0430-00", "corridor": null, "walk_class": "service", "length_m": 84.78 }, "geometry": { "type": "LineString", "coordinates": [ [ -79.9598109, 40.4531529 ], [ -79.9598459, 40.4531057 ], [ -79.9599966, 40.452903 ], [ -79.9600182, 40.4528415 ], [ -79.9599815, 40.4528041 ], [ -79.95954353260133, 40.452655867281173 ] ] } },
{ "type": "Feature", "properties": { "seg_id": "service-0430-01", "corridor": null, "walk_class": "service", "length_m": 84.78 }, "geometry": { "type": "LineString", "coordinates": [ [ -79.95954353260133, 40.452655867281173 ], [ -79.9586295, 40.4523465 ] ] } },
{ "type": "Feature", "properties": { "seg_id": "mckee-place-0431-00", "corridor": null, "walk_class": "sidewalk", "length_m": 99.03 }, "geometry": { "type": "LineString", "coordinates": [ [ -79.9571286, 40.4360367 ], [ -79.9571425, 40.436035 ], [ -79.9572572, 40.436031299999989 ], [ -79.9573259, 40.436029099999985 ], [ -79.9573981, 40.4360267 ], [ -79.9574535, 40.4360217 ], [ -79.9581346, 40.4360089 ], [ -79.958238878604817, 40.436102069594362 ] ] } },
{ "type": "Feature", "properties": { "seg_id": "mckee-place-0431-01", "corridor": null, "walk_class": "sidewalk", "length_m": 99.03 }, "geometry": { "type": "LineString", "coordinates": [ [ -79.958238878604817, 40.436102069594362 ], [ -79.9584284, 40.4362714 ], [ -79.9584739, 40.4363112 ], [ -79.9585095, 40.4363423 ], [ -79.9586191, 40.4364284 ], [ -79.9587824, 40.4365567 ], [ -79.9587968, 40.4365683 ], [ -79.9588273, 40.4365929 ], [ -79.959031110661101, 40.436756841903453 ] ] } },
{ "type": "Feature", "properties": { "seg_id": "mckee-place-0431-02", "corridor": null, "walk_class": "sidewalk", "length_m": 99.03 }, "geometry": { "type": "LineString", "coordinates": [ [ -79.959031110661101, 40.436756841903453 ], [ -79.9593983, 40.4370522 ], [ -79.9594171, 40.4370665 ], [ -79.9594262, 40.4370767 ], [ -79.9594238, 40.4370841 ], [ -79.9594137, 40.4370928 ], [ -79.9591583, 40.4372816 ], [ -79.9591325, 40.4373013 ], [ -79.9591036, 40.437323199999987 ], [ -79.959006639045384, 40.437393749320613 ] ] } },
{ "type": "Feature", "properties": { "seg_id": "mckee-place-0431-03", "corridor": "Louisa Street", "walk_class": "sidewalk", "length_m": 99.03 }, "geometry": { "type": "LineString", "coordinates": [ [ -79.959006639045384, 40.437393749320613 ], [ -79.9586326, 40.4376659 ], [ -79.9586228, 40.4376672 ], [ -79.9586155, 40.4376756 ], [ -79.9585892, 40.4377081 ], [ -79.9585494, 40.4377573 ], [ -79.958535, 40.4377611 ], [ -79.9585269, 40.4377706 ], [ -79.9583107, 40.4379262 ], [ -79.9583054, 40.4379476 ], [ -79.958200099370274, 40.438025466893045 ] ] } },
{ "type": "Feature", "properties": { "seg_id": "mckee-place-0431-04", "corridor": "Louisa Street", "walk_class": "sidewalk", "length_m": 99.03 }, "geometry": { "type": "LineString", "coordinates": [ [ -79.958200099370274, 40.438025466893045 ], [ -79.9581653, 40.4380512 ], [ -79.958135, 40.4380277 ], [ -79.957734400000021, 40.4383073 ], [ -79.9577242, 40.4383084 ], [ -79.9577121, 40.4383025 ], [ -79.957362937778228, 40.438019886093706 ] ] } },
{ "type": "Feature", "properties": { "seg_id": "mckee-place-0431-05", "corridor": "McKee Place", "walk_class": "sidewalk", "length_m": 99.03 }, "geometry": { "type": "LineString", "coordinates": [ [ -79.957362937778228, 40.438019886093706 ], [ -79.9573485, 40.4380082 ], [ -79.956561564774091, 40.437371185499615 ] ] } },
{ "type": "Feature", "properties": { "seg_id": "mckee-place-0431-06", "corridor": "McKee Place", "walk_class": "sidewalk", "length_m": 99.03 }, "geometry": { "type": "LineString", "coordinates": [ [ -79.956561564774091, 40.437371185499615 ], [ -79.9559837, 40.4369034 ], [ -79.955758017395937, 40.436724073533853 ] ] } },
{ "type": "Feature", "properties": { "seg_id": "mckee-place-0431-07", "corridor": null, "walk_class": "sidewalk", "length_m": 99.03 }, "geometry": { "type": "LineString", "coordinates": [ [ -79.955758017395937, 40.436724073533853 ], [ -79.9556283, 40.436621 ], [ -79.9556135, 40.4366102 ], [ -79.9555943, 40.436591699999987 ], [ -79.9555962, 40.4365773 ], [ -79.9560015, 40.4361805 ], [ -79.9560575, 40.4361281 ], [ -79.9561246, 40.4360915 ], [ -79.9561639, 40.43607489999998 ], [ -79.956197241029386, 40.436065892077053 ] ] } },
{ "type": "Feature", "properties": { "seg_id": "mckee-place-0431-08", "corridor": "Coltart Avenue", "walk_class": "sidewalk", "length_m": 99.03 }, "geometry": { "type": "LineString", "coordinates": [ [ -79.956197241029386, 40.436065892077053 ], [ -79.9562209, 40.4360595 ], [ -79.9563572, 40.4360458 ], [ -79.95642070000001, 40.4360478 ], [ -79.9568801, 40.4364139 ], [ -79.957072132417196, 40.436567007434583 ] ] } },
{ "type": "Feature", "properties": { "seg_id": "mckee-place-0431-09", "corridor": "Coltart Avenue", "walk_class": "sidewalk", "length_m": 99.03 }, "geometry": { "type": "LineString", "coordinates": [ [ -79.957072132417196, 40.436567007434583 ], [ -79.957442, 40.4368619 ], [ -79.957876707536485, 40.437213375565442 ] ] } },
{ "type": "Feature", "properties": { "seg_id": "mckee-place-0431-10", "corridor": "Coltart Avenue", "walk_class": "sidewalk", "length_m": 99.03 }, "geometry": { "type": "LineString", "coordinates": [ [ -79.957876707536485, 40.437213375565442 ], [ -79.9585236, 40.4377364 ], [ -79.9585343, 40.4377484 ], [ -79.958535, 40.4377611 ], [ -79.958542, 40.4377695 ], [ -79.9585689, 40.437788799999986 ], [ -79.9585997, 40.4378109 ], [ -79.9586149, 40.4378141 ], [ -79.9586215, 40.4378151 ], [ -79.9586267, 40.4378174 ], [ -79.958653, 40.4378399 ], [ -79.958673527533747, 40.437856446045942 ] ] } },
{ "type": "Feature", "properties": { "seg_id": "mckee-place-0431-11", "corridor": "Coltart Avenue", "walk_class": "sidewalk", "length_m": 99.03 }, "geometry": { "type": "LineString", "coordinates": [ [ -79.958673527533747, 40.437856446045942 ], [ -79.9592397, 40.438312799999984 ], [ -79.959478053600321, 40.438502865011607 ] ] } },
{ "type": "Feature", "properties": { "seg_id": "mckee-place-0431-12", "corridor": "Coltart Avenue", "walk_class": "sidewalk", "length_m": 99.03 }, "geometry": { "type": "LineString", "coordinates": [ [ -79.959478053600321, 40.438502865011607 ], [ -79.9595482, 40.4385588 ], [ -79.9597936, 40.438766 ], [ -79.9598119, 40.4387812 ], [ -79.9598466, 40.4388099 ], [ -79.9601984, 40.4390881 ], [ -79.960227500000016, 40.439111 ], [ -79.960227500000016, 40.4391187 ], [ -79.9602154, 40.4391299 ], [ -79.96018272529993, 40.439153596115005 ] ] } },
{ "type": "Feature", "properties": { "seg_id": "mckee-place-0431-13", "corridor": "Forbes Avenue", "walk_class": "sidewalk", "length_m": 99.03 }, "geometry": { "type": "LineString", "coordinates": [ [ -79.96018272529993, 40.439153596115005 ], [ -79.9601448, 40.4391811 ], [ -79.9595011, 40.4396483 ], [ -79.959465, 40.4396745 ], [ -79.9594523, 40.43968060000001 ], [ -79.9594409, 40.439682599999983 ], [ -79.9594295, 40.4396811 ], [ -79.9594154, 40.439675 ], [ -79.959331557258608, 40.43960610808638 ] ] } },
{ "type": "Feature", "properties": { "seg_id": "mckee-place-0431-14", "corridor": "McKee Place", "walk_class": "sidewalk", "length_m": 99.03 }, "geometry": { "type": "LineString", "coordinates": [ [ -79.959331557258608, 40.43960610808638 ], [ -79.959052, 40.4393764 ], [ -79.9590215, 40.4393515 ], [ -79.9587699, 40.4391484 ], [ -79.958734, 40.4391196 ], [ -79.958531491529314, 40.438956465127127 ] ] } },
{ "type": "Feature", "properties": { "seg_id": "mckee-place-0431-15", "corridor": "McKee Place", "walk_class": "sidewalk", "length_m": 99.03 }, "geometry": { "type": "LineString", "coordinates": [ [ -79.958531491529314, 40.438956465127127 ], [ -79.9584038, 40.4388536 ], [ -79.9579254, 40.4384682 ], [ -79.9578331, 40.4383946 ], [ -79.9578114, 40.4383815 ], [ -79.9577658, 40.4383434 ], [ -79.9577398, 40.4383217 ], [ -79.957734400000021, 40.4383073 ] ] } },
{ "type": "Feature", "properties": { "seg_id": "darragh-street-0432-00", "corridor": "Darragh Street", "walk_class": "sidewalk", "length_m": 22.39 }, "geometry": { "type": "LineString", "coordinates": [ [ -79.9600238, 40.4405334 ], [ -79.9600417, 40.4405482 ], [ -79.9601014, 40.4405988 ], [ -79.9601778, 40.4406635 ], [ -79.9601862, 40.440689 ] ] } },
{ "type": "Feature", "properties": { "seg_id": "service-0433-00", "corridor": null, "walk_class": "service", "length_m": 59.11 }, "geometry": { "type": "LineString", "coordinates": [ [ -79.9602076, 40.4392273 ], [ -79.9601448, 40.4391811 ], [ -79.9597054, 40.4388581 ] ] } },
{ "type": "Feature", "properties": { "seg_id": "service-0434-00", "corridor": null, "walk_class": "service", "length_m": 78.84 }, "geometry": { "type": "LineString", "coordinates": [ [ -79.9597965, 40.447397199999983 ], [ -79.9597669, 40.447342299999988 ], [ -79.9597626, 40.4472984 ], [ -79.9598024, 40.4471745 ], [ -79.9599298, 40.4468634 ], [ -79.959978, 40.4468094 ], [ -79.9600793, 40.446767800000011 ] ] } },
{ "type": "Feature", "properties": { "seg_id": "mckee-place-0435-00", "corridor": "McKee Place", "walk_class": "sidewalk", "length_m": 86.28 }, "geometry": { "type": "LineString", "coordinates": [ [ -79.9594105, 40.4398789 ], [ -79.9594363, 40.4398825 ], [ -79.9594578, 40.4398998 ], [ -79.9595023, 40.4399359 ], [ -79.9595469, 40.439972 ], [ -79.9597625, 40.4401464 ], [ -79.9597855, 40.440164 ], [ -79.9598078, 40.4401811 ], [ -79.9601203, 40.4404304 ] ] } },
{ "type": "Feature", "properties": { "seg_id": "university-drive-0436-00", "corridor": "University Drive", "walk_class": "sidewalk", "length_m": 73.68 }, "geometry": { "type": "LineString", "coordinates": [ [ -79.9597202, 40.4473847 ], [ -79.9597669, 40.447342299999988 ], [ -79.9598095, 40.4473036 ], [ -79.9598202, 40.4472902 ], [ -79.9598804, 40.447211900000013 ], [ -79.959904400000013, 40.4471664 ], [ -79.9599236, 40.4471255 ], [ -79.9599839, 40.446849499999985 ], [ -79.959978, 40.4468094 ], [ -79.9599723, 40.4467711 ] ] } },
{ "type": "Feature", "properties": { "seg_id": "university-drive-0437-00", "corridor": "University Drive", "walk_class": "sidewalk", "length_m": 24.43 }, "geometry": { "type": "LineString", "coordinates": [ [ -79.9599131, 40.4468037 ], [ -79.9599848, 40.4465906 ] ] } },
{ "type": "Feature", "properties": { "seg_id": "service-0438-00", "corridor": null, "walk_class": "service", "length_m": 20.32 }, "geometry": { "type": "LineString", "coordinates": [ [ -79.9600562, 40.4386093 ], [ -79.9598932, 40.4384751 ] ] } },
{ "type": "Feature", "properties": { "seg_id": "service-0439-00", "corridor": null, "walk_class": "service", "length_m": 38.24 }, "geometry": { "type": "LineString", "coordinates": [ [ -79.959742, 40.4453475 ], [ -79.95971, 40.4453055 ], [ -79.9597061, 40.4452462 ], [ -79.9597488, 40.4451505 ], [ -79.9598166, 40.4451043 ], [ -79.9598971, 40.4450803 ] ] } },
{ "type": "Feature", "properties": { "seg_id": "service-0440-00", "corridor": null, "walk_class": "service", "length_m": 73.15 }, "geometry": { "type": "LineString", "coordinates": [ [ -79.9598989, 40.4414148 ], [ -79.9597291, 40.4415293 ], [ -79.9594915, 40.4417012 ], [ -79.959337, 40.4418406 ], [ -79.9592884, 40.4418787 ] ] } },
{ "type": "Feature", "properties": { "seg_id": "camp-street-0441-00", "corridor": "Camp Street", "walk_class": "sidewalk", "length_m": 51.23 }, "geometry": { "type": "LineString", "coordinates": [ [ -79.9597136, 40.4505591 ], [ -79.9594699, 40.4509814 ] ] } },
{ "type": "Feature", "properties": { "seg_id": "adelaide-street-0442-00", "corridor": "Iowa Street", "walk_class": "sidewalk", "length_m": 96.15 }, "geometry": { "type": "LineString", "coordinates": [ [ -79.9568721, 40.452217 ], [ -79.9565315, 40.4527999 ], [ -79.9565266, 40.4528055 ], [ -79.956503900000016, 40.4528486 ], [ -79.9564832, 40.452888 ], [ -79.9564749, 40.4528981 ], [ -79.956618950342005, 40.452946557162477 ] ] } },
{ "type": "Feature", "properties": { "seg_id": "adelaide-street-0442-01", "corridor": "Adelaide Street", "walk_class": "sidewalk", "length_m": 96.15 }, "geometry": { "type": "LineString", "coordinates": [ [ -79.956618950342005, 40.452946557162477 ], [ -79.957656636320564, 40.45329561750949 ] ] } },
{ "type": "Feature", "properties": { "seg_id": "adelaide-street-0442-02", "corridor": "Adelaide Street", "walk_class": "sidewalk", "length_m": 96.15 }, "geometry": { "type": "LineString", "coordinates": [ [ -79.957656636320564, 40.45329561750949 ], [ -79.9579836, 40.4534056 ], [ -79.9580115, 40.4534198 ], [ -79.9580186, 40.4534247 ], [ -79.9580542, 40.4534422 ], [ -79.9580819, 40.4534558 ], [ -79.958093, 40.45346090000001 ], [ -79.9581081, 40.4534506 ], [ -79.958128, 40.4534566 ], [ -79.958680190319996, 40.453642880713488 ] ] } },
{ "type": "Feature", "properties": { "seg_id": "adelaide-street-0442-03", "corridor": null, "walk_class": "sidewalk", "length_m": 96.15 }, "geometry": { "type": "LineString", "coordinates": [ [ -79.958680190319996, 40.453642880713488 ], [ -79.9588504, 40.4537003 ], [ -79.9594327, 40.4538968 ], [ -79.9594606, 40.4539316 ], [ -79.9595918, 40.4541011 ] ] } },
{ "type": "Feature", "properties": { "seg_id": "sidewalk-0443-00", "corridor": null, "walk_class": "sidewalk", "length_m": 104.17 }, "geometry": { "type": "LineString", "coordinates": [ [ -79.957685, 40.454480599999989 ], [ -79.9577308, 40.4543792 ], [ -79.9578701, 40.454202 ], [ -79.9579131, 40.4541354 ], [ -79.9579843, 40.4539453 ], [ -79.958086, 40.4538918 ], [ -79.9581879, 40.4538755 ], [ -79.9583555, 40.4538744 ], [ -79.958416570634611, 40.453893921509959 ] ] } },
{ "type": "Feature", "properties": { "seg_id": "sidewalk-0443-01", "corridor": null, "walk_class": "sidewalk", "length_m": 104.17 }, "geometry": { "type": "LineString", "coordinates": [ [ -79.958416570634611, 40.453893921509959 ], [ -79.9584481, 40.453904 ], [ -79.9587378, 40.4539755 ], [ -79.958826, 40.4539884 ], [ -79.9593908, 40.4540117 ], [ -79.9594835, 40.4540402 ], [ -79.9595918, 40.4541011 ] ] } },
{ "type": "Feature", "properties": { "seg_id": "desoto-street-0444-00", "corridor": "North Bouquet Street", "walk_class": "sidewalk", "length_m": 91.64 }, "geometry": { "type": "LineString", "coordinates": [ [ -79.9593242, 40.4434871 ], [ -79.9592168, 40.4434287 ], [ -79.9589009, 40.4432535 ], [ -79.958448248981185, 40.44300371974154 ] ] } },
{ "type": "Feature", "properties": { "seg_id": "desoto-street-0444-01", "corridor": "North Bouquet Street", "walk_class": "sidewalk", "length_m": 91.64 }, "geometry": { "type": "LineString", "coordinates": [ [ -79.958448248981185, 40.44300371974154 ], [ -79.9576505, 40.4425635 ], [ -79.9576463, 40.4425455 ], [ -79.9576493, 40.4425285 ], [ -79.9576554, 40.4425088 ], [ -79.957672839269151, 40.442496660643002 ] ] } },
{ "type": "Feature", "properties": { "seg_id": "desoto-street-0444-02", "corridor": "Desoto Street", "walk_class": "sidewalk", "length_m": 91.64 }, "geometry": { "type": "LineString", "coordinates": [ [ -79.957672839269151, 40.442496660643002 ], [ -79.9578321, 40.4423858 ], [ -79.9579064, 40.4423341 ], [ -79.9579252, 40.4423286 ], [ -79.9579427, 40.4423312 ], [ -79.9582959, 40.442438 ], [ -79.9585338, 40.4425212 ], [ -79.958607422693987, 40.442553867040182 ] ] } },
{ "type": "Feature", "properties": { "seg_id": "desoto-street-0444-03", "corridor": "Desoto Street", "walk_class": "sidewalk", "length_m": 91.64 }, "geometry": { "type": "LineString", "coordinates": [ [ -79.958607422693987, 40.442553867040182 ], [ -79.9586395, 40.4425681 ], [ -79.9587047, 40.4425993 ], [ -79.9592449, 40.4429039 ], [ -79.959482342863481, 40.443037813140236 ] ] } },
{ "type": "Feature", "properties": { "seg_id": "desoto-street-0444-04", "corridor": "O'Hara Street", "walk_class": "sidewalk", "length_m": 91.64 }, "geometry": { "type": "LineString", "coordinates": [ [ -79.959482342863481, 40.443037813140236 ], [ -79.9597396, 40.4431829 ], [ -79.959545, 40.4433254 ], [ -79.9593242, 40.4434871 ], [ -79.9593254, 40.4434962 ], [ -79.9593823, 40.4435381 ], [ -79.9594395, 40.4435802 ], [ -79.9594502, 40.443588199999986 ] ] } },
{ "type": "Feature", "properties": { "seg_id": "service-0445-00", "corridor": null, "walk_class": "service", "length_m": 43.95 }, "geometry": { "type": "LineString", "coordinates": [ [ -79.9597054, 40.439598 ], [ -79.9597539, 40.4396461 ], [ -79.959776, 40.439668 ], [ -79.9597849, 40.4398128 ], [ -79.9596898, 40.4398787 ], [ -79.9596273, 40.439922 ] ] } },
{ "type": "Feature", "properties": { "seg_id": "sidewalk-0446-00", "corridor": null, "walk_class": "sidewalk", "length_m": 5.81 }, "geometry": { "type": "LineString", "coordinates": [ [ -79.9596991, 40.4453661 ], [ -79.959648, 40.4453313 ] ] } },
{ "type": "Feature", "properties": { "seg_id": "allequippa-street-0447-00", "corridor": "Allequippa Street", "walk_class": "street", "length_m": 120.07 }, "geometry": { "type": "LineString", "coordinates": [ [ -79.9587207, 40.44837 ], [ -79.9587858, 40.448277199999985 ], [ -79.9587951, 40.4482639 ], [ -79.9588801, 40.448187 ], [ -79.9589501, 40.4481174 ], [ -79.9590321, 40.4479978 ], [ -79.9591112, 40.447835300000015 ], [ -79.9591622, 40.4477368 ], [ -79.9592196, 40.4476933 ], [ -79.9593039, 40.447658 ], [ -79.9593897, 40.4476255 ], [ -79.9595658, 40.4475589 ] ] } },
{ "type": "Feature", "properties": { "seg_id": "service-0448-00", "corridor": null, "walk_class": "service", "length_m": 19.26 }, "geometry": { "type": "LineString", "coordinates": [ [ -79.9596152, 40.443368 ], [ -79.959545, 40.4433254 ], [ -79.9594374, 40.44326 ] ] } },
{ "type": "Feature", "properties": { "seg_id": "service-0449-00", "corridor": null, "walk_class": "service", "length_m": 50.62 }, "geometry": { "type": "LineString", "coordinates": [ [ -79.959154, 40.4434586 ], [ -79.9592168, 40.4434287 ], [ -79.9592585, 40.443401 ], [ -79.9594374, 40.44326 ], [ -79.9595876, 40.4431473 ] ] } },
{ "type": "Feature", "properties": { "seg_id": "camp-street-0450-00", "corridor": "Camp Street", "walk_class": "sidewalk", "length_m": 7.62 }, "geometry": { "type": "LineString", "coordinates": [ [ -79.9594573, 40.4509848 ], [ -79.9594419, 40.4510146 ], [ -79.9594243, 40.4510486 ] ] } },
{ "type": "Feature", "properties": { "seg_id": "fifth-avenue-0451-00", "corridor": "Fifth Avenue", "walk_class": "sidewalk", "length_m": 17.75 }, "geometry": { "type": "LineString", "coordinates": [ [ -79.9594228, 40.441238700000014 ], [ -79.959444, 40.4412197 ], [ -79.9594775, 40.441197 ], [ -79.9595507, 40.44114840000001 ], [ -79.9595797, 40.4411337 ] ] } },
{ "type": "Feature", "properties": { "seg_id": "camp-street-0452-00", "corridor": "Camp Street", "walk_class": "sidewalk", "length_m": 19.58 }, "geometry": { "type": "LineString", "coordinates": [ [ -79.9593287, 40.451217 ], [ -79.9594265, 40.4510572 ] ] } },
{ "type": "Feature", "properties": { "seg_id": "service-0453-00", "corridor": null, "walk_class": "service", "length_m": 15.49 }, "geometry": { "type": "LineString", "coordinates": [ [ -79.9595748, 40.4398803 ], [ -79.9595023, 40.4399359 ], [ -79.95944590000002, 40.4399792 ] ] } },
{ "type": "Feature", "properties": { "seg_id": "mckee-place-0454-00", "corridor": "McKee Place", "walk_class": "sidewalk", "length_m": 14.13 }, "geometry": { "type": "LineString", "coordinates": [ [ -79.9594523, 40.43968060000001 ], [ -79.959459, 40.4396875 ], [ -79.9595083, 40.4397295 ], [ -79.9595425, 40.4397587 ], [ -79.9595727, 40.4397594 ] ] } },
{ "type": "Feature", "properties": { "seg_id": "forbes-avenue-0455-00", "corridor": "Forbes Avenue", "walk_class": "sidewalk", "length_m": 17.01 }, "geometry": { "type": "LineString", "coordinates": [ [ -79.9594137, 40.4398623 ], [ -79.9594883, 40.4398118 ], [ -79.9595432, 40.4397747 ], [ -79.9595707, 40.439776 ] ] } },
{ "type": "Feature", "properties": { "seg_id": "service-0456-00", "corridor": null, "walk_class": "service", "length_m": 39.68 }, "geometry": { "type": "LineString", "coordinates": [ [ -79.9591851, 40.4436823 ], [ -79.9592474, 40.4437339 ], [ -79.9595023, 40.4439451 ] ] } },
{ "type": "Feature", "properties": { "seg_id": "cherokee-street-0457-00", "corridor": "Iowa Street", "walk_class": "sidewalk", "length_m": 98.61 }, "geometry": { "type": "LineString", "coordinates": [ [ -79.9576026, 40.4509475 ], [ -79.957844100000017, 40.4505262 ], [ -79.9578456, 40.4505176 ], [ -79.9578619, 40.4504862 ], [ -79.9578821, 40.4504471 ], [ -79.9578895, 40.450446 ], [ -79.958293915936665, 40.450583500692993 ] ] } },
{ "type": "Feature", "properties": { "seg_id": "cherokee-street-0457-01", "corridor": "Cherokee Street", "walk_class": "sidewalk", "length_m": 98.61 }, "geometry": { "type": "LineString", "coordinates": [ [ -79.958293915936665, 40.450583500692993 ], [ -79.9593563, 40.450944700000015 ] ] } },
{ "type": "Feature", "properties": { "seg_id": "service-0458-00", "corridor": null, "walk_class": "service", "length_m": 24.04 }, "geometry": { "type": "LineString", "coordinates": [ [ -79.9593897, 40.4476255 ], [ -79.959323, 40.4475523 ], [ -79.9591635, 40.4475151 ] ] } },
{ "type": "Feature", "properties": { "seg_id": "camp-street-0459-00", "corridor": "Camp Street", "walk_class": "sidewalk", "length_m": 22.12 }, "geometry": { "type": "LineString", "coordinates": [ [ -79.9592169, 40.4512059 ], [ -79.9593218, 40.4510235 ] ] } },
{ "type": "Feature", "properties": { "seg_id": "halket-street-0460-00", "corridor": "Halket Street", "walk_class": "sidewalk", "length_m": 11.95 }, "geometry": { "type": "LineString", "coordinates": [ [ -79.9594238, 40.4370841 ], [ -79.9594355, 40.4370905 ], [ -79.9594663, 40.4371149 ], [ -79.9595133, 40.4371523 ], [ -79.9595224, 40.4371607 ] ] } },
{ "type": "Feature", "properties": { "seg_id": "forbes-avenue-0461-00", "corridor": "Forbes Avenue", "walk_class": "sidewalk", "length_m": 15.42 }, "geometry": { "type": "LineString", "coordinates": [ [ -79.9593075, 40.439777 ], [ -79.9593784, 40.4397268 ], [ -79.9594409, 40.439682599999983 ] ] } },
{ "type": "Feature", "properties": { "seg_id": "mckee-place-0462-00", "corridor": "McKee Place", "walk_class": "sidewalk", "length_m": 96.94 }, "geometry": { "type": "LineString", "coordinates": [ [ -79.9554895, 40.4366927 ], [ -79.95580630000002, 40.43695360000001 ], [ -79.956271211285667, 40.43732970838213 ] ] } },
{ "type": "Feature", "properties": { "seg_id": "mckee-place-0462-01", "corridor": "McKee Place", "walk_class": "sidewalk", "length_m": 96.94 }, "geometry": { "type": "LineString", "coordinates": [ [ -79.956271211285667, 40.43732970838213 ], [ -79.9564539, 40.4374775 ], [ -79.957061960842609, 40.437960177569231 ] ] } },
{ "type": "Feature", "properties": { "seg_id": "mckee-place-0462-02", "corridor": "McKee Place", "walk_class": "sidewalk", "length_m": 96.94 }, "geometry": { "type": "LineString", "coordinates": [ [ -79.957061960842609, 40.437960177569231 ], [ -79.9572308, 40.4380942 ], [ -79.9575781, 40.438378299999982 ], [ -79.9575937, 40.4383911 ], [ -79.9575979, 40.4384046 ], [ -79.9576096, 40.438411699999982 ], [ -79.9576427, 40.4384417 ], [ -79.957682, 40.4384742 ], [ -79.9576948, 40.438486700000013 ], [ -79.9577067, 40.4384867 ], [ -79.9577158, 40.4384888 ], [ -79.9577731, 40.4385372 ], [ -79.9577853, 40.4385491 ], [ -79.9578213, 40.4385774 ], [ -79.957839646336936, 40.438591841136557 ] ] } },
{ "type": "Feature", "properties": { "seg_id": "mckee-place-0462-03", "corridor": "McKee Place", "walk_class": "sidewalk", "length_m": 96.94 }, "geometry": { "type": "LineString", "coordinates": [ [ -79.957839646336936, 40.438591841136557 ], [ -79.9578664, 40.43861290000001 ], [ -79.9582192, 40.4388977 ], [ -79.958239100000014, 40.4389133 ], [ -79.9582715, 40.4389385 ], [ -79.958627363838943, 40.439224530631506 ] ] } },
{ "type": "Feature", "properties": { "seg_id": "mckee-place-0462-04", "corridor": "McKee Place", "walk_class": "sidewalk", "length_m": 96.94 }, "geometry": { "type": "LineString", "coordinates": [ [ -79.958627363838943, 40.439224530631506 ], [ -79.9587286, 40.4393059 ], [ -79.9593041, 40.4397684 ], [ -79.9593075, 40.439777 ], [ -79.9593108, 40.4397873 ], [ -79.9593665, 40.4398279 ], [ -79.959408553709508, 40.439858549316327 ] ] } },
{ "type": "Feature", "properties": { "seg_id": "mckee-place-0462-05", "corridor": "Forbes Avenue", "walk_class": "sidewalk", "length_m": 96.94 }, "geometry": { "type": "LineString", "coordinates": [ [ -79.959408553709508, 40.439858549316327 ], [ -79.9594137, 40.4398623 ], [ -79.9594105, 40.4398789 ], [ -79.9593846, 40.4398908 ], [ -79.9593727, 40.4399056 ], [ -79.9593405, 40.4399518 ], [ -79.9591803, 40.4400668 ], [ -79.958619902766827, 40.440473122086246 ] ] } },
{ "type": "Feature", "properties": { "seg_id": "mckee-place-0462-06", "corridor": "Forbes Avenue", "walk_class": "sidewalk", "length_m": 96.94 }, "geometry": { "type": "LineString", "coordinates": [ [ -79.958619902766827, 40.440473122086246 ], [ -79.9585558, 40.4405196 ], [ -79.9584849, 40.4405512 ], [ -79.958438, 40.4405842 ], [ -79.9583839, 40.4406232 ], [ -79.9583261, 40.4406649 ], [ -79.9583096, 40.4406636 ], [ -79.9582776, 40.4406858 ], [ -79.9582603, 40.4407071 ], [ -79.9582502, 40.4407391 ], [ -79.9582317, 40.4407626 ], [ -79.9580014, 40.4409267 ], [ -79.957803730315248, 40.441065345329534 ] ] } },
{ "type": "Feature", "properties": { "seg_id": "mckee-place-0462-07", "corridor": "Forbes Avenue", "walk_class": "sidewalk", "length_m": 96.94 }, "geometry": { "type": "LineString", "coordinates": [ [ -79.957803730315248, 40.441065345329534 ], [ -79.9577941, 40.4410721 ], [ -79.9577377, 40.4410958 ], [ -79.9576786, 40.4411449 ], [ -79.9576349, 40.4411812 ], [ -79.957614, 40.4411827 ], [ -79.9575753, 40.441201 ], [ -79.957548, 40.4412435 ], [ -79.9573114, 40.4414193 ], [ -79.9571415, 40.4415348 ], [ -79.957110700000015, 40.4415536 ], [ -79.9570964, 40.4415721 ], [ -79.9570955, 40.4415818 ], [ -79.9571007, 40.4415907 ], [ -79.957193389595474, 40.441665361749287 ] ] } },
{ "type": "Feature", "properties": { "seg_id": "mckee-place-0462-08", "corridor": "Oakland Avenue", "walk_class": "sidewalk", "length_m": 96.94 }, "geometry": { "type": "LineString", "coordinates": [ [ -79.957193389595474, 40.441665361749287 ], [ -79.9572061, 40.441675600000011 ], [ -79.9574807, 40.4418992 ], [ -79.9577615, 40.4421219 ], [ -79.9577798, 40.4421268 ], [ -79.9577982, 40.4421281 ], [ -79.9578209, 40.4421354 ], [ -79.9579207, 40.4421899 ], [ -79.9580319, 40.442246 ] ] } },
{ "type": "Feature", "properties": { "seg_id": "allequippa-street-0463-00", "corridor": "Allequippa Street", "walk_class": "steps", "length_m": 24.0 }, "geometry": { "type": "LineString", "coordinates": [ [ -79.9592636, 40.4480625 ], [ -79.9592653, 40.4481072 ], [ -79.9591771, 40.4482649 ] ] } },
{ "type": "Feature", "properties": { "seg_id": "atwood-street-0464-00", "corridor": null, "walk_class": "sidewalk", "length_m": 55.24 }, "geometry": { "type": "LineString", "coordinates": [ [ -79.9593566, 40.4418939 ], [ -79.9592884, 40.4418787 ], [ -79.9592416, 40.4418656 ], [ -79.9591995, 40.4418556 ], [ -79.9591118, 40.441834800000017 ], [ -79.9590879, 40.4418291 ], [ -79.9589342, 40.4417926 ], [ -79.9589088, 40.4417865 ], [ -79.9588283, 40.4417438 ], [ -79.958759500000014, 40.4417072 ] ] } },
{ "type": "Feature", "properties": { "seg_id": "o-hara-street-0465-00", "corridor": "O'Hara Street", "walk_class": "sidewalk", "length_m": 75.86 }, "geometry": { "type": "LineString", "coordinates": [ [ -79.9593254, 40.4434962 ], [ -79.9592795, 40.4435282 ], [ -79.9592297, 40.443563 ], [ -79.9592163, 40.4435667 ], [ -79.9592107, 40.4435797 ], [ -79.9587092, 40.4439394 ], [ -79.958676622399537, 40.443962925962126 ] ] } },
{ "type": "Feature", "properties": { "seg_id": "o-hara-street-0465-01", "corridor": "O'Hara Street", "walk_class": "sidewalk", "length_m": 75.86 }, "geometry": { "type": "LineString", "coordinates": [ [ -79.958676622399537, 40.443962925962126 ], [ -79.9581348, 40.4443542 ], [ -79.9580899, 40.4443865 ], [ -79.9580362, 40.4444302 ], [ -79.9580274, 40.4444304 ] ] } },
{ "type": "Feature", "properties": { "seg_id": "camp-street-0466-00", "corridor": "Camp Street", "walk_class": "sidewalk", "length_m": 92.16 }, "geometry": { "type": "LineString", "coordinates": [ [ -79.9591852, 40.45148780000001 ], [ -79.9591823, 40.4514953 ], [ -79.9591569, 40.4515228 ], [ -79.9591305, 40.4515516 ], [ -79.95913, 40.4515594 ], [ -79.9588915, 40.4519716 ], [ -79.9588851, 40.4519803 ], [ -79.9588643, 40.4520201 ], [ -79.9588407, 40.4520654 ], [ -79.9588372, 40.452074 ], [ -79.9587421, 40.4522436 ] ] } },
{ "type": "Feature", "properties": { "seg_id": "camp-street-0467-00", "corridor": "Camp Street", "walk_class": "sidewalk", "length_m": 19.47 }, "geometry": { "type": "LineString", "coordinates": [ [ -79.9591745, 40.4512884 ], [ -79.9590773, 40.4514473 ] ] } },
{ "type": "Feature", "properties": { "seg_id": "service-0468-00", "corridor": null, "walk_class": "service", "length_m": 21.11 }, "geometry": { "type": "LineString", "coordinates": [ [ -79.9592705, 40.4428288 ], [ -79.9592449, 40.4429039 ], [ -79.9592386, 40.442922299999985 ], [ -79.9592975, 40.4430043 ] ] } },
{ "type": "Feature", "properties": { "seg_id": "meyran-avenue-0469-00", "corridor": "Meyran Avenue", "walk_class": "sidewalk", "length_m": 121.72 }, "geometry": { "type": "LineString", "coordinates": [ [ -79.9593093, 40.4412843 ], [ -79.9592899, 40.4412686 ], [ -79.9592395, 40.4412276 ], [ -79.9591478, 40.441153 ], [ -79.9591351, 40.4411491 ], [ -79.9588201, 40.4408974 ], [ -79.9587984, 40.4408785 ], [ -79.9587741, 40.4408575 ], [ -79.958438, 40.4405842 ], [ -79.9583936, 40.4405462 ], [ -79.95832510000001, 40.4404877 ] ] } },
{ "type": "Feature", "properties": { "seg_id": "anaheim-street-0470-00", "corridor": "Anaheim Street", "walk_class": "sidewalk", "length_m": 100.72 }, "geometry": { "type": "LineString", "coordinates": [ [ -79.9590423, 40.4515234 ], [ -79.9590605, 40.4514901 ], [ -79.959080200000017, 40.451454 ], [ -79.9590773, 40.4514473 ], [ -79.958090024990071, 40.451112699205943 ] ] } },
{ "type": "Feature", "properties": { "seg_id": "anaheim-street-0470-01", "corridor": "Iowa Street", "walk_class": "sidewalk", "length_m": 100.72 }, "geometry": { "type": "LineString", "coordinates": [ [ -79.958090024990071, 40.451112699205943 ], [ -79.9576026, 40.4509475 ], [ -79.9575898, 40.4509538 ], [ -79.9575736, 40.4509826 ], [ -79.9575514, 40.4510221 ], [ -79.9575568, 40.4510303 ], [ -79.9578905, 40.4511376 ], [ -79.9579139, 40.4511459 ], [ -79.9579378, 40.4511537 ], [ -79.958043848746186, 40.451189814736189 ] ] } },
{ "type": "Feature", "properties": { "seg_id": "anaheim-street-0470-02", "corridor": "Anaheim Street", "walk_class": "sidewalk", "length_m": 100.72 }, "geometry": { "type": "LineString", "coordinates": [ [ -79.958043848746186, 40.451189814736189 ], [ -79.959029, 40.4515253 ], [ -79.9590423, 40.4515234 ], [ -79.9590842, 40.4515368 ], [ -79.9591305, 40.4515516 ] ] } },
{ "type": "Feature", "properties": { "seg_id": "north-bouquet-street-0471-00", "corridor": "North Bouquet Street", "walk_class": "sidewalk", "length_m": 64.32 }, "geometry": { "type": "LineString", "coordinates": [ [ -79.9585992, 40.4432347 ], [ -79.9586372, 40.4432548 ], [ -79.9586861, 40.4432807 ], [ -79.9587079, 40.4432826 ], [ -79.9592052, 40.4435555 ], [ -79.9592163, 40.4435667 ] ] } },
{ "type": "Feature", "properties": { "seg_id": "service-0472-00", "corridor": null, "walk_class": "service", "length_m": 100.09 }, "geometry": { "type": "LineString", "coordinates": [ [ -79.9591607, 40.4462281 ], [ -79.959100300000017, 40.4462079 ], [ -79.9590359, 40.446194 ], [ -79.9589537, 40.4461878 ], [ -79.958893, 40.4462068 ], [ -79.9588406, 40.4462419 ], [ -79.9588126, 40.4462845 ], [ -79.9587935, 40.4463387 ], [ -79.9587719, 40.4464058 ], [ -79.9587448, 40.4465371 ], [ -79.9586864, 40.446706 ], [ -79.9586438, 40.446769899999985 ], [ -79.958595, 40.446804299999989 ], [ -79.958556063481694, 40.44681207215077 ] ] } },
{ "type": "Feature", "properties": { "seg_id": "service-0472-01", "corridor": null, "walk_class": "service", "length_m": 100.09 }, "geometry": { "type": "LineString", "coordinates": [ [ -79.958556063481694, 40.44681207215077 ], [ -79.9584923, 40.4468248 ], [ -79.9584018, 40.446816 ], [ -79.9583191, 40.4467833 ], [ -79.9582638, 40.4467403 ], [ -79.9582392, 40.446704 ], [ -79.9582264, 40.4466562 ], [ -79.9582263, 40.4465986 ], [ -79.9582476, 40.446547099999982 ], [ -79.9583361, 40.446448299999986 ], [ -79.9584132, 40.446379 ], [ -79.9584593, 40.4463012 ], [ -79.958515450248086, 40.446154503548293 ] ] } },
{ "type": "Feature", "properties": { "seg_id": "service-0472-02", "corridor": null, "walk_class": "service", "length_m": 100.09 }, "geometry": { "type": "LineString", "coordinates": [ [ -79.958515450248086, 40.446154503548293 ], [ -79.9586627, 40.4457698 ], [ -79.958856, 40.4452921 ], [ -79.958856324219568, 40.445291299958875 ] ] } },
{ "type": "Feature", "properties": { "seg_id": "service-0472-03", "corridor": null, "walk_class": "service", "length_m": 100.09 }, "geometry": { "type": "LineString", "coordinates": [ [ -79.958856324219568, 40.445291299958875 ], [ -79.9588776, 40.4452388 ], [ -79.9588886, 40.4452073 ], [ -79.958906, 40.4451552 ], [ -79.9589096, 40.4451324 ], [ -79.9589101, 40.4451072 ], [ -79.9589039, 40.445081 ], [ -79.9588914, 40.445056 ], [ -79.9588777, 40.4450368 ], [ -79.9588578, 40.4450164 ], [ -79.9588286, 40.4449998 ], [ -79.9587947, 40.4449878 ], [ -79.9587492, 40.4449755 ], [ -79.9587015, 40.4449749 ], [ -79.9586275, 40.444991 ], [ -79.9585534, 40.445018 ], [ -79.9584636, 40.4450646 ], [ -79.9583687, 40.445114799999985 ], [ -79.9582235, 40.4451935 ], [ -79.958166095747828, 40.445223524528963 ] ] } },
{ "type": "Feature", "properties": { "seg_id": "service-0472-04", "corridor": null, "walk_class": "service", "length_m": 100.09 }, "geometry": { "type": "LineString", "coordinates": [ [ -79.958166095747828, 40.445223524528963 ], [ -79.9578979, 40.4453638 ], [ -79.9573834, 40.4456919 ], [ -79.9572171, 40.4457538 ] ] } },
{ "type": "Feature", "properties": { "seg_id": "atwood-street-0473-00", "corridor": "Atwood Street", "walk_class": "sidewalk", "length_m": 99.3 }, "geometry": { "type": "LineString", "coordinates": [ [ -79.9591995, 40.4418556 ], [ -79.9591703, 40.4418766 ], [ -79.9591349, 40.4418935 ], [ -79.9590894, 40.441909 ], [ -79.9590358, 40.4419228 ], [ -79.958971, 40.4419297 ], [ -79.958891, 40.4419259 ], [ -79.9588344, 40.4419159 ], [ -79.9587899, 40.441902 ], [ -79.9587433, 40.44188350000001 ], [ -79.9586886, 40.441845 ], [ -79.9586342, 40.4418002 ], [ -79.9585369, 40.4417319 ], [ -79.9584464, 40.4416632 ], [ -79.9584265, 40.4416564 ], [ -79.95825880114819, 40.441522582799735 ] ] } },
{ "type": "Feature", "properties": { "seg_id": "atwood-street-0473-01", "corridor": "Atwood Street", "walk_class": "sidewalk", "length_m": 99.3 }, "geometry": { "type": "LineString", "coordinates": [ [ -79.95825880114819, 40.441522582799735 ], [ -79.9581221, 40.4414135 ], [ -79.9580994, 40.441395199999988 ], [ -79.9580637, 40.4413666 ], [ -79.9577586, 40.441121399999986 ], [ -79.9577377, 40.4410958 ], [ -79.9576812, 40.44105050000001 ], [ -79.9576191, 40.441000699999989 ], [ -79.9575956, 40.4409945 ], [ -79.957451046780832, 40.440878800160334 ] ] } },
{ "type": "Feature", "properties": { "seg_id": "atwood-street-0473-02", "corridor": "Atwood Street", "walk_class": "sidewalk", "length_m": 99.3 }, "geometry": { "type": "LineString", "coordinates": [ [ -79.957451046780832, 40.440878800160334 ], [ -79.9573441, 40.4407932 ], [ -79.957335, 40.4407857 ], [ -79.957082, 40.4405765 ], [ -79.9570082, 40.4405141 ], [ -79.9569787, 40.4404855 ], [ -79.9569241, 40.4404418 ], [ -79.9568803, 40.4404043 ], [ -79.9568543, 40.44039570000001 ], [ -79.956648303394758, 40.440230302599538 ] ] } },
{ "type": "Feature", "properties": { "seg_id": "atwood-street-0473-03", "corridor": "Atwood Street", "walk_class": "sidewalk", "length_m": 99.3 }, "geometry": { "type": "LineString", "coordinates": [ [ -79.956648303394758, 40.440230302599538 ], [ -79.9566072, 40.4401973 ], [ -79.9565314, 40.4401365 ], [ -79.9565001, 40.4401114 ], [ -79.9560088, 40.439699899999987 ], [ -79.9559611, 40.4396615 ], [ -79.9558982, 40.4396139 ], [ -79.955850560998527, 40.439575672495138 ] ] } },
{ "type": "Feature", "properties": { "seg_id": "atwood-street-0473-04", "corridor": "Atwood Street", "walk_class": "sidewalk", "length_m": 99.3 }, "geometry": { "type": "LineString", "coordinates": [ [ -79.955850560998527, 40.439575672495138 ], [ -79.9552776, 40.4391159 ], [ -79.955042678043029, 40.438928210575362 ] ] } },
{ "type": "Feature", "properties": { "seg_id": "atwood-street-0473-05", "corridor": "Atwood Street", "walk_class": "sidewalk", "length_m": 99.3 }, "geometry": { "type": "LineString", "coordinates": [ [ -79.955042678043029, 40.438928210575362 ], [ -79.95423349174834, 40.43828170469645 ] ] } },
{ "type": "Feature", "properties": { "seg_id": "atwood-street-0473-06", "corridor": "Bates Street", "walk_class": "sidewalk", "length_m": 99.3 }, "geometry": { "type": "LineString", "coordinates": [ [ -79.95423349174834, 40.43828170469645 ], [ -79.95405, 40.4381351 ], [ -79.9540399, 40.4381148 ], [ -79.9540564, 40.4380864 ], [ -79.9542647, 40.4378847 ], [ -79.9542879, 40.4378612 ], [ -79.9543141, 40.4378351 ], [ -79.9545324, 40.4376159 ], [ -79.9545492, 40.4376124 ], [ -79.9545704, 40.4376224 ], [ -79.954581090921096, 40.437631007254168 ] ] } },
{ "type": "Feature", "properties": { "seg_id": "atwood-street-0473-07", "corridor": "Meyran Avenue", "walk_class": "sidewalk", "length_m": 99.3 }, "geometry": { "type": "LineString", "coordinates": [ [ -79.954581090921096, 40.437631007254168 ], [ -79.9553092, 40.4382172 ], [ -79.95538697033605, 40.438279914578374 ] ] } },
{ "type": "Feature", "properties": { "seg_id": "atwood-street-0473-08", "corridor": "Meyran Avenue", "walk_class": "sidewalk", "length_m": 99.3 }, "geometry": { "type": "LineString", "coordinates": [ [ -79.95538697033605, 40.438279914578374 ], [ -79.9560876, 40.4388449 ], [ -79.956191493324397, 40.438929806443532 ] ] } },
{ "type": "Feature", "properties": { "seg_id": "atwood-street-0473-09", "corridor": "Meyran Avenue", "walk_class": "sidewalk", "length_m": 99.3 }, "geometry": { "type": "LineString", "coordinates": [ [ -79.956191493324397, 40.438929806443532 ], [ -79.9564843, 40.4391691 ], [ -79.9564886, 40.4391852 ], [ -79.9565408, 40.4392272 ], [ -79.9565967, 40.4392756 ], [ -79.9566119, 40.4392763 ], [ -79.9566236, 40.4392768 ], [ -79.956988677383791, 40.439573837848663 ] ] } },
{ "type": "Feature", "properties": { "seg_id": "atwood-street-0473-10", "corridor": "Meyran Avenue", "walk_class": "sidewalk", "length_m": 99.3 }, "geometry": { "type": "LineString", "coordinates": [ [ -79.956988677383791, 40.439573837848663 ], [ -79.9571446, 40.43970070000001 ], [ -79.9571543, 40.4397085 ], [ -79.9574552, 40.4399539 ], [ -79.9574667, 40.43997250000001 ], [ -79.9575173, 40.4400139 ], [ -79.9575785, 40.440064 ], [ -79.9576191, 40.4400807 ], [ -79.957790518095308, 40.440221804203873 ] ] } },
{ "type": "Feature", "properties": { "seg_id": "atwood-street-0473-11", "corridor": "Meyran Avenue", "walk_class": "sidewalk", "length_m": 99.3 }, "geometry": { "type": "LineString", "coordinates": [ [ -79.957790518095308, 40.440221804203873 ], [ -79.9578091, 40.4402371 ], [ -79.957866600000017, 40.440284499999983 ], [ -79.9578958, 40.4403085 ], [ -79.9579425, 40.440345700000016 ], [ -79.95820980000002, 40.440558 ], [ -79.9582085, 40.4405688 ], [ -79.958207, 40.4405819 ], [ -79.957820595604375, 40.440860840631302 ] ] } },
{ "type": "Feature", "properties": { "seg_id": "atwood-street-0473-12", "corridor": "Forbes Avenue", "walk_class": "sidewalk", "length_m": 99.3 }, "geometry": { "type": "LineString", "coordinates": [ [ -79.957820595604375, 40.440860840631302 ], [ -79.9576619, 40.4409754 ], [ -79.9576191, 40.441000699999989 ], [ -79.9575562, 40.4410486 ], [ -79.9575097, 40.4410839 ], [ -79.9574985, 40.4410948 ], [ -79.9569937, 40.4414648 ], [ -79.956982900000014, 40.441470700000018 ], [ -79.9569703, 40.4414734 ] ] } },
{ "type": "Feature", "properties": { "seg_id": "steps-0474-00", "corridor": null, "walk_class": "steps", "length_m": 69.4 }, "geometry": { "type": "LineString", "coordinates": [ [ -79.9585842, 40.4442108 ], [ -79.959149700000012, 40.4446627 ] ] } },
{ "type": "Feature", "properties": { "seg_id": "meyran-avenue-0475-00", "corridor": "Meyran Avenue", "walk_class": "sidewalk", "length_m": 123.23 }, "geometry": { "type": "LineString", "coordinates": [ [ -79.9582085, 40.4405688 ], [ -79.9582796, 40.4406269 ], [ -79.9583261, 40.4406649 ], [ -79.9583376, 40.4406658 ], [ -79.9586648, 40.4409233 ], [ -79.9586983, 40.4409517 ], [ -79.9587115, 40.4409629 ], [ -79.9587247, 40.440974099999984 ], [ -79.9590357, 40.4412265 ], [ -79.959033, 40.4412399 ], [ -79.9591217, 40.4413128 ], [ -79.9591953, 40.4413734 ] ] } },
{ "type": "Feature", "properties": { "seg_id": "camp-street-0476-00", "corridor": "Camp Street", "walk_class": "sidewalk", "length_m": 50.2 }, "geometry": { "type": "LineString", "coordinates": [ [ -79.959029, 40.4515253 ], [ -79.9587884, 40.4519385 ] ] } },
{ "type": "Feature", "properties": { "seg_id": "service-0477-00", "corridor": null, "walk_class": "service", "length_m": 12.72 }, "geometry": { "type": "LineString", "coordinates": [ [ -79.9591345, 40.443874 ], [ -79.9590925, 40.4438441 ], [ -79.9590267, 40.4437944 ] ] } },
{ "type": "Feature", "properties": { "seg_id": "service-0478-00", "corridor": null, "walk_class": "service", "length_m": 22.69 }, "geometry": { "type": "LineString", "coordinates": [ [ -79.9588436, 40.4432865 ], [ -79.9589009, 40.4432535 ], [ -79.9589442, 40.4432286 ], [ -79.9590857, 40.4432247 ] ] } },
{ "type": "Feature", "properties": { "seg_id": "ewart-drive-0479-00", "corridor": "Ewart Drive", "walk_class": "steps", "length_m": 90.91 }, "geometry": { "type": "LineString", "coordinates": [ [ -79.958993800000016, 40.44839060000001 ], [ -79.9588549, 40.4485822 ], [ -79.958534849508908, 40.449130023418093 ] ] } },
{ "type": "Feature", "properties": { "seg_id": "ewart-drive-0479-01", "corridor": "Ewart Drive", "walk_class": "steps", "length_m": 90.91 }, "geometry": { "type": "LineString", "coordinates": [ [ -79.958534849508908, 40.449130023418093 ], [ -79.958097942835451, 40.449877850813067 ] ] } },
{ "type": "Feature", "properties": { "seg_id": "ewart-drive-0479-02", "corridor": "Ewart Drive", "walk_class": "steps", "length_m": 90.91 }, "geometry": { "type": "LineString", "coordinates": [ [ -79.958097942835451, 40.449877850813067 ], [ -79.957661026332659, 40.450625676340408 ] ] } },
{ "type": "Feature", "properties": { "seg_id": "ewart-drive-0479-03", "corridor": "Iowa Street", "walk_class": "steps", "length_m": 90.91 }, "geometry": { "type": "LineString", "coordinates": [ [ -79.957661026332659, 40.450625676340408 ], [ -79.9572241, 40.4513735 ] ] } },
{ "type": "Feature", "properties": { "seg_id": "bryn-mawr-road-0480-00", "corridor": "Bryn Mawr Road", "walk_class": "sidewalk", "length_m": 79.5 }, "geometry": { "type": "LineString", "coordinates": [ [ -79.9572073, 40.4513837 ], [ -79.9572241, 40.4513735 ], [ -79.9572413, 40.451378 ], [ -79.9572729, 40.45140150000001 ], [ -79.9573088, 40.4514283 ], [ -79.9573207, 40.451442599999986 ], [ -79.9573512, 40.4514564 ], [ -79.958034204341217, 40.451685512726471 ] ] } },
{ "type": "Feature", "properties": { "seg_id": "bryn-mawr-road-0480-01", "corridor": "Bryn Mawr Road", "walk_class": "sidewalk", "length_m": 79.5 }, "geometry": { "type": "LineString", "coordinates": [ [ -79.958034204341217, 40.451685512726471 ], [ -79.9587884, 40.4519385 ], [ -79.9587926, 40.4519465 ], [ -79.9588375, 40.4519629 ], [ -79.9588851, 40.4519803 ] ] } },
{ "type": "Feature", "properties": { "seg_id": "sidewalk-0481-00", "corridor": null, "walk_class": "sidewalk", "length_m": 58.0 }, "geometry": { "type": "LineString", "coordinates": [ [ -79.9586926, 40.4542057 ], [ -79.9587217, 40.4540775 ], [ -79.9587378, 40.4539755 ], [ -79.9587807, 40.4538244 ], [ -79.9588504, 40.4537003 ] ] } },
{ "type": "Feature", "properties": { "seg_id": "allequippa-street-0482-00", "corridor": "Allequippa Street", "walk_class": "sidewalk", "length_m": 14.11 }, "geometry": { "type": "LineString", "coordinates": [ [ -79.9588967, 40.4484028 ], [ -79.9589013, 40.448338 ], [ -79.958906, 40.4482759 ] ] } },
{ "type": "Feature", "properties": { "seg_id": "fifth-avenue-0483-00", "corridor": "Fifth Avenue", "walk_class": "sidewalk", "length_m": 42.26 }, "geometry": { "type": "LineString", "coordinates": [ [ -79.958929900000015, 40.4415807 ], [ -79.9589885, 40.4416216 ], [ -79.9588283, 40.4417438 ], [ -79.9586886, 40.441845 ] ] } },
{ "type": "Feature", "properties": { "seg_id": "camp-street-0484-00", "corridor": "Camp Street", "walk_class": "sidewalk", "length_m": 11.13 }, "geometry": { "type": "LineString", "coordinates": [ [ -79.9587214, 40.4520305 ], [ -79.9587258, 40.4520219 ], [ -79.9587588, 40.4519847 ], [ -79.9587926, 40.4519465 ] ] } },
{ "type": "Feature", "properties": { "seg_id": "service-0485-00", "corridor": null, "walk_class": "service", "length_m": 20.72 }, "geometry": { "type": "LineString", "coordinates": [ [ -79.958856, 40.4452921 ], [ -79.9587505, 40.445322 ], [ -79.9586291, 40.4453611 ] ] } },
{ "type": "Feature", "properties": { "seg_id": "camp-street-0486-00", "corridor": "Camp Street", "walk_class": "sidewalk", "length_m": 28.6 }, "geometry": { "type": "LineString", "coordinates": [ [ -79.9586515, 40.4524207 ], [ -79.9585253, 40.4526596 ] ] } },
{ "type": "Feature", "properties": { "seg_id": "sidewalk-0487-00", "corridor": null, "walk_class": "sidewalk", "length_m": 114.06 }, "geometry": { "type": "LineString", "coordinates": [ [ -79.9587492, 40.4449755 ], [ -79.9583819, 40.4452939 ], [ -79.958138517165096, 40.445867600974324 ] ] } },
{ "type": "Feature", "properties": { "seg_id": "sidewalk-0487-01", "corridor": null, "walk_class": "sidewalk", "length_m": 114.06 }, "geometry": { "type": "LineString", "coordinates": [ [ -79.958138517165096, 40.445867600974324 ], [ -79.9580843, 40.4459954 ], [ -79.957952, 40.4463327 ], [ -79.9578387, 40.4463378 ], [ -79.9577596, 40.446396 ], [ -79.9577328, 40.4464715 ], [ -79.9575973, 40.446464400000011 ], [ -79.9575263, 40.4464093 ], [ -79.9574184, 40.4464838 ] ] } },
{ "type": "Feature", "properties": { "seg_id": "semple-street-0488-00", "corridor": "Semple Street", "walk_class": "sidewalk", "length_m": 112.05 }, "geometry": { "type": "LineString", "coordinates": [ [ -79.9587083, 40.4402131 ], [ -79.95877, 40.4401675 ], [ -79.9588224, 40.4401289 ], [ -79.958216600000014, 40.439645 ], [ -79.9580281, 40.4394945 ], [ -79.958018852419357, 40.439487107323863 ] ] } },
{ "type": "Feature", "properties": { "seg_id": "semple-street-0488-01", "corridor": "Semple Street", "walk_class": "sidewalk", "length_m": 112.05 }, "geometry": { "type": "LineString", "coordinates": [ [ -79.958018852419357, 40.439487107323863 ], [ -79.9579249, 40.439412 ], [ -79.957871, 40.439369 ], [ -79.957224, 40.4388441 ], [ -79.9572221, 40.4388406 ], [ -79.9572217, 40.438837200000016 ], [ -79.9571701, 40.4387977 ], [ -79.9571141, 40.438753 ] ] } },
{ "type": "Feature", "properties": { "seg_id": "service-0489-00", "corridor": null, "walk_class": "service", "length_m": 71.6 }, "geometry": { "type": "LineString", "coordinates": [ [ -79.9587994, 40.439259 ], [ -79.9587286, 40.4393059 ], [ -79.958216600000014, 40.439645 ], [ -79.9581616, 40.4396815 ] ] } },
{ "type": "Feature", "properties": { "seg_id": "service-0490-00", "corridor": null, "walk_class": "service", "length_m": 127.64 }, "geometry": { "type": "LineString", "coordinates": [ [ -79.957629900000015, 40.4440154 ], [ -79.9576759, 40.4439807 ], [ -79.9586372, 40.4432548 ], [ -79.9587003, 40.4432071 ] ] } },
{ "type": "Feature", "properties": { "seg_id": "service-0491-00", "corridor": null, "walk_class": "service", "length_m": 35.98 }, "geometry": { "type": "LineString", "coordinates": [ [ -79.9583691, 40.4442601 ], [ -79.9584402, 40.4443165 ], [ -79.958668700000018, 40.4444895 ] ] } },
{ "type": "Feature", "properties": { "seg_id": "sidewalk-0492-00", "corridor": null, "walk_class": "sidewalk", "length_m": 23.53 }, "geometry": { "type": "LineString", "coordinates": [ [ -79.9586861, 40.4432807 ], [ -79.9586701, 40.4432832 ], [ -79.9585456, 40.443366199999986 ], [ -79.9584948, 40.4434026 ], [ -79.9585112, 40.4434182 ] ] } },
{ "type": "Feature", "properties": { "seg_id": "semple-street-0493-00", "corridor": "Louisa Street", "walk_class": "sidewalk", "length_m": 102.06 }, "geometry": { "type": "LineString", "coordinates": [ [ -79.9576948, 40.438486700000013 ], [ -79.9576857, 40.438491 ], [ -79.957227, 40.4388299 ], [ -79.9572242, 40.4388326 ], [ -79.9572217, 40.438837200000016 ], [ -79.9571536, 40.4388769 ], [ -79.9571025, 40.438907799999988 ], [ -79.956815607064087, 40.439112669847496 ] ] } },
{ "type": "Feature", "properties": { "seg_id": "semple-street-0493-01", "corridor": "Meyran Avenue", "walk_class": "sidewalk", "length_m": 102.06 }, "geometry": { "type": "LineString", "coordinates": [ [ -79.956815607064087, 40.439112669847496 ], [ -79.956723, 40.439178799999986 ], [ -79.9567192, 40.439181499999989 ], [ -79.9567159, 40.4391964 ], [ -79.9567149, 40.4392006 ], [ -79.957437606876923, 40.439778382075694 ] ] } },
{ "type": "Feature", "properties": { "seg_id": "semple-street-0493-02", "corridor": "Meyran Avenue", "walk_class": "sidewalk", "length_m": 102.06 }, "geometry": { "type": "LineString", "coordinates": [ [ -79.957437606876923, 40.439778382075694 ], [ -79.9576155, 40.4399206 ], [ -79.9576578, 40.4399539 ], [ -79.9576963, 40.4399842 ], [ -79.9577937, 40.4400668 ], [ -79.957886700000017, 40.4401418 ], [ -79.958259320428226, 40.44044997851379 ] ] } },
{ "type": "Feature", "properties": { "seg_id": "semple-street-0493-03", "corridor": "Forbes Avenue", "walk_class": "sidewalk", "length_m": 102.06 }, "geometry": { "type": "LineString", "coordinates": [ [ -79.958259320428226, 40.44044997851379 ], [ -79.9583036, 40.4404866 ], [ -79.95832510000001, 40.4404877 ], [ -79.9583434, 40.4404862 ], [ -79.9587075, 40.4402218 ], [ -79.9587083, 40.4402131 ], [ -79.9587098, 40.4401963 ], [ -79.9584023, 40.43994690000001 ], [ -79.958324030951431, 40.439883659668176 ] ] } },
{ "type": "Feature", "properties": { "seg_id": "semple-street-0493-04", "corridor": "Semple Street", "walk_class": "sidewalk", "length_m": 102.06 }, "geometry": { "type": "LineString", "coordinates": [ [ -79.958324030951431, 40.439883659668176 ], [ -79.9580919, 40.4396961 ], [ -79.9580555, 40.4396665 ], [ -79.95802, 40.4396385 ], [ -79.957661, 40.4393493 ], [ -79.957496044668787, 40.439216507602495 ] ] } },
{ "type": "Feature", "properties": { "seg_id": "semple-street-0493-05", "corridor": "Semple Street", "walk_class": "sidewalk", "length_m": 102.06 }, "geometry": { "type": "LineString", "coordinates": [ [ -79.957496044668787, 40.439216507602495 ], [ -79.9574897, 40.4392114 ], [ -79.9574709, 40.4391964 ], [ -79.9571025, 40.438907799999988 ], [ -79.9570504, 40.4388667 ], [ -79.957007, 40.4388338 ], [ -79.957006, 40.4388199 ], [ -79.956743, 40.4386099 ], [ -79.956670843191333, 40.438551994003156 ] ] } },
{ "type": "Feature", "properties": { "seg_id": "semple-street-0493-06", "corridor": "Semple Street", "walk_class": "sidewalk", "length_m": 102.06 }, "geometry": { "type": "LineString", "coordinates": [ [ -79.956670843191333, 40.438551994003156 ], [ -79.9558518, 40.4378947 ], [ -79.955841123063465, 40.437886108792192 ] ] } },
{ "type": "Feature", "properties": { "seg_id": "semple-street-0493-07", "corridor": "Semple Street", "walk_class": "sidewalk", "length_m": 102.06 }, "geometry": { "type": "LineString", "coordinates": [ [ -79.955841123063465, 40.437886108792192 ], [ -79.9558303, 40.4378774 ], [ -79.955724, 40.4377911 ], [ -79.955015692038913, 40.437217124903604 ] ] } },
{ "type": "Feature", "properties": { "seg_id": "semple-street-0493-08", "corridor": null, "walk_class": "sidewalk", "length_m": 102.06 }, "geometry": { "type": "LineString", "coordinates": [ [ -79.955015692038913, 40.437217124903604 ], [ -79.9549895, 40.4371959 ], [ -79.9549843, 40.43719380000001 ], [ -79.9549778, 40.4371933 ], [ -79.9549732, 40.437193899999983 ], [ -79.954969, 40.4371955 ], [ -79.9546459, 40.4375073 ], [ -79.9546422, 40.4375177 ], [ -79.954646, 40.4375296 ], [ -79.9546542, 40.437541 ], [ -79.955049978099765, 40.437860425111971 ] ] } },
{ "type": "Feature", "properties": { "seg_id": "semple-street-0493-09", "corridor": "Meyran Avenue", "walk_class": "sidewalk", "length_m": 102.06 }, "geometry": { "type": "LineString", "coordinates": [ [ -79.955049978099765, 40.437860425111971 ], [ -79.955877249441414, 40.438528086320517 ] ] } },
{ "type": "Feature", "properties": { "seg_id": "semple-street-0493-10", "corridor": "Meyran Avenue", "walk_class": "sidewalk", "length_m": 102.06 }, "geometry": { "type": "LineString", "coordinates": [ [ -79.955877249441414, 40.438528086320517 ], [ -79.9562594, 40.438836499999987 ], [ -79.956606, 40.4391186 ], [ -79.9566599, 40.4391466 ], [ -79.956723, 40.439178799999986 ] ] } },
{ "type": "Feature", "properties": { "seg_id": "louisa-street-0494-00", "corridor": "Louisa Street", "walk_class": "sidewalk", "length_m": 10.65 }, "geometry": { "type": "LineString", "coordinates": [ [ -79.958653, 40.4378399 ], [ -79.9586604, 40.437835399999983 ], [ -79.9587058, 40.437802 ], [ -79.9587395, 40.4377772 ], [ -79.9587443, 40.4377741 ] ] } },
{ "type": "Feature", "properties": { "seg_id": "camp-street-0495-00", "corridor": "Camp Street", "walk_class": "sidewalk", "length_m": 11.07 }, "geometry": { "type": "LineString", "coordinates": [ [ -79.958514, 40.4526594 ], [ -79.958491, 40.452705 ], [ -79.9584672, 40.45275250000001 ] ] } },
{ "type": "Feature", "properties": { "seg_id": "sidewalk-0496-00", "corridor": null, "walk_class": "sidewalk", "length_m": 18.65 }, "geometry": { "type": "LineString", "coordinates": [ [ -79.9584847, 40.448335 ], [ -79.958493500000017, 40.4483409 ], [ -79.9585155, 40.4483848 ], [ -79.9585415, 40.4484368 ], [ -79.9585644, 40.44848240000001 ], [ -79.9585679, 40.4484895 ] ] } },
{ "type": "Feature", "properties": { "seg_id": "camp-street-0497-00", "corridor": "Camp Street", "walk_class": "sidewalk", "length_m": 26.08 }, "geometry": { "type": "LineString", "coordinates": [ [ -79.9583577, 40.4529765 ], [ -79.958475, 40.4527593 ] ] } },
{ "type": "Feature", "properties": { "seg_id": "thackeray-street-0498-00", "corridor": "Thackeray Street", "walk_class": "sidewalk", "length_m": 99.75 }, "geometry": { "type": "LineString", "coordinates": [ [ -79.9581348, 40.4443542 ], [ -79.9577615, 40.444048 ], [ -79.9577238, 40.4440173 ], [ -79.9576759, 40.4439807 ], [ -79.957638, 40.4439511 ], [ -79.9576293, 40.4439451 ], [ -79.957327226587267, 40.44370102793799 ] ] } },
{ "type": "Feature", "properties": { "seg_id": "thackeray-street-0498-01", "corridor": "Thackeray Street", "walk_class": "sidewalk", "length_m": 99.75 }, "geometry": { "type": "LineString", "coordinates": [ [ -79.957327226587267, 40.44370102793799 ], [ -79.9570413, 40.44347 ], [ -79.956766300000012, 40.4432478 ], [ -79.9567425, 40.4432269 ], [ -79.9567287, 40.4432113 ], [ -79.9567252, 40.4431869 ], [ -79.9567272, 40.4431807 ], [ -79.9567299, 40.443172 ], [ -79.9567405, 40.4431569 ], [ -79.956902675136888, 40.443038653168699 ] ] } },
{ "type": "Feature", "properties": { "seg_id": "thackeray-street-0498-02", "corridor": "Fifth Avenue", "walk_class": "sidewalk", "length_m": 99.75 }, "geometry": { "type": "LineString", "coordinates": [ [ -79.956902675136888, 40.443038653168699 ], [ -79.9574475, 40.4426414 ], [ -79.9574557, 40.442635399999986 ], [ -79.957498, 40.442618 ], [ -79.9575486, 40.4426339 ], [ -79.957797667826881, 40.442773478093194 ] ] } },
{ "type": "Feature", "properties": { "seg_id": "thackeray-street-0498-03", "corridor": "North Bouquet Street", "walk_class": "sidewalk", "length_m": 99.75 }, "geometry": { "type": "LineString", "coordinates": [ [ -79.957797667826881, 40.442773478093194 ], [ -79.9579178, 40.4428408 ], [ -79.9585064, 40.4431708 ], [ -79.9585827, 40.443213600000014 ], [ -79.9585992, 40.4432347 ], [ -79.9585942, 40.4432487 ], [ -79.958484264928686, 40.443328044897548 ] ] } },
{ "type": "Feature", "properties": { "seg_id": "thackeray-street-0498-04", "corridor": null, "walk_class": "sidewalk", "length_m": 99.75 }, "geometry": { "type": "LineString", "coordinates": [ [ -79.958484264928686, 40.443328044897548 ], [ -79.9576293, 40.4439451 ] ] } },
{ "type": "Feature", "properties": { "seg_id": "clarissa-street-0499-00", "corridor": "Clarissa Street", "walk_class": "sidewalk", "length_m": 139.76 }, "geometry": { "type": "LineString", "coordinates": [ [ -79.9569254, 40.4521177 ], [ -79.95693230000002, 40.4521272 ], [ -79.9584276, 40.452630099999986 ] ] } },
{ "type": "Feature", "properties": { "seg_id": "service-0500-00", "corridor": null, "walk_class": "service", "length_m": 37.88 }, "geometry": { "type": "LineString", "coordinates": [ [ -79.9586766, 40.4363872 ], [ -79.9586191, 40.4364284 ], [ -79.9583509, 40.4366207 ] ] } },
{ "type": "Feature", "properties": { "seg_id": "louisa-street-0501-00", "corridor": "Louisa Street", "walk_class": "sidewalk", "length_m": 19.87 }, "geometry": { "type": "LineString", "coordinates": [ [ -79.9586149, 40.4378141 ], [ -79.9586077, 40.4378151 ], [ -79.9586027, 40.437817 ], [ -79.958587, 40.4378303 ], [ -79.9584451, 40.4379357 ] ] } },
{ "type": "Feature", "properties": { "seg_id": "service-0502-00", "corridor": null, "walk_class": "service", "length_m": 41.29 }, "geometry": { "type": "LineString", "coordinates": [ [ -79.9585278, 40.443111 ], [ -79.9585064, 40.4431708 ], [ -79.9584502, 40.4433272 ], [ -79.958317, 40.4434343 ] ] } },
{ "type": "Feature", "properties": { "seg_id": "sidewalk-0503-00", "corridor": null, "walk_class": "sidewalk", "length_m": 52.54 }, "geometry": { "type": "LineString", "coordinates": [ [ -79.9583555, 40.4538744 ], [ -79.9582871, 40.4538183 ], [ -79.958212, 40.4537152 ], [ -79.9581463, 40.4535714 ], [ -79.9581115, 40.4535091 ], [ -79.9581081, 40.4534506 ] ] } },
{ "type": "Feature", "properties": { "seg_id": "camp-street-0504-00", "corridor": "Camp Street", "walk_class": "sidewalk", "length_m": 113.34 }, "geometry": { "type": "LineString", "coordinates": [ [ -79.9576026, 40.4531599 ], [ -79.9580413, 40.4533126 ], [ -79.958059, 40.4533178 ], [ -79.9580689, 40.4533071 ], [ -79.958373, 40.4527267 ] ] } },
{ "type": "Feature", "properties": { "seg_id": "atwood-street-0505-00", "corridor": "Atwood Street", "walk_class": "sidewalk", "length_m": 22.83 }, "geometry": { "type": "LineString", "coordinates": [ [ -79.9585079, 40.4418956 ], [ -79.9584159, 40.4418222 ], [ -79.9583217, 40.4417471 ] ] } },
{ "type": "Feature", "properties": { "seg_id": "service-0506-00", "corridor": null, "walk_class": "service", "length_m": 140.54 }, "geometry": { "type": "LineString", "coordinates": [ [ -79.9585754, 40.4370406 ], [ -79.9580649, 40.4366133 ], [ -79.9578361, 40.436426699999984 ], [ -79.9576412, 40.4363932 ], [ -79.9576134, 40.4363687 ], [ -79.9576121, 40.436342 ], [ -79.9576097, 40.4362755 ], [ -79.9576083, 40.4361221 ] ] } },
{ "type": "Feature", "properties": { "seg_id": "service-0507-00", "corridor": null, "walk_class": "service", "length_m": 54.98 }, "geometry": { "type": "LineString", "coordinates": [ [ -79.9585314, 40.4362695 ], [ -79.9584739, 40.4363112 ], [ -79.9583994, 40.4363651 ], [ -79.9583738, 40.436384099999984 ], [ -79.9580649, 40.4366133 ] ] } },
{ "type": "Feature", "properties": { "seg_id": "service-0508-00", "corridor": null, "walk_class": "service", "length_m": 5.62 }, "geometry": { "type": "LineString", "coordinates": [ [ -79.9584536, 40.4399148 ], [ -79.9584023, 40.43994690000001 ] ] } },
{ "type": "Feature", "properties": { "seg_id": "camp-street-0509-00", "corridor": "Camp Street", "walk_class": "sidewalk", "length_m": 11.65 }, "geometry": { "type": "LineString", "coordinates": [ [ -79.9581773, 40.4533587 ], [ -79.9581739, 40.4533666 ], [ -79.9581537, 40.4534052 ], [ -79.958133, 40.453445 ], [ -79.958128, 40.4534566 ] ] } },
{ "type": "Feature", "properties": { "seg_id": "adelaide-street-0510-00", "corridor": "Adelaide Street", "walk_class": "sidewalk", "length_m": 9.13 }, "geometry": { "type": "LineString", "coordinates": [ [ -79.958170400000014, 40.4533343 ], [ -79.9581576, 40.4533298 ], [ -79.9581184, 40.4533199 ], [ -79.9580758, 40.4533092 ], [ -79.9580689, 40.4533071 ] ] } },
{ "type": "Feature", "properties": { "seg_id": "atwood-street-0511-00", "corridor": "Fifth Avenue", "walk_class": "sidewalk", "length_m": 104.51 }, "geometry": { "type": "LineString", "coordinates": [ [ -79.9576733, 40.4422123 ], [ -79.9576837, 40.4422107 ], [ -79.9577418, 40.442167599999983 ], [ -79.9577793, 40.4421418 ], [ -79.9577982, 40.4421281 ], [ -79.9578173, 40.4421177 ], [ -79.9578395, 40.4421029 ], [ -79.958321900000016, 40.4417538 ], [ -79.9583217, 40.4417471 ], [ -79.9583213, 40.441735 ], [ -79.958102007652343, 40.441554713362379 ] ] } },
{ "type": "Feature", "properties": { "seg_id": "atwood-street-0511-01", "corridor": "Atwood Street", "walk_class": "sidewalk", "length_m": 104.51 }, "geometry": { "type": "LineString", "coordinates": [ [ -79.958102007652343, 40.441554713362379 ], [ -79.9579806, 40.4414549 ], [ -79.957932900000017, 40.4414156 ], [ -79.9578663, 40.4413608 ], [ -79.9576603, 40.4411914 ], [ -79.9576349, 40.4411812 ], [ -79.9575694, 40.4411304 ], [ -79.9575097, 40.4410839 ], [ -79.9575107, 40.441069 ], [ -79.957264222518447, 40.440872339750797 ] ] } },
{ "type": "Feature", "properties": { "seg_id": "atwood-street-0511-02", "corridor": "Atwood Street", "walk_class": "sidewalk", "length_m": 104.51 }, "geometry": { "type": "LineString", "coordinates": [ [ -79.957264222518447, 40.440872339750797 ], [ -79.957104, 40.4407445 ], [ -79.9568727, 40.4405653 ], [ -79.9568168, 40.4405193 ], [ -79.9567714, 40.4404819 ], [ -79.9564358, 40.4402084 ], [ -79.956413960845069, 40.440191031555919 ] ] } },
{ "type": "Feature", "properties": { "seg_id": "atwood-street-0511-03", "corridor": "Atwood Street", "walk_class": "sidewalk", "length_m": 104.51 }, "geometry": { "type": "LineString", "coordinates": [ [ -79.956413960845069, 40.440191031555919 ], [ -79.9561979, 40.4400192 ], [ -79.9557962, 40.4396997 ], [ -79.9557525, 40.4396649 ], [ -79.955560368104074, 40.439512082590312 ] ] } },
{ "type": "Feature", "properties": { "seg_id": "atwood-street-0511-04", "corridor": "Atwood Street", "walk_class": "sidewalk", "length_m": 104.51 }, "geometry": { "type": "LineString", "coordinates": [ [ -79.955560368104074, 40.439512082590312 ], [ -79.9554192, 40.4393998 ], [ -79.9547919, 40.4388828 ], [ -79.954719246230724, 40.43882414366788 ] ] } },
{ "type": "Feature", "properties": { "seg_id": "atwood-street-0511-05", "corridor": "Atwood Street", "walk_class": "sidewalk", "length_m": 104.51 }, "geometry": { "type": "LineString", "coordinates": [ [ -79.954719246230724, 40.43882414366788 ], [ -79.9542801, 40.4384696 ], [ -79.9539628, 40.4382146 ], [ -79.9539471, 40.438208699999983 ], [ -79.9539233, 40.4382178 ], [ -79.95386896951841, 40.438271334461355 ] ] } },
{ "type": "Feature", "properties": { "seg_id": "atwood-street-0511-06", "corridor": "Bates Street", "walk_class": "sidewalk", "length_m": 104.51 }, "geometry": { "type": "LineString", "coordinates": [ [ -79.95386896951841, 40.438271334461355 ], [ -79.9534867, 40.438648 ], [ -79.9534795, 40.4386655 ], [ -79.9534672, 40.4386736 ], [ -79.95343050000001, 40.4387067 ], [ -79.953391, 40.4387423 ], [ -79.9533838, 40.4387491 ], [ -79.9531133, 40.4390128 ], [ -79.953113128845786, 40.439012966808377 ] ] } },
{ "type": "Feature", "properties": { "seg_id": "atwood-street-0511-07", "corridor": "Bates Street", "walk_class": "sidewalk", "length_m": 104.51 }, "geometry": { "type": "LineString", "coordinates": [ [ -79.953113128845786, 40.439012966808377 ], [ -79.9529046, 40.4392162 ], [ -79.9527022, 40.4394185 ], [ -79.9524587, 40.4396741 ], [ -79.9524456, 40.4396759 ], [ -79.9524117, 40.4397105 ], [ -79.9523747, 40.4397483 ], [ -79.9523648, 40.4397574 ] ] } },
{ "type": "Feature", "properties": { "seg_id": "service-0512-00", "corridor": null, "walk_class": "service", "length_m": 111.52 }, "geometry": { "type": "LineString", "coordinates": [ [ -79.9583994, 40.4363651 ], [ -79.9581313, 40.4361142 ], [ -79.9576083, 40.4361221 ], [ -79.9575173, 40.4361235 ], [ -79.9573653, 40.4360477 ], [ -79.9573259, 40.436029099999985 ], [ -79.9572895, 40.4360042 ] ] } },
{ "type": "Feature", "properties": { "seg_id": "forbes-avenue-0513-00", "corridor": "Forbes Avenue", "walk_class": "sidewalk", "length_m": 13.37 }, "geometry": { "type": "LineString", "coordinates": [ [ -79.9582085, 40.4405688 ], [ -79.9582672, 40.4405279 ], [ -79.95832510000001, 40.4404877 ] ] } },
{ "type": "Feature", "properties": { "seg_id": "service-0514-00", "corridor": null, "walk_class": "service", "length_m": 40.31 }, "geometry": { "type": "LineString", "coordinates": [ [ -79.958308, 40.4388642 ], [ -79.958239100000014, 40.4389133 ], [ -79.9579605, 40.4391119 ] ] } },
{ "type": "Feature", "properties": { "seg_id": "ewart-drive-0515-00", "corridor": "Ewart Drive", "walk_class": "steps", "length_m": 35.33 }, "geometry": { "type": "LineString", "coordinates": [ [ -79.9581241, 40.4502509 ], [ -79.958026, 40.4502404 ], [ -79.9580083, 40.4502363 ], [ -79.9578895, 40.450446 ] ] } },
{ "type": "Feature", "properties": { "seg_id": "sidewalk-0516-00", "corridor": null, "walk_class": "sidewalk", "length_m": 16.66 }, "geometry": { "type": "LineString", "coordinates": [ [ -79.9581346, 40.4360089 ], [ -79.9581675, 40.4360136 ], [ -79.9582413, 40.4360128 ], [ -79.9583182, 40.4360119 ], [ -79.9583304, 40.4360118 ] ] } },
{ "type": "Feature", "properties": { "seg_id": "camp-street-0517-00", "corridor": "Camp Street", "walk_class": "sidewalk", "length_m": 11.43 }, "geometry": { "type": "LineString", "coordinates": [ [ -79.9580413, 40.4533126 ], [ -79.9580373, 40.4533193 ], [ -79.9580139, 40.453357299999986 ], [ -79.9579898, 40.4533964 ], [ -79.9579836, 40.4534056 ] ] } },
{ "type": "Feature", "properties": { "seg_id": "fifth-avenue-0518-00", "corridor": "Fifth Avenue", "walk_class": "sidewalk", "length_m": 30.55 }, "geometry": { "type": "LineString", "coordinates": [ [ -79.9581948, 40.4421546 ], [ -79.9581773, 40.4421676 ], [ -79.9581403, 40.4421917 ], [ -79.958110100000013, 40.442209199999986 ], [ -79.9580319, 40.442246 ], [ -79.9579903, 40.4422755 ], [ -79.9579249, 40.442316 ], [ -79.9579252, 40.4423286 ] ] } },
{ "type": "Feature", "properties": { "seg_id": "thackeray-street-0519-00", "corridor": "Thackeray Street", "walk_class": "sidewalk", "length_m": 14.9 }, "geometry": { "type": "LineString", "coordinates": [ [ -79.9580362, 40.4444302 ], [ -79.9580763, 40.4444682 ], [ -79.9581442, 40.4445209 ], [ -79.9581546, 40.4445292 ] ] } },
{ "type": "Feature", "properties": { "seg_id": "service-0520-00", "corridor": null, "walk_class": "service", "length_m": 29.32 }, "geometry": { "type": "LineString", "coordinates": [ [ -79.957974, 40.4395318 ], [ -79.9580281, 40.4394945 ], [ -79.9582305, 40.4393547 ] ] } },
{ "type": "Feature", "properties": { "seg_id": "camp-street-0521-00", "corridor": "Camp Street", "walk_class": "sidewalk", "length_m": 123.13 }, "geometry": { "type": "LineString", "coordinates": [ [ -79.9580115, 40.4534198 ], [ -79.9578675, 40.4537073 ], [ -79.9578473, 40.4537415 ], [ -79.9578328, 40.453766199999983 ], [ -79.9574813, 40.454422 ], [ -79.9574605, 40.4544452 ] ] } },
{ "type": "Feature", "properties": { "seg_id": "parkman-avenue-0522-00", "corridor": "Lytton Avenue", "walk_class": "sidewalk", "length_m": 98.41 }, "geometry": { "type": "LineString", "coordinates": [ [ -79.957452700000019, 40.4477947 ], [ -79.9574393, 40.4477908 ], [ -79.9574262, 40.447783199999989 ], [ -79.956649894289797, 40.447156302325489 ] ] } },
{ "type": "Feature", "properties": { "seg_id": "parkman-avenue-0522-01", "corridor": "Lytton Avenue", "walk_class": "sidewalk", "length_m": 98.41 }, "geometry": { "type": "LineString", "coordinates": [ [ -79.956649894289797, 40.447156302325489 ], [ -79.955852444565892, 40.446512312587814 ] ] } },
{ "type": "Feature", "properties": { "seg_id": "parkman-avenue-0522-02", "corridor": "Bigelow Boulevard", "walk_class": "sidewalk", "length_m": 98.41 }, "geometry": { "type": "LineString", "coordinates": [ [ -79.955852444565892, 40.446512312587814 ], [ -79.9556522, 40.4463506 ], [ -79.9556488, 40.4463417 ], [ -79.9556504, 40.4463351 ], [ -79.955656, 40.4463311 ], [ -79.956138, 40.4459824 ], [ -79.95626616998841, 40.445889594837936 ] ] } },
{ "type": "Feature", "properties": { "seg_id": "parkman-avenue-0522-03", "corridor": "Parkman Avenue", "walk_class": "sidewalk", "length_m": 98.41 }, "geometry": { "type": "LineString", "coordinates": [ [ -79.95626616998841, 40.445889594837936 ], [ -79.9563145, 40.4458546 ], [ -79.9563641, 40.4458188 ], [ -79.9563775, 40.4458119 ], [ -79.9563926, 40.445810100000017 ], [ -79.9564016, 40.4458106 ], [ -79.95641, 40.4458134 ], [ -79.9565653, 40.4459401 ], [ -79.9568456, 40.4461681 ], [ -79.9569644, 40.4462614 ], [ -79.957080445429625, 40.44635516534413 ] ] } },
{ "type": "Feature", "properties": { "seg_id": "parkman-avenue-0522-04", "corridor": "Parkman Avenue", "walk_class": "sidewalk", "length_m": 98.41 }, "geometry": { "type": "LineString", "coordinates": [ [ -79.957080445429625, 40.44635516534413 ], [ -79.957877669783542, 40.446999316877005 ] ] } },
{ "type": "Feature", "properties": { "seg_id": "parkman-avenue-0522-05", "corridor": "Parkman Avenue", "walk_class": "sidewalk", "length_m": 98.41 }, "geometry": { "type": "LineString", "coordinates": [ [ -79.957877669783542, 40.446999316877005 ], [ -79.9580555, 40.447143 ], [ -79.9580703, 40.4471604 ], [ -79.9580897, 40.4471859 ], [ -79.9580971, 40.4472058 ], [ -79.9581032, 40.4472379 ], [ -79.9581052, 40.4472726 ], [ -79.9580995, 40.4472979 ], [ -79.9580874, 40.4473219 ], [ -79.9580733, 40.4473451 ], [ -79.9580502, 40.4473709 ], [ -79.958023700000012, 40.4473908 ], [ -79.957956, 40.4474423 ], [ -79.957633838741287, 40.447678397613764 ] ] } },
{ "type": "Feature", "properties": { "seg_id": "parkman-avenue-0522-06", "corridor": "Parkman Avenue", "walk_class": "sidewalk", "length_m": 98.41 }, "geometry": { "type": "LineString", "coordinates": [ [ -79.957633838741287, 40.447678397613764 ], [ -79.9574836, 40.4477885 ], [ -79.9574722, 40.4477931 ], [ -79.957452700000019, 40.4477947 ], [ -79.9574406, 40.4478026 ], [ -79.957382, 40.4478396 ], [ -79.9573491, 40.4478605 ], [ -79.9573401, 40.4478679 ], [ -79.9573404, 40.4478771 ], [ -79.9573367, 40.4478883 ], [ -79.9573263, 40.4478995 ], [ -79.956798938241633, 40.448281374275624 ] ] } },
{ "type": "Feature", "properties": { "seg_id": "parkman-avenue-0522-07", "corridor": "Parkman Avenue", "walk_class": "sidewalk", "length_m": 98.41 }, "geometry": { "type": "LineString", "coordinates": [ [ -79.956798938241633, 40.448281374275624 ], [ -79.9567148, 40.448342299999986 ], [ -79.9567027, 40.4483454 ], [ -79.9566923, 40.4483552 ], [ -79.9566439, 40.4483906 ], [ -79.9566071, 40.4484175 ], [ -79.9565971, 40.4484203 ], [ -79.9565931, 40.4484279 ], [ -79.956585, 40.4484371 ], [ -79.955959009776976, 40.448889136544025 ] ] } },
{ "type": "Feature", "properties": { "seg_id": "parkman-avenue-0522-08", "corridor": "Bigelow Boulevard", "walk_class": "sidewalk", "length_m": 98.41 }, "geometry": { "type": "LineString", "coordinates": [ [ -79.955959009776976, 40.448889136544025 ], [ -79.9558239, 40.4489867 ], [ -79.955664, 40.4491058 ], [ -79.9556486, 40.4491117 ], [ -79.9556372, 40.4491107 ], [ -79.955632, 40.4491089 ], [ -79.9556258, 40.44910680000001 ], [ -79.9556147, 40.4490933 ], [ -79.9555832, 40.4490482 ], [ -79.9555266, 40.4489744 ], [ -79.9554665, 40.4489152 ], [ -79.955358600000011, 40.448828 ], [ -79.955182926169144, 40.448686685253094 ] ] } },
{ "type": "Feature", "properties": { "seg_id": "parkman-avenue-0522-09", "corridor": "Bigelow Boulevard", "walk_class": "sidewalk", "length_m": 98.41 }, "geometry": { "type": "LineString", "coordinates": [ [ -79.955182926169144, 40.448686685253094 ], [ -79.9548473, 40.448416699999989 ], [ -79.954382841902913, 40.448044593511241 ] ] } },
{ "type": "Feature", "properties": { "seg_id": "parkman-avenue-0522-10", "corridor": "Bigelow Boulevard", "walk_class": "sidewalk", "length_m": 98.41 }, "geometry": { "type": "LineString", "coordinates": [ [ -79.954382841902913, 40.448044593511241 ], [ -79.95411, 40.447826 ], [ -79.9538871, 40.4476413 ], [ -79.9538845, 40.4476298 ], [ -79.9538901, 40.4476166 ], [ -79.95389950000002, 40.4476053 ], [ -79.9540416, 40.4475048 ], [ -79.954178358633101, 40.44740229887509 ] ] } },
{ "type": "Feature", "properties": { "seg_id": "parkman-avenue-0522-11", "corridor": "Bigelow Boulevard", "walk_class": "sidewalk", "length_m": 98.41 }, "geometry": { "type": "LineString", "coordinates": [ [ -79.954178358633101, 40.44740229887509 ], [ -79.9547578, 40.446968 ], [ -79.9547718, 40.44696050000001 ], [ -79.9547853, 40.4469588 ], [ -79.954796, 40.4469608 ], [ -79.955007033293171, 40.447130984466014 ] ] } },
{ "type": "Feature", "properties": { "seg_id": "parkman-avenue-0522-12", "corridor": "Tennyson Avenue", "walk_class": "sidewalk", "length_m": 98.41 }, "geometry": { "type": "LineString", "coordinates": [ [ -79.955007033293171, 40.447130984466014 ], [ -79.955805081308995, 40.447774546518595 ] ] } },
{ "type": "Feature", "properties": { "seg_id": "parkman-avenue-0522-13", "corridor": "Tennyson Avenue", "walk_class": "sidewalk", "length_m": 98.41 }, "geometry": { "type": "LineString", "coordinates": [ [ -79.955805081308995, 40.447774546518595 ], [ -79.9565957, 40.4484121 ], [ -79.9565971, 40.4484203 ] ] } },
{ "type": "Feature", "properties": { "seg_id": "louisa-street-0523-00", "corridor": "Louisa Street", "walk_class": "sidewalk", "length_m": 56.95 }, "geometry": { "type": "LineString", "coordinates": [ [ -79.9577067, 40.4384867 ], [ -79.9577154, 40.4384716 ], [ -79.9577691, 40.4384313 ], [ -79.9578102, 40.4384004 ], [ -79.9578331, 40.4383946 ], [ -79.9581906, 40.4381355 ] ] } },
{ "type": "Feature", "properties": { "seg_id": "service-0524-00", "corridor": null, "walk_class": "service", "length_m": 32.38 }, "geometry": { "type": "LineString", "coordinates": [ [ -79.9578699, 40.4394487 ], [ -79.9579249, 40.439412 ], [ -79.9581574, 40.4392568 ] ] } },
{ "type": "Feature", "properties": { "seg_id": "steps-0525-00", "corridor": null, "walk_class": "steps", "length_m": 33.88 }, "geometry": { "type": "LineString", "coordinates": [ [ -79.9577615, 40.444048 ], [ -79.9578138, 40.4440177 ], [ -79.9578447, 40.4440002 ], [ -79.9580575, 40.4438437 ] ] } },
{ "type": "Feature", "properties": { "seg_id": "service-0526-00", "corridor": null, "walk_class": "service", "length_m": 48.77 }, "geometry": { "type": "LineString", "coordinates": [ [ -79.957941, 40.451111300000015 ], [ -79.9579139, 40.4511459 ], [ -79.9578215, 40.4512085 ], [ -79.9575052, 40.4511083 ], [ -79.9574531, 40.4510917 ] ] } },
{ "type": "Feature", "properties": { "seg_id": "service-0527-00", "corridor": null, "walk_class": "service", "length_m": 70.53 }, "geometry": { "type": "LineString", "coordinates": [ [ -79.957627, 40.4447983 ], [ -79.9576985, 40.4448556 ], [ -79.9578022, 40.4449387 ], [ -79.9580349, 40.4447804 ], [ -79.9579314, 40.4446898 ], [ -79.9578599, 40.4446272 ] ] } },
{ "type": "Feature", "properties": { "seg_id": "rampart-street-0528-00", "corridor": "Iowa Street", "walk_class": "street", "length_m": 77.57 }, "geometry": { "type": "LineString", "coordinates": [ [ -79.9578873, 40.453754299999986 ], [ -79.9578473, 40.4537415 ], [ -79.957040938165804, 40.453489277781969 ] ] } },
{ "type": "Feature", "properties": { "seg_id": "rampart-street-0528-01", "corridor": "Iowa Street", "walk_class": "street", "length_m": 77.57 }, "geometry": { "type": "LineString", "coordinates": [ [ -79.957040938165804, 40.453489277781969 ], [ -79.9570084, 40.45347910000001 ], [ -79.9568327, 40.4534056 ], [ -79.9565675, 40.453264 ], [ -79.9562449, 40.4531496 ] ] } },
{ "type": "Feature", "properties": { "seg_id": "university-place-0529-00", "corridor": "University Place", "walk_class": "sidewalk", "length_m": 98.78 }, "geometry": { "type": "LineString", "coordinates": [ [ -79.9574194, 40.4450541 ], [ -79.9573378, 40.4450108 ], [ -79.9572734, 40.4449766 ], [ -79.95726, 40.4449775 ], [ -79.956715, 40.4445334 ], [ -79.956593953140796, 40.444435150674622 ] ] } },
{ "type": "Feature", "properties": { "seg_id": "university-place-0529-01", "corridor": "University Place", "walk_class": "sidewalk", "length_m": 98.78 }, "geometry": { "type": "LineString", "coordinates": [ [ -79.956593953140796, 40.444435150674622 ], [ -79.9558755, 40.443852 ], [ -79.9558739, 40.4438507 ], [ -79.9558663, 40.4438376 ], [ -79.9558636, 40.4438246 ], [ -79.9558708, 40.4438029 ], [ -79.955906688774618, 40.443777635661228 ] ] } },
{ "type": "Feature", "properties": { "seg_id": "university-place-0529-02", "corridor": "Fifth Avenue", "walk_class": "sidewalk", "length_m": 98.78 }, "geometry": { "type": "LineString", "coordinates": [ [ -79.955906688774618, 40.443777635661228 ], [ -79.9561961, 40.4435739 ], [ -79.9565432, 40.4433054 ], [ -79.956567, 40.443287 ], [ -79.9565843, 40.4432827 ], [ -79.9566034, 40.4432846 ], [ -79.9566226, 40.4432941 ], [ -79.956750431129763, 40.443394109973134 ] ] } },
{ "type": "Feature", "properties": { "seg_id": "university-place-0529-03", "corridor": "Thackeray Street", "walk_class": "sidewalk", "length_m": 98.78 }, "geometry": { "type": "LineString", "coordinates": [ [ -79.956750431129763, 40.443394109973134 ], [ -79.9571032, 40.4436701 ], [ -79.9571234, 40.4436858 ], [ -79.9572439, 40.4437829 ], [ -79.957557644382291, 40.44403547644476 ] ] } },
{ "type": "Feature", "properties": { "seg_id": "university-place-0529-04", "corridor": "Thackeray Street", "walk_class": "sidewalk", "length_m": 98.78 }, "geometry": { "type": "LineString", "coordinates": [ [ -79.957557644382291, 40.44403547644476 ], [ -79.9577045, 40.4441537 ], [ -79.958025, 40.4444118 ], [ -79.9580282, 40.4444225 ], [ -79.9580274, 40.4444304 ], [ -79.958022500000013, 40.444438099999985 ], [ -79.9580152, 40.4444454 ], [ -79.957698416196592, 40.444676136738629 ] ] } },
{ "type": "Feature", "properties": { "seg_id": "university-place-0529-05", "corridor": "O'Hara Street", "walk_class": "sidewalk", "length_m": 98.78 }, "geometry": { "type": "LineString", "coordinates": [ [ -79.957698416196592, 40.444676136738629 ], [ -79.9575517, 40.444783 ], [ -79.9572873, 40.4449756 ], [ -79.9572734, 40.4449766 ], [ -79.9572174, 40.4450164 ], [ -79.9571593, 40.4450578 ], [ -79.9571593, 40.4450661 ], [ -79.956857516771009, 40.445284710765272 ] ] } },
{ "type": "Feature", "properties": { "seg_id": "university-place-0529-06", "corridor": "O'Hara Street", "walk_class": "sidewalk", "length_m": 98.78 }, "geometry": { "type": "LineString", "coordinates": [ [ -79.956857516771009, 40.445284710765272 ], [ -79.956852700000013, 40.4452882 ], [ -79.9565436, 40.4455145 ], [ -79.9564152, 40.4456091 ], [ -79.9563975, 40.4456092 ], [ -79.956382, 40.4456036 ], [ -79.9561272, 40.4453955 ], [ -79.9560744, 40.4453524 ], [ -79.956029015469966, 40.445315330197502 ] ] } },
{ "type": "Feature", "properties": { "seg_id": "university-place-0529-07", "corridor": "Bigelow Boulevard", "walk_class": "sidewalk", "length_m": 98.78 }, "geometry": { "type": "LineString", "coordinates": [ [ -79.956029015469966, 40.445315330197502 ], [ -79.956022, 40.4453096 ], [ -79.9557343, 40.4450641 ], [ -79.9555184, 40.444891 ], [ -79.955235798644608, 40.444663938490017 ] ] } },
{ "type": "Feature", "properties": { "seg_id": "university-place-0529-08", "corridor": "Fifth Avenue", "walk_class": "sidewalk", "length_m": 98.78 }, "geometry": { "type": "LineString", "coordinates": [ [ -79.955235798644608, 40.444663938490017 ], [ -79.9549943, 40.444469899999987 ], [ -79.9549806, 40.4444561 ], [ -79.9549812, 40.4444392 ], [ -79.9549903, 40.4444256 ], [ -79.9553085, 40.4442047 ], [ -79.9554049, 40.4441363 ], [ -79.955542196961218, 40.444038305229178 ] ] } },
{ "type": "Feature", "properties": { "seg_id": "university-place-0529-09", "corridor": "University Place", "walk_class": "sidewalk", "length_m": 98.78 }, "geometry": { "type": "LineString", "coordinates": [ [ -79.955542196961218, 40.444038305229178 ], [ -79.9556159, 40.4439857 ], [ -79.9556573, 40.4439541 ], [ -79.955694, 40.4439261 ], [ -79.9557102, 40.4439184 ], [ -79.9557311, 40.4439133 ], [ -79.955745600000014, 40.4439163 ], [ -79.955757, 40.4439228 ], [ -79.9557942, 40.4439518 ], [ -79.9560781, 40.4441754 ], [ -79.9560985, 40.444192599999987 ], [ -79.9561549, 40.444240200000017 ], [ -79.956367446712733, 40.444410312736565 ] ] } },
{ "type": "Feature", "properties": { "seg_id": "university-place-0529-10", "corridor": "University Place", "walk_class": "sidewalk", "length_m": 98.78 }, "geometry": { "type": "LineString", "coordinates": [ [ -79.956367446712733, 40.444410312736565 ], [ -79.956495, 40.4445124 ], [ -79.9567198, 40.4446918 ], [ -79.9570021, 40.4449171 ], [ -79.9570208, 40.4449324 ], [ -79.957053, 40.4449586 ], [ -79.9571593, 40.4450444 ], [ -79.9571593, 40.4450578 ] ] } },
{ "type": "Feature", "properties": { "seg_id": "service-0530-00", "corridor": null, "walk_class": "service", "length_m": 58.1 }, "geometry": { "type": "LineString", "coordinates": [ [ -79.9576053, 40.4399943 ], [ -79.9576578, 40.4399539 ], [ -79.9576791, 40.4399375 ], [ -79.9580555, 40.4396665 ], [ -79.9581014, 40.4396334 ] ] } },
{ "type": "Feature", "properties": { "seg_id": "sidewalk-0531-00", "corridor": null, "walk_class": "sidewalk", "length_m": 46.35 }, "geometry": { "type": "LineString", "coordinates": [ [ -79.9576963, 40.4399842 ], [ -79.9580919, 40.4396961 ] ] } },
{ "type": "Feature", "properties": { "seg_id": "service-0532-00", "corridor": null, "walk_class": "service", "length_m": 11.8 }, "geometry": { "type": "LineString", "coordinates": [ [ -79.9580338, 40.4414185 ], [ -79.9579806, 40.4414549 ], [ -79.9579301, 40.4414894 ] ] } },
{ "type": "Feature", "properties": { "seg_id": "service-0533-00", "corridor": null, "walk_class": "service", "length_m": 113.57 }, "geometry": { "type": "LineString", "coordinates": [ [ -79.9579725, 40.4428016 ], [ -79.9579178, 40.4428408 ], [ -79.9578962, 40.4428563 ], [ -79.9577792, 40.4429404 ], [ -79.957682, 40.4430101 ], [ -79.9576104, 40.4430615 ], [ -79.9572685, 40.4433069 ], [ -79.9571576, 40.4433865 ], [ -79.9570413, 40.44347 ], [ -79.9569966, 40.4435021 ] ] } },
{ "type": "Feature", "properties": { "seg_id": "sennott-street-0534-00", "corridor": "Sennott Street", "walk_class": "sidewalk", "length_m": 46.66 }, "geometry": { "type": "LineString", "coordinates": [ [ -79.9576155, 40.4399206 ], [ -79.9576387, 40.4399152 ], [ -79.95802, 40.4396385 ] ] } },
{ "type": "Feature", "properties": { "seg_id": "service-0535-00", "corridor": null, "walk_class": "service", "length_m": 11.47 }, "geometry": { "type": "LineString", "coordinates": [ [ -79.9579829, 40.4413793 ], [ -79.957932900000017, 40.4414156 ], [ -79.9578848, 40.4414504 ] ] } },
{ "type": "Feature", "properties": { "seg_id": "oakland-avenue-0536-00", "corridor": "Oakland Avenue", "walk_class": "sidewalk", "length_m": 24.2 }, "geometry": { "type": "LineString", "coordinates": [ [ -79.9576718, 40.4422162 ], [ -79.9576854, 40.442219 ], [ -79.9578068, 40.44227260000001 ], [ -79.9579249, 40.442316 ] ] } },
{ "type": "Feature", "properties": { "seg_id": "bryn-mawr-road-0537-00", "corridor": "Bryn Mawr Road", "walk_class": "sidewalk", "length_m": 54.58 }, "geometry": { "type": "LineString", "coordinates": [ [ -79.9575468, 40.4494325 ], [ -79.9578013, 40.4489809 ] ] } },
{ "type": "Feature", "properties": { "seg_id": "service-0538-00", "corridor": null, "walk_class": "service", "length_m": 49.19 }, "geometry": { "type": "LineString", "coordinates": [ [ -79.9579134, 40.4413258 ], [ -79.9578663, 40.4413608 ], [ -79.9574975, 40.4416346 ] ] } },
{ "type": "Feature", "properties": { "seg_id": "service-0539-00", "corridor": null, "walk_class": "service", "length_m": 10.33 }, "geometry": { "type": "LineString", "coordinates": [ [ -79.957918, 40.4402463 ], [ -79.957866600000017, 40.440284499999983 ], [ -79.957830800000011, 40.4403112 ] ] } },
{ "type": "Feature", "properties": { "seg_id": "sidewalk-0540-00", "corridor": null, "walk_class": "sidewalk", "length_m": 14.33 }, "geometry": { "type": "LineString", "coordinates": [ [ -79.957685, 40.454480599999989 ], [ -79.9575311, 40.4544272 ] ] } },
{ "type": "Feature", "properties": { "seg_id": "steps-0541-00", "corridor": null, "walk_class": "steps", "length_m": 12.17 }, "geometry": { "type": "LineString", "coordinates": [ [ -79.9578447, 40.4440002 ], [ -79.9578172, 40.4439824 ], [ -79.9578094, 40.4439805 ], [ -79.9577984, 40.4439813 ], [ -79.9577733, 40.443993399999989 ], [ -79.9577238, 40.4440173 ] ] } },
{ "type": "Feature", "properties": { "seg_id": "service-0542-00", "corridor": null, "walk_class": "service", "length_m": 0.62 }, "geometry": { "type": "LineString", "coordinates": [ [ -79.957886700000017, 40.4401418 ], [ -79.9578922, 40.4401455 ] ] } },
{ "type": "Feature", "properties": { "seg_id": "service-0543-00", "corridor": null, "walk_class": "service", "length_m": 6.06 }, "geometry": { "type": "LineString", "coordinates": [ [ -79.9578366, 40.4401807 ], [ -79.957886700000017, 40.4401418 ] ] } },
{ "type": "Feature", "properties": { "seg_id": "service-0544-00", "corridor": null, "walk_class": "service", "length_m": 57.95 }, "geometry": { "type": "LineString", "coordinates": [ [ -79.9573321, 40.4464825 ], [ -79.9573791, 40.446452 ], [ -79.9574216, 40.446421899999983 ], [ -79.9574588, 40.44635610000001 ], [ -79.9575084, 40.4462995 ], [ -79.9575774, 40.4462464 ], [ -79.9577854, 40.4461 ] ] } },
{ "type": "Feature", "properties": { "seg_id": "service-0545-00", "corridor": null, "walk_class": "service", "length_m": 20.32 }, "geometry": { "type": "LineString", "coordinates": [ [ -79.9578895, 40.438528 ], [ -79.9578213, 40.4385774 ], [ -79.9577153, 40.4386537 ] ] } },
{ "type": "Feature", "properties": { "seg_id": "service-0546-00", "corridor": null, "walk_class": "service", "length_m": 10.34 }, "geometry": { "type": "LineString", "coordinates": [ [ -79.95786, 40.4401995 ], [ -79.9578091, 40.4402371 ], [ -79.9577724, 40.44026430000001 ] ] } },
{ "type": "Feature", "properties": { "seg_id": "service-0547-00", "corridor": null, "walk_class": "service", "length_m": 29.7 }, "geometry": { "type": "LineString", "coordinates": [ [ -79.9577792, 40.4429404 ], [ -79.957515, 40.4427648 ] ] } },
{ "type": "Feature", "properties": { "seg_id": "service-0548-00", "corridor": null, "walk_class": "service", "length_m": 38.53 }, "geometry": { "type": "LineString", "coordinates": [ [ -79.957755700000021, 40.4441169 ], [ -79.9577045, 40.4441537 ], [ -79.9574247, 40.444354699999984 ] ] } },
{ "type": "Feature", "properties": { "seg_id": "service-0549-00", "corridor": null, "walk_class": "service", "length_m": 6.1 }, "geometry": { "type": "LineString", "coordinates": [ [ -79.9577937, 40.4400668 ], [ -79.9577363, 40.4400999 ] ] } },
{ "type": "Feature", "properties": { "seg_id": "service-0550-00", "corridor": null, "walk_class": "service", "length_m": 70.18 }, "geometry": { "type": "LineString", "coordinates": [ [ -79.9576104, 40.4430615 ], [ -79.9577345, 40.4431575 ], [ -79.9573984, 40.4434058 ], [ -79.9572685, 40.4433069 ] ] } },
{ "type": "Feature", "properties": { "seg_id": "service-0551-00", "corridor": null, "walk_class": "service", "length_m": 30.13 }, "geometry": { "type": "LineString", "coordinates": [ [ -79.9575133, 40.454461199999983 ], [ -79.9574605, 40.4544452 ], [ -79.9574237, 40.454434 ], [ -79.9572931, 40.4543361 ], [ -79.9573098, 40.4542795 ] ] } },
{ "type": "Feature", "properties": { "seg_id": "bryn-mawr-road-0552-00", "corridor": "Bryn Mawr Road", "walk_class": "sidewalk", "length_m": 144.11 }, "geometry": { "type": "LineString", "coordinates": [ [ -79.9570055, 40.4502159 ], [ -79.9570085, 40.4502033 ], [ -79.9575781, 40.4491765 ], [ -79.9575869, 40.4491597 ], [ -79.9575888, 40.449132799999987 ], [ -79.9575765, 40.4491234 ], [ -79.9575261, 40.4490799 ], [ -79.9574892, 40.449048 ], [ -79.957478400000014, 40.4490405 ] ] } },
{ "type": "Feature", "properties": { "seg_id": "service-0553-00", "corridor": null, "walk_class": "service", "length_m": 97.1 }, "geometry": { "type": "LineString", "coordinates": [ [ -79.9559169, 40.4369479 ], [ -79.9559837, 40.4369034 ], [ -79.9562985, 40.4366937 ], [ -79.9564128, 40.4365951 ], [ -79.956481400000015, 40.4365584 ], [ -79.956517, 40.436556499999988 ], [ -79.9565602, 40.4365719 ], [ -79.9565906, 40.4365893 ], [ -79.9566465, 40.4366338 ], [ -79.9566897, 40.4366725 ], [ -79.9567482, 40.4367382 ], [ -79.956754693381981, 40.436743690228198 ] ] } },
{ "type": "Feature", "properties": { "seg_id": "service-0553-01", "corridor": null, "walk_class": "service", "length_m": 97.1 }, "geometry": { "type": "LineString", "coordinates": [ [ -79.956754693381981, 40.436743690228198 ], [ -79.9569152, 40.436879399999988 ], [ -79.956979, 40.436947 ], [ -79.9569754, 40.4370055 ], [ -79.9571141, 40.437143699999986 ], [ -79.957453276338327, 40.437415672911555 ] ] } },
{ "type": "Feature", "properties": { "seg_id": "service-0553-02", "corridor": null, "walk_class": "service", "length_m": 97.1 }, "geometry": { "type": "LineString", "coordinates": [ [ -79.957453276338327, 40.437415672911555 ], [ -79.9577273, 40.4376354 ], [ -79.9577649, 40.4377144 ], [ -79.9573485, 40.4380082 ], [ -79.9572965, 40.4380448 ] ] } },
{ "type": "Feature", "properties": { "seg_id": "iowa-street-0554-00", "corridor": "Iowa Street", "walk_class": "sidewalk", "length_m": 49.98 }, "geometry": { "type": "LineString", "coordinates": [ [ -79.9575568, 40.4510303 ], [ -79.9575154, 40.451093 ], [ -79.9575052, 40.4511083 ], [ -79.9574947, 40.4511241 ], [ -79.9573207, 40.451442599999986 ] ] } },
{ "type": "Feature", "properties": { "seg_id": "oakland-avenue-0555-00", "corridor": "Oakland Avenue", "walk_class": "sidewalk", "length_m": 135.9 }, "geometry": { "type": "LineString", "coordinates": [ [ -79.9576733, 40.4422123 ], [ -79.9576709, 40.4422021 ], [ -79.9574166, 40.4419981 ], [ -79.957007, 40.4416694 ], [ -79.9569915, 40.4416587 ], [ -79.956976, 40.4416534 ], [ -79.9569658, 40.4416525 ], [ -79.9569583, 40.4416532 ], [ -79.9569446, 40.44166 ], [ -79.9569103, 40.441688 ], [ -79.9568794, 40.4417285 ], [ -79.9566703, 40.44188410000001 ], [ -79.9566474, 40.4418971 ], [ -79.9566208, 40.44190110000001 ], [ -79.9565949, 40.441910699999987 ], [ -79.9565684, 40.4419251 ], [ -79.9565591, 40.4419365 ], [ -79.9565602, 40.4419487 ] ] } },
{ "type": "Feature", "properties": { "seg_id": "fifth-avenue-0556-00", "corridor": "Fifth Avenue", "walk_class": "sidewalk", "length_m": 111.58 }, "geometry": { "type": "LineString", "coordinates": [ [ -79.9548007, 40.4442708 ], [ -79.955007800000018, 40.4441306 ], [ -79.9550372, 40.4441106 ], [ -79.9555162, 40.4437856 ], [ -79.9556033, 40.4437244 ], [ -79.9556228, 40.4437093 ], [ -79.955778348385209, 40.443598390695996 ] ] } },
{ "type": "Feature", "properties": { "seg_id": "fifth-avenue-0556-01", "corridor": "Fifth Avenue", "walk_class": "sidewalk", "length_m": 111.58 }, "geometry": { "type": "LineString", "coordinates": [ [ -79.955778348385209, 40.443598390695996 ], [ -79.956030500000011, 40.4434186 ], [ -79.956428, 40.4431353 ], [ -79.9565386, 40.4430565 ], [ -79.9565458, 40.4430514 ], [ -79.956735944795085, 40.442909291487972 ] ] } },
{ "type": "Feature", "properties": { "seg_id": "fifth-avenue-0556-02", "corridor": "Fifth Avenue", "walk_class": "sidewalk", "length_m": 111.58 }, "geometry": { "type": "LineString", "coordinates": [ [ -79.956735944795085, 40.442909291487972 ], [ -79.9572223, 40.4425458 ], [ -79.9572394, 40.44253290000001 ], [ -79.9572756, 40.4425077 ], [ -79.9572917, 40.4425106 ], [ -79.9573559, 40.44245810000001 ], [ -79.9573911, 40.4424304 ], [ -79.9573948, 40.4424159 ], [ -79.9576599, 40.4422278 ], [ -79.9576701, 40.4422207 ], [ -79.9576718, 40.4422162 ] ] } },
{ "type": "Feature", "properties": { "seg_id": "louisa-street-0557-00", "corridor": "Louisa Street", "walk_class": "sidewalk", "length_m": 14.63 }, "geometry": { "type": "LineString", "coordinates": [ [ -79.9575781, 40.438378299999982 ], [ -79.9575929, 40.4383704 ], [ -79.9576573, 40.4383406 ], [ -79.9577064, 40.4383179 ], [ -79.9577242, 40.4383084 ] ] } },
{ "type": "Feature", "properties": { "seg_id": "fifth-avenue-0558-00", "corridor": "Fifth Avenue", "walk_class": "sidewalk", "length_m": 18.03 }, "geometry": { "type": "LineString", "coordinates": [ [ -79.957498, 40.442618 ], [ -79.957562800000019, 40.4425732 ], [ -79.9575982, 40.4425488 ], [ -79.9576554, 40.4425088 ] ] } },
{ "type": "Feature", "properties": { "seg_id": "service-0559-00", "corridor": null, "walk_class": "service", "length_m": 24.7 }, "geometry": { "type": "LineString", "coordinates": [ [ -79.9577041, 40.4393165 ], [ -79.957661, 40.4393493 ], [ -79.9574978, 40.4394735 ] ] } },
{ "type": "Feature", "properties": { "seg_id": "service-0560-00", "corridor": null, "walk_class": "service", "length_m": 36.13 }, "geometry": { "type": "LineString", "coordinates": [ [ -79.9575959, 40.4448211 ], [ -79.9575517, 40.444783 ], [ -79.9573133, 40.4445775 ] ] } },
{ "type": "Feature", "properties": { "seg_id": "sennott-street-0561-00", "corridor": "Sennott Street", "walk_class": "sidewalk", "length_m": 112.09 }, "geometry": { "type": "LineString", "coordinates": [ [ -79.9556567, 40.4414487 ], [ -79.9557746, 40.4413636 ], [ -79.9558052, 40.4413387 ], [ -79.9558454, 40.4413091 ], [ -79.9562203, 40.4410391 ], [ -79.9562674, 40.4410029 ], [ -79.9563203, 40.4409622 ], [ -79.9565593, 40.4407905 ], [ -79.956612952986276, 40.440751946715203 ] ] } },
{ "type": "Feature", "properties": { "seg_id": "sennott-street-0561-01", "corridor": "Sennott Street", "walk_class": "sidewalk", "length_m": 112.09 }, "geometry": { "type": "LineString", "coordinates": [ [ -79.956612952986276, 40.440751946715203 ], [ -79.9568727, 40.4405653 ], [ -79.956915400000014, 40.4405332 ], [ -79.9569787, 40.4404855 ], [ -79.9569928, 40.4404777 ], [ -79.9570572, 40.4404305 ], [ -79.9570615, 40.4404274 ], [ -79.9572629, 40.440279499999988 ], [ -79.9575003, 40.44010990000001 ], [ -79.9575412, 40.4400807 ], [ -79.9575785, 40.440064 ] ] } },
{ "type": "Feature", "properties": { "seg_id": "semple-street-0562-00", "corridor": "Louisa Street", "walk_class": "sidewalk", "length_m": 107.23 }, "geometry": { "type": "LineString", "coordinates": [ [ -79.9575979, 40.4384046 ], [ -79.9575771, 40.4384268 ], [ -79.9571141, 40.438753 ], [ -79.9571108, 40.4387537 ], [ -79.9571074, 40.438754 ], [ -79.9571009, 40.4387523 ], [ -79.9570723, 40.4387276 ], [ -79.9569251, 40.4386086 ], [ -79.956700126889601, 40.438426728741362 ] ] } },
{ "type": "Feature", "properties": { "seg_id": "semple-street-0562-01", "corridor": "Semple Street", "walk_class": "sidewalk", "length_m": 107.23 }, "geometry": { "type": "LineString", "coordinates": [ [ -79.956700126889601, 40.438426728741362 ], [ -79.9565686, 40.4383204 ], [ -79.9562949, 40.4380978 ], [ -79.9561739, 40.4379994 ], [ -79.955834122499368, 40.437723002763718 ] ] } },
{ "type": "Feature", "properties": { "seg_id": "semple-street-0562-02", "corridor": "Semple Street", "walk_class": "sidewalk", "length_m": 107.23 }, "geometry": { "type": "LineString", "coordinates": [ [ -79.955834122499368, 40.437723002763718 ], [ -79.9557343, 40.4376418 ], [ -79.9550728, 40.4371088 ], [ -79.9550704, 40.4371056 ], [ -79.9550692, 40.4371018 ], [ -79.95506, 40.4370943 ], [ -79.9550179, 40.4370571 ], [ -79.9549779, 40.4370236 ], [ -79.9549718, 40.4370176 ] ] } },
{ "type": "Feature", "properties": { "seg_id": "iowa-street-0563-00", "corridor": "Iowa Street", "walk_class": "sidewalk", "length_m": 11.81 }, "geometry": { "type": "LineString", "coordinates": [ [ -79.9573512, 40.4514564 ], [ -79.9573468, 40.45146470000001 ], [ -79.9573149, 40.4514985 ], [ -79.9572803, 40.4515352 ], [ -79.9572763, 40.4515453 ] ] } },
{ "type": "Feature", "properties": { "seg_id": "adelaide-street-0564-00", "corridor": "Adelaide Street", "walk_class": "sidewalk", "length_m": 72.73 }, "geometry": { "type": "LineString", "coordinates": [ [ -79.9573138, 40.4530684 ], [ -79.9565315, 40.4527999 ] ] } },
{ "type": "Feature", "properties": { "seg_id": "service-0565-00", "corridor": null, "walk_class": "service", "length_m": 52.19 }, "geometry": { "type": "LineString", "coordinates": [ [ -79.9574748, 40.4419575 ], [ -79.9574166, 40.4419981 ], [ -79.9570737, 40.4422376 ], [ -79.9570206, 40.4422747 ] ] } },
{ "type": "Feature", "properties": { "seg_id": "service-0566-00", "corridor": null, "walk_class": "service", "length_m": 25.61 }, "geometry": { "type": "LineString", "coordinates": [ [ -79.9575136, 40.4391645 ], [ -79.9574709, 40.4391964 ], [ -79.9572977, 40.4393258 ] ] } },
{ "type": "Feature", "properties": { "seg_id": "south-bouquet-street-0567-00", "corridor": "South Bouquet Street", "walk_class": "sidewalk", "length_m": 19.64 }, "geometry": { "type": "LineString", "coordinates": [ [ -79.9572917, 40.4425106 ], [ -79.9573744, 40.4425824 ], [ -79.9574322, 40.4426276 ], [ -79.9574475, 40.4426414 ] ] } },
{ "type": "Feature", "properties": { "seg_id": "service-0568-00", "corridor": null, "walk_class": "service", "length_m": 34.2 }, "geometry": { "type": "LineString", "coordinates": [ [ -79.9572171, 40.4457538 ], [ -79.9572339, 40.4456821 ], [ -79.9573993, 40.4454837 ] ] } },
{ "type": "Feature", "properties": { "seg_id": "south-bouquet-street-0569-00", "corridor": "Sennott Street", "walk_class": "sidewalk", "length_m": 109.99 }, "geometry": { "type": "LineString", "coordinates": [ [ -79.9574667, 40.43997250000001 ], [ -79.9574538, 40.4399965 ], [ -79.9574077, 40.4400302 ], [ -79.9573979, 40.4400374 ], [ -79.9569679, 40.4403522 ], [ -79.9569626, 40.4403561 ], [ -79.9569066, 40.440397 ], [ -79.9568803, 40.4404043 ], [ -79.9568144, 40.4404512 ], [ -79.9567714, 40.4404819 ], [ -79.956534473025684, 40.440655425323961 ] ] } },
{ "type": "Feature", "properties": { "seg_id": "south-bouquet-street-0569-01", "corridor": "Sennott Street", "walk_class": "sidewalk", "length_m": 109.99 }, "geometry": { "type": "LineString", "coordinates": [ [ -79.956534473025684, 40.440655425323961 ], [ -79.9563439, 40.440795 ], [ -79.9562235, 40.4408832 ], [ -79.9561671, 40.4409229 ], [ -79.9561175, 40.4409578 ], [ -79.9557113, 40.4412577 ], [ -79.955598396501145, 40.441341110112752 ] ] } },
{ "type": "Feature", "properties": { "seg_id": "south-bouquet-street-0569-02", "corridor": "South Bouquet Street", "walk_class": "sidewalk", "length_m": 109.99 }, "geometry": { "type": "LineString", "coordinates": [ [ -79.955598396501145, 40.441341110112752 ], [ -79.9555532, 40.4413745 ], [ -79.9555408, 40.4413799 ], [ -79.9555316, 40.4413817 ], [ -79.9555279, 40.44138250000001 ], [ -79.9555154, 40.4413809 ], [ -79.9554097, 40.4413219 ], [ -79.9547246, 40.4409392 ], [ -79.954551779841154, 40.440842665933111 ] ] } },
{ "type": "Feature", "properties": { "seg_id": "south-bouquet-street-0569-03", "corridor": "South Bouquet Street", "walk_class": "sidewalk", "length_m": 109.99 }, "geometry": { "type": "LineString", "coordinates": [ [ -79.954551779841154, 40.440842665933111 ], [ -79.9540828, 40.4405807 ], [ -79.9540541, 40.4405647 ], [ -79.9538107, 40.4404291 ], [ -79.953521, 40.4402678 ], [ -79.953504421020938, 40.440258409122926 ] ] } },
{ "type": "Feature", "properties": { "seg_id": "south-bouquet-street-0569-04", "corridor": "South Bouquet Street", "walk_class": "sidewalk", "length_m": 109.99 }, "geometry": { "type": "LineString", "coordinates": [ [ -79.953504421020938, 40.440258409122926 ], [ -79.9530717, 40.4400133 ], [ -79.9530581, 40.4400111 ], [ -79.9530226, 40.4399921 ], [ -79.9529842, 40.4399714 ], [ -79.952975200000012, 40.4399658 ], [ -79.9524587, 40.4396741 ] ] } },
{ "type": "Feature", "properties": { "seg_id": "tennyson-avenue-0570-00", "corridor": "Tennyson Avenue", "walk_class": "sidewalk", "length_m": 104.25 }, "geometry": { "type": "LineString", "coordinates": [ [ -79.9567027, 40.4483454 ], [ -79.9566933, 40.4483445 ], [ -79.9566846, 40.4483396 ], [ -79.955852813252207, 40.447669345250816 ] ] } },
{ "type": "Feature", "properties": { "seg_id": "tennyson-avenue-0570-01", "corridor": "Tennyson Avenue", "walk_class": "sidewalk", "length_m": 104.25 }, "geometry": { "type": "LineString", "coordinates": [ [ -79.955852813252207, 40.447669345250816 ], [ -79.955007088961281, 40.446987839964009 ] ] } },
{ "type": "Feature", "properties": { "seg_id": "tennyson-avenue-0570-02", "corridor": "Bigelow Boulevard", "walk_class": "sidewalk", "length_m": 104.25 }, "geometry": { "type": "LineString", "coordinates": [ [ -79.955007088961281, 40.446987839964009 ], [ -79.9549028, 40.4469038 ], [ -79.9548976, 40.4468974 ], [ -79.9548954, 40.44689 ], [ -79.9548987, 40.4468816 ], [ -79.9549093, 40.4468734 ], [ -79.9555266, 40.4464235 ], [ -79.9555393, 40.4464212 ], [ -79.9555499, 40.4464198 ], [ -79.9555574, 40.4464207 ], [ -79.9555722, 40.4464232 ], [ -79.955662339915165, 40.446496432141025 ] ] } },
{ "type": "Feature", "properties": { "seg_id": "tennyson-avenue-0570-03", "corridor": "Lytton Avenue", "walk_class": "sidewalk", "length_m": 104.25 }, "geometry": { "type": "LineString", "coordinates": [ [ -79.955662339915165, 40.446496432141025 ], [ -79.956504427741322, 40.447180556407744 ] ] } },
{ "type": "Feature", "properties": { "seg_id": "tennyson-avenue-0570-04", "corridor": "Lytton Avenue", "walk_class": "sidewalk", "length_m": 104.25 }, "geometry": { "type": "LineString", "coordinates": [ [ -79.956504427741322, 40.447180556407744 ], [ -79.9573313, 40.4478523 ], [ -79.9573401, 40.4478679 ] ] } },
{ "type": "Feature", "properties": { "seg_id": "forbes-avenue-0571-00", "corridor": "South Bouquet Street", "walk_class": "sidewalk", "length_m": 109.52 }, "geometry": { "type": "LineString", "coordinates": [ [ -79.9573948, 40.4424159 ], [ -79.9573789, 40.4424071 ], [ -79.957357, 40.4423951 ], [ -79.9570737, 40.4422376 ], [ -79.95687, 40.4421244 ], [ -79.9566444, 40.441999099999983 ], [ -79.9566392, 40.4419962 ], [ -79.9565996, 40.4419776 ], [ -79.9565688, 40.441957 ], [ -79.9565602, 40.4419487 ], [ -79.9565513, 40.4419483 ], [ -79.9565467, 40.4419512 ], [ -79.9564921, 40.4419887 ], [ -79.9564521, 40.4420171 ], [ -79.9564371, 40.4420285 ], [ -79.9564206, 40.4420357 ], [ -79.9563889, 40.4420604 ], [ -79.956378120657661, 40.442079741658773 ] ] } },
{ "type": "Feature", "properties": { "seg_id": "forbes-avenue-0571-01", "corridor": "Forbes Avenue", "walk_class": "sidewalk", "length_m": 109.52 }, "geometry": { "type": "LineString", "coordinates": [ [ -79.956378120657661, 40.442079741658773 ], [ -79.9563748, 40.4420857 ], [ -79.9563597, 40.4421011 ], [ -79.9561331, 40.4422695 ], [ -79.9558061, 40.442505 ], [ -79.9557495, 40.4425451 ], [ -79.955446925190117, 40.442762073798527 ] ] } },
{ "type": "Feature", "properties": { "seg_id": "forbes-avenue-0571-02", "corridor": "Forbes Avenue", "walk_class": "sidewalk", "length_m": 109.52 }, "geometry": { "type": "LineString", "coordinates": [ [ -79.955446925190117, 40.442762073798527 ], [ -79.9554236, 40.4427788 ], [ -79.9552894, 40.4428215 ], [ -79.9547625, 40.4429604 ], [ -79.9545558, 40.4430132 ], [ -79.954235568748871, 40.443097313866453 ] ] } },
{ "type": "Feature", "properties": { "seg_id": "forbes-avenue-0571-03", "corridor": "Bigelow Boulevard", "walk_class": "sidewalk", "length_m": 109.52 }, "geometry": { "type": "LineString", "coordinates": [ [ -79.954235568748871, 40.443097313866453 ], [ -79.9537997, 40.4432118 ], [ -79.9537446, 40.443238599999987 ], [ -79.9537271, 40.4432516 ], [ -79.9537148, 40.4432682 ], [ -79.953715, 40.4432833 ], [ -79.9537299, 40.4433147 ], [ -79.9537674, 40.4433758 ], [ -79.9538465, 40.4434843 ], [ -79.9539302, 40.4435609 ], [ -79.9540653, 40.4436542 ], [ -79.954121190429191, 40.443706767508374 ] ] } },
{ "type": "Feature", "properties": { "seg_id": "forbes-avenue-0571-04", "corridor": "Bigelow Boulevard", "walk_class": "sidewalk", "length_m": 109.52 }, "geometry": { "type": "LineString", "coordinates": [ [ -79.954121190429191, 40.443706767508374 ], [ -79.9542789, 40.4438551 ], [ -79.9545065, 40.4440289 ], [ -79.9546277, 40.444122899999989 ], [ -79.9547751, 40.4442696 ], [ -79.9548007, 40.4442708 ], [ -79.9548318, 40.4442858 ], [ -79.9548973, 40.4443416 ], [ -79.9549727, 40.4444122 ], [ -79.9549903, 40.4444256 ] ] } },
{ "type": "Feature", "properties": { "seg_id": "dakota-street-0572-00", "corridor": "Dakota Street", "walk_class": "sidewalk", "length_m": 105.36 }, "geometry": { "type": "LineString", "coordinates": [ [ -79.9551519, 40.4532534 ], [ -79.955655755417013, 40.452385837983073 ] ] } },
{ "type": "Feature", "properties": { "seg_id": "dakota-street-0572-01", "corridor": "Dakota Street", "walk_class": "sidewalk", "length_m": 105.36 }, "geometry": { "type": "LineString", "coordinates": [ [ -79.955655755417013, 40.452385837983073 ], [ -79.9556714, 40.4523589 ], [ -79.956403627963965, 40.451628932162855 ] ] } },
{ "type": "Feature", "properties": { "seg_id": "dakota-street-0572-02", "corridor": null, "walk_class": "sidewalk", "length_m": 105.36 }, "geometry": { "type": "LineString", "coordinates": [ [ -79.956403627963965, 40.451628932162855 ], [ -79.9567755, 40.4512582 ], [ -79.9567972, 40.4512498 ], [ -79.9571639, 40.45148420000001 ], [ -79.9571708, 40.4514981 ], [ -79.9572029, 40.4515211 ], [ -79.9572408, 40.4515483 ], [ -79.9572522, 40.4515532 ] ] } },
{ "type": "Feature", "properties": { "seg_id": "o-hara-street-0573-00", "corridor": "O'Hara Street", "walk_class": "sidewalk", "length_m": 77.41 }, "geometry": { "type": "LineString", "coordinates": [ [ -79.9573326, 40.4452719 ], [ -79.9573041, 40.4452496 ], [ -79.9572916, 40.4452591 ], [ -79.9572776, 40.4452701 ], [ -79.957051, 40.4454351 ], [ -79.956897700000013, 40.445548 ], [ -79.9569967, 40.445628 ], [ -79.9570275, 40.4456528 ], [ -79.9570479, 40.4456667 ], [ -79.957092, 40.4457285 ] ] } },
{ "type": "Feature", "properties": { "seg_id": "iowa-street-0574-00", "corridor": "Iowa Street", "walk_class": "sidewalk", "length_m": 96.39 }, "geometry": { "type": "LineString", "coordinates": [ [ -79.9561633, 40.4531817 ], [ -79.95662998082588, 40.452389996330616 ] ] } },
{ "type": "Feature", "properties": { "seg_id": "iowa-street-0574-01", "corridor": "Iowa Street", "walk_class": "sidewalk", "length_m": 96.39 }, "geometry": { "type": "LineString", "coordinates": [ [ -79.95662998082588, 40.452389996330616 ], [ -79.957096650537707, 40.451598290533404 ] ] } },
{ "type": "Feature", "properties": { "seg_id": "iowa-street-0574-02", "corridor": "Bryn Mawr Road", "walk_class": "sidewalk", "length_m": 96.39 }, "geometry": { "type": "LineString", "coordinates": [ [ -79.957096650537707, 40.451598290533404 ], [ -79.9571639, 40.45148420000001 ], [ -79.9571674, 40.4514733 ], [ -79.9571851, 40.4514403 ], [ -79.9572103, 40.4513934 ], [ -79.9572073, 40.4513837 ], [ -79.9568574, 40.4511759 ], [ -79.9568534, 40.4511552 ], [ -79.956853900000013, 40.4511294 ], [ -79.956923956594096, 40.450884890794782 ] ] } },
{ "type": "Feature", "properties": { "seg_id": "iowa-street-0574-03", "corridor": "Bryn Mawr Road", "walk_class": "sidewalk", "length_m": 96.39 }, "geometry": { "type": "LineString", "coordinates": [ [ -79.956923956594096, 40.450884890794782 ], [ -79.9571142, 40.4502209 ], [ -79.9572093, 40.4500469 ] ] } },
{ "type": "Feature", "properties": { "seg_id": "university-place-0575-00", "corridor": "University Place", "walk_class": "steps", "length_m": 8.51 }, "geometry": { "type": "LineString", "coordinates": [ [ -79.9572224, 40.4452036 ], [ -79.9572916, 40.4452591 ] ] } },
{ "type": "Feature", "properties": { "seg_id": "university-place-0576-00", "corridor": "University Place", "walk_class": "steps", "length_m": 8.54 }, "geometry": { "type": "LineString", "coordinates": [ [ -79.9572086, 40.4452141 ], [ -79.9572776, 40.4452701 ] ] } },
{ "type": "Feature", "properties": { "seg_id": "service-0577-00", "corridor": null, "walk_class": "service", "length_m": 90.03 }, "geometry": { "type": "LineString", "coordinates": [ [ -79.9572971, 40.4437456 ], [ -79.9572439, 40.4437829 ], [ -79.9571313, 40.4438619 ], [ -79.9569807, 40.4439676 ], [ -79.9571209, 40.4440931 ], [ -79.9572688, 40.443977 ], [ -79.9571313, 40.4438619 ] ] } },
{ "type": "Feature", "properties": { "seg_id": "sidewalk-0578-00", "corridor": null, "walk_class": "sidewalk", "length_m": 44.84 }, "geometry": { "type": "LineString", "coordinates": [ [ -79.9570121, 40.436302499999989 ], [ -79.9573284, 40.436071299999988 ], [ -79.9573653, 40.4360477 ], [ -79.9573981, 40.4360267 ] ] } },
{ "type": "Feature", "properties": { "seg_id": "service-0579-00", "corridor": null, "walk_class": "service", "length_m": 70.94 }, "geometry": { "type": "LineString", "coordinates": [ [ -79.9571313, 40.4438619 ], [ -79.9572688, 40.443977 ], [ -79.9571209, 40.4440931 ], [ -79.9569807, 40.4439676 ], [ -79.9571313, 40.4438619 ] ] } },
{ "type": "Feature", "properties": { "seg_id": "south-bouquet-street-0580-00", "corridor": "South Bouquet Street", "walk_class": "sidewalk", "length_m": 104.62 }, "geometry": { "type": "LineString", "coordinates": [ [ -79.9572756, 40.4425077 ], [ -79.9569121, 40.4422893 ], [ -79.9568782, 40.4422682 ], [ -79.9568567, 40.4422549 ], [ -79.956461, 40.4420318 ], [ -79.9564371, 40.4420285 ], [ -79.9564238, 40.4420189 ], [ -79.9563804, 40.4419969 ], [ -79.9563087, 40.4419597 ], [ -79.9562996, 40.4419564 ], [ -79.9562833, 40.4419545 ] ] } },
{ "type": "Feature", "properties": { "seg_id": "university-drive-a-0581-00", "corridor": "University Drive A", "walk_class": "street", "length_m": 50.14 }, "geometry": { "type": "LineString", "coordinates": [ [ -79.9572171, 40.4457538 ], [ -79.957126400000021, 40.445770599999982 ], [ -79.9570291, 40.4457945 ], [ -79.9569441, 40.4458235 ], [ -79.9568394, 40.4458764 ], [ -79.9567437, 40.4459368 ], [ -79.9567005, 40.4459602 ] ] } },
{ "type": "Feature", "properties": { "seg_id": "south-bouquet-street-0582-00", "corridor": "South Bouquet Street", "walk_class": "sidewalk", "length_m": 24.65 }, "geometry": { "type": "LineString", "coordinates": [ [ -79.9571928, 40.442522 ], [ -79.9571816, 40.4425128 ], [ -79.957115, 40.4424585 ], [ -79.9571306, 40.44244770000001 ], [ -79.9572394, 40.44253290000001 ] ] } },
{ "type": "Feature", "properties": { "seg_id": "south-bouquet-street-0583-00", "corridor": "South Bouquet Street", "walk_class": "steps", "length_m": 3.64 }, "geometry": { "type": "LineString", "coordinates": [ [ -79.9572223, 40.4425458 ], [ -79.9571928, 40.442522 ] ] } },
{ "type": "Feature", "properties": { "seg_id": "service-0584-00", "corridor": null, "walk_class": "service", "length_m": 47.28 }, "geometry": { "type": "LineString", "coordinates": [ [ -79.9568703, 40.438648 ], [ -79.9569251, 40.4386086 ], [ -79.9572763, 40.4383562 ] ] } },
{ "type": "Feature", "properties": { "seg_id": "fifth-avenue-0585-00", "corridor": "Fifth Avenue", "walk_class": "sidewalk", "length_m": 38.6 }, "geometry": { "type": "LineString", "coordinates": [ [ -79.9568346, 40.4427333 ], [ -79.9569188, 40.4426973 ], [ -79.9570161, 40.442649200000012 ], [ -79.9570821, 40.4426018 ], [ -79.9571794, 40.4425312 ], [ -79.9571928, 40.442522 ] ] } },
{ "type": "Feature", "properties": { "seg_id": "university-drive-a-0586-00", "corridor": "University Drive A", "walk_class": "sidewalk", "length_m": 43.22 }, "geometry": { "type": "LineString", "coordinates": [ [ -79.9566969, 40.4458978 ], [ -79.9567259, 40.445899 ], [ -79.9567838, 40.4458623 ], [ -79.9568134, 40.4458434 ], [ -79.9568506, 40.445823200000014 ], [ -79.9568787, 40.4458106 ], [ -79.9569268, 40.4457879 ], [ -79.9569639, 40.4457714 ], [ -79.9570005, 40.4457522 ], [ -79.9570593, 40.445738 ], [ -79.957092, 40.4457285 ], [ -79.957139, 40.445721199999987 ] ] } },
{ "type": "Feature", "properties": { "seg_id": "service-0587-00", "corridor": null, "walk_class": "service", "length_m": 85.59 }, "geometry": { "type": "LineString", "coordinates": [ [ -79.957156500000011, 40.4436317 ], [ -79.9571032, 40.4436701 ], [ -79.956757, 40.443919099999988 ], [ -79.9564381, 40.4436654 ] ] } },
{ "type": "Feature", "properties": { "seg_id": "service-0588-00", "corridor": null, "walk_class": "service", "length_m": 28.0 }, "geometry": { "type": "LineString", "coordinates": [ [ -79.9571576, 40.4433865 ], [ -79.9569337, 40.44320110000001 ] ] } },
{ "type": "Feature", "properties": { "seg_id": "service-0589-00", "corridor": null, "walk_class": "service", "length_m": 83.45 }, "geometry": { "type": "LineString", "coordinates": [ [ -79.957198, 40.439662699999985 ], [ -79.9571446, 40.43970070000001 ], [ -79.9565314, 40.4401365 ], [ -79.9564776, 40.4401747 ] ] } },
{ "type": "Feature", "properties": { "seg_id": "service-0590-00", "corridor": null, "walk_class": "service", "length_m": 71.89 }, "geometry": { "type": "LineString", "coordinates": [ [ -79.9570721, 40.4448995 ], [ -79.9570208, 40.4449324 ], [ -79.9569053, 40.445006299999989 ], [ -79.9566218, 40.44477890000001 ], [ -79.9567198, 40.4446918 ], [ -79.9567645, 40.444652 ] ] } },
{ "type": "Feature", "properties": { "seg_id": "alpena-street-0591-00", "corridor": "Alpena Street", "walk_class": "sidewalk", "length_m": 141.62 }, "geometry": { "type": "LineString", "coordinates": [ [ -79.956978, 40.4503289 ], [ -79.9569766, 40.4503346 ], [ -79.9569441, 40.4503503 ], [ -79.9559968, 40.4512363 ], [ -79.9559223, 40.4513143 ] ] } },
{ "type": "Feature", "properties": { "seg_id": "o-hara-street-0592-00", "corridor": "O'Hara Street", "walk_class": "sidewalk", "length_m": 26.31 }, "geometry": { "type": "LineString", "coordinates": [ [ -79.9569967, 40.445628 ], [ -79.9570122, 40.4456172 ], [ -79.95693, 40.4455524 ], [ -79.9569507, 40.4455384 ], [ -79.9570413, 40.445611400000011 ], [ -79.9570502, 40.445605499999985 ] ] } },
{ "type": "Feature", "properties": { "seg_id": "bryn-mawr-road-0593-00", "corridor": "Bryn Mawr Road", "walk_class": "sidewalk", "length_m": 106.73 }, "geometry": { "type": "LineString", "coordinates": [ [ -79.9569766, 40.4503346 ], [ -79.9567405, 40.4511406 ], [ -79.956719300000017, 40.4512081 ], [ -79.9567468, 40.4512345 ], [ -79.9567681, 40.4512535 ], [ -79.9567755, 40.4512582 ] ] } },
{ "type": "Feature", "properties": { "seg_id": "oakland-avenue-0594-00", "corridor": "Oakland Avenue", "walk_class": "sidewalk", "length_m": 15.38 }, "geometry": { "type": "LineString", "coordinates": [ [ -79.9569703, 40.4414734 ], [ -79.9569782, 40.44148040000001 ], [ -79.9570279, 40.4415219 ], [ -79.9570763, 40.441562500000011 ], [ -79.9570964, 40.4415721 ] ] } },
{ "type": "Feature", "properties": { "seg_id": "forbes-avenue-0595-00", "corridor": "Forbes Avenue", "walk_class": "sidewalk", "length_m": 14.7 }, "geometry": { "type": "LineString", "coordinates": [ [ -79.956976, 40.4416534 ], [ -79.9569754, 40.4416458 ], [ -79.9569879, 40.4416291 ], [ -79.9570249, 40.4416034 ], [ -79.9570741, 40.4415701 ], [ -79.9570964, 40.4415721 ] ] } },
{ "type": "Feature", "properties": { "seg_id": "service-0596-00", "corridor": null, "walk_class": "service", "length_m": 40.81 }, "geometry": { "type": "LineString", "coordinates": [ [ -79.9570184, 40.4462231 ], [ -79.9569644, 40.4462614 ], [ -79.9566658, 40.4464732 ] ] } },
{ "type": "Feature", "properties": { "seg_id": "louisa-street-0597-00", "corridor": "Louisa Street", "walk_class": "sidewalk", "length_m": 11.0 }, "geometry": { "type": "LineString", "coordinates": [ [ -79.957006, 40.4388199 ], [ -79.9570462, 40.438791 ], [ -79.9571009, 40.4387523 ] ] } },
{ "type": "Feature", "properties": { "seg_id": "sidewalk-0598-00", "corridor": null, "walk_class": "sidewalk", "length_m": 90.72 }, "geometry": { "type": "LineString", "coordinates": [ [ -79.95642070000001, 40.4360478 ], [ -79.956438, 40.436047599999988 ], [ -79.9565311, 40.4360466 ], [ -79.9566484, 40.4360471 ], [ -79.9566585, 40.4360472 ], [ -79.9566821, 40.4360387 ], [ -79.9570833, 40.4360284 ], [ -79.9571236, 40.4360303 ], [ -79.9571286, 40.4360367 ], [ -79.9571348, 40.4360447 ], [ -79.957118, 40.4360653 ], [ -79.9569161, 40.4362096 ], [ -79.9568861, 40.4362213 ] ] } },
{ "type": "Feature", "properties": { "seg_id": "atwood-street-0599-00", "corridor": "Atwood Street", "walk_class": "sidewalk", "length_m": 11.52 }, "geometry": { "type": "LineString", "coordinates": [ [ -79.9570615, 40.4404274 ], [ -79.9570059, 40.4403827 ], [ -79.9569679, 40.4403522 ] ] } },
{ "type": "Feature", "properties": { "seg_id": "service-0600-00", "corridor": null, "walk_class": "service", "length_m": 54.03 }, "geometry": { "type": "LineString", "coordinates": [ [ -79.9565893, 40.445874399999987 ], [ -79.9565653, 40.4459401 ], [ -79.9565622, 40.4459534 ], [ -79.9565598, 40.4459662 ], [ -79.9565592, 40.44597430000001 ], [ -79.9565599, 40.445983899999987 ], [ -79.9565632, 40.445991899999989 ], [ -79.9565691, 40.4459994 ], [ -79.9567493, 40.4461528 ], [ -79.956767, 40.4461603 ], [ -79.9567872, 40.4461653 ], [ -79.9568163, 40.4461685 ], [ -79.9568456, 40.4461681 ], [ -79.9569427, 40.446160499999984 ] ] } },
{ "type": "Feature", "properties": { "seg_id": "bryn-mawr-road-0601-00", "corridor": "Bryn Mawr Road", "walk_class": "sidewalk", "length_m": 9.72 }, "geometry": { "type": "LineString", "coordinates": [ [ -79.9567405, 40.4511406 ], [ -79.9567524, 40.4511421 ], [ -79.956794, 40.4511483 ], [ -79.9568357, 40.4511545 ], [ -79.9568534, 40.4511552 ] ] } },
{ "type": "Feature", "properties": { "seg_id": "service-0602-00", "corridor": null, "walk_class": "service", "length_m": 37.94 }, "geometry": { "type": "LineString", "coordinates": [ [ -79.9568394, 40.4458764 ], [ -79.9568134, 40.4458434 ], [ -79.9567962, 40.4458198 ], [ -79.9567241, 40.4457557 ], [ -79.9569085, 40.4456256 ] ] } },
{ "type": "Feature", "properties": { "seg_id": "louisa-street-0603-00", "corridor": "Louisa Street", "walk_class": "sidewalk", "length_m": 141.01 }, "geometry": { "type": "LineString", "coordinates": [ [ -79.957007, 40.4388338 ], [ -79.956606, 40.4391186 ], [ -79.9565558, 40.4391452 ], [ -79.9564886, 40.4391852 ], [ -79.9564246, 40.4392464 ], [ -79.9562353, 40.4393878 ], [ -79.9562051, 40.4394088 ], [ -79.9561734, 40.4394309 ], [ -79.9559314, 40.4396007 ], [ -79.9558982, 40.4396139 ], [ -79.9558466, 40.439657299999986 ], [ -79.9557962, 40.4396997 ] ] } },
{ "type": "Feature", "properties": { "seg_id": "oakland-avenue-0604-00", "corridor": "Oakland Avenue", "walk_class": "sidewalk", "length_m": 107.41 }, "geometry": { "type": "LineString", "coordinates": [ [ -79.9534795, 40.4386655 ], [ -79.953492, 40.43868 ], [ -79.9538683, 40.4389817 ], [ -79.9542253, 40.4392756 ], [ -79.954344786183057, 40.43937157747574 ] ] } },
{ "type": "Feature", "properties": { "seg_id": "oakland-avenue-0604-01", "corridor": "Oakland Avenue", "walk_class": "sidewalk", "length_m": 107.41 }, "geometry": { "type": "LineString", "coordinates": [ [ -79.954344786183057, 40.43937157747574 ], [ -79.9546009, 40.43957730000001 ], [ -79.9549177, 40.4398342 ], [ -79.955216112360688, 40.440073686630356 ] ] } },
{ "type": "Feature", "properties": { "seg_id": "oakland-avenue-0604-02", "corridor": "Oakland Avenue", "walk_class": "sidewalk", "length_m": 107.41 }, "geometry": { "type": "LineString", "coordinates": [ [ -79.955216112360688, 40.440073686630356 ], [ -79.9552332, 40.4400874 ], [ -79.9553252, 40.440159699999988 ], [ -79.9555942, 40.440377 ], [ -79.9559567, 40.4406745 ], [ -79.956086753645295, 40.440776246548523 ] ] } },
{ "type": "Feature", "properties": { "seg_id": "oakland-avenue-0604-03", "corridor": "Oakland Avenue", "walk_class": "sidewalk", "length_m": 107.41 }, "geometry": { "type": "LineString", "coordinates": [ [ -79.956086753645295, 40.440776246548523 ], [ -79.9561685, 40.4408402 ], [ -79.9562235, 40.4408832 ], [ -79.9562658, 40.4409178 ], [ -79.9563203, 40.4409622 ], [ -79.9564821, 40.441092 ], [ -79.956535, 40.44113440000001 ], [ -79.9568197, 40.4413588 ], [ -79.9569556, 40.441468199999989 ], [ -79.9569651, 40.4414729 ] ] } },
{ "type": "Feature", "properties": { "seg_id": "forbes-avenue-0605-00", "corridor": "Forbes Avenue", "walk_class": "sidewalk", "length_m": 13.81 }, "geometry": { "type": "LineString", "coordinates": [ [ -79.9568466, 40.4415581 ], [ -79.9568624, 40.441548399999988 ], [ -79.956911, 40.4415132 ], [ -79.956957200000019, 40.441479699999988 ], [ -79.9569651, 40.4414729 ] ] } },
{ "type": "Feature", "properties": { "seg_id": "oakland-avenue-0606-00", "corridor": "Oakland Avenue", "walk_class": "sidewalk", "length_m": 14.5 }, "geometry": { "type": "LineString", "coordinates": [ [ -79.9569583, 40.4416532 ], [ -79.9569566, 40.4416445 ], [ -79.9569525, 40.4416344 ], [ -79.956913400000019, 40.4416059 ], [ -79.9568628, 40.4415684 ], [ -79.9568466, 40.4415581 ] ] } },
{ "type": "Feature", "properties": { "seg_id": "schenley-farms-terrace-0607-00", "corridor": "Schenley Farms Terrace", "walk_class": "street", "length_m": 93.17 }, "geometry": { "type": "LineString", "coordinates": [ [ -79.9567325, 40.4496346 ], [ -79.9567973, 40.449691799999989 ], [ -79.956804500000018, 40.4496982 ], [ -79.9568191, 40.4497217 ], [ -79.956804500000018, 40.449750099999989 ], [ -79.95656, 40.4499703 ], [ -79.956162903114048, 40.450246015083799 ] ] } },
{ "type": "Feature", "properties": { "seg_id": "schenley-farms-terrace-0607-01", "corridor": "Schenley Farms Terrace", "walk_class": "street", "length_m": 93.17 }, "geometry": { "type": "LineString", "coordinates": [ [ -79.956162903114048, 40.450246015083799 ], [ -79.955349881055554, 40.450810506795285 ] ] } },
{ "type": "Feature", "properties": { "seg_id": "schenley-farms-terrace-0607-02", "corridor": "Schenley Farms Terrace", "walk_class": "street", "length_m": 93.17 }, "geometry": { "type": "LineString", "coordinates": [ [ -79.955349881055554, 40.450810506795285 ], [ -79.9551615, 40.4509413 ], [ -79.9551447, 40.450953 ], [ -79.9551001, 40.4509989 ], [ -79.9550896, 40.4510183 ], [ -79.9550826, 40.4510312 ], [ -79.954878361296153, 40.45154329809769 ] ] } },
{ "type": "Feature", "properties": { "seg_id": "schenley-farms-terrace-0607-03", "corridor": "Schenley Farms Terrace", "walk_class": "street", "length_m": 93.17 }, "geometry": { "type": "LineString", "coordinates": [ [ -79.954878361296153, 40.45154329809769 ], [ -79.9547966, 40.4517483 ], [ -79.954617, 40.4521015 ], [ -79.9545666, 40.4522005 ], [ -79.9545456, 40.4522182 ], [ -79.9545253, 40.4522219 ], [ -79.9544017, 40.4521889 ] ] } },
{ "type": "Feature", "properties": { "seg_id": "service-0608-00", "corridor": null, "walk_class": "service", "length_m": 47.97 }, "geometry": { "type": "LineString", "coordinates": [ [ -79.9565211, 40.4425223 ], [ -79.9566277, 40.442448400000011 ], [ -79.9568782, 40.4422682 ], [ -79.956934700000019, 40.4422276 ] ] } },
{ "type": "Feature", "properties": { "seg_id": "south-bouquet-street-0609-00", "corridor": "South Bouquet Street", "walk_class": "sidewalk", "length_m": 32.17 }, "geometry": { "type": "LineString", "coordinates": [ [ -79.95687, 40.4421244 ], [ -79.9568691, 40.4421153 ], [ -79.956849, 40.4420623 ], [ -79.9568274, 40.442028 ], [ -79.9567741, 40.4419781 ], [ -79.9567297, 40.4419379 ], [ -79.9566703, 40.44188410000001 ] ] } },
{ "type": "Feature", "properties": { "seg_id": "service-0610-00", "corridor": null, "walk_class": "service", "length_m": 25.37 }, "geometry": { "type": "LineString", "coordinates": [ [ -79.9569351, 40.4363728 ], [ -79.9568801, 40.4364139 ], [ -79.956721300000012, 40.4365326 ] ] } },
{ "type": "Feature", "properties": { "seg_id": "street-0611-00", "corridor": null, "walk_class": "street", "length_m": 6.57 }, "geometry": { "type": "LineString", "coordinates": [ [ -79.9568346, 40.4427333 ], [ -79.9567848, 40.442688 ] ] } },
{ "type": "Feature", "properties": { "seg_id": "fifth-avenue-0612-00", "corridor": "Fifth Avenue", "walk_class": "street", "length_m": 43.81 }, "geometry": { "type": "LineString", "coordinates": [ [ -79.9564159, 40.442954899999989 ], [ -79.9565075, 40.442924 ], [ -79.956592, 40.4428964 ], [ -79.9566524, 40.44286730000001 ], [ -79.9567058, 40.4428313 ], [ -79.9567772, 40.4427739 ], [ -79.9568346, 40.4427333 ] ] } },
{ "type": "Feature", "properties": { "seg_id": "oakland-avenue-0613-00", "corridor": "South Bouquet Street", "walk_class": "sidewalk", "length_m": 95.38 }, "geometry": { "type": "LineString", "coordinates": [ [ -79.9555316, 40.4413817 ], [ -79.9555342, 40.4413951 ], [ -79.955583, 40.4414185 ], [ -79.9556485, 40.4414446 ], [ -79.9556567, 40.4414487 ], [ -79.9563663, 40.4418535 ], [ -79.9563939, 40.4418625 ], [ -79.9564153, 40.441863 ], [ -79.9564222, 40.4418632 ], [ -79.956442901217969, 40.441858317637333 ] ] } },
{ "type": "Feature", "properties": { "seg_id": "oakland-avenue-0613-01", "corridor": null, "walk_class": "sidewalk", "length_m": 95.38 }, "geometry": { "type": "LineString", "coordinates": [ [ -79.956442901217969, 40.441858317637333 ], [ -79.9564434, 40.4418582 ], [ -79.95646330000001, 40.4418488 ], [ -79.9568397, 40.4415771 ], [ -79.9568466, 40.4415581 ], [ -79.9568425, 40.4415381 ], [ -79.956476982043071, 40.441244300742127 ] ] } },
{ "type": "Feature", "properties": { "seg_id": "oakland-avenue-0613-02", "corridor": "Oakland Avenue", "walk_class": "sidewalk", "length_m": 95.38 }, "geometry": { "type": "LineString", "coordinates": [ [ -79.956476982043071, 40.441244300742127 ], [ -79.956473, 40.4412411 ], [ -79.9564483, 40.4412209 ], [ -79.9563975, 40.441179400000017 ], [ -79.9562203, 40.4410391 ], [ -79.9561622, 40.4409932 ], [ -79.9561175, 40.4409578 ], [ -79.9558693, 40.4407521 ], [ -79.9558572, 40.4407422 ], [ -79.955705690649239, 40.440619069847614 ] ] } },
{ "type": "Feature", "properties": { "seg_id": "oakland-avenue-0613-03", "corridor": "Oakland Avenue", "walk_class": "sidewalk", "length_m": 95.38 }, "geometry": { "type": "LineString", "coordinates": [ [ -79.955705690649239, 40.440619069847614 ], [ -79.955532600000012, 40.4404784 ], [ -79.9554507, 40.4404118 ], [ -79.9554015, 40.4403724 ], [ -79.9550369, 40.44008 ], [ -79.9550245, 40.44007 ], [ -79.954932530935992, 40.439995144589815 ] ] } },
{ "type": "Feature", "properties": { "seg_id": "oakland-avenue-0613-04", "corridor": "Oakland Avenue", "walk_class": "sidewalk", "length_m": 95.38 }, "geometry": { "type": "LineString", "coordinates": [ [ -79.954932530935992, 40.439995144589815 ], [ -79.9547257, 40.4398268 ], [ -79.9546038, 40.439729 ], [ -79.9544292, 40.4395889 ], [ -79.9543563, 40.4395304 ], [ -79.954159814955943, 40.43937090300966 ] ] } },
{ "type": "Feature", "properties": { "seg_id": "oakland-avenue-0613-05", "corridor": "Oakland Avenue", "walk_class": "sidewalk", "length_m": 95.38 }, "geometry": { "type": "LineString", "coordinates": [ [ -79.954159814955943, 40.43937090300966 ], [ -79.9540636, 40.4392928 ], [ -79.9540541, 40.439285099999985 ], [ -79.9540255, 40.4392632 ], [ -79.9539937, 40.439238900000014 ], [ -79.9539855, 40.4392322 ], [ -79.9536153, 40.4389321 ], [ -79.9533838, 40.4387491 ] ] } },
{ "type": "Feature", "properties": { "seg_id": "thackeray-street-0614-00", "corridor": "Thackeray Street", "walk_class": "sidewalk", "length_m": 21.36 }, "geometry": { "type": "LineString", "coordinates": [ [ -79.9565458, 40.4430514 ], [ -79.9565612, 40.4430628 ], [ -79.9566267, 40.443115 ], [ -79.9567105, 40.4431796 ], [ -79.9567272, 40.4431807 ] ] } },
{ "type": "Feature", "properties": { "seg_id": "service-0615-00", "corridor": null, "walk_class": "service", "length_m": 104.07 }, "geometry": { "type": "LineString", "coordinates": [ [ -79.9542398, 40.4378238 ], [ -79.9542879, 40.4378612 ], [ -79.955084186878409, 40.43850399017537 ] ] } },
{ "type": "Feature", "properties": { "seg_id": "service-0615-01", "corridor": null, "walk_class": "service", "length_m": 104.07 }, "geometry": { "type": "LineString", "coordinates": [ [ -79.955084186878409, 40.43850399017537 ], [ -79.955927665638228, 40.439184856064713 ] ] } },
{ "type": "Feature", "properties": { "seg_id": "service-0615-02", "corridor": null, "walk_class": "service", "length_m": 104.07 }, "geometry": { "type": "LineString", "coordinates": [ [ -79.955927665638228, 40.439184856064713 ], [ -79.9562051, 40.4394088 ], [ -79.9562481, 40.439443099999984 ], [ -79.9562982, 40.439484 ], [ -79.9567684, 40.4398677 ] ] } },
{ "type": "Feature", "properties": { "seg_id": "forbes-avenue-0616-00", "corridor": "Forbes Avenue", "walk_class": "sidewalk", "length_m": 10.37 }, "geometry": { "type": "LineString", "coordinates": [ [ -79.9567297, 40.4419379 ], [ -79.9567145, 40.4419566 ], [ -79.9566955, 40.4419742 ], [ -79.9566754, 40.4419847 ], [ -79.9566392, 40.4419962 ] ] } },
{ "type": "Feature", "properties": { "seg_id": "fifth-avenue-0617-00", "corridor": "Fifth Avenue", "walk_class": "sidewalk", "length_m": 13.63 }, "geometry": { "type": "LineString", "coordinates": [ [ -79.9567105, 40.4431796 ], [ -79.9566496, 40.4432207 ], [ -79.9565874, 40.4432585 ] ] } },
{ "type": "Feature", "properties": { "seg_id": "service-0618-00", "corridor": null, "walk_class": "service", "length_m": 60.13 }, "geometry": { "type": "LineString", "coordinates": [ [ -79.9564303, 40.4411322 ], [ -79.9564821, 40.441092 ], [ -79.9564914, 40.4410848 ], [ -79.956674300000017, 40.4409446 ], [ -79.9566915, 40.4409312 ], [ -79.9567154, 40.4409136 ], [ -79.9565593, 40.4407905 ], [ -79.9565034, 40.440746 ] ] } },
{ "type": "Feature", "properties": { "seg_id": "louisa-street-0619-00", "corridor": "Louisa Street", "walk_class": "sidewalk", "length_m": 12.12 }, "geometry": { "type": "LineString", "coordinates": [ [ -79.9566119, 40.4392763 ], [ -79.9566721, 40.4392328 ], [ -79.9567149, 40.4392006 ] ] } },
{ "type": "Feature", "properties": { "seg_id": "service-0620-00", "corridor": null, "walk_class": "service", "length_m": 18.52 }, "geometry": { "type": "LineString", "coordinates": [ [ -79.9566277, 40.442448400000011 ], [ -79.9564762, 40.4423283 ] ] } },
{ "type": "Feature", "properties": { "seg_id": "thackeray-street-0621-00", "corridor": "Thackeray Street", "walk_class": "sidewalk", "length_m": 21.94 }, "geometry": { "type": "LineString", "coordinates": [ [ -79.956428, 40.4431353 ], [ -79.956438800000015, 40.443144 ], [ -79.9565042, 40.4431982 ], [ -79.9565874, 40.4432585 ], [ -79.9565843, 40.4432827 ] ] } },
{ "type": "Feature", "properties": { "seg_id": "bigelow-boulevard-0622-00", "corridor": "Bigelow Boulevard", "walk_class": "sidewalk", "length_m": 41.54 }, "geometry": { "type": "LineString", "coordinates": [ [ -79.9565436, 40.4455145 ], [ -79.9565324, 40.44550550000001 ], [ -79.9563076, 40.4453244 ], [ -79.9562703, 40.4452942 ], [ -79.9562163, 40.4452504 ], [ -79.9562068, 40.445242800000017 ] ] } },
{ "type": "Feature", "properties": { "seg_id": "thackeray-street-0623-00", "corridor": "Thackeray Street", "walk_class": "sidewalk", "length_m": 15.35 }, "geometry": { "type": "LineString", "coordinates": [ [ -79.9565386, 40.4430565 ], [ -79.9565267, 40.4430468 ], [ -79.9564865, 40.4430141 ], [ -79.9564159, 40.442954899999989 ] ] } },
{ "type": "Feature", "properties": { "seg_id": "louisa-street-0624-00", "corridor": "Louisa Street", "walk_class": "sidewalk", "length_m": 68.7 }, "geometry": { "type": "LineString", "coordinates": [ [ -79.9560088, 40.439699899999987 ], [ -79.9562631, 40.4395086 ], [ -79.9562982, 40.439484 ], [ -79.956329100000019, 40.4394622 ], [ -79.9565687, 40.4392867 ], [ -79.9565967, 40.4392756 ] ] } },
{ "type": "Feature", "properties": { "seg_id": "south-bouquet-street-0625-00", "corridor": "South Bouquet Street", "walk_class": "sidewalk", "length_m": 15.0 }, "geometry": { "type": "LineString", "coordinates": [ [ -79.9565513, 40.4419483 ], [ -79.9565471, 40.4419457 ], [ -79.9564927, 40.441917 ], [ -79.95643, 40.4418776 ], [ -79.9564153, 40.441863 ] ] } },
{ "type": "Feature", "properties": { "seg_id": "sidewalk-0626-00", "corridor": null, "walk_class": "sidewalk", "length_m": 88.96 }, "geometry": { "type": "LineString", "coordinates": [ [ -79.956495, 40.4445124 ], [ -79.9561151, 40.4447865 ], [ -79.9557343, 40.4450641 ] ] } },
{ "type": "Feature", "properties": { "seg_id": "service-0627-00", "corridor": null, "walk_class": "service", "length_m": 8.52 }, "geometry": { "type": "LineString", "coordinates": [ [ -79.9564938, 40.441182499999989 ], [ -79.9564483, 40.4412209 ], [ -79.9564263, 40.4412394 ] ] } },
{ "type": "Feature", "properties": { "seg_id": "bigelow-boulevard-0628-00", "corridor": "Bigelow Boulevard", "walk_class": "sidewalk", "length_m": 18.54 }, "geometry": { "type": "LineString", "coordinates": [ [ -79.9563975, 40.4456092 ], [ -79.9563865, 40.4456177 ], [ -79.956323, 40.4456667 ], [ -79.9562417, 40.4457263 ] ] } },
{ "type": "Feature", "properties": { "seg_id": "bigelow-boulevard-0629-00", "corridor": "Bigelow Boulevard", "walk_class": "sidewalk", "length_m": 18.01 }, "geometry": { "type": "LineString", "coordinates": [ [ -79.9563926, 40.445810100000017 ], [ -79.9563726, 40.4458048 ], [ -79.9563159, 40.4457676 ], [ -79.9562417, 40.4457263 ], [ -79.9562248, 40.4457126 ] ] } },
{ "type": "Feature", "properties": { "seg_id": "street-0630-00", "corridor": null, "walk_class": "street", "length_m": 10.87 }, "geometry": { "type": "LineString", "coordinates": [ [ -79.9563496, 40.4428993 ], [ -79.9564237, 40.4428194 ] ] } },
{ "type": "Feature", "properties": { "seg_id": "thackeray-street-0631-00", "corridor": null, "walk_class": "street", "length_m": 22.6 }, "geometry": { "type": "LineString", "coordinates": [ [ -79.9564159, 40.442954899999989 ], [ -79.9563496, 40.4428993 ], [ -79.9562296, 40.4428095 ] ] } },
{ "type": "Feature", "properties": { "seg_id": "service-0632-00", "corridor": null, "walk_class": "service", "length_m": 47.43 }, "geometry": { "type": "LineString", "coordinates": [ [ -79.9560778, 40.4459386 ], [ -79.956138, 40.4459824 ], [ -79.9561667, 40.4460126 ], [ -79.9562493, 40.4460117 ], [ -79.9563552, 40.4459285 ], [ -79.9563517, 40.4458877 ], [ -79.9563145, 40.4458546 ], [ -79.956261, 40.445807 ] ] } },
{ "type": "Feature", "properties": { "seg_id": "forbes-avenue-0633-00", "corridor": "Forbes Avenue", "walk_class": "sidewalk", "length_m": 14.35 }, "geometry": { "type": "LineString", "coordinates": [ [ -79.9562996, 40.4419564 ], [ -79.9563092, 40.4419529 ], [ -79.9563574, 40.4419146 ], [ -79.9564012, 40.4418778 ], [ -79.9564153, 40.441863 ] ] } },
{ "type": "Feature", "properties": { "seg_id": "service-0634-00", "corridor": null, "walk_class": "service", "length_m": 32.89 }, "geometry": { "type": "LineString", "coordinates": [ [ -79.956114900000017, 40.4408811 ], [ -79.9561685, 40.4408402 ], [ -79.9561794, 40.4408318 ], [ -79.9562859, 40.4407501 ], [ -79.9563367, 40.4407894 ], [ -79.9563439, 40.440795 ], [ -79.9563882, 40.4408293 ] ] } },
{ "type": "Feature", "properties": { "seg_id": "service-0635-00", "corridor": null, "walk_class": "service", "length_m": 16.93 }, "geometry": { "type": "LineString", "coordinates": [ [ -79.9562385, 40.4381342 ], [ -79.9562949, 40.4380978 ], [ -79.9563909, 40.4380357 ] ] } },
{ "type": "Feature", "properties": { "seg_id": "sidewalk-0636-00", "corridor": null, "walk_class": "sidewalk", "length_m": 16.55 }, "geometry": { "type": "LineString", "coordinates": [ [ -79.9561272, 40.4453955 ], [ -79.9561555, 40.4453762 ], [ -79.956232, 40.4453216 ], [ -79.9562703, 40.4452942 ] ] } },
{ "type": "Feature", "properties": { "seg_id": "bigelow-boulevard-0637-00", "corridor": "Tennyson Avenue", "walk_class": "sidewalk", "length_m": 96.36 }, "geometry": { "type": "LineString", "coordinates": [ [ -79.954662, 40.4468625 ], [ -79.9546543, 40.4468516 ], [ -79.953880968572363, 40.446232609956503 ] ] } },
{ "type": "Feature", "properties": { "seg_id": "bigelow-boulevard-0637-01", "corridor": "Tennyson Avenue", "walk_class": "sidewalk", "length_m": 96.36 }, "geometry": { "type": "LineString", "coordinates": [ [ -79.953880968572363, 40.446232609956503 ], [ -79.9532548, 40.4457314 ], [ -79.9532307, 40.4457238 ], [ -79.9532138, 40.4457206 ], [ -79.9532081, 40.4457206 ], [ -79.953194, 40.4457206 ], [ -79.9531763, 40.4457222 ], [ -79.9531711, 40.4457253 ], [ -79.9531614, 40.4457308 ], [ -79.953066837322098, 40.445798454631316 ] ] } },
{ "type": "Feature", "properties": { "seg_id": "bigelow-boulevard-0637-02", "corridor": "Fifth Avenue", "walk_class": "sidewalk", "length_m": 96.36 }, "geometry": { "type": "LineString", "coordinates": [ [ -79.953066837322098, 40.445798454631316 ], [ -79.9530384, 40.4458188 ], [ -79.9526028, 40.4461302 ], [ -79.9525921, 40.4461439 ], [ -79.9525865, 40.44616 ], [ -79.9525896, 40.4461773 ], [ -79.9525946, 40.4461911 ], [ -79.9526008, 40.4462001 ], [ -79.952878617434891, 40.446423270275929 ] ] } },
{ "type": "Feature", "properties": { "seg_id": "bigelow-boulevard-0637-03", "corridor": "Ruskin Street", "walk_class": "sidewalk", "length_m": 96.36 }, "geometry": { "type": "LineString", "coordinates": [ [ -79.952878617434891, 40.446423270275929 ], [ -79.9530924, 40.446595 ], [ -79.953661674871483, 40.447052290102683 ] ] } },
{ "type": "Feature", "properties": { "seg_id": "bigelow-boulevard-0637-04", "corridor": "Bigelow Boulevard", "walk_class": "sidewalk", "length_m": 96.36 }, "geometry": { "type": "LineString", "coordinates": [ [ -79.953661674871483, 40.447052290102683 ], [ -79.9540069, 40.4473296 ], [ -79.9540182, 40.4473334 ], [ -79.9540319, 40.4473325 ], [ -79.954474471979793, 40.447012639856318 ] ] } },
{ "type": "Feature", "properties": { "seg_id": "bigelow-boulevard-0637-05", "corridor": "Bigelow Boulevard", "walk_class": "sidewalk", "length_m": 96.36 }, "geometry": { "type": "LineString", "coordinates": [ [ -79.954474471979793, 40.447012639856318 ], [ -79.9546526, 40.4468839 ], [ -79.9546603, 40.446873 ], [ -79.954662, 40.4468625 ], [ -79.954673, 40.446855 ], [ -79.9547265, 40.4468183 ], [ -79.9547593, 40.4467958 ], [ -79.9547859, 40.4467775 ], [ -79.9548117, 40.4467662 ], [ -79.955296171798452, 40.446418485011037 ] ] } },
{ "type": "Feature", "properties": { "seg_id": "bigelow-boulevard-0637-06", "corridor": "Bigelow Boulevard", "walk_class": "sidewalk", "length_m": 96.36 }, "geometry": { "type": "LineString", "coordinates": [ [ -79.955296171798452, 40.446418485011037 ], [ -79.9553856, 40.44635430000001 ], [ -79.9554061, 40.4463332 ], [ -79.9554306, 40.446314 ], [ -79.9554752, 40.446279 ], [ -79.9555172, 40.4462459 ], [ -79.9555263, 40.4462388 ], [ -79.9555438, 40.4462374 ], [ -79.956115778776066, 40.445822004734964 ] ] } },
{ "type": "Feature", "properties": { "seg_id": "bigelow-boulevard-0637-07", "corridor": "Bigelow Boulevard", "walk_class": "sidewalk", "length_m": 96.36 }, "geometry": { "type": "LineString", "coordinates": [ [ -79.956115778776066, 40.445822004734964 ], [ -79.9562152, 40.4457498 ], [ -79.9562275, 40.4457378 ], [ -79.9562284, 40.4457225 ], [ -79.9562248, 40.4457126 ], [ -79.9559576, 40.4454966 ], [ -79.955575412339428, 40.445187448511732 ] ] } },
{ "type": "Feature", "properties": { "seg_id": "bigelow-boulevard-0637-08", "corridor": "Bigelow Boulevard", "walk_class": "sidewalk", "length_m": 96.36 }, "geometry": { "type": "LineString", "coordinates": [ [ -79.955575412339428, 40.445187448511732 ], [ -79.9553129, 40.4449751 ], [ -79.9552812, 40.4449496 ], [ -79.9548449, 40.4445967 ], [ -79.9548213, 40.44458130000001 ], [ -79.9548065, 40.4445724 ], [ -79.954784010686012, 40.444570556613797 ] ] } },
{ "type": "Feature", "properties": { "seg_id": "bigelow-boulevard-0637-09", "corridor": "Fifth Avenue", "walk_class": "sidewalk", "length_m": 96.36 }, "geometry": { "type": "LineString", "coordinates": [ [ -79.954784010686012, 40.444570556613797 ], [ -79.9547821, 40.4445704 ], [ -79.9547617, 40.444572699999988 ], [ -79.9547507, 40.4445772 ], [ -79.9547443, 40.4445804 ], [ -79.9547183, 40.4445998 ], [ -79.9541054, 40.4450574 ], [ -79.9540776, 40.4450773 ], [ -79.9540371, 40.4451085 ], [ -79.9539758, 40.445156 ], [ -79.9539745, 40.4451692 ] ] } },
{ "type": "Feature", "properties": { "seg_id": "forbes-avenue-0638-00", "corridor": "Schenley Drive", "walk_class": "sidewalk", "length_m": 99.04 }, "geometry": { "type": "LineString", "coordinates": [ [ -79.9533662, 40.442341800000015 ], [ -79.953493600000016, 40.442639500000013 ], [ -79.9535217, 40.442706 ], [ -79.9535471, 40.4427647 ], [ -79.9536646, 40.4430591 ], [ -79.9536731, 40.4430638 ], [ -79.9536918, 40.443064599999985 ], [ -79.9537304, 40.4430552 ], [ -79.953837019847853, 40.44302714441249 ] ] } },
{ "type": "Feature", "properties": { "seg_id": "forbes-avenue-0638-01", "corridor": "Forbes Avenue", "walk_class": "sidewalk", "length_m": 99.04 }, "geometry": { "type": "LineString", "coordinates": [ [ -79.953837019847853, 40.44302714441249 ], [ -79.9546721, 40.4428074 ], [ -79.954908, 40.4427442 ], [ -79.954940842852395, 40.442736202849517 ] ] } },
{ "type": "Feature", "properties": { "seg_id": "forbes-avenue-0638-02", "corridor": "Forbes Avenue", "walk_class": "sidewalk", "length_m": 99.04 }, "geometry": { "type": "LineString", "coordinates": [ [ -79.954940842852395, 40.442736202849517 ], [ -79.9552041, 40.4426721 ], [ -79.9553217, 40.4426319 ], [ -79.9554433, 40.4425736 ], [ -79.9556836, 40.4424039 ], [ -79.95576250000002, 40.4423428 ], [ -79.955892478808821, 40.44224832167059 ] ] } },
{ "type": "Feature", "properties": { "seg_id": "forbes-avenue-0638-03", "corridor": "South Bouquet Street", "walk_class": "sidewalk", "length_m": 99.04 }, "geometry": { "type": "LineString", "coordinates": [ [ -79.955892478808821, 40.44224832167059 ], [ -79.9559917, 40.4421762 ], [ -79.956274, 40.441971 ], [ -79.9562823, 40.4419621 ], [ -79.9562833, 40.4419545 ], [ -79.9562818, 40.4419481 ], [ -79.9562774, 40.441942300000015 ], [ -79.9561645, 40.441871 ], [ -79.9558203, 40.441681 ], [ -79.95579769972683, 40.441667903631533 ] ] } },
{ "type": "Feature", "properties": { "seg_id": "forbes-avenue-0638-04", "corridor": "South Bouquet Street", "walk_class": "sidewalk", "length_m": 99.04 }, "geometry": { "type": "LineString", "coordinates": [ [ -79.95579769972683, 40.441667903631533 ], [ -79.955465500000017, 40.4414754 ], [ -79.9554629, 40.4414739 ], [ -79.9554483, 40.4414673 ], [ -79.9554252, 40.44145420000001 ], [ -79.9550319, 40.4412373 ], [ -79.954853920865958, 40.441142889516478 ] ] } },
{ "type": "Feature", "properties": { "seg_id": "forbes-avenue-0638-05", "corridor": "Roberto & Vera Clemente Drive", "walk_class": "sidewalk", "length_m": 99.04 }, "geometry": { "type": "LineString", "coordinates": [ [ -79.954853920865958, 40.441142889516478 ], [ -79.9548464, 40.4411389 ], [ -79.9546735, 40.441036799999985 ], [ -79.9545122, 40.4409423 ], [ -79.954446800000014, 40.4409161 ], [ -79.9543962, 40.4409096 ], [ -79.954356, 40.4409165 ], [ -79.9543327, 40.440927 ], [ -79.9543238, 40.4409334 ], [ -79.95422, 40.4410081 ], [ -79.9541469, 40.4410473 ], [ -79.9540581, 40.4410789 ], [ -79.9539369, 40.4411182 ], [ -79.953872124582517, 40.441137548503001 ] ] } },
{ "type": "Feature", "properties": { "seg_id": "forbes-avenue-0638-06", "corridor": "Roberto & Vera Clemente Drive", "walk_class": "sidewalk", "length_m": 99.04 }, "geometry": { "type": "LineString", "coordinates": [ [ -79.953872124582517, 40.441137548503001 ], [ -79.9538676, 40.4411389 ], [ -79.953759, 40.441166 ], [ -79.953713400000012, 40.4411774 ], [ -79.9534313, 40.4412501 ], [ -79.9533695, 40.4412681 ], [ -79.953297100000015, 40.4412893 ], [ -79.9532055, 40.441318699999982 ], [ -79.9531425, 40.4413427 ], [ -79.9530675, 40.4413863 ], [ -79.9529763, 40.4414481 ], [ -79.952929, 40.441503 ], [ -79.952890671021777, 40.441562892181757 ] ] } },
{ "type": "Feature", "properties": { "seg_id": "forbes-avenue-0638-07", "corridor": "Schenley Drive", "walk_class": "sidewalk", "length_m": 99.04 }, "geometry": { "type": "LineString", "coordinates": [ [ -79.952890671021777, 40.441562892181757 ], [ -79.9528515, 40.441624099999984 ], [ -79.9528472, 40.4416323 ], [ -79.9528347, 40.4416557 ], [ -79.9528084, 40.4417082 ], [ -79.9528005, 40.4417368 ], [ -79.9528045, 40.4417652 ], [ -79.9527967, 40.4417726 ], [ -79.9527515, 40.4418434 ], [ -79.9527017, 40.4419351 ], [ -79.9527126, 40.441961 ], [ -79.952712800000015, 40.4420457 ], [ -79.9526958, 40.4421248 ], [ -79.9525509, 40.4423996 ] ] } },
{ "type": "Feature", "properties": { "seg_id": "sidewalk-0639-00", "corridor": null, "walk_class": "sidewalk", "length_m": 100.77 }, "geometry": { "type": "LineString", "coordinates": [ [ -79.955417, 40.444218 ], [ -79.9554627, 40.4442515 ], [ -79.955477, 40.444264 ], [ -79.9556017, 40.444366 ], [ -79.955617800000013, 40.4443792 ], [ -79.9556453, 40.4444032 ], [ -79.9556655, 40.4444188 ], [ -79.9557314, 40.44447550000001 ], [ -79.9557507, 40.4444915 ], [ -79.9557773, 40.4445135 ], [ -79.9557984, 40.4445289 ], [ -79.9559186, 40.4446288 ], [ -79.9559383, 40.444644 ], [ -79.9559633, 40.4446653 ], [ -79.9559856, 40.444683 ], [ -79.9561151, 40.4447865 ], [ -79.9562298, 40.444879899999989 ] ] } },
{ "type": "Feature", "properties": { "seg_id": "sidewalk-0640-00", "corridor": null, "walk_class": "sidewalk", "length_m": 16.52 }, "geometry": { "type": "LineString", "coordinates": [ [ -79.9560744, 40.4453524 ], [ -79.9561005, 40.4453336 ], [ -79.9561765, 40.4452783 ], [ -79.9562163, 40.4452504 ] ] } },
{ "type": "Feature", "properties": { "seg_id": "service-0641-00", "corridor": null, "walk_class": "service", "length_m": 40.45 }, "geometry": { "type": "LineString", "coordinates": [ [ -79.9559568, 40.4361561 ], [ -79.9560015, 40.4361805 ], [ -79.9563349, 40.4363781 ] ] } },
{ "type": "Feature", "properties": { "seg_id": "sidewalk-0642-00", "corridor": null, "walk_class": "sidewalk", "length_m": 17.79 }, "geometry": { "type": "LineString", "coordinates": [ [ -79.9560895, 40.4427003 ], [ -79.9561162, 40.4427071 ], [ -79.9561203, 40.4427191 ], [ -79.9561592, 40.4427527 ], [ -79.9561981, 40.4427862 ], [ -79.9562028, 40.4427997 ], [ -79.9562296, 40.4428095 ] ] } },
{ "type": "Feature", "properties": { "seg_id": "sidewalk-0643-00", "corridor": null, "walk_class": "sidewalk", "length_m": 4.21 }, "geometry": { "type": "LineString", "coordinates": [ [ -79.9562296, 40.4428095 ], [ -79.9562179, 40.4427888 ], [ -79.9561981, 40.4427862 ] ] } },
{ "type": "Feature", "properties": { "seg_id": "service-0644-00", "corridor": null, "walk_class": "service", "length_m": 48.76 }, "geometry": { "type": "LineString", "coordinates": [ [ -79.956246, 40.4399845 ], [ -79.9561979, 40.4400192 ], [ -79.9559202, 40.4402193 ], [ -79.9558279, 40.4401526 ] ] } },
{ "type": "Feature", "properties": { "seg_id": "service-0645-00", "corridor": null, "walk_class": "service", "length_m": 17.01 }, "geometry": { "type": "LineString", "coordinates": [ [ -79.9561203, 40.438038 ], [ -79.9561739, 40.4379994 ], [ -79.9562663, 40.4379329 ] ] } },
{ "type": "Feature", "properties": { "seg_id": "andover-terrace-0646-00", "corridor": "Alpena Street", "walk_class": "street", "length_m": 104.62 }, "geometry": { "type": "LineString", "coordinates": [ [ -79.9560062, 40.454009 ], [ -79.9558303, 40.4539518 ], [ -79.9553002, 40.4537434 ], [ -79.954881988368456, 40.453624162041869 ] ] } },
{ "type": "Feature", "properties": { "seg_id": "andover-terrace-0646-01", "corridor": "Alpena Street", "walk_class": "street", "length_m": 104.62 }, "geometry": { "type": "LineString", "coordinates": [ [ -79.954881988368456, 40.453624162041869 ], [ -79.9547762, 40.453594 ], [ -79.9547059, 40.4535583 ], [ -79.9546206, 40.4535149 ], [ -79.9545138, 40.4534114 ], [ -79.9544488, 40.4533108 ], [ -79.9544221, 40.4532229 ], [ -79.9544174, 40.4530774 ], [ -79.9544328, 40.452957199999986 ], [ -79.9544795, 40.4528543 ], [ -79.954481678613405, 40.452850678667019 ] ] } },
{ "type": "Feature", "properties": { "seg_id": "andover-terrace-0646-02", "corridor": "Alpena Street", "walk_class": "street", "length_m": 104.62 }, "geometry": { "type": "LineString", "coordinates": [ [ -79.954481678613405, 40.452850678667019 ], [ -79.954547, 40.4527421 ], [ -79.9547359, 40.45251 ], [ -79.955160583750157, 40.45206629254298 ] ] } },
{ "type": "Feature", "properties": { "seg_id": "andover-terrace-0646-03", "corridor": "Alpena Street", "walk_class": "street", "length_m": 104.62 }, "geometry": { "type": "LineString", "coordinates": [ [ -79.955160583750157, 40.45206629254298 ], [ -79.955289500000021, 40.4519316 ], [ -79.9555327, 40.4516754 ], [ -79.9558791, 40.4513002 ] ] } },
{ "type": "Feature", "properties": { "seg_id": "service-0647-00", "corridor": null, "walk_class": "service", "length_m": 35.2 }, "geometry": { "type": "LineString", "coordinates": [ [ -79.9558952, 40.4414096 ], [ -79.9561959, 40.4411911 ] ] } },
{ "type": "Feature", "properties": { "seg_id": "service-0648-00", "corridor": null, "walk_class": "service", "length_m": 13.82 }, "geometry": { "type": "LineString", "coordinates": [ [ -79.9561476, 40.4441556 ], [ -79.9560985, 40.444192599999987 ], [ -79.9560837, 40.4442117 ], [ -79.9560729, 40.4442606 ] ] } },
{ "type": "Feature", "properties": { "seg_id": "sidewalk-0649-00", "corridor": null, "walk_class": "sidewalk", "length_m": 3.73 }, "geometry": { "type": "LineString", "coordinates": [ [ -79.9560895, 40.4427003 ], [ -79.9561023, 40.4427175 ], [ -79.9561203, 40.4427191 ] ] } },
{ "type": "Feature", "properties": { "seg_id": "service-0650-00", "corridor": null, "walk_class": "service", "length_m": 40.23 }, "geometry": { "type": "LineString", "coordinates": [ [ -79.9561008, 40.443477299999984 ], [ -79.956030500000011, 40.4434186 ], [ -79.955922, 40.4433378 ], [ -79.95576490000002, 40.4432216 ] ] } },
{ "type": "Feature", "properties": { "seg_id": "street-0651-00", "corridor": null, "walk_class": "street", "length_m": 110.82 }, "geometry": { "type": "LineString", "coordinates": [ [ -79.9551209, 40.443270099999985 ], [ -79.9551624, 40.4432425 ], [ -79.955186, 40.4432015 ], [ -79.9552139, 40.4431596 ], [ -79.9552328, 40.4431371 ], [ -79.9552577, 40.4431168 ], [ -79.9552879, 40.4430997 ], [ -79.9553382, 40.4430821 ], [ -79.955375, 40.4430731 ], [ -79.9554026, 40.4430671 ], [ -79.9554386, 40.4430432 ], [ -79.9554973, 40.4430044 ], [ -79.955532, 40.4429814 ], [ -79.9555839, 40.4429745 ], [ -79.9556095, 40.4429658 ], [ -79.9556461, 40.4429522 ], [ -79.9556901, 40.4429315 ], [ -79.9557246, 40.4429108 ], [ -79.9557581, 40.442887 ], [ -79.9557952, 40.4428587 ], [ -79.9558177, 40.44283 ], [ -79.9558467, 40.442792 ], [ -79.9558809, 40.442733 ], [ -79.9559422, 40.4427144 ], [ -79.9560482, 40.442682199999986 ], [ -79.9560895, 40.4427003 ] ] } },
{ "type": "Feature", "properties": { "seg_id": "service-0652-00", "corridor": null, "walk_class": "service", "length_m": 23.09 }, "geometry": { "type": "LineString", "coordinates": [ [ -79.9560423, 40.445441 ], [ -79.9559576, 40.4454966 ], [ -79.9558373, 40.4455778 ] ] } },
{ "type": "Feature", "properties": { "seg_id": "dakota-street-0653-00", "corridor": "Dakota Street", "walk_class": "street", "length_m": 118.3 }, "geometry": { "type": "LineString", "coordinates": [ [ -79.9558303, 40.4539518 ], [ -79.9559022, 40.4538578 ], [ -79.9558938, 40.45381230000001 ], [ -79.9553324, 40.4535793 ], [ -79.9552902, 40.4535618 ], [ -79.9551693, 40.45349610000001 ], [ -79.9551031, 40.4534173 ], [ -79.9550914, 40.4532864 ], [ -79.9551156, 40.4532422 ] ] } },
{ "type": "Feature", "properties": { "seg_id": "sidewalk-0654-00", "corridor": null, "walk_class": "sidewalk", "length_m": 28.45 }, "geometry": { "type": "LineString", "coordinates": [ [ -79.9558061, 40.442505 ], [ -79.9558309, 40.4425251 ], [ -79.9559871, 40.4426423 ], [ -79.9560482, 40.442682199999986 ] ] } },
{ "type": "Feature", "properties": { "seg_id": "service-0655-00", "corridor": null, "walk_class": "service", "length_m": 94.17 }, "geometry": { "type": "LineString", "coordinates": [ [ -79.9549776, 40.4454066 ], [ -79.9548095, 40.4455215 ], [ -79.95541717293095, 40.446012826061931 ] ] } },
{ "type": "Feature", "properties": { "seg_id": "service-0655-01", "corridor": null, "walk_class": "service", "length_m": 94.17 }, "geometry": { "type": "LineString", "coordinates": [ [ -79.95541717293095, 40.446012826061931 ], [ -79.9554749, 40.4460595 ], [ -79.9556451, 40.4459431 ], [ -79.9558231, 40.4458214 ], [ -79.9559941, 40.4457045 ], [ -79.9558373, 40.4455778 ], [ -79.955767732787606, 40.445521544696838 ] ] } },
{ "type": "Feature", "properties": { "seg_id": "service-0655-02", "corridor": null, "walk_class": "service", "length_m": 94.17 }, "geometry": { "type": "LineString", "coordinates": [ [ -79.955767732787606, 40.445521544696838 ], [ -79.9553288, 40.4451666 ], [ -79.9551554, 40.4452851 ], [ -79.9549776, 40.4454066 ] ] } },
{ "type": "Feature", "properties": { "seg_id": "street-0656-00", "corridor": null, "walk_class": "street", "length_m": 133.21 }, "geometry": { "type": "LineString", "coordinates": [ [ -79.9558001, 40.4431971 ], [ -79.95583, 40.4432002 ], [ -79.9558576, 40.443198 ], [ -79.9559093, 40.443183 ], [ -79.9559522, 40.4431683 ], [ -79.9559914, 40.443151599999986 ], [ -79.956012, 40.443142 ], [ -79.9559468, 40.44309160000001 ], [ -79.955886, 40.443046 ], [ -79.9558559, 40.4430814 ], [ -79.955827, 40.4431203 ], [ -79.9558049, 40.4431615 ], [ -79.9558018, 40.4431778 ], [ -79.9558001, 40.4431971 ], [ -79.95576490000002, 40.4432216 ], [ -79.955723, 40.443253099999986 ], [ -79.9557019, 40.4432571 ], [ -79.955627, 40.4432772 ], [ -79.9555966, 40.4432893 ], [ -79.9555848, 40.4432941 ], [ -79.9555328, 40.4433158 ], [ -79.9554829, 40.4433468 ], [ -79.9554579, 40.4433695 ], [ -79.9554427, 40.4433974 ], [ -79.9554459, 40.4434164 ], [ -79.9554592, 40.4434324 ], [ -79.9554694, 40.4434404 ], [ -79.9554792, 40.4434482 ], [ -79.9555008, 40.4434606 ], [ -79.9555286, 40.4434634 ], [ -79.9555654, 40.4434534 ], [ -79.9556, 40.4434344 ], [ -79.9556374, 40.4433995 ], [ -79.9556776, 40.4433558 ], [ -79.9556804, 40.4433518 ], [ -79.9557026, 40.4433199 ], [ -79.955723, 40.443253099999986 ] ] } },
{ "type": "Feature", "properties": { "seg_id": "service-0657-00", "corridor": null, "walk_class": "service", "length_m": 28.18 }, "geometry": { "type": "LineString", "coordinates": [ [ -79.9557505, 40.4412955 ], [ -79.9558052, 40.4413387 ], [ -79.9558952, 40.4414096 ], [ -79.9559814, 40.441478 ] ] } },
{ "type": "Feature", "properties": { "seg_id": "street-0658-00", "corridor": null, "walk_class": "street", "length_m": 17.09 }, "geometry": { "type": "LineString", "coordinates": [ [ -79.9558001, 40.4431971 ], [ -79.9559468, 40.44309160000001 ] ] } },
{ "type": "Feature", "properties": { "seg_id": "sidewalk-0659-00", "corridor": null, "walk_class": "sidewalk", "length_m": 118.84 }, "geometry": { "type": "LineString", "coordinates": [ [ -79.9550795, 40.4420097 ], [ -79.9551568, 40.4419551 ], [ -79.9553296, 40.4420955 ], [ -79.9554457, 40.4421899 ], [ -79.9555779, 40.4422988 ], [ -79.9556001, 40.44241430000001 ], [ -79.9556053, 40.4424412 ], [ -79.9558567, 40.442644 ], [ -79.9559422, 40.4427144 ] ] } },
{ "type": "Feature", "properties": { "seg_id": "fifth-avenue-0660-00", "corridor": "Fifth Avenue", "walk_class": "sidewalk", "length_m": 12.97 }, "geometry": { "type": "LineString", "coordinates": [ [ -79.955757, 40.4439228 ], [ -79.9557685, 40.4439149 ], [ -79.9558132, 40.4438847 ], [ -79.9558556, 40.4438551 ], [ -79.9558755, 40.443852 ] ] } },
{ "type": "Feature", "properties": { "seg_id": "forbes-avenue-0661-00", "corridor": "Forbes Avenue", "walk_class": "steps", "length_m": 41.52 }, "geometry": { "type": "LineString", "coordinates": [ [ -79.955532, 40.4429814 ], [ -79.9555751, 40.4429432 ], [ -79.9556119, 40.442907399999989 ], [ -79.9556496, 40.4428661 ], [ -79.9556899, 40.4428288 ], [ -79.955734, 40.4427943 ], [ -79.9557963, 40.4427517 ], [ -79.9558809, 40.442733 ] ] } },
{ "type": "Feature", "properties": { "seg_id": "service-0662-00", "corridor": null, "walk_class": "service", "length_m": 82.16 }, "geometry": { "type": "LineString", "coordinates": [ [ -79.9551554, 40.4452851 ], [ -79.9558231, 40.4458214 ] ] } },
{ "type": "Feature", "properties": { "seg_id": "sidewalk-0663-00", "corridor": null, "walk_class": "sidewalk", "length_m": 92.57 }, "geometry": { "type": "LineString", "coordinates": [ [ -79.9559021, 40.4407102 ], [ -79.9558572, 40.4407422 ], [ -79.9556033, 40.4409233 ], [ -79.9554572, 40.4409294 ], [ -79.9553512, 40.440908 ], [ -79.9552292, 40.4408345 ], [ -79.955011183186727, 40.440711074316873 ] ] } },
{ "type": "Feature", "properties": { "seg_id": "sidewalk-0663-01", "corridor": null, "walk_class": "sidewalk", "length_m": 92.57 }, "geometry": { "type": "LineString", "coordinates": [ [ -79.955011183186727, 40.440711074316873 ], [ -79.9549623, 40.440683400000012 ], [ -79.9548174, 40.4405742 ], [ -79.9547625, 40.440464 ], [ -79.9547517, 40.4403874 ], [ -79.9547611, 40.4403262 ], [ -79.9548255, 40.440218 ], [ -79.9550245, 40.44007 ], [ -79.955066, 40.4400391 ] ] } },
{ "type": "Feature", "properties": { "seg_id": "service-0664-00", "corridor": null, "walk_class": "service", "length_m": 21.46 }, "geometry": { "type": "LineString", "coordinates": [ [ -79.9556804, 40.4424879 ], [ -79.9557495, 40.4425451 ], [ -79.9558528, 40.4426294 ] ] } },
{ "type": "Feature", "properties": { "seg_id": "service-0665-00", "corridor": null, "walk_class": "service", "length_m": 22.21 }, "geometry": { "type": "LineString", "coordinates": [ [ -79.955901, 40.4378596 ], [ -79.9558518, 40.4378947 ], [ -79.9557096, 40.4379961 ] ] } },
{ "type": "Feature", "properties": { "seg_id": "street-0666-00", "corridor": null, "walk_class": "street", "length_m": 33.11 }, "geometry": { "type": "LineString", "coordinates": [ [ -79.95576490000002, 40.4432216 ], [ -79.955606, 40.4430926 ], [ -79.9554973, 40.4430044 ] ] } },
{ "type": "Feature", "properties": { "seg_id": "bigelow-boulevard-0667-00", "corridor": "Bigelow Boulevard", "walk_class": "sidewalk", "length_m": 10.96 }, "geometry": { "type": "LineString", "coordinates": [ [ -79.955632, 40.4491089 ], [ -79.955641500000013, 40.4491142 ], [ -79.9556491, 40.4491452 ], [ -79.95566, 40.4491806 ], [ -79.955669, 40.4492013 ] ] } },
{ "type": "Feature", "properties": { "seg_id": "service-0668-00", "corridor": null, "walk_class": "service", "length_m": 77.45 }, "geometry": { "type": "LineString", "coordinates": [ [ -79.9558083, 40.439626300000015 ], [ -79.9557525, 40.4396649 ], [ -79.9554632, 40.4398651 ], [ -79.9553734, 40.4399478 ], [ -79.9552332, 40.4400874 ], [ -79.9551781, 40.440128 ] ] } },
{ "type": "Feature", "properties": { "seg_id": "forbes-avenue-0669-00", "corridor": "Forbes Avenue", "walk_class": "sidewalk", "length_m": 40.5 }, "geometry": { "type": "LineString", "coordinates": [ [ -79.9556001, 40.44241430000001 ], [ -79.9556625, 40.4423699 ], [ -79.955741, 40.4423162 ], [ -79.95571990000002, 40.4423005 ], [ -79.9556471, 40.4423508 ], [ -79.9556629, 40.4423627 ], [ -79.9557295, 40.4423168 ], [ -79.9557425, 40.4423274 ], [ -79.95576250000002, 40.4423428 ] ] } },
{ "type": "Feature", "properties": { "seg_id": "parkman-avenue-0670-00", "corridor": "Parkman Avenue", "walk_class": "sidewalk", "length_m": 15.82 }, "geometry": { "type": "LineString", "coordinates": [ [ -79.955641500000013, 40.4491142 ], [ -79.955550300000013, 40.4491432 ], [ -79.9554812, 40.4491667 ], [ -79.9554699, 40.44917 ] ] } },
{ "type": "Feature", "properties": { "seg_id": "university-place-0671-00", "corridor": "University Place", "walk_class": "sidewalk", "length_m": 21.7 }, "geometry": { "type": "LineString", "coordinates": [ [ -79.9555162, 40.4437856 ], [ -79.9555341, 40.4437989 ], [ -79.955599, 40.4438524 ], [ -79.9556679, 40.443904699999983 ], [ -79.955694, 40.4439261 ] ] } },
{ "type": "Feature", "properties": { "seg_id": "lytton-avenue-0672-00", "corridor": "Lytton Avenue", "walk_class": "sidewalk", "length_m": 97.58 }, "geometry": { "type": "LineString", "coordinates": [ [ -79.9541054, 40.4450574 ], [ -79.954101, 40.4450707 ], [ -79.9541013, 40.4450756 ], [ -79.9541019, 40.445085400000011 ], [ -79.9541175, 40.4451025 ], [ -79.9541423, 40.445121 ], [ -79.9542755, 40.445230499999987 ], [ -79.9543959, 40.4453228 ], [ -79.9545491, 40.445455 ], [ -79.9545661, 40.445469 ], [ -79.954861137887704, 40.445706972658513 ] ] } },
{ "type": "Feature", "properties": { "seg_id": "lytton-avenue-0672-01", "corridor": "Lytton Avenue", "walk_class": "sidewalk", "length_m": 97.58 }, "geometry": { "type": "LineString", "coordinates": [ [ -79.954861137887704, 40.445706972658513 ], [ -79.9555122, 40.4462321 ], [ -79.9555263, 40.4462388 ], [ -79.9555269, 40.4462497 ], [ -79.9555818, 40.4462948 ], [ -79.955633500000019, 40.4463373 ], [ -79.9556488, 40.4463417 ] ] } },
{ "type": "Feature", "properties": { "seg_id": "bigelow-boulevard-0673-00", "corridor": "Bigelow Boulevard", "walk_class": "sidewalk", "length_m": 12.15 }, "geometry": { "type": "LineString", "coordinates": [ [ -79.9556488, 40.4463417 ], [ -79.9556369, 40.4463531 ], [ -79.9555988, 40.4463799 ], [ -79.9555552, 40.4464107 ], [ -79.9555499, 40.4464198 ] ] } },
{ "type": "Feature", "properties": { "seg_id": "service-0674-00", "corridor": null, "walk_class": "service", "length_m": 26.28 }, "geometry": { "type": "LineString", "coordinates": [ [ -79.9557731, 40.4377556 ], [ -79.955724, 40.4377911 ], [ -79.9555479, 40.4379182 ] ] } },
{ "type": "Feature", "properties": { "seg_id": "service-0675-00", "corridor": null, "walk_class": "service", "length_m": 82.17 }, "geometry": { "type": "LineString", "coordinates": [ [ -79.9549776, 40.4454066 ], [ -79.9556451, 40.4459431 ] ] } },
{ "type": "Feature", "properties": { "seg_id": "street-0676-00", "corridor": null, "walk_class": "street", "length_m": 12.25 }, "geometry": { "type": "LineString", "coordinates": [ [ -79.9555966, 40.4432893 ], [ -79.9555979, 40.4433214 ], [ -79.9556022, 40.4433331 ], [ -79.9556084, 40.4433411 ], [ -79.955616, 40.4433447 ], [ -79.9556275, 40.4433476 ], [ -79.9556451, 40.4433501 ], [ -79.9556804, 40.4433518 ] ] } },
{ "type": "Feature", "properties": { "seg_id": "south-bouquet-street-0677-00", "corridor": null, "walk_class": "sidewalk", "length_m": 43.22 }, "geometry": { "type": "LineString", "coordinates": [ [ -79.9557113, 40.4412577 ], [ -79.9556582, 40.4412098 ], [ -79.9556033, 40.44117330000001 ], [ -79.9555815, 40.4411242 ], [ -79.9555524, 40.4410427 ], [ -79.9554572, 40.4409294 ] ] } },
{ "type": "Feature", "properties": { "seg_id": "sidewalk-0678-00", "corridor": null, "walk_class": "sidewalk", "length_m": 93.97 }, "geometry": { "type": "LineString", "coordinates": [ [ -79.9556836, 40.4424039 ], [ -79.9554617, 40.442222 ], [ -79.9554395, 40.4422038 ], [ -79.9553092, 40.442167499999989 ], [ -79.9552268, 40.4421048 ], [ -79.95513680000002, 40.4420361 ], [ -79.9548763, 40.4418378 ] ] } },
{ "type": "Feature", "properties": { "seg_id": "fifth-avenue-0679-00", "corridor": null, "walk_class": "sidewalk", "length_m": 79.27 }, "geometry": { "type": "LineString", "coordinates": [ [ -79.9547334, 40.4438442 ], [ -79.9549494, 40.4438487 ], [ -79.9551251, 40.4437886 ], [ -79.9553343, 40.4437034 ], [ -79.9554513, 40.443701 ], [ -79.955567, 40.4437044 ], [ -79.9556228, 40.4437093 ] ] } },
{ "type": "Feature", "properties": { "seg_id": "sennott-street-0680-00", "corridor": "Sennott Street", "walk_class": "sidewalk", "length_m": 49.98 }, "geometry": { "type": "LineString", "coordinates": [ [ -79.9556033, 40.4409233 ], [ -79.9556324, 40.440989599999988 ], [ -79.9556248, 40.4410611 ], [ -79.9555815, 40.4411242 ], [ -79.9554097, 40.4413219 ] ] } },
{ "type": "Feature", "properties": { "seg_id": "bigelow-boulevard-0681-00", "corridor": "Bigelow Boulevard", "walk_class": "sidewalk", "length_m": 103.16 }, "geometry": { "type": "LineString", "coordinates": [ [ -79.9542146, 40.4480934 ], [ -79.955053275514089, 40.448766462589532 ] ] } },
{ "type": "Feature", "properties": { "seg_id": "bigelow-boulevard-0681-01", "corridor": "Bigelow Boulevard", "walk_class": "sidewalk", "length_m": 103.16 }, "geometry": { "type": "LineString", "coordinates": [ [ -79.955053275514089, 40.448766462589532 ], [ -79.9553626, 40.4490147 ], [ -79.9554203, 40.4490744 ], [ -79.9554511, 40.4491283 ], [ -79.9554699, 40.44917 ], [ -79.9554766, 40.449184700000011 ], [ -79.9554934, 40.449260700000011 ], [ -79.9554846, 40.4493332 ], [ -79.9554692, 40.4493944 ], [ -79.955398577434295, 40.449567834447727 ] ] } },
{ "type": "Feature", "properties": { "seg_id": "bigelow-boulevard-0681-02", "corridor": "Bigelow Boulevard", "walk_class": "sidewalk", "length_m": 103.16 }, "geometry": { "type": "LineString", "coordinates": [ [ -79.955398577434295, 40.449567834447727 ], [ -79.9551346, 40.4502161 ], [ -79.955037262638086, 40.450455155895511 ] ] } },
{ "type": "Feature", "properties": { "seg_id": "bigelow-boulevard-0681-03", "corridor": "Centre Avenue", "walk_class": "sidewalk", "length_m": 103.16 }, "geometry": { "type": "LineString", "coordinates": [ [ -79.955037262638086, 40.450455155895511 ], [ -79.9549723, 40.4506147 ], [ -79.9549046, 40.450801 ], [ -79.9548919, 40.4508359 ], [ -79.9548818, 40.4508497 ], [ -79.9548664, 40.4508655 ], [ -79.954858, 40.4508714 ], [ -79.9546478, 40.451018099999985 ], [ -79.954599500000015, 40.4510456 ], [ -79.9545329, 40.4510724 ], [ -79.954329434389152, 40.451134444229609 ] ] } },
{ "type": "Feature", "properties": { "seg_id": "bigelow-boulevard-0681-04", "corridor": "North Bellefield Avenue", "walk_class": "sidewalk", "length_m": 103.16 }, "geometry": { "type": "LineString", "coordinates": [ [ -79.954329434389152, 40.451134444229609 ], [ -79.9541115, 40.4512009 ], [ -79.95410480000001, 40.4512011 ], [ -79.954100400000016, 40.4512008 ], [ -79.9540973, 40.4512001 ], [ -79.9540929, 40.4511984 ], [ -79.9540858, 40.4511908 ], [ -79.9540053, 40.4510049 ], [ -79.953781117033927, 40.450503201199332 ] ] } },
{ "type": "Feature", "properties": { "seg_id": "bigelow-boulevard-0681-05", "corridor": "North Bellefield Avenue", "walk_class": "sidewalk", "length_m": 103.16 }, "geometry": { "type": "LineString", "coordinates": [ [ -79.953781117033927, 40.450503201199332 ], [ -79.9536165, 40.4501348 ], [ -79.9536011, 40.4501144 ], [ -79.9535782, 40.4500585 ], [ -79.9535669, 40.4500307 ], [ -79.953557500000016, 40.450019 ], [ -79.953378649781811, 40.449627107507354 ] ] } },
{ "type": "Feature", "properties": { "seg_id": "bigelow-boulevard-0681-06", "corridor": "North Bellefield Avenue", "walk_class": "sidewalk", "length_m": 103.16 }, "geometry": { "type": "LineString", "coordinates": [ [ -79.953378649781811, 40.449627107507354 ], [ -79.9530894, 40.4489933 ], [ -79.9530688, 40.448942899999984 ], [ -79.9530546, 40.4489081 ], [ -79.952982567930277, 40.448748535305953 ] ] } },
{ "type": "Feature", "properties": { "seg_id": "bigelow-boulevard-0681-07", "corridor": "Bayard Street", "walk_class": "sidewalk", "length_m": 103.16 }, "geometry": { "type": "LineString", "coordinates": [ [ -79.952982567930277, 40.448748535305953 ], [ -79.9528822, 40.4485262 ], [ -79.9528419, 40.4484416 ], [ -79.9528311, 40.4484189 ], [ -79.9528236, 40.4484022 ], [ -79.95282370000001, 40.4483908 ], [ -79.952828, 40.448381500000011 ], [ -79.9528633, 40.4483559 ], [ -79.953342106859736, 40.448009483508436 ] ] } },
{ "type": "Feature", "properties": { "seg_id": "bigelow-boulevard-0681-08", "corridor": "Bigelow Boulevard", "walk_class": "sidewalk", "length_m": 103.16 }, "geometry": { "type": "LineString", "coordinates": [ [ -79.953342106859736, 40.448009483508436 ], [ -79.953519, 40.4478815 ], [ -79.9537201, 40.447738 ], [ -79.9537444, 40.4477306 ], [ -79.9537617, 40.4477342 ], [ -79.9537771, 40.4477413 ], [ -79.953802, 40.4477623 ], [ -79.9542146, 40.4480934 ] ] } },
{ "type": "Feature", "properties": { "seg_id": "steps-0682-00", "corridor": null, "walk_class": "steps", "length_m": 16.14 }, "geometry": { "type": "LineString", "coordinates": [ [ -79.9554617, 40.442222 ], [ -79.9556005, 40.4421225 ] ] } },
{ "type": "Feature", "properties": { "seg_id": "service-0683-00", "corridor": null, "walk_class": "service", "length_m": 12.24 }, "geometry": { "type": "LineString", "coordinates": [ [ -79.9554368, 40.444951299999985 ], [ -79.9555184, 40.444891 ], [ -79.9555394, 40.4448738 ] ] } },
{ "type": "Feature", "properties": { "seg_id": "sidewalk-0684-00", "corridor": null, "walk_class": "sidewalk", "length_m": 14.67 }, "geometry": { "type": "LineString", "coordinates": [ [ -79.9554457, 40.4421899 ], [ -79.955569600000018, 40.4420977 ] ] } },
{ "type": "Feature", "properties": { "seg_id": "service-0685-00", "corridor": null, "walk_class": "service", "length_m": 4.96 }, "geometry": { "type": "LineString", "coordinates": [ [ -79.9555738, 40.4404467 ], [ -79.955532600000012, 40.4404784 ] ] } },
{ "type": "Feature", "properties": { "seg_id": "bates-street-0686-00", "corridor": "Bates Street", "walk_class": "sidewalk", "length_m": 84.34 }, "geometry": { "type": "LineString", "coordinates": [ [ -79.9549843, 40.43719380000001 ], [ -79.9549903, 40.437187 ], [ -79.9550252, 40.4371473 ], [ -79.9550593, 40.4371115 ], [ -79.9550692, 40.4371018 ], [ -79.9550698, 40.4370986 ], [ -79.9550716, 40.4370956 ], [ -79.9554895, 40.4366927 ], [ -79.955505, 40.436688 ], [ -79.9555558, 40.4366527 ], [ -79.9556032, 40.4366196 ], [ -79.9556135, 40.4366102 ] ] } },
{ "type": "Feature", "properties": { "seg_id": "sennott-street-0687-00", "corridor": "Sennott Street", "walk_class": "sidewalk", "length_m": 10.65 }, "geometry": { "type": "LineString", "coordinates": [ [ -79.9555342, 40.4413951 ], [ -79.955505, 40.441429200000016 ], [ -79.9554703, 40.4414691 ], [ -79.955465500000017, 40.4414754 ] ] } },
{ "type": "Feature", "properties": { "seg_id": "steps-0688-00", "corridor": null, "walk_class": "steps", "length_m": 14.8 }, "geometry": { "type": "LineString", "coordinates": [ [ -79.9553781, 40.442907 ], [ -79.9553829, 40.4429106 ], [ -79.9554973, 40.4430044 ] ] } },
{ "type": "Feature", "properties": { "seg_id": "mckee-place-0689-00", "corridor": "McKee Place", "walk_class": "sidewalk", "length_m": 11.76 }, "geometry": { "type": "LineString", "coordinates": [ [ -79.9554883, 40.4365108 ], [ -79.9555461, 40.4365461 ], [ -79.9555895, 40.4365726 ], [ -79.9555962, 40.4365773 ] ] } },
{ "type": "Feature", "properties": { "seg_id": "sidewalk-0690-00", "corridor": null, "walk_class": "sidewalk", "length_m": 49.18 }, "geometry": { "type": "LineString", "coordinates": [ [ -79.955532600000012, 40.4404784 ], [ -79.9552848, 40.4406686 ], [ -79.9552721, 40.4407742 ], [ -79.9552292, 40.4408345 ] ] } },
{ "type": "Feature", "properties": { "seg_id": "sidewalk-0691-00", "corridor": null, "walk_class": "sidewalk", "length_m": 86.34 }, "geometry": { "type": "LineString", "coordinates": [ [ -79.9550372, 40.4441106 ], [ -79.95504, 40.4439193 ], [ -79.9551251, 40.4437886 ], [ -79.9552322, 40.4436338 ], [ -79.9553048, 40.4435769 ], [ -79.955334, 40.4435515 ], [ -79.955392, 40.4434964 ], [ -79.9554521, 40.4434526 ], [ -79.9554694, 40.4434404 ] ] } },
{ "type": "Feature", "properties": { "seg_id": "sidewalk-0692-00", "corridor": null, "walk_class": "sidewalk", "length_m": 18.55 }, "geometry": { "type": "LineString", "coordinates": [ [ -79.9554513, 40.443701 ], [ -79.9553048, 40.4435769 ] ] } },
{ "type": "Feature", "properties": { "seg_id": "tennyson-avenue-0693-00", "corridor": "Lytton Avenue", "walk_class": "sidewalk", "length_m": 108.12 }, "geometry": { "type": "LineString", "coordinates": [ [ -79.9554061, 40.4463332 ], [ -79.9554091, 40.446314299999983 ], [ -79.9554049, 40.4462982 ], [ -79.9550011, 40.4459729 ], [ -79.954559489610702, 40.445617267332395 ] ] } },
{ "type": "Feature", "properties": { "seg_id": "tennyson-avenue-0693-01", "corridor": "Lytton Avenue", "walk_class": "sidewalk", "length_m": 108.12 }, "geometry": { "type": "LineString", "coordinates": [ [ -79.954559489610702, 40.445617267332395 ], [ -79.9544813, 40.4455543 ], [ -79.9540229, 40.4451849 ], [ -79.9539945, 40.4451716 ], [ -79.9539745, 40.4451692 ], [ -79.9539715, 40.4451688 ], [ -79.9539546, 40.4451688 ], [ -79.9539295, 40.4451761 ], [ -79.953927, 40.4451768 ], [ -79.953912, 40.4451829 ], [ -79.953640353581292, 40.445380371560105 ] ] } },
{ "type": "Feature", "properties": { "seg_id": "tennyson-avenue-0693-02", "corridor": "Tennyson Avenue", "walk_class": "sidewalk", "length_m": 108.12 }, "geometry": { "type": "LineString", "coordinates": [ [ -79.953640353581292, 40.445380371560105 ], [ -79.9533656, 40.4455801 ], [ -79.953349, 40.4455952 ], [ -79.9533416, 40.4456122 ], [ -79.9533416, 40.4456195 ], [ -79.9533416, 40.445628 ], [ -79.9533474, 40.4456459 ], [ -79.9533538, 40.4456536 ], [ -79.9538277, 40.4460363 ], [ -79.953896435201059, 40.446091813647719 ] ] } },
{ "type": "Feature", "properties": { "seg_id": "tennyson-avenue-0693-03", "corridor": "Tennyson Avenue", "walk_class": "sidewalk", "length_m": 108.12 }, "geometry": { "type": "LineString", "coordinates": [ [ -79.953896435201059, 40.446091813647719 ], [ -79.954333, 40.4464444 ], [ -79.9547353, 40.4467692 ], [ -79.9547502, 40.446776800000016 ], [ -79.95477, 40.4467798 ], [ -79.9547859, 40.4467775 ] ] } },
{ "type": "Feature", "properties": { "seg_id": "sidewalk-0694-00", "corridor": null, "walk_class": "sidewalk", "length_m": 141.55 }, "geometry": { "type": "LineString", "coordinates": [ [ -79.9554427, 40.4433974 ], [ -79.9553852, 40.4433983 ], [ -79.9550634, 40.4436244 ], [ -79.9549978, 40.44367110000001 ], [ -79.9549346, 40.443716 ], [ -79.9548304, 40.4437911 ], [ -79.9548029, 40.4438107 ], [ -79.9547334, 40.4438442 ], [ -79.9546658, 40.4438434 ], [ -79.9542789, 40.4438551 ], [ -79.9541722, 40.4439284 ], [ -79.9541142, 40.4439688 ], [ -79.954071, 40.4439989 ] ] } },
{ "type": "Feature", "properties": { "seg_id": "sidewalk-0695-00", "corridor": "Fifth Avenue", "walk_class": "sidewalk", "length_m": 20.16 }, "geometry": { "type": "LineString", "coordinates": [ [ -79.9554049, 40.4441363 ], [ -79.9554156, 40.4441455 ], [ -79.9554298, 40.444167899999982 ], [ -79.9554304, 40.44419760000001 ], [ -79.955417, 40.444218 ], [ -79.9553923, 40.4442268 ], [ -79.9553701, 40.44422860000001 ], [ -79.9553461, 40.4442249 ], [ -79.955322, 40.444214 ], [ -79.9553085, 40.4442047 ] ] } },
{ "type": "Feature", "properties": { "seg_id": "forbes-avenue-0696-00", "corridor": "Forbes Avenue", "walk_class": "steps", "length_m": 34.34 }, "geometry": { "type": "LineString", "coordinates": [ [ -79.9552041, 40.4426721 ], [ -79.9551552, 40.4425932 ], [ -79.95527340000001, 40.4425946 ], [ -79.9553411, 40.44259 ], [ -79.9554433, 40.4425736 ] ] } },
{ "type": "Feature", "properties": { "seg_id": "service-0697-00", "corridor": null, "walk_class": "service", "length_m": 98.58 }, "geometry": { "type": "LineString", "coordinates": [ [ -79.9553976, 40.4449193 ], [ -79.9553129, 40.4449751 ], [ -79.9552403, 40.4450229 ], [ -79.9546187, 40.445433 ], [ -79.9545661, 40.445469 ], [ -79.9545186, 40.4455003 ] ] } },
{ "type": "Feature", "properties": { "seg_id": "sidewalk-0698-00", "corridor": "Forbes Avenue", "walk_class": "sidewalk", "length_m": 17.24 }, "geometry": { "type": "LineString", "coordinates": [ [ -79.9553667, 40.4428967 ], [ -79.9553744, 40.4428911 ], [ -79.9553989, 40.4428729 ], [ -79.955412, 40.4428834 ], [ -79.9553855, 40.4429017 ], [ -79.9553781, 40.442907 ], [ -79.9553708, 40.4429122 ], [ -79.9553518, 40.4429265 ], [ -79.955338500000011, 40.4429169 ], [ -79.9553597, 40.4429018 ], [ -79.9553667, 40.4428967 ] ] } },
{ "type": "Feature", "properties": { "seg_id": "mckee-place-0699-00", "corridor": "McKee Place", "walk_class": "sidewalk", "length_m": 14.8 }, "geometry": { "type": "LineString", "coordinates": [ [ -79.955505, 40.436688 ], [ -79.9554716, 40.4366215 ], [ -79.9554424, 40.4365636 ] ] } },
{ "type": "Feature", "properties": { "seg_id": "street-0700-00", "corridor": null, "walk_class": "street", "length_m": 30.2 }, "geometry": { "type": "LineString", "coordinates": [ [ -79.9551624, 40.4432425 ], [ -79.955245300000016, 40.4432168 ], [ -79.9552796, 40.4432083 ], [ -79.9553039, 40.443197 ], [ -79.9553228, 40.4431844 ], [ -79.9553471, 40.4431686 ], [ -79.9553655, 40.4431492 ], [ -79.955376700000016, 40.4431272 ], [ -79.9553874, 40.443104599999984 ], [ -79.9554026, 40.4430671 ] ] } },
{ "type": "Feature", "properties": { "seg_id": "semple-street-0701-00", "corridor": "Semple Street", "walk_class": "sidewalk", "length_m": 87.87 }, "geometry": { "type": "LineString", "coordinates": [ [ -79.9541426, 40.4363388 ], [ -79.9541497, 40.4363465 ], [ -79.9542004, 40.4363977 ], [ -79.9542472, 40.4364421 ], [ -79.9542552, 40.4364493 ], [ -79.9546273, 40.436755099999985 ], [ -79.954836909940212, 40.436925580280388 ] ] } },
{ "type": "Feature", "properties": { "seg_id": "semple-street-0701-01", "corridor": "Bates Street", "walk_class": "sidewalk", "length_m": 87.87 }, "geometry": { "type": "LineString", "coordinates": [ [ -79.954836909940212, 40.436925580280388 ], [ -79.9549321, 40.437003 ], [ -79.9549499, 40.4370152 ], [ -79.9549562, 40.4370175 ], [ -79.9549641, 40.4370186 ], [ -79.9549718, 40.4370176 ], [ -79.954976, 40.437015 ], [ -79.955432, 40.436565 ], [ -79.9554424, 40.4365636 ], [ -79.9554627, 40.436540199999989 ], [ -79.9554883, 40.4365108 ], [ -79.9554882, 40.4365059 ] ] } },
{ "type": "Feature", "properties": { "seg_id": "sidewalk-0702-00", "corridor": null, "walk_class": "sidewalk", "length_m": 28.87 }, "geometry": { "type": "LineString", "coordinates": [ [ -79.9553667, 40.4428967 ], [ -79.9553062, 40.4428503 ], [ -79.9552894, 40.4428215 ], [ -79.9552409, 40.442734 ], [ -79.9552041, 40.4426721 ] ] } },
{ "type": "Feature", "properties": { "seg_id": "steps-0703-00", "corridor": null, "walk_class": "steps", "length_m": 50.81 }, "geometry": { "type": "LineString", "coordinates": [ [ -79.9549623, 40.440683400000012 ], [ -79.9549775, 40.4406696 ], [ -79.9554015, 40.4403724 ] ] } },
{ "type": "Feature", "properties": { "seg_id": "service-0704-00", "corridor": null, "walk_class": "service", "length_m": 75.5 }, "geometry": { "type": "LineString", "coordinates": [ [ -79.9552316, 40.4502032 ], [ -79.9551346, 40.4502161 ], [ -79.9550812, 40.4502235 ], [ -79.9550106, 40.450246 ], [ -79.9549564, 40.4502787 ], [ -79.9549187, 40.4503241 ], [ -79.9548909, 40.4503783 ], [ -79.9548711, 40.4504328 ], [ -79.9548609, 40.4504926 ], [ -79.9548624, 40.4505206 ], [ -79.9548812, 40.4505554 ], [ -79.9549167, 40.45058490000001 ], [ -79.9549723, 40.4506147 ], [ -79.9550508, 40.4506418 ] ] } },
{ "type": "Feature", "properties": { "seg_id": "mckee-place-0705-00", "corridor": "McKee Place", "walk_class": "sidewalk", "length_m": 31.09 }, "geometry": { "type": "LineString", "coordinates": [ [ -79.9551778, 40.4363632 ], [ -79.955432, 40.436565 ] ] } },
{ "type": "Feature", "properties": { "seg_id": "sidewalk-0706-00", "corridor": null, "walk_class": "sidewalk", "length_m": 83.68 }, "geometry": { "type": "LineString", "coordinates": [ [ -79.9552812, 40.4449496 ], [ -79.95521, 40.4449988 ], [ -79.9546001, 40.4454182 ], [ -79.9545491, 40.445455 ] ] } },
{ "type": "Feature", "properties": { "seg_id": "schenley-farms-terrace-0707-00", "corridor": "Schenley Farms Terrace", "walk_class": "steps", "length_m": 25.36 }, "geometry": { "type": "LineString", "coordinates": [ [ -79.9550896, 40.4510183 ], [ -79.9550277, 40.4509995 ], [ -79.9550423, 40.4509559 ], [ -79.9550455, 40.4509453 ], [ -79.9550597, 40.450935200000011 ], [ -79.9551107, 40.4509017 ], [ -79.9551615, 40.4509413 ] ] } },
{ "type": "Feature", "properties": { "seg_id": "centre-avenue-0708-00", "corridor": "Centre Avenue", "walk_class": "sidewalk", "length_m": 29.49 }, "geometry": { "type": "LineString", "coordinates": [ [ -79.9550484, 40.4509066 ], [ -79.9550568, 40.4508823 ], [ -79.9550859, 40.4508114 ], [ -79.955143, 40.4506719 ], [ -79.9551469, 40.4506521 ] ] } },
{ "type": "Feature", "properties": { "seg_id": "bigelow-boulevard-0709-00", "corridor": "Bigelow Boulevard", "walk_class": "sidewalk", "length_m": 25.98 }, "geometry": { "type": "LineString", "coordinates": [ [ -79.9549046, 40.450801 ], [ -79.9549356, 40.4507814 ], [ -79.9550148, 40.4507315 ], [ -79.9551201, 40.4506651 ], [ -79.9551392, 40.45065060000001 ] ] } },
{ "type": "Feature", "properties": { "seg_id": "sidewalk-0710-00", "corridor": null, "walk_class": "sidewalk", "length_m": 16.11 }, "geometry": { "type": "LineString", "coordinates": [ [ -79.9552268, 40.4421048 ], [ -79.9551829, 40.4421236 ], [ -79.9551079, 40.4421226 ], [ -79.9550662, 40.442084899999983 ] ] } },
{ "type": "Feature", "properties": { "seg_id": "sidewalk-0711-00", "corridor": null, "walk_class": "sidewalk", "length_m": 14.31 }, "geometry": { "type": "LineString", "coordinates": [ [ -79.9550612, 40.441538700000017 ], [ -79.9550965, 40.4415533 ], [ -79.9551247, 40.4415746 ], [ -79.9551458, 40.4415903 ], [ -79.9551884, 40.441622 ] ] } },
{ "type": "Feature", "properties": { "seg_id": "bigelow-boulevard-0712-00", "corridor": "Bigelow Boulevard", "walk_class": "sidewalk", "length_m": 34.72 }, "geometry": { "type": "LineString", "coordinates": [ [ -79.9550166, 40.4509395 ], [ -79.9549978, 40.4509502 ], [ -79.9548933, 40.4510267 ], [ -79.9547192, 40.4511543 ] ] } },
{ "type": "Feature", "properties": { "seg_id": "sidewalk-0713-00", "corridor": null, "walk_class": "sidewalk", "length_m": 17.6 }, "geometry": { "type": "LineString", "coordinates": [ [ -79.9549978, 40.44367110000001 ], [ -79.9550151, 40.443686 ], [ -79.9550206, 40.4437174 ], [ -79.9551251, 40.4437886 ] ] } },
{ "type": "Feature", "properties": { "seg_id": "street-0714-00", "corridor": null, "walk_class": "street", "length_m": 16.98 }, "geometry": { "type": "LineString", "coordinates": [ [ -79.9551251, 40.4437886 ], [ -79.9549781, 40.4438924 ] ] } },
{ "type": "Feature", "properties": { "seg_id": "south-bouquet-street-0715-00", "corridor": null, "walk_class": "sidewalk", "length_m": 111.35 }, "geometry": { "type": "LineString", "coordinates": [ [ -79.9533318, 40.4421564 ], [ -79.9534851, 40.4421166 ], [ -79.9536103, 40.4420841 ], [ -79.9536406, 40.4420762 ], [ -79.9537274, 40.4420537 ], [ -79.95393, 40.4420011 ], [ -79.9541307, 40.441949 ], [ -79.954218, 40.4419263 ], [ -79.9542523, 40.4419174 ], [ -79.9544269, 40.4418721 ], [ -79.9544887, 40.4418561 ], [ -79.9545264, 40.4418312 ], [ -79.954557590059338, 40.441810623144093 ] ] } },
{ "type": "Feature", "properties": { "seg_id": "south-bouquet-street-0715-01", "corridor": null, "walk_class": "sidewalk", "length_m": 111.35 }, "geometry": { "type": "LineString", "coordinates": [ [ -79.954557590059338, 40.441810623144093 ], [ -79.9548723, 40.441603 ], [ -79.9550612, 40.441538700000017 ], [ -79.9550897, 40.4415239 ], [ -79.9551142, 40.44150710000001 ], [ -79.955133, 40.4414847 ], [ -79.9551437, 40.4414663 ], [ -79.9551491, 40.4414459 ], [ -79.9551518, 40.4414275 ], [ -79.9551491, 40.4414071 ], [ -79.955141, 40.4413867 ], [ -79.9551276, 40.4413642 ], [ -79.955109, 40.4413438 ], [ -79.9550803, 40.4413279 ], [ -79.9550395, 40.441307399999985 ], [ -79.9549621, 40.4412908 ], [ -79.954865, 40.4412788 ], [ -79.9547437, 40.441309 ] ] } },
{ "type": "Feature", "properties": { "seg_id": "service-0716-00", "corridor": null, "walk_class": "service", "length_m": 73.29 }, "geometry": { "type": "LineString", "coordinates": [ [ -79.9552154, 40.4363364 ], [ -79.9551778, 40.4363632 ], [ -79.9546273, 40.436755099999985 ], [ -79.9545833, 40.4367865 ] ] } },
{ "type": "Feature", "properties": { "seg_id": "service-0717-00", "corridor": null, "walk_class": "service", "length_m": 88.25 }, "geometry": { "type": "LineString", "coordinates": [ [ -79.955053600000014, 40.4459358 ], [ -79.9550011, 40.4459729 ], [ -79.9548044, 40.4461121 ], [ -79.9546459, 40.446225399999989 ], [ -79.9544577, 40.4463563 ], [ -79.9544447, 40.4463655 ], [ -79.9544252, 40.4463793 ], [ -79.954333, 40.4464444 ], [ -79.9542893, 40.4464752 ] ] } },
{ "type": "Feature", "properties": { "seg_id": "bigelow-boulevard-0718-00", "corridor": "Bigelow Boulevard", "walk_class": "street", "length_m": 98.56 }, "geometry": { "type": "LineString", "coordinates": [ [ -79.9549411, 40.4509149 ], [ -79.9548933, 40.4510267 ], [ -79.9545975, 40.4517196 ], [ -79.9545839, 40.4517521 ], [ -79.954581009657403, 40.451759030567644 ] ] } },
{ "type": "Feature", "properties": { "seg_id": "bigelow-boulevard-0718-01", "corridor": "Bigelow Boulevard", "walk_class": "street", "length_m": 98.56 }, "geometry": { "type": "LineString", "coordinates": [ [ -79.954581009657403, 40.451759030567644 ], [ -79.9544552, 40.4520607 ], [ -79.9544447, 40.4520859 ], [ -79.9544017, 40.4521889 ], [ -79.954228230523839, 40.452604962500615 ] ] } },
{ "type": "Feature", "properties": { "seg_id": "bigelow-boulevard-0718-02", "corridor": "North Dithridge Street", "walk_class": "street", "length_m": 98.56 }, "geometry": { "type": "LineString", "coordinates": [ [ -79.954228230523839, 40.452604962500615 ], [ -79.954218, 40.4526295 ], [ -79.954144200000016, 40.4528064 ], [ -79.9541258, 40.4528536 ], [ -79.9540582, 40.4530494 ], [ -79.9540581, 40.4530704 ], [ -79.9540577, 40.4532446 ], [ -79.9541094, 40.4534371 ], [ -79.954124771372676, 40.453467886582175 ] ] } },
{ "type": "Feature", "properties": { "seg_id": "bigelow-boulevard-0718-03", "corridor": null, "walk_class": "street", "length_m": 98.56 }, "geometry": { "type": "LineString", "coordinates": [ [ -79.954124771372676, 40.453467886582175 ], [ -79.9543207, 40.4538603 ], [ -79.9544481, 40.4543179 ] ] } },
{ "type": "Feature", "properties": { "seg_id": "sidewalk-0719-00", "corridor": null, "walk_class": "sidewalk", "length_m": 84.82 }, "geometry": { "type": "LineString", "coordinates": [ [ -79.955007800000018, 40.4441306 ], [ -79.9548919, 40.4440403 ], [ -79.9547869, 40.4439536 ], [ -79.9546658, 40.4438434 ], [ -79.9545649, 40.4437709 ], [ -79.9544773, 40.4437128 ], [ -79.9543388, 40.4435915 ], [ -79.9543212, 40.4435765 ] ] } },
{ "type": "Feature", "properties": { "seg_id": "sidewalk-0720-00", "corridor": null, "walk_class": "sidewalk", "length_m": 14.89 }, "geometry": { "type": "LineString", "coordinates": [ [ -79.954865, 40.4412788 ], [ -79.9550319, 40.4412373 ] ] } },
{ "type": "Feature", "properties": { "seg_id": "fifth-avenue-0721-00", "corridor": "Fifth Avenue", "walk_class": "sidewalk", "length_m": 19.63 }, "geometry": { "type": "LineString", "coordinates": [ [ -79.9548065, 40.4445724 ], [ -79.9548122, 40.4445688 ], [ -79.9548978, 40.444510199999989 ], [ -79.9549646, 40.444464600000011 ], [ -79.9549806, 40.4444561 ] ] } },
{ "type": "Feature", "properties": { "seg_id": "fifth-avenue-0722-00", "corridor": "Fifth Avenue", "walk_class": "sidewalk", "length_m": 17.97 }, "geometry": { "type": "LineString", "coordinates": [ [ -79.9548919, 40.4440403 ], [ -79.9549781, 40.4438924 ] ] } },
{ "type": "Feature", "properties": { "seg_id": "sidewalk-0723-00", "corridor": null, "walk_class": "sidewalk", "length_m": 17.58 }, "geometry": { "type": "LineString", "coordinates": [ [ -79.9547869, 40.4439536 ], [ -79.9549781, 40.4438924 ] ] } },
{ "type": "Feature", "properties": { "seg_id": "centre-avenue-0724-00", "corridor": "Centre Avenue", "walk_class": "sidewalk", "length_m": 96.74 }, "geometry": { "type": "LineString", "coordinates": [ [ -79.954858, 40.4508714 ], [ -79.954856300000017, 40.4508872 ], [ -79.9547848, 40.4510266 ], [ -79.9547192, 40.4511543 ], [ -79.954023296786687, 40.451356337173848 ] ] } },
{ "type": "Feature", "properties": { "seg_id": "centre-avenue-0724-01", "corridor": "Centre Avenue", "walk_class": "sidewalk", "length_m": 96.74 }, "geometry": { "type": "LineString", "coordinates": [ [ -79.954023296786687, 40.451356337173848 ], [ -79.9538295, 40.4514126 ], [ -79.9534733, 40.4515218 ], [ -79.9534623, 40.4515334 ], [ -79.953444200000021, 40.4515355 ], [ -79.9533825, 40.451554 ], [ -79.9533305, 40.4515697 ], [ -79.9533131, 40.4515781 ], [ -79.95329270000002, 40.4515724 ], [ -79.952968711491224, 40.451669622687334 ] ] } },
{ "type": "Feature", "properties": { "seg_id": "centre-avenue-0724-02", "corridor": "Centre Avenue", "walk_class": "sidewalk", "length_m": 96.74 }, "geometry": { "type": "LineString", "coordinates": [ [ -79.952968711491224, 40.451669622687334 ], [ -79.9527905, 40.4517231 ], [ -79.9527818, 40.45173040000001 ], [ -79.9527732, 40.4517289 ], [ -79.9527291, 40.4517426 ], [ -79.9526795, 40.451758 ], [ -79.9526762, 40.4517696 ], [ -79.9526552, 40.4517696 ], [ -79.952165500000021, 40.4519157 ], [ -79.9521545, 40.4519249 ], [ -79.9521503, 40.4519369 ], [ -79.9521386, 40.4519351 ], [ -79.952068, 40.4519732 ], [ -79.9520126, 40.4520009 ], [ -79.9519797, 40.4519919 ], [ -79.951949182925418, 40.451984387084295 ] ] } },
{ "type": "Feature", "properties": { "seg_id": "centre-avenue-0724-03", "corridor": "Centre Avenue", "walk_class": "sidewalk", "length_m": 96.74 }, "geometry": { "type": "LineString", "coordinates": [ [ -79.951949182925418, 40.451984387084295 ], [ -79.9519338, 40.4519806 ], [ -79.9513127, 40.452171 ], [ -79.9510577, 40.4522492 ], [ -79.9509668, 40.4522771 ], [ -79.9509557, 40.4522856 ], [ -79.9509487, 40.4522983 ], [ -79.9509487, 40.4523111 ], [ -79.9509606, 40.4523339 ] ] } },
{ "type": "Feature", "properties": { "seg_id": "bigelow-boulevard-0725-00", "corridor": "Bigelow Boulevard", "walk_class": "sidewalk", "length_m": 12.08 }, "geometry": { "type": "LineString", "coordinates": [ [ -79.9548954, 40.44689 ], [ -79.9548845, 40.4468948 ], [ -79.9548495, 40.446917 ], [ -79.954798, 40.446949899999979 ], [ -79.9547853, 40.4469588 ] ] } },
{ "type": "Feature", "properties": { "seg_id": "tennyson-avenue-0726-00", "corridor": "Tennyson Avenue", "walk_class": "sidewalk", "length_m": 16.8 }, "geometry": { "type": "LineString", "coordinates": [ [ -79.9547859, 40.4467775 ], [ -79.9547735, 40.4467986 ], [ -79.9548249, 40.4468431 ], [ -79.9548845, 40.4468948 ] ] } },
{ "type": "Feature", "properties": { "seg_id": "roberto-vera-clemente-drive-0727-00", "corridor": null, "walk_class": "sidewalk", "length_m": 99.11 }, "geometry": { "type": "LineString", "coordinates": [ [ -79.9549484, 40.4417922 ], [ -79.9548963, 40.4416628 ], [ -79.954883, 40.4416295 ], [ -79.9548723, 40.441603 ], [ -79.9548135, 40.4414687 ], [ -79.9547437, 40.441309 ], [ -79.9547079, 40.441227 ], [ -79.9546941, 40.4411954 ], [ -79.9545343, 40.4412355 ], [ -79.9544861, 40.4411212 ], [ -79.954465581244222, 40.441126501792155 ] ] } },
{ "type": "Feature", "properties": { "seg_id": "roberto-vera-clemente-drive-0727-01", "corridor": "Roberto & Vera Clemente Drive", "walk_class": "sidewalk", "length_m": 99.11 }, "geometry": { "type": "LineString", "coordinates": [ [ -79.954465581244222, 40.441126501792155 ], [ -79.9539524, 40.4412591 ], [ -79.953358615571858, 40.441412505584211 ] ] } },
{ "type": "Feature", "properties": { "seg_id": "roberto-vera-clemente-drive-0727-02", "corridor": null, "walk_class": "sidewalk", "length_m": 99.11 }, "geometry": { "type": "LineString", "coordinates": [ [ -79.953358615571858, 40.441412505584211 ], [ -79.9532789, 40.4414331 ], [ -79.9532291, 40.441446 ], [ -79.9531825, 40.441458 ], [ -79.9532227, 40.441556 ], [ -79.9530939, 40.4415897 ], [ -79.9532244, 40.4418903 ], [ -79.9533119, 40.4421076 ] ] } },
{ "type": "Feature", "properties": { "seg_id": "sidewalk-0728-00", "corridor": null, "walk_class": "sidewalk", "length_m": 34.83 }, "geometry": { "type": "LineString", "coordinates": [ [ -79.9549623, 40.440683400000012 ], [ -79.9547732, 40.4408835 ], [ -79.9547246, 40.4409392 ] ] } },
{ "type": "Feature", "properties": { "seg_id": "sidewalk-0729-00", "corridor": null, "walk_class": "sidewalk", "length_m": 84.37 }, "geometry": { "type": "LineString", "coordinates": [ [ -79.954908, 40.4427442 ], [ -79.9545765, 40.4420276 ] ] } },
{ "type": "Feature", "properties": { "seg_id": "semple-street-0730-00", "corridor": "Semple Street", "walk_class": "sidewalk", "length_m": 11.76 }, "geometry": { "type": "LineString", "coordinates": [ [ -79.9548731, 40.437119100000011 ], [ -79.9548811, 40.4371263 ], [ -79.954919, 40.4371565 ], [ -79.954959, 40.4371884 ], [ -79.954969, 40.4371955 ] ] } },
{ "type": "Feature", "properties": { "seg_id": "bates-street-0731-00", "corridor": "Bates Street", "walk_class": "sidewalk", "length_m": 11.11 }, "geometry": { "type": "LineString", "coordinates": [ [ -79.954864, 40.4370885 ], [ -79.9548686, 40.4370845 ], [ -79.9549092, 40.4370529 ], [ -79.9549516, 40.4370215 ], [ -79.9549562, 40.4370175 ] ] } },
{ "type": "Feature", "properties": { "seg_id": "service-0732-00", "corridor": null, "walk_class": "service", "length_m": 5.5 }, "geometry": { "type": "LineString", "coordinates": [ [ -79.954623, 40.4541282 ], [ -79.9546863, 40.4541175 ] ] } },
{ "type": "Feature", "properties": { "seg_id": "service-0733-00", "corridor": null, "walk_class": "service", "length_m": 23.65 }, "geometry": { "type": "LineString", "coordinates": [ [ -79.9546937, 40.4428803 ], [ -79.9547625, 40.4429604 ], [ -79.9548466, 40.4430585 ] ] } },
{ "type": "Feature", "properties": { "seg_id": "service-0734-00", "corridor": null, "walk_class": "service", "length_m": 70.87 }, "geometry": { "type": "LineString", "coordinates": [ [ -79.9543207, 40.4538603 ], [ -79.9545284, 40.453822199999983 ], [ -79.9545619, 40.4539285 ], [ -79.954599, 40.4540502 ], [ -79.9546156, 40.454103 ], [ -79.954623, 40.4541282 ], [ -79.95466660000001, 40.4542855 ] ] } },
{ "type": "Feature", "properties": { "seg_id": "service-0735-00", "corridor": null, "walk_class": "service", "length_m": 18.87 }, "geometry": { "type": "LineString", "coordinates": [ [ -79.9544481, 40.4543179 ], [ -79.95466660000001, 40.4542855 ] ] } },
{ "type": "Feature", "properties": { "seg_id": "service-0736-00", "corridor": null, "walk_class": "service", "length_m": 93.16 }, "geometry": { "type": "LineString", "coordinates": [ [ -79.9541677, 40.4488701 ], [ -79.9540443, 40.4489504 ], [ -79.9540249, 40.448972500000018 ], [ -79.9540333, 40.4489972 ], [ -79.9545609, 40.4494055 ], [ -79.9545937, 40.4494252 ], [ -79.9546337, 40.4494352 ], [ -79.954666342813013, 40.449429883885102 ] ] } },
{ "type": "Feature", "properties": { "seg_id": "service-0736-01", "corridor": null, "walk_class": "service", "length_m": 93.16 }, "geometry": { "type": "LineString", "coordinates": [ [ -79.954666342813013, 40.449429883885102 ], [ -79.9546687, 40.4494295 ], [ -79.9547055, 40.449407 ], [ -79.954727300000016, 40.4493742 ], [ -79.9547286, 40.4493487 ], [ -79.9547182, 40.4493261 ], [ -79.9541677, 40.4488701 ], [ -79.9541509, 40.448777 ], [ -79.954150166163302, 40.448776423401831 ] ] } },
{ "type": "Feature", "properties": { "seg_id": "service-0736-02", "corridor": null, "walk_class": "service", "length_m": 93.16 }, "geometry": { "type": "LineString", "coordinates": [ [ -79.954150166163302, 40.448776423401831 ], [ -79.953813, 40.4485115 ], [ -79.9536387, 40.4484092 ], [ -79.9534586, 40.4484235 ], [ -79.9532897, 40.448478 ], [ -79.953266634477529, 40.448493395429765 ] ] } },
{ "type": "Feature", "properties": { "seg_id": "service-0736-03", "corridor": null, "walk_class": "service", "length_m": 93.16 }, "geometry": { "type": "LineString", "coordinates": [ [ -79.953266634477529, 40.448493395429765 ], [ -79.9530804, 40.4486177 ], [ -79.9530565, 40.4486792 ], [ -79.9531685, 40.4489237 ], [ -79.953306302226409, 40.449233395878579 ] ] } },
{ "type": "Feature", "properties": { "seg_id": "service-0736-04", "corridor": null, "walk_class": "service", "length_m": 93.16 }, "geometry": { "type": "LineString", "coordinates": [ [ -79.953306302226409, 40.449233395878579 ], [ -79.9534834, 40.4496314 ], [ -79.953651, 40.4500302 ] ] } },
{ "type": "Feature", "properties": { "seg_id": "service-0737-00", "corridor": null, "walk_class": "service", "length_m": 87.9 }, "geometry": { "type": "LineString", "coordinates": [ [ -79.9541677, 40.4488701 ], [ -79.9547182, 40.4493261 ], [ -79.9547286, 40.4493487 ], [ -79.954727300000016, 40.4493742 ], [ -79.9547055, 40.449407 ], [ -79.9546687, 40.4494295 ], [ -79.9546337, 40.4494352 ], [ -79.954606461660063, 40.44942839041682 ] ] } },
{ "type": "Feature", "properties": { "seg_id": "service-0737-01", "corridor": null, "walk_class": "service", "length_m": 87.9 }, "geometry": { "type": "LineString", "coordinates": [ [ -79.954606461660063, 40.44942839041682 ], [ -79.9545937, 40.4494252 ], [ -79.9545609, 40.4494055 ], [ -79.9540333, 40.4489972 ], [ -79.9540249, 40.448972500000018 ], [ -79.9540443, 40.4489504 ], [ -79.9541677, 40.4488701 ] ] } },
{ "type": "Feature", "properties": { "seg_id": "fifth-avenue-0738-00", "corridor": "Fifth Avenue", "walk_class": "sidewalk", "length_m": 24.11 }, "geometry": { "type": "LineString", "coordinates": [ [ -79.9545581, 40.4444067 ], [ -79.9545789, 40.44438920000001 ], [ -79.9545831, 40.4443863 ], [ -79.9546696, 40.444327799999989 ], [ -79.954747, 40.4442761 ], [ -79.9547751, 40.4442696 ] ] } },
{ "type": "Feature", "properties": { "seg_id": "sidewalk-0739-00", "corridor": null, "walk_class": "sidewalk", "length_m": 3.05 }, "geometry": { "type": "LineString", "coordinates": [ [ -79.9548135, 40.4414687 ], [ -79.9547794, 40.441477499999984 ] ] } },
{ "type": "Feature", "properties": { "seg_id": "atwood-street-0740-00", "corridor": "Dawson Street", "walk_class": "sidewalk", "length_m": 95.13 }, "geometry": { "type": "LineString", "coordinates": [ [ -79.9528677, 40.436144599999984 ], [ -79.9528591, 40.4361863 ], [ -79.952857, 40.436198099999984 ], [ -79.9528493, 40.4362395 ], [ -79.95284, 40.4362891 ], [ -79.9528422, 40.436297699999983 ], [ -79.9528316, 40.4363272 ], [ -79.9525746, 40.436936 ], [ -79.9525962, 40.4369537 ], [ -79.95260304460605, 40.436959299999828 ] ] } },
{ "type": "Feature", "properties": { "seg_id": "atwood-street-0740-01", "corridor": "Atwood Street", "walk_class": "sidewalk", "length_m": 95.13 }, "geometry": { "type": "LineString", "coordinates": [ [ -79.95260304460605, 40.436959299999828 ], [ -79.9529674, 40.4372574 ], [ -79.9529729, 40.4372619 ], [ -79.9530034, 40.437287 ], [ -79.953031, 40.4373097 ], [ -79.9530381, 40.4373152 ], [ -79.953371418429626, 40.437583523078047 ] ] } },
{ "type": "Feature", "properties": { "seg_id": "atwood-street-0740-02", "corridor": "Atwood Street", "walk_class": "sidewalk", "length_m": 95.13 }, "geometry": { "type": "LineString", "coordinates": [ [ -79.953371418429626, 40.437583523078047 ], [ -79.9539145, 40.4380207 ], [ -79.9539409, 40.4380245 ], [ -79.9539595, 40.438017 ], [ -79.954134295442671, 40.437845210824619 ] ] } },
{ "type": "Feature", "properties": { "seg_id": "atwood-street-0740-03", "corridor": "Bates Street", "walk_class": "sidewalk", "length_m": 95.13 }, "geometry": { "type": "LineString", "coordinates": [ [ -79.954134295442671, 40.437845210824619 ], [ -79.954822668725555, 40.437168665450443 ] ] } },
{ "type": "Feature", "properties": { "seg_id": "atwood-street-0740-04", "corridor": "Semple Street", "walk_class": "sidewalk", "length_m": 95.13 }, "geometry": { "type": "LineString", "coordinates": [ [ -79.954822668725555, 40.437168665450443 ], [ -79.9548731, 40.437119100000011 ], [ -79.9548763, 40.4371144 ], [ -79.9548778, 40.4371094 ], [ -79.9548779, 40.4371036 ], [ -79.9548758, 40.437099 ], [ -79.9548728, 40.437096 ], [ -79.954864, 40.4370885 ], [ -79.9546315, 40.4369026 ], [ -79.9545987, 40.4368769 ], [ -79.9545705, 40.4368548 ], [ -79.954176424017263, 40.436540416851372 ] ] } },
{ "type": "Feature", "properties": { "seg_id": "atwood-street-0740-05", "corridor": "Cable Place", "walk_class": "sidewalk", "length_m": 95.13 }, "geometry": { "type": "LineString", "coordinates": [ [ -79.954176424017263, 40.436540416851372 ], [ -79.9540943, 40.4364749 ], [ -79.9540831, 40.4364662 ], [ -79.9540745, 40.436460099999984 ], [ -79.9540646, 40.4364552 ], [ -79.9540529, 40.4364525 ], [ -79.9539502, 40.436439300000011 ], [ -79.9539392, 40.4364396 ], [ -79.9539311, 40.4364419 ], [ -79.9539249, 40.436446599999982 ], [ -79.9535379, 40.43682290000001 ], [ -79.9535332, 40.436834 ], [ -79.9535434, 40.4368443 ], [ -79.953670802519952, 40.436918299763299 ] ] } },
{ "type": "Feature", "properties": { "seg_id": "atwood-street-0740-06", "corridor": "Melba Place", "walk_class": "sidewalk", "length_m": 95.13 }, "geometry": { "type": "LineString", "coordinates": [ [ -79.953670802519952, 40.436918299763299 ], [ -79.9537834, 40.4369837 ], [ -79.9541315, 40.4372608 ], [ -79.9541203, 40.4372677 ], [ -79.954095, 40.4372874 ], [ -79.9540637, 40.4373117 ], [ -79.954057, 40.4373171 ], [ -79.953798383918198, 40.437112208544121 ] ] } },
{ "type": "Feature", "properties": { "seg_id": "atwood-street-0740-07", "corridor": "Cable Place", "walk_class": "sidewalk", "length_m": 95.13 }, "geometry": { "type": "LineString", "coordinates": [ [ -79.953798383918198, 40.437112208544121 ], [ -79.9537003, 40.4370345 ], [ -79.9534882, 40.4369096 ], [ -79.9534678, 40.4369034 ], [ -79.953443, 40.4369169 ], [ -79.9530381, 40.4373152 ] ] } },
{ "type": "Feature", "properties": { "seg_id": "sidewalk-0741-00", "corridor": null, "walk_class": "sidewalk", "length_m": 45.97 }, "geometry": { "type": "LineString", "coordinates": [ [ -79.9547625, 40.440464 ], [ -79.9546766, 40.4405099 ], [ -79.9545559, 40.4405477 ], [ -79.9547142, 40.4406222 ], [ -79.9548174, 40.4405742 ] ] } },
{ "type": "Feature", "properties": { "seg_id": "bigelow-boulevard-0742-00", "corridor": "Bigelow Boulevard", "walk_class": "sidewalk", "length_m": 23.79 }, "geometry": { "type": "LineString", "coordinates": [ [ -79.9547507, 40.4445772 ], [ -79.9547399, 40.4445682 ], [ -79.9546652, 40.4445047 ], [ -79.9545847, 40.4444401 ], [ -79.9545591, 40.4444207 ] ] } },
{ "type": "Feature", "properties": { "seg_id": "service-0743-00", "corridor": null, "walk_class": "service", "length_m": 95.34 }, "geometry": { "type": "LineString", "coordinates": [ [ -79.9539295, 40.451027499999988 ], [ -79.9540053, 40.4510049 ], [ -79.9540644, 40.450976699999984 ], [ -79.9540989, 40.4509521 ], [ -79.9541321, 40.4509201 ], [ -79.9541465, 40.4508893 ], [ -79.9538921, 40.4503113 ], [ -79.953892379388137, 40.450287272645845 ] ] } },
{ "type": "Feature", "properties": { "seg_id": "service-0743-01", "corridor": null, "walk_class": "service", "length_m": 95.34 }, "geometry": { "type": "LineString", "coordinates": [ [ -79.953892379388137, 40.450287272645845 ], [ -79.9538928, 40.4502511 ], [ -79.9538968, 40.4501986 ], [ -79.9539028, 40.4501593 ], [ -79.9539249, 40.4501327 ], [ -79.9546354, 40.4496923 ] ] } },
{ "type": "Feature", "properties": { "seg_id": "sidewalk-0744-00", "corridor": null, "walk_class": "sidewalk", "length_m": 108.73 }, "geometry": { "type": "LineString", "coordinates": [ [ -79.9547611, 40.4403262 ], [ -79.9546686, 40.440316 ], [ -79.9545868, 40.4402843 ], [ -79.9544875, 40.440217 ], [ -79.9544312, 40.4401904 ], [ -79.9543749, 40.4401782 ], [ -79.9543145, 40.4401465 ], [ -79.9542944, 40.4401128 ], [ -79.9543065, 40.4400598 ], [ -79.9542676, 40.440009799999984 ], [ -79.954281, 40.4399823 ], [ -79.9543004, 40.4399547 ], [ -79.9543353, 40.4399277 ], [ -79.9546038, 40.439729 ], [ -79.9546538, 40.4396936 ] ] } },
{ "type": "Feature", "properties": { "seg_id": "steps-0745-00", "corridor": null, "walk_class": "steps", "length_m": 9.51 }, "geometry": { "type": "LineString", "coordinates": [ [ -79.9546721, 40.4428074 ], [ -79.954662200000016, 40.4427834 ], [ -79.9546468, 40.4427569 ], [ -79.9546229, 40.4427312 ] ] } },
{ "type": "Feature", "properties": { "seg_id": "forbes-avenue-0746-00", "corridor": null, "walk_class": "sidewalk", "length_m": 87.18 }, "geometry": { "type": "LineString", "coordinates": [ [ -79.953769, 40.4426484 ], [ -79.9537493, 40.4426036 ], [ -79.9537601, 40.442574 ], [ -79.9536725, 40.4423686 ], [ -79.954282168143436, 40.442212309410806 ] ] } },
{ "type": "Feature", "properties": { "seg_id": "forbes-avenue-0746-01", "corridor": null, "walk_class": "sidewalk", "length_m": 87.18 }, "geometry": { "type": "LineString", "coordinates": [ [ -79.954282168143436, 40.442212309410806 ], [ -79.9544043, 40.442181 ], [ -79.9544764, 40.4423391 ], [ -79.9545036, 40.4423421 ], [ -79.9545338, 40.442409900000015 ], [ -79.9545175, 40.44243 ], [ -79.9546384, 40.4427049 ], [ -79.9546229, 40.4427312 ], [ -79.954518168200622, 40.442758007567221 ] ] } },
{ "type": "Feature", "properties": { "seg_id": "forbes-avenue-0746-02", "corridor": "Forbes Avenue", "walk_class": "sidewalk", "length_m": 87.18 }, "geometry": { "type": "LineString", "coordinates": [ [ -79.954518168200622, 40.442758007567221 ], [ -79.9539099, 40.4429137 ], [ -79.9538156, 40.4427047 ], [ -79.9537907, 40.4427005 ], [ -79.953769, 40.4426484 ] ] } },
{ "type": "Feature", "properties": { "seg_id": "sidewalk-0747-00", "corridor": null, "walk_class": "sidewalk", "length_m": 32.39 }, "geometry": { "type": "LineString", "coordinates": [ [ -79.9545558, 40.4430132 ], [ -79.9546238, 40.4430759 ], [ -79.9546306, 40.4430937 ], [ -79.9546306, 40.4431168 ], [ -79.954578200000014, 40.4431788 ], [ -79.9545024, 40.4432344 ], [ -79.9544875, 40.4432436 ] ] } },
{ "type": "Feature", "properties": { "seg_id": "alpena-street-0748-00", "corridor": "Alpena Street", "walk_class": "steps", "length_m": 66.97 }, "geometry": { "type": "LineString", "coordinates": [ [ -79.9544488, 40.4533108 ], [ -79.9543266, 40.4531964 ], [ -79.9542614, 40.4530976 ], [ -79.954227, 40.4530226 ], [ -79.9542214, 40.4528171 ], [ -79.954144200000016, 40.4528064 ] ] } },
{ "type": "Feature", "properties": { "seg_id": "north-bellefield-avenue-0749-00", "corridor": "North Bellefield Avenue", "walk_class": "street", "length_m": 32.26 }, "geometry": { "type": "LineString", "coordinates": [ [ -79.9544447, 40.4520859 ], [ -79.9544301, 40.452052699999989 ], [ -79.9543235, 40.4518104 ] ] } },
{ "type": "Feature", "properties": { "seg_id": "fifth-avenue-0750-00", "corridor": "Bigelow Boulevard", "walk_class": "sidewalk", "length_m": 93.8 }, "geometry": { "type": "LineString", "coordinates": [ [ -79.9532589, 40.44335 ], [ -79.9534725, 40.4435288 ], [ -79.9537621, 40.4437509 ], [ -79.9538048, 40.443785 ], [ -79.9539569, 40.4439064 ], [ -79.954023436438064, 40.443960340627193 ] ] } },
{ "type": "Feature", "properties": { "seg_id": "fifth-avenue-0750-01", "corridor": "Bigelow Boulevard", "walk_class": "sidewalk", "length_m": 93.8 }, "geometry": { "type": "LineString", "coordinates": [ [ -79.954023436438064, 40.443960340627193 ], [ -79.954071, 40.4439989 ], [ -79.9542148, 40.4441355 ], [ -79.9542768, 40.4441751 ], [ -79.95455010000002, 40.4443894 ], [ -79.9545576, 40.4444006 ], [ -79.9545581, 40.4444067 ], [ -79.9545591, 40.4444207 ], [ -79.9545572, 40.4444343 ], [ -79.95454890000002, 40.4444463 ], [ -79.954363222867826, 40.444581191289494 ] ] } },
{ "type": "Feature", "properties": { "seg_id": "fifth-avenue-0750-02", "corridor": "Fifth Avenue", "walk_class": "sidewalk", "length_m": 93.8 }, "geometry": { "type": "LineString", "coordinates": [ [ -79.954363222867826, 40.444581191289494 ], [ -79.9539654, 40.4448702 ], [ -79.9538512, 40.4449532 ], [ -79.953754, 40.44502390000001 ], [ -79.9537132, 40.445053499999986 ], [ -79.953561818427815, 40.445163474530332 ] ] } },
{ "type": "Feature", "properties": { "seg_id": "fifth-avenue-0750-03", "corridor": "Fifth Avenue", "walk_class": "sidewalk", "length_m": 93.8 }, "geometry": { "type": "LineString", "coordinates": [ [ -79.953561818427815, 40.445163474530332 ], [ -79.9533509, 40.4453167 ], [ -79.9530922, 40.445506 ], [ -79.9529899, 40.4455809 ], [ -79.95276245673432, 40.445747398075852 ] ] } },
{ "type": "Feature", "properties": { "seg_id": "fifth-avenue-0750-04", "corridor": "Fifth Avenue", "walk_class": "sidewalk", "length_m": 93.8 }, "geometry": { "type": "LineString", "coordinates": [ [ -79.95276245673432, 40.445747398075852 ], [ -79.9520006, 40.446305099999989 ], [ -79.9519858, 40.4463099 ], [ -79.9519801, 40.4463117 ], [ -79.9519516, 40.44631 ] ] } },
{ "type": "Feature", "properties": { "seg_id": "service-0751-00", "corridor": null, "walk_class": "service", "length_m": 89.39 }, "geometry": { "type": "LineString", "coordinates": [ [ -79.9537778, 40.4460738 ], [ -79.9538277, 40.4460363 ], [ -79.953928800000014, 40.4459603 ], [ -79.9541479, 40.4457957 ], [ -79.9544813, 40.4455543 ], [ -79.9545361, 40.4455146 ] ] } },
{ "type": "Feature", "properties": { "seg_id": "service-0752-00", "corridor": null, "walk_class": "service", "length_m": 22.07 }, "geometry": { "type": "LineString", "coordinates": [ [ -79.9543421, 40.4453568 ], [ -79.9543959, 40.4453228 ], [ -79.9545351, 40.445223500000012 ] ] } },
{ "type": "Feature", "properties": { "seg_id": "bates-street-0753-00", "corridor": "Bates Street", "walk_class": "sidewalk", "length_m": 13.17 }, "geometry": { "type": "LineString", "coordinates": [ [ -79.9545704, 40.4376224 ], [ -79.9545742, 40.4376118 ], [ -79.9546009, 40.4375726 ], [ -79.9546296, 40.4375304 ], [ -79.9546422, 40.4375177 ] ] } },
{ "type": "Feature", "properties": { "seg_id": "forbes-avenue-0754-00", "corridor": null, "walk_class": "sidewalk", "length_m": 112.03 }, "geometry": { "type": "LineString", "coordinates": [ [ -79.9545558, 40.4430132 ], [ -79.9545316, 40.4430922 ], [ -79.9544059, 40.4431873 ], [ -79.9543147, 40.4432261 ], [ -79.9542557, 40.4432384 ], [ -79.9542208, 40.443271 ], [ -79.954194, 40.4432915 ], [ -79.954194, 40.443418 ], [ -79.9542235, 40.4434762 ], [ -79.9542315, 40.4434935 ], [ -79.9543212, 40.4435765 ], [ -79.9542789, 40.4438551 ] ] } },
{ "type": "Feature", "properties": { "seg_id": "service-0755-00", "corridor": null, "walk_class": "service", "length_m": 103.92 }, "geometry": { "type": "LineString", "coordinates": [ [ -79.9538886, 40.4375735 ], [ -79.9541402, 40.4373239 ], [ -79.9543878, 40.4370825 ], [ -79.9545987, 40.4368769 ], [ -79.954642100000015, 40.4368354 ] ] } },
{ "type": "Feature", "properties": { "seg_id": "sidewalk-0756-00", "corridor": null, "walk_class": "sidewalk", "length_m": 14.18 }, "geometry": { "type": "LineString", "coordinates": [ [ -79.9544059, 40.4431873 ], [ -79.9544476, 40.4432117 ], [ -79.9544875, 40.4432436 ], [ -79.9545268, 40.443275 ] ] } },
{ "type": "Feature", "properties": { "seg_id": "service-0757-00", "corridor": null, "walk_class": "service", "length_m": 100.71 }, "geometry": { "type": "LineString", "coordinates": [ [ -79.9544577, 40.4463563 ], [ -79.9540601, 40.4460371 ], [ -79.9540351, 40.4460561 ], [ -79.9544252, 40.4463793 ] ] } },
{ "type": "Feature", "properties": { "seg_id": "sidewalk-0758-00", "corridor": null, "walk_class": "sidewalk", "length_m": 17.93 }, "geometry": { "type": "LineString", "coordinates": [ [ -79.9545264, 40.4418312 ], [ -79.9544776, 40.4417075 ], [ -79.9545179, 40.4416976 ] ] } },
{ "type": "Feature", "properties": { "seg_id": "sidewalk-0759-00", "corridor": null, "walk_class": "sidewalk", "length_m": 20.43 }, "geometry": { "type": "LineString", "coordinates": [ [ -79.9544269, 40.4418721 ], [ -79.9544573, 40.4419367 ], [ -79.9545085, 40.4420453 ] ] } },
{ "type": "Feature", "properties": { "seg_id": "sidewalk-0760-00", "corridor": null, "walk_class": "sidewalk", "length_m": 23.08 }, "geometry": { "type": "LineString", "coordinates": [ [ -79.9542789, 40.4438551 ], [ -79.9544773, 40.4437128 ] ] } },
{ "type": "Feature", "properties": { "seg_id": "sidewalk-0761-00", "corridor": null, "walk_class": "sidewalk", "length_m": 7.56 }, "geometry": { "type": "LineString", "coordinates": [ [ -79.9544017, 40.4402353 ], [ -79.9544875, 40.440217 ] ] } },
{ "type": "Feature", "properties": { "seg_id": "service-0762-00", "corridor": null, "walk_class": "service", "length_m": 47.23 }, "geometry": { "type": "LineString", "coordinates": [ [ -79.9544787, 40.4395521 ], [ -79.9544292, 40.4395889 ], [ -79.9540734, 40.4398438 ] ] } },
{ "type": "Feature", "properties": { "seg_id": "service-0763-00", "corridor": null, "walk_class": "service", "length_m": 119.89 }, "geometry": { "type": "LineString", "coordinates": [ [ -79.9539738, 40.4525188 ], [ -79.9541239, 40.4524484 ], [ -79.9542821, 40.4520627 ], [ -79.9539965, 40.4521637 ], [ -79.9541239, 40.4524484 ] ] } },
{ "type": "Feature", "properties": { "seg_id": "service-0764-00", "corridor": null, "walk_class": "service", "length_m": 104.96 }, "geometry": { "type": "LineString", "coordinates": [ [ -79.9541239, 40.4524484 ], [ -79.9539965, 40.4521637 ], [ -79.9542821, 40.4520627 ], [ -79.9541239, 40.4524484 ] ] } },
{ "type": "Feature", "properties": { "seg_id": "service-0765-00", "corridor": null, "walk_class": "service", "length_m": 95.31 }, "geometry": { "type": "LineString", "coordinates": [ [ -79.9534602, 40.4478343 ], [ -79.953519, 40.4478815 ], [ -79.9536028, 40.4479487 ], [ -79.9536497, 40.4479961 ], [ -79.9537333, 40.4480637 ], [ -79.9538041, 40.4481224 ], [ -79.9538746, 40.4481773 ], [ -79.9539173, 40.4482135 ], [ -79.9539688, 40.4482286 ], [ -79.9540036, 40.4482201 ], [ -79.9540456, 40.4481966 ], [ -79.9542146, 40.4480934 ], [ -79.9542837, 40.4480512 ] ] } },
{ "type": "Feature", "properties": { "seg_id": "sidewalk-0766-00", "corridor": null, "walk_class": "sidewalk", "length_m": 53.79 }, "geometry": { "type": "LineString", "coordinates": [ [ -79.9543749, 40.4401782 ], [ -79.9544017, 40.4402353 ], [ -79.954382900000013, 40.4402639 ], [ -79.95434, 40.4402955 ], [ -79.9540828, 40.4405807 ] ] } },
{ "type": "Feature", "properties": { "seg_id": "service-0767-00", "corridor": null, "walk_class": "service", "length_m": 37.41 }, "geometry": { "type": "LineString", "coordinates": [ [ -79.954235, 40.4452696 ], [ -79.9542755, 40.445230499999987 ], [ -79.9543005, 40.4451983 ], [ -79.9542182, 40.4450926 ], [ -79.9541175, 40.4451025 ], [ -79.9540662, 40.4451322 ] ] } },
{ "type": "Feature", "properties": { "seg_id": "service-0768-00", "corridor": null, "walk_class": "service", "length_m": 20.97 }, "geometry": { "type": "LineString", "coordinates": [ [ -79.9543878, 40.4370825 ], [ -79.9541965, 40.4369629 ] ] } },
{ "type": "Feature", "properties": { "seg_id": "north-dithridge-street-0769-00", "corridor": "North Dithridge Street", "walk_class": "street", "length_m": 80.37 }, "geometry": { "type": "LineString", "coordinates": [ [ -79.9533454, 40.451493399999983 ], [ -79.9533825, 40.451554 ], [ -79.9534165, 40.451609500000011 ], [ -79.9536723, 40.4520269 ], [ -79.953747204791313, 40.452149053617269 ] ] } },
{ "type": "Feature", "properties": { "seg_id": "north-dithridge-street-0769-01", "corridor": "North Dithridge Street", "walk_class": "street", "length_m": 80.37 }, "geometry": { "type": "LineString", "coordinates": [ [ -79.953747204791313, 40.452149053617269 ], [ -79.9537782, 40.4521996 ], [ -79.9539738, 40.4525188 ], [ -79.9540965, 40.4527259 ], [ -79.954144200000016, 40.4528064 ] ] } },
{ "type": "Feature", "properties": { "seg_id": "south-bouquet-street-0770-00", "corridor": "South Bouquet Street", "walk_class": "sidewalk", "length_m": 16.51 }, "geometry": { "type": "LineString", "coordinates": [ [ -79.9541748, 40.440838 ], [ -79.9541846, 40.4408423 ], [ -79.9542436, 40.4408821 ], [ -79.9543098, 40.4409227 ], [ -79.9543238, 40.4409334 ] ] } },
{ "type": "Feature", "properties": { "seg_id": "service-0771-00", "corridor": null, "walk_class": "service", "length_m": 64.32 }, "geometry": { "type": "LineString", "coordinates": [ [ -79.9540965, 40.4527259 ], [ -79.9540757, 40.452755 ], [ -79.9540594, 40.4527678 ], [ -79.9540375, 40.4527784 ], [ -79.953996, 40.4527844 ], [ -79.9539108, 40.4527904 ], [ -79.9538802, 40.4528016 ], [ -79.953853, 40.4528136 ], [ -79.9538406, 40.4528177 ], [ -79.9538289, 40.4528322 ], [ -79.9538182, 40.4528578 ], [ -79.9538221, 40.4528886 ], [ -79.9538361, 40.4529283 ], [ -79.9538485, 40.452953 ], [ -79.9538692, 40.4529803 ], [ -79.9539141, 40.4530205 ], [ -79.9539601, 40.4530503 ], [ -79.954007200000021, 40.4530636 ], [ -79.9540581, 40.4530704 ] ] } },
{ "type": "Feature", "properties": { "seg_id": "sidewalk-0772-00", "corridor": null, "walk_class": "sidewalk", "length_m": 89.93 }, "geometry": { "type": "LineString", "coordinates": [ [ -79.9542148, 40.4441355 ], [ -79.9540893, 40.444123 ], [ -79.9539069, 40.4442539 ], [ -79.9534087, 40.4446114 ] ] } },
{ "type": "Feature", "properties": { "seg_id": "centre-avenue-0773-00", "corridor": "Centre Avenue", "walk_class": "sidewalk", "length_m": 14.72 }, "geometry": { "type": "LineString", "coordinates": [ [ -79.954100400000016, 40.4512008 ], [ -79.9540808, 40.4512041 ], [ -79.9540155, 40.4512231 ], [ -79.9539581, 40.4512398 ], [ -79.953937, 40.4512451 ] ] } },
{ "type": "Feature", "properties": { "seg_id": "schenley-drive-0774-00", "corridor": null, "walk_class": "sidewalk", "length_m": 59.01 }, "geometry": { "type": "LineString", "coordinates": [ [ -79.954194, 40.443418 ], [ -79.9540303, 40.44333839999998 ], [ -79.9538399, 40.4432445 ], [ -79.9537997, 40.4432118 ], [ -79.9537946, 40.4432029 ], [ -79.9537633, 40.4431291 ], [ -79.9537388, 40.4430731 ], [ -79.9537304, 40.4430552 ] ] } },
{ "type": "Feature", "properties": { "seg_id": "forbes-avenue-0775-00", "corridor": "Forbes Avenue", "walk_class": "sidewalk", "length_m": 14.83 }, "geometry": { "type": "LineString", "coordinates": [ [ -79.954194, 40.4432915 ], [ -79.9540303, 40.44333839999998 ] ] } },
{ "type": "Feature", "properties": { "seg_id": "service-0776-00", "corridor": null, "walk_class": "service", "length_m": 20.07 }, "geometry": { "type": "LineString", "coordinates": [ [ -79.9542586, 40.4361387 ], [ -79.9541896, 40.4361288 ], [ -79.9540255, 40.4361075 ] ] } },
{ "type": "Feature", "properties": { "seg_id": "schenley-drive-0777-00", "corridor": "Panther Hollow Road", "walk_class": "sidewalk", "length_m": 96.87 }, "geometry": { "type": "LineString", "coordinates": [ [ -79.9475752, 40.4380617 ], [ -79.9475051, 40.4381113 ], [ -79.9474058, 40.4381733 ], [ -79.9473943, 40.4381815 ], [ -79.9473156, 40.4382374 ], [ -79.9473081, 40.4382427 ], [ -79.9472202, 40.4383061 ], [ -79.9471413, 40.438363 ], [ -79.9470572, 40.438421 ], [ -79.9469582, 40.438492 ], [ -79.9467745, 40.4386236 ], [ -79.94673461177355, 40.438652191983572 ] ] } },
{ "type": "Feature", "properties": { "seg_id": "schenley-drive-0777-01", "corridor": "Schenley Drive", "walk_class": "sidewalk", "length_m": 96.87 }, "geometry": { "type": "LineString", "coordinates": [ [ -79.94673461177355, 40.438652191983572 ], [ -79.9467007, 40.438676499999985 ], [ -79.94662150000002, 40.4387346 ], [ -79.9466079, 40.4387744 ], [ -79.946616, 40.438811600000015 ], [ -79.9467595, 40.4390771 ], [ -79.9468875, 40.4393486 ], [ -79.946929469436711, 40.439441816405974 ] ] } },
{ "type": "Feature", "properties": { "seg_id": "schenley-drive-0777-02", "corridor": "Schenley Drive", "walk_class": "sidewalk", "length_m": 96.87 }, "geometry": { "type": "LineString", "coordinates": [ [ -79.946929469436711, 40.439441816405974 ], [ -79.946954, 40.4394963 ], [ -79.9470086, 40.4396168 ], [ -79.9470883, 40.4397448 ], [ -79.9472137, 40.4398861 ], [ -79.9473439, 40.440007499999986 ], [ -79.947491900000017, 40.4401234 ], [ -79.947545743449012, 40.440161669198957 ] ] } },
{ "type": "Feature", "properties": { "seg_id": "schenley-drive-0777-03", "corridor": "Schenley Drive", "walk_class": "sidewalk", "length_m": 96.87 }, "geometry": { "type": "LineString", "coordinates": [ [ -79.947545743449012, 40.440161669198957 ], [ -79.947754300000014, 40.44030990000001 ], [ -79.9481483, 40.4405925 ], [ -79.9482412, 40.4406508 ], [ -79.9483142, 40.4406941 ], [ -79.948394950209149, 40.440744510581915 ] ] } },
{ "type": "Feature", "properties": { "seg_id": "schenley-drive-0777-04", "corridor": "Schenley Drive", "walk_class": "sidewalk", "length_m": 96.87 }, "geometry": { "type": "LineString", "coordinates": [ [ -79.948394950209149, 40.440744510581915 ], [ -79.9484526, 40.4407805 ], [ -79.9485015, 40.4408225 ], [ -79.9487754, 40.4409515 ], [ -79.949328581091109, 40.441243544518265 ] ] } },
{ "type": "Feature", "properties": { "seg_id": "schenley-drive-0777-05", "corridor": "Schenley Drive", "walk_class": "sidewalk", "length_m": 96.87 }, "geometry": { "type": "LineString", "coordinates": [ [ -79.949328581091109, 40.441243544518265 ], [ -79.9493535, 40.4412567 ], [ -79.949818, 40.44154 ], [ -79.9500272, 40.4416781 ], [ -79.9500864, 40.4417078 ], [ -79.9501789, 40.4417609 ], [ -79.950224241257217, 40.44178407719491 ] ] } },
{ "type": "Feature", "properties": { "seg_id": "schenley-drive-0777-06", "corridor": "Schenley Drive", "walk_class": "sidewalk", "length_m": 96.87 }, "geometry": { "type": "LineString", "coordinates": [ [ -79.950224241257217, 40.44178407719491 ], [ -79.9505191, 40.441934799999984 ], [ -79.9507714, 40.4420365 ], [ -79.951242974618154, 40.442168356969368 ] ] } },
{ "type": "Feature", "properties": { "seg_id": "schenley-drive-0777-07", "corridor": "Schenley Drive", "walk_class": "sidewalk", "length_m": 96.87 }, "geometry": { "type": "LineString", "coordinates": [ [ -79.951242974618154, 40.442168356969368 ], [ -79.9512839, 40.4421798 ], [ -79.9514798, 40.4422305 ], [ -79.9516108, 40.4422599 ], [ -79.951619, 40.44226170000001 ], [ -79.9518132, 40.4422931 ], [ -79.9519335, 40.44230240000001 ], [ -79.9520517, 40.4422785 ], [ -79.9521646, 40.442226 ], [ -79.952282697537058, 40.442129558284229 ] ] } },
{ "type": "Feature", "properties": { "seg_id": "schenley-drive-0777-08", "corridor": "Roberto & Vera Clemente Drive", "walk_class": "sidewalk", "length_m": 96.87 }, "geometry": { "type": "LineString", "coordinates": [ [ -79.952282697537058, 40.442129558284229 ], [ -79.9522933, 40.4421209 ], [ -79.9524157, 40.4419609 ], [ -79.9524849, 40.441855900000014 ], [ -79.9526098, 40.44169440000001 ], [ -79.9526848, 40.441589 ], [ -79.9527639, 40.4414657 ], [ -79.9528174, 40.4413943 ], [ -79.9528401, 40.441375300000011 ], [ -79.952844567147864, 40.441371567954242 ] ] } },
{ "type": "Feature", "properties": { "seg_id": "schenley-drive-0777-09", "corridor": "Roberto & Vera Clemente Drive", "walk_class": "sidewalk", "length_m": 96.87 }, "geometry": { "type": "LineString", "coordinates": [ [ -79.952844567147864, 40.441371567954242 ], [ -79.9528717, 40.4413489 ], [ -79.9529422, 40.441293399999985 ], [ -79.9530035, 40.4412562 ], [ -79.9530717, 40.44122260000001 ], [ -79.953124, 40.4412016 ], [ -79.9531554, 40.441189 ], [ -79.9532461, 40.4411624 ], [ -79.9534236, 40.4411158 ], [ -79.9538531, 40.441003099999989 ], [ -79.95386042122125, 40.441001048489227 ] ] } },
{ "type": "Feature", "properties": { "seg_id": "schenley-drive-0777-10", "corridor": "South Bouquet Street", "walk_class": "sidewalk", "length_m": 96.87 }, "geometry": { "type": "LineString", "coordinates": [ [ -79.95386042122125, 40.441001048489227 ], [ -79.9539648, 40.4409718 ], [ -79.954026, 40.44094530000001 ], [ -79.9540911, 40.4409111 ], [ -79.9541376, 40.440881600000012 ], [ -79.9541748, 40.440838 ], [ -79.9541756, 40.4408084 ], [ -79.9541733, 40.4407754 ], [ -79.9541407, 40.440742299999989 ], [ -79.953964, 40.4406467 ], [ -79.9537841, 40.4405464 ], [ -79.9537337, 40.4405187 ], [ -79.9537017, 40.4405111 ], [ -79.9536849, 40.4405128 ], [ -79.953619799793572, 40.440512466423485 ] ] } },
{ "type": "Feature", "properties": { "seg_id": "schenley-drive-0777-11", "corridor": "Joncaire Street", "walk_class": "sidewalk", "length_m": 96.87 }, "geometry": { "type": "LineString", "coordinates": [ [ -79.953619799793572, 40.440512466423485 ], [ -79.9533337, 40.440511 ], [ -79.9533169, 40.4405109 ], [ -79.953262, 40.4405105 ], [ -79.952477691222114, 40.440504158226801 ] ] } },
{ "type": "Feature", "properties": { "seg_id": "schenley-drive-0777-12", "corridor": "Joncaire Street", "walk_class": "sidewalk", "length_m": 96.87 }, "geometry": { "type": "LineString", "coordinates": [ [ -79.952477691222114, 40.440504158226801 ], [ -79.9514944, 40.4404962 ], [ -79.951335584850483, 40.440496219744297 ] ] } },
{ "type": "Feature", "properties": { "seg_id": "schenley-drive-0777-13", "corridor": "Joncaire Street", "walk_class": "sidewalk", "length_m": 96.87 }, "geometry": { "type": "LineString", "coordinates": [ [ -79.951335584850483, 40.440496219744297 ], [ -79.950671, 40.440496300000014 ], [ -79.950306900000015, 40.4404928 ], [ -79.9503117, 40.440436899999987 ], [ -79.9503142, 40.4404063 ] ] } },
{ "type": "Feature", "properties": { "seg_id": "sidewalk-0778-00", "corridor": null, "walk_class": "sidewalk", "length_m": 81.07 }, "geometry": { "type": "LineString", "coordinates": [ [ -79.9533195, 40.4437795 ], [ -79.9535007, 40.4439051 ], [ -79.9535201, 40.4439124 ], [ -79.953563, 40.443945 ], [ -79.9536145, 40.4439516 ], [ -79.9536574, 40.4439842 ], [ -79.953666, 40.4440234 ], [ -79.9537175, 40.4440692 ], [ -79.9537432, 40.4440888 ], [ -79.9540893, 40.444123 ] ] } },
{ "type": "Feature", "properties": { "seg_id": "service-0779-00", "corridor": null, "walk_class": "service", "length_m": 63.35 }, "geometry": { "type": "LineString", "coordinates": [ [ -79.9540552, 40.4449411 ], [ -79.9539654, 40.4448702 ], [ -79.9539487, 40.4448571 ], [ -79.9539177, 40.44484 ], [ -79.9538737, 40.4448351 ], [ -79.9538329, 40.4448443 ], [ -79.9538006, 40.4448619 ], [ -79.9537691, 40.44488530000001 ], [ -79.9537081, 40.4449306 ], [ -79.9536874, 40.4449586 ], [ -79.9536831, 40.4449993 ], [ -79.9536938, 40.4450273 ], [ -79.9537132, 40.445053499999986 ], [ -79.9537969, 40.4451263 ] ] } },
{ "type": "Feature", "properties": { "seg_id": "semple-street-0780-00", "corridor": "Semple Street", "walk_class": "sidewalk", "length_m": 109.55 }, "geometry": { "type": "LineString", "coordinates": [ [ -79.9541896, 40.4361288 ], [ -79.9541426, 40.4363388 ], [ -79.95414, 40.4363466 ], [ -79.9541361, 40.4363513 ], [ -79.9541293, 40.436355 ], [ -79.9541202, 40.4363576 ], [ -79.9541098, 40.4363571 ], [ -79.9536475, 40.436296 ], [ -79.9535293, 40.4362803 ], [ -79.9533143, 40.4362519 ], [ -79.953157523979471, 40.436231181846424 ] ] } },
{ "type": "Feature", "properties": { "seg_id": "semple-street-0780-01", "corridor": "Semple Street", "walk_class": "sidewalk", "length_m": 109.55 }, "geometry": { "type": "LineString", "coordinates": [ [ -79.953157523979471, 40.436231181846424 ], [ -79.9528739, 40.4361937 ], [ -79.9528591, 40.4361863 ], [ -79.9528456, 40.4361819 ], [ -79.9527918, 40.4361699 ], [ -79.9527384, 40.4361579 ], [ -79.95272, 40.4361591 ], [ -79.9526946, 40.43616260000001 ], [ -79.9518919, 40.4360532 ] ] } },
{ "type": "Feature", "properties": { "seg_id": "bigelow-boulevard-0781-00", "corridor": "Bigelow Boulevard", "walk_class": "sidewalk", "length_m": 11.73 }, "geometry": { "type": "LineString", "coordinates": [ [ -79.953907500000014, 40.447403 ], [ -79.9539147, 40.4473961 ], [ -79.9539686, 40.4473574 ], [ -79.9539961, 40.4473375 ], [ -79.9540069, 40.4473296 ] ] } },
{ "type": "Feature", "properties": { "seg_id": "north-bellefield-avenue-0782-00", "corridor": "Centre Avenue", "walk_class": "sidewalk", "length_m": 101.06 }, "geometry": { "type": "LineString", "coordinates": [ [ -79.9532245, 40.4514526 ], [ -79.9532541, 40.4514492 ], [ -79.953311, 40.451434500000012 ], [ -79.9533667, 40.4514202 ], [ -79.9533805, 40.4514128 ], [ -79.9533905, 40.4514141 ], [ -79.9539249, 40.4512559 ], [ -79.953937, 40.4512451 ], [ -79.953936, 40.45123490000001 ], [ -79.953804400265582, 40.450937592035899 ] ] } },
{ "type": "Feature", "properties": { "seg_id": "north-bellefield-avenue-0782-01", "corridor": "North Bellefield Avenue", "walk_class": "sidewalk", "length_m": 101.06 }, "geometry": { "type": "LineString", "coordinates": [ [ -79.953804400265582, 40.450937592035899 ], [ -79.9537863, 40.4508967 ], [ -79.9536432, 40.4505717 ], [ -79.9535085, 40.4502659 ], [ -79.9534864, 40.4502425 ], [ -79.9534747, 40.4502172 ], [ -79.9534552, 40.4501712 ], [ -79.9534381, 40.450131 ], [ -79.953414771727523, 40.450078580408594 ] ] } },
{ "type": "Feature", "properties": { "seg_id": "north-bellefield-avenue-0782-02", "corridor": "North Bellefield Avenue", "walk_class": "sidewalk", "length_m": 101.06 }, "geometry": { "type": "LineString", "coordinates": [ [ -79.953414771727523, 40.450078580408594 ], [ -79.953294, 40.4498072 ], [ -79.9531518, 40.4495061 ], [ -79.9531297, 40.4494557 ], [ -79.9531119, 40.4494151 ], [ -79.9530663, 40.449314 ], [ -79.953023285412698, 40.449218761657917 ] ] } },
{ "type": "Feature", "properties": { "seg_id": "north-bellefield-avenue-0782-03", "corridor": "North Bellefield Avenue", "walk_class": "sidewalk", "length_m": 101.06 }, "geometry": { "type": "LineString", "coordinates": [ [ -79.953023285412698, 40.449218761657917 ], [ -79.9528678, 40.4488745 ], [ -79.9528199, 40.4487683 ], [ -79.9527565, 40.4486279 ], [ -79.9527094, 40.4485226 ], [ -79.9526959, 40.4485033 ], [ -79.9526812, 40.4484982 ], [ -79.9526737, 40.4484826 ], [ -79.9526406, 40.4484318 ], [ -79.9526076, 40.4483812 ], [ -79.9526, 40.4483731 ] ] } },
{ "type": "Feature", "properties": { "seg_id": "pier-street-0783-00", "corridor": "Pier Street", "walk_class": "street", "length_m": 127.51 }, "geometry": { "type": "LineString", "coordinates": [ [ -79.9529922, 40.4400245 ], [ -79.9530226, 40.4399921 ], [ -79.9533273, 40.4397715 ], [ -79.9536605, 40.4395287 ], [ -79.9537245, 40.4394841 ], [ -79.9540255, 40.4392632 ], [ -79.9540733, 40.4392274 ] ] } },
{ "type": "Feature", "properties": { "seg_id": "cable-place-0784-00", "corridor": "Cable Place", "walk_class": "sidewalk", "length_m": 12.33 }, "geometry": { "type": "LineString", "coordinates": [ [ -79.9541098, 40.4363571 ], [ -79.9541069, 40.4363647 ], [ -79.9540975, 40.4364093 ], [ -79.9540854, 40.4364577 ], [ -79.9540831, 40.4364662 ] ] } },
{ "type": "Feature", "properties": { "seg_id": "pier-street-0785-00", "corridor": "Pier Street", "walk_class": "sidewalk", "length_m": 116.13 }, "geometry": { "type": "LineString", "coordinates": [ [ -79.9540636, 40.4392928 ], [ -79.9536987, 40.4395558 ], [ -79.9533915, 40.439777300000017 ], [ -79.9533751, 40.439793 ], [ -79.9533528, 40.439814299999988 ], [ -79.9530717, 40.4400133 ] ] } },
{ "type": "Feature", "properties": { "seg_id": "service-0786-00", "corridor": null, "walk_class": "service", "length_m": 67.9 }, "geometry": { "type": "LineString", "coordinates": [ [ -79.9538597, 40.4508756 ], [ -79.9537863, 40.4508967 ], [ -79.9532009, 40.4510624 ], [ -79.953171700000013, 40.4510707 ], [ -79.9531091, 40.4510884 ] ] } },
{ "type": "Feature", "properties": { "seg_id": "north-bellefield-avenue-0787-00", "corridor": "North Bellefield Avenue", "walk_class": "sidewalk", "length_m": 92.44 }, "geometry": { "type": "LineString", "coordinates": [ [ -79.9523633, 40.4473738 ], [ -79.952722961353857, 40.448159848591089 ] ] } },
{ "type": "Feature", "properties": { "seg_id": "north-bellefield-avenue-0787-01", "corridor": "Bayard Street", "walk_class": "sidewalk", "length_m": 92.44 }, "geometry": { "type": "LineString", "coordinates": [ [ -79.952722961353857, 40.448159848591089 ], [ -79.9527239, 40.448161899999988 ], [ -79.9527481, 40.4481861 ], [ -79.9527751, 40.4481986 ], [ -79.95280120000001, 40.448200099999987 ], [ -79.9528263, 40.4481979 ], [ -79.9528504, 40.4481891 ], [ -79.9530121, 40.4480719 ], [ -79.9531798, 40.4479504 ], [ -79.953530618969481, 40.447696202239499 ] ] } },
{ "type": "Feature", "properties": { "seg_id": "north-bellefield-avenue-0787-02", "corridor": null, "walk_class": "sidewalk", "length_m": 92.44 }, "geometry": { "type": "LineString", "coordinates": [ [ -79.953530618969481, 40.447696202239499 ], [ -79.9536195, 40.447631799999989 ], [ -79.95390070000002, 40.447428 ], [ -79.9539094, 40.447414 ], [ -79.953907500000014, 40.447403 ], [ -79.953532825220293, 40.447100596113806 ] ] } },
{ "type": "Feature", "properties": { "seg_id": "north-bellefield-avenue-0787-03", "corridor": "Ruskin Street", "walk_class": "sidewalk", "length_m": 92.44 }, "geometry": { "type": "LineString", "coordinates": [ [ -79.953532825220293, 40.447100596113806 ], [ -79.9534238, 40.4470126 ], [ -79.9532035, 40.4468338 ], [ -79.9529798, 40.4466542 ], [ -79.9528967, 40.4465871 ], [ -79.952783598721979, 40.446495836587921 ] ] } },
{ "type": "Feature", "properties": { "seg_id": "north-bellefield-avenue-0787-04", "corridor": "Fifth Avenue", "walk_class": "sidewalk", "length_m": 92.44 }, "geometry": { "type": "LineString", "coordinates": [ [ -79.952783598721979, 40.446495836587921 ], [ -79.952737700000014, 40.4464588 ], [ -79.9525855, 40.4463359 ], [ -79.9525591, 40.446314600000015 ], [ -79.9525057, 40.4462716 ], [ -79.9524725, 40.4462582 ], [ -79.9524518, 40.4462574 ], [ -79.9524289, 40.4462598 ], [ -79.952404, 40.4462685 ], [ -79.9520566, 40.4465282 ], [ -79.9520519, 40.4465317 ], [ -79.9520182, 40.4465585 ], [ -79.952013, 40.4465739 ], [ -79.952015526324672, 40.446585114417928 ] ] } },
{ "type": "Feature", "properties": { "seg_id": "north-bellefield-avenue-0787-05", "corridor": "North Bellefield Avenue", "walk_class": "sidewalk", "length_m": 92.44 }, "geometry": { "type": "LineString", "coordinates": [ [ -79.952015526324672, 40.446585114417928 ], [ -79.9520171, 40.446592100000011 ], [ -79.9520228, 40.4466138 ], [ -79.9520472, 40.446683299999989 ], [ -79.9522483, 40.4471226 ], [ -79.9523633, 40.4473738 ] ] } },
{ "type": "Feature", "properties": { "seg_id": "sidewalk-0788-00", "corridor": null, "walk_class": "sidewalk", "length_m": 27.18 }, "geometry": { "type": "LineString", "coordinates": [ [ -79.9537175, 40.4440692 ], [ -79.9539569, 40.4439064 ] ] } },
{ "type": "Feature", "properties": { "seg_id": "lytton-avenue-0789-00", "corridor": null, "walk_class": "street", "length_m": 64.23 }, "geometry": { "type": "LineString", "coordinates": [ [ -79.9534087, 40.4446114 ], [ -79.9537065, 40.4448336 ], [ -79.9537691, 40.44488530000001 ], [ -79.9538512, 40.4449532 ], [ -79.9538675, 40.4449666 ], [ -79.9539361, 40.4450263 ] ] } },
{ "type": "Feature", "properties": { "seg_id": "bates-street-0790-00", "corridor": "Bates Street", "walk_class": "sidewalk", "length_m": 12.71 }, "geometry": { "type": "LineString", "coordinates": [ [ -79.953947, 40.4382022 ], [ -79.9539912, 40.4381559 ], [ -79.9540283, 40.4381171 ], [ -79.9540399, 40.4381148 ] ] } },
{ "type": "Feature", "properties": { "seg_id": "lytton-avenue-0791-00", "corridor": "Lytton Avenue", "walk_class": "sidewalk", "length_m": 22.58 }, "geometry": { "type": "LineString", "coordinates": [ [ -79.953754, 40.44502390000001 ], [ -79.9537735, 40.4450383 ], [ -79.9538404, 40.445095 ], [ -79.953922, 40.4451642 ], [ -79.9539295, 40.4451761 ] ] } },
{ "type": "Feature", "properties": { "seg_id": "service-0792-00", "corridor": null, "walk_class": "service", "length_m": 138.12 }, "geometry": { "type": "LineString", "coordinates": [ [ -79.9534169, 40.4536729 ], [ -79.9536637, 40.4540487 ], [ -79.9537649, 40.4540116 ], [ -79.9537902, 40.4539463 ], [ -79.9535971, 40.4536512 ], [ -79.9535468, 40.4536347 ], [ -79.9534905, 40.4536465 ], [ -79.9534169, 40.4536729 ], [ -79.9531828, 40.4537413 ] ] } },
{ "type": "Feature", "properties": { "seg_id": "service-0793-00", "corridor": null, "walk_class": "service", "length_m": 116.86 }, "geometry": { "type": "LineString", "coordinates": [ [ -79.9534169, 40.4536729 ], [ -79.9534905, 40.4536465 ], [ -79.9535468, 40.4536347 ], [ -79.9535971, 40.4536512 ], [ -79.9537902, 40.4539463 ], [ -79.9537649, 40.4540116 ], [ -79.9536637, 40.4540487 ], [ -79.9534169, 40.4536729 ] ] } },
{ "type": "Feature", "properties": { "seg_id": "bigelow-boulevard-0794-00", "corridor": "Bigelow Boulevard", "walk_class": "sidewalk", "length_m": 16.55 }, "geometry": { "type": "LineString", "coordinates": [ [ -79.9537444, 40.4477306 ], [ -79.9537526, 40.4477202 ], [ -79.9538116, 40.447677 ], [ -79.953876, 40.4476301 ], [ -79.9538845, 40.4476298 ] ] } },
{ "type": "Feature", "properties": { "seg_id": "atwood-street-0795-00", "corridor": "Atwood Street", "walk_class": "sidewalk", "length_m": 11.75 }, "geometry": { "type": "LineString", "coordinates": [ [ -79.9539415, 40.4380346 ], [ -79.9539793, 40.4380705 ], [ -79.9540283, 40.4381171 ] ] } },
{ "type": "Feature", "properties": { "seg_id": "service-0796-00", "corridor": null, "walk_class": "service", "length_m": 31.17 }, "geometry": { "type": "LineString", "coordinates": [ [ -79.9535026, 40.4500879 ], [ -79.9535782, 40.4500585 ], [ -79.953651, 40.4500302 ], [ -79.953844, 40.449987299999989 ] ] } },
{ "type": "Feature", "properties": { "seg_id": "pier-street-0797-00", "corridor": "Pier Street", "walk_class": "sidewalk", "length_m": 118.22 }, "geometry": { "type": "LineString", "coordinates": [ [ -79.952975200000012, 40.4399658 ], [ -79.9532573, 40.4397635 ], [ -79.9532802, 40.4397467 ], [ -79.9533027, 40.4397301 ], [ -79.9536603, 40.4394678 ], [ -79.9536831, 40.4394524 ], [ -79.9537005, 40.4394407 ], [ -79.9539855, 40.4392322 ] ] } },
{ "type": "Feature", "properties": { "seg_id": "sidewalk-0798-00", "corridor": null, "walk_class": "sidewalk", "length_m": 22.99 }, "geometry": { "type": "LineString", "coordinates": [ [ -79.9537432, 40.4440888 ], [ -79.9539069, 40.4442539 ] ] } },
{ "type": "Feature", "properties": { "seg_id": "atwood-street-0799-00", "corridor": "Atwood Street", "walk_class": "sidewalk", "length_m": 13.31 }, "geometry": { "type": "LineString", "coordinates": [ [ -79.9538505, 40.4381161 ], [ -79.9538952, 40.438156 ], [ -79.953947, 40.4382022 ], [ -79.9539471, 40.438208699999983 ] ] } },
{ "type": "Feature", "properties": { "seg_id": "bates-street-0800-00", "corridor": "Bates Street", "walk_class": "sidewalk", "length_m": 69.25 }, "geometry": { "type": "LineString", "coordinates": [ [ -79.9539409, 40.4380245 ], [ -79.9539415, 40.4380346 ], [ -79.9538965, 40.438074899999989 ], [ -79.9538505, 40.4381161 ], [ -79.9538408, 40.438125499999984 ], [ -79.9534412, 40.4385146 ] ] } },
{ "type": "Feature", "properties": { "seg_id": "service-0801-00", "corridor": null, "walk_class": "service", "length_m": 24.82 }, "geometry": { "type": "LineString", "coordinates": [ [ -79.9536605, 40.4395287 ], [ -79.9536987, 40.4395558 ], [ -79.9538749, 40.4396809 ] ] } },
{ "type": "Feature", "properties": { "seg_id": "semple-street-0802-00", "corridor": "Semple Street", "walk_class": "sidewalk", "length_m": 93.35 }, "geometry": { "type": "LineString", "coordinates": [ [ -79.9528422, 40.436297699999983 ], [ -79.9532043, 40.4363404 ], [ -79.9532264, 40.4363429 ], [ -79.9532552, 40.4363462 ], [ -79.9538126, 40.4364252 ], [ -79.9538234, 40.4364267 ], [ -79.9538748, 40.4364363 ], [ -79.9539132, 40.4364448 ], [ -79.9539249, 40.436446599999982 ] ] } },
{ "type": "Feature", "properties": { "seg_id": "steps-0803-00", "corridor": null, "walk_class": "steps", "length_m": 4.96 }, "geometry": { "type": "LineString", "coordinates": [ [ -79.953769, 40.4426484 ], [ -79.9538249, 40.4426353 ] ] } },
{ "type": "Feature", "properties": { "seg_id": "bigelow-boulevard-0804-00", "corridor": "Bigelow Boulevard", "walk_class": "sidewalk", "length_m": 15.26 }, "geometry": { "type": "LineString", "coordinates": [ [ -79.9536195, 40.447631799999989 ], [ -79.9536275, 40.447637699999987 ], [ -79.9536768, 40.4476779 ], [ -79.9537295, 40.4477209 ], [ -79.9537444, 40.4477306 ] ] } },
{ "type": "Feature", "properties": { "seg_id": "service-0805-00", "corridor": null, "walk_class": "service", "length_m": 57.07 }, "geometry": { "type": "LineString", "coordinates": [ [ -79.9530127, 40.4534699 ], [ -79.953643900000017, 40.4532916 ] ] } },
{ "type": "Feature", "properties": { "seg_id": "dollar-street-0806-00", "corridor": "Dollar Street", "walk_class": "street", "length_m": 94.21 }, "geometry": { "type": "LineString", "coordinates": [ [ -79.9526951, 40.4516876 ], [ -79.9527291, 40.4517426 ], [ -79.9529929, 40.4521692 ], [ -79.953169615615309, 40.452454911444022 ] ] } },
{ "type": "Feature", "properties": { "seg_id": "dollar-street-0806-01", "corridor": "Dollar Street", "walk_class": "street", "length_m": 94.21 }, "geometry": { "type": "LineString", "coordinates": [ [ -79.953169615615309, 40.452454911444022 ], [ -79.9536442, 40.4532222 ] ] } },
{ "type": "Feature", "properties": { "seg_id": "sidewalk-0807-00", "corridor": null, "walk_class": "sidewalk", "length_m": 20.43 }, "geometry": { "type": "LineString", "coordinates": [ [ -79.9538031, 40.4422284 ], [ -79.9537274, 40.4420537 ] ] } },
{ "type": "Feature", "properties": { "seg_id": "sidewalk-0808-00", "corridor": null, "walk_class": "sidewalk", "length_m": 27.25 }, "geometry": { "type": "LineString", "coordinates": [ [ -79.9535201, 40.4439124 ], [ -79.9537621, 40.4437509 ] ] } },
{ "type": "Feature", "properties": { "seg_id": "joncaire-street-0809-00", "corridor": "Joncaire Street", "walk_class": "sidewalk", "length_m": 12.36 }, "geometry": { "type": "LineString", "coordinates": [ [ -79.9538107, 40.4404291 ], [ -79.9538004, 40.440436100000014 ], [ -79.9537512, 40.4404695 ], [ -79.9537017, 40.440503 ] ] } },
{ "type": "Feature", "properties": { "seg_id": "atwood-street-0810-00", "corridor": "Atwood Street", "walk_class": "sidewalk", "length_m": 87.62 }, "geometry": { "type": "LineString", "coordinates": [ [ -79.9538408, 40.438125499999984 ], [ -79.953131873937608, 40.437551362217825 ] ] } },
{ "type": "Feature", "properties": { "seg_id": "atwood-street-0810-01", "corridor": "Atwood Street", "walk_class": "sidewalk", "length_m": 87.62 }, "geometry": { "type": "LineString", "coordinates": [ [ -79.953131873937608, 40.437551362217825 ], [ -79.9525369, 40.4370695 ], [ -79.952535600000019, 40.4370579 ], [ -79.9525606, 40.4370079 ], [ -79.9525829, 40.4369634 ], [ -79.9525962, 40.4369537 ] ] } },
{ "type": "Feature", "properties": { "seg_id": "sidewalk-0811-00", "corridor": null, "walk_class": "sidewalk", "length_m": 21.93 }, "geometry": { "type": "LineString", "coordinates": [ [ -79.9535217, 40.442706 ], [ -79.9535785, 40.4426923 ], [ -79.9536831, 40.4426669 ], [ -79.953769, 40.4426484 ] ] } },
{ "type": "Feature", "properties": { "seg_id": "sidewalk-0812-00", "corridor": null, "walk_class": "sidewalk", "length_m": 5.3 }, "geometry": { "type": "LineString", "coordinates": [ [ -79.9536432, 40.4505717 ], [ -79.953584400000011, 40.4505878 ] ] } },
{ "type": "Feature", "properties": { "seg_id": "sidewalk-0813-00", "corridor": null, "walk_class": "sidewalk", "length_m": 65.41 }, "geometry": { "type": "LineString", "coordinates": [ [ -79.9537432, 40.4440888 ], [ -79.9536926, 40.44411920000001 ], [ -79.9536682, 40.4440997 ], [ -79.9536052, 40.444054800000011 ], [ -79.9535576, 40.4440216 ], [ -79.9535495, 40.444016 ], [ -79.9534939, 40.4439661 ], [ -79.9534692, 40.4439462 ], [ -79.9535007, 40.4439051 ], [ -79.9534802, 40.4436565 ] ] } },
{ "type": "Feature", "properties": { "seg_id": "service-0814-00", "corridor": null, "walk_class": "service", "length_m": 15.17 }, "geometry": { "type": "LineString", "coordinates": [ [ -79.9537288, 40.441099199999989 ], [ -79.953759, 40.441166 ], [ -79.9537859, 40.4412287 ] ] } },
{ "type": "Feature", "properties": { "seg_id": "sidewalk-0815-00", "corridor": null, "walk_class": "sidewalk", "length_m": 26.01 }, "geometry": { "type": "LineString", "coordinates": [ [ -79.9537065, 40.4448336 ], [ -79.9533999, 40.4448399 ] ] } },
{ "type": "Feature", "properties": { "seg_id": "south-bellefield-avenue-0816-00", "corridor": "South Bellefield Avenue", "walk_class": "sidewalk", "length_m": 103.37 }, "geometry": { "type": "LineString", "coordinates": [ [ -79.9517751, 40.4464484 ], [ -79.9517741, 40.4464272 ], [ -79.951480300000014, 40.4457678 ], [ -79.951393748865286, 40.445564854900788 ] ] } },
{ "type": "Feature", "properties": { "seg_id": "south-bellefield-avenue-0816-01", "corridor": "Filmore Street", "walk_class": "sidewalk", "length_m": 103.37 }, "geometry": { "type": "LineString", "coordinates": [ [ -79.951393748865286, 40.445564854900788 ], [ -79.9512277, 40.4451755 ], [ -79.9512218, 40.4451621 ], [ -79.9512123, 40.445154799999983 ], [ -79.9512011, 40.4451528 ], [ -79.9511895, 40.4451507 ], [ -79.950564617496184, 40.445194216732894 ] ] } },
{ "type": "Feature", "properties": { "seg_id": "south-bellefield-avenue-0816-02", "corridor": "South Dithridge Street", "walk_class": "sidewalk", "length_m": 103.37 }, "geometry": { "type": "LineString", "coordinates": [ [ -79.950564617496184, 40.445194216732894 ], [ -79.9504629, 40.4452013 ], [ -79.9504498, 40.4452046 ], [ -79.9504441, 40.4452114 ], [ -79.9505008, 40.4456412 ], [ -79.9505062, 40.4456568 ], [ -79.9505141, 40.4456637 ], [ -79.9505049, 40.4456725 ], [ -79.9505069, 40.445700299999984 ], [ -79.9505097, 40.4457382 ], [ -79.9505262, 40.4457473 ], [ -79.9505225, 40.4457527 ], [ -79.950554865089018, 40.446030180643483 ] ] } },
{ "type": "Feature", "properties": { "seg_id": "south-bellefield-avenue-0816-03", "corridor": "South Dithridge Street", "walk_class": "sidewalk", "length_m": 103.37 }, "geometry": { "type": "LineString", "coordinates": [ [ -79.950554865089018, 40.446030180643483 ], [ -79.9506247, 40.4466289 ], [ -79.950635600000012, 40.4466554 ], [ -79.9506495, 40.446675 ], [ -79.9506567, 40.4466797 ], [ -79.9506654, 40.4466856 ], [ -79.9506833, 40.4466939 ], [ -79.9507101, 40.4466999 ], [ -79.9507486, 40.4466981 ], [ -79.9509433, 40.4466886 ], [ -79.951006014305719, 40.446684583009066 ] ] } },
{ "type": "Feature", "properties": { "seg_id": "south-bellefield-avenue-0816-04", "corridor": "Fifth Avenue", "walk_class": "sidewalk", "length_m": 103.37 }, "geometry": { "type": "LineString", "coordinates": [ [ -79.951006014305719, 40.446684583009066 ], [ -79.9510198, 40.4466837 ], [ -79.9510982, 40.4466773 ], [ -79.95119, 40.4466671 ], [ -79.9512897, 40.4466501 ], [ -79.9513721, 40.4466323 ], [ -79.9514565, 40.4466085 ], [ -79.9515666, 40.44657 ], [ -79.9516778, 40.4465232 ], [ -79.95172, 40.446499 ], [ -79.9517542, 40.4464748 ], [ -79.951761600000012, 40.4464655 ], [ -79.9517751, 40.4464484 ], [ -79.9518084, 40.446420700000012 ], [ -79.9518517, 40.4463886 ], [ -79.9519388, 40.4463241 ], [ -79.9519516, 40.44631 ], [ -79.951934400000013, 40.4462953 ], [ -79.951901971306896, 40.446232176275863 ] ] } },
{ "type": "Feature", "properties": { "seg_id": "south-bellefield-avenue-0816-05", "corridor": "South Bellefield Avenue", "walk_class": "sidewalk", "length_m": 103.37 }, "geometry": { "type": "LineString", "coordinates": [ [ -79.951901971306896, 40.446232176275863 ], [ -79.951825900000017, 40.4460841 ], [ -79.9516008, 40.4455822 ], [ -79.951500384311814, 40.445353106879317 ] ] } },
{ "type": "Feature", "properties": { "seg_id": "south-bellefield-avenue-0816-06", "corridor": "South Bellefield Avenue", "walk_class": "sidewalk", "length_m": 103.37 }, "geometry": { "type": "LineString", "coordinates": [ [ -79.951500384311814, 40.445353106879317 ], [ -79.9514029, 40.4451307 ], [ -79.9513742, 40.4450612 ], [ -79.951368200000019, 40.4450461 ], [ -79.951099365899594, 40.444473828674674 ] ] } },
{ "type": "Feature", "properties": { "seg_id": "south-bellefield-avenue-0816-07", "corridor": "South Bellefield Avenue", "walk_class": "sidewalk", "length_m": 103.37 }, "geometry": { "type": "LineString", "coordinates": [ [ -79.951099365899594, 40.444473828674674 ], [ -79.9510489, 40.4443664 ], [ -79.950895, 40.4440163 ], [ -79.9508957, 40.4440035 ], [ -79.9508965, 40.443988 ], [ -79.9509101, 40.4439778 ], [ -79.95092, 40.4439704 ], [ -79.951407581891885, 40.443841175997996 ] ] } },
{ "type": "Feature", "properties": { "seg_id": "south-bellefield-avenue-0816-08", "corridor": "Forbes Avenue", "walk_class": "sidewalk", "length_m": 103.37 }, "geometry": { "type": "LineString", "coordinates": [ [ -79.951407581891885, 40.443841175997996 ], [ -79.951838, 40.4437271 ], [ -79.952298, 40.4436048 ], [ -79.952323, 40.4435983 ], [ -79.9523402, 40.4435935 ], [ -79.9523722, 40.4435854 ], [ -79.9523916, 40.4435801 ], [ -79.9524113, 40.443575 ], [ -79.952559188944349, 40.443536176126834 ] ] } },
{ "type": "Feature", "properties": { "seg_id": "south-bellefield-avenue-0816-09", "corridor": "Forbes Avenue", "walk_class": "sidewalk", "length_m": 103.37 }, "geometry": { "type": "LineString", "coordinates": [ [ -79.952559188944349, 40.443536176126834 ], [ -79.952593, 40.4435273 ], [ -79.9532589, 40.44335 ], [ -79.9533854, 40.443319 ], [ -79.9534318, 40.4433096 ], [ -79.9534576, 40.4433059 ], [ -79.9534989, 40.4433155 ], [ -79.9535963, 40.4432929 ], [ -79.9536951, 40.4432645 ], [ -79.9537148, 40.4432682 ] ] } },
{ "type": "Feature", "properties": { "seg_id": "cable-place-0817-00", "corridor": "Cable Place", "walk_class": "sidewalk", "length_m": 116.95 }, "geometry": { "type": "LineString", "coordinates": [ [ -79.9529674, 40.4372574 ], [ -79.9531994, 40.4370394 ], [ -79.9532274, 40.4370093 ], [ -79.9532497, 40.4369852 ], [ -79.9538126, 40.4364252 ] ] } },
{ "type": "Feature", "properties": { "seg_id": "sidewalk-0818-00", "corridor": null, "walk_class": "sidewalk", "length_m": 14.33 }, "geometry": { "type": "LineString", "coordinates": [ [ -79.9537083, 40.442726 ], [ -79.9536041, 40.4427518 ], [ -79.9535471, 40.4427647 ] ] } },
{ "type": "Feature", "properties": { "seg_id": "service-0819-00", "corridor": null, "walk_class": "service", "length_m": 42.97 }, "geometry": { "type": "LineString", "coordinates": [ [ -79.953635, 40.4363488 ], [ -79.9536475, 40.436296 ], [ -79.953695, 40.4360956 ], [ -79.9537802, 40.4361073 ], [ -79.953795, 40.436044699999982 ] ] } },
{ "type": "Feature", "properties": { "seg_id": "service-0820-00", "corridor": null, "walk_class": "service", "length_m": 80.47 }, "geometry": { "type": "LineString", "coordinates": [ [ -79.9537245, 40.4394841 ], [ -79.9536831, 40.4394524 ], [ -79.9534131, 40.4392452 ], [ -79.9531133, 40.4390128 ], [ -79.9530563, 40.4389695 ] ] } },
{ "type": "Feature", "properties": { "seg_id": "forbes-avenue-0821-00", "corridor": "Forbes Avenue", "walk_class": "sidewalk", "length_m": 24.26 }, "geometry": { "type": "LineString", "coordinates": [ [ -79.9536646, 40.4430591 ], [ -79.9536098, 40.4430691 ], [ -79.953503, 40.443086 ], [ -79.9534256, 40.4430976 ], [ -79.953385, 40.443105 ] ] } },
{ "type": "Feature", "properties": { "seg_id": "south-bouquet-street-0822-00", "corridor": "South Bouquet Street", "walk_class": "sidewalk", "length_m": 96.9 }, "geometry": { "type": "LineString", "coordinates": [ [ -79.9537017, 40.4405111 ], [ -79.9537017, 40.440503 ], [ -79.9536261, 40.4404622 ], [ -79.9535395, 40.440415499999986 ], [ -79.9535229, 40.440414399999987 ], [ -79.953518, 40.440402 ], [ -79.952791889609756, 40.439996131483241 ] ] } },
{ "type": "Feature", "properties": { "seg_id": "south-bouquet-street-0822-01", "corridor": "South Bouquet Street", "walk_class": "sidewalk", "length_m": 96.9 }, "geometry": { "type": "LineString", "coordinates": [ [ -79.952791889609756, 40.439996131483241 ], [ -79.9523648, 40.4397574 ], [ -79.9522559, 40.439693 ], [ -79.951867512698442, 40.439483333020753 ] ] } },
{ "type": "Feature", "properties": { "seg_id": "south-bouquet-street-0822-02", "corridor": "South Bouquet Street", "walk_class": "sidewalk", "length_m": 96.9 }, "geometry": { "type": "LineString", "coordinates": [ [ -79.951867512698442, 40.439483333020753 ], [ -79.951843, 40.4394701 ], [ -79.9515277, 40.4392995 ], [ -79.9514921, 40.4392713 ], [ -79.9514817, 40.4392544 ], [ -79.9514744, 40.4392335 ], [ -79.9514748, 40.4391924 ], [ -79.9514843, 40.43916930000001 ], [ -79.9515356, 40.4390444 ], [ -79.951646790150392, 40.438778595160251 ] ] } },
{ "type": "Feature", "properties": { "seg_id": "south-bouquet-street-0822-03", "corridor": "South Bouquet Street", "walk_class": "sidewalk", "length_m": 96.9 }, "geometry": { "type": "LineString", "coordinates": [ [ -79.951646790150392, 40.438778595160251 ], [ -79.9516731, 40.43871570000001 ], [ -79.9518988, 40.4381914 ], [ -79.9519065, 40.4381734 ], [ -79.952000199578109, 40.437948532013472 ] ] } },
{ "type": "Feature", "properties": { "seg_id": "south-bouquet-street-0822-04", "corridor": "Dawson Street", "walk_class": "sidewalk", "length_m": 96.9 }, "geometry": { "type": "LineString", "coordinates": [ [ -79.952000199578109, 40.437948532013472 ], [ -79.9520898, 40.4377335 ], [ -79.9520951, 40.4377225 ], [ -79.9521038, 40.4377019 ], [ -79.9521137, 40.4376785 ], [ -79.9522296, 40.4373999 ], [ -79.9522377, 40.437388599999984 ], [ -79.9522508, 40.4373515 ], [ -79.9523199, 40.4371553 ], [ -79.952331, 40.43712390000001 ], [ -79.9523304, 40.437114 ] ] } },
{ "type": "Feature", "properties": { "seg_id": "baum-boulevard-0823-00", "corridor": "Baum Boulevard", "walk_class": "sidewalk", "length_m": 96.36 }, "geometry": { "type": "LineString", "coordinates": [ [ -79.9476051, 40.4544653 ], [ -79.9476924, 40.4544497 ], [ -79.9477642, 40.4544329 ], [ -79.948710121748206, 40.454263567760698 ] ] } },
{ "type": "Feature", "properties": { "seg_id": "baum-boulevard-0823-01", "corridor": "Baum Boulevard", "walk_class": "sidewalk", "length_m": 96.36 }, "geometry": { "type": "LineString", "coordinates": [ [ -79.948710121748206, 40.454263567760698 ], [ -79.9489183, 40.4542263 ], [ -79.9493415, 40.4541541 ], [ -79.949400700000012, 40.4541495 ], [ -79.9494446, 40.4541444 ], [ -79.9495059, 40.4541393 ], [ -79.9497727, 40.4541267 ], [ -79.94982866076829, 40.454126002860711 ] ] } },
{ "type": "Feature", "properties": { "seg_id": "baum-boulevard-0823-02", "corridor": "Baum Boulevard", "walk_class": "sidewalk", "length_m": 96.36 }, "geometry": { "type": "LineString", "coordinates": [ [ -79.94982866076829, 40.454126002860711 ], [ -79.950964803508228, 40.454111843335646 ] ] } },
{ "type": "Feature", "properties": { "seg_id": "baum-boulevard-0823-03", "corridor": "Baum Boulevard", "walk_class": "sidewalk", "length_m": 96.36 }, "geometry": { "type": "LineString", "coordinates": [ [ -79.950964803508228, 40.454111843335646 ], [ -79.9509763, 40.454111699999984 ], [ -79.9518256, 40.4541061 ], [ -79.9519912, 40.4541033 ], [ -79.952100997398617, 40.454101461816634 ] ] } },
{ "type": "Feature", "properties": { "seg_id": "baum-boulevard-0823-04", "corridor": "Baum Boulevard", "walk_class": "sidewalk", "length_m": 96.36 }, "geometry": { "type": "LineString", "coordinates": [ [ -79.952100997398617, 40.454101461816634 ], [ -79.9521465, 40.4541007 ], [ -79.9526629, 40.454092 ], [ -79.9531764, 40.4540834 ], [ -79.9532233, 40.4540859 ], [ -79.953236750849939, 40.454087522015506 ] ] } },
{ "type": "Feature", "properties": { "seg_id": "baum-boulevard-0823-05", "corridor": "North Craig Street", "walk_class": "sidewalk", "length_m": 96.36 }, "geometry": { "type": "LineString", "coordinates": [ [ -79.953236750849939, 40.454087522015506 ], [ -79.9532573, 40.45409 ], [ -79.95329270000002, 40.4541113 ], [ -79.9533074, 40.4541412 ], [ -79.9534123, 40.4541118 ], [ -79.9534902, 40.45409 ], [ -79.953324, 40.4538194 ], [ -79.9532487, 40.45384640000001 ], [ -79.9531713, 40.4538742 ], [ -79.9531736, 40.4539273 ], [ -79.9531749, 40.4540004 ], [ -79.9531764, 40.4540834 ] ] } },
{ "type": "Feature", "properties": { "seg_id": "sidewalk-0824-00", "corridor": null, "walk_class": "sidewalk", "length_m": 14.32 }, "geometry": { "type": "LineString", "coordinates": [ [ -79.9536536, 40.4425982 ], [ -79.9535462, 40.442625599999985 ], [ -79.953493600000016, 40.442639500000013 ] ] } },
{ "type": "Feature", "properties": { "seg_id": "service-0825-00", "corridor": null, "walk_class": "service", "length_m": 143.08 }, "geometry": { "type": "LineString", "coordinates": [ [ -79.9535348, 40.4501508 ], [ -79.9534552, 40.4501712 ], [ -79.9533855, 40.4501852 ], [ -79.9530964, 40.4495714 ], [ -79.953076, 40.449527 ], [ -79.9530476, 40.4494707 ], [ -79.9530097, 40.4494603 ], [ -79.9528206, 40.4495103 ], [ -79.9528112, 40.4495552 ], [ -79.952886, 40.4497268 ] ] } },
{ "type": "Feature", "properties": { "seg_id": "north-dithridge-street-0826-00", "corridor": "North Dithridge Street", "walk_class": "sidewalk", "length_m": 107.81 }, "geometry": { "type": "LineString", "coordinates": [ [ -79.9518821, 40.4488885 ], [ -79.9518837, 40.4488995 ], [ -79.951916, 40.4489544 ], [ -79.9519379, 40.449 ], [ -79.9519496, 40.4490157 ], [ -79.9519463, 40.4490298 ], [ -79.9519484, 40.44903510000001 ], [ -79.9519555, 40.4490528 ], [ -79.9520256, 40.449167 ], [ -79.9520575, 40.4492191 ], [ -79.952149, 40.4493683 ], [ -79.9521893, 40.44943390000001 ], [ -79.9522084, 40.4494651 ], [ -79.9522156, 40.4494769 ], [ -79.952237400000016, 40.4495124 ], [ -79.9522952, 40.4496088 ], [ -79.95239404757173, 40.449773644609131 ] ] } },
{ "type": "Feature", "properties": { "seg_id": "north-dithridge-street-0826-01", "corridor": "North Dithridge Street", "walk_class": "sidewalk", "length_m": 107.81 }, "geometry": { "type": "LineString", "coordinates": [ [ -79.95239404757173, 40.449773644609131 ], [ -79.9523954, 40.4497759 ], [ -79.952923383563075, 40.450656625098198 ] ] } },
{ "type": "Feature", "properties": { "seg_id": "north-dithridge-street-0826-02", "corridor": "North Dithridge Street", "walk_class": "sidewalk", "length_m": 107.81 }, "geometry": { "type": "LineString", "coordinates": [ [ -79.952923383563075, 40.450656625098198 ], [ -79.9529335, 40.4506735 ], [ -79.9530057, 40.4507939 ], [ -79.9530442, 40.4508581 ], [ -79.9530681, 40.450898 ], [ -79.9531056, 40.4509604 ], [ -79.953171700000013, 40.4510707 ], [ -79.9533737, 40.4514077 ], [ -79.9533805, 40.4514128 ], [ -79.9533885, 40.451427 ], [ -79.9534153, 40.4514729 ], [ -79.9534452, 40.451524 ], [ -79.9534623, 40.4515334 ] ] } },
{ "type": "Feature", "properties": { "seg_id": "north-craig-street-0827-00", "corridor": "North Craig Street", "walk_class": "street", "length_m": 91.18 }, "geometry": { "type": "LineString", "coordinates": [ [ -79.9520154, 40.4518907 ], [ -79.952068, 40.4519732 ], [ -79.9522439, 40.4522488 ], [ -79.9522552, 40.452266 ], [ -79.952328200000011, 40.4523777 ], [ -79.952485880983744, 40.452629274502861 ] ] } },
{ "type": "Feature", "properties": { "seg_id": "north-craig-street-0827-01", "corridor": "North Craig Street", "walk_class": "street", "length_m": 91.18 }, "geometry": { "type": "LineString", "coordinates": [ [ -79.952485880983744, 40.452629274502861 ], [ -79.9527111, 40.4529886 ], [ -79.952950187942264, 40.453370142485824 ] ] } },
{ "type": "Feature", "properties": { "seg_id": "north-craig-street-0827-02", "corridor": "North Craig Street", "walk_class": "street", "length_m": 91.18 }, "geometry": { "type": "LineString", "coordinates": [ [ -79.952950187942264, 40.453370142485824 ], [ -79.9530127, 40.4534699 ], [ -79.9531828, 40.4537413 ], [ -79.9532487, 40.45384640000001 ], [ -79.9533431, 40.4539971 ], [ -79.9534123, 40.4541118 ] ] } },
{ "type": "Feature", "properties": { "seg_id": "service-0828-00", "corridor": null, "walk_class": "service", "length_m": 147.2 }, "geometry": { "type": "LineString", "coordinates": [ [ -79.9536261, 40.4399479 ], [ -79.9533751, 40.439793 ], [ -79.9533273, 40.4397715 ], [ -79.9532802, 40.4397467 ], [ -79.953028, 40.4396139 ], [ -79.9527022, 40.4394185 ], [ -79.9526383, 40.4393821 ], [ -79.95259, 40.4393536 ], [ -79.9522431, 40.4391481 ] ] } },
{ "type": "Feature", "properties": { "seg_id": "sidewalk-0829-00", "corridor": null, "walk_class": "sidewalk", "length_m": 8.41 }, "geometry": { "type": "LineString", "coordinates": [ [ -79.9535576, 40.4440216 ], [ -79.9534868, 40.4440747 ] ] } },
{ "type": "Feature", "properties": { "seg_id": "service-0830-00", "corridor": null, "walk_class": "service", "length_m": 41.27 }, "geometry": { "type": "LineString", "coordinates": [ [ -79.9534803, 40.4469701 ], [ -79.9534238, 40.4470126 ], [ -79.9531337, 40.447231 ] ] } },
{ "type": "Feature", "properties": { "seg_id": "service-0831-00", "corridor": null, "walk_class": "service", "length_m": 21.67 }, "geometry": { "type": "LineString", "coordinates": [ [ -79.9534381, 40.4360534 ], [ -79.953578800000017, 40.4360729 ], [ -79.9536379, 40.436059 ], [ -79.953646, 40.4360208 ] ] } },
{ "type": "Feature", "properties": { "seg_id": "baum-boulevard-0832-00", "corridor": "Baum Boulevard", "walk_class": "street", "length_m": 96.96 }, "geometry": { "type": "LineString", "coordinates": [ [ -79.9533431, 40.4539971 ], [ -79.9531749, 40.4540004 ], [ -79.953101, 40.454001799999986 ], [ -79.952606300000014, 40.4540115 ], [ -79.952199983903981, 40.454017301520729 ] ] } },
{ "type": "Feature", "properties": { "seg_id": "baum-boulevard-0832-01", "corridor": "Baum Boulevard", "walk_class": "street", "length_m": 96.96 }, "geometry": { "type": "LineString", "coordinates": [ [ -79.952199983903981, 40.454017301520729 ], [ -79.952067, 40.4540192 ], [ -79.9519274, 40.4540213 ], [ -79.9517732, 40.454024099999984 ], [ -79.951056893400875, 40.45403838147454 ] ] } },
{ "type": "Feature", "properties": { "seg_id": "baum-boulevard-0832-02", "corridor": "Baum Boulevard", "walk_class": "street", "length_m": 96.96 }, "geometry": { "type": "LineString", "coordinates": [ [ -79.951056893400875, 40.45403838147454 ], [ -79.9509757, 40.45404 ], [ -79.949913711367969, 40.454056465217448 ] ] } },
{ "type": "Feature", "properties": { "seg_id": "baum-boulevard-0832-03", "corridor": "Baum Boulevard", "walk_class": "street", "length_m": 96.96 }, "geometry": { "type": "LineString", "coordinates": [ [ -79.949913711367969, 40.454056465217448 ], [ -79.9498534, 40.4540574 ], [ -79.9495179, 40.4540671 ], [ -79.9494443, 40.4540724 ], [ -79.9491313, 40.454119 ], [ -79.9489313, 40.4541538 ], [ -79.9488983, 40.4541595 ], [ -79.948785583136896, 40.454179076903152 ] ] } },
{ "type": "Feature", "properties": { "seg_id": "baum-boulevard-0832-04", "corridor": "Baum Boulevard", "walk_class": "street", "length_m": 96.96 }, "geometry": { "type": "LineString", "coordinates": [ [ -79.948785583136896, 40.454179076903152 ], [ -79.9486916, 40.4541954 ], [ -79.9484926, 40.4542299 ], [ -79.9480846, 40.4543008 ], [ -79.9477529, 40.4543587 ], [ -79.9476706, 40.4543727 ] ] } },
{ "type": "Feature", "properties": { "seg_id": "bigelow-boulevard-0833-00", "corridor": null, "walk_class": "sidewalk", "length_m": 90.06 }, "geometry": { "type": "LineString", "coordinates": [ [ -79.9534576, 40.4433059 ], [ -79.9534605, 40.4433365 ], [ -79.9534725, 40.4435288 ], [ -79.9534764, 40.4435927 ], [ -79.9534802, 40.4436565 ], [ -79.9533965, 40.4437106 ], [ -79.9533195, 40.4437795 ], [ -79.953167, 40.4438857 ], [ -79.9530921, 40.44392040000001 ], [ -79.9530566, 40.4439429 ], [ -79.953030763581012, 40.443959914840939 ] ] } },
{ "type": "Feature", "properties": { "seg_id": "bigelow-boulevard-0833-01", "corridor": null, "walk_class": "sidewalk", "length_m": 90.06 }, "geometry": { "type": "LineString", "coordinates": [ [ -79.953030763581012, 40.443959914840939 ], [ -79.9528305, 40.4440918 ], [ -79.9527693, 40.444099 ], [ -79.9527258, 40.4441041 ], [ -79.9525454, 40.444068799999989 ], [ -79.9524421, 40.44413620000001 ], [ -79.9524857, 40.4441755 ], [ -79.952422, 40.444223 ], [ -79.952564735767737, 40.444343813900105 ] ] } },
{ "type": "Feature", "properties": { "seg_id": "bigelow-boulevard-0833-02", "corridor": null, "walk_class": "sidewalk", "length_m": 90.06 }, "geometry": { "type": "LineString", "coordinates": [ [ -79.952564735767737, 40.444343813900105 ], [ -79.9525685, 40.444347 ], [ -79.9528254, 40.4445646 ], [ -79.9531074, 40.4447857 ], [ -79.9532873, 40.4449381 ] ] } },
{ "type": "Feature", "properties": { "seg_id": "sidewalk-0834-00", "corridor": null, "walk_class": "sidewalk", "length_m": 48.71 }, "geometry": { "type": "LineString", "coordinates": [ [ -79.9534764, 40.4435927 ], [ -79.9533321, 40.4435935 ], [ -79.9531514, 40.4437154 ], [ -79.9530062, 40.4438078 ] ] } },
{ "type": "Feature", "properties": { "seg_id": "joncaire-street-0835-00", "corridor": null, "walk_class": "sidewalk", "length_m": 108.95 }, "geometry": { "type": "LineString", "coordinates": [ [ -79.9500708, 40.4383037 ], [ -79.9501195, 40.438323499999989 ], [ -79.9501796, 40.4384596 ], [ -79.9502756, 40.4386436 ], [ -79.9504338, 40.4389319 ], [ -79.950588140449938, 40.439191352577758 ] ] } },
{ "type": "Feature", "properties": { "seg_id": "joncaire-street-0835-01", "corridor": null, "walk_class": "sidewalk", "length_m": 108.95 }, "geometry": { "type": "LineString", "coordinates": [ [ -79.950588140449938, 40.439191352577758 ], [ -79.9506263, 40.4392555 ], [ -79.950641, 40.4392875 ], [ -79.9506517, 40.4393106 ], [ -79.9508908, 40.4397295 ], [ -79.9509076, 40.4397564 ], [ -79.9509382, 40.4398051 ], [ -79.9509435, 40.4398137 ], [ -79.950681768430513, 40.440040354100312 ] ] } },
{ "type": "Feature", "properties": { "seg_id": "joncaire-street-0835-02", "corridor": "Joncaire Street", "walk_class": "sidewalk", "length_m": 108.95 }, "geometry": { "type": "LineString", "coordinates": [ [ -79.950681768430513, 40.440040354100312 ], [ -79.9502899, 40.4403797 ], [ -79.950289, 40.4403848 ], [ -79.9502916, 40.4403954 ], [ -79.9503046, 40.4404028 ], [ -79.9503142, 40.4404063 ], [ -79.9506732, 40.4404086 ], [ -79.950958749501396, 40.440410375187284 ] ] } },
{ "type": "Feature", "properties": { "seg_id": "joncaire-street-0835-03", "corridor": "Joncaire Street", "walk_class": "sidewalk", "length_m": 108.95 }, "geometry": { "type": "LineString", "coordinates": [ [ -79.950958749501396, 40.440410375187284 ], [ -79.9510271, 40.4404108 ], [ -79.952243277599436, 40.44041853426728 ] ] } },
{ "type": "Feature", "properties": { "seg_id": "joncaire-street-0835-04", "corridor": "Joncaire Street", "walk_class": "sidewalk", "length_m": 108.95 }, "geometry": { "type": "LineString", "coordinates": [ [ -79.952243277599436, 40.44041853426728 ], [ -79.9524425, 40.4404198 ], [ -79.9534998, 40.4404265 ], [ -79.9535229, 40.440414399999987 ] ] } },
{ "type": "Feature", "properties": { "seg_id": "service-0836-00", "corridor": null, "walk_class": "service", "length_m": 30.94 }, "geometry": { "type": "LineString", "coordinates": [ [ -79.9530071, 40.4509136 ], [ -79.9530681, 40.450898 ], [ -79.953353, 40.4508249 ] ] } },
{ "type": "Feature", "properties": { "seg_id": "service-0837-00", "corridor": null, "walk_class": "service", "length_m": 29.34 }, "geometry": { "type": "LineString", "coordinates": [ [ -79.953578800000017, 40.4360729 ], [ -79.9535293, 40.4362803 ], [ -79.9535167, 40.436332899999989 ] ] } },
{ "type": "Feature", "properties": { "seg_id": "schenley-drive-0838-00", "corridor": "Schenley Drive", "walk_class": "sidewalk", "length_m": 22.3 }, "geometry": { "type": "LineString", "coordinates": [ [ -79.9534576, 40.4433059 ], [ -79.9534411, 40.443301 ], [ -79.9534388, 40.4432967 ], [ -79.9533998, 40.4432289 ], [ -79.953373, 40.4431456 ], [ -79.9533599, 40.443125 ] ] } },
{ "type": "Feature", "properties": { "seg_id": "north-dithridge-street-0839-00", "corridor": "North Dithridge Street", "walk_class": "sidewalk", "length_m": 16.22 }, "geometry": { "type": "LineString", "coordinates": [ [ -79.9532245, 40.4514526 ], [ -79.9532507, 40.4514668 ], [ -79.953279, 40.4515132 ], [ -79.9533104, 40.4515646 ], [ -79.9533131, 40.4515781 ] ] } },
{ "type": "Feature", "properties": { "seg_id": "cable-place-0840-00", "corridor": "Cable Place", "walk_class": "sidewalk", "length_m": 9.8 }, "geometry": { "type": "LineString", "coordinates": [ [ -79.9535332, 40.436834 ], [ -79.9535263, 40.4368342 ], [ -79.9535005, 40.4368621 ], [ -79.9534701, 40.4368949 ], [ -79.9534678, 40.4369034 ] ] } },
{ "type": "Feature", "properties": { "seg_id": "sidewalk-0841-00", "corridor": null, "walk_class": "sidewalk", "length_m": 109.87 }, "geometry": { "type": "LineString", "coordinates": [ [ -79.9533915, 40.4445973 ], [ -79.9534087, 40.4446114 ], [ -79.9533999, 40.4448399 ], [ -79.9532873, 40.4449381 ], [ -79.9531429, 40.4451733 ], [ -79.9530725, 40.4452998 ], [ -79.9530566, 40.4453298 ], [ -79.9530705, 40.4454818 ], [ -79.9530922, 40.445506 ] ] } },
{ "type": "Feature", "properties": { "seg_id": "schenley-drive-0842-00", "corridor": null, "walk_class": "sidewalk", "length_m": 91.15 }, "geometry": { "type": "LineString", "coordinates": [ [ -79.9506104, 40.4411049 ], [ -79.950927, 40.441063199999988 ], [ -79.9510703, 40.4410843 ], [ -79.9513146, 40.4412095 ], [ -79.9515178, 40.4412577 ], [ -79.951604858400898, 40.441219358247643 ] ] } },
{ "type": "Feature", "properties": { "seg_id": "schenley-drive-0842-01", "corridor": null, "walk_class": "sidewalk", "length_m": 91.15 }, "geometry": { "type": "LineString", "coordinates": [ [ -79.951604858400898, 40.441219358247643 ], [ -79.9516529, 40.441198199999988 ], [ -79.9519086, 40.4411771 ], [ -79.9521447, 40.441128799999987 ], [ -79.9524036, 40.4410507 ], [ -79.952637828131671, 40.441087856872372 ] ] } },
{ "type": "Feature", "properties": { "seg_id": "schenley-drive-0842-02", "corridor": "Roberto & Vera Clemente Drive", "walk_class": "sidewalk", "length_m": 91.15 }, "geometry": { "type": "LineString", "coordinates": [ [ -79.952637828131671, 40.441087856872372 ], [ -79.9526381, 40.4410879 ], [ -79.9526023, 40.4412019 ], [ -79.9524932, 40.4412787 ], [ -79.9524704, 40.441438599999984 ], [ -79.9524981, 40.441653 ], [ -79.9525539, 40.4416985 ], [ -79.9526098, 40.44169440000001 ], [ -79.9526942, 40.4417277 ], [ -79.952736843655188, 40.441743360604491 ] ] } },
{ "type": "Feature", "properties": { "seg_id": "schenley-drive-0842-03", "corridor": "Schenley Drive", "walk_class": "sidewalk", "length_m": 91.15 }, "geometry": { "type": "LineString", "coordinates": [ [ -79.952736843655188, 40.441743360604491 ], [ -79.9527925, 40.4417638 ], [ -79.9528045, 40.4417652 ], [ -79.9528151, 40.4417841 ], [ -79.9528293, 40.441796 ], [ -79.9531194, 40.4419203 ], [ -79.9531463, 40.4419561 ], [ -79.9532399, 40.4420417 ], [ -79.9533119, 40.4421076 ], [ -79.9533318, 40.4421564 ], [ -79.9534035, 40.4423321 ] ] } },
{ "type": "Feature", "properties": { "seg_id": "forbes-avenue-0843-00", "corridor": "Schenley Drive Extension", "walk_class": "sidewalk", "length_m": 98.6 }, "geometry": { "type": "LineString", "coordinates": [ [ -79.9522001, 40.4434225 ], [ -79.952190400000021, 40.4434133 ], [ -79.9521841, 40.4434036 ], [ -79.952111, 40.4432364 ], [ -79.951825120969801, 40.44258261888308 ] ] } },
{ "type": "Feature", "properties": { "seg_id": "forbes-avenue-0843-01", "corridor": "Schenley Drive", "walk_class": "sidewalk", "length_m": 98.6 }, "geometry": { "type": "LineString", "coordinates": [ [ -79.951825120969801, 40.44258261888308 ], [ -79.951802200000017, 40.4425302 ], [ -79.9518183, 40.4425008 ], [ -79.9518559, 40.4424811 ], [ -79.9519268, 40.4424778 ], [ -79.951956900000013, 40.44247630000001 ], [ -79.9520408, 40.442463 ], [ -79.9521291, 40.4424404 ], [ -79.9522046, 40.442411 ], [ -79.9522889, 40.442371799999989 ], [ -79.9523262, 40.4423486 ], [ -79.9523528, 40.4423321 ], [ -79.9524265, 40.442281 ], [ -79.9524921, 40.4422263 ], [ -79.9525943, 40.4421056 ], [ -79.952628930280383, 40.442057074425541 ] ] } },
{ "type": "Feature", "properties": { "seg_id": "forbes-avenue-0843-02", "corridor": "Schenley Drive", "walk_class": "sidewalk", "length_m": 98.6 }, "geometry": { "type": "LineString", "coordinates": [ [ -79.952628930280383, 40.442057074425541 ], [ -79.9526424, 40.4420382 ], [ -79.9526819, 40.4419829 ], [ -79.9526897, 40.441972799999988 ], [ -79.9527072, 40.4419614 ], [ -79.9527126, 40.441961 ], [ -79.9527305, 40.4419594 ], [ -79.9527445, 40.441961599999985 ], [ -79.9529207, 40.4420424 ], [ -79.9529464, 40.4420736 ], [ -79.9529815, 40.4421415 ], [ -79.9530992, 40.442408 ], [ -79.953181825385926, 40.442595090629446 ] ] } },
{ "type": "Feature", "properties": { "seg_id": "forbes-avenue-0843-03", "corridor": "Schenley Drive", "walk_class": "sidewalk", "length_m": 98.6 }, "geometry": { "type": "LineString", "coordinates": [ [ -79.953181825385926, 40.442595090629446 ], [ -79.9532948, 40.4428509 ], [ -79.9533211, 40.4429106 ], [ -79.95339, 40.4430841 ], [ -79.953387, 40.4431007 ], [ -79.953385, 40.443105 ], [ -79.953376, 40.4431152 ], [ -79.9533668, 40.443121199999986 ], [ -79.9533599, 40.443125 ], [ -79.9533346, 40.4431215 ], [ -79.953137, 40.443173699999988 ], [ -79.952957514936998, 40.44322142608636 ] ] } },
{ "type": "Feature", "properties": { "seg_id": "forbes-avenue-0843-04", "corridor": "Forbes Avenue", "walk_class": "sidewalk", "length_m": 98.6 }, "geometry": { "type": "LineString", "coordinates": [ [ -79.952957514936998, 40.44322142608636 ], [ -79.952222, 40.443417 ], [ -79.9522113, 40.4434198 ], [ -79.9522001, 40.4434225 ], [ -79.9521845, 40.4434318 ], [ -79.9521175, 40.4434563 ], [ -79.952031, 40.4434739 ], [ -79.95186371856272, 40.443518439672786 ] ] } },
{ "type": "Feature", "properties": { "seg_id": "forbes-avenue-0843-05", "corridor": "Forbes Avenue", "walk_class": "sidewalk", "length_m": 98.6 }, "geometry": { "type": "LineString", "coordinates": [ [ -79.95186371856272, 40.443518439672786 ], [ -79.9516265, 40.4435816 ], [ -79.9514126, 40.4436386 ], [ -79.9509781, 40.4437543 ], [ -79.950786, 40.4438055 ], [ -79.950765941774407, 40.443810835267527 ] ] } },
{ "type": "Feature", "properties": { "seg_id": "forbes-avenue-0843-06", "corridor": "Forbes Avenue", "walk_class": "sidewalk", "length_m": 98.6 }, "geometry": { "type": "LineString", "coordinates": [ [ -79.950765941774407, 40.443810835267527 ], [ -79.9506484, 40.4438421 ], [ -79.9504315, 40.4438999 ], [ -79.949668156008144, 40.444103221043505 ] ] } },
{ "type": "Feature", "properties": { "seg_id": "forbes-avenue-0843-07", "corridor": "Forbes Avenue", "walk_class": "sidewalk", "length_m": 98.6 }, "geometry": { "type": "LineString", "coordinates": [ [ -79.949668156008144, 40.444103221043505 ], [ -79.94947, 40.444156 ], [ -79.9493857, 40.4441415 ], [ -79.949025, 40.444233 ], [ -79.9489721, 40.4442817 ], [ -79.9488859, 40.4443029 ], [ -79.9487845, 40.4443279 ], [ -79.9487687, 40.4443211 ], [ -79.9486419, 40.4443474 ], [ -79.9485871, 40.44435880000001 ] ] } },
{ "type": "Feature", "properties": { "seg_id": "fifth-avenue-0844-00", "corridor": "Fifth Avenue", "walk_class": "sidewalk", "length_m": 16.77 }, "geometry": { "type": "LineString", "coordinates": [ [ -79.9533416, 40.4456195 ], [ -79.9533278, 40.445619799999989 ], [ -79.9532602, 40.4456675 ], [ -79.9532091, 40.4457036 ], [ -79.9532081, 40.4457206 ] ] } },
{ "type": "Feature", "properties": { "seg_id": "service-0845-00", "corridor": null, "walk_class": "service", "length_m": 15.07 }, "geometry": { "type": "LineString", "coordinates": [ [ -79.9533372, 40.4412008 ], [ -79.9533695, 40.4412681 ], [ -79.9533984, 40.4413282 ] ] } },
{ "type": "Feature", "properties": { "seg_id": "oakland-avenue-0846-00", "corridor": "Oakland Avenue", "walk_class": "sidewalk", "length_m": 90.18 }, "geometry": { "type": "LineString", "coordinates": [ [ -79.9521722, 40.4378991 ], [ -79.9528558, 40.4383008 ], [ -79.9528779, 40.4383148 ], [ -79.9528996, 40.4383286 ], [ -79.953013359075229, 40.438395879181421 ] ] } },
{ "type": "Feature", "properties": { "seg_id": "oakland-avenue-0846-01", "corridor": "Bates Street", "walk_class": "sidewalk", "length_m": 90.18 }, "geometry": { "type": "LineString", "coordinates": [ [ -79.953013359075229, 40.438395879181421 ], [ -79.9532584, 40.4385408 ], [ -79.9533331, 40.438585 ], [ -79.9533505, 40.4386041 ], [ -79.9533584, 40.4386034 ], [ -79.9534022, 40.4385597 ], [ -79.9534408, 40.438521 ], [ -79.9534412, 40.4385146 ], [ -79.953064783961295, 40.438291587475582 ] ] } },
{ "type": "Feature", "properties": { "seg_id": "oakland-avenue-0846-02", "corridor": "Oakland Avenue", "walk_class": "sidewalk", "length_m": 90.18 }, "geometry": { "type": "LineString", "coordinates": [ [ -79.953064783961295, 40.438291587475582 ], [ -79.9522246, 40.4377938 ] ] } },
{ "type": "Feature", "properties": { "seg_id": "north-dithridge-street-0847-00", "corridor": "North Craig Street", "walk_class": "sidewalk", "length_m": 106.82 }, "geometry": { "type": "LineString", "coordinates": [ [ -79.951871, 40.4514811 ], [ -79.9518254, 40.4514089 ], [ -79.9516479, 40.4511321 ], [ -79.9513507, 40.4506563 ], [ -79.951326028986898, 40.450613575475323 ] ] } },
{ "type": "Feature", "properties": { "seg_id": "north-dithridge-street-0847-01", "corridor": "North Craig Street", "walk_class": "sidewalk", "length_m": 106.82 }, "geometry": { "type": "LineString", "coordinates": [ [ -79.951326028986898, 40.450613575475323 ], [ -79.9513123, 40.4505898 ], [ -79.9511093, 40.4502388 ], [ -79.9510972, 40.450218 ], [ -79.9508659, 40.449849 ], [ -79.9508676, 40.4498284 ], [ -79.9508736, 40.4498138 ], [ -79.9508954, 40.4497886 ], [ -79.95094695500957, 40.449750888632948 ] ] } },
{ "type": "Feature", "properties": { "seg_id": "north-dithridge-street-0847-02", "corridor": "Bayard Street", "walk_class": "sidewalk", "length_m": 106.82 }, "geometry": { "type": "LineString", "coordinates": [ [ -79.95094695500957, 40.449750888632948 ], [ -79.9512086, 40.4495595 ], [ -79.9512489, 40.44953 ], [ -79.9512831, 40.449505 ], [ -79.9517748, 40.4491358 ], [ -79.9518003, 40.449114 ], [ -79.9518194, 40.4491102 ], [ -79.9518377, 40.4491145 ], [ -79.9518446, 40.4491285 ], [ -79.951847617607342, 40.44913420187676 ] ] } },
{ "type": "Feature", "properties": { "seg_id": "north-dithridge-street-0847-03", "corridor": "North Dithridge Street", "walk_class": "sidewalk", "length_m": 106.82 }, "geometry": { "type": "LineString", "coordinates": [ [ -79.951847617607342, 40.44913420187676 ], [ -79.9518618, 40.449161 ], [ -79.9519093, 40.4492397 ], [ -79.9519502, 40.4493076 ], [ -79.9519667, 40.4493349 ], [ -79.9520157, 40.4494161 ], [ -79.9521563, 40.4496349 ], [ -79.9523133, 40.4499094 ], [ -79.9523379, 40.4499502 ], [ -79.952373113977885, 40.450008564610826 ] ] } },
{ "type": "Feature", "properties": { "seg_id": "north-dithridge-street-0847-04", "corridor": "North Dithridge Street", "walk_class": "sidewalk", "length_m": 106.82 }, "geometry": { "type": "LineString", "coordinates": [ [ -79.952373113977885, 40.450008564610826 ], [ -79.9524497, 40.4501355 ], [ -79.952465, 40.450161 ], [ -79.9524815, 40.4501883 ], [ -79.9525416, 40.4502879 ], [ -79.9525918, 40.4503727 ], [ -79.9527904, 40.4507077 ], [ -79.9528053, 40.4507327 ], [ -79.9528213, 40.450759800000014 ], [ -79.9528325, 40.4507787 ], [ -79.9528685, 40.4508395 ], [ -79.9528942, 40.4508828 ], [ -79.952895107180481, 40.450884328853157 ] ] } },
{ "type": "Feature", "properties": { "seg_id": "north-dithridge-street-0847-05", "corridor": "North Dithridge Street", "walk_class": "sidewalk", "length_m": 106.82 }, "geometry": { "type": "LineString", "coordinates": [ [ -79.952895107180481, 40.450884328853157 ], [ -79.9529139, 40.450916 ], [ -79.9529706, 40.4510116 ], [ -79.9529948, 40.4510524 ], [ -79.953008, 40.4510747 ], [ -79.9532214, 40.45143490000001 ], [ -79.9532262, 40.4514431 ], [ -79.9532245, 40.4514526 ], [ -79.9532105, 40.4514615 ], [ -79.9531716, 40.451473 ], [ -79.952813310393609, 40.45157914072918 ] ] } },
{ "type": "Feature", "properties": { "seg_id": "north-dithridge-street-0847-06", "corridor": "Centre Avenue", "walk_class": "sidewalk", "length_m": 106.82 }, "geometry": { "type": "LineString", "coordinates": [ [ -79.952813310393609, 40.45157914072918 ], [ -79.9520789, 40.451796699999989 ], [ -79.9520689, 40.4517953 ], [ -79.952062600000019, 40.45179430000001 ], [ -79.9520571, 40.451791 ], [ -79.9520501, 40.451786 ], [ -79.951971, 40.4516319 ], [ -79.9519521, 40.4516002 ], [ -79.9519334, 40.4515686 ], [ -79.9519126, 40.451548699999982 ], [ -79.951871, 40.4514811 ] ] } },
{ "type": "Feature", "properties": { "seg_id": "service-0848-00", "corridor": null, "walk_class": "service", "length_m": 52.37 }, "geometry": { "type": "LineString", "coordinates": [ [ -79.9534131, 40.4392452 ], [ -79.953028, 40.4396139 ] ] } },
{ "type": "Feature", "properties": { "seg_id": "centre-avenue-0849-00", "corridor": "Centre Avenue", "walk_class": "sidewalk", "length_m": 5.63 }, "geometry": { "type": "LineString", "coordinates": [ [ -79.9531659, 40.4514615 ], [ -79.9531996, 40.451450199999989 ], [ -79.9532214, 40.45143490000001 ] ] } },
{ "type": "Feature", "properties": { "seg_id": "baum-boulevard-0850-00", "corridor": "Baum Boulevard", "walk_class": "sidewalk", "length_m": 93.31 }, "geometry": { "type": "LineString", "coordinates": [ [ -79.9477412, 40.4543015 ], [ -79.9480693, 40.4542455 ], [ -79.9484777, 40.4541758 ], [ -79.9486763, 40.4541419 ], [ -79.948815124746645, 40.454118271552332 ] ] } },
{ "type": "Feature", "properties": { "seg_id": "baum-boulevard-0850-01", "corridor": "Baum Boulevard", "walk_class": "sidewalk", "length_m": 93.31 }, "geometry": { "type": "LineString", "coordinates": [ [ -79.948815124746645, 40.454118271552332 ], [ -79.9489166, 40.454101 ], [ -79.9493546, 40.4540263 ], [ -79.9494364, 40.454013 ], [ -79.949507200000014, 40.4540016 ], [ -79.9497649, 40.4539941 ], [ -79.949898622774285, 40.453991669903253 ] ] } },
{ "type": "Feature", "properties": { "seg_id": "baum-boulevard-0850-02", "corridor": "Baum Boulevard", "walk_class": "sidewalk", "length_m": 93.31 }, "geometry": { "type": "LineString", "coordinates": [ [ -79.949898622774285, 40.453991669903253 ], [ -79.9509752, 40.4539721 ], [ -79.950998698908563, 40.45397192719814 ] ] } },
{ "type": "Feature", "properties": { "seg_id": "baum-boulevard-0850-03", "corridor": "Baum Boulevard", "walk_class": "sidewalk", "length_m": 93.31 }, "geometry": { "type": "LineString", "coordinates": [ [ -79.950998698908563, 40.45397192719814 ], [ -79.9517364, 40.453966499999986 ], [ -79.95176, 40.4539426 ], [ -79.951879, 40.4539448 ], [ -79.951953, 40.4539461 ], [ -79.9520147, 40.453965699999983 ], [ -79.952078259026294, 40.453964446281546 ] ] } },
{ "type": "Feature", "properties": { "seg_id": "baum-boulevard-0850-04", "corridor": "Baum Boulevard", "walk_class": "sidewalk", "length_m": 93.31 }, "geometry": { "type": "LineString", "coordinates": [ [ -79.952078259026294, 40.453964446281546 ], [ -79.9525723, 40.4539547 ], [ -79.9531268, 40.4539437 ], [ -79.9531736, 40.4539273 ] ] } },
{ "type": "Feature", "properties": { "seg_id": "sidewalk-0851-00", "corridor": null, "walk_class": "sidewalk", "length_m": 28.21 }, "geometry": { "type": "LineString", "coordinates": [ [ -79.9529335, 40.4506735 ], [ -79.953011, 40.450617 ], [ -79.9530943, 40.4505948 ], [ -79.953224, 40.4505603 ] ] } },
{ "type": "Feature", "properties": { "seg_id": "service-0852-00", "corridor": null, "walk_class": "service", "length_m": 76.23 }, "geometry": { "type": "LineString", "coordinates": [ [ -79.9530671, 40.4481228 ], [ -79.953028, 40.4480859 ], [ -79.9530121, 40.4480719 ], [ -79.9529808, 40.4480442 ], [ -79.9528762, 40.44795950000001 ], [ -79.9528541, 40.447936 ], [ -79.952849, 40.447925 ], [ -79.9528489, 40.4479067 ], [ -79.9528617, 40.4478892 ], [ -79.9529238, 40.447837 ], [ -79.952947, 40.4478234 ], [ -79.9529775, 40.4478192 ], [ -79.9530009, 40.447819699999989 ], [ -79.9530312, 40.4478321 ], [ -79.9531505, 40.4479245 ], [ -79.9531798, 40.4479504 ], [ -79.9531887, 40.4479582 ], [ -79.9532348, 40.4479986 ] ] } },
{ "type": "Feature", "properties": { "seg_id": "service-0853-00", "corridor": null, "walk_class": "service", "length_m": 53.8 }, "geometry": { "type": "LineString", "coordinates": [ [ -79.9532089, 40.4494354 ], [ -79.9531297, 40.4494557 ], [ -79.9530887, 40.4494663 ], [ -79.9530476, 40.4494707 ], [ -79.953016600000012, 40.4494839 ], [ -79.9528804, 40.44952820000001 ], [ -79.9528394, 40.4495542 ], [ -79.9529126, 40.4497202 ] ] } },
{ "type": "Feature", "properties": { "seg_id": "north-dithridge-street-0854-00", "corridor": "North Dithridge Street", "walk_class": "steps", "length_m": 1.37 }, "geometry": { "type": "LineString", "coordinates": [ [ -79.9531659, 40.4514615 ], [ -79.9531716, 40.451473 ] ] } },
{ "type": "Feature", "properties": { "seg_id": "north-dithridge-street-0855-00", "corridor": "North Dithridge Street", "walk_class": "sidewalk", "length_m": 1.14 }, "geometry": { "type": "LineString", "coordinates": [ [ -79.9531614, 40.4514518 ], [ -79.9531659, 40.4514615 ] ] } },
{ "type": "Feature", "properties": { "seg_id": "sidewalk-0856-00", "corridor": null, "walk_class": "sidewalk", "length_m": 5.43 }, "geometry": { "type": "LineString", "coordinates": [ [ -79.9531056, 40.4509604 ], [ -79.9531656, 40.4509432 ] ] } },
{ "type": "Feature", "properties": { "seg_id": "bates-street-0857-00", "corridor": "Bates Street", "walk_class": "sidewalk", "length_m": 141.19 }, "geometry": { "type": "LineString", "coordinates": [ [ -79.9523312, 40.4396072 ], [ -79.95259, 40.4393536 ], [ -79.9533432, 40.4386262 ], [ -79.9533505, 40.4386041 ] ] } },
{ "type": "Feature", "properties": { "seg_id": "service-0858-00", "corridor": null, "walk_class": "service", "length_m": 15.91 }, "geometry": { "type": "LineString", "coordinates": [ [ -79.9533212, 40.440465399999987 ], [ -79.9533169, 40.4405109 ], [ -79.9533052, 40.4406082 ] ] } },
{ "type": "Feature", "properties": { "seg_id": "schenley-drive-0859-00", "corridor": "Schenley Drive", "walk_class": "sidewalk", "length_m": 90.81 }, "geometry": { "type": "LineString", "coordinates": [ [ -79.9528472, 40.4416323 ], [ -79.9528831, 40.4416683 ], [ -79.9529102, 40.4416961 ], [ -79.9530874, 40.4418776 ], [ -79.9531194, 40.4419203 ], [ -79.953122, 40.4419839 ], [ -79.9531996, 40.442158 ], [ -79.9532906, 40.4423614 ] ] } },
{ "type": "Feature", "properties": { "seg_id": "service-0860-00", "corridor": null, "walk_class": "service", "length_m": 19.32 }, "geometry": { "type": "LineString", "coordinates": [ [ -79.9530481, 40.4466273 ], [ -79.9530924, 40.446595 ], [ -79.9532129, 40.4465072 ] ] } },
{ "type": "Feature", "properties": { "seg_id": "steps-0861-00", "corridor": null, "walk_class": "steps", "length_m": 21.14 }, "geometry": { "type": "LineString", "coordinates": [ [ -79.9530237, 40.4469656 ], [ -79.9530385, 40.4469554 ], [ -79.9530814, 40.4469226 ], [ -79.9531075, 40.4469047 ], [ -79.9531726, 40.4468562 ], [ -79.9532035, 40.4468338 ] ] } },
{ "type": "Feature", "properties": { "seg_id": "service-0862-00", "corridor": null, "walk_class": "service", "length_m": 15.26 }, "geometry": { "type": "LineString", "coordinates": [ [ -79.952994, 40.4489573 ], [ -79.9530688, 40.448942899999984 ], [ -79.9531685, 40.4489237 ] ] } },
{ "type": "Feature", "properties": { "seg_id": "sidewalk-0863-00", "corridor": null, "walk_class": "sidewalk", "length_m": 7.84 }, "geometry": { "type": "LineString", "coordinates": [ [ -79.9530442, 40.4508581 ], [ -79.9531322, 40.4508365 ] ] } },
{ "type": "Feature", "properties": { "seg_id": "service-0864-00", "corridor": null, "walk_class": "service", "length_m": 128.13 }, "geometry": { "type": "LineString", "coordinates": [ [ -79.9531431, 40.4492932 ], [ -79.9530663, 40.449314 ], [ -79.9527293, 40.4494004 ], [ -79.9526945, 40.4493807 ], [ -79.9526691, 40.449354799999988 ], [ -79.9525684, 40.4491177 ], [ -79.9525224, 40.4490116 ], [ -79.9525151, 40.4489839 ], [ -79.952516700000018, 40.448962 ], [ -79.9527675, 40.448888700000019 ], [ -79.9528678, 40.4488745 ], [ -79.9529432, 40.4488554 ] ] } },
{ "type": "Feature", "properties": { "seg_id": "sidewalk-0865-00", "corridor": null, "walk_class": "sidewalk", "length_m": 32.62 }, "geometry": { "type": "LineString", "coordinates": [ [ -79.9531447, 40.446006 ], [ -79.9531497, 40.4459354 ], [ -79.9531509, 40.4459174 ], [ -79.9531553, 40.4458181 ], [ -79.9531859, 40.4457877 ], [ -79.9531915, 40.4457373 ], [ -79.953194, 40.4457206 ] ] } },
{ "type": "Feature", "properties": { "seg_id": "service-0866-00", "corridor": null, "walk_class": "service", "length_m": 32.6 }, "geometry": { "type": "LineString", "coordinates": [ [ -79.9533013, 40.4385003 ], [ -79.9532584, 40.4385408 ], [ -79.9530597, 40.4387287 ] ] } },
{ "type": "Feature", "properties": { "seg_id": "sidewalk-0867-00", "corridor": null, "walk_class": "sidewalk", "length_m": 11.55 }, "geometry": { "type": "LineString", "coordinates": [ [ -79.953247, 40.4418839 ], [ -79.9532244, 40.4418903 ], [ -79.9531194, 40.4419203 ] ] } },
{ "type": "Feature", "properties": { "seg_id": "roberto-vera-clemente-drive-0868-00", "corridor": null, "walk_class": "sidewalk", "length_m": 128.34 }, "geometry": { "type": "LineString", "coordinates": [ [ -79.953262, 40.4405105 ], [ -79.9532647, 40.4405269 ], [ -79.9532175, 40.4405777 ], [ -79.9531627, 40.4405884 ], [ -79.9530611, 40.4406204 ], [ -79.9530016, 40.440647 ], [ -79.9529362, 40.4406781 ], [ -79.9528988, 40.4406977 ], [ -79.9528696, 40.4407226 ], [ -79.95284860000001, 40.440736799999989 ], [ -79.9528463, 40.440758099999989 ], [ -79.9528451, 40.4407812 ], [ -79.9529152, 40.4410353 ], [ -79.9529183, 40.441086 ], [ -79.9529138, 40.4411367 ], [ -79.9529051, 40.4411653 ], [ -79.9528851, 40.4411946 ], [ -79.9528594, 40.4412161 ], [ -79.9528252, 40.4412304 ], [ -79.9528055, 40.4412482 ], [ -79.9527971, 40.441279 ], [ -79.9528181, 40.4413516 ], [ -79.9528401, 40.441375300000011 ], [ -79.9528886, 40.4414273 ] ] } },
{ "type": "Feature", "properties": { "seg_id": "service-0869-00", "corridor": null, "walk_class": "service", "length_m": 45.27 }, "geometry": { "type": "LineString", "coordinates": [ [ -79.9528, 40.436135 ], [ -79.9528677, 40.436144599999984 ], [ -79.9533247, 40.4362098 ] ] } },
{ "type": "Feature", "properties": { "seg_id": "service-0870-00", "corridor": null, "walk_class": "service", "length_m": 10.65 }, "geometry": { "type": "LineString", "coordinates": [ [ -79.9533247, 40.4362098 ], [ -79.9533143, 40.4362519 ], [ -79.9533015, 40.4363041 ] ] } },
{ "type": "Feature", "properties": { "seg_id": "north-dithridge-street-0871-00", "corridor": "North Dithridge Street", "walk_class": "sidewalk", "length_m": 0.57 }, "geometry": { "type": "LineString", "coordinates": [ [ -79.9530943, 40.4505948 ], [ -79.9530967, 40.4505996 ] ] } },
{ "type": "Feature", "properties": { "seg_id": "tennyson-avenue-0872-00", "corridor": "Tennyson Avenue", "walk_class": "sidewalk", "length_m": 22.21 }, "geometry": { "type": "LineString", "coordinates": [ [ -79.9529899, 40.4455809 ], [ -79.9530059, 40.4455932 ], [ -79.9530725, 40.4456475 ], [ -79.9531575, 40.4457141 ], [ -79.9531711, 40.4457253 ] ] } },
{ "type": "Feature", "properties": { "seg_id": "service-0873-00", "corridor": null, "walk_class": "service", "length_m": 9.15 }, "geometry": { "type": "LineString", "coordinates": [ [ -79.9529737, 40.4510585 ], [ -79.9529948, 40.4510524 ], [ -79.9530745, 40.451029099999985 ] ] } },
{ "type": "Feature", "properties": { "seg_id": "sidewalk-0874-00", "corridor": null, "walk_class": "sidewalk", "length_m": 5.71 }, "geometry": { "type": "LineString", "coordinates": [ [ -79.9530057, 40.4507939 ], [ -79.9530188, 40.4507904 ], [ -79.9530305, 40.4507872 ], [ -79.9530428, 40.4507845 ], [ -79.9530692, 40.4507769 ] ] } },
{ "type": "Feature", "properties": { "seg_id": "service-0875-00", "corridor": null, "walk_class": "service", "length_m": 92.56 }, "geometry": { "type": "LineString", "coordinates": [ [ -79.9532606, 40.4370367 ], [ -79.9532274, 40.4370093 ], [ -79.9530287, 40.4368448 ], [ -79.9532264, 40.4363429 ], [ -79.9532447, 40.4362965 ] ] } },
{ "type": "Feature", "properties": { "seg_id": "omicron-delta-kappa-walk-0876-00", "corridor": null, "walk_class": "sidewalk", "length_m": 92.31 }, "geometry": { "type": "LineString", "coordinates": [ [ -79.951825900000017, 40.4460841 ], [ -79.9521319, 40.4454932 ], [ -79.952318043643814, 40.44535821345066 ] ] } },
{ "type": "Feature", "properties": { "seg_id": "omicron-delta-kappa-walk-0876-01", "corridor": null, "walk_class": "sidewalk", "length_m": 92.31 }, "geometry": { "type": "LineString", "coordinates": [ [ -79.952318043643814, 40.44535821345066 ], [ -79.9525005, 40.4452259 ], [ -79.9531074, 40.4447857 ] ] } },
{ "type": "Feature", "properties": { "seg_id": "sidewalk-0877-00", "corridor": null, "walk_class": "sidewalk", "length_m": 41.26 }, "geometry": { "type": "LineString", "coordinates": [ [ -79.9526404, 40.4424764 ], [ -79.9527571, 40.4424646 ], [ -79.9529489, 40.4424438 ], [ -79.9530992, 40.442408 ], [ -79.953116, 40.4424039 ] ] } },
{ "type": "Feature", "properties": { "seg_id": "sidewalk-0878-00", "corridor": null, "walk_class": "sidewalk", "length_m": 33.27 }, "geometry": { "type": "LineString", "coordinates": [ [ -79.9529183, 40.441086 ], [ -79.952928200000017, 40.4410658 ], [ -79.9529503, 40.4410508 ], [ -79.9529904, 40.44104 ], [ -79.9530437, 40.44104 ], [ -79.9530791, 40.4410572 ], [ -79.9530932, 40.4410963 ], [ -79.9530913, 40.4411297 ], [ -79.9531045, 40.441166 ], [ -79.953124, 40.4412016 ] ] } },
{ "type": "Feature", "properties": { "seg_id": "service-0879-00", "corridor": null, "walk_class": "service", "length_m": 93.88 }, "geometry": { "type": "LineString", "coordinates": [ [ -79.9521851, 40.4471394 ], [ -79.9522483, 40.4471226 ], [ -79.9523943, 40.447083899999988 ], [ -79.9529798, 40.4466542 ], [ -79.9530329, 40.446615199999982 ] ] } },
{ "type": "Feature", "properties": { "seg_id": "sidewalk-0880-00", "corridor": null, "walk_class": "sidewalk", "length_m": 141.18 }, "geometry": { "type": "LineString", "coordinates": [ [ -79.9525919, 40.4426011 ], [ -79.9529745, 40.4429355 ], [ -79.9530407, 40.4429934 ], [ -79.9529661, 40.443012899999978 ], [ -79.952111, 40.4432364 ] ] } },
{ "type": "Feature", "properties": { "seg_id": "sidewalk-0881-00", "corridor": null, "walk_class": "sidewalk", "length_m": 13.14 }, "geometry": { "type": "LineString", "coordinates": [ [ -79.9528942, 40.4508828 ], [ -79.9528796, 40.4508856 ], [ -79.9528635, 40.4508875 ], [ -79.9528496, 40.4508882 ], [ -79.9528388, 40.4508873 ], [ -79.952828, 40.4508852 ], [ -79.952818500000021, 40.4508824 ], [ -79.952808, 40.4508784 ], [ -79.9527969, 40.4508711 ], [ -79.9527898, 40.4508636 ], [ -79.9527845, 40.4508553 ], [ -79.9527793, 40.4508443 ], [ -79.9527762, 40.4508358 ] ] } },
{ "type": "Feature", "properties": { "seg_id": "service-0882-00", "corridor": null, "walk_class": "service", "length_m": 75.58 }, "geometry": { "type": "LineString", "coordinates": [ [ -79.9529499, 40.4465494 ], [ -79.9528967, 40.4465871 ], [ -79.9522967, 40.4470125 ] ] } },
{ "type": "Feature", "properties": { "seg_id": "sidewalk-0883-00", "corridor": "North Dithridge Street", "walk_class": "sidewalk", "length_m": 11.43 }, "geometry": { "type": "LineString", "coordinates": [ [ -79.9528685, 40.4508395 ], [ -79.9528534, 40.4508441 ], [ -79.9528447, 40.4508441 ], [ -79.9528367, 40.4508415 ], [ -79.9528219, 40.4508302 ], [ -79.9528148, 40.4508217 ], [ -79.952812, 40.45081 ], [ -79.9528111, 40.450794 ], [ -79.9528151, 40.4507879 ], [ -79.9528194, 40.4507839 ], [ -79.9528325, 40.4507787 ] ] } },
{ "type": "Feature", "properties": { "seg_id": "service-0884-00", "corridor": null, "walk_class": "service", "length_m": 66.39 }, "geometry": { "type": "LineString", "coordinates": [ [ -79.9522882, 40.4486859 ], [ -79.9523231, 40.4487431 ], [ -79.9523941, 40.4488518 ], [ -79.9524232, 40.4488707 ], [ -79.9524566, 40.4488721 ], [ -79.9528199, 40.4487683 ], [ -79.9528955, 40.4487447 ] ] } },
{ "type": "Feature", "properties": { "seg_id": "north-bellefield-avenue-0885-00", "corridor": "North Bellefield Avenue", "walk_class": "sidewalk", "length_m": 17.44 }, "geometry": { "type": "LineString", "coordinates": [ [ -79.9527746, 40.4482142 ], [ -79.9528251, 40.4482984 ], [ -79.952858, 40.4483485 ], [ -79.9528633, 40.4483559 ] ] } },
{ "type": "Feature", "properties": { "seg_id": "sidewalk-0886-00", "corridor": null, "walk_class": "sidewalk", "length_m": 5.34 }, "geometry": { "type": "LineString", "coordinates": [ [ -79.952757800000015, 40.4508422 ], [ -79.9527762, 40.4508358 ], [ -79.9528148, 40.4508217 ] ] } },
{ "type": "Feature", "properties": { "seg_id": "bayard-street-0887-00", "corridor": "Bayard Street", "walk_class": "sidewalk", "length_m": 14.98 }, "geometry": { "type": "LineString", "coordinates": [ [ -79.9526737, 40.4484826 ], [ -79.9527739, 40.4484576 ], [ -79.9528291, 40.4484438 ], [ -79.9528419, 40.4484416 ] ] } },
{ "type": "Feature", "properties": { "seg_id": "sidewalk-0888-00", "corridor": null, "walk_class": "sidewalk", "length_m": 4.97 }, "geometry": { "type": "LineString", "coordinates": [ [ -79.9528254, 40.4445646 ], [ -79.9528659, 40.4445322 ] ] } },
{ "type": "Feature", "properties": { "seg_id": "bayard-street-0889-00", "corridor": "Bayard Street", "walk_class": "sidewalk", "length_m": 21.7 }, "geometry": { "type": "LineString", "coordinates": [ [ -79.9527751, 40.4481986 ], [ -79.9527746, 40.4482142 ], [ -79.9526978, 40.4482887 ], [ -79.9526362, 40.4483483 ], [ -79.952625200000014, 40.4483517 ] ] } },
{ "type": "Feature", "properties": { "seg_id": "service-0890-00", "corridor": null, "walk_class": "service", "length_m": 79.7 }, "geometry": { "type": "LineString", "coordinates": [ [ -79.9517707, 40.4393582 ], [ -79.951802200000017, 40.439314499999988 ], [ -79.9518239, 40.4392874 ], [ -79.9520132, 40.439094899999986 ], [ -79.9520254, 40.4391022 ], [ -79.9522312, 40.4388988 ], [ -79.9522444, 40.4389062 ], [ -79.952312, 40.4388389 ], [ -79.9523289, 40.4388477 ], [ -79.952339900329036, 40.438837022377228 ] ] } },
{ "type": "Feature", "properties": { "seg_id": "service-0890-01", "corridor": null, "walk_class": "service", "length_m": 79.7 }, "geometry": { "type": "LineString", "coordinates": [ [ -79.952339900329036, 40.438837022377228 ], [ -79.9528779, 40.4383148 ], [ -79.9529199, 40.4382722 ] ] } },
{ "type": "Feature", "properties": { "seg_id": "service-0891-00", "corridor": null, "walk_class": "service", "length_m": 28.52 }, "geometry": { "type": "LineString", "coordinates": [ [ -79.9527895, 40.4464222 ], [ -79.952737700000014, 40.4464588 ], [ -79.9525425, 40.4465965 ] ] } },
{ "type": "Feature", "properties": { "seg_id": "sidewalk-0892-00", "corridor": null, "walk_class": "sidewalk", "length_m": 6.06 }, "geometry": { "type": "LineString", "coordinates": [ [ -79.9527693, 40.444099 ], [ -79.9528196, 40.4441378 ] ] } },
{ "type": "Feature", "properties": { "seg_id": "service-0893-00", "corridor": null, "walk_class": "service", "length_m": 92.51 }, "geometry": { "type": "LineString", "coordinates": [ [ -79.9517487, 40.4525788 ], [ -79.952202367440933, 40.453336700994001 ] ] } },
{ "type": "Feature", "properties": { "seg_id": "service-0893-01", "corridor": null, "walk_class": "service", "length_m": 92.51 }, "geometry": { "type": "LineString", "coordinates": [ [ -79.952202367440933, 40.453336700994001 ], [ -79.9525723, 40.4539547 ], [ -79.952606300000014, 40.4540115 ], [ -79.9526629, 40.454092 ] ] } },
{ "type": "Feature", "properties": { "seg_id": "bayard-street-0894-00", "corridor": "Bayard Street", "walk_class": "sidewalk", "length_m": 84.8 }, "geometry": { "type": "LineString", "coordinates": [ [ -79.9526812, 40.4484982 ], [ -79.9526576, 40.4485033 ], [ -79.9526251, 40.4485228 ], [ -79.9523231, 40.4487431 ], [ -79.9521911, 40.4488395 ], [ -79.9519496, 40.4490157 ] ] } },
{ "type": "Feature", "properties": { "seg_id": "service-0895-00", "corridor": null, "walk_class": "service", "length_m": 24.35 }, "geometry": { "type": "LineString", "coordinates": [ [ -79.952563, 40.449426699999989 ], [ -79.9526087, 40.4495283 ], [ -79.9526563, 40.4496341 ] ] } },
{ "type": "Feature", "properties": { "seg_id": "sidewalk-0896-00", "corridor": null, "walk_class": "sidewalk", "length_m": 38.08 }, "geometry": { "type": "LineString", "coordinates": [ [ -79.9526958, 40.4421248 ], [ -79.9527571, 40.4424646 ] ] } },
{ "type": "Feature", "properties": { "seg_id": "service-0897-00", "corridor": null, "walk_class": "service", "length_m": 98.96 }, "geometry": { "type": "LineString", "coordinates": [ [ -79.9515786, 40.448533500000011 ], [ -79.951634, 40.4485149 ], [ -79.9524983, 40.4482253 ], [ -79.9525623, 40.4482038 ], [ -79.9526472, 40.4481754 ] ] } },
{ "type": "Feature", "properties": { "seg_id": "service-0898-00", "corridor": null, "walk_class": "service", "length_m": 33.82 }, "geometry": { "type": "LineString", "coordinates": [ [ -79.9522308, 40.449625499999989 ], [ -79.9522952, 40.4496088 ], [ -79.9526087, 40.4495283 ] ] } },
{ "type": "Feature", "properties": { "seg_id": "north-dithridge-street-0899-00", "corridor": "North Bellefield Avenue", "walk_class": "sidewalk", "length_m": 103.94 }, "geometry": { "type": "LineString", "coordinates": [ [ -79.9520734, 40.4471398 ], [ -79.952479357176884, 40.448023283762048 ] ] } },
{ "type": "Feature", "properties": { "seg_id": "north-dithridge-street-0899-01", "corridor": "Bayard Street", "walk_class": "sidewalk", "length_m": 103.94 }, "geometry": { "type": "LineString", "coordinates": [ [ -79.952479357176884, 40.448023283762048 ], [ -79.9524818, 40.4480286 ], [ -79.9525623, 40.4482038 ], [ -79.9526239, 40.4483379 ], [ -79.952625200000014, 40.4483517 ], [ -79.9526152, 40.4483621 ], [ -79.9526, 40.4483731 ], [ -79.9524659, 40.4484702 ], [ -79.9523148, 40.4485797 ], [ -79.9521138, 40.448725299999985 ], [ -79.95206791946022, 40.448758533818811 ] ] } },
{ "type": "Feature", "properties": { "seg_id": "north-dithridge-street-0899-02", "corridor": "North Dithridge Street", "walk_class": "sidewalk", "length_m": 103.94 }, "geometry": { "type": "LineString", "coordinates": [ [ -79.95206791946022, 40.448758533818811 ], [ -79.9518896, 40.4488877 ], [ -79.9518821, 40.4488885 ], [ -79.9518765, 40.4488891 ], [ -79.9518667, 40.4488871 ], [ -79.9518603, 40.4488858 ], [ -79.9518522, 40.4488777 ], [ -79.9516862, 40.4486017 ], [ -79.951634, 40.4485149 ], [ -79.9515176, 40.448321300000011 ], [ -79.951461181706421, 40.448227538972695 ] ] } },
{ "type": "Feature", "properties": { "seg_id": "north-dithridge-street-0899-03", "corridor": "North Dithridge Street", "walk_class": "sidewalk", "length_m": 103.94 }, "geometry": { "type": "LineString", "coordinates": [ [ -79.951461181706421, 40.448227538972695 ], [ -79.9514478, 40.4482053 ], [ -79.9513562, 40.4480529 ], [ -79.9510871, 40.4476053 ], [ -79.950949596168869, 40.447376670221786 ] ] } },
{ "type": "Feature", "properties": { "seg_id": "north-dithridge-street-0899-04", "corridor": "North Dithridge Street", "walk_class": "sidewalk", "length_m": 103.94 }, "geometry": { "type": "LineString", "coordinates": [ [ -79.950949596168869, 40.447376670221786 ], [ -79.9507064, 40.4469723 ], [ -79.9507064, 40.4469575 ], [ -79.9507108, 40.4469419 ], [ -79.950722, 40.4469252 ], [ -79.950738900000019, 40.44691 ], [ -79.9507607, 40.446901 ], [ -79.9507697, 40.4468993 ], [ -79.9508013, 40.4468934 ], [ -79.9510854, 40.4468791 ], [ -79.9512321, 40.446872 ], [ -79.951284999097197, 40.446864103661468 ] ] } },
{ "type": "Feature", "properties": { "seg_id": "north-dithridge-street-0899-05", "corridor": null, "walk_class": "sidewalk", "length_m": 103.94 }, "geometry": { "type": "LineString", "coordinates": [ [ -79.951284999097197, 40.446864103661468 ], [ -79.9513145, 40.4468597 ], [ -79.9514095, 40.4468416 ], [ -79.9515169, 40.446815 ], [ -79.9515855, 40.4467941 ], [ -79.9516349, 40.4467765 ], [ -79.9517354, 40.4467314 ], [ -79.9517916, 40.4467095 ], [ -79.9518128, 40.4467043 ], [ -79.9518246, 40.4467047 ], [ -79.9518428, 40.4467052 ], [ -79.9518728, 40.4467147 ], [ -79.9518852, 40.4467304 ], [ -79.9519837, 40.4469447 ], [ -79.9520734, 40.4471398 ] ] } },
{ "type": "Feature", "properties": { "seg_id": "steps-0900-00", "corridor": null, "walk_class": "steps", "length_m": 7.74 }, "geometry": { "type": "LineString", "coordinates": [ [ -79.9525918, 40.4503727 ], [ -79.9525679, 40.450382199999986 ], [ -79.952543600000013, 40.4503904 ], [ -79.9525213, 40.4503995 ], [ -79.9525098, 40.4504033 ] ] } },
{ "type": "Feature", "properties": { "seg_id": "service-0901-00", "corridor": null, "walk_class": "service", "length_m": 29.27 }, "geometry": { "type": "LineString", "coordinates": [ [ -79.9526345, 40.446299299999986 ], [ -79.9525855, 40.4463359 ], [ -79.9523876, 40.4464835 ] ] } },
{ "type": "Feature", "properties": { "seg_id": "schenley-drive-extension-0902-00", "corridor": null, "walk_class": "sidewalk", "length_m": 108.01 }, "geometry": { "type": "LineString", "coordinates": [ [ -79.9517867, 40.4424897 ], [ -79.9517962, 40.4423928 ], [ -79.9518107, 40.4423098 ], [ -79.9518132, 40.4422931 ], [ -79.9518201, 40.44225620000001 ], [ -79.9518093, 40.4422276 ], [ -79.9516699, 40.4420582 ], [ -79.9516578, 40.4420484 ], [ -79.9515839, 40.4419882 ], [ -79.9515568, 40.441966099999988 ], [ -79.9514978, 40.4419436 ], [ -79.9514012, 40.4418987 ], [ -79.9513664, 40.4418416 ], [ -79.9513717, 40.4417803 ], [ -79.9513957, 40.4417561 ], [ -79.9514281, 40.4417232 ], [ -79.9514631, 40.4417071 ], [ -79.95148613195326, 40.441703712951053 ] ] } },
{ "type": "Feature", "properties": { "seg_id": "schenley-drive-extension-0902-01", "corridor": null, "walk_class": "sidewalk", "length_m": 108.01 }, "geometry": { "type": "LineString", "coordinates": [ [ -79.95148613195326, 40.441703712951053 ], [ -79.9515141, 40.4416996 ], [ -79.9515774, 40.4417071 ], [ -79.9516241, 40.4417305 ], [ -79.9516829, 40.4417579 ], [ -79.9518599, 40.4418048 ], [ -79.9524849, 40.441855900000014 ], [ -79.9525236, 40.4418688 ], [ -79.9525953, 40.4418962 ], [ -79.9527017, 40.4419351 ] ] } },
{ "type": "Feature", "properties": { "seg_id": "service-0903-00", "corridor": null, "walk_class": "service", "length_m": 38.33 }, "geometry": { "type": "LineString", "coordinates": [ [ -79.9521541, 40.4494968 ], [ -79.9522156, 40.4494769 ], [ -79.9525701, 40.4493618 ] ] } },
{ "type": "Feature", "properties": { "seg_id": "steps-0904-00", "corridor": null, "walk_class": "steps", "length_m": 102.05 }, "geometry": { "type": "LineString", "coordinates": [ [ -79.9523891, 40.4437508 ], [ -79.9524827, 40.443967 ], [ -79.9524296, 40.4439818 ], [ -79.9524434, 40.4440084 ], [ -79.9525351, 40.4439833 ], [ -79.9526422, 40.4439541 ], [ -79.9526304, 40.4439306 ], [ -79.9525775, 40.4439444 ], [ -79.9524113, 40.443575 ] ] } },
{ "type": "Feature", "properties": { "seg_id": "service-0905-00", "corridor": null, "walk_class": "service", "length_m": 34.86 }, "geometry": { "type": "LineString", "coordinates": [ [ -79.9524983, 40.4482253 ], [ -79.952415, 40.4480506 ], [ -79.9524818, 40.4480286 ], [ -79.9525689, 40.4479998 ] ] } },
{ "type": "Feature", "properties": { "seg_id": "sidewalk-0906-00", "corridor": null, "walk_class": "sidewalk", "length_m": 12.63 }, "geometry": { "type": "LineString", "coordinates": [ [ -79.952633, 40.4436411 ], [ -79.9526002, 40.4435478 ], [ -79.9525944, 40.4435312 ] ] } },
{ "type": "Feature", "properties": { "seg_id": "service-0907-00", "corridor": null, "walk_class": "service", "length_m": 53.24 }, "geometry": { "type": "LineString", "coordinates": [ [ -79.951954, 40.4503264 ], [ -79.9523815, 40.450188 ], [ -79.952465, 40.450161 ], [ -79.952532, 40.4501393 ] ] } },
{ "type": "Feature", "properties": { "seg_id": "sidewalk-0908-00", "corridor": null, "walk_class": "sidewalk", "length_m": 78.95 }, "geometry": { "type": "LineString", "coordinates": [ [ -79.9523557, 40.4425131 ], [ -79.9523642, 40.4425325 ], [ -79.9523883, 40.4425601 ], [ -79.9524241, 40.442589 ], [ -79.9524598, 40.4426066 ], [ -79.9524983, 40.4426138 ], [ -79.9525375, 40.4426142 ], [ -79.9525919, 40.4426011 ], [ -79.9526214, 40.4425808 ], [ -79.9526404, 40.4425581 ], [ -79.9526485, 40.4425213 ], [ -79.9526404, 40.4424764 ], [ -79.9526297, 40.44245810000001 ], [ -79.9526069, 40.4424351 ], [ -79.952581800000019, 40.442418 ], [ -79.9525509, 40.4423996 ], [ -79.9525228, 40.4423943 ], [ -79.9524959, 40.4423884 ], [ -79.9524513, 40.4423905 ], [ -79.9524209, 40.4423984 ], [ -79.9523967, 40.4424086 ], [ -79.9523755, 40.4424272 ], [ -79.9523601, 40.4424555 ], [ -79.9523528, 40.4424777 ], [ -79.9523528, 40.442500699999982 ], [ -79.9523557, 40.4425131 ] ] } },
{ "type": "Feature", "properties": { "seg_id": "fifth-avenue-0909-00", "corridor": "Fifth Avenue", "walk_class": "sidewalk", "length_m": 16.33 }, "geometry": { "type": "LineString", "coordinates": [ [ -79.9524518, 40.4462574 ], [ -79.9524529, 40.4462483 ], [ -79.9525134, 40.4462033 ], [ -79.9525754, 40.4461589 ], [ -79.9525865, 40.44616 ] ] } },
{ "type": "Feature", "properties": { "seg_id": "north-dithridge-street-0910-00", "corridor": "North Dithridge Street", "walk_class": "sidewalk", "length_m": 26.26 }, "geometry": { "type": "LineString", "coordinates": [ [ -79.9523815, 40.450188 ], [ -79.9523958, 40.4502147 ], [ -79.9525098, 40.4504033 ] ] } },
{ "type": "Feature", "properties": { "seg_id": "sidewalk-0911-00", "corridor": null, "walk_class": "sidewalk", "length_m": 1.5 }, "geometry": { "type": "LineString", "coordinates": [ [ -79.9525098, 40.4504033 ], [ -79.9524935, 40.45040860000001 ] ] } },
{ "type": "Feature", "properties": { "seg_id": "dawson-street-0912-00", "corridor": "Oakland Square", "walk_class": "sidewalk", "length_m": 97.68 }, "geometry": { "type": "LineString", "coordinates": [ [ -79.9513959, 40.4368883 ], [ -79.9514454, 40.4368969 ], [ -79.9514964, 40.4369058 ], [ -79.951517, 40.43691290000001 ], [ -79.9523304, 40.437114 ], [ -79.9523533, 40.4371096 ], [ -79.952398265669387, 40.437002357876814 ] ] } },
{ "type": "Feature", "properties": { "seg_id": "dawson-street-0912-01", "corridor": "Dawson Street", "walk_class": "sidewalk", "length_m": 97.68 }, "geometry": { "type": "LineString", "coordinates": [ [ -79.952398265669387, 40.437002357876814 ], [ -79.9525959, 40.436531 ], [ -79.9526848, 40.436321300000017 ], [ -79.9527098, 40.4362201 ], [ -79.9527101, 40.4362141 ], [ -79.9527147, 40.436191 ], [ -79.952719, 40.4361693 ], [ -79.95272, 40.4361591 ] ] } },
{ "type": "Feature", "properties": { "seg_id": "steps-0913-00", "corridor": null, "walk_class": "steps", "length_m": 1.91 }, "geometry": { "type": "LineString", "coordinates": [ [ -79.9526002, 40.4435478 ], [ -79.9525944, 40.4435312 ] ] } },
{ "type": "Feature", "properties": { "seg_id": "service-0914-00", "corridor": null, "walk_class": "service", "length_m": 84.6 }, "geometry": { "type": "LineString", "coordinates": [ [ -79.9521596, 40.4392339 ], [ -79.9522431, 40.4391481 ], [ -79.9525817, 40.4388001 ], [ -79.9525352, 40.4387738 ], [ -79.9526737, 40.4386315 ] ] } },
{ "type": "Feature", "properties": { "seg_id": "semple-street-0915-00", "corridor": "Semple Street", "walk_class": "sidewalk", "length_m": 71.68 }, "geometry": { "type": "LineString", "coordinates": [ [ -79.9518771, 40.43611 ], [ -79.9522468, 40.436156 ], [ -79.9522777, 40.4361599 ], [ -79.95231, 40.436164 ], [ -79.9527098, 40.4362201 ] ] } },
{ "type": "Feature", "properties": { "seg_id": "service-0916-00", "corridor": null, "walk_class": "service", "length_m": 23.31 }, "geometry": { "type": "LineString", "coordinates": [ [ -79.9525174, 40.448520699999989 ], [ -79.9524659, 40.4484702 ], [ -79.9524285, 40.4484336 ], [ -79.9523799, 40.4483413 ] ] } },
{ "type": "Feature", "properties": { "seg_id": "varsity-walk-0917-00", "corridor": null, "walk_class": "sidewalk", "length_m": 133.04 }, "geometry": { "type": "LineString", "coordinates": [ [ -79.9513742, 40.4450612 ], [ -79.951391500000014, 40.4450552 ], [ -79.951596, 40.445057 ], [ -79.9519624, 40.4447904 ], [ -79.9525685, 40.444347 ] ] } },
{ "type": "Feature", "properties": { "seg_id": "service-0918-00", "corridor": null, "walk_class": "service", "length_m": 12.48 }, "geometry": { "type": "LineString", "coordinates": [ [ -79.9523311, 40.4497966 ], [ -79.9523954, 40.4497759 ], [ -79.9524667, 40.4497529 ] ] } },
{ "type": "Feature", "properties": { "seg_id": "sidewalk-0919-00", "corridor": null, "walk_class": "sidewalk", "length_m": 9.53 }, "geometry": { "type": "LineString", "coordinates": [ [ -79.9525454, 40.444068799999989 ], [ -79.9525351, 40.4439833 ] ] } },
{ "type": "Feature", "properties": { "seg_id": "service-0920-00", "corridor": null, "walk_class": "service", "length_m": 28.64 }, "geometry": { "type": "LineString", "coordinates": [ [ -79.9524217, 40.44370150000001 ], [ -79.9525265, 40.4439468 ] ] } },
{ "type": "Feature", "properties": { "seg_id": "sidewalk-0921-00", "corridor": null, "walk_class": "sidewalk", "length_m": 30.79 }, "geometry": { "type": "LineString", "coordinates": [ [ -79.952149800000015, 40.4451542 ], [ -79.9525005, 40.4452259 ] ] } },
{ "type": "Feature", "properties": { "seg_id": "service-0922-00", "corridor": null, "walk_class": "service", "length_m": 71.56 }, "geometry": { "type": "LineString", "coordinates": [ [ -79.9524074, 40.4499267 ], [ -79.9523379, 40.4499502 ], [ -79.9517602, 40.4501457 ], [ -79.9518268, 40.4502363 ] ] } },
{ "type": "Feature", "properties": { "seg_id": "service-0923-00", "corridor": null, "walk_class": "service", "length_m": 12.29 }, "geometry": { "type": "LineString", "coordinates": [ [ -79.9522976, 40.4473916 ], [ -79.9523633, 40.4473738 ], [ -79.9524342, 40.447354600000011 ] ] } },
{ "type": "Feature", "properties": { "seg_id": "service-0924-00", "corridor": null, "walk_class": "service", "length_m": 67.67 }, "geometry": { "type": "LineString", "coordinates": [ [ -79.9516617, 40.4501458 ], [ -79.9523133, 40.4499094 ], [ -79.9523825, 40.4498843 ] ] } },
{ "type": "Feature", "properties": { "seg_id": "service-0925-00", "corridor": null, "walk_class": "service", "length_m": 77.84 }, "geometry": { "type": "LineString", "coordinates": [ [ -79.9521547, 40.44878210000001 ], [ -79.9521911, 40.4488395 ], [ -79.9523795, 40.4491359 ], [ -79.9520575, 40.4492191 ], [ -79.9519976, 40.4492345 ] ] } },
{ "type": "Feature", "properties": { "seg_id": "service-0926-00", "corridor": null, "walk_class": "service", "length_m": 110.05 }, "geometry": { "type": "LineString", "coordinates": [ [ -79.952328200000011, 40.4523777 ], [ -79.9517487, 40.4525788 ], [ -79.9511364, 40.452769600000011 ] ] } },
{ "type": "Feature", "properties": { "seg_id": "service-0927-00", "corridor": null, "walk_class": "service", "length_m": 67.29 }, "geometry": { "type": "LineString", "coordinates": [ [ -79.9522213, 40.4512095 ], [ -79.9522821, 40.4512477 ], [ -79.9523371, 40.4513181 ], [ -79.9518863, 40.4514758 ], [ -79.951871, 40.4514811 ], [ -79.9517848, 40.4515113 ] ] } },
{ "type": "Feature", "properties": { "seg_id": "service-0928-00", "corridor": null, "walk_class": "service", "length_m": 93.75 }, "geometry": { "type": "LineString", "coordinates": [ [ -79.9508748, 40.4397856 ], [ -79.9509076, 40.4397564 ], [ -79.9510878, 40.439596 ], [ -79.9511529, 40.4395707 ], [ -79.9512166, 40.4395818 ], [ -79.9516008, 40.4397933 ], [ -79.951734004660295, 40.439869412683159 ] ] } },
{ "type": "Feature", "properties": { "seg_id": "service-0928-01", "corridor": null, "walk_class": "service", "length_m": 93.75 }, "geometry": { "type": "LineString", "coordinates": [ [ -79.951734004660295, 40.439869412683159 ], [ -79.952014, 40.4400294 ], [ -79.95215, 40.4401762 ], [ -79.9522373, 40.4402804 ], [ -79.9523124, 40.4403437 ], [ -79.9524277, 40.440409 ], [ -79.9524425, 40.4404198 ], [ -79.9525021, 40.4404634 ] ] } },
{ "type": "Feature", "properties": { "seg_id": "south-bouquet-street-0929-00", "corridor": "South Bouquet Street", "walk_class": "sidewalk", "length_m": 112.96 }, "geometry": { "type": "LineString", "coordinates": [ [ -79.9524456, 40.4396759 ], [ -79.9523936, 40.4396472 ], [ -79.9523316, 40.4396129 ], [ -79.9523312, 40.4396072 ], [ -79.951802200000017, 40.439314499999988 ], [ -79.9516522, 40.4392326 ], [ -79.9516286, 40.4392122 ], [ -79.9516197, 40.4391899 ], [ -79.95170599486498, 40.438986394900105 ] ] } },
{ "type": "Feature", "properties": { "seg_id": "south-bouquet-street-0929-01", "corridor": "South Bouquet Street", "walk_class": "sidewalk", "length_m": 112.96 }, "geometry": { "type": "LineString", "coordinates": [ [ -79.95170599486498, 40.438986394900105 ], [ -79.9519418, 40.4384303 ], [ -79.952120080938585, 40.43801926418805 ] ] } },
{ "type": "Feature", "properties": { "seg_id": "south-bouquet-street-0929-02", "corridor": "Dawson Street", "walk_class": "sidewalk", "length_m": 112.96 }, "geometry": { "type": "LineString", "coordinates": [ [ -79.952120080938585, 40.43801926418805 ], [ -79.9521722, 40.4378991 ], [ -79.9521706, 40.4378916 ], [ -79.9521946, 40.4378482 ], [ -79.9522202, 40.437801699999987 ], [ -79.9522246, 40.4377938 ], [ -79.952221, 40.4377643 ], [ -79.9525083, 40.4370728 ], [ -79.9525369, 40.4370695 ] ] } },
{ "type": "Feature", "properties": { "seg_id": "service-0930-00", "corridor": null, "walk_class": "service", "length_m": 74.4 }, "geometry": { "type": "LineString", "coordinates": [ [ -79.9523368, 40.4435024 ], [ -79.9523674, 40.4435741 ], [ -79.9523694, 40.4435788 ], [ -79.9523722, 40.4435854 ], [ -79.9523815, 40.4436073 ], [ -79.9524217, 40.44370150000001 ], [ -79.9523891, 40.4437508 ], [ -79.9523403, 40.443824 ], [ -79.952298900000017, 40.443886 ], [ -79.9521874, 40.4439122 ], [ -79.9521458, 40.4438375 ], [ -79.9522025, 40.4437661 ] ] } },
{ "type": "Feature", "properties": { "seg_id": "bayard-street-0931-00", "corridor": "Bayard Street", "walk_class": "sidewalk", "length_m": 22.06 }, "geometry": { "type": "LineString", "coordinates": [ [ -79.9523148, 40.4485797 ], [ -79.9520764, 40.4486591 ] ] } },
{ "type": "Feature", "properties": { "seg_id": "schenley-drive-extension-0932-00", "corridor": "Schenley Drive Extension", "walk_class": "sidewalk", "length_m": 17.83 }, "geometry": { "type": "LineString", "coordinates": [ [ -79.952323, 40.4435983 ], [ -79.9523891, 40.4437508 ] ] } },
{ "type": "Feature", "properties": { "seg_id": "sidewalk-0933-00", "corridor": null, "walk_class": "sidewalk", "length_m": 8.95 }, "geometry": { "type": "LineString", "coordinates": [ [ -79.9523967, 40.4424086 ], [ -79.9523262, 40.4423486 ] ] } },
{ "type": "Feature", "properties": { "seg_id": "schenley-drive-0934-00", "corridor": "Schenley Drive", "walk_class": "sidewalk", "length_m": 67.5 }, "geometry": { "type": "LineString", "coordinates": [ [ -79.9523557, 40.4425131 ], [ -79.9519471, 40.4425405 ], [ -79.9519059, 40.4425377 ], [ -79.951871, 40.4425293 ], [ -79.9518183, 40.4425008 ], [ -79.9517867, 40.4424897 ], [ -79.9516831, 40.4424841 ], [ -79.9516004, 40.4424805 ], [ -79.9515787, 40.4424813 ] ] } },
{ "type": "Feature", "properties": { "seg_id": "service-0935-00", "corridor": null, "walk_class": "service", "length_m": 68.09 }, "geometry": { "type": "LineString", "coordinates": [ [ -79.951954, 40.4503264 ], [ -79.9522207, 40.4507894 ], [ -79.9520936, 40.4508355 ] ] } },
{ "type": "Feature", "properties": { "seg_id": "melwood-avenue-0936-00", "corridor": "Melwood Avenue", "walk_class": "street", "length_m": 85.27 }, "geometry": { "type": "LineString", "coordinates": [ [ -79.950856, 40.452237 ], [ -79.9508908, 40.4523014 ], [ -79.9510071, 40.4525231 ], [ -79.9510359, 40.4525777 ], [ -79.9510496, 40.45260540000001 ], [ -79.9510961, 40.4526917 ], [ -79.9511364, 40.452769600000011 ], [ -79.951246836942403, 40.452944403093532 ] ] } },
{ "type": "Feature", "properties": { "seg_id": "melwood-avenue-0936-01", "corridor": "Melwood Avenue", "walk_class": "street", "length_m": 85.27 }, "geometry": { "type": "LineString", "coordinates": [ [ -79.951246836942403, 40.452944403093532 ], [ -79.951431, 40.4532359 ], [ -79.951683971770137, 40.453636195963398 ] ] } },
{ "type": "Feature", "properties": { "seg_id": "melwood-avenue-0936-02", "corridor": "Melwood Avenue", "walk_class": "street", "length_m": 85.27 }, "geometry": { "type": "LineString", "coordinates": [ [ -79.951683971770137, 40.453636195963398 ], [ -79.951879, 40.4539448 ], [ -79.9519274, 40.4540213 ], [ -79.9519912, 40.4541033 ], [ -79.9521552, 40.454314 ] ] } },
{ "type": "Feature", "properties": { "seg_id": "service-0937-00", "corridor": null, "walk_class": "service", "length_m": 96.51 }, "geometry": { "type": "LineString", "coordinates": [ [ -79.951955, 40.4543961 ], [ -79.9518087, 40.4541945 ], [ -79.9516753, 40.4542064 ], [ -79.9518566, 40.454443 ], [ -79.951955, 40.4543961 ], [ -79.9521552, 40.454314 ] ] } },
{ "type": "Feature", "properties": { "seg_id": "melwood-avenue-0938-00", "corridor": "Melwood Avenue", "walk_class": "sidewalk", "length_m": 18.7 }, "geometry": { "type": "LineString", "coordinates": [ [ -79.9520147, 40.453965699999983 ], [ -79.952067, 40.4540192 ], [ -79.9521465, 40.4541007 ] ] } },
{ "type": "Feature", "properties": { "seg_id": "schenley-drive-extension-0939-00", "corridor": "Schenley Drive Extension", "walk_class": "sidewalk", "length_m": 21.86 }, "geometry": { "type": "LineString", "coordinates": [ [ -79.952298, 40.4436048 ], [ -79.9522938, 40.4435953 ], [ -79.9522663, 40.4435206 ], [ -79.9522376, 40.4434425 ], [ -79.9522262, 40.4434239 ], [ -79.952222, 40.443417 ] ] } },
{ "type": "Feature", "properties": { "seg_id": "north-dithridge-street-0940-00", "corridor": "North Dithridge Street", "walk_class": "sidewalk", "length_m": 30.4 }, "geometry": { "type": "LineString", "coordinates": [ [ -79.9521893, 40.44943390000001 ], [ -79.9522036, 40.4494176 ], [ -79.9521712, 40.4493601 ], [ -79.9521214, 40.4492754 ], [ -79.9521209, 40.4492645 ], [ -79.9521258, 40.449249 ], [ -79.9521324, 40.44924060000001 ], [ -79.9522085, 40.4492188 ] ] } },
{ "type": "Feature", "properties": { "seg_id": "bayard-street-0941-00", "corridor": "Bayard Street", "walk_class": "sidewalk", "length_m": 40.21 }, "geometry": { "type": "LineString", "coordinates": [ [ -79.9521911, 40.4488395 ], [ -79.9521245, 40.4489117 ], [ -79.9520829, 40.4489545 ], [ -79.9520575, 40.448995399999987 ], [ -79.9520387, 40.4490255 ], [ -79.9520326, 40.4490648 ], [ -79.9520286, 40.4490984 ], [ -79.9520256, 40.449167 ] ] } },
{ "type": "Feature", "properties": { "seg_id": "bates-street-0942-00", "corridor": "Bates Street", "walk_class": "sidewalk", "length_m": 10.97 }, "geometry": { "type": "LineString", "coordinates": [ [ -79.9523316, 40.4396129 ], [ -79.9522958, 40.4396507 ], [ -79.9522614, 40.4396869 ], [ -79.9522559, 40.439693 ] ] } },
{ "type": "Feature", "properties": { "seg_id": "north-craig-street-0943-00", "corridor": "North Craig Street", "walk_class": "sidewalk", "length_m": 17.05 }, "geometry": { "type": "LineString", "coordinates": [ [ -79.952062600000019, 40.45179430000001 ], [ -79.9520613, 40.4518038 ], [ -79.9520996, 40.4518653 ], [ -79.9521386, 40.4519351 ] ] } },
{ "type": "Feature", "properties": { "seg_id": "steps-0944-00", "corridor": null, "walk_class": "steps", "length_m": 2.09 }, "geometry": { "type": "LineString", "coordinates": [ [ -79.952149, 40.4493683 ], [ -79.9521712, 40.4493601 ] ] } },
{ "type": "Feature", "properties": { "seg_id": "service-0945-00", "corridor": null, "walk_class": "service", "length_m": 89.6 }, "geometry": { "type": "LineString", "coordinates": [ [ -79.9511643, 40.449483 ], [ -79.95124, 40.44952090000001 ], [ -79.9512489, 40.44953 ], [ -79.9513219, 40.4496041 ], [ -79.9514279, 40.4497688 ], [ -79.9516617, 40.4501458 ], [ -79.951680274332304, 40.450175769320367 ] ] } },
{ "type": "Feature", "properties": { "seg_id": "service-0945-01", "corridor": null, "walk_class": "service", "length_m": 89.6 }, "geometry": { "type": "LineString", "coordinates": [ [ -79.951680274332304, 40.450175769320367 ], [ -79.9518027, 40.4503733 ], [ -79.951818, 40.450398 ], [ -79.9518471, 40.4504441 ], [ -79.9520936, 40.4508355 ], [ -79.9521355, 40.4509041 ] ] } },
{ "type": "Feature", "properties": { "seg_id": "service-0946-00", "corridor": null, "walk_class": "service", "length_m": 16.07 }, "geometry": { "type": "LineString", "coordinates": [ [ -79.951993900000019, 40.4471594 ], [ -79.9520149, 40.4471545 ], [ -79.9520734, 40.4471398 ], [ -79.952174, 40.4471145 ] ] } },
{ "type": "Feature", "properties": { "seg_id": "sidewalk-0947-00", "corridor": null, "walk_class": "sidewalk", "length_m": 9.87 }, "geometry": { "type": "LineString", "coordinates": [ [ -79.9521138, 40.448725299999985 ], [ -79.9520901, 40.4486838 ], [ -79.9520764, 40.4486591 ], [ -79.9520672, 40.4486438 ] ] } },
{ "type": "Feature", "properties": { "seg_id": "centre-avenue-0948-00", "corridor": "Centre Avenue", "walk_class": "sidewalk", "length_m": 103.55 }, "geometry": { "type": "LineString", "coordinates": [ [ -79.9520613, 40.4518038 ], [ -79.9519742, 40.4518229 ], [ -79.951849, 40.4518554 ], [ -79.9518196, 40.4518774 ], [ -79.9514399, 40.4519897 ], [ -79.9509536, 40.4521335 ], [ -79.9509257, 40.45213780000001 ] ] } },
{ "type": "Feature", "properties": { "seg_id": "filmore-street-0949-00", "corridor": null, "walk_class": "sidewalk", "length_m": 125.59 }, "geometry": { "type": "LineString", "coordinates": [ [ -79.951596, 40.445057 ], [ -79.9516119, 40.445057 ], [ -79.9517562, 40.4450581 ], [ -79.9519277, 40.4450595 ], [ -79.9520268, 40.445060199999986 ], [ -79.9520898, 40.4450937 ], [ -79.952149800000015, 40.4451542 ], [ -79.9521405, 40.445325 ], [ -79.9519688, 40.4454428 ], [ -79.9518801, 40.4454998 ], [ -79.9518119, 40.4455359 ], [ -79.95174, 40.4455574 ], [ -79.9516833, 40.4455715 ], [ -79.9516008, 40.4455822 ] ] } },
{ "type": "Feature", "properties": { "seg_id": "service-0950-00", "corridor": null, "walk_class": "service", "length_m": 131.02 }, "geometry": { "type": "LineString", "coordinates": [ [ -79.9522848, 40.436137 ], [ -79.9522777, 40.4361599 ], [ -79.9520383, 40.4367023 ], [ -79.9516462, 40.4366045 ], [ -79.9515732, 40.4365846 ], [ -79.9515066, 40.43656570000001 ], [ -79.9513158, 40.4365113 ] ] } },
{ "type": "Feature", "properties": { "seg_id": "sidewalk-0951-00", "corridor": null, "walk_class": "sidewalk", "length_m": 18.69 }, "geometry": { "type": "LineString", "coordinates": [ [ -79.9521405, 40.445325 ], [ -79.9521319, 40.4454932 ] ] } },
{ "type": "Feature", "properties": { "seg_id": "sidewalk-0952-00", "corridor": null, "walk_class": "sidewalk", "length_m": 75.47 }, "geometry": { "type": "LineString", "coordinates": [ [ -79.9521458, 40.4438375 ], [ -79.952107200000015, 40.4438446 ], [ -79.9520663, 40.4439118 ], [ -79.9517793, 40.4443303 ], [ -79.951717925987168, 40.44442194894058 ] ] } },
{ "type": "Feature", "properties": { "seg_id": "sidewalk-0952-01", "corridor": null, "walk_class": "sidewalk", "length_m": 75.47 }, "geometry": { "type": "LineString", "coordinates": [ [ -79.951717925987168, 40.44442194894058 ], [ -79.951623, 40.4445637 ], [ -79.9515701, 40.4446426 ], [ -79.9514758, 40.4448314 ], [ -79.951368200000019, 40.4450461 ] ] } },
{ "type": "Feature", "properties": { "seg_id": "service-0953-00", "corridor": null, "walk_class": "service", "length_m": 36.21 }, "geometry": { "type": "LineString", "coordinates": [ [ -79.9520856, 40.4469164 ], [ -79.9519837, 40.4469447 ], [ -79.9519374, 40.4469575 ], [ -79.9520149, 40.4471545 ] ] } },
{ "type": "Feature", "properties": { "seg_id": "oakland-square-0954-00", "corridor": "Oakland Square", "walk_class": "sidewalk", "length_m": 84.74 }, "geometry": { "type": "LineString", "coordinates": [ [ -79.9522296, 40.4373999 ], [ -79.9513798, 40.4371906 ], [ -79.951372600000013, 40.43718530000001 ], [ -79.9513325, 40.4371737 ], [ -79.9512827, 40.4371592 ] ] } },
{ "type": "Feature", "properties": { "seg_id": "oakland-avenue-0955-00", "corridor": "Oakland Avenue", "walk_class": "sidewalk", "length_m": 18.08 }, "geometry": { "type": "LineString", "coordinates": [ [ -79.9520182, 40.4377156 ], [ -79.9520898, 40.4377335 ], [ -79.952103, 40.4377396 ], [ -79.9521529, 40.4377501 ], [ -79.9522096, 40.437762 ], [ -79.952221, 40.4377643 ] ] } },
{ "type": "Feature", "properties": { "seg_id": "service-0956-00", "corridor": null, "walk_class": "service", "length_m": 77.25 }, "geometry": { "type": "LineString", "coordinates": [ [ -79.951955, 40.4543961 ], [ -79.9518566, 40.454443 ], [ -79.9516753, 40.4542064 ], [ -79.9518087, 40.4541945 ], [ -79.951955, 40.4543961 ] ] } },
{ "type": "Feature", "properties": { "seg_id": "steps-0957-00", "corridor": null, "walk_class": "steps", "length_m": 5.36 }, "geometry": { "type": "LineString", "coordinates": [ [ -79.9520898, 40.4450937 ], [ -79.952043, 40.44512610000001 ] ] } },
{ "type": "Feature", "properties": { "seg_id": "sidewalk-0958-00", "corridor": null, "walk_class": "sidewalk", "length_m": 11.13 }, "geometry": { "type": "LineString", "coordinates": [ [ -79.9520157, 40.4494161 ], [ -79.9518966, 40.4494583 ] ] } },
{ "type": "Feature", "properties": { "seg_id": "service-0959-00", "corridor": null, "walk_class": "service", "length_m": 37.58 }, "geometry": { "type": "LineString", "coordinates": [ [ -79.951631800000015, 40.448622100000016 ], [ -79.9516862, 40.4486017 ], [ -79.9520294, 40.4484726 ] ] } },
{ "type": "Feature", "properties": { "seg_id": "south-bellefield-avenue-0960-00", "corridor": "South Bellefield Avenue", "walk_class": "sidewalk", "length_m": 24.97 }, "geometry": { "type": "LineString", "coordinates": [ [ -79.9519858, 40.4463099 ], [ -79.9519917, 40.4463264 ], [ -79.952019, 40.4464104 ], [ -79.9520533, 40.4465159 ], [ -79.9520566, 40.4465282 ] ] } },
{ "type": "Feature", "properties": { "seg_id": "service-0961-00", "corridor": null, "walk_class": "service", "length_m": 11.07 }, "geometry": { "type": "LineString", "coordinates": [ [ -79.9519774, 40.4515916 ], [ -79.9519521, 40.4516002 ], [ -79.9518582, 40.4516322 ] ] } },
{ "type": "Feature", "properties": { "seg_id": "service-0962-00", "corridor": null, "walk_class": "service", "length_m": 136.37 }, "geometry": { "type": "LineString", "coordinates": [ [ -79.9506369, 40.4373392 ], [ -79.951152, 40.4374666 ], [ -79.9512023, 40.437479 ], [ -79.9512532, 40.4374916 ], [ -79.95167, 40.4375946 ], [ -79.9521038, 40.4377019 ], [ -79.9521666, 40.4377174 ] ] } },
{ "type": "Feature", "properties": { "seg_id": "north-craig-street-0963-00", "corridor": "North Craig Street", "walk_class": "sidewalk", "length_m": 89.87 }, "geometry": { "type": "LineString", "coordinates": [ [ -79.9519338, 40.4519806 ], [ -79.9518968, 40.4519261 ], [ -79.951849, 40.4518554 ], [ -79.9518457, 40.4518172 ], [ -79.9517825, 40.45169580000001 ], [ -79.9516309, 40.4514213 ], [ -79.951598, 40.4513624 ], [ -79.9515529, 40.4512819 ], [ -79.951523107775117, 40.451237234444349 ] ] } },
{ "type": "Feature", "properties": { "seg_id": "north-craig-street-0963-01", "corridor": "North Craig Street", "walk_class": "sidewalk", "length_m": 89.87 }, "geometry": { "type": "LineString", "coordinates": [ [ -79.951523107775117, 40.451237234444349 ], [ -79.9514874, 40.4511837 ], [ -79.9514573, 40.4511345 ], [ -79.9511684, 40.4506683 ], [ -79.951071678722812, 40.450504860346953 ] ] } },
{ "type": "Feature", "properties": { "seg_id": "north-craig-street-0963-02", "corridor": "North Craig Street", "walk_class": "sidewalk", "length_m": 89.87 }, "geometry": { "type": "LineString", "coordinates": [ [ -79.951071678722812, 40.450504860346953 ], [ -79.9510056, 40.4503932 ], [ -79.9506922, 40.449885699999989 ], [ -79.9506502, 40.4498323 ], [ -79.9506168, 40.4497887 ], [ -79.950608, 40.4497775 ] ] } },
{ "type": "Feature", "properties": { "seg_id": "fifth-avenue-0964-00", "corridor": "Fifth Avenue", "walk_class": "sidewalk", "length_m": 20.53 }, "geometry": { "type": "LineString", "coordinates": [ [ -79.952013, 40.4465739 ], [ -79.9519946, 40.446587399999984 ], [ -79.9519528, 40.4466187 ], [ -79.9518583, 40.4466897 ], [ -79.9518428, 40.4467052 ] ] } },
{ "type": "Feature", "properties": { "seg_id": "sidewalk-0965-00", "corridor": null, "walk_class": "sidewalk", "length_m": 13.87 }, "geometry": { "type": "LineString", "coordinates": [ [ -79.951954, 40.4503264 ], [ -79.9519133, 40.4503357 ], [ -79.9518412, 40.4503598 ], [ -79.9518027, 40.4503733 ] ] } },
{ "type": "Feature", "properties": { "seg_id": "north-dithridge-street-0966-00", "corridor": "North Dithridge Street", "walk_class": "sidewalk", "length_m": 19.56 }, "geometry": { "type": "LineString", "coordinates": [ [ -79.9519502, 40.4493076 ], [ -79.9518629, 40.4493374 ], [ -79.9518794, 40.4493647 ], [ -79.9519667, 40.4493349 ] ] } },
{ "type": "Feature", "properties": { "seg_id": "sidewalk-0967-00", "corridor": null, "walk_class": "sidewalk", "length_m": 30.44 }, "geometry": { "type": "LineString", "coordinates": [ [ -79.9519624, 40.4447904 ], [ -79.9520268, 40.445060199999986 ] ] } },
{ "type": "Feature", "properties": { "seg_id": "service-0968-00", "corridor": null, "walk_class": "service", "length_m": 47.49 }, "geometry": { "type": "LineString", "coordinates": [ [ -79.9514627, 40.4483391 ], [ -79.9515176, 40.448321300000011 ], [ -79.9519784, 40.4481723 ] ] } },
{ "type": "Feature", "properties": { "seg_id": "bayard-street-0969-00", "corridor": "Bayard Street", "walk_class": "sidewalk", "length_m": 12.88 }, "geometry": { "type": "LineString", "coordinates": [ [ -79.9519484, 40.44903510000001 ], [ -79.9519355, 40.4490451 ], [ -79.9518992, 40.44906970000001 ], [ -79.9518457, 40.4491081 ], [ -79.9518377, 40.4491145 ] ] } },
{ "type": "Feature", "properties": { "seg_id": "schenley-drive-0970-00", "corridor": "Schenley Drive Extension", "walk_class": "sidewalk", "length_m": 97.85 }, "geometry": { "type": "LineString", "coordinates": [ [ -79.952031, 40.4434739 ], [ -79.9519442, 40.4432742 ], [ -79.9517385, 40.4428279 ], [ -79.951652472564291, 40.442641288800075 ] ] } },
{ "type": "Feature", "properties": { "seg_id": "schenley-drive-0970-01", "corridor": "Schenley Drive", "walk_class": "sidewalk", "length_m": 97.85 }, "geometry": { "type": "LineString", "coordinates": [ [ -79.951652472564291, 40.442641288800075 ], [ -79.9515878, 40.442501 ], [ -79.9515787, 40.4424813 ], [ -79.9515686, 40.4424665 ], [ -79.9515512, 40.44245020000001 ], [ -79.9515388, 40.4424397 ], [ -79.9515302, 40.4424357 ], [ -79.9515233, 40.4424324 ], [ -79.9510956, 40.4423337 ], [ -79.9508823, 40.4422791 ], [ -79.950720987800111, 40.442229641949751 ] ] } },
{ "type": "Feature", "properties": { "seg_id": "schenley-drive-0970-02", "corridor": "Schenley Drive", "walk_class": "sidewalk", "length_m": 97.85 }, "geometry": { "type": "LineString", "coordinates": [ [ -79.950720987800111, 40.442229641949751 ], [ -79.9507065, 40.4422252 ], [ -79.9504555, 40.4421301 ], [ -79.9504168, 40.4421154 ], [ -79.9502087, 40.4420214 ], [ -79.9499606, 40.4418759 ], [ -79.9498703, 40.4418219 ], [ -79.949753796210132, 40.441755331175258 ] ] } },
{ "type": "Feature", "properties": { "seg_id": "schenley-drive-0970-03", "corridor": "Schenley Drive", "walk_class": "sidewalk", "length_m": 97.85 }, "geometry": { "type": "LineString", "coordinates": [ [ -79.949753796210132, 40.441755331175258 ], [ -79.9495005, 40.441610599999983 ], [ -79.948828189139064, 40.441229222169397 ] ] } },
{ "type": "Feature", "properties": { "seg_id": "schenley-drive-0970-04", "corridor": "Schenley Drive", "walk_class": "sidewalk", "length_m": 97.85 }, "geometry": { "type": "LineString", "coordinates": [ [ -79.948828189139064, 40.441229222169397 ], [ -79.948814400000018, 40.4412214 ], [ -79.9486794, 40.4411541 ], [ -79.948490100000015, 40.4410486 ], [ -79.9483489, 40.4409706 ], [ -79.9482568, 40.4409427 ], [ -79.9481794, 40.4409412 ], [ -79.9480705, 40.440896 ], [ -79.947897, 40.4408157 ], [ -79.947846345093396, 40.440786516467163 ] ] } },
{ "type": "Feature", "properties": { "seg_id": "schenley-drive-0970-05", "corridor": "Schenley Drive", "walk_class": "sidewalk", "length_m": 97.85 }, "geometry": { "type": "LineString", "coordinates": [ [ -79.947846345093396, 40.440786516467163 ], [ -79.9478392, 40.4407824 ], [ -79.9474832, 40.4405963 ], [ -79.9472497, 40.44048080000001 ], [ -79.9470631, 40.4403809 ], [ -79.9469544, 40.4403134 ], [ -79.946911257847646, 40.440273984467503 ] ] } },
{ "type": "Feature", "properties": { "seg_id": "schenley-drive-0970-06", "corridor": "Schenley Drive", "walk_class": "sidewalk", "length_m": 97.85 }, "geometry": { "type": "LineString", "coordinates": [ [ -79.946911257847646, 40.440273984467503 ], [ -79.946834, 40.4402034 ], [ -79.9467586, 40.4400847 ], [ -79.9467115, 40.4399803 ], [ -79.9466686, 40.4398815 ], [ -79.9466476, 40.4398114 ], [ -79.9466315, 40.439695 ], [ -79.9466131, 40.4395692 ], [ -79.9466004, 40.4394951 ], [ -79.946585566265938, 40.439443656636946 ] ] } },
{ "type": "Feature", "properties": { "seg_id": "schenley-drive-0970-07", "corridor": "Schenley Drive", "walk_class": "sidewalk", "length_m": 97.85 }, "geometry": { "type": "LineString", "coordinates": [ [ -79.946585566265938, 40.439443656636946 ], [ -79.9465754, 40.439408400000012 ], [ -79.946532, 40.4392869 ], [ -79.9464717, 40.4391567 ], [ -79.946428, 40.4390904 ], [ -79.9463771, 40.4390321 ], [ -79.9463196, 40.4389745 ], [ -79.9462444, 40.4389177 ], [ -79.9461547, 40.43886710000001 ], [ -79.9460635, 40.4388264 ], [ -79.9460052, 40.4388075 ], [ -79.9459235, 40.4387863 ], [ -79.945918968129462, 40.438785672626238 ] ] } },
{ "type": "Feature", "properties": { "seg_id": "schenley-drive-0970-08", "corridor": "Schenley Drive", "walk_class": "sidewalk", "length_m": 97.85 }, "geometry": { "type": "LineString", "coordinates": [ [ -79.945918968129462, 40.438785672626238 ], [ -79.9458007, 40.4387693 ], [ -79.9456607, 40.4387594 ], [ -79.9454197, 40.4387842 ], [ -79.944791945156936, 40.438911936409021 ] ] } },
{ "type": "Feature", "properties": { "seg_id": "schenley-drive-0970-09", "corridor": "Schenley Drive", "walk_class": "sidewalk", "length_m": 97.85 }, "geometry": { "type": "LineString", "coordinates": [ [ -79.944791945156936, 40.438911936409021 ], [ -79.944713, 40.438928 ], [ -79.9444817, 40.4389949 ], [ -79.9443156, 40.4390767 ], [ -79.9441886, 40.4391783 ], [ -79.943926839517516, 40.439451470332287 ] ] } },
{ "type": "Feature", "properties": { "seg_id": "schenley-drive-0970-10", "corridor": "Schenley Drive", "walk_class": "sidewalk", "length_m": 97.85 }, "geometry": { "type": "LineString", "coordinates": [ [ -79.943926839517516, 40.439451470332287 ], [ -79.943784800000017, 40.4395997 ], [ -79.9434461, 40.439917 ], [ -79.9432767, 40.44005580000001 ], [ -79.943170243400786, 40.440111329471662 ] ] } },
{ "type": "Feature", "properties": { "seg_id": "schenley-drive-0970-11", "corridor": "Schenley Drive", "walk_class": "sidewalk", "length_m": 97.85 }, "geometry": { "type": "LineString", "coordinates": [ [ -79.943170243400786, 40.440111329471662 ], [ -79.9431009, 40.4401475 ], [ -79.9428827, 40.4402194 ], [ -79.9427133, 40.4402541 ], [ -79.9426087, 40.4402584 ], [ -79.9425069, 40.4402739 ], [ -79.9424143, 40.4403353 ], [ -79.942334, 40.4404272 ], [ -79.9423107, 40.4405124 ], [ -79.9422902, 40.4405611 ] ] } },
{ "type": "Feature", "properties": { "seg_id": "forbes-avenue-0971-00", "corridor": "Forbes Avenue", "walk_class": "sidewalk", "length_m": 40.79 }, "geometry": { "type": "LineString", "coordinates": [ [ -79.9518123, 40.4434356 ], [ -79.951816, 40.4434304 ], [ -79.9518181, 40.4434198 ], [ -79.9518158, 40.44341 ], [ -79.9518102, 40.4434023 ], [ -79.9518095, 40.4434013 ], [ -79.9517999, 40.443394499999989 ], [ -79.951788, 40.4433903 ], [ -79.951775, 40.4433892 ], [ -79.9517622, 40.4433913 ], [ -79.9517509, 40.443396300000011 ], [ -79.9517422, 40.4434038 ], [ -79.951737100000017, 40.443413 ], [ -79.9517363, 40.4434204 ], [ -79.9517361, 40.4434229 ], [ -79.951739500000016, 40.4434332 ], [ -79.9517473, 40.4434421 ], [ -79.9517586, 40.4434484 ], [ -79.9517621, 40.443449200000011 ], [ -79.951772, 40.4434515 ], [ -79.951786, 40.443451 ], [ -79.951799, 40.4434469 ], [ -79.9518094, 40.443439800000014 ], [ -79.9518123, 40.4434356 ], [ -79.952031, 40.4434739 ] ] } },
{ "type": "Feature", "properties": { "seg_id": "service-0972-00", "corridor": null, "walk_class": "service", "length_m": 78.47 }, "geometry": { "type": "LineString", "coordinates": [ [ -79.9510496, 40.45260540000001 ], [ -79.9515698, 40.4524447 ], [ -79.9516332, 40.4523904 ], [ -79.9518828, 40.4523138 ] ] } },
{ "type": "Feature", "properties": { "seg_id": "sidewalk-0973-00", "corridor": null, "walk_class": "sidewalk", "length_m": 5.03 }, "geometry": { "type": "LineString", "coordinates": [ [ -79.9519688, 40.4454428 ], [ -79.9519249, 40.4454124 ] ] } },
{ "type": "Feature", "properties": { "seg_id": "bayard-street-0974-00", "corridor": "Bayard Street", "walk_class": "sidewalk", "length_m": 9.06 }, "geometry": { "type": "LineString", "coordinates": [ [ -79.9519093, 40.4492397 ], [ -79.9518115, 40.4492726 ] ] } },
{ "type": "Feature", "properties": { "seg_id": "melwood-avenue-0975-00", "corridor": "Melwood Avenue", "walk_class": "sidewalk", "length_m": 17.24 }, "geometry": { "type": "LineString", "coordinates": [ [ -79.9517364, 40.453966499999986 ], [ -79.9517732, 40.454024099999984 ], [ -79.9518256, 40.4541061 ] ] } },
{ "type": "Feature", "properties": { "seg_id": "service-0976-00", "corridor": null, "walk_class": "service", "length_m": 55.74 }, "geometry": { "type": "LineString", "coordinates": [ [ -79.9512397, 40.4506142 ], [ -79.9513123, 40.4505898 ], [ -79.9513515, 40.450576600000012 ], [ -79.9515082, 40.450524100000017 ], [ -79.9516698, 40.4504696 ], [ -79.951774, 40.4504741 ], [ -79.9518471, 40.4504441 ] ] } },
{ "type": "Feature", "properties": { "seg_id": "sidewalk-0977-00", "corridor": null, "walk_class": "sidewalk", "length_m": 15.74 }, "geometry": { "type": "LineString", "coordinates": [ [ -79.9519277, 40.4450595 ], [ -79.9517843, 40.4451495 ] ] } },
{ "type": "Feature", "properties": { "seg_id": "bayard-street-0978-00", "corridor": "Bayard Street", "walk_class": "sidewalk", "length_m": 14.29 }, "geometry": { "type": "LineString", "coordinates": [ [ -79.9518667, 40.4488871 ], [ -79.9518626, 40.4488986 ], [ -79.9518178, 40.4489334 ], [ -79.9517675, 40.4489726 ], [ -79.9517504, 40.4489728 ] ] } },
{ "type": "Feature", "properties": { "seg_id": "sidewalk-0979-00", "corridor": null, "walk_class": "sidewalk", "length_m": 36.11 }, "geometry": { "type": "LineString", "coordinates": [ [ -79.9515408, 40.4433781 ], [ -79.9519442, 40.4432742 ] ] } },
{ "type": "Feature", "properties": { "seg_id": "forbes-avenue-0980-00", "corridor": "Forbes Avenue", "walk_class": "sidewalk", "length_m": 18.2 }, "geometry": { "type": "LineString", "coordinates": [ [ -79.9519442, 40.4432742 ], [ -79.9518102, 40.4434023 ] ] } },
{ "type": "Feature", "properties": { "seg_id": "sidewalk-0981-00", "corridor": null, "walk_class": "sidewalk", "length_m": 12.47 }, "geometry": { "type": "LineString", "coordinates": [ [ -79.9519291, 40.4438126 ], [ -79.9518922, 40.4437914 ], [ -79.9518627, 40.4437649 ], [ -79.951838, 40.4437271 ] ] } },
{ "type": "Feature", "properties": { "seg_id": "north-dithridge-street-0982-00", "corridor": "North Dithridge Street", "walk_class": "sidewalk", "length_m": 15.56 }, "geometry": { "type": "LineString", "coordinates": [ [ -79.9517411, 40.4489909 ], [ -79.9517601, 40.4489943 ], [ -79.9517884, 40.449044599999986 ], [ -79.9518198, 40.4491006 ], [ -79.9518194, 40.4491102 ] ] } },
{ "type": "Feature", "properties": { "seg_id": "north-bellefield-avenue-0983-00", "corridor": "North Bellefield Avenue", "walk_class": "sidewalk", "length_m": 27.17 }, "geometry": { "type": "LineString", "coordinates": [ [ -79.951761600000012, 40.4464655 ], [ -79.9517697, 40.4464922 ], [ -79.9517904, 40.4465625 ], [ -79.951826, 40.4466835 ], [ -79.9518246, 40.4467047 ] ] } },
{ "type": "Feature", "properties": { "seg_id": "service-0984-00", "corridor": null, "walk_class": "service", "length_m": 55.37 }, "geometry": { "type": "LineString", "coordinates": [ [ -79.9517658, 40.4488464 ], [ -79.9516951, 40.448870799999987 ], [ -79.9511708, 40.4490518 ] ] } },
{ "type": "Feature", "properties": { "seg_id": "sidewalk-0985-00", "corridor": null, "walk_class": "sidewalk", "length_m": 7.19 }, "geometry": { "type": "LineString", "coordinates": [ [ -79.9518708, 40.441869 ], [ -79.9518599, 40.4418048 ] ] } },
{ "type": "Feature", "properties": { "seg_id": "north-craig-street-0986-00", "corridor": "Bayard Street", "walk_class": "sidewalk", "length_m": 100.29 }, "geometry": { "type": "LineString", "coordinates": [ [ -79.9509184, 40.4495875 ], [ -79.9517372, 40.4489962 ], [ -79.9517411, 40.4489909 ], [ -79.9517514, 40.4489771 ], [ -79.9517504, 40.4489728 ], [ -79.951746547737542, 40.448956716804346 ] ] } },
{ "type": "Feature", "properties": { "seg_id": "north-craig-street-0986-01", "corridor": "North Dithridge Street", "walk_class": "sidewalk", "length_m": 100.29 }, "geometry": { "type": "LineString", "coordinates": [ [ -79.951746547737542, 40.448956716804346 ], [ -79.9517464, 40.4489561 ], [ -79.9516951, 40.448870799999987 ], [ -79.9514019, 40.4483836 ], [ -79.951252776660311, 40.448135811121034 ] ] } },
{ "type": "Feature", "properties": { "seg_id": "north-craig-street-0986-02", "corridor": "North Dithridge Street", "walk_class": "sidewalk", "length_m": 100.29 }, "geometry": { "type": "LineString", "coordinates": [ [ -79.951252776660311, 40.448135811121034 ], [ -79.9510833, 40.4478542 ], [ -79.9509509, 40.447634199999989 ], [ -79.9508414, 40.4474521 ], [ -79.950758835364738, 40.447314945871682 ] ] } },
{ "type": "Feature", "properties": { "seg_id": "north-craig-street-0986-03", "corridor": "Fifth Avenue", "walk_class": "sidewalk", "length_m": 100.29 }, "geometry": { "type": "LineString", "coordinates": [ [ -79.950758835364738, 40.447314945871682 ], [ -79.9505923, 40.44703830000001 ], [ -79.9505399, 40.4469618 ], [ -79.9505096, 40.4469351 ], [ -79.9504913, 40.4469255 ], [ -79.950484100000011, 40.446921699999983 ], [ -79.9504645, 40.4469133 ], [ -79.9504449, 40.446913299999984 ], [ -79.95007, 40.4469346 ], [ -79.9499289, 40.4469426 ], [ -79.949894838296302, 40.446945474592532 ] ] } },
{ "type": "Feature", "properties": { "seg_id": "north-craig-street-0986-04", "corridor": "Fifth Avenue", "walk_class": "sidewalk", "length_m": 100.29 }, "geometry": { "type": "LineString", "coordinates": [ [ -79.949894838296302, 40.446945474592532 ], [ -79.9497559, 40.4469572 ], [ -79.9495872, 40.44697140000001 ], [ -79.9492554, 40.4470127 ], [ -79.9492221, 40.4470296 ], [ -79.9492118, 40.447039 ], [ -79.9491966, 40.4470529 ], [ -79.9491868, 40.4470664 ], [ -79.9491829, 40.4470897 ], [ -79.9491842, 40.4471166 ], [ -79.949341374990212, 40.447373308824886 ] ] } },
{ "type": "Feature", "properties": { "seg_id": "north-craig-street-0986-05", "corridor": "North Craig Street", "walk_class": "sidewalk", "length_m": 100.29 }, "geometry": { "type": "LineString", "coordinates": [ [ -79.949341374990212, 40.447373308824886 ], [ -79.9494247, 40.4475094 ], [ -79.9496276, 40.4478407 ], [ -79.9498064, 40.4481497 ], [ -79.949834041375027, 40.448194566770958 ] ] } },
{ "type": "Feature", "properties": { "seg_id": "north-craig-street-0986-06", "corridor": "North Craig Street", "walk_class": "sidewalk", "length_m": 100.29 }, "geometry": { "type": "LineString", "coordinates": [ [ -79.949834041375027, 40.448194566770958 ], [ -79.9499566, 40.4483935 ], [ -79.9500608, 40.448565 ], [ -79.950338405648907, 40.449011720800861 ] ] } },
{ "type": "Feature", "properties": { "seg_id": "north-craig-street-0986-07", "corridor": "North Craig Street", "walk_class": "sidewalk", "length_m": 100.29 }, "geometry": { "type": "LineString", "coordinates": [ [ -79.950338405648907, 40.449011720800861 ], [ -79.9505421, 40.4493395 ], [ -79.9506006, 40.44943450000001 ], [ -79.9507108, 40.4496099 ], [ -79.9507506, 40.4496749 ], [ -79.9507649, 40.4496826 ], [ -79.9507749, 40.4496851 ], [ -79.9507858, 40.4496832 ], [ -79.9509184, 40.4495875 ] ] } },
{ "type": "Feature", "properties": { "seg_id": "sidewalk-0987-00", "corridor": null, "walk_class": "sidewalk", "length_m": 23.54 }, "geometry": { "type": "LineString", "coordinates": [ [ -79.9517221, 40.445198 ], [ -79.9517369, 40.4452053 ], [ -79.951754, 40.4452077 ], [ -79.951771, 40.4452049 ], [ -79.951785300000012, 40.4451974 ], [ -79.9517947, 40.4451863 ], [ -79.9517978, 40.4451733 ], [ -79.9517942, 40.4451603 ], [ -79.9517843, 40.4451495 ], [ -79.9517697, 40.4451423 ], [ -79.9517562, 40.4451404 ], [ -79.9517526, 40.4451399 ], [ -79.9517356, 40.4451427 ], [ -79.9517213, 40.445150199999986 ], [ -79.9517119, 40.4451613 ], [ -79.9517094, 40.445169299999989 ], [ -79.9517088, 40.4451744 ], [ -79.9517125, 40.4451873 ], [ -79.9517221, 40.445198 ] ] } },
{ "type": "Feature", "properties": { "seg_id": "service-0988-00", "corridor": null, "walk_class": "service", "length_m": 113.03 }, "geometry": { "type": "LineString", "coordinates": [ [ -79.9514731, 40.4520527 ], [ -79.9514399, 40.4519897 ], [ -79.9513886, 40.4518924 ], [ -79.9513191, 40.4517607 ], [ -79.9512535, 40.4516363 ], [ -79.9511772, 40.4514916 ], [ -79.9514595, 40.4514049 ], [ -79.951598, 40.4513624 ], [ -79.9516792, 40.4513375 ] ] } },
{ "type": "Feature", "properties": { "seg_id": "sidewalk-0989-00", "corridor": null, "walk_class": "sidewalk", "length_m": 50.43 }, "geometry": { "type": "LineString", "coordinates": [ [ -79.951623, 40.4445637 ], [ -79.9517678, 40.4446966 ], [ -79.9517436, 40.44471810000001 ], [ -79.951572, 40.44484 ], [ -79.9514758, 40.4448314 ] ] } },
{ "type": "Feature", "properties": { "seg_id": "sidewalk-0990-00", "corridor": null, "walk_class": "sidewalk", "length_m": 9.14 }, "geometry": { "type": "LineString", "coordinates": [ [ -79.9517562, 40.4450581 ], [ -79.9517562, 40.4451404 ] ] } },
{ "type": "Feature", "properties": { "seg_id": "steps-0991-00", "corridor": null, "walk_class": "steps", "length_m": 45.19 }, "geometry": { "type": "LineString", "coordinates": [ [ -79.9516008, 40.4397933 ], [ -79.9516638, 40.4397249 ], [ -79.9516242, 40.439700199999983 ], [ -79.951843, 40.4394701 ] ] } },
{ "type": "Feature", "properties": { "seg_id": "service-0992-00", "corridor": null, "walk_class": "service", "length_m": 32.05 }, "geometry": { "type": "LineString", "coordinates": [ [ -79.9516698, 40.4504696 ], [ -79.9515248, 40.450203 ] ] } },
{ "type": "Feature", "properties": { "seg_id": "parkview-avenue-0993-00", "corridor": "Parkview Avenue", "walk_class": "sidewalk", "length_m": 101.06 }, "geometry": { "type": "LineString", "coordinates": [ [ -79.9514964, 40.4369058 ], [ -79.9516205, 40.4366259 ], [ -79.9516462, 40.4366045 ], [ -79.9516718, 40.4365831 ], [ -79.9518771, 40.43611 ], [ -79.9518761, 40.4361026 ], [ -79.9518841, 40.4360795 ], [ -79.9518911, 40.4360593 ], [ -79.9518919, 40.4360532 ] ] } },
{ "type": "Feature", "properties": { "seg_id": "forbes-avenue-0994-00", "corridor": "Forbes Avenue", "walk_class": "sidewalk", "length_m": 17.73 }, "geometry": { "type": "LineString", "coordinates": [ [ -79.9516228, 40.443568299999988 ], [ -79.9517621, 40.443449200000011 ] ] } },
{ "type": "Feature", "properties": { "seg_id": "south-bellefield-avenue-0995-00", "corridor": "South Bellefield Avenue", "walk_class": "sidewalk", "length_m": 31.6 }, "geometry": { "type": "LineString", "coordinates": [ [ -79.9516119, 40.445057 ], [ -79.9516118, 40.4451693 ], [ -79.9516117, 40.4452222 ], [ -79.9516457, 40.4452523 ], [ -79.9517221, 40.445198 ] ] } },
{ "type": "Feature", "properties": { "seg_id": "sidewalk-0996-00", "corridor": null, "walk_class": "sidewalk", "length_m": 8.28 }, "geometry": { "type": "LineString", "coordinates": [ [ -79.9516118, 40.4451693 ], [ -79.9517094, 40.445169299999989 ] ] } },
{ "type": "Feature", "properties": { "seg_id": "forbes-avenue-0997-00", "corridor": "Forbes Avenue", "walk_class": "sidewalk", "length_m": 16.5 }, "geometry": { "type": "LineString", "coordinates": [ [ -79.95154620000001, 40.443389 ], [ -79.9517363, 40.4434204 ] ] } },
{ "type": "Feature", "properties": { "seg_id": "sidewalk-0998-00", "corridor": null, "walk_class": "sidewalk", "length_m": 36.07 }, "geometry": { "type": "LineString", "coordinates": [ [ -79.9513355, 40.4429317 ], [ -79.9517385, 40.4428279 ] ] } },
{ "type": "Feature", "properties": { "seg_id": "service-0999-00", "corridor": null, "walk_class": "service", "length_m": 32.11 }, "geometry": { "type": "LineString", "coordinates": [ [ -79.9513028, 40.4480722 ], [ -79.9513562, 40.4480529 ], [ -79.951645, 40.4479485 ] ] } },
{ "type": "Feature", "properties": { "seg_id": "sidewalk-1000-00", "corridor": null, "walk_class": "sidewalk", "length_m": 6.74 }, "geometry": { "type": "LineString", "coordinates": [ [ -79.9516578, 40.4420484 ], [ -79.9517322, 40.4420271 ] ] } },
{ "type": "Feature", "properties": { "seg_id": "service-1001-00", "corridor": null, "walk_class": "service", "length_m": 46.99 }, "geometry": { "type": "LineString", "coordinates": [ [ -79.95156990000001, 40.4511592 ], [ -79.9514874, 40.4511837 ], [ -79.9510603, 40.4513252 ] ] } },
{ "type": "Feature", "properties": { "seg_id": "sidewalk-1002-00", "corridor": null, "walk_class": "sidewalk", "length_m": 146.07 }, "geometry": { "type": "LineString", "coordinates": [ [ -79.9516265, 40.4435816 ], [ -79.9516228, 40.443568299999988 ], [ -79.9515633, 40.443425 ], [ -79.95154620000001, 40.443389 ], [ -79.9515408, 40.4433781 ], [ -79.9514802, 40.4432505 ], [ -79.9513398, 40.442942 ], [ -79.9513355, 40.4429317 ], [ -79.9512264, 40.4426741 ], [ -79.9512043, 40.4426227 ], [ -79.9512034, 40.44262 ], [ -79.9511845, 40.4425766 ], [ -79.9510887, 40.4423567 ], [ -79.9510956, 40.4423337 ] ] } },
{ "type": "Feature", "properties": { "seg_id": "service-1003-00", "corridor": null, "walk_class": "service", "length_m": 30.5 }, "geometry": { "type": "LineString", "coordinates": [ [ -79.9515082, 40.450524100000017 ], [ -79.9513674, 40.4502713 ] ] } },
{ "type": "Feature", "properties": { "seg_id": "service-1004-00", "corridor": null, "walk_class": "service", "length_m": 12.56 }, "geometry": { "type": "LineString", "coordinates": [ [ -79.9513935, 40.4482232 ], [ -79.9514478, 40.4482053 ], [ -79.9515295, 40.44817840000001 ] ] } },
{ "type": "Feature", "properties": { "seg_id": "schenley-drive-extension-1005-00", "corridor": "Schenley Drive Extension", "walk_class": "sidewalk", "length_m": 20.69 }, "geometry": { "type": "LineString", "coordinates": [ [ -79.9516108, 40.4422599 ], [ -79.9516047, 40.4422786 ], [ -79.9515683, 40.442356 ], [ -79.9515381, 40.4424171 ], [ -79.9515302, 40.4424357 ] ] } },
{ "type": "Feature", "properties": { "seg_id": "service-1006-00", "corridor": null, "walk_class": "service", "length_m": 34.66 }, "geometry": { "type": "LineString", "coordinates": [ [ -79.9512535, 40.4516363 ], [ -79.9512568, 40.4516186 ], [ -79.9512696, 40.4515901 ], [ -79.9512944, 40.4515722 ], [ -79.9513526, 40.4515547 ], [ -79.9514098, 40.4515364 ], [ -79.9514332, 40.4515222 ], [ -79.9514456, 40.4515023 ], [ -79.9514513, 40.451482899999988 ], [ -79.951456, 40.4514406 ], [ -79.9514595, 40.4514049 ] ] } },
{ "type": "Feature", "properties": { "seg_id": "service-1007-00", "corridor": null, "walk_class": "service", "length_m": 46.87 }, "geometry": { "type": "LineString", "coordinates": [ [ -79.95167, 40.4375946 ], [ -79.9515132, 40.4379995 ] ] } },
{ "type": "Feature", "properties": { "seg_id": "sidewalk-1008-00", "corridor": null, "walk_class": "sidewalk", "length_m": 15.12 }, "geometry": { "type": "LineString", "coordinates": [ [ -79.9516718, 40.4365831 ], [ -79.951624, 40.43657060000001 ], [ -79.9515511, 40.436551 ], [ -79.9515035, 40.4365382 ] ] } },
{ "type": "Feature", "properties": { "seg_id": "sidewalk-1009-00", "corridor": null, "walk_class": "sidewalk", "length_m": 28.36 }, "geometry": { "type": "LineString", "coordinates": [ [ -79.9515839, 40.4419882 ], [ -79.9515327, 40.4420824 ], [ -79.9515005, 40.4421743 ], [ -79.9514798, 40.4422305 ] ] } },
{ "type": "Feature", "properties": { "seg_id": "sidewalk-1010-00", "corridor": null, "walk_class": "sidewalk", "length_m": 11.74 }, "geometry": { "type": "LineString", "coordinates": [ [ -79.9516197, 40.4391899 ], [ -79.9516018, 40.4391896 ], [ -79.9515468, 40.4391801 ], [ -79.9514999, 40.439172 ], [ -79.9514843, 40.43916930000001 ] ] } },
{ "type": "Feature", "properties": { "seg_id": "service-1011-00", "corridor": null, "walk_class": "service", "length_m": 50.2 }, "geometry": { "type": "LineString", "coordinates": [ [ -79.9514746, 40.4483591 ], [ -79.9514019, 40.4483836 ], [ -79.9509329, 40.4485413 ] ] } },
{ "type": "Feature", "properties": { "seg_id": "service-1012-00", "corridor": null, "walk_class": "service", "length_m": 88.86 }, "geometry": { "type": "LineString", "coordinates": [ [ -79.9516008, 40.4397933 ], [ -79.9510271, 40.4404108 ], [ -79.9509944, 40.440446 ] ] } },
{ "type": "Feature", "properties": { "seg_id": "service-1013-00", "corridor": null, "walk_class": "service", "length_m": 36.41 }, "geometry": { "type": "LineString", "coordinates": [ [ -79.9510267, 40.4502637 ], [ -79.9511093, 40.4502388 ], [ -79.9514261, 40.4501433 ] ] } },
{ "type": "Feature", "properties": { "seg_id": "service-1014-00", "corridor": null, "walk_class": "service", "length_m": 48.56 }, "geometry": { "type": "LineString", "coordinates": [ [ -79.9511484, 40.4524134 ], [ -79.9513826, 40.4523404 ], [ -79.9513855, 40.452312199999987 ], [ -79.9513127, 40.452171 ], [ -79.9512819, 40.4521113 ] ] } },
{ "type": "Feature", "properties": { "seg_id": "service-1015-00", "corridor": null, "walk_class": "service", "length_m": 56.04 }, "geometry": { "type": "LineString", "coordinates": [ [ -79.9513886, 40.4518924 ], [ -79.951356, 40.4519019 ], [ -79.9509234, 40.4520278 ], [ -79.9509039, 40.4520335 ], [ -79.9508582, 40.4520468 ], [ -79.950771, 40.4520721 ] ] } },
{ "type": "Feature", "properties": { "seg_id": "sidewalk-1016-00", "corridor": null, "walk_class": "sidewalk", "length_m": 9.84 }, "geometry": { "type": "LineString", "coordinates": [ [ -79.9516205, 40.4366259 ], [ -79.9515629, 40.4366115 ], [ -79.9515102, 40.4365984 ] ] } },
{ "type": "Feature", "properties": { "seg_id": "service-1017-00", "corridor": null, "walk_class": "service", "length_m": 56.01 }, "geometry": { "type": "LineString", "coordinates": [ [ -79.9513191, 40.4517607 ], [ -79.9508857, 40.4518893 ], [ -79.9508759, 40.4519007 ], [ -79.9508707, 40.4519099 ], [ -79.9508694, 40.4519203 ], [ -79.950872300000015, 40.4519298 ], [ -79.9509234, 40.4520278 ] ] } },
{ "type": "Feature", "properties": { "seg_id": "filmore-street-1018-00", "corridor": "Filmore Street", "walk_class": "sidewalk", "length_m": 15.68 }, "geometry": { "type": "LineString", "coordinates": [ [ -79.9514029, 40.4451307 ], [ -79.9513708, 40.445136400000024 ], [ -79.9513006, 40.445155599999985 ], [ -79.9512503, 40.4451694 ], [ -79.9512277, 40.4451755 ] ] } },
{ "type": "Feature", "properties": { "seg_id": "diulius-way-1019-00", "corridor": null, "walk_class": "steps", "length_m": 82.36 }, "geometry": { "type": "LineString", "coordinates": [ [ -79.950641, 40.4392875 ], [ -79.9508556, 40.4392034 ], [ -79.9510685, 40.4391281 ], [ -79.951441, 40.4392012 ], [ -79.9514299, 40.439244 ], [ -79.9514817, 40.4392544 ] ] } },
{ "type": "Feature", "properties": { "seg_id": "parkview-avenue-1020-00", "corridor": "Parkview Avenue", "walk_class": "sidewalk", "length_m": 39.92 }, "geometry": { "type": "LineString", "coordinates": [ [ -79.9515035, 40.4365382 ], [ -79.9515066, 40.43656570000001 ], [ -79.9515102, 40.4365984 ], [ -79.9513956, 40.4368845 ] ] } },
{ "type": "Feature", "properties": { "seg_id": "sidewalk-1021-00", "corridor": null, "walk_class": "sidewalk", "length_m": 5.49 }, "geometry": { "type": "LineString", "coordinates": [ [ -79.9513957, 40.4417561 ], [ -79.9513392, 40.441732 ] ] } },
{ "type": "Feature", "properties": { "seg_id": "service-1022-00", "corridor": null, "walk_class": "service", "length_m": 37.81 }, "geometry": { "type": "LineString", "coordinates": [ [ -79.9512546, 40.4506387 ], [ -79.9511684, 40.4506683 ], [ -79.95084780000002, 40.4507782 ] ] } },
{ "type": "Feature", "properties": { "seg_id": "service-1023-00", "corridor": null, "walk_class": "service", "length_m": 23.02 }, "geometry": { "type": "LineString", "coordinates": [ [ -79.9512166, 40.4395818 ], [ -79.951239, 40.4395612 ], [ -79.951390300000014, 40.439422499999985 ] ] } },
{ "type": "Feature", "properties": { "seg_id": "parkview-avenue-1024-00", "corridor": "Parkview Avenue", "walk_class": "sidewalk", "length_m": 102.55 }, "geometry": { "type": "LineString", "coordinates": [ [ -79.9513959, 40.4368883 ], [ -79.9513864, 40.4369197 ], [ -79.9513766, 40.43695240000001 ], [ -79.9514056, 40.4369597 ], [ -79.9513483, 40.4371035 ], [ -79.9513312, 40.4371064 ], [ -79.9513092, 40.4371304 ], [ -79.9512827, 40.4371592 ], [ -79.9512783, 40.4371653 ], [ -79.9511601, 40.4374451 ], [ -79.951152, 40.4374666 ], [ -79.9511436, 40.4374888 ], [ -79.9510436, 40.4377373 ] ] } },
{ "type": "Feature", "properties": { "seg_id": "service-1025-00", "corridor": null, "walk_class": "service", "length_m": 48.04 }, "geometry": { "type": "LineString", "coordinates": [ [ -79.9510071, 40.4525231 ], [ -79.9511585, 40.4524743 ], [ -79.9511609, 40.452436 ], [ -79.9511484, 40.4524134 ], [ -79.9510577, 40.4522492 ], [ -79.951024, 40.4521883 ] ] } },
{ "type": "Feature", "properties": { "seg_id": "oakland-square-1026-00", "corridor": "Oakland Square", "walk_class": "sidewalk", "length_m": 37.49 }, "geometry": { "type": "LineString", "coordinates": [ [ -79.9513956, 40.4368845 ], [ -79.9509755, 40.4367794 ] ] } },
{ "type": "Feature", "properties": { "seg_id": "parkview-avenue-1027-00", "corridor": "Parkview Avenue", "walk_class": "sidewalk", "length_m": 73.02 }, "geometry": { "type": "LineString", "coordinates": [ [ -79.9513798, 40.4371906 ], [ -79.9512626, 40.4374715 ], [ -79.9512532, 40.4374916 ], [ -79.9512431, 40.437512899999987 ], [ -79.9511124, 40.4378158 ] ] } },
{ "type": "Feature", "properties": { "seg_id": "service-1028-00", "corridor": null, "walk_class": "service", "length_m": 50.47 }, "geometry": { "type": "LineString", "coordinates": [ [ -79.9510961, 40.4526917 ], [ -79.9505517, 40.4528754 ] ] } },
{ "type": "Feature", "properties": { "seg_id": "south-bellefield-avenue-1029-00", "corridor": "South Bellefield Avenue", "walk_class": "sidewalk", "length_m": 10.68 }, "geometry": { "type": "LineString", "coordinates": [ [ -79.9511633, 40.445061 ], [ -79.9511674, 40.4450705 ], [ -79.951179, 40.4450982 ], [ -79.9511943, 40.4451348 ], [ -79.9512011, 40.4451528 ] ] } },
{ "type": "Feature", "properties": { "seg_id": "service-1030-00", "corridor": null, "walk_class": "service", "length_m": 56.12 }, "geometry": { "type": "LineString", "coordinates": [ [ -79.951157, 40.4478296 ], [ -79.9510833, 40.4478542 ], [ -79.9505507, 40.4480322 ] ] } },
{ "type": "Feature", "properties": { "seg_id": "service-1031-00", "corridor": null, "walk_class": "service", "length_m": 10.37 }, "geometry": { "type": "LineString", "coordinates": [ [ -79.9510327, 40.447622 ], [ -79.9510871, 40.4476053 ], [ -79.9511462, 40.4475872 ] ] } },
{ "type": "Feature", "properties": { "seg_id": "south-bellefield-avenue-1032-00", "corridor": "South Bellefield Avenue", "walk_class": "sidewalk", "length_m": 114.22 }, "geometry": { "type": "LineString", "coordinates": [ [ -79.9506929, 40.4440547 ], [ -79.9507135, 40.444065100000017 ], [ -79.9507278, 40.4440802 ], [ -79.951161812656494, 40.445014533187269 ] ] } },
{ "type": "Feature", "properties": { "seg_id": "south-bellefield-avenue-1032-01", "corridor": "Filmore Street", "walk_class": "sidewalk", "length_m": 114.22 }, "geometry": { "type": "LineString", "coordinates": [ [ -79.951161812656494, 40.445014533187269 ], [ -79.9511742, 40.4450412 ], [ -79.9511722, 40.4450547 ], [ -79.9511633, 40.445061 ], [ -79.9504563, 40.445115799999989 ], [ -79.9504537, 40.4451153 ], [ -79.9504431, 40.4451134 ], [ -79.9504354, 40.4451075 ], [ -79.95043, 40.4451004 ], [ -79.950378892150411, 40.444694324802661 ] ] } },
{ "type": "Feature", "properties": { "seg_id": "south-bellefield-avenue-1032-02", "corridor": "South Dithridge Street", "walk_class": "sidewalk", "length_m": 114.22 }, "geometry": { "type": "LineString", "coordinates": [ [ -79.950378892150411, 40.444694324802661 ], [ -79.9503107, 40.4441525 ], [ -79.9503169, 40.4441402 ], [ -79.9503313, 40.4441265 ], [ -79.9506471, 40.4440459 ], [ -79.9506704, 40.4440485 ], [ -79.9506929, 40.4440547 ], [ -79.9507305, 40.4440446 ], [ -79.9508022, 40.4440272 ], [ -79.95087, 40.4440108 ], [ -79.9508957, 40.4440035 ] ] } },
{ "type": "Feature", "properties": { "seg_id": "service-1033-00", "corridor": null, "walk_class": "service", "length_m": 41.54 }, "geometry": { "type": "LineString", "coordinates": [ [ -79.9510895, 40.450367 ], [ -79.9510056, 40.4503932 ], [ -79.9506362, 40.4505087 ] ] } },
{ "type": "Feature", "properties": { "seg_id": "sidewalk-1034-00", "corridor": null, "walk_class": "sidewalk", "length_m": 27.66 }, "geometry": { "type": "LineString", "coordinates": [ [ -79.9512043, 40.4426227 ], [ -79.951114, 40.442645599999985 ], [ -79.9510781, 40.4426553 ], [ -79.9510233, 40.4426695 ], [ -79.9509588, 40.442686199999983 ], [ -79.9508961, 40.442704 ] ] } },
{ "type": "Feature", "properties": { "seg_id": "oakland-square-1035-00", "corridor": "Oakland Square", "walk_class": "sidewalk", "length_m": 47.96 }, "geometry": { "type": "LineString", "coordinates": [ [ -79.9512783, 40.4371653 ], [ -79.9507417, 40.4370291 ] ] } },
{ "type": "Feature", "properties": { "seg_id": "steps-1036-00", "corridor": null, "walk_class": "steps", "length_m": 40.36 }, "geometry": { "type": "LineString", "coordinates": [ [ -79.951239, 40.4395612 ], [ -79.9511675, 40.4395262 ], [ -79.9511013, 40.4395451 ], [ -79.9508908, 40.4397295 ] ] } },
{ "type": "Feature", "properties": { "seg_id": "service-1037-00", "corridor": null, "walk_class": "service", "length_m": 50.46 }, "geometry": { "type": "LineString", "coordinates": [ [ -79.9510359, 40.4525777 ], [ -79.950479, 40.4527378 ] ] } },
{ "type": "Feature", "properties": { "seg_id": "service-1038-00", "corridor": null, "walk_class": "service", "length_m": 33.87 }, "geometry": { "type": "LineString", "coordinates": [ [ -79.95067, 40.4518763 ], [ -79.9507556, 40.45185 ], [ -79.9510405, 40.451762299999984 ] ] } },
{ "type": "Feature", "properties": { "seg_id": "service-1039-00", "corridor": null, "walk_class": "service", "length_m": 57.72 }, "geometry": { "type": "LineString", "coordinates": [ [ -79.9504423, 40.4457061 ], [ -79.9505069, 40.445700299999984 ], [ -79.950706, 40.4456776 ], [ -79.9508768, 40.4456874 ], [ -79.9511172, 40.4456608 ] ] } },
{ "type": "Feature", "properties": { "seg_id": "service-1040-00", "corridor": null, "walk_class": "service", "length_m": 51.57 }, "geometry": { "type": "LineString", "coordinates": [ [ -79.9505596, 40.4516621 ], [ -79.9506445, 40.4516368 ], [ -79.9509982, 40.4515312 ], [ -79.9509505, 40.4514329 ] ] } },
{ "type": "Feature", "properties": { "seg_id": "melwood-avenue-1041-00", "corridor": "Melwood Avenue", "walk_class": "sidewalk", "length_m": 85.64 }, "geometry": { "type": "LineString", "coordinates": [ [ -79.9498609, 40.4501426 ], [ -79.9498608, 40.4501507 ], [ -79.950093, 40.450579 ], [ -79.9501444, 40.4506776 ], [ -79.95023823368129, 40.450857538003405 ] ] } },
{ "type": "Feature", "properties": { "seg_id": "melwood-avenue-1041-01", "corridor": "Melwood Avenue", "walk_class": "sidewalk", "length_m": 85.64 }, "geometry": { "type": "LineString", "coordinates": [ [ -79.95023823368129, 40.450857538003405 ], [ -79.9503896, 40.4511478 ], [ -79.950611912781568, 40.451574285120103 ] ] } },
{ "type": "Feature", "properties": { "seg_id": "melwood-avenue-1041-02", "corridor": "Melwood Avenue", "walk_class": "sidewalk", "length_m": 85.64 }, "geometry": { "type": "LineString", "coordinates": [ [ -79.950611912781568, 40.451574285120103 ], [ -79.9506445, 40.4516368 ], [ -79.9507556, 40.45185 ], [ -79.9508582, 40.4520468 ], [ -79.9508987, 40.4521244 ], [ -79.950915, 40.4521325 ], [ -79.9509257, 40.45213780000001 ], [ -79.9509224, 40.4521508 ], [ -79.9509294, 40.4522168 ], [ -79.950936, 40.4522707 ], [ -79.9509557, 40.4522856 ] ] } },
{ "type": "Feature", "properties": { "seg_id": "service-1042-00", "corridor": null, "walk_class": "service", "length_m": 37.44 }, "geometry": { "type": "LineString", "coordinates": [ [ -79.9510236, 40.4476067 ], [ -79.9509509, 40.447634199999989 ], [ -79.9506281, 40.4477566 ] ] } },
{ "type": "Feature", "properties": { "seg_id": "centre-avenue-1043-00", "corridor": "Centre Avenue", "walk_class": "sidewalk", "length_m": 127.1 }, "geometry": { "type": "LineString", "coordinates": [ [ -79.9495611, 40.4527036 ], [ -79.9497028, 40.4526673 ], [ -79.9498173, 40.452638 ], [ -79.9499766, 40.4525894 ], [ -79.9501468, 40.4525349 ], [ -79.950284, 40.4524909 ], [ -79.9507571, 40.452339399999985 ], [ -79.9507731, 40.452341 ], [ -79.9507909, 40.452332499999983 ], [ -79.9508908, 40.4523014 ], [ -79.9509254, 40.452288 ], [ -79.9509487, 40.4522983 ] ] } },
{ "type": "Feature", "properties": { "seg_id": "service-1044-00", "corridor": null, "walk_class": "service", "length_m": 12.84 }, "geometry": { "type": "LineString", "coordinates": [ [ -79.9508621, 40.4495524 ], [ -79.9509184, 40.4495875 ], [ -79.9509794, 40.4496255 ] ] } },
{ "type": "Feature", "properties": { "seg_id": "service-1045-00", "corridor": null, "walk_class": "service", "length_m": 78.49 }, "geometry": { "type": "LineString", "coordinates": [ [ -79.9505341, 40.449462299999986 ], [ -79.9506006, 40.44943450000001 ], [ -79.9508015, 40.4493509 ], [ -79.9509649, 40.449487 ], [ -79.9508621, 40.4495524 ], [ -79.9507108, 40.4496099 ], [ -79.9506424, 40.4496359 ] ] } },
{ "type": "Feature", "properties": { "seg_id": "centre-avenue-1046-00", "corridor": "Centre Avenue", "walk_class": "sidewalk", "length_m": 100.1 }, "geometry": { "type": "LineString", "coordinates": [ [ -79.9443338, 40.4541233 ], [ -79.9443992, 40.4541013 ], [ -79.9444742, 40.4540788 ], [ -79.9444835, 40.454077 ], [ -79.9452652, 40.4538433 ], [ -79.945432265477649, 40.453793362834283 ] ] } },
{ "type": "Feature", "properties": { "seg_id": "centre-avenue-1046-01", "corridor": "Centre Avenue", "walk_class": "sidewalk", "length_m": 100.1 }, "geometry": { "type": "LineString", "coordinates": [ [ -79.945432265477649, 40.453793362834283 ], [ -79.9462675, 40.4535437 ], [ -79.9463495, 40.4535212 ], [ -79.9464552, 40.4534884 ], [ -79.9464834, 40.4534797 ], [ -79.946531517132755, 40.453464787009295 ] ] } },
{ "type": "Feature", "properties": { "seg_id": "centre-avenue-1046-02", "corridor": "Centre Avenue", "walk_class": "sidewalk", "length_m": 100.1 }, "geometry": { "type": "LineString", "coordinates": [ [ -79.946531517132755, 40.453464787009295 ], [ -79.9470119, 40.4533159 ], [ -79.9472124, 40.4532537 ], [ -79.947412, 40.453198499999985 ], [ -79.947629396202942, 40.453133704998919 ] ] } },
{ "type": "Feature", "properties": { "seg_id": "centre-avenue-1046-03", "corridor": "Centre Avenue", "walk_class": "sidewalk", "length_m": 100.1 }, "geometry": { "type": "LineString", "coordinates": [ [ -79.947629396202942, 40.453133704998919 ], [ -79.948729100476726, 40.452805929591364 ] ] } },
{ "type": "Feature", "properties": { "seg_id": "centre-avenue-1046-04", "corridor": "Centre Avenue", "walk_class": "sidewalk", "length_m": 100.1 }, "geometry": { "type": "LineString", "coordinates": [ [ -79.948729100476726, 40.452805929591364 ], [ -79.9495629, 40.4525574 ], [ -79.9495894, 40.4525407 ], [ -79.9496621, 40.4525174 ], [ -79.9497592, 40.4524906 ], [ -79.949822178967622, 40.452469097417293 ] ] } },
{ "type": "Feature", "properties": { "seg_id": "centre-avenue-1046-05", "corridor": "Centre Avenue", "walk_class": "sidewalk", "length_m": 100.1 }, "geometry": { "type": "LineString", "coordinates": [ [ -79.949822178967622, 40.452469097417293 ], [ -79.9498869, 40.452447 ], [ -79.9507217, 40.4522009 ], [ -79.9507474, 40.4521926 ], [ -79.9507695, 40.452182 ], [ -79.9507914, 40.4521792 ], [ -79.9508239, 40.4521686 ], [ -79.9508981, 40.452143 ], [ -79.950915, 40.4521325 ] ] } },
{ "type": "Feature", "properties": { "seg_id": "service-1047-00", "corridor": null, "walk_class": "service", "length_m": 79.14 }, "geometry": { "type": "LineString", "coordinates": [ [ -79.9503077, 40.4511735 ], [ -79.9503896, 40.4511478 ], [ -79.9507351, 40.4510395 ], [ -79.9509168, 40.4513716 ] ] } },
{ "type": "Feature", "properties": { "seg_id": "service-1048-00", "corridor": null, "walk_class": "service", "length_m": 98.95 }, "geometry": { "type": "LineString", "coordinates": [ [ -79.9504667, 40.4439956 ], [ -79.950435100000021, 40.4439096 ], [ -79.9504315, 40.4438999 ], [ -79.9504076, 40.4438349 ], [ -79.9504508, 40.4437051 ], [ -79.9507862, 40.4436199 ], [ -79.9509283, 40.443660800000011 ], [ -79.9509781, 40.4437543 ], [ -79.9509822, 40.443762 ], [ -79.9510292, 40.4438502 ] ] } },
{ "type": "Feature", "properties": { "seg_id": "sidewalk-1049-00", "corridor": null, "walk_class": "sidewalk", "length_m": 45.41 }, "geometry": { "type": "LineString", "coordinates": [ [ -79.9508823, 40.4422791 ], [ -79.9508732, 40.44231 ], [ -79.9509903, 40.44259370000001 ], [ -79.9510027, 40.4426237 ], [ -79.9510233, 40.4426695 ] ] } },
{ "type": "Feature", "properties": { "seg_id": "sidewalk-1050-00", "corridor": null, "walk_class": "sidewalk", "length_m": 14.33 }, "geometry": { "type": "LineString", "coordinates": [ [ -79.9509903, 40.44259370000001 ], [ -79.9508304, 40.4426354 ] ] } },
{ "type": "Feature", "properties": { "seg_id": "service-1051-00", "corridor": null, "walk_class": "service", "length_m": 12.95 }, "geometry": { "type": "LineString", "coordinates": [ [ -79.9509145, 40.4474245 ], [ -79.9508414, 40.4474521 ], [ -79.9507776, 40.4474762 ] ] } },
{ "type": "Feature", "properties": { "seg_id": "north-craig-street-1052-00", "corridor": "North Craig Street", "walk_class": "sidewalk", "length_m": 18.01 }, "geometry": { "type": "LineString", "coordinates": [ [ -79.9507749, 40.4496851 ], [ -79.9507834, 40.4497007 ], [ -79.9508124, 40.4497542 ], [ -79.9508452, 40.4498147 ], [ -79.9508676, 40.4498284 ] ] } },
{ "type": "Feature", "properties": { "seg_id": "service-1053-00", "corridor": null, "walk_class": "service", "length_m": 37.73 }, "geometry": { "type": "LineString", "coordinates": [ [ -79.9504727, 40.4493639 ], [ -79.9505421, 40.4493395 ], [ -79.9508754, 40.4492195 ] ] } },
{ "type": "Feature", "properties": { "seg_id": "bayard-street-1054-00", "corridor": "Bayard Street", "walk_class": "sidewalk", "length_m": 90.95 }, "geometry": { "type": "LineString", "coordinates": [ [ -79.9508452, 40.4498147 ], [ -79.9507745, 40.4498487 ], [ -79.9506922, 40.449885699999989 ], [ -79.9498678, 40.4501367 ], [ -79.949863808326839, 40.450140113169986 ] ] } },
{ "type": "Feature", "properties": { "seg_id": "bayard-street-1054-01", "corridor": "Bayard Street", "walk_class": "sidewalk", "length_m": 90.95 }, "geometry": { "type": "LineString", "coordinates": [ [ -79.949863808326839, 40.450140113169986 ], [ -79.9498609, 40.4501426 ], [ -79.9498454, 40.4501409 ], [ -79.9497957, 40.4501559 ], [ -79.9497323, 40.4501747 ], [ -79.9489103, 40.4504286 ], [ -79.9488916, 40.4504418 ], [ -79.948886, 40.4504556 ] ] } },
{ "type": "Feature", "properties": { "seg_id": "melwood-avenue-1055-00", "corridor": "Melwood Avenue", "walk_class": "sidewalk", "length_m": 87.46 }, "geometry": { "type": "LineString", "coordinates": [ [ -79.9497323, 40.4501747 ], [ -79.9499981, 40.450683 ], [ -79.950114933043778, 40.450906369940888 ] ] } },
{ "type": "Feature", "properties": { "seg_id": "melwood-avenue-1055-01", "corridor": "Melwood Avenue", "walk_class": "sidewalk", "length_m": 87.46 }, "geometry": { "type": "LineString", "coordinates": [ [ -79.950114933043778, 40.450906369940888 ], [ -79.9501354, 40.4509455 ], [ -79.95023860000002, 40.4511428 ], [ -79.9503754, 40.4514044 ], [ -79.950497559784012, 40.451638043040447 ] ] } },
{ "type": "Feature", "properties": { "seg_id": "melwood-avenue-1055-02", "corridor": "Melwood Avenue", "walk_class": "sidewalk", "length_m": 87.46 }, "geometry": { "type": "LineString", "coordinates": [ [ -79.950497559784012, 40.451638043040447 ], [ -79.9507655, 40.4521505 ], [ -79.9507743, 40.4521673 ], [ -79.9507739, 40.4521743 ], [ -79.9507695, 40.452182 ], [ -79.9507759, 40.4521949 ], [ -79.9507778, 40.452262399999988 ], [ -79.950779, 40.4523272 ], [ -79.9507731, 40.452341 ], [ -79.9507834, 40.4523513 ], [ -79.9507975, 40.4523782 ] ] } },
{ "type": "Feature", "properties": { "seg_id": "south-bellefield-avenue-1056-00", "corridor": "South Bellefield Avenue", "walk_class": "sidewalk", "length_m": 21.83 }, "geometry": { "type": "LineString", "coordinates": [ [ -79.9509101, 40.4439778 ], [ -79.9508974, 40.4439598 ], [ -79.9508526, 40.4438981 ], [ -79.9507915, 40.4438134 ], [ -79.950786, 40.4438055 ] ] } },
{ "type": "Feature", "properties": { "seg_id": "service-1057-00", "corridor": null, "walk_class": "service", "length_m": 115.99 }, "geometry": { "type": "LineString", "coordinates": [ [ -79.95034, 40.4475474 ], [ -79.9504199, 40.44767490000001 ], [ -79.9508195, 40.4475453 ], [ -79.9507776, 40.4474762 ], [ -79.9507471, 40.4474228 ], [ -79.95034, 40.4475474 ], [ -79.9502156, 40.44758550000001 ] ] } },
{ "type": "Feature", "properties": { "seg_id": "bayard-street-1058-00", "corridor": "Bayard Street", "walk_class": "sidewalk", "length_m": 14.94 }, "geometry": { "type": "LineString", "coordinates": [ [ -79.9507649, 40.4496826 ], [ -79.9507443, 40.4496919 ], [ -79.9506879, 40.4497134 ], [ -79.9506206, 40.44974 ], [ -79.950608, 40.4497436 ] ] } },
{ "type": "Feature", "properties": { "seg_id": "sidewalk-1059-00", "corridor": null, "walk_class": "sidewalk", "length_m": 38.88 }, "geometry": { "type": "LineString", "coordinates": [ [ -79.9505191, 40.441934799999984 ], [ -79.9505529, 40.4419124 ], [ -79.9507795, 40.4418823 ], [ -79.9508752, 40.4417625 ] ] } },
{ "type": "Feature", "properties": { "seg_id": "north-dithridge-street-1060-00", "corridor": "North Dithridge Street", "walk_class": "sidewalk", "length_m": 22.41 }, "geometry": { "type": "LineString", "coordinates": [ [ -79.9507486, 40.4466981 ], [ -79.9507499, 40.4467202 ], [ -79.9507581, 40.4467918 ], [ -79.9507677, 40.4468765 ], [ -79.9507697, 40.4468993 ] ] } },
{ "type": "Feature", "properties": { "seg_id": "boundary-street-1061-00", "corridor": null, "walk_class": "street", "length_m": 89.13 }, "geometry": { "type": "LineString", "coordinates": [ [ -79.9508748, 40.4397856 ], [ -79.9505916, 40.4393068 ], [ -79.950444756390198, 40.439053015954364 ] ] } },
{ "type": "Feature", "properties": { "seg_id": "boundary-street-1061-01", "corridor": null, "walk_class": "street", "length_m": 89.13 }, "geometry": { "type": "LineString", "coordinates": [ [ -79.950444756390198, 40.439053015954364 ], [ -79.9502453, 40.4387083 ], [ -79.9500708, 40.4383037 ] ] } },
{ "type": "Feature", "properties": { "seg_id": "south-neville-street-1062-00", "corridor": null, "walk_class": "street", "length_m": 93.67 }, "geometry": { "type": "LineString", "coordinates": [ [ -79.9508748, 40.4397856 ], [ -79.9507696, 40.439877400000015 ], [ -79.9502456, 40.4403494 ], [ -79.9501656, 40.4404017 ], [ -79.9501418526511, 40.440414821125557 ] ] } },
{ "type": "Feature", "properties": { "seg_id": "south-neville-street-1062-01", "corridor": "Boundary Street", "walk_class": "street", "length_m": 93.67 }, "geometry": { "type": "LineString", "coordinates": [ [ -79.9501418526511, 40.440414821125557 ], [ -79.9500371, 40.4404727 ], [ -79.9498831, 40.440582 ], [ -79.9497097, 40.4407115 ], [ -79.9495615, 40.4408583 ], [ -79.949438959386356, 40.441050460845084 ] ] } },
{ "type": "Feature", "properties": { "seg_id": "south-neville-street-1062-02", "corridor": "Boundary Street", "walk_class": "street", "length_m": 93.67 }, "geometry": { "type": "LineString", "coordinates": [ [ -79.949438959386356, 40.441050460845084 ], [ -79.9493186, 40.4412392 ], [ -79.9492313, 40.4413478 ], [ -79.9490145, 40.4416448 ], [ -79.948910224088124, 40.441790793357654 ] ] } },
{ "type": "Feature", "properties": { "seg_id": "south-neville-street-1062-03", "corridor": "Boundary Street", "walk_class": "street", "length_m": 93.67 }, "geometry": { "type": "LineString", "coordinates": [ [ -79.948910224088124, 40.441790793357654 ], [ -79.948681800000017, 40.4421106 ], [ -79.948305600169377, 40.44249434906461 ] ] } },
{ "type": "Feature", "properties": { "seg_id": "south-neville-street-1062-04", "corridor": "Boundary Street", "walk_class": "street", "length_m": 93.67 }, "geometry": { "type": "LineString", "coordinates": [ [ -79.948305600169377, 40.44249434906461 ], [ -79.9482233, 40.4425783 ], [ -79.9480412, 40.442764 ], [ -79.94766847285679, 40.443183296856219 ] ] } },
{ "type": "Feature", "properties": { "seg_id": "south-neville-street-1062-05", "corridor": "Boundary Street", "walk_class": "street", "length_m": 93.67 }, "geometry": { "type": "LineString", "coordinates": [ [ -79.94766847285679, 40.443183296856219 ], [ -79.9476114, 40.4432475 ], [ -79.9473367, 40.443664400000017 ], [ -79.947165137822822, 40.443933611342992 ] ] } },
{ "type": "Feature", "properties": { "seg_id": "south-neville-street-1062-06", "corridor": "Boundary Street", "walk_class": "street", "length_m": 93.67 }, "geometry": { "type": "LineString", "coordinates": [ [ -79.947165137822822, 40.443933611342992 ], [ -79.9470078, 40.4441805 ], [ -79.9467985, 40.4444873 ], [ -79.9467299, 40.4445773 ], [ -79.946718, 40.444592899999989 ], [ -79.946695, 40.4446194 ], [ -79.9466485, 40.444678799999984 ] ] } },
{ "type": "Feature", "properties": { "seg_id": "service-1063-00", "corridor": null, "walk_class": "service", "length_m": 134.46 }, "geometry": { "type": "LineString", "coordinates": [ [ -79.9499333, 40.4525148 ], [ -79.9499766, 40.4525894 ], [ -79.950231, 40.4530272 ], [ -79.9504445, 40.4533947 ], [ -79.9506438, 40.4535912 ] ] } },
{ "type": "Feature", "properties": { "seg_id": "fifth-avenue-1064-00", "corridor": "Fifth Avenue", "walk_class": "sidewalk", "length_m": 21.8 }, "geometry": { "type": "LineString", "coordinates": [ [ -79.950738900000019, 40.44691 ], [ -79.9507202, 40.4468971 ], [ -79.9506136, 40.4469104 ], [ -79.950532, 40.4469206 ], [ -79.9504913, 40.4469255 ] ] } },
{ "type": "Feature", "properties": { "seg_id": "service-1065-00", "corridor": null, "walk_class": "service", "length_m": 41.75 }, "geometry": { "type": "LineString", "coordinates": [ [ -79.9506858, 40.4485044 ], [ -79.9504377, 40.4485963 ], [ -79.9502428, 40.4486684 ] ] } },
{ "type": "Feature", "properties": { "seg_id": "service-1066-00", "corridor": null, "walk_class": "service", "length_m": 84.65 }, "geometry": { "type": "LineString", "coordinates": [ [ -79.9505876, 40.4517164 ], [ -79.9502041, 40.4518282 ], [ -79.9502905, 40.4519998 ], [ -79.9504152, 40.4522472 ] ] } },
{ "type": "Feature", "properties": { "seg_id": "bayard-street-1067-00", "corridor": "North Neville Street", "walk_class": "sidewalk", "length_m": 100.86 }, "geometry": { "type": "LineString", "coordinates": [ [ -79.9498173, 40.452638 ], [ -79.9497894, 40.4525583 ], [ -79.9497592, 40.4524906 ], [ -79.9497464, 40.4524729 ], [ -79.9497295, 40.4524417 ], [ -79.9496231, 40.4521956 ], [ -79.9495608, 40.4520514 ], [ -79.949441834889285, 40.451776455526677 ] ] } },
{ "type": "Feature", "properties": { "seg_id": "bayard-street-1067-01", "corridor": "North Neville Street", "walk_class": "sidewalk", "length_m": 100.86 }, "geometry": { "type": "LineString", "coordinates": [ [ -79.949441834889285, 40.451776455526677 ], [ -79.9494001, 40.45168 ], [ -79.949068757607719, 40.450913700048972 ] ] } },
{ "type": "Feature", "properties": { "seg_id": "bayard-street-1067-02", "corridor": "North Neville Street", "walk_class": "sidewalk", "length_m": 100.86 }, "geometry": { "type": "LineString", "coordinates": [ [ -79.949068757607719, 40.450913700048972 ], [ -79.9488808, 40.450479 ], [ -79.9488826, 40.4504667 ], [ -79.948886, 40.4504556 ], [ -79.948859, 40.4504361 ], [ -79.9488294, 40.4503737 ], [ -79.9488014, 40.4503078 ], [ -79.948691053176276, 40.450058682414095 ] ] } },
{ "type": "Feature", "properties": { "seg_id": "bayard-street-1067-03", "corridor": "North Neville Street", "walk_class": "sidewalk", "length_m": 100.86 }, "geometry": { "type": "LineString", "coordinates": [ [ -79.948691053176276, 40.450058682414095 ], [ -79.9486795, 40.4500326 ], [ -79.9483336, 40.4492514 ], [ -79.948309928601702, 40.449197984463162 ] ] } },
{ "type": "Feature", "properties": { "seg_id": "bayard-street-1067-04", "corridor": "North Neville Street", "walk_class": "sidewalk", "length_m": 100.86 }, "geometry": { "type": "LineString", "coordinates": [ [ -79.948309928601702, 40.449197984463162 ], [ -79.9482954, 40.4491652 ], [ -79.9482425, 40.4490457 ], [ -79.9481903, 40.4489278 ], [ -79.9480095, 40.4485196 ], [ -79.9479744, 40.4484401 ], [ -79.947928848260901, 40.448337276316181 ] ] } },
{ "type": "Feature", "properties": { "seg_id": "bayard-street-1067-05", "corridor": "North Neville Street", "walk_class": "sidewalk", "length_m": 100.86 }, "geometry": { "type": "LineString", "coordinates": [ [ -79.947928848260901, 40.448337276316181 ], [ -79.9478477, 40.4481541 ], [ -79.9478207, 40.4480923 ], [ -79.9478063, 40.4480594 ], [ -79.9477841, 40.4480087 ], [ -79.9477633, 40.44796130000001 ], [ -79.9476835, 40.44778 ], [ -79.9475701, 40.4475225 ], [ -79.94754967307253, 40.447476079095061 ] ] } },
{ "type": "Feature", "properties": { "seg_id": "bayard-street-1067-06", "corridor": "Fifth Avenue", "walk_class": "sidewalk", "length_m": 100.86 }, "geometry": { "type": "LineString", "coordinates": [ [ -79.94754967307253, 40.447476079095061 ], [ -79.9474725, 40.447300699999985 ], [ -79.947468, 40.447286099999985 ], [ -79.9474673, 40.4472638 ], [ -79.9474737, 40.4472399 ], [ -79.9474827, 40.447221 ], [ -79.9475018, 40.4472025 ], [ -79.9475061, 40.4471993 ], [ -79.9475102, 40.4471962 ], [ -79.9475261, 40.4471869 ], [ -79.9475453, 40.4471772 ], [ -79.9475683, 40.4471704 ], [ -79.9475906, 40.4471694 ], [ -79.948295714890648, 40.447126087392107 ] ] } },
{ "type": "Feature", "properties": { "seg_id": "bayard-street-1067-07", "corridor": "Fifth Avenue", "walk_class": "sidewalk", "length_m": 100.86 }, "geometry": { "type": "LineString", "coordinates": [ [ -79.948295714890648, 40.447126087392107 ], [ -79.9483183, 40.4471247 ], [ -79.94854, 40.4471087 ], [ -79.948796, 40.4470741 ], [ -79.9488829, 40.447062099999989 ], [ -79.948909, 40.4470628 ], [ -79.9489296, 40.4470656 ], [ -79.948944, 40.447074399999984 ], [ -79.9489576, 40.4470827 ], [ -79.9489725, 40.4471033 ], [ -79.94898, 40.4471154 ], [ -79.9490382, 40.4472061 ], [ -79.9491783, 40.4474329 ], [ -79.949180001280453, 40.447435656416957 ] ] } },
{ "type": "Feature", "properties": { "seg_id": "bayard-street-1067-08", "corridor": "North Craig Street", "walk_class": "sidewalk", "length_m": 100.86 }, "geometry": { "type": "LineString", "coordinates": [ [ -79.949180001280453, 40.447435656416957 ], [ -79.9492694, 40.4475805 ], [ -79.949282, 40.4476037 ], [ -79.9492961, 40.4476295 ], [ -79.9493634, 40.4477384 ], [ -79.9494858, 40.4479363 ], [ -79.9495311, 40.4480096 ], [ -79.9495439, 40.4480305 ], [ -79.9495496, 40.4480399 ], [ -79.9496147, 40.4481446 ], [ -79.949685234050676, 40.448258147439887 ] ] } },
{ "type": "Feature", "properties": { "seg_id": "bayard-street-1067-09", "corridor": "North Craig Street", "walk_class": "sidewalk", "length_m": 100.86 }, "geometry": { "type": "LineString", "coordinates": [ [ -79.949685234050676, 40.448258147439887 ], [ -79.95019515220757, 40.449079013684639 ] ] } },
{ "type": "Feature", "properties": { "seg_id": "bayard-street-1067-10", "corridor": "North Craig Street", "walk_class": "sidewalk", "length_m": 100.86 }, "geometry": { "type": "LineString", "coordinates": [ [ -79.95019515220757, 40.449079013684639 ], [ -79.950608, 40.4497436 ], [ -79.9506164, 40.4497572 ], [ -79.9506154, 40.4497689 ], [ -79.950608, 40.4497775 ], [ -79.9505941, 40.4497825 ], [ -79.950442500901275, 40.44982734293702 ] ] } },
{ "type": "Feature", "properties": { "seg_id": "bayard-street-1067-11", "corridor": "Bayard Street", "walk_class": "sidewalk", "length_m": 100.86 }, "geometry": { "type": "LineString", "coordinates": [ [ -79.950442500901275, 40.44982734293702 ], [ -79.9503632, 40.4498508 ], [ -79.9501107, 40.4499247 ], [ -79.9499338, 40.4499764 ], [ -79.9493451, 40.4501487 ], [ -79.949331924234201, 40.450152555592695 ] ] } },
{ "type": "Feature", "properties": { "seg_id": "bayard-street-1067-12", "corridor": "Bayard Street", "walk_class": "sidewalk", "length_m": 100.86 }, "geometry": { "type": "LineString", "coordinates": [ [ -79.949331924234201, 40.450152555592695 ], [ -79.9488014, 40.4503078 ], [ -79.9487159, 40.4503361 ], [ -79.9486334, 40.4503634 ], [ -79.948226408689081, 40.450487423512314 ] ] } },
{ "type": "Feature", "properties": { "seg_id": "bayard-street-1067-13", "corridor": "Bayard Street", "walk_class": "sidewalk", "length_m": 100.86 }, "geometry": { "type": "LineString", "coordinates": [ [ -79.948226408689081, 40.450487423512314 ], [ -79.947121671018351, 40.450824063481079 ] ] } },
{ "type": "Feature", "properties": { "seg_id": "bayard-street-1067-14", "corridor": "Bayard Street", "walk_class": "sidewalk", "length_m": 100.86 }, "geometry": { "type": "LineString", "coordinates": [ [ -79.947121671018351, 40.450824063481079 ], [ -79.946987, 40.4508651 ], [ -79.9469681, 40.4508694 ], [ -79.9469507, 40.4508743 ], [ -79.946914, 40.4508853 ], [ -79.9468769, 40.4508964 ], [ -79.9468651, 40.4508965 ], [ -79.9468495, 40.450908 ], [ -79.9460161, 40.4511471 ], [ -79.946013148108449, 40.451147947571499 ] ] } },
{ "type": "Feature", "properties": { "seg_id": "bayard-street-1067-15", "corridor": "Bayard Street", "walk_class": "sidewalk", "length_m": 100.86 }, "geometry": { "type": "LineString", "coordinates": [ [ -79.946013148108449, 40.451147947571499 ], [ -79.9456316, 40.4512575 ], [ -79.945477400000016, 40.4513026 ], [ -79.9454663, 40.4513012 ], [ -79.9454469, 40.4513097 ], [ -79.9453834, 40.4513263 ], [ -79.9453473, 40.4513358 ], [ -79.9453201, 40.45134250000001 ], [ -79.944885985933681, 40.45143062511184 ] ] } },
{ "type": "Feature", "properties": { "seg_id": "bayard-street-1067-16", "corridor": "Bayard Street", "walk_class": "sidewalk", "length_m": 100.86 }, "geometry": { "type": "LineString", "coordinates": [ [ -79.944885985933681, 40.45143062511184 ], [ -79.943736478413484, 40.451663965992218 ] ] } },
{ "type": "Feature", "properties": { "seg_id": "bayard-street-1067-17", "corridor": "Bayard Street", "walk_class": "sidewalk", "length_m": 100.86 }, "geometry": { "type": "LineString", "coordinates": [ [ -79.943736478413484, 40.451663965992218 ], [ -79.9434087, 40.451730499999989 ], [ -79.9433926, 40.4517337 ], [ -79.9433212, 40.4517479 ], [ -79.9432769, 40.4517567 ], [ -79.9432638, 40.4517658 ], [ -79.9429793, 40.4518244 ], [ -79.942591485263378, 40.451904366787325 ] ] } },
{ "type": "Feature", "properties": { "seg_id": "bayard-street-1067-18", "corridor": "Bayard Street", "walk_class": "sidewalk", "length_m": 100.86 }, "geometry": { "type": "LineString", "coordinates": [ [ -79.942591485263378, 40.451904366787325 ], [ -79.9420787, 40.45201010000001 ], [ -79.942057, 40.4520146 ], [ -79.9415837, 40.4521122 ], [ -79.9415382, 40.452110699999984 ], [ -79.9414942, 40.4520981 ], [ -79.9414624, 40.452071 ], [ -79.941460222248821, 40.452067250642273 ] ] } },
{ "type": "Feature", "properties": { "seg_id": "bayard-street-1067-19", "corridor": "Amberson Avenue", "walk_class": "sidewalk", "length_m": 100.86 }, "geometry": { "type": "LineString", "coordinates": [ [ -79.941460222248821, 40.452067250642273 ], [ -79.9410492, 40.4513596 ], [ -79.9410155, 40.4513009 ], [ -79.9409785, 40.4512365 ] ] } },
{ "type": "Feature", "properties": { "seg_id": "fifth-avenue-1068-00", "corridor": "Fifth Avenue", "walk_class": "sidewalk", "length_m": 17.66 }, "geometry": { "type": "LineString", "coordinates": [ [ -79.9506567, 40.4466797 ], [ -79.950632, 40.446684 ], [ -79.9505692, 40.4466953 ], [ -79.950485, 40.4467103 ], [ -79.9504531, 40.4467119 ] ] } },
{ "type": "Feature", "properties": { "seg_id": "south-bellefield-avenue-1069-00", "corridor": "South Bellefield Avenue", "walk_class": "sidewalk", "length_m": 23.03 }, "geometry": { "type": "LineString", "coordinates": [ [ -79.9506484, 40.4438421 ], [ -79.9506489, 40.4438519 ], [ -79.9506564, 40.4439488 ], [ -79.9506622, 40.4440209 ], [ -79.9506704, 40.4440485 ] ] } },
{ "type": "Feature", "properties": { "seg_id": "service-1070-00", "corridor": null, "walk_class": "service", "length_m": 132.81 }, "geometry": { "type": "LineString", "coordinates": [ [ -79.9498817, 40.4484173 ], [ -79.9499566, 40.4483935 ], [ -79.9504665, 40.4482266 ], [ -79.9505517, 40.448242 ], [ -79.9506013, 40.4483257 ], [ -79.9505703, 40.4483835 ], [ -79.9503561, 40.4484598 ], [ -79.9500608, 40.448565 ], [ -79.9499894, 40.4485897 ] ] } },
{ "type": "Feature", "properties": { "seg_id": "sidewalk-1071-00", "corridor": null, "walk_class": "sidewalk", "length_m": 9.74 }, "geometry": { "type": "LineString", "coordinates": [ [ -79.950671, 40.440496300000014 ], [ -79.9506724, 40.4404412 ], [ -79.9506732, 40.4404086 ] ] } },
{ "type": "Feature", "properties": { "seg_id": "joncaire-street-steps-1072-00", "corridor": null, "walk_class": "steps", "length_m": 67.76 }, "geometry": { "type": "LineString", "coordinates": [ [ -79.9506104, 40.4411049 ], [ -79.9506402, 40.4408055 ], [ -79.950671, 40.440496300000014 ] ] } },
{ "type": "Feature", "properties": { "seg_id": "steps-1073-00", "corridor": null, "walk_class": "steps", "length_m": 3.21 }, "geometry": { "type": "LineString", "coordinates": [ [ -79.9506402, 40.4408055 ], [ -79.9506024, 40.4408046 ] ] } },
{ "type": "Feature", "properties": { "seg_id": "service-1074-00", "corridor": null, "walk_class": "service", "length_m": 4.71 }, "geometry": { "type": "LineString", "coordinates": [ [ -79.9505916, 40.4393068 ], [ -79.950641, 40.4392875 ] ] } },
{ "type": "Feature", "properties": { "seg_id": "service-1075-00", "corridor": null, "walk_class": "service", "length_m": 94.1 }, "geometry": { "type": "LineString", "coordinates": [ [ -79.9506104, 40.4411049 ], [ -79.95052, 40.4411537 ], [ -79.950484100000011, 40.441187099999986 ], [ -79.9502496, 40.4416345 ], [ -79.9501789, 40.4417609 ], [ -79.9501678, 40.44178070000001 ], [ -79.9501272, 40.4418533 ] ] } },
{ "type": "Feature", "properties": { "seg_id": "henry-street-1076-00", "corridor": "Henry Street", "walk_class": "street", "length_m": 98.93 }, "geometry": { "type": "LineString", "coordinates": [ [ -79.9505198, 40.4462428 ], [ -79.9504352, 40.4462514 ], [ -79.950415800000016, 40.4462546 ], [ -79.9501273, 40.4462761 ], [ -79.9498869, 40.446292599999985 ], [ -79.9495854, 40.446304899999987 ], [ -79.9495753, 40.4463058 ], [ -79.9494938, 40.446312699999986 ], [ -79.9494772, 40.446314 ], [ -79.949359178143013, 40.446327088409674 ] ] } },
{ "type": "Feature", "properties": { "seg_id": "henry-street-1076-01", "corridor": "Henry Street", "walk_class": "street", "length_m": 98.93 }, "geometry": { "type": "LineString", "coordinates": [ [ -79.949359178143013, 40.446327088409674 ], [ -79.949011, 40.4463657 ], [ -79.9489127, 40.4463668 ], [ -79.9488179, 40.4463712 ], [ -79.9486215, 40.4463804 ], [ -79.9484639, 40.446393 ], [ -79.9482798, 40.4464077 ], [ -79.948199220689986, 40.446414216300198 ] ] } },
{ "type": "Feature", "properties": { "seg_id": "henry-street-1076-02", "corridor": "Henry Street", "walk_class": "street", "length_m": 98.93 }, "geometry": { "type": "LineString", "coordinates": [ [ -79.948199220689986, 40.446414216300198 ], [ -79.9477765, 40.4464484 ], [ -79.947518800000012, 40.4464693 ], [ -79.9471162, 40.4465072 ], [ -79.9470412, 40.4465191 ] ] } },
{ "type": "Feature", "properties": { "seg_id": "service-1077-00", "corridor": null, "walk_class": "service", "length_m": 38.74 }, "geometry": { "type": "LineString", "coordinates": [ [ -79.95042, 40.4513913 ], [ -79.9503754, 40.4514044 ], [ -79.9499936, 40.4515165 ] ] } },
{ "type": "Feature", "properties": { "seg_id": "winthrop-street-1078-00", "corridor": "South Craig Street", "walk_class": "sidewalk", "length_m": 94.53 }, "geometry": { "type": "LineString", "coordinates": [ [ -79.9487845, 40.4443279 ], [ -79.948782, 40.4443526 ], [ -79.9487753, 40.4444194 ], [ -79.948768200000018, 40.444490499999986 ], [ -79.9487659, 40.4445133 ], [ -79.948855141467092, 40.445175405668877 ] ] } },
{ "type": "Feature", "properties": { "seg_id": "winthrop-street-1078-01", "corridor": "South Craig Street", "walk_class": "sidewalk", "length_m": 94.53 }, "geometry": { "type": "LineString", "coordinates": [ [ -79.948855141467092, 40.445175405668877 ], [ -79.9488625, 40.44523 ], [ -79.9488673, 40.445275100000011 ], [ -79.9488721, 40.4453203 ], [ -79.9488696, 40.4453281 ], [ -79.948924100000013, 40.4457677 ], [ -79.9489299, 40.4457756 ], [ -79.9489394, 40.445824 ], [ -79.9489479, 40.4458677 ], [ -79.948944200000014, 40.4458759 ], [ -79.948963634391262, 40.446020760864734 ] ] } },
{ "type": "Feature", "properties": { "seg_id": "winthrop-street-1078-02", "corridor": "South Craig Street", "walk_class": "sidewalk", "length_m": 94.53 }, "geometry": { "type": "LineString", "coordinates": [ [ -79.948963634391262, 40.446020760864734 ], [ -79.9490059, 40.446335799999986 ], [ -79.949011, 40.4463657 ], [ -79.9490136, 40.4464017 ], [ -79.9490586, 40.4467915 ], [ -79.9490801, 40.4468184 ], [ -79.9491127, 40.44683160000001 ], [ -79.9491216, 40.4468331 ], [ -79.949135213482393, 40.446835489600964 ] ] } },
{ "type": "Feature", "properties": { "seg_id": "winthrop-street-1078-03", "corridor": "Fifth Avenue", "walk_class": "sidewalk", "length_m": 94.53 }, "geometry": { "type": "LineString", "coordinates": [ [ -79.949135213482393, 40.446835489600964 ], [ -79.9491404, 40.4468364 ], [ -79.9495597, 40.446781499999986 ], [ -79.9496343, 40.4467751 ], [ -79.9498749, 40.4467544 ], [ -79.950240325886043, 40.446731060651203 ] ] } },
{ "type": "Feature", "properties": { "seg_id": "winthrop-street-1078-04", "corridor": "South Dithridge Street", "walk_class": "sidewalk", "length_m": 94.53 }, "geometry": { "type": "LineString", "coordinates": [ [ -79.950240325886043, 40.446731060651203 ], [ -79.9504088, 40.4467203 ], [ -79.9504389, 40.4467146 ], [ -79.9504531, 40.4467119 ], [ -79.9504774, 40.4466929 ], [ -79.9504857, 40.4466744 ], [ -79.9504414, 40.4463047 ], [ -79.9504352, 40.4462514 ], [ -79.950431, 40.4462203 ], [ -79.950406787807083, 40.446035847175821 ] ] } },
{ "type": "Feature", "properties": { "seg_id": "winthrop-street-1078-05", "corridor": "Winthrop Street", "walk_class": "sidewalk", "length_m": 94.53 }, "geometry": { "type": "LineString", "coordinates": [ [ -79.950406787807083, 40.446035847175821 ], [ -79.9504035, 40.4460108 ], [ -79.9503964, 40.4459562 ], [ -79.9503882, 40.445894 ], [ -79.950372, 40.4457704 ], [ -79.9503554, 40.4457603 ], [ -79.9503332, 40.4457572 ], [ -79.9498248, 40.4457956 ], [ -79.949615061775589, 40.445811406686886 ] ] } },
{ "type": "Feature", "properties": { "seg_id": "winthrop-street-1078-06", "corridor": "Winthrop Street", "walk_class": "sidewalk", "length_m": 94.53 }, "geometry": { "type": "LineString", "coordinates": [ [ -79.949615061775589, 40.445811406686886 ], [ -79.9494254, 40.4458257 ], [ -79.9489574, 40.4458611 ], [ -79.9489479, 40.4458677 ], [ -79.9488478, 40.4458706 ], [ -79.9487633, 40.4458741 ], [ -79.9487432, 40.4458677 ], [ -79.948510115604464, 40.445886112020581 ] ] } },
{ "type": "Feature", "properties": { "seg_id": "winthrop-street-1078-07", "corridor": "Winthrop Street", "walk_class": "sidewalk", "length_m": 94.53 }, "geometry": { "type": "LineString", "coordinates": [ [ -79.948510115604464, 40.445886112020581 ], [ -79.9482077, 40.44591 ], [ -79.947401451703385, 40.445973960312749 ] ] } },
{ "type": "Feature", "properties": { "seg_id": "winthrop-street-1078-08", "corridor": "Winthrop Street", "walk_class": "sidewalk", "length_m": 94.53 }, "geometry": { "type": "LineString", "coordinates": [ [ -79.947401451703385, 40.445973960312749 ], [ -79.946903, 40.4460135 ], [ -79.9468434, 40.446069 ], [ -79.9467902, 40.4461136 ], [ -79.9467281, 40.446098099999986 ], [ -79.9467444, 40.4461361 ], [ -79.946453100000014, 40.4462077 ], [ -79.9464585, 40.4462199 ] ] } },
{ "type": "Feature", "properties": { "seg_id": "service-1079-00", "corridor": null, "walk_class": "service", "length_m": 9.95 }, "geometry": { "type": "LineString", "coordinates": [ [ -79.950488, 40.446008299999988 ], [ -79.9504035, 40.4460108 ], [ -79.9503714, 40.4460159 ] ] } },
{ "type": "Feature", "properties": { "seg_id": "service-1080-00", "corridor": null, "walk_class": "service", "length_m": 9.5 }, "geometry": { "type": "LineString", "coordinates": [ [ -79.95048, 40.4459538 ], [ -79.9503964, 40.4459562 ], [ -79.9503681, 40.4459573 ] ] } },
{ "type": "Feature", "properties": { "seg_id": "south-dithridge-street-1081-00", "corridor": "South Dithridge Street", "walk_class": "sidewalk", "length_m": 22.17 }, "geometry": { "type": "LineString", "coordinates": [ [ -79.9504389, 40.4467146 ], [ -79.9504407, 40.4467383 ], [ -79.9504504, 40.4468094 ], [ -79.9504612, 40.4468885 ], [ -79.9504645, 40.4469133 ] ] } },
{ "type": "Feature", "properties": { "seg_id": "service-1082-00", "corridor": null, "walk_class": "service", "length_m": 16.66 }, "geometry": { "type": "LineString", "coordinates": [ [ -79.9503561, 40.4484598 ], [ -79.9504377, 40.4485963 ] ] } },
{ "type": "Feature", "properties": { "seg_id": "service-1083-00", "corridor": null, "walk_class": "service", "length_m": 9.26 }, "geometry": { "type": "LineString", "coordinates": [ [ -79.9504706, 40.4458906 ], [ -79.9503882, 40.445894 ], [ -79.9503616, 40.4458951 ] ] } },
{ "type": "Feature", "properties": { "seg_id": "service-1084-00", "corridor": null, "walk_class": "service", "length_m": 87.89 }, "geometry": { "type": "LineString", "coordinates": [ [ -79.9501849, 40.4401174 ], [ -79.9505495, 40.4398256 ], [ -79.950342117746402, 40.439471116948219 ] ] } },
{ "type": "Feature", "properties": { "seg_id": "service-1084-01", "corridor": null, "walk_class": "service", "length_m": 87.89 }, "geometry": { "type": "LineString", "coordinates": [ [ -79.950342117746402, 40.439471116948219 ], [ -79.9501979, 40.43922460000001 ], [ -79.9501943, 40.439470300000011 ], [ -79.950190277553574, 40.439746253708407 ] ] } },
{ "type": "Feature", "properties": { "seg_id": "service-1084-02", "corridor": null, "walk_class": "service", "length_m": 87.89 }, "geometry": { "type": "LineString", "coordinates": [ [ -79.950190277553574, 40.439746253708407 ], [ -79.950188, 40.4399025 ], [ -79.9501849, 40.4401174 ], [ -79.9500361, 40.4402768 ], [ -79.9499832, 40.4403334 ], [ -79.9501656, 40.4404017 ] ] } },
{ "type": "Feature", "properties": { "seg_id": "south-dithridge-street-1085-00", "corridor": "South Dithridge Street", "walk_class": "sidewalk", "length_m": 10.07 }, "geometry": { "type": "LineString", "coordinates": [ [ -79.9504537, 40.4451153 ], [ -79.950452, 40.4451252 ], [ -79.950449, 40.4451514 ], [ -79.9504438, 40.4451951 ], [ -79.9504498, 40.4452046 ] ] } },
{ "type": "Feature", "properties": { "seg_id": "service-1086-00", "corridor": null, "walk_class": "service", "length_m": 12.82 }, "geometry": { "type": "LineString", "coordinates": [ [ -79.9504161, 40.4455054 ], [ -79.9503366, 40.4455095 ], [ -79.9502653, 40.4455132 ] ] } },
{ "type": "Feature", "properties": { "seg_id": "sidewalk-1087-00", "corridor": null, "walk_class": "sidewalk", "length_m": 95.62 }, "geometry": { "type": "LineString", "coordinates": [ [ -79.9484261, 40.4432904 ], [ -79.948445100000015, 40.4433382 ], [ -79.9484646, 40.4433692 ], [ -79.949072, 40.443218 ], [ -79.9491697, 40.4432106 ], [ -79.9491909, 40.4432192 ], [ -79.9492446, 40.4432031 ], [ -79.9491938, 40.4430999 ], [ -79.949177774413258, 40.4430604667997 ] ] } },
{ "type": "Feature", "properties": { "seg_id": "sidewalk-1087-01", "corridor": null, "walk_class": "sidewalk", "length_m": 95.62 }, "geometry": { "type": "LineString", "coordinates": [ [ -79.949177774413258, 40.4430604667997 ], [ -79.94902860000002, 40.4426934 ], [ -79.9490378, 40.4426925 ], [ -79.9492634, 40.4426324 ], [ -79.9492978, 40.44260280000001 ], [ -79.9493966, 40.4425246 ], [ -79.949530065061595, 40.442429932101525 ] ] } },
{ "type": "Feature", "properties": { "seg_id": "sidewalk-1087-02", "corridor": null, "walk_class": "sidewalk", "length_m": 95.62 }, "geometry": { "type": "LineString", "coordinates": [ [ -79.949530065061595, 40.442429932101525 ], [ -79.9495717, 40.4424004 ], [ -79.9495963, 40.4423786 ], [ -79.949624, 40.442329 ], [ -79.9496388, 40.442303699999989 ], [ -79.9496645, 40.4422769 ], [ -79.94968440000001, 40.4422632 ], [ -79.9497122, 40.4422484 ], [ -79.9497571, 40.4422285 ], [ -79.9497803, 40.4422226 ], [ -79.9497986, 40.4422207 ], [ -79.9498274, 40.4422196 ], [ -79.9498632, 40.4422243 ], [ -79.9499072, 40.4422306 ], [ -79.9499459, 40.4422475 ], [ -79.949976, 40.4422658 ], [ -79.9499978, 40.4422768 ], [ -79.9500273, 40.44227930000001 ], [ -79.9501415, 40.4422525 ], [ -79.9502859, 40.4422144 ], [ -79.9503616, 40.442192499999983 ], [ -79.9503832, 40.4421828 ], [ -79.9504035, 40.4421708 ], [ -79.9504555, 40.4421301 ] ] } },
{ "type": "Feature", "properties": { "seg_id": "service-1088-00", "corridor": null, "walk_class": "service", "length_m": 12.53 }, "geometry": { "type": "LineString", "coordinates": [ [ -79.9503963, 40.445358699999986 ], [ -79.9503187, 40.4453641 ], [ -79.9502492, 40.4453689 ] ] } },
{ "type": "Feature", "properties": { "seg_id": "service-1089-00", "corridor": null, "walk_class": "service", "length_m": 68.53 }, "geometry": { "type": "LineString", "coordinates": [ [ -79.9502905, 40.4519998 ], [ -79.9497473, 40.4521583 ], [ -79.9496231, 40.4521956 ], [ -79.9495364, 40.4522216 ] ] } },
{ "type": "Feature", "properties": { "seg_id": "service-1090-00", "corridor": null, "walk_class": "service", "length_m": 79.24 }, "geometry": { "type": "LineString", "coordinates": [ [ -79.95028480000002, 40.4511292 ], [ -79.95023860000002, 40.4511428 ], [ -79.9497538, 40.4512854 ], [ -79.9498885, 40.4515449 ] ] } },
{ "type": "Feature", "properties": { "seg_id": "south-dithridge-street-1091-00", "corridor": "South Dithridge Street", "walk_class": "sidewalk", "length_m": 10.25 }, "geometry": { "type": "LineString", "coordinates": [ [ -79.9503554, 40.4457603 ], [ -79.950365, 40.4457507 ], [ -79.9503599, 40.4457134 ], [ -79.9503559, 40.4456848 ], [ -79.9503484, 40.445672 ] ] } },
{ "type": "Feature", "properties": { "seg_id": "service-1092-00", "corridor": null, "walk_class": "service", "length_m": 55.52 }, "geometry": { "type": "LineString", "coordinates": [ [ -79.9497317, 40.4481769 ], [ -79.9498064, 40.4481497 ], [ -79.9503244, 40.4479646 ] ] } },
{ "type": "Feature", "properties": { "seg_id": "filmore-street-1093-00", "corridor": "Filmore Street", "walk_class": "sidewalk", "length_m": 99.18 }, "geometry": { "type": "LineString", "coordinates": [ [ -79.9466743, 40.445486 ], [ -79.9467064, 40.4454803 ], [ -79.9476616, 40.445412 ], [ -79.947837634058232, 40.445397499829234 ] ] } },
{ "type": "Feature", "properties": { "seg_id": "filmore-street-1093-01", "corridor": "Filmore Street", "walk_class": "sidewalk", "length_m": 99.18 }, "geometry": { "type": "LineString", "coordinates": [ [ -79.947837634058232, 40.445397499829234 ], [ -79.9478522, 40.4453963 ], [ -79.9481489, 40.4453745 ], [ -79.9486969, 40.4453267 ], [ -79.948706, 40.4453336 ], [ -79.9487813, 40.4453286 ], [ -79.9488721, 40.4453203 ], [ -79.9488805, 40.4453147 ], [ -79.948994164355994, 40.445307065774124 ] ] } },
{ "type": "Feature", "properties": { "seg_id": "filmore-street-1093-02", "corridor": "Filmore Street", "walk_class": "sidewalk", "length_m": 99.18 }, "geometry": { "type": "LineString", "coordinates": [ [ -79.948994164355994, 40.445307065774124 ], [ -79.9494671, 40.445275299999984 ], [ -79.950159060305353, 40.445228887376068 ] ] } },
{ "type": "Feature", "properties": { "seg_id": "filmore-street-1093-03", "corridor": "South Dithridge Street", "walk_class": "sidewalk", "length_m": 99.18 }, "geometry": { "type": "LineString", "coordinates": [ [ -79.950159060305353, 40.445228887376068 ], [ -79.9502841, 40.4452205 ], [ -79.9502915, 40.4452208 ], [ -79.9502969, 40.4452217 ], [ -79.9503006, 40.445224 ], [ -79.9503019, 40.445227900000013 ], [ -79.9503187, 40.4453641 ], [ -79.9503366, 40.4455095 ], [ -79.9503553, 40.4456616 ], [ -79.9503509, 40.445668 ], [ -79.9503484, 40.445672 ], [ -79.9503415, 40.4456744 ], [ -79.95032740000002, 40.4456756 ], [ -79.949915695533647, 40.445706427341285 ] ] } },
{ "type": "Feature", "properties": { "seg_id": "filmore-street-1093-04", "corridor": "Winthrop Street", "walk_class": "sidewalk", "length_m": 99.18 }, "geometry": { "type": "LineString", "coordinates": [ [ -79.949915695533647, 40.445706427341285 ], [ -79.9495234, 40.4457358 ], [ -79.9489416, 40.4457793 ], [ -79.9489299, 40.4457756 ], [ -79.9488373, 40.445785099999988 ], [ -79.9487533, 40.4457924 ] ] } },
{ "type": "Feature", "properties": { "seg_id": "service-1094-00", "corridor": null, "walk_class": "service", "length_m": 55.25 }, "geometry": { "type": "LineString", "coordinates": [ [ -79.9501419, 40.449979 ], [ -79.9501107, 40.4499247 ], [ -79.9499982, 40.4497293 ], [ -79.9502661, 40.449636 ] ] } },
{ "type": "Feature", "properties": { "seg_id": "forbes-avenue-1095-00", "corridor": "Forbes Avenue", "walk_class": "sidewalk", "length_m": 76.65 }, "geometry": { "type": "LineString", "coordinates": [ [ -79.9503313, 40.4441265 ], [ -79.9502264, 40.4441524 ], [ -79.9501565, 40.4441687 ], [ -79.9501198, 40.4441778 ], [ -79.949632, 40.4442993 ], [ -79.949471393557431, 40.44433898991597 ] ] } },
{ "type": "Feature", "properties": { "seg_id": "forbes-avenue-1095-01", "corridor": "Forbes Avenue", "walk_class": "sidewalk", "length_m": 76.65 }, "geometry": { "type": "LineString", "coordinates": [ [ -79.949471393557431, 40.44433898991597 ], [ -79.9493277, 40.4443745 ], [ -79.9487659, 40.4445133 ], [ -79.9486858, 40.4445296 ], [ -79.9486093, 40.4445459 ] ] } },
{ "type": "Feature", "properties": { "seg_id": "service-1096-00", "corridor": null, "walk_class": "service", "length_m": 145.83 }, "geometry": { "type": "LineString", "coordinates": [ [ -79.9494402, 40.4447145 ], [ -79.9494691, 40.4450546 ], [ -79.9494765, 40.4450855 ], [ -79.9495163, 40.4450988 ], [ -79.9496721, 40.4450744 ], [ -79.949773, 40.4450662 ], [ -79.9501069, 40.4450513 ], [ -79.950134, 40.445037 ], [ -79.9501426, 40.4450136 ], [ -79.950086, 40.4448159 ], [ -79.950090700000018, 40.4447886 ], [ -79.9501212, 40.4447744 ], [ -79.9502528, 40.4447657 ], [ -79.9503124, 40.444758699999987 ] ] } },
{ "type": "Feature", "properties": { "seg_id": "south-dithridge-street-1097-00", "corridor": "South Dithridge Street", "walk_class": "sidewalk", "length_m": 118.13 }, "geometry": { "type": "LineString", "coordinates": [ [ -79.9503019, 40.445227900000013 ], [ -79.9503048, 40.4451688 ], [ -79.9503005, 40.4451255 ], [ -79.9502907, 40.4450469 ], [ -79.9502574, 40.4448081 ], [ -79.9502528, 40.4447657 ], [ -79.950246, 40.444722 ], [ -79.9502216, 40.4445203 ], [ -79.9502086, 40.4444046 ], [ -79.9501777, 40.4443 ], [ -79.9501198, 40.4441778 ] ] } },
{ "type": "Feature", "properties": { "seg_id": "service-1098-00", "corridor": null, "walk_class": "service", "length_m": 58.62 }, "geometry": { "type": "LineString", "coordinates": [ [ -79.950188, 40.4399025 ], [ -79.9503679, 40.439803699999985 ], [ -79.9501943, 40.439470300000011 ] ] } },
{ "type": "Feature", "properties": { "seg_id": "service-1099-00", "corridor": null, "walk_class": "service", "length_m": 77.61 }, "geometry": { "type": "LineString", "coordinates": [ [ -79.9501829, 40.4509315 ], [ -79.9501354, 40.4509455 ], [ -79.9496419, 40.45109140000001 ], [ -79.9495199, 40.450853 ] ] } },
{ "type": "Feature", "properties": { "seg_id": "service-1100-00", "corridor": null, "walk_class": "service", "length_m": 9.64 }, "geometry": { "type": "LineString", "coordinates": [ [ -79.9500663, 40.4507053 ], [ -79.9501444, 40.4506776 ], [ -79.9501694, 40.4506687 ] ] } },
{ "type": "Feature", "properties": { "seg_id": "service-1101-00", "corridor": null, "walk_class": "service", "length_m": 85.04 }, "geometry": { "type": "LineString", "coordinates": [ [ -79.9500602, 40.4468337 ], [ -79.95007, 40.4469346 ], [ -79.9500785, 40.4470228 ], [ -79.9500996, 40.4472402 ], [ -79.9501182, 40.4473173 ], [ -79.9501441, 40.447425 ], [ -79.9501587, 40.4474857 ], [ -79.950164, 40.447495 ], [ -79.9502156, 40.44758550000001 ] ] } },
{ "type": "Feature", "properties": { "seg_id": "sidewalk-1102-00", "corridor": null, "walk_class": "sidewalk", "length_m": 57.5 }, "geometry": { "type": "LineString", "coordinates": [ [ -79.9502156, 40.44758550000001 ], [ -79.95008, 40.4476541 ], [ -79.9499592, 40.4476904 ], [ -79.9496276, 40.4478407 ] ] } },
{ "type": "Feature", "properties": { "seg_id": "joncaire-street-1103-00", "corridor": "Joncaire Street", "walk_class": "sidewalk", "length_m": 25.42 }, "geometry": { "type": "LineString", "coordinates": [ [ -79.9502899, 40.4403797 ], [ -79.9502456, 40.4403494 ], [ -79.9502124, 40.4403308 ], [ -79.950161, 40.4402915 ], [ -79.9500361, 40.4402768 ] ] } },
{ "type": "Feature", "properties": { "seg_id": "sidewalk-1104-00", "corridor": null, "walk_class": "sidewalk", "length_m": 16.12 }, "geometry": { "type": "LineString", "coordinates": [ [ -79.950164, 40.447495 ], [ -79.9501075, 40.4474969 ], [ -79.9501019, 40.4474671 ], [ -79.9500968, 40.4474323 ], [ -79.9501441, 40.447425 ] ] } },
{ "type": "Feature", "properties": { "seg_id": "service-1105-00", "corridor": null, "walk_class": "service", "length_m": 9.43 }, "geometry": { "type": "LineString", "coordinates": [ [ -79.9500164, 40.4506086 ], [ -79.950093, 40.450579 ], [ -79.9501156, 40.4505703 ] ] } },
{ "type": "Feature", "properties": { "seg_id": "sidewalk-1106-00", "corridor": null, "walk_class": "sidewalk", "length_m": 9.36 }, "geometry": { "type": "LineString", "coordinates": [ [ -79.9501182, 40.4473173 ], [ -79.9500671, 40.4473249 ], [ -79.9500295, 40.4473265 ], [ -79.9500281, 40.4473108 ] ] } },
{ "type": "Feature", "properties": { "seg_id": "sidewalk-1107-00", "corridor": null, "walk_class": "sidewalk", "length_m": 1.62 }, "geometry": { "type": "LineString", "coordinates": [ [ -79.950083, 40.447469 ], [ -79.9501019, 40.4474671 ] ] } },
{ "type": "Feature", "properties": { "seg_id": "service-1108-00", "corridor": null, "walk_class": "service", "length_m": 35.67 }, "geometry": { "type": "LineString", "coordinates": [ [ -79.9500478, 40.4506695 ], [ -79.9499981, 40.450683 ], [ -79.9496515, 40.4507772 ] ] } },
{ "type": "Feature", "properties": { "seg_id": "fifth-avenue-1109-00", "corridor": null, "walk_class": "sidewalk", "length_m": 103.07 }, "geometry": { "type": "LineString", "coordinates": [ [ -79.9495368, 40.44749860000001 ], [ -79.949523, 40.4473689 ], [ -79.9494886, 40.4473597 ], [ -79.949465, 40.4473432 ], [ -79.9494503, 40.4473258 ], [ -79.9494342, 40.4472993 ], [ -79.949433, 40.4472655 ], [ -79.9494422, 40.4472258 ], [ -79.9494631, 40.4471968 ], [ -79.9494918, 40.4471806 ], [ -79.9494848, 40.4470802 ], [ -79.9495635, 40.4470515 ], [ -79.9496125, 40.4470488 ], [ -79.9497646, 40.4470403 ], [ -79.9500142, 40.4470264 ], [ -79.9500785, 40.4470228 ] ] } },
{ "type": "Feature", "properties": { "seg_id": "sidewalk-1110-00", "corridor": null, "walk_class": "sidewalk", "length_m": 16.69 }, "geometry": { "type": "LineString", "coordinates": [ [ -79.9500142, 40.4470264 ], [ -79.95002, 40.447176700000014 ] ] } },
{ "type": "Feature", "properties": { "seg_id": "service-1111-00", "corridor": null, "walk_class": "service", "length_m": 42.52 }, "geometry": { "type": "LineString", "coordinates": [ [ -79.9494754, 40.4520759 ], [ -79.9495608, 40.4520514 ], [ -79.9499449, 40.45194140000001 ] ] } },
{ "type": "Feature", "properties": { "seg_id": "service-1112-00", "corridor": null, "walk_class": "service", "length_m": 52.28 }, "geometry": { "type": "LineString", "coordinates": [ [ -79.9499643, 40.4500373 ], [ -79.9499338, 40.4499764 ], [ -79.949744, 40.4495974 ] ] } },
{ "type": "Feature", "properties": { "seg_id": "service-1113-00", "corridor": null, "walk_class": "service", "length_m": 42.61 }, "geometry": { "type": "LineString", "coordinates": [ [ -79.9497473, 40.4521583 ], [ -79.9498869, 40.452447 ], [ -79.9499214, 40.45251840000001 ] ] } },
{ "type": "Feature", "properties": { "seg_id": "sidewalk-1114-00", "corridor": null, "walk_class": "sidewalk", "length_m": 41.56 }, "geometry": { "type": "LineString", "coordinates": [ [ -79.9497986, 40.4422207 ], [ -79.9498135, 40.442194 ], [ -79.9498731, 40.4421198 ], [ -79.9499282, 40.442045 ], [ -79.9499422, 40.442017199999988 ], [ -79.9499546, 40.4419751 ], [ -79.9499628, 40.4419099 ], [ -79.9499606, 40.4418759 ] ] } },
{ "type": "Feature", "properties": { "seg_id": "service-1115-00", "corridor": null, "walk_class": "service", "length_m": 59.73 }, "geometry": { "type": "LineString", "coordinates": [ [ -79.9498869, 40.446292599999985 ], [ -79.9498248, 40.4457956 ], [ -79.9498188, 40.4457571 ] ] } },
{ "type": "Feature", "properties": { "seg_id": "service-1116-00", "corridor": null, "walk_class": "service", "length_m": 38.17 }, "geometry": { "type": "LineString", "coordinates": [ [ -79.9493193, 40.4517029 ], [ -79.9494001, 40.45168 ], [ -79.9497413, 40.45158330000001 ] ] } },
{ "type": "Feature", "properties": { "seg_id": "centre-avenue-1117-00", "corridor": "Centre Avenue", "walk_class": "street", "length_m": 110.99 }, "geometry": { "type": "LineString", "coordinates": [ [ -79.9497028, 40.4526673 ], [ -79.9496945, 40.452587 ], [ -79.9495766, 40.45262180000001 ], [ -79.9490784, 40.4527686 ], [ -79.9487898, 40.4528526 ], [ -79.948572079891122, 40.452918568792867 ] ] } },
{ "type": "Feature", "properties": { "seg_id": "centre-avenue-1117-01", "corridor": "Centre Avenue", "walk_class": "street", "length_m": 110.99 }, "geometry": { "type": "LineString", "coordinates": [ [ -79.948572079891122, 40.452918568792867 ], [ -79.9475868, 40.4532171 ], [ -79.9474413, 40.4532612 ], [ -79.9473554, 40.4532872 ] ] } },
{ "type": "Feature", "properties": { "seg_id": "steps-1118-00", "corridor": null, "walk_class": "steps", "length_m": 12.04 }, "geometry": { "type": "LineString", "coordinates": [ [ -79.9497672, 40.4470653 ], [ -79.9497646, 40.4470403 ], [ -79.9497578, 40.4469753 ], [ -79.9497559, 40.4469572 ] ] } },
{ "type": "Feature", "properties": { "seg_id": "service-1119-00", "corridor": null, "walk_class": "service", "length_m": 15.86 }, "geometry": { "type": "LineString", "coordinates": [ [ -79.9497956, 40.445208 ], [ -79.949773, 40.4450662 ] ] } },
{ "type": "Feature", "properties": { "seg_id": "sidewalk-1120-00", "corridor": null, "walk_class": "sidewalk", "length_m": 10.6 }, "geometry": { "type": "LineString", "coordinates": [ [ -79.949746, 40.446862 ], [ -79.9497559, 40.4469572 ] ] } },
{ "type": "Feature", "properties": { "seg_id": "bayard-street-1121-00", "corridor": "Centre Avenue", "walk_class": "sidewalk", "length_m": 102.39 }, "geometry": { "type": "LineString", "coordinates": [ [ -79.944412900000017, 40.4542486 ], [ -79.9444958, 40.4542297 ], [ -79.9445612, 40.4542147 ], [ -79.9445754, 40.4541943 ], [ -79.9452655, 40.453995 ], [ -79.945529590487226, 40.453913821327582 ] ] } },
{ "type": "Feature", "properties": { "seg_id": "bayard-street-1121-01", "corridor": "Centre Avenue", "walk_class": "sidewalk", "length_m": 102.39 }, "geometry": { "type": "LineString", "coordinates": [ [ -79.945529590487226, 40.453913821327582 ], [ -79.9459054, 40.4537983 ], [ -79.946036, 40.4537593 ], [ -79.9460807, 40.4537469 ], [ -79.9461049, 40.4537396 ], [ -79.9465868, 40.4535986 ], [ -79.946654532267061, 40.453578751500707 ] ] } },
{ "type": "Feature", "properties": { "seg_id": "bayard-street-1121-02", "corridor": "Centre Avenue", "walk_class": "sidewalk", "length_m": 102.39 }, "geometry": { "type": "LineString", "coordinates": [ [ -79.946654532267061, 40.453578751500707 ], [ -79.9472901, 40.453392499999985 ], [ -79.9473788, 40.453367699999987 ], [ -79.9474806, 40.453337 ], [ -79.947619, 40.4532856 ], [ -79.947775953087202, 40.453237825258967 ] ] } },
{ "type": "Feature", "properties": { "seg_id": "bayard-street-1121-03", "corridor": "Centre Avenue", "walk_class": "sidewalk", "length_m": 102.39 }, "geometry": { "type": "LineString", "coordinates": [ [ -79.947775953087202, 40.453237825258967 ], [ -79.9482202, 40.4531026 ], [ -79.9488261, 40.4529297 ], [ -79.948902657156594, 40.45290630239235 ] ] } },
{ "type": "Feature", "properties": { "seg_id": "bayard-street-1121-04", "corridor": "Centre Avenue", "walk_class": "sidewalk", "length_m": 102.39 }, "geometry": { "type": "LineString", "coordinates": [ [ -79.948902657156594, 40.45290630239235 ], [ -79.949030600000015, 40.4528672 ], [ -79.9490588, 40.4528598 ], [ -79.949113800000021, 40.4528431 ], [ -79.9495611, 40.4527036 ], [ -79.9495766, 40.45262180000001 ], [ -79.9495894, 40.4525407 ], [ -79.949595, 40.4525232 ], [ -79.949511844141213, 40.452335980207295 ] ] } },
{ "type": "Feature", "properties": { "seg_id": "bayard-street-1121-05", "corridor": "North Neville Street", "walk_class": "sidewalk", "length_m": 102.39 }, "geometry": { "type": "LineString", "coordinates": [ [ -79.949511844141213, 40.452335980207295 ], [ -79.9491667, 40.4515589 ], [ -79.9491633, 40.4515518 ], [ -79.9491498, 40.4515191 ], [ -79.9491311, 40.4514732 ], [ -79.949123993462962, 40.451462631304082 ] ] } },
{ "type": "Feature", "properties": { "seg_id": "bayard-street-1121-06", "corridor": "North Neville Street", "walk_class": "sidewalk", "length_m": 102.39 }, "geometry": { "type": "LineString", "coordinates": [ [ -79.949123993462962, 40.451462631304082 ], [ -79.9491233, 40.4514616 ], [ -79.9489322, 40.4510224 ], [ -79.9488257, 40.4507775 ], [ -79.948742962059058, 40.450587385183901 ] ] } },
{ "type": "Feature", "properties": { "seg_id": "bayard-street-1121-07", "corridor": "Bayard Street", "walk_class": "sidewalk", "length_m": 102.39 }, "geometry": { "type": "LineString", "coordinates": [ [ -79.948742962059058, 40.450587385183901 ], [ -79.9487122, 40.4505167 ], [ -79.9487001, 40.450496 ], [ -79.9486849, 40.4504895 ], [ -79.947694749754334, 40.45078457274878 ] ] } },
{ "type": "Feature", "properties": { "seg_id": "bayard-street-1121-08", "corridor": "Bayard Street", "walk_class": "sidewalk", "length_m": 102.39 }, "geometry": { "type": "LineString", "coordinates": [ [ -79.947694749754334, 40.45078457274878 ], [ -79.946569874193941, 40.451119781207645 ] ] } },
{ "type": "Feature", "properties": { "seg_id": "bayard-street-1121-09", "corridor": "Bayard Street", "walk_class": "sidewalk", "length_m": 102.39 }, "geometry": { "type": "LineString", "coordinates": [ [ -79.946569874193941, 40.451119781207645 ], [ -79.9456701, 40.4513879 ], [ -79.9455312, 40.4514242 ], [ -79.9455237, 40.4514305 ], [ -79.9455015, 40.4514337 ], [ -79.945444211265695, 40.451449903771099 ] ] } },
{ "type": "Feature", "properties": { "seg_id": "bayard-street-1121-10", "corridor": "Bayard Street", "walk_class": "sidewalk", "length_m": 102.39 }, "geometry": { "type": "LineString", "coordinates": [ [ -79.945444211265695, 40.451449903771099 ], [ -79.94543680000001, 40.451452 ], [ -79.9453927, 40.4514644 ], [ -79.9453686, 40.451475 ], [ -79.9453538, 40.4514728 ], [ -79.9446594, 40.4516138 ], [ -79.9446375, 40.4516178 ], [ -79.9445705, 40.4516299 ], [ -79.9445197, 40.4516398 ], [ -79.944280605196539, 40.451688225216742 ] ] } },
{ "type": "Feature", "properties": { "seg_id": "bayard-street-1121-11", "corridor": "Bayard Street", "walk_class": "sidewalk", "length_m": 102.39 }, "geometry": { "type": "LineString", "coordinates": [ [ -79.944280605196539, 40.451688225216742 ], [ -79.9434769, 40.451851 ], [ -79.9434545, 40.4518558 ], [ -79.9434347, 40.4518563 ], [ -79.9433699, 40.4518702 ], [ -79.9433228, 40.4518802 ], [ -79.9433115, 40.4518823 ], [ -79.9431143, 40.4519253 ] ] } },
{ "type": "Feature", "properties": { "seg_id": "service-1122-00", "corridor": null, "walk_class": "service", "length_m": 51.7 }, "geometry": { "type": "LineString", "coordinates": [ [ -79.9490586, 40.4481735 ], [ -79.9495439, 40.4480305 ], [ -79.9496274, 40.4480059 ] ] } },
{ "type": "Feature", "properties": { "seg_id": "service-1123-00", "corridor": null, "walk_class": "service", "length_m": 97.79 }, "geometry": { "type": "LineString", "coordinates": [ [ -79.9496721, 40.4450744 ], [ -79.9495875, 40.4444934 ], [ -79.9496247, 40.4444161 ], [ -79.949632, 40.4442993 ], [ -79.9496335, 40.4442756 ], [ -79.9496381, 40.4442024 ] ] } },
{ "type": "Feature", "properties": { "seg_id": "service-1124-00", "corridor": null, "walk_class": "service", "length_m": 7.82 }, "geometry": { "type": "LineString", "coordinates": [ [ -79.9496276, 40.4478407 ], [ -79.9495451, 40.447872199999985 ] ] } },
{ "type": "Feature", "properties": { "seg_id": "sidewalk-1125-00", "corridor": null, "walk_class": "sidewalk", "length_m": 52.36 }, "geometry": { "type": "LineString", "coordinates": [ [ -79.9495854, 40.446304899999987 ], [ -79.9496343, 40.4467751 ] ] } },
{ "type": "Feature", "properties": { "seg_id": "sidewalk-1126-00", "corridor": null, "walk_class": "sidewalk", "length_m": 9.16 }, "geometry": { "type": "LineString", "coordinates": [ [ -79.9495214, 40.4430639 ], [ -79.9496249, 40.4430402 ] ] } },
{ "type": "Feature", "properties": { "seg_id": "sidewalk-1127-00", "corridor": null, "walk_class": "sidewalk", "length_m": 1.3 }, "geometry": { "type": "LineString", "coordinates": [ [ -79.9495368, 40.44749860000001 ], [ -79.9495521, 40.4474974 ] ] } },
{ "type": "Feature", "properties": { "seg_id": "enfield-street-1128-00", "corridor": "Enfield Street", "walk_class": "street", "length_m": 78.57 }, "geometry": { "type": "LineString", "coordinates": [ [ -79.9494446, 40.4541444 ], [ -79.9494443, 40.4540724 ], [ -79.9494364, 40.454013 ], [ -79.949352386437269, 40.453440475902497 ] ] } },
{ "type": "Feature", "properties": { "seg_id": "enfield-street-1128-01", "corridor": "Enfield Street", "walk_class": "street", "length_m": 78.57 }, "geometry": { "type": "LineString", "coordinates": [ [ -79.949352386437269, 40.453440475902497 ], [ -79.9493274, 40.4532702 ], [ -79.9492432, 40.4531059 ], [ -79.949113800000021, 40.4528431 ], [ -79.9490784, 40.4527686 ] ] } },
{ "type": "Feature", "properties": { "seg_id": "steps-1129-00", "corridor": null, "walk_class": "steps", "length_m": 9.58 }, "geometry": { "type": "LineString", "coordinates": [ [ -79.9494247, 40.4475094 ], [ -79.9495054, 40.4475013 ], [ -79.9495368, 40.44749860000001 ] ] } },
{ "type": "Feature", "properties": { "seg_id": "service-1130-00", "corridor": null, "walk_class": "service", "length_m": 111.9 }, "geometry": { "type": "LineString", "coordinates": [ [ -79.9483803, 40.4438262 ], [ -79.9483305, 40.4437567 ], [ -79.9482864, 40.443669 ], [ -79.9482489, 40.4435628 ], [ -79.9482581, 40.4434586 ], [ -79.9483225, 40.4433566 ], [ -79.9484261, 40.4432904 ], [ -79.9484482, 40.443276299999987 ], [ -79.9485406, 40.4432544 ], [ -79.948925767393945, 40.443163297714655 ] ] } },
{ "type": "Feature", "properties": { "seg_id": "service-1130-01", "corridor": null, "walk_class": "service", "length_m": 111.9 }, "geometry": { "type": "LineString", "coordinates": [ [ -79.948925767393945, 40.443163297714655 ], [ -79.9491938, 40.4430999 ], [ -79.9492485, 40.443085699999983 ], [ -79.9494803, 40.44302230000001 ], [ -79.9495019, 40.4430197 ], [ -79.9495117, 40.4430365 ], [ -79.9495214, 40.4430639 ], [ -79.9495682, 40.4431635 ], [ -79.9495719, 40.4431783 ], [ -79.9495517, 40.4431903 ], [ -79.9493408, 40.443242 ], [ -79.9493195, 40.4432453 ], [ -79.9492992, 40.4432316 ], [ -79.9492485, 40.443085699999983 ] ] } },
{ "type": "Feature", "properties": { "seg_id": "service-1131-00", "corridor": null, "walk_class": "service", "length_m": 58.82 }, "geometry": { "type": "LineString", "coordinates": [ [ -79.9494772, 40.446314 ], [ -79.9494254, 40.4458257 ], [ -79.9494177, 40.4457862 ] ] } },
{ "type": "Feature", "properties": { "seg_id": "service-1132-00", "corridor": null, "walk_class": "service", "length_m": 29.34 }, "geometry": { "type": "LineString", "coordinates": [ [ -79.9493753, 40.4502067 ], [ -79.9493451, 40.4501487 ], [ -79.9492474, 40.4499611 ] ] } },
{ "type": "Feature", "properties": { "seg_id": "service-1133-00", "corridor": null, "walk_class": "service", "length_m": 38.19 }, "geometry": { "type": "LineString", "coordinates": [ [ -79.9492892, 40.4442898 ], [ -79.9493177, 40.4443526 ], [ -79.9493277, 40.4443745 ], [ -79.9494371, 40.4446147 ] ] } },
{ "type": "Feature", "properties": { "seg_id": "service-1134-00", "corridor": null, "walk_class": "service", "length_m": 75.18 }, "geometry": { "type": "LineString", "coordinates": [ [ -79.9493664, 40.4475776 ], [ -79.949282, 40.4476037 ], [ -79.948544564741368, 40.447831425074206 ] ] } },
{ "type": "Feature", "properties": { "seg_id": "service-1134-01", "corridor": null, "walk_class": "service", "length_m": 75.18 }, "geometry": { "type": "LineString", "coordinates": [ [ -79.948544564741368, 40.447831425074206 ], [ -79.9478063, 40.4480594 ], [ -79.9477227, 40.4480852 ] ] } },
{ "type": "Feature", "properties": { "seg_id": "service-1135-00", "corridor": null, "walk_class": "service", "length_m": 62.05 }, "geometry": { "type": "LineString", "coordinates": [ [ -79.9487898, 40.4528526 ], [ -79.9488261, 40.4529297 ], [ -79.9489254, 40.4531404 ], [ -79.9489949, 40.45315870000001 ], [ -79.9492432, 40.4531059 ] ] } },
{ "type": "Feature", "properties": { "seg_id": "sidewalk-1136-00", "corridor": null, "walk_class": "sidewalk", "length_m": 28.03 }, "geometry": { "type": "LineString", "coordinates": [ [ -79.9493966, 40.4425246 ], [ -79.949385, 40.442521 ], [ -79.9493544, 40.4425119 ], [ -79.9490851, 40.4424402 ] ] } },
{ "type": "Feature", "properties": { "seg_id": "service-1137-00", "corridor": null, "walk_class": "service", "length_m": 101.57 }, "geometry": { "type": "LineString", "coordinates": [ [ -79.9474559, 40.4375566 ], [ -79.9475572, 40.437563 ], [ -79.9476764, 40.4375688 ], [ -79.9477941, 40.4375712 ], [ -79.9478925, 40.4375675 ], [ -79.948051, 40.4375968 ], [ -79.9481974, 40.437637 ], [ -79.9483486, 40.4376808 ], [ -79.9484398, 40.4377232 ], [ -79.9484735, 40.4377418 ], [ -79.9485432, 40.4377396 ], [ -79.948600665835144, 40.437756863732616 ] ] } },
{ "type": "Feature", "properties": { "seg_id": "service-1137-01", "corridor": null, "walk_class": "service", "length_m": 101.57 }, "geometry": { "type": "LineString", "coordinates": [ [ -79.948600665835144, 40.437756863732616 ], [ -79.9486151, 40.4377612 ], [ -79.9487303, 40.4378306 ], [ -79.9487912, 40.4378662 ], [ -79.948848, 40.4379092 ], [ -79.9488672, 40.437964 ], [ -79.9488774, 40.438018099999987 ], [ -79.9488724, 40.4380628 ], [ -79.9488976, 40.4380996 ], [ -79.9489519, 40.4381702 ], [ -79.9490472, 40.438271 ], [ -79.9491745, 40.4383879 ], [ -79.949258377459756, 40.438483733690994 ] ] } },
{ "type": "Feature", "properties": { "seg_id": "service-1137-02", "corridor": null, "walk_class": "service", "length_m": 101.57 }, "geometry": { "type": "LineString", "coordinates": [ [ -79.949258377459756, 40.438483733690994 ], [ -79.9492657, 40.4384921 ], [ -79.9493741, 40.4386263 ], [ -79.9494222, 40.4387264 ], [ -79.9494259, 40.4388248 ], [ -79.9494316, 40.4389031 ], [ -79.9494097, 40.4389815 ], [ -79.9493916, 40.4390599 ], [ -79.9493405, 40.4391605 ], [ -79.9492946, 40.4392242 ], [ -79.9492383, 40.4392894 ], [ -79.949203607148576, 40.439326051703084 ] ] } },
{ "type": "Feature", "properties": { "seg_id": "service-1137-03", "corridor": null, "walk_class": "service", "length_m": 101.57 }, "geometry": { "type": "LineString", "coordinates": [ [ -79.949203607148576, 40.439326051703084 ], [ -79.9491586, 40.439373599999989 ], [ -79.949082, 40.43946230000001 ], [ -79.9489973, 40.4395944 ], [ -79.9489345, 40.4397549 ], [ -79.9488881, 40.4399556 ], [ -79.9488454, 40.4400856 ], [ -79.948799311621116, 40.440176627522071 ] ] } },
{ "type": "Feature", "properties": { "seg_id": "service-1137-04", "corridor": null, "walk_class": "service", "length_m": 101.57 }, "geometry": { "type": "LineString", "coordinates": [ [ -79.948799311621116, 40.440176627522071 ], [ -79.9487652, 40.440244 ], [ -79.9485668, 40.4404685 ], [ -79.9483482, 40.440662 ], [ -79.9483142, 40.4406941 ], [ -79.9482721, 40.4407223 ], [ -79.9481911, 40.440788899999987 ], [ -79.9480705, 40.440896 ] ] } },
{ "type": "Feature", "properties": { "seg_id": "service-1138-00", "corridor": null, "walk_class": "service", "length_m": 72.22 }, "geometry": { "type": "LineString", "coordinates": [ [ -79.9492636, 40.447408 ], [ -79.9491783, 40.4474329 ], [ -79.9486884, 40.4475758 ], [ -79.9484611, 40.447624 ] ] } },
{ "type": "Feature", "properties": { "seg_id": "sidewalk-1139-00", "corridor": null, "walk_class": "sidewalk", "length_m": 44.89 }, "geometry": { "type": "LineString", "coordinates": [ [ -79.9489056, 40.4363963 ], [ -79.9491272, 40.4363574 ], [ -79.949196, 40.4363506 ], [ -79.9492599, 40.4363511 ], [ -79.9493121, 40.436363299999989 ], [ -79.9493659, 40.4363674 ], [ -79.9494245, 40.4363579 ] ] } },
{ "type": "Feature", "properties": { "seg_id": "wallingford-street-1140-00", "corridor": "Wallingford Street", "walk_class": "sidewalk", "length_m": 94.44 }, "geometry": { "type": "LineString", "coordinates": [ [ -79.9491667, 40.4515589 ], [ -79.948130286877443, 40.451870238945375 ] ] } },
{ "type": "Feature", "properties": { "seg_id": "wallingford-street-1140-01", "corridor": "Wallingford Street", "walk_class": "sidewalk", "length_m": 94.44 }, "geometry": { "type": "LineString", "coordinates": [ [ -79.948130286877443, 40.451870238945375 ], [ -79.947093864355949, 40.452181568460105 ] ] } },
{ "type": "Feature", "properties": { "seg_id": "wallingford-street-1140-02", "corridor": "Wallingford Street", "walk_class": "sidewalk", "length_m": 94.44 }, "geometry": { "type": "LineString", "coordinates": [ [ -79.947093864355949, 40.452181568460105 ], [ -79.946057432435808, 40.452492888543915 ] ] } },
{ "type": "Feature", "properties": { "seg_id": "wallingford-street-1140-03", "corridor": "Wallingford Street", "walk_class": "sidewalk", "length_m": 94.44 }, "geometry": { "type": "LineString", "coordinates": [ [ -79.946057432435808, 40.452492888543915 ], [ -79.9459988, 40.45251050000001 ], [ -79.945991, 40.4525156 ], [ -79.9459711, 40.4525186 ], [ -79.9459092, 40.45253730000001 ], [ -79.9458609, 40.4525519 ], [ -79.945847, 40.4525593 ], [ -79.945021984435911, 40.452803276775334 ] ] } },
{ "type": "Feature", "properties": { "seg_id": "wallingford-street-1140-04", "corridor": "Wallingford Street", "walk_class": "sidewalk", "length_m": 94.44 }, "geometry": { "type": "LineString", "coordinates": [ [ -79.945021984435911, 40.452803276775334 ], [ -79.9439834, 40.4531104 ] ] } },
{ "type": "Feature", "properties": { "seg_id": "north-craig-street-1141-00", "corridor": "North Craig Street", "walk_class": "sidewalk", "length_m": 25.07 }, "geometry": { "type": "LineString", "coordinates": [ [ -79.9491216, 40.4468331 ], [ -79.9491173, 40.4468474 ], [ -79.9491459, 40.4469234 ], [ -79.9491855, 40.4470286 ], [ -79.9492118, 40.447039 ] ] } },
{ "type": "Feature", "properties": { "seg_id": "wallingford-street-1142-00", "corridor": "Wallingford Street", "walk_class": "sidewalk", "length_m": 107.31 }, "geometry": { "type": "LineString", "coordinates": [ [ -79.9491233, 40.4514616 ], [ -79.947944776116557, 40.451813627819284 ] ] } },
{ "type": "Feature", "properties": { "seg_id": "wallingford-street-1142-01", "corridor": "Wallingford Street", "walk_class": "sidewalk", "length_m": 107.31 }, "geometry": { "type": "LineString", "coordinates": [ [ -79.947944776116557, 40.451813627819284 ], [ -79.94676624015041, 40.452165643445497 ] ] } },
{ "type": "Feature", "properties": { "seg_id": "wallingford-street-1142-02", "corridor": "Wallingford Street", "walk_class": "sidewalk", "length_m": 107.31 }, "geometry": { "type": "LineString", "coordinates": [ [ -79.94676624015041, 40.452165643445497 ], [ -79.9459605, 40.452406299999979 ], [ -79.945951, 40.4524039 ], [ -79.9459415, 40.4523991 ], [ -79.945911400000014, 40.4523309 ], [ -79.945822003324011, 40.452124431253374 ] ] } },
{ "type": "Feature", "properties": { "seg_id": "wallingford-street-1142-03", "corridor": "Devonshire Street", "walk_class": "sidewalk", "length_m": 107.31 }, "geometry": { "type": "LineString", "coordinates": [ [ -79.945822003324011, 40.452124431253374 ], [ -79.9455251, 40.4514387 ], [ -79.9455237, 40.4514305 ], [ -79.9455168, 40.4514147 ], [ -79.945494, 40.4513636 ], [ -79.9454747, 40.4513203 ], [ -79.9454663, 40.4513012 ], [ -79.9454547, 40.45129630000001 ], [ -79.9454177, 40.4512114 ] ] } },
{ "type": "Feature", "properties": { "seg_id": "fifth-avenue-1143-00", "corridor": "Fifth Avenue", "walk_class": "sidewalk", "length_m": 21.17 }, "geometry": { "type": "LineString", "coordinates": [ [ -79.948944, 40.447074399999984 ], [ -79.948966, 40.4470656 ], [ -79.9490486, 40.44705170000001 ], [ -79.9491855, 40.4470286 ] ] } },
{ "type": "Feature", "properties": { "seg_id": "service-1144-00", "corridor": null, "walk_class": "service", "length_m": 73.56 }, "geometry": { "type": "LineString", "coordinates": [ [ -79.9485919, 40.450059 ], [ -79.9486795, 40.4500326 ], [ -79.949118200000015, 40.44990030000001 ], [ -79.9490224, 40.4496818 ] ] } },
{ "type": "Feature", "properties": { "seg_id": "service-1145-00", "corridor": null, "walk_class": "service", "length_m": 88.44 }, "geometry": { "type": "LineString", "coordinates": [ [ -79.9482456, 40.4492771 ], [ -79.9483336, 40.4492514 ], [ -79.9490932, 40.4490301 ], [ -79.949044462920469, 40.448933344836085 ] ] } },
{ "type": "Feature", "properties": { "seg_id": "service-1145-01", "corridor": null, "walk_class": "service", "length_m": 88.44 }, "geometry": { "type": "LineString", "coordinates": [ [ -79.949044462920469, 40.448933344836085 ], [ -79.9489915, 40.4488282 ], [ -79.9482425, 40.4490457 ], [ -79.9481545, 40.4490712 ] ] } },
{ "type": "Feature", "properties": { "seg_id": "service-1146-00", "corridor": null, "walk_class": "service", "length_m": 16.88 }, "geometry": { "type": "LineString", "coordinates": [ [ -79.9490145, 40.4416448 ], [ -79.9490861, 40.4416415 ], [ -79.9491544, 40.4416378 ], [ -79.9491985, 40.441608 ] ] } },
{ "type": "Feature", "properties": { "seg_id": "fifth-avenue-1147-00", "corridor": "Fifth Avenue", "walk_class": "sidewalk", "length_m": 19.54 }, "geometry": { "type": "LineString", "coordinates": [ [ -79.9490801, 40.4468184 ], [ -79.9490669, 40.446826 ], [ -79.948969100000014, 40.4468351 ], [ -79.9488819, 40.4468431 ], [ -79.948856600000013, 40.4468349 ] ] } },
{ "type": "Feature", "properties": { "seg_id": "service-1148-00", "corridor": null, "walk_class": "service", "length_m": 75.88 }, "geometry": { "type": "LineString", "coordinates": [ [ -79.9486916, 40.4541954 ], [ -79.9486763, 40.4541419 ], [ -79.9485788, 40.4538297 ], [ -79.9487677, 40.45379410000001 ], [ -79.9488187, 40.4537845 ], [ -79.94897, 40.4537559 ] ] } },
{ "type": "Feature", "properties": { "seg_id": "service-1149-00", "corridor": null, "walk_class": "service", "length_m": 74.35 }, "geometry": { "type": "LineString", "coordinates": [ [ -79.9481779, 40.4512036 ], [ -79.9484971, 40.451144 ], [ -79.9488742, 40.4510386 ], [ -79.9489322, 40.4510224 ], [ -79.9490118, 40.4510001 ] ] } },
{ "type": "Feature", "properties": { "seg_id": "service-1150-00", "corridor": null, "walk_class": "service", "length_m": 42.09 }, "geometry": { "type": "LineString", "coordinates": [ [ -79.9489313, 40.4541538 ], [ -79.9489166, 40.454101 ], [ -79.9489114, 40.4540829 ], [ -79.948834500000018, 40.4538356 ], [ -79.9488187, 40.4537845 ] ] } },
{ "type": "Feature", "properties": { "seg_id": "service-1151-00", "corridor": null, "walk_class": "service", "length_m": 7.61 }, "geometry": { "type": "LineString", "coordinates": [ [ -79.9488983, 40.4541595 ], [ -79.9489183, 40.4542263 ] ] } },
{ "type": "Feature", "properties": { "seg_id": "service-1152-00", "corridor": null, "walk_class": "service", "length_m": 101.49 }, "geometry": { "type": "LineString", "coordinates": [ [ -79.9478883, 40.4484646 ], [ -79.9479744, 40.4484401 ], [ -79.9490099, 40.4481458 ] ] } },
{ "type": "Feature", "properties": { "seg_id": "hollow-run-trail-1153-00", "corridor": null, "walk_class": "sidewalk", "length_m": 96.26 }, "geometry": { "type": "LineString", "coordinates": [ [ -79.9467865, 40.43708560000001 ], [ -79.9468704, 40.4371383 ], [ -79.9469496, 40.4371706 ], [ -79.9470078, 40.437177200000015 ], [ -79.9470642, 40.4371757 ], [ -79.947144, 40.4371712 ], [ -79.9472803, 40.4371894 ], [ -79.9474413, 40.4372003 ], [ -79.9475434, 40.4371936 ], [ -79.9476365, 40.4371835 ], [ -79.9478244, 40.4371521 ], [ -79.947876330054854, 40.437147278287995 ] ] } },
{ "type": "Feature", "properties": { "seg_id": "hollow-run-trail-1153-01", "corridor": null, "walk_class": "sidewalk", "length_m": 96.26 }, "geometry": { "type": "LineString", "coordinates": [ [ -79.947876330054854, 40.437147278287995 ], [ -79.9480538, 40.4371308 ], [ -79.9482078, 40.437136300000013 ], [ -79.9483533, 40.4371517 ], [ -79.9484997, 40.4371797 ], [ -79.9486437, 40.4372125 ], [ -79.9487855, 40.4372598 ], [ -79.9488807, 40.4372811 ], [ -79.9489745, 40.437273799999979 ], [ -79.948979639295459, 40.437272069220157 ] ] } },
{ "type": "Feature", "properties": { "seg_id": "hollow-run-trail-1153-02", "corridor": null, "walk_class": "sidewalk", "length_m": 96.26 }, "geometry": { "type": "LineString", "coordinates": [ [ -79.948979639295459, 40.437272069220157 ], [ -79.949052, 40.4372477 ], [ -79.9491221, 40.4371879 ], [ -79.9491519, 40.437094 ], [ -79.9491269, 40.436974599999985 ], [ -79.949119, 40.4368981 ], [ -79.949126, 40.4368125 ], [ -79.9491495, 40.4366874 ], [ -79.9491492, 40.436578400000016 ], [ -79.9491093, 40.4365058 ], [ -79.949077094220755, 40.436484966099357 ] ] } },
{ "type": "Feature", "properties": { "seg_id": "hollow-run-trail-1153-03", "corridor": null, "walk_class": "sidewalk", "length_m": 96.26 }, "geometry": { "type": "LineString", "coordinates": [ [ -79.949077094220755, 40.436484966099357 ], [ -79.948998, 40.4364338 ], [ -79.9489056, 40.4363963 ], [ -79.9488623, 40.4364078 ], [ -79.9488091, 40.4364186 ], [ -79.9487232, 40.4364382 ], [ -79.9486631, 40.4364448 ], [ -79.9485601, 40.4364709 ], [ -79.9484142, 40.4365115 ], [ -79.948207200000013, 40.436548 ], [ -79.9480607, 40.4365509 ], [ -79.948008326323645, 40.436547790114041 ] ] } },
{ "type": "Feature", "properties": { "seg_id": "hollow-run-trail-1153-04", "corridor": null, "walk_class": "sidewalk", "length_m": 96.26 }, "geometry": { "type": "LineString", "coordinates": [ [ -79.948008326323645, 40.436547790114041 ], [ -79.9479125, 40.436542100000011 ], [ -79.9476774, 40.43653470000001 ], [ -79.9476475, 40.4365507 ], [ -79.9475817, 40.436582 ], [ -79.9475216, 40.4366081 ], [ -79.9474358, 40.4366408 ], [ -79.9473671, 40.436673399999989 ], [ -79.9472984, 40.4367061 ], [ -79.9472298, 40.4367322 ], [ -79.9471354, 40.4367453 ], [ -79.9470581, 40.4367714 ], [ -79.9469706, 40.4367909 ], [ -79.946957466752224, 40.436795308239638 ] ] } },
{ "type": "Feature", "properties": { "seg_id": "hollow-run-trail-1153-05", "corridor": null, "walk_class": "sidewalk", "length_m": 96.26 }, "geometry": { "type": "LineString", "coordinates": [ [ -79.946957466752224, 40.436795308239638 ], [ -79.9468988, 40.436815 ], [ -79.9468488, 40.436833 ], [ -79.946813, 40.4368546 ], [ -79.9468156, 40.4368686 ], [ -79.9467978, 40.4369114 ], [ -79.9468071, 40.4369989 ], [ -79.9467865, 40.43708560000001 ], [ -79.946733600000016, 40.4371153 ], [ -79.9466538, 40.437119299999985 ], [ -79.9465997, 40.4371305 ], [ -79.9465475, 40.4371538 ], [ -79.9464811, 40.43721570000001 ], [ -79.9464355, 40.4372508 ], [ -79.9463593, 40.437285099999983 ], [ -79.9463213, 40.4373073 ], [ -79.9463141, 40.4373733 ], [ -79.946312739564078, 40.437379188607146 ] ] } },
{ "type": "Feature", "properties": { "seg_id": "hollow-run-trail-1153-06", "corridor": null, "walk_class": "sidewalk", "length_m": 96.26 }, "geometry": { "type": "LineString", "coordinates": [ [ -79.946312739564078, 40.437379188607146 ], [ -79.9463004, 40.4374326 ], [ -79.9462733, 40.4375333 ], [ -79.9462395, 40.4376329 ], [ -79.9462, 40.4377062 ], [ -79.9461225, 40.4377431 ], [ -79.9460337, 40.4377889 ], [ -79.9459259, 40.4378154 ], [ -79.9456433, 40.437968 ], [ -79.9456162, 40.4379826 ] ] } },
{ "type": "Feature", "properties": { "seg_id": "service-1154-00", "corridor": null, "walk_class": "service", "length_m": 107.26 }, "geometry": { "type": "LineString", "coordinates": [ [ -79.9485406, 40.4432544 ], [ -79.9484587, 40.443089 ], [ -79.9490132, 40.4429388 ], [ -79.9489448, 40.442782099999988 ], [ -79.948727586704848, 40.442836707738707 ] ] } },
{ "type": "Feature", "properties": { "seg_id": "service-1154-01", "corridor": null, "walk_class": "service", "length_m": 107.26 }, "geometry": { "type": "LineString", "coordinates": [ [ -79.948727586704848, 40.442836707738707 ], [ -79.9483732, 40.4429258 ], [ -79.9483074, 40.4427716 ], [ -79.948863, 40.4426264 ], [ -79.9488919, 40.4426932 ] ] } },
{ "type": "Feature", "properties": { "seg_id": "service-1155-00", "corridor": null, "walk_class": "service", "length_m": 41.57 }, "geometry": { "type": "LineString", "coordinates": [ [ -79.9488742, 40.4510386 ], [ -79.9487864, 40.4509666 ], [ -79.948759, 40.45091 ], [ -79.9487649, 40.450867599999988 ], [ -79.9487844, 40.4508155 ], [ -79.9488257, 40.4507775 ], [ -79.9488451, 40.4507597 ], [ -79.9488915, 40.4507298 ] ] } },
{ "type": "Feature", "properties": { "seg_id": "bayard-street-1156-00", "corridor": "Bayard Street", "walk_class": "sidewalk", "length_m": 17.21 }, "geometry": { "type": "LineString", "coordinates": [ [ -79.948886, 40.4504556 ], [ -79.9488426, 40.4504481 ], [ -79.9487805, 40.4504785 ], [ -79.9487122, 40.4505167 ] ] } },
{ "type": "Feature", "properties": { "seg_id": "south-craig-street-1157-00", "corridor": "South Craig Street", "walk_class": "sidewalk", "length_m": 22.49 }, "geometry": { "type": "LineString", "coordinates": [ [ -79.9488212, 40.4468651 ], [ -79.9488287, 40.4468886 ], [ -79.9488526, 40.4469656 ], [ -79.948879100000013, 40.4470514 ], [ -79.9488829, 40.447062099999989 ] ] } },
{ "type": "Feature", "properties": { "seg_id": "fifth-avenue-1158-00", "corridor": "South Craig Street", "walk_class": "sidewalk", "length_m": 96.87 }, "geometry": { "type": "LineString", "coordinates": [ [ -79.9487533, 40.4457924 ], [ -79.948758, 40.4458352 ], [ -79.9487633, 40.4458741 ], [ -79.9487711, 40.4458829 ], [ -79.9488179, 40.4463712 ], [ -79.948846525428593, 40.446660699414096 ] ] } },
{ "type": "Feature", "properties": { "seg_id": "fifth-avenue-1158-01", "corridor": "Fifth Avenue", "walk_class": "sidewalk", "length_m": 96.87 }, "geometry": { "type": "LineString", "coordinates": [ [ -79.948846525428593, 40.446660699414096 ], [ -79.9488576, 40.4467727 ], [ -79.9488623, 40.4468083 ], [ -79.948861400000013, 40.4468268 ], [ -79.948856600000013, 40.4468349 ], [ -79.9488483, 40.4468488 ], [ -79.9488212, 40.4468651 ], [ -79.9487648, 40.4468846 ], [ -79.9485252, 40.4469197 ], [ -79.9485093, 40.446922 ], [ -79.947975827154892, 40.446961226033849 ] ] } },
{ "type": "Feature", "properties": { "seg_id": "fifth-avenue-1158-02", "corridor": "Fifth Avenue", "walk_class": "sidewalk", "length_m": 96.87 }, "geometry": { "type": "LineString", "coordinates": [ [ -79.947975827154892, 40.446961226033849 ], [ -79.9473587, 40.4470066 ], [ -79.9473505, 40.4470071 ], [ -79.9473441, 40.4470076 ], [ -79.9473382, 40.4470028 ], [ -79.9473134, 40.4470012 ], [ -79.9472507, 40.4469995 ], [ -79.947192, 40.4469978 ], [ -79.9471639, 40.4469984 ], [ -79.9471339, 40.4470136 ], [ -79.947093, 40.4470206 ], [ -79.94684775941451, 40.447040044711109 ] ] } },
{ "type": "Feature", "properties": { "seg_id": "fifth-avenue-1158-03", "corridor": "Fifth Avenue", "walk_class": "sidewalk", "length_m": 96.87 }, "geometry": { "type": "LineString", "coordinates": [ [ -79.94684775941451, 40.447040044711109 ], [ -79.946784, 40.4470451 ], [ -79.9464626, 40.4470676 ], [ -79.9463931, 40.44707240000001 ], [ -79.9461858, 40.4470869 ], [ -79.9459105, 40.4471057 ], [ -79.9458483, 40.4471104 ], [ -79.945710472669433, 40.447120879703604 ] ] } },
{ "type": "Feature", "properties": { "seg_id": "fifth-avenue-1158-04", "corridor": "Fifth Avenue", "walk_class": "sidewalk", "length_m": 96.87 }, "geometry": { "type": "LineString", "coordinates": [ [ -79.945710472669433, 40.447120879703604 ], [ -79.945459, 40.44714 ], [ -79.9454369, 40.4471419 ], [ -79.9452658, 40.4471568 ], [ -79.9451478, 40.4471659 ], [ -79.9450681, 40.447170699999987 ], [ -79.9448893, 40.4471833 ], [ -79.944775, 40.4471914 ], [ -79.9446882, 40.4471975 ], [ -79.944573744061984, 40.447205907879578 ] ] } },
{ "type": "Feature", "properties": { "seg_id": "fifth-avenue-1158-05", "corridor": "Fifth Avenue", "walk_class": "sidewalk", "length_m": 96.87 }, "geometry": { "type": "LineString", "coordinates": [ [ -79.944573744061984, 40.447205907879578 ], [ -79.944417300000012, 40.4472174 ], [ -79.943832200000017, 40.4472605 ], [ -79.943436752183402, 40.447289226725175 ] ] } },
{ "type": "Feature", "properties": { "seg_id": "fifth-avenue-1158-06", "corridor": "Fifth Avenue", "walk_class": "sidewalk", "length_m": 96.87 }, "geometry": { "type": "LineString", "coordinates": [ [ -79.943436752183402, 40.447289226725175 ], [ -79.9425464, 40.4473539 ], [ -79.9425234, 40.4473552 ], [ -79.942494, 40.4473422 ], [ -79.9424215, 40.4473465 ], [ -79.9423507, 40.4473544 ], [ -79.9423291, 40.4473652 ], [ -79.942308472646616, 40.447366757588746 ] ] } },
{ "type": "Feature", "properties": { "seg_id": "fifth-avenue-1158-07", "corridor": "Fifth Avenue", "walk_class": "sidewalk", "length_m": 96.87 }, "geometry": { "type": "LineString", "coordinates": [ [ -79.942308472646616, 40.447366757588746 ], [ -79.941357, 40.4474386 ], [ -79.9411718, 40.4474526 ] ] } },
{ "type": "Feature", "properties": { "seg_id": "filmore-street-1159-00", "corridor": "Filmore Street", "walk_class": "sidewalk", "length_m": 101.97 }, "geometry": { "type": "LineString", "coordinates": [ [ -79.9488625, 40.44523 ], [ -79.9487701, 40.4452365 ], [ -79.948699, 40.4452419 ], [ -79.9486893, 40.445247 ], [ -79.9481367, 40.4452833 ], [ -79.94766735761182, 40.445319265130742 ] ] } },
{ "type": "Feature", "properties": { "seg_id": "filmore-street-1159-01", "corridor": "Filmore Street", "walk_class": "sidewalk", "length_m": 101.97 }, "geometry": { "type": "LineString", "coordinates": [ [ -79.94766735761182, 40.445319265130742 ], [ -79.9466437, 40.445397699999987 ], [ -79.9465493, 40.4453795 ], [ -79.9464746, 40.445368 ] ] } },
{ "type": "Feature", "properties": { "seg_id": "winthrop-street-1160-00", "corridor": "South Neville Street", "walk_class": "street", "length_m": 120.84 }, "geometry": { "type": "LineString", "coordinates": [ [ -79.9465624, 40.4454378 ], [ -79.9468206, 40.4460133 ], [ -79.946883900000017, 40.4459685 ], [ -79.947424164025904, 40.445933181420223 ] ] } },
{ "type": "Feature", "properties": { "seg_id": "winthrop-street-1160-01", "corridor": "Winthrop Street", "walk_class": "street", "length_m": 120.84 }, "geometry": { "type": "LineString", "coordinates": [ [ -79.947424164025904, 40.445933181420223 ], [ -79.947729800000019, 40.4459132 ], [ -79.947941, 40.4458961 ], [ -79.9482033, 40.445879399999988 ], [ -79.9487391, 40.4458367 ], [ -79.948758, 40.4458352 ], [ -79.9488424, 40.4458291 ] ] } },
{ "type": "Feature", "properties": { "seg_id": "sidewalk-1161-00", "corridor": null, "walk_class": "sidewalk", "length_m": 38.92 }, "geometry": { "type": "LineString", "coordinates": [ [ -79.9489519, 40.4381702 ], [ -79.9489109, 40.4381905 ], [ -79.9485602, 40.4380282 ] ] } },
{ "type": "Feature", "properties": { "seg_id": "forbes-avenue-1162-00", "corridor": "Devonshire Road", "walk_class": "sidewalk", "length_m": 104.36 }, "geometry": { "type": "LineString", "coordinates": [ [ -79.943832200000017, 40.4472605 ], [ -79.94379487361762, 40.446320849943405 ] ] } },
{ "type": "Feature", "properties": { "seg_id": "forbes-avenue-1162-01", "corridor": null, "walk_class": "sidewalk", "length_m": 104.36 }, "geometry": { "type": "LineString", "coordinates": [ [ -79.94379487361762, 40.446320849943405 ], [ -79.9437908, 40.4462183 ], [ -79.9437545, 40.4461971 ], [ -79.9437511, 40.4461158 ], [ -79.9437444, 40.4460571 ], [ -79.9437678, 40.4460276 ], [ -79.9438084, 40.4459754 ], [ -79.944134800000015, 40.4455075 ], [ -79.94417792201078, 40.445490885349962 ] ] } },
{ "type": "Feature", "properties": { "seg_id": "forbes-avenue-1162-02", "corridor": null, "walk_class": "sidewalk", "length_m": 104.36 }, "geometry": { "type": "LineString", "coordinates": [ [ -79.94417792201078, 40.445490885349962 ], [ -79.9442028, 40.4454813 ], [ -79.9442274, 40.4454457 ], [ -79.9442937, 40.4453497 ], [ -79.9443389, 40.4452844 ], [ -79.9443632, 40.4452475 ], [ -79.9443937, 40.445201200000014 ], [ -79.9445592, 40.4449496 ], [ -79.9447223, 40.444714 ], [ -79.9447667, 40.4447106 ], [ -79.944793818462728, 40.44470891170922 ] ] } },
{ "type": "Feature", "properties": { "seg_id": "forbes-avenue-1162-03", "corridor": "Forbes Avenue", "walk_class": "sidewalk", "length_m": 104.36 }, "geometry": { "type": "LineString", "coordinates": [ [ -79.944793818462728, 40.44470891170922 ], [ -79.9449466, 40.4446994 ], [ -79.9454344, 40.4446712 ], [ -79.9458329, 40.4446533 ], [ -79.946021532047169, 40.44464722369699 ] ] } },
{ "type": "Feature", "properties": { "seg_id": "forbes-avenue-1162-04", "corridor": "Forbes Avenue", "walk_class": "sidewalk", "length_m": 104.36 }, "geometry": { "type": "LineString", "coordinates": [ [ -79.946021532047169, 40.44464722369699 ], [ -79.9461185, 40.4446441 ], [ -79.9462714, 40.444639100000011 ], [ -79.9463056, 40.4446145 ], [ -79.9463367, 40.4446114 ], [ -79.9463658, 40.4446104 ], [ -79.9472038, 40.444583 ], [ -79.947237899443948, 40.444581686544886 ] ] } },
{ "type": "Feature", "properties": { "seg_id": "forbes-avenue-1162-05", "corridor": "Forbes Avenue", "walk_class": "sidewalk", "length_m": 104.36 }, "geometry": { "type": "LineString", "coordinates": [ [ -79.947237899443948, 40.444581686544886 ], [ -79.9472713, 40.4445804 ], [ -79.9475382, 40.4445692 ], [ -79.9480501, 40.4445563 ], [ -79.948467233940761, 40.44454214723855 ] ] } },
{ "type": "Feature", "properties": { "seg_id": "forbes-avenue-1162-06", "corridor": "South Craig Street", "walk_class": "sidewalk", "length_m": 104.36 }, "geometry": { "type": "LineString", "coordinates": [ [ -79.948467233940761, 40.44454214723855 ], [ -79.9485482, 40.4445394 ], [ -79.9485881, 40.444538 ], [ -79.9486093, 40.4445459 ], [ -79.948621, 40.4445614 ], [ -79.948703100000017, 40.4452338 ], [ -79.948699, 40.4452419 ], [ -79.9487001, 40.4452867 ], [ -79.948706, 40.4453336 ], [ -79.9487123, 40.4453381 ], [ -79.94871581409852, 40.445367194246067 ] ] } },
{ "type": "Feature", "properties": { "seg_id": "forbes-avenue-1162-07", "corridor": "Winthrop Street", "walk_class": "sidewalk", "length_m": 104.36 }, "geometry": { "type": "LineString", "coordinates": [ [ -79.94871581409852, 40.445367194246067 ], [ -79.9487653, 40.4457769 ], [ -79.9487533, 40.4457924 ], [ -79.9487377, 40.4457987 ], [ -79.9481986, 40.4458421 ], [ -79.948090393740273, 40.445849517814963 ] ] } },
{ "type": "Feature", "properties": { "seg_id": "forbes-avenue-1162-08", "corridor": "Winthrop Street", "walk_class": "sidewalk", "length_m": 104.36 }, "geometry": { "type": "LineString", "coordinates": [ [ -79.948090393740273, 40.445849517814963 ], [ -79.9477245, 40.4458746 ], [ -79.9468645, 40.4459307 ] ] } },
{ "type": "Feature", "properties": { "seg_id": "ellsworth-avenue-1163-00", "corridor": "North Neville Street", "walk_class": "sidewalk", "length_m": 103.5 }, "geometry": { "type": "LineString", "coordinates": [ [ -79.9486849, 40.4504895 ], [ -79.9486589, 40.4504249 ], [ -79.9486334, 40.4503634 ], [ -79.9486295, 40.4503348 ], [ -79.9484873, 40.450009599999987 ], [ -79.9484268, 40.4498711 ], [ -79.9484045, 40.4498203 ], [ -79.948309543200736, 40.449603027459609 ] ] } },
{ "type": "Feature", "properties": { "seg_id": "ellsworth-avenue-1163-01", "corridor": "North Neville Street", "walk_class": "sidewalk", "length_m": 103.5 }, "geometry": { "type": "LineString", "coordinates": [ [ -79.948309543200736, 40.449603027459609 ], [ -79.9482622, 40.4494947 ], [ -79.9482332, 40.449428399999988 ], [ -79.9480663, 40.4490468 ], [ -79.9480152, 40.4489298 ], [ -79.947922925915748, 40.44871867925 ] ] } },
{ "type": "Feature", "properties": { "seg_id": "ellsworth-avenue-1163-02", "corridor": "North Neville Street", "walk_class": "sidewalk", "length_m": 103.5 }, "geometry": { "type": "LineString", "coordinates": [ [ -79.947922925915748, 40.44871867925 ], [ -79.9479204, 40.4487129 ], [ -79.9476917, 40.4481899 ], [ -79.9476811, 40.4481636 ], [ -79.947669100000013, 40.4481494 ], [ -79.9476564, 40.4481408 ], [ -79.9476444, 40.4481378 ], [ -79.9476278, 40.4481373 ], [ -79.9476085, 40.4481428 ], [ -79.947508, 40.4482274 ], [ -79.947373743446207, 40.448356846719058 ] ] } },
{ "type": "Feature", "properties": { "seg_id": "ellsworth-avenue-1163-03", "corridor": "Ellsworth Avenue", "walk_class": "sidewalk", "length_m": 103.5 }, "geometry": { "type": "LineString", "coordinates": [ [ -79.947373743446207, 40.448356846719058 ], [ -79.9468048, 40.4489054 ], [ -79.9466782, 40.4490275 ], [ -79.946614912809721, 40.449087072746423 ] ] } },
{ "type": "Feature", "properties": { "seg_id": "ellsworth-avenue-1163-04", "corridor": "Ellsworth Avenue", "walk_class": "sidewalk", "length_m": 103.5 }, "geometry": { "type": "LineString", "coordinates": [ [ -79.946614912809721, 40.449087072746423 ], [ -79.9464022, 40.449287299999988 ], [ -79.946359, 40.449328 ], [ -79.946079, 40.449601400000013 ], [ -79.945956, 40.4497106 ], [ -79.945850166621199, 40.449813542033702 ] ] } },
{ "type": "Feature", "properties": { "seg_id": "ellsworth-avenue-1163-05", "corridor": "Ellsworth Avenue", "walk_class": "sidewalk", "length_m": 103.5 }, "geometry": { "type": "LineString", "coordinates": [ [ -79.945850166621199, 40.449813542033702 ], [ -79.9454693, 40.450184 ], [ -79.9452665, 40.4503814 ], [ -79.9451753, 40.4504556 ], [ -79.945148, 40.450469 ], [ -79.9451238, 40.450490599999988 ], [ -79.9451211, 40.4505001 ], [ -79.9451193, 40.4505067 ], [ -79.9451193, 40.4505193 ], [ -79.9451203, 40.450525 ], [ -79.9451213, 40.4505309 ], [ -79.9451289, 40.4505443 ] ] } },
{ "type": "Feature", "properties": { "seg_id": "service-1164-00", "corridor": null, "walk_class": "service", "length_m": 61.77 }, "geometry": { "type": "LineString", "coordinates": [ [ -79.9484735, 40.4377418 ], [ -79.9484422, 40.4377662 ], [ -79.94839930000002, 40.4378221 ], [ -79.9484332, 40.4378901 ], [ -79.9486048, 40.4379713 ], [ -79.9488129, 40.4380657 ], [ -79.9488724, 40.4380628 ] ] } },
{ "type": "Feature", "properties": { "seg_id": "sidewalk-1165-00", "corridor": null, "walk_class": "sidewalk", "length_m": 45.91 }, "geometry": { "type": "LineString", "coordinates": [ [ -79.9487687, 40.4443211 ], [ -79.9487552, 40.4443082 ], [ -79.9487339, 40.4442809 ], [ -79.948626, 40.4439251 ] ] } },
{ "type": "Feature", "properties": { "seg_id": "service-1166-00", "corridor": null, "walk_class": "service", "length_m": 98.31 }, "geometry": { "type": "LineString", "coordinates": [ [ -79.9487652, 40.440244 ], [ -79.9487471, 40.4401479 ], [ -79.9487284, 40.4400184 ], [ -79.9487683, 40.4395661 ], [ -79.948813, 40.4393641 ] ] } },
{ "type": "Feature", "properties": { "seg_id": "service-1167-00", "corridor": null, "walk_class": "service", "length_m": 18.91 }, "geometry": { "type": "LineString", "coordinates": [ [ -79.9486899, 40.4438473 ], [ -79.9484795, 40.443903699999986 ] ] } },
{ "type": "Feature", "properties": { "seg_id": "service-1168-00", "corridor": null, "walk_class": "service", "length_m": 101.94 }, "geometry": { "type": "LineString", "coordinates": [ [ -79.9486742, 40.4444446 ], [ -79.948651, 40.4443749 ], [ -79.9486419, 40.4443474 ], [ -79.9486306, 40.444313200000011 ], [ -79.9485229, 40.4439881 ], [ -79.9484795, 40.443903699999986 ], [ -79.9484337, 40.4438679 ], [ -79.9483803, 40.4438262 ], [ -79.9481696, 40.4437444 ], [ -79.948099109401895, 40.443703357790319 ] ] } },
{ "type": "Feature", "properties": { "seg_id": "service-1168-01", "corridor": null, "walk_class": "service", "length_m": 101.94 }, "geometry": { "type": "LineString", "coordinates": [ [ -79.948099109401895, 40.443703357790319 ], [ -79.9480784, 40.443691299999983 ], [ -79.948006, 40.443624 ], [ -79.9479658, 40.4435342 ], [ -79.947947, 40.4434137 ], [ -79.947949, 40.44331 ], [ -79.948175, 40.4429993 ], [ -79.9483419, 40.4429525 ] ] } },
{ "type": "Feature", "properties": { "seg_id": "service-1169-00", "corridor": null, "walk_class": "service", "length_m": 16.42 }, "geometry": { "type": "LineString", "coordinates": [ [ -79.9486215, 40.4463804 ], [ -79.9486312, 40.446456 ], [ -79.9486407, 40.4465276 ] ] } },
{ "type": "Feature", "properties": { "seg_id": "service-1170-00", "corridor": null, "walk_class": "service", "length_m": 26.01 }, "geometry": { "type": "LineString", "coordinates": [ [ -79.948566, 40.4500006 ], [ -79.9484873, 40.450009599999987 ], [ -79.9484444, 40.4500106 ], [ -79.9484148, 40.4500008 ], [ -79.9483615, 40.4498921 ] ] } },
{ "type": "Feature", "properties": { "seg_id": "service-1171-00", "corridor": null, "walk_class": "service", "length_m": 122.52 }, "geometry": { "type": "LineString", "coordinates": [ [ -79.9475386, 40.453918 ], [ -79.9476351, 40.4539025 ], [ -79.9477968, 40.4538764 ], [ -79.9479595, 40.4538502 ], [ -79.9481551, 40.453818799999986 ], [ -79.948369, 40.4537844 ], [ -79.948459, 40.4541083 ], [ -79.9484777, 40.4541758 ], [ -79.9484926, 40.4542299 ] ] } },
{ "type": "Feature", "properties": { "seg_id": "service-1172-00", "corridor": null, "walk_class": "service", "length_m": 55.29 }, "geometry": { "type": "LineString", "coordinates": [ [ -79.9481551, 40.453818799999986 ], [ -79.9482451, 40.4541427 ], [ -79.948459, 40.4541083 ] ] } },
{ "type": "Feature", "properties": { "seg_id": "service-1173-00", "corridor": null, "walk_class": "service", "length_m": 79.66 }, "geometry": { "type": "LineString", "coordinates": [ [ -79.9484985, 40.4498481 ], [ -79.9484268, 40.4498711 ], [ -79.9483615, 40.4498921 ], [ -79.9477781, 40.4500693 ], [ -79.9477651, 40.450082 ], [ -79.9477665, 40.4501028 ], [ -79.9478156, 40.4501818 ] ] } },
{ "type": "Feature", "properties": { "seg_id": "service-1174-00", "corridor": null, "walk_class": "service", "length_m": 68.79 }, "geometry": { "type": "LineString", "coordinates": [ [ -79.9484639, 40.446393 ], [ -79.9485252, 40.4469197 ], [ -79.9485357, 40.4470102 ] ] } },
{ "type": "Feature", "properties": { "seg_id": "service-1175-00", "corridor": null, "walk_class": "service", "length_m": 83.75 }, "geometry": { "type": "LineString", "coordinates": [ [ -79.9473367, 40.443664400000017 ], [ -79.9472224, 40.4436435 ], [ -79.9473307, 40.4433996 ], [ -79.9473627, 40.4433327 ], [ -79.94743, 40.4432465 ], [ -79.947542, 40.4431078 ], [ -79.947586939623889, 40.44304390164347 ] ] } },
{ "type": "Feature", "properties": { "seg_id": "service-1175-01", "corridor": null, "walk_class": "service", "length_m": 83.75 }, "geometry": { "type": "LineString", "coordinates": [ [ -79.947586939623889, 40.44304390164347 ], [ -79.9476956, 40.4428894 ], [ -79.948024, 40.4424594 ], [ -79.948080926020467, 40.442390815259166 ] ] } },
{ "type": "Feature", "properties": { "seg_id": "service-1175-02", "corridor": null, "walk_class": "service", "length_m": 83.75 }, "geometry": { "type": "LineString", "coordinates": [ [ -79.948080926020467, 40.442390815259166 ], [ -79.9483565, 40.4420588 ], [ -79.9486163, 40.4417569 ] ] } },
{ "type": "Feature", "properties": { "seg_id": "sidewalk-1176-00", "corridor": null, "walk_class": "sidewalk", "length_m": 63.18 }, "geometry": { "type": "LineString", "coordinates": [ [ -79.9484243, 40.4398585 ], [ -79.9484607, 40.4398424 ], [ -79.9485198, 40.43980950000001 ], [ -79.9485747, 40.439765599999987 ], [ -79.9486219, 40.4396974 ], [ -79.9486398, 40.4396317 ], [ -79.9486457, 40.4395668 ], [ -79.9486333, 40.4395239 ], [ -79.9486089, 40.4394644 ], [ -79.9485682, 40.4394074 ], [ -79.9485317, 40.4393789 ] ] } },
{ "type": "Feature", "properties": { "seg_id": "sidewalk-1177-00", "corridor": null, "walk_class": "sidewalk", "length_m": 14.25 }, "geometry": { "type": "LineString", "coordinates": [ [ -79.9484795, 40.4395853 ], [ -79.9486457, 40.4395668 ] ] } },
{ "type": "Feature", "properties": { "seg_id": "sidewalk-1178-00", "corridor": null, "walk_class": "sidewalk", "length_m": 25.09 }, "geometry": { "type": "LineString", "coordinates": [ [ -79.9485151, 40.4380857 ], [ -79.9485602, 40.4380282 ], [ -79.9486048, 40.4379713 ], [ -79.9486672, 40.4378918 ] ] } },
{ "type": "Feature", "properties": { "seg_id": "sidewalk-1179-00", "corridor": null, "walk_class": "sidewalk", "length_m": 50.63 }, "geometry": { "type": "LineString", "coordinates": [ [ -79.9486452, 40.4392311 ], [ -79.9485586, 40.4391841 ], [ -79.9483708, 40.4390294 ], [ -79.9482722, 40.4390999 ], [ -79.948215, 40.4391421 ] ] } },
{ "type": "Feature", "properties": { "seg_id": "sidewalk-1180-00", "corridor": null, "walk_class": "sidewalk", "length_m": 145.66 }, "geometry": { "type": "LineString", "coordinates": [ [ -79.9486437, 40.4392987 ], [ -79.9485317, 40.4393789 ], [ -79.9483712, 40.4394938 ], [ -79.948143, 40.4396573 ], [ -79.9481334, 40.4396641 ], [ -79.9479897, 40.439767 ], [ -79.9479676, 40.4397829 ], [ -79.9479412, 40.4398018 ], [ -79.9475013, 40.4401125 ], [ -79.947491900000017, 40.4401234 ], [ -79.9474504, 40.440165 ], [ -79.9474081, 40.4402075 ] ] } },
{ "type": "Feature", "properties": { "seg_id": "sidewalk-1181-00", "corridor": null, "walk_class": "sidewalk", "length_m": 67.93 }, "geometry": { "type": "LineString", "coordinates": [ [ -79.9484243, 40.4398942 ], [ -79.94846960000001, 40.439899399999987 ], [ -79.9485242, 40.4399155 ], [ -79.9485636, 40.4399348 ], [ -79.9485906, 40.4399555 ], [ -79.9486163, 40.4399974 ], [ -79.9486281, 40.4400396 ], [ -79.9486237, 40.4400875 ], [ -79.9485988, 40.4401396 ], [ -79.9485708, 40.4401669 ], [ -79.9485377, 40.4401756 ], [ -79.9485116, 40.4401759 ], [ -79.9484903, 40.4401723 ], [ -79.9484979, 40.44015 ], [ -79.9485091, 40.4401282 ], [ -79.9485236, 40.4401082 ], [ -79.9485413, 40.440091099999989 ], [ -79.9485564, 40.440076 ], [ -79.948582, 40.4400591 ], [ -79.9486281, 40.4400396 ] ] } },
{ "type": "Feature", "properties": { "seg_id": "service-1182-00", "corridor": null, "walk_class": "service", "length_m": 97.76 }, "geometry": { "type": "LineString", "coordinates": [ [ -79.9483331, 40.4494746 ], [ -79.9482622, 40.4494947 ], [ -79.9474834, 40.4497048 ], [ -79.9474448, 40.4497259 ], [ -79.9474419, 40.4497519 ], [ -79.947513456777358, 40.449869343838884 ] ] } },
{ "type": "Feature", "properties": { "seg_id": "service-1182-01", "corridor": null, "walk_class": "service", "length_m": 97.76 }, "geometry": { "type": "LineString", "coordinates": [ [ -79.947513456777358, 40.449869343838884 ], [ -79.9476033, 40.4500168 ], [ -79.947657, 40.450037 ], [ -79.9477174, 40.4500326 ], [ -79.94817, 40.4499002 ], [ -79.948229700000013, 40.4498823 ], [ -79.9484045, 40.4498203 ], [ -79.9484751, 40.4497953 ] ] } },
{ "type": "Feature", "properties": { "seg_id": "south-craig-street-1183-00", "corridor": "South Craig Street", "walk_class": "sidewalk", "length_m": 14.45 }, "geometry": { "type": "LineString", "coordinates": [ [ -79.9485482, 40.4445394 ], [ -79.9485477, 40.4445241 ], [ -79.9485455, 40.444464399999987 ], [ -79.9485435, 40.4444093 ] ] } },
{ "type": "Feature", "properties": { "seg_id": "sidewalk-1184-00", "corridor": null, "walk_class": "sidewalk", "length_m": 47.33 }, "geometry": { "type": "LineString", "coordinates": [ [ -79.9483401, 40.440151899999989 ], [ -79.9483179, 40.4401272 ], [ -79.9482993, 40.440113 ], [ -79.9482675, 40.4401007 ], [ -79.9482447, 40.440097099999988 ], [ -79.9482211, 40.440097 ], [ -79.9482237, 40.4401021 ], [ -79.9482323, 40.4401239 ], [ -79.9482477, 40.4401372 ], [ -79.9482702, 40.4401506 ], [ -79.9482942, 40.4401572 ], [ -79.9483145, 40.4401574 ], [ -79.9483401, 40.440151899999989 ], [ -79.9483593, 40.440145 ], [ -79.9483752, 40.4401353 ], [ -79.9484178, 40.4401122 ], [ -79.9484596, 40.4400895 ], [ -79.9484768, 40.440080700000017 ], [ -79.9485048, 40.4400711 ], [ -79.948532, 40.4400713 ], [ -79.9485564, 40.440076 ] ] } },
{ "type": "Feature", "properties": { "seg_id": "sidewalk-1185-00", "corridor": null, "walk_class": "sidewalk", "length_m": 75.39 }, "geometry": { "type": "LineString", "coordinates": [ [ -79.948143, 40.4396573 ], [ -79.9480422, 40.4395701 ], [ -79.9482313, 40.4394374 ], [ -79.948284, 40.4394258 ], [ -79.9483247, 40.4393854 ], [ -79.9483407, 40.4393452 ], [ -79.9485586, 40.4391841 ] ] } },
{ "type": "Feature", "properties": { "seg_id": "service-1186-00", "corridor": null, "walk_class": "service", "length_m": 15.27 }, "geometry": { "type": "LineString", "coordinates": [ [ -79.9482054, 40.449186200000014 ], [ -79.9482954, 40.4491652 ], [ -79.9483776, 40.4491461 ] ] } },
{ "type": "Feature", "properties": { "seg_id": "sidewalk-1187-00", "corridor": null, "walk_class": "sidewalk", "length_m": 34.1 }, "geometry": { "type": "LineString", "coordinates": [ [ -79.9482246, 40.4398754 ], [ -79.9482271, 40.4398529 ], [ -79.9482387, 40.4398295 ], [ -79.9482565, 40.4398058 ], [ -79.9482796, 40.4397892 ], [ -79.9482984, 40.4397795 ], [ -79.9483074, 40.4397748 ], [ -79.9483263, 40.439765099999988 ], [ -79.9483655, 40.439757300000011 ], [ -79.94839690000002, 40.4397584 ], [ -79.9484231, 40.439760699999987 ], [ -79.94847, 40.4397766 ], [ -79.948496, 40.4397901 ], [ -79.9485198, 40.43980950000001 ] ] } },
{ "type": "Feature", "properties": { "seg_id": "sidewalk-1188-00", "corridor": null, "walk_class": "sidewalk", "length_m": 55.33 }, "geometry": { "type": "LineString", "coordinates": [ [ -79.948271, 40.4394157 ], [ -79.948284, 40.4394258 ], [ -79.9483712, 40.4394938 ], [ -79.9484795, 40.4395853 ], [ -79.9484231, 40.439760699999987 ], [ -79.9484045, 40.4398268 ], [ -79.9483997, 40.4398439 ] ] } },
{ "type": "Feature", "properties": { "seg_id": "sidewalk-1189-00", "corridor": null, "walk_class": "sidewalk", "length_m": 27.6 }, "geometry": { "type": "LineString", "coordinates": [ [ -79.9484596, 40.4400895 ], [ -79.9484636, 40.4400934 ], [ -79.9484694, 40.440106 ], [ -79.9484694, 40.4401193 ], [ -79.9484636, 40.4401319 ], [ -79.9484526, 40.4401423 ], [ -79.94844830000001, 40.4401444 ], [ -79.9484378, 40.4401494 ], [ -79.94842060000002, 40.4401522 ], [ -79.9484032, 40.4401507 ], [ -79.9483875, 40.4401448 ], [ -79.9483752, 40.4401353 ], [ -79.9483682, 40.440124199999985 ], [ -79.9483659, 40.4401121 ], [ -79.9483687, 40.4401 ], [ -79.9483761, 40.4400891 ], [ -79.9483876, 40.4400804 ], [ -79.9484033, 40.44007460000001 ], [ -79.9484207, 40.440073 ], [ -79.9484378, 40.440075899999989 ], [ -79.9484527, 40.440083 ], [ -79.9484596, 40.4400895 ] ] } },
{ "type": "Feature", "properties": { "seg_id": "service-1190-00", "corridor": null, "walk_class": "service", "length_m": 47.1 }, "geometry": { "type": "LineString", "coordinates": [ [ -79.9477765, 40.4495418 ], [ -79.9481579, 40.4494471 ], [ -79.9482332, 40.449428399999988 ], [ -79.9483047, 40.4494106 ] ] } },
{ "type": "Feature", "properties": { "seg_id": "sidewalk-1191-00", "corridor": null, "walk_class": "sidewalk", "length_m": 122.81 }, "geometry": { "type": "LineString", "coordinates": [ [ -79.948376, 40.438247 ], [ -79.9483389, 40.438249 ], [ -79.948298, 40.4382197 ], [ -79.9482977, 40.438202 ], [ -79.948205200000018, 40.438152 ], [ -79.9481186, 40.438114 ], [ -79.9480484, 40.4380935 ], [ -79.9479924, 40.4380759 ], [ -79.947948400000016, 40.4380418 ], [ -79.9479282, 40.4380038 ], [ -79.9479342, 40.43796 ], [ -79.9479611, 40.43792 ], [ -79.9480185, 40.4378458 ], [ -79.9484679, 40.4380571 ], [ -79.9484128, 40.4381292 ] ] } },
{ "type": "Feature", "properties": { "seg_id": "service-1192-00", "corridor": null, "walk_class": "service", "length_m": 32.33 }, "geometry": { "type": "LineString", "coordinates": [ [ -79.9479225, 40.4485429 ], [ -79.9480095, 40.4485196 ], [ -79.9480319, 40.4485136 ], [ -79.9482946, 40.4485418 ] ] } },
{ "type": "Feature", "properties": { "seg_id": "service-1193-00", "corridor": null, "walk_class": "service", "length_m": 21.78 }, "geometry": { "type": "LineString", "coordinates": [ [ -79.9482743, 40.4484489 ], [ -79.9480319, 40.4485136 ] ] } },
{ "type": "Feature", "properties": { "seg_id": "frew-street-1194-00", "corridor": "Frew Street", "walk_class": "sidewalk", "length_m": 17.4 }, "geometry": { "type": "LineString", "coordinates": [ [ -79.9482412, 40.4406508 ], [ -79.9483328, 40.4405698 ], [ -79.9483732, 40.4405308 ] ] } },
{ "type": "Feature", "properties": { "seg_id": "service-1195-00", "corridor": null, "walk_class": "service", "length_m": 82.75 }, "geometry": { "type": "LineString", "coordinates": [ [ -79.9482798, 40.4464077 ], [ -79.9482077, 40.44591 ], [ -79.9482033, 40.445879399999988 ], [ -79.9481986, 40.4458421 ], [ -79.9481874, 40.445753500000016 ], [ -79.94817854905385, 40.445666370246826 ] ] } },
{ "type": "Feature", "properties": { "seg_id": "service-1195-01", "corridor": null, "walk_class": "service", "length_m": 82.75 }, "geometry": { "type": "LineString", "coordinates": [ [ -79.94817854905385, 40.445666370246826 ], [ -79.9481489, 40.4453745 ], [ -79.9481436, 40.4453226 ], [ -79.9481367, 40.4452833 ], [ -79.9481301, 40.4452453 ], [ -79.9481196, 40.4451847 ], [ -79.9480745, 40.4449255 ] ] } },
{ "type": "Feature", "properties": { "seg_id": "sidewalk-1196-00", "corridor": null, "walk_class": "sidewalk", "length_m": 105.11 }, "geometry": { "type": "LineString", "coordinates": [ [ -79.9475613, 40.4377403 ], [ -79.9475364, 40.4377956 ], [ -79.947536900000017, 40.4378137 ], [ -79.9475698, 40.4378828 ], [ -79.947653, 40.4379631 ], [ -79.9477653, 40.4380375 ], [ -79.9478253, 40.4380767 ], [ -79.9478515, 40.4381 ], [ -79.9478751, 40.438121 ], [ -79.9479325, 40.438172 ], [ -79.9480225, 40.4382255 ], [ -79.9481376, 40.438284 ], [ -79.9482018, 40.4382966 ], [ -79.9482995, 40.4383351 ], [ -79.948357, 40.4383488 ], [ -79.9483848, 40.4383507 ] ] } },
{ "type": "Feature", "properties": { "seg_id": "sidewalk-1197-00", "corridor": null, "walk_class": "sidewalk", "length_m": 28.09 }, "geometry": { "type": "LineString", "coordinates": [ [ -79.9481334, 40.4396641 ], [ -79.9482005, 40.4397215 ], [ -79.9482796, 40.4397892 ], [ -79.9483539, 40.4398529 ] ] } },
{ "type": "Feature", "properties": { "seg_id": "schenley-drive-1198-00", "corridor": null, "walk_class": "sidewalk", "length_m": 115.73 }, "geometry": { "type": "LineString", "coordinates": [ [ -79.9474663, 40.4392749 ], [ -79.9474426, 40.4392919 ], [ -79.9474145, 40.4393073 ], [ -79.9473813, 40.4393208 ], [ -79.9473477, 40.439326 ], [ -79.9473068, 40.439322 ], [ -79.9472802, 40.4393105 ], [ -79.9472687, 40.4393027 ], [ -79.9472501, 40.4392905 ], [ -79.9472335, 40.4392732 ], [ -79.9472206, 40.4392562 ], [ -79.947213, 40.4392432 ], [ -79.947209, 40.439227 ], [ -79.9472108, 40.4392024 ], [ -79.9472165, 40.4391896 ], [ -79.947235100000015, 40.439167 ], [ -79.9472658, 40.4391423 ], [ -79.9472815, 40.4391331 ], [ -79.9473154, 40.4391266 ], [ -79.9473537, 40.4391289 ], [ -79.9473894, 40.4391424 ], [ -79.9474588, 40.4392017 ], [ -79.947468, 40.4392405 ], [ -79.9474663, 40.4392749 ], [ -79.9475456, 40.4393338 ], [ -79.9476327, 40.4394164 ], [ -79.9476837, 40.4394705 ], [ -79.94774, 40.4395267 ], [ -79.94780663813421, 40.439609480315788 ] ] } },
{ "type": "Feature", "properties": { "seg_id": "schenley-drive-1198-01", "corridor": null, "walk_class": "sidewalk", "length_m": 115.73 }, "geometry": { "type": "LineString", "coordinates": [ [ -79.94780663813421, 40.439609480315788 ], [ -79.9478205, 40.4396267 ], [ -79.9478554, 40.4396716 ], [ -79.9479412, 40.4398018 ], [ -79.9481423, 40.4402047 ], [ -79.9481822, 40.4402858 ], [ -79.9482014, 40.4403248 ], [ -79.9483328, 40.4405698 ] ] } },
{ "type": "Feature", "properties": { "seg_id": "sidewalk-1199-00", "corridor": null, "walk_class": "sidewalk", "length_m": 17.56 }, "geometry": { "type": "LineString", "coordinates": [ [ -79.9481423, 40.4402047 ], [ -79.9481912, 40.4402089 ], [ -79.9482382, 40.4402089 ], [ -79.9482919, 40.4401947 ], [ -79.9483091, 40.4401697 ], [ -79.9483145, 40.4401574 ] ] } },
{ "type": "Feature", "properties": { "seg_id": "sidewalk-1200-00", "corridor": null, "walk_class": "sidewalk", "length_m": 11.27 }, "geometry": { "type": "LineString", "coordinates": [ [ -79.9481822, 40.4402858 ], [ -79.9482322, 40.4402975 ], [ -79.948271, 40.4403066 ], [ -79.9482942, 40.4403083 ], [ -79.9483096, 40.4403033 ] ] } },
{ "type": "Feature", "properties": { "seg_id": "sidewalk-1201-00", "corridor": null, "walk_class": "sidewalk", "length_m": 25.82 }, "geometry": { "type": "LineString", "coordinates": [ [ -79.9481142, 40.438333299999989 ], [ -79.9481376, 40.438284 ], [ -79.9481555, 40.4382613 ], [ -79.9481919, 40.438249399999989 ], [ -79.9482543, 40.4382608 ], [ -79.9483115, 40.438269299999988 ], [ -79.9483303, 40.4382598 ], [ -79.9483389, 40.438249 ] ] } },
{ "type": "Feature", "properties": { "seg_id": "service-1202-00", "corridor": null, "walk_class": "service", "length_m": 51.13 }, "geometry": { "type": "LineString", "coordinates": [ [ -79.9479595, 40.4538502 ], [ -79.9480257, 40.4540883 ], [ -79.9480693, 40.4542455 ], [ -79.9480846, 40.4543008 ] ] } },
{ "type": "Feature", "properties": { "seg_id": "service-1203-00", "corridor": null, "walk_class": "service", "length_m": 55.79 }, "geometry": { "type": "LineString", "coordinates": [ [ -79.9481579, 40.4494471 ], [ -79.9480085, 40.449094100000011 ], [ -79.9480085, 40.4490672 ], [ -79.9480663, 40.4490468 ], [ -79.9481363, 40.4490301 ] ] } },
{ "type": "Feature", "properties": { "seg_id": "service-1204-00", "corridor": null, "walk_class": "service", "length_m": 42.25 }, "geometry": { "type": "LineString", "coordinates": [ [ -79.9481874, 40.445753500000016 ], [ -79.9480066, 40.4457497 ], [ -79.9478496, 40.4457642 ], [ -79.9478314, 40.4456434 ] ] } },
{ "type": "Feature", "properties": { "seg_id": "sidewalk-1205-00", "corridor": null, "walk_class": "sidewalk", "length_m": 41.23 }, "geometry": { "type": "LineString", "coordinates": [ [ -79.9478515, 40.4381 ], [ -79.9478785, 40.4380956 ], [ -79.9479162, 40.4381184 ], [ -79.9479745, 40.4381504 ], [ -79.9480466, 40.4381706 ], [ -79.9481289, 40.4381811 ], [ -79.9482361, 40.4381954 ], [ -79.948298, 40.4382197 ] ] } },
{ "type": "Feature", "properties": { "seg_id": "sidewalk-1206-00", "corridor": null, "walk_class": "sidewalk", "length_m": 8.07 }, "geometry": { "type": "LineString", "coordinates": [ [ -79.9482722, 40.4390999 ], [ -79.948207, 40.4390469 ] ] } },
{ "type": "Feature", "properties": { "seg_id": "service-1207-00", "corridor": null, "walk_class": "service", "length_m": 36.24 }, "geometry": { "type": "LineString", "coordinates": [ [ -79.9480257, 40.4540883 ], [ -79.9478539, 40.4541144 ], [ -79.947746, 40.4541328 ], [ -79.9476962, 40.454141 ], [ -79.9476076, 40.4541556 ] ] } },
{ "type": "Feature", "properties": { "seg_id": "service-1208-00", "corridor": null, "walk_class": "service", "length_m": 57.79 }, "geometry": { "type": "LineString", "coordinates": [ [ -79.9477727, 40.4485428 ], [ -79.9477922, 40.4485878 ], [ -79.9478654, 40.4487267 ], [ -79.9479459, 40.4489278 ], [ -79.9479603, 40.4489369 ], [ -79.947995, 40.448936 ], [ -79.9480152, 40.4489298 ], [ -79.9480828, 40.4489089 ] ] } },
{ "type": "Feature", "properties": { "seg_id": "frew-street-1209-00", "corridor": "Frew Street", "walk_class": "sidewalk", "length_m": 92.87 }, "geometry": { "type": "LineString", "coordinates": [ [ -79.9442943, 40.4409421 ], [ -79.9443118, 40.4410079 ], [ -79.9443125, 40.441023 ], [ -79.9444168, 40.4410397 ], [ -79.944483, 40.4410435 ], [ -79.9446644, 40.4410611 ], [ -79.9450445, 40.4411406 ], [ -79.945274162531788, 40.441186626026152 ] ] } },
{ "type": "Feature", "properties": { "seg_id": "frew-street-1209-01", "corridor": "Frew Street", "walk_class": "sidewalk", "length_m": 92.87 }, "geometry": { "type": "LineString", "coordinates": [ [ -79.945274162531788, 40.441186626026152 ], [ -79.9454382, 40.441219499999988 ], [ -79.9457885, 40.4412901 ], [ -79.9460053, 40.441336 ], [ -79.9463019, 40.4414068 ], [ -79.946328052682432, 40.441413065753672 ] ] } },
{ "type": "Feature", "properties": { "seg_id": "frew-street-1209-02", "corridor": "Frew Street", "walk_class": "sidewalk", "length_m": 92.87 }, "geometry": { "type": "LineString", "coordinates": [ [ -79.946328052682432, 40.441413065753672 ], [ -79.9463787, 40.4414252 ], [ -79.9467391, 40.4414995 ], [ -79.9469812, 40.4415487 ], [ -79.9470394, 40.4415554 ], [ -79.9472162, 40.4415682 ], [ -79.9473106, 40.4415502 ], [ -79.947373090155139, 40.441506903018876 ] ] } },
{ "type": "Feature", "properties": { "seg_id": "frew-street-1209-03", "corridor": "Frew Street", "walk_class": "sidewalk", "length_m": 92.87 }, "geometry": { "type": "LineString", "coordinates": [ [ -79.947373090155139, 40.441506903018876 ], [ -79.9477521, 40.4412443 ], [ -79.948103100000012, 40.4410027 ], [ -79.9481794, 40.4409412 ] ] } },
{ "type": "Feature", "properties": { "seg_id": "service-1210-00", "corridor": null, "walk_class": "service", "length_m": 25.38 }, "geometry": { "type": "LineString", "coordinates": [ [ -79.9479605, 40.4533644 ], [ -79.9476676, 40.453411499999987 ] ] } },
{ "type": "Feature", "properties": { "seg_id": "steps-1211-00", "corridor": null, "walk_class": "steps", "length_m": 41.04 }, "geometry": { "type": "LineString", "coordinates": [ [ -79.9480745, 40.4449255 ], [ -79.9480669, 40.4447973 ], [ -79.9480501, 40.4445563 ] ] } },
{ "type": "Feature", "properties": { "seg_id": "service-1212-00", "corridor": null, "walk_class": "service", "length_m": 49.65 }, "geometry": { "type": "LineString", "coordinates": [ [ -79.9480745, 40.4449255 ], [ -79.9475892, 40.444958 ], [ -79.9474913, 40.4449646 ] ] } },
{ "type": "Feature", "properties": { "seg_id": "service-1213-00", "corridor": null, "walk_class": "service", "length_m": 11.06 }, "geometry": { "type": "LineString", "coordinates": [ [ -79.9479893, 40.4486957 ], [ -79.9479204, 40.4487129 ], [ -79.9478654, 40.4487267 ] ] } },
{ "type": "Feature", "properties": { "seg_id": "sidewalk-1214-00", "corridor": null, "walk_class": "sidewalk", "length_m": 2.11 }, "geometry": { "type": "LineString", "coordinates": [ [ -79.9480501, 40.4445563 ], [ -79.948048, 40.4445374 ] ] } },
{ "type": "Feature", "properties": { "seg_id": "service-1215-00", "corridor": null, "walk_class": "service", "length_m": 31.63 }, "geometry": { "type": "LineString", "coordinates": [ [ -79.9480066, 40.4457497 ], [ -79.9479865, 40.4456211 ], [ -79.9479648, 40.4454666 ] ] } },
{ "type": "Feature", "properties": { "seg_id": "frew-street-1216-00", "corridor": "Frew Street", "walk_class": "street", "length_m": 111.47 }, "geometry": { "type": "LineString", "coordinates": [ [ -79.9470728, 40.4415035 ], [ -79.9471722, 40.4415031 ], [ -79.9472803, 40.441483 ], [ -79.947461, 40.4413675 ], [ -79.9476765, 40.4411879 ], [ -79.9479222, 40.4410157 ], [ -79.9480705, 40.440896 ] ] } },
{ "type": "Feature", "properties": { "seg_id": "service-1217-00", "corridor": null, "walk_class": "service", "length_m": 75.44 }, "geometry": { "type": "LineString", "coordinates": [ [ -79.9475868, 40.4532171 ], [ -79.947619, 40.4532856 ], [ -79.947653, 40.4533588 ], [ -79.9476676, 40.453411499999987 ], [ -79.9477968, 40.4538764 ] ] } },
{ "type": "Feature", "properties": { "seg_id": "south-millvale-avenue-1218-00", "corridor": "South Millvale Avenue", "walk_class": "sidewalk", "length_m": 140.49 }, "geometry": { "type": "LineString", "coordinates": [ [ -79.9477642, 40.4544329 ], [ -79.9477529, 40.4543587 ], [ -79.9477412, 40.4543015 ], [ -79.9477363, 40.4542865 ], [ -79.9476962, 40.454141 ], [ -79.9476351, 40.4539025 ], [ -79.9474806, 40.453337 ], [ -79.9474413, 40.4532612 ], [ -79.947412, 40.453198499999985 ] ] } },
{ "type": "Feature", "properties": { "seg_id": "service-1219-00", "corridor": null, "walk_class": "service", "length_m": 14.77 }, "geometry": { "type": "LineString", "coordinates": [ [ -79.9476798, 40.447987 ], [ -79.9477633, 40.44796130000001 ], [ -79.9478414, 40.4479373 ] ] } },
{ "type": "Feature", "properties": { "seg_id": "baum-boulevard-1220-00", "corridor": "Baum Boulevard", "walk_class": "sidewalk", "length_m": 63.36 }, "geometry": { "type": "LineString", "coordinates": [ [ -79.9477363, 40.4542865 ], [ -79.9476513, 40.454306 ], [ -79.9475685, 40.454324 ], [ -79.9472929, 40.4543762 ], [ -79.9472299, 40.4543881 ], [ -79.947013, 40.4544292 ] ] } },
{ "type": "Feature", "properties": { "seg_id": "ellsworth-avenue-1221-00", "corridor": "Ellsworth Avenue", "walk_class": "sidewalk", "length_m": 15.08 }, "geometry": { "type": "LineString", "coordinates": [ [ -79.9476564, 40.4481408 ], [ -79.9476664, 40.4481327 ], [ -79.9477352, 40.4481137 ], [ -79.9478042, 40.4480947 ], [ -79.9478207, 40.4480923 ] ] } },
{ "type": "Feature", "properties": { "seg_id": "service-1222-00", "corridor": null, "walk_class": "service", "length_m": 38.52 }, "geometry": { "type": "LineString", "coordinates": [ [ -79.9477765, 40.4464484 ], [ -79.947827, 40.4467932 ] ] } },
{ "type": "Feature", "properties": { "seg_id": "sidewalk-1223-00", "corridor": null, "walk_class": "sidewalk", "length_m": 39.34 }, "geometry": { "type": "LineString", "coordinates": [ [ -79.9475613, 40.4377403 ], [ -79.9479611, 40.43792 ] ] } },
{ "type": "Feature", "properties": { "seg_id": "sidewalk-1224-00", "corridor": null, "walk_class": "sidewalk", "length_m": 22.17 }, "geometry": { "type": "LineString", "coordinates": [ [ -79.9478392, 40.4407824 ], [ -79.947822, 40.4408085 ], [ -79.9478134, 40.4408543 ], [ -79.9478134, 40.4409 ], [ -79.9478306, 40.4409392 ], [ -79.9478556, 40.4409711 ] ] } },
{ "type": "Feature", "properties": { "seg_id": "service-1225-00", "corridor": null, "walk_class": "service", "length_m": 11.79 }, "geometry": { "type": "LineString", "coordinates": [ [ -79.9475981, 40.4477995 ], [ -79.9476835, 40.44778 ], [ -79.9477313, 40.4477691 ] ] } },
{ "type": "Feature", "properties": { "seg_id": "sidewalk-1226-00", "corridor": null, "walk_class": "sidewalk", "length_m": 53.51 }, "geometry": { "type": "LineString", "coordinates": [ [ -79.9473943, 40.4381815 ], [ -79.9474542, 40.4382259 ], [ -79.9475233, 40.438272499999989 ], [ -79.9475329, 40.4382789 ], [ -79.9475651, 40.4382991 ], [ -79.9475695, 40.4383096 ], [ -79.9476505, 40.4383463 ], [ -79.9477684, 40.438263100000015 ], [ -79.9477826, 40.4382744 ], [ -79.9478125, 40.4382534 ], [ -79.94783750000002, 40.4382352 ], [ -79.9478643, 40.4382167 ] ] } },
{ "type": "Feature", "properties": { "seg_id": "south-millvale-avenue-1227-00", "corridor": "South Millvale Avenue", "walk_class": "sidewalk", "length_m": 139.79 }, "geometry": { "type": "LineString", "coordinates": [ [ -79.9476051, 40.4544653 ], [ -79.9475842, 40.454388499999986 ], [ -79.9475685, 40.454324 ], [ -79.9475785, 40.454303 ], [ -79.9475127, 40.4540559 ], [ -79.9474421, 40.453816199999984 ], [ -79.9473457, 40.4534562 ], [ -79.9472901, 40.453392499999985 ], [ -79.9472494, 40.4533197 ], [ -79.9472124, 40.4532537 ] ] } },
{ "type": "Feature", "properties": { "seg_id": "service-1228-00", "corridor": null, "walk_class": "service", "length_m": 62.18 }, "geometry": { "type": "LineString", "coordinates": [ [ -79.9476541, 40.4453561 ], [ -79.9476616, 40.445412 ], [ -79.9477245, 40.4458746 ], [ -79.947729800000019, 40.4459132 ] ] } },
{ "type": "Feature", "properties": { "seg_id": "service-1229-00", "corridor": null, "walk_class": "service", "length_m": 98.13 }, "geometry": { "type": "LineString", "coordinates": [ [ -79.9475752, 40.4540441 ], [ -79.9475127, 40.4540559 ], [ -79.947206, 40.4541076 ], [ -79.9471483, 40.4541195 ], [ -79.9471074, 40.4541069 ], [ -79.9470664, 40.4541074 ], [ -79.9469128, 40.454138 ], [ -79.947013, 40.4544292 ], [ -79.9470336, 40.454489 ] ] } },
{ "type": "Feature", "properties": { "seg_id": "frew-street-1230-00", "corridor": "Frew Street", "walk_class": "sidewalk", "length_m": 98.78 }, "geometry": { "type": "LineString", "coordinates": [ [ -79.9477521, 40.4412443 ], [ -79.9476765, 40.4411879 ], [ -79.9476156, 40.4411507 ], [ -79.9475572, 40.4411428 ], [ -79.947513, 40.4411413 ], [ -79.9474798, 40.4411437 ], [ -79.9474433, 40.4411503 ], [ -79.9471826, 40.4412034 ], [ -79.9469768, 40.4412495 ], [ -79.946872, 40.4412579 ], [ -79.9468316, 40.441256399999986 ], [ -79.9466768, 40.4412294 ], [ -79.946660089920229, 40.441224896371807 ] ] } },
{ "type": "Feature", "properties": { "seg_id": "frew-street-1230-01", "corridor": "Frew Street", "walk_class": "sidewalk", "length_m": 98.78 }, "geometry": { "type": "LineString", "coordinates": [ [ -79.946660089920229, 40.441224896371807 ], [ -79.9464616, 40.4411714 ], [ -79.9464364, 40.4411646 ], [ -79.9462446, 40.4411201 ], [ -79.9461387, 40.4411111 ], [ -79.9460026, 40.4410886 ], [ -79.9456164, 40.4409318 ], [ -79.945573190268533, 40.440926161497259 ] ] } },
{ "type": "Feature", "properties": { "seg_id": "frew-street-1230-02", "corridor": "Frew Street", "walk_class": "sidewalk", "length_m": 98.78 }, "geometry": { "type": "LineString", "coordinates": [ [ -79.945573190268533, 40.440926161497259 ], [ -79.945316, 40.4408926 ], [ -79.9450756, 40.4408796 ], [ -79.9448696, 40.4408338 ], [ -79.9446207, 40.4407097 ], [ -79.944513730007998, 40.440628317811317 ] ] } },
{ "type": "Feature", "properties": { "seg_id": "frew-street-1230-03", "corridor": null, "walk_class": "sidewalk", "length_m": 98.78 }, "geometry": { "type": "LineString", "coordinates": [ [ -79.944513730007998, 40.440628317811317 ], [ -79.9444748, 40.4405987 ], [ -79.9443663, 40.440477399999985 ], [ -79.9443461, 40.4404549 ], [ -79.9442259, 40.440272 ], [ -79.9441916, 40.4402067 ], [ -79.9442002, 40.4401545 ], [ -79.9441916, 40.4400369 ], [ -79.9441916, 40.4398997 ], [ -79.944199076365763, 40.439808853483463 ] ] } },
{ "type": "Feature", "properties": { "seg_id": "frew-street-1230-04", "corridor": null, "walk_class": "sidewalk", "length_m": 98.78 }, "geometry": { "type": "LineString", "coordinates": [ [ -79.944199076365763, 40.439808853483463 ], [ -79.9442002, 40.4397952 ], [ -79.9442431, 40.4396972 ], [ -79.9443632, 40.4395665 ], [ -79.9445263, 40.4394163 ], [ -79.9446636, 40.4393248 ], [ -79.9448096, 40.439266 ], [ -79.9449383, 40.4392138 ], [ -79.944989614687117, 40.439200780379352 ] ] } },
{ "type": "Feature", "properties": { "seg_id": "frew-street-1230-05", "corridor": null, "walk_class": "sidewalk", "length_m": 98.78 }, "geometry": { "type": "LineString", "coordinates": [ [ -79.944989614687117, 40.439200780379352 ], [ -79.945092800000012, 40.4391746 ], [ -79.94528, 40.4391545 ], [ -79.9454098, 40.439136 ], [ -79.9454705, 40.43912 ], [ -79.9455519, 40.4390746 ], [ -79.9456054, 40.4390424 ], [ -79.9456428, 40.4390078 ], [ -79.9457074, 40.438951 ], [ -79.9457417, 40.4389245 ], [ -79.945784800000013, 40.4389145 ], [ -79.9458417, 40.4389053 ], [ -79.9458848, 40.4389002 ], [ -79.9459533, 40.4389177 ], [ -79.9460156, 40.4389431 ], [ -79.94602066052289, 40.438945619706729 ] ] } },
{ "type": "Feature", "properties": { "seg_id": "frew-street-1230-06", "corridor": "Schenley Drive", "walk_class": "sidewalk", "length_m": 98.78 }, "geometry": { "type": "LineString", "coordinates": [ [ -79.94602066052289, 40.438945619706729 ], [ -79.9460875, 40.4389789 ], [ -79.9461522, 40.4390195 ], [ -79.94621, 40.4390637 ], [ -79.9462768, 40.4391261 ], [ -79.9463258, 40.4391795 ], [ -79.9463503, 40.4392138 ], [ -79.9463906, 40.4393122 ], [ -79.9464003, 40.4393519 ], [ -79.9464029, 40.4393992 ], [ -79.9463945, 40.4394279 ], [ -79.9463833, 40.4394539 ], [ -79.9463516, 40.4394925 ], [ -79.9464146, 40.4396253 ], [ -79.9464852, 40.439671 ], [ -79.946500168851983, 40.439675725853604 ] ] } },
{ "type": "Feature", "properties": { "seg_id": "frew-street-1230-07", "corridor": null, "walk_class": "sidewalk", "length_m": 98.78 }, "geometry": { "type": "LineString", "coordinates": [ [ -79.946500168851983, 40.439675725853604 ], [ -79.9465533, 40.4396925 ], [ -79.9466315, 40.439695 ], [ -79.94667290000001, 40.4396734 ], [ -79.9467751, 40.4396134 ], [ -79.9468795, 40.4395474 ], [ -79.946954, 40.4394963 ], [ -79.9472501, 40.4392905 ], [ -79.947404300000017, 40.43917720000001 ] ] } },
{ "type": "Feature", "properties": { "seg_id": "fifth-avenue-1231-00", "corridor": "North Neville Street", "walk_class": "sidewalk", "length_m": 89.08 }, "geometry": { "type": "LineString", "coordinates": [ [ -79.9476444, 40.4481378 ], [ -79.9476438, 40.4481251 ], [ -79.9476196, 40.448043 ], [ -79.9476005, 40.4479778 ], [ -79.9474345, 40.4475978 ], [ -79.947332196206233, 40.447372794816609 ] ] } },
{ "type": "Feature", "properties": { "seg_id": "fifth-avenue-1231-01", "corridor": "Fifth Avenue", "walk_class": "sidewalk", "length_m": 89.08 }, "geometry": { "type": "LineString", "coordinates": [ [ -79.947332196206233, 40.447372794816609 ], [ -79.9472379, 40.4471654 ], [ -79.947232700000015, 40.4471601 ], [ -79.9472238, 40.4471554 ], [ -79.9472162, 40.4471541 ], [ -79.9471574, 40.4471583 ], [ -79.9469794, 40.4471712 ], [ -79.9469573, 40.4471932 ], [ -79.9465455, 40.4472235 ], [ -79.946497877098366, 40.447227252323323 ] ] } },
{ "type": "Feature", "properties": { "seg_id": "fifth-avenue-1231-02", "corridor": "Fifth Avenue", "walk_class": "sidewalk", "length_m": 89.08 }, "geometry": { "type": "LineString", "coordinates": [ [ -79.946497877098366, 40.447227252323323 ], [ -79.9461254, 40.4472566 ], [ -79.9460057, 40.4472734 ], [ -79.9456077, 40.4473001 ], [ -79.9454544, 40.447284199999977 ] ] } },
{ "type": "Feature", "properties": { "seg_id": "service-1232-00", "corridor": null, "walk_class": "service", "length_m": 13.32 }, "geometry": { "type": "LineString", "coordinates": [ [ -79.9474864, 40.447543 ], [ -79.9475701, 40.4475225 ], [ -79.947636, 40.4475064 ] ] } },
{ "type": "Feature", "properties": { "seg_id": "service-1233-00", "corridor": null, "walk_class": "service", "length_m": 112.15 }, "geometry": { "type": "LineString", "coordinates": [ [ -79.9465542, 40.4535331 ], [ -79.9465868, 40.4535986 ], [ -79.9467448, 40.4539156 ], [ -79.9470522, 40.4538255 ], [ -79.9474421, 40.453816199999984 ], [ -79.9475095, 40.4538179 ] ] } },
{ "type": "Feature", "properties": { "seg_id": "ellsworth-avenue-1234-00", "corridor": "Ellsworth Avenue", "walk_class": "sidewalk", "length_m": 88.96 }, "geometry": { "type": "LineString", "coordinates": [ [ -79.9476005, 40.4479778 ], [ -79.946928771953196, 40.448593327888233 ] ] } },
{ "type": "Feature", "properties": { "seg_id": "ellsworth-avenue-1234-01", "corridor": "Ellsworth Avenue", "walk_class": "sidewalk", "length_m": 88.96 }, "geometry": { "type": "LineString", "coordinates": [ [ -79.946928771953196, 40.448593327888233 ], [ -79.9466826, 40.4488189 ], [ -79.9466731, 40.4488247 ], [ -79.9466629, 40.4488368 ], [ -79.946634, 40.4488632 ], [ -79.9465894, 40.4489037 ], [ -79.9465709, 40.4489139 ], [ -79.9465718, 40.4489231 ], [ -79.9465653, 40.4489338 ], [ -79.946271835776159, 40.449213199932451 ] ] } },
{ "type": "Feature", "properties": { "seg_id": "ellsworth-avenue-1234-02", "corridor": "Ellsworth Avenue", "walk_class": "sidewalk", "length_m": 88.96 }, "geometry": { "type": "LineString", "coordinates": [ [ -79.946271835776159, 40.449213199932451 ], [ -79.9462544, 40.4492298 ], [ -79.9462386, 40.4492454 ], [ -79.946215200000012, 40.4492687 ], [ -79.9460463, 40.4494366 ], [ -79.9459792, 40.4495033 ], [ -79.9459498, 40.449532599999984 ], [ -79.9459254, 40.449558 ], [ -79.9458725, 40.4496099 ], [ -79.945619912946043, 40.449840825719946 ] ] } },
{ "type": "Feature", "properties": { "seg_id": "ellsworth-avenue-1234-03", "corridor": "Ellsworth Avenue", "walk_class": "sidewalk", "length_m": 88.96 }, "geometry": { "type": "LineString", "coordinates": [ [ -79.945619912946043, 40.449840825719946 ], [ -79.9454434, 40.4500022 ], [ -79.9450473, 40.450361900000011 ], [ -79.9450396, 40.45036060000001 ], [ -79.9450252, 40.4503757 ], [ -79.9449931, 40.45039 ], [ -79.944936, 40.450417 ], [ -79.944916, 40.4504236 ] ] } },
{ "type": "Feature", "properties": { "seg_id": "sidewalk-1235-00", "corridor": null, "walk_class": "sidewalk", "length_m": 33.62 }, "geometry": { "type": "LineString", "coordinates": [ [ -79.9475456, 40.4393338 ], [ -79.9475965, 40.4392966 ], [ -79.9476997, 40.4392212 ], [ -79.9477208, 40.4391977 ], [ -79.9477277, 40.439159600000011 ], [ -79.9476975, 40.4391218 ], [ -79.9476759, 40.4390983 ] ] } },
{ "type": "Feature", "properties": { "seg_id": "sidewalk-1236-00", "corridor": null, "walk_class": "sidewalk", "length_m": 43.82 }, "geometry": { "type": "LineString", "coordinates": [ [ -79.9475892, 40.444958 ], [ -79.9475242, 40.4447412 ], [ -79.9475293, 40.4446881 ], [ -79.9475382, 40.4445692 ] ] } },
{ "type": "Feature", "properties": { "seg_id": "service-1237-00", "corridor": null, "walk_class": "service", "length_m": 65.57 }, "geometry": { "type": "LineString", "coordinates": [ [ -79.9473325, 40.446905 ], [ -79.9475519, 40.446891 ], [ -79.9475409, 40.4467512 ], [ -79.9475297, 40.4466086 ], [ -79.947518800000012, 40.4464693 ] ] } },
{ "type": "Feature", "properties": { "seg_id": "service-1238-00", "corridor": null, "walk_class": "service", "length_m": 22.92 }, "geometry": { "type": "LineString", "coordinates": [ [ -79.9475409, 40.4467512 ], [ -79.9472718, 40.4467703 ] ] } },
{ "type": "Feature", "properties": { "seg_id": "service-1239-00", "corridor": null, "walk_class": "service", "length_m": 21.44 }, "geometry": { "type": "LineString", "coordinates": [ [ -79.9476764, 40.4375688 ], [ -79.947635, 40.4376217 ], [ -79.9475734, 40.4377135 ], [ -79.9475613, 40.4377403 ] ] } },
{ "type": "Feature", "properties": { "seg_id": "service-1240-00", "corridor": null, "walk_class": "service", "length_m": 27.24 }, "geometry": { "type": "LineString", "coordinates": [ [ -79.9475297, 40.4466086 ], [ -79.9472098, 40.4466308 ] ] } },
{ "type": "Feature", "properties": { "seg_id": "sidewalk-1241-00", "corridor": null, "walk_class": "sidewalk", "length_m": 21.39 }, "geometry": { "type": "LineString", "coordinates": [ [ -79.9475651, 40.4382991 ], [ -79.9475906, 40.4383039 ], [ -79.9476341, 40.4383138 ], [ -79.9476517, 40.4383082 ], [ -79.9476522, 40.4382996 ], [ -79.9476081, 40.4382892 ], [ -79.9475792, 40.4382716 ], [ -79.9475552, 40.4382487 ], [ -79.9475498, 40.4382436 ], [ -79.9475646, 40.4382332 ] ] } },
{ "type": "Feature", "properties": { "seg_id": "panther-hollow-1242-00", "corridor": null, "walk_class": "steps", "length_m": 118.37 }, "geometry": { "type": "LineString", "coordinates": [ [ -79.9465966, 40.4361464 ], [ -79.9466136, 40.436148 ], [ -79.9468825, 40.4361809 ], [ -79.9470284, 40.4361874 ], [ -79.947085, 40.4362235 ], [ -79.9471356, 40.436261099999989 ], [ -79.947173, 40.4362854 ], [ -79.9472838, 40.4363171 ], [ -79.9474006, 40.4363416 ], [ -79.9474139, 40.4363532 ], [ -79.9473447, 40.4363929 ], [ -79.9474052, 40.4364202 ], [ -79.9475719, 40.43644110000001 ], [ -79.9476528, 40.436465 ], [ -79.9476774, 40.43653470000001 ] ] } },
{ "type": "Feature", "properties": { "seg_id": "service-1243-00", "corridor": null, "walk_class": "service", "length_m": 72.69 }, "geometry": { "type": "LineString", "coordinates": [ [ -79.947503, 40.4475812 ], [ -79.9474345, 40.4475978 ], [ -79.947406700000016, 40.447603 ], [ -79.946905, 40.4476374 ], [ -79.9468642, 40.4476207 ], [ -79.9468429, 40.4474637 ] ] } },
{ "type": "Feature", "properties": { "seg_id": "north-neville-street-1244-00", "corridor": "North Neville Street", "walk_class": "sidewalk", "length_m": 25.19 }, "geometry": { "type": "LineString", "coordinates": [ [ -79.9475061, 40.4471993 ], [ -79.9474932, 40.4471906 ], [ -79.9474045, 40.4470804 ], [ -79.9473561, 40.44702010000001 ], [ -79.9473505, 40.4470071 ] ] } },
{ "type": "Feature", "properties": { "seg_id": "fifth-avenue-1245-00", "corridor": "Fifth Avenue", "walk_class": "sidewalk", "length_m": 21.85 }, "geometry": { "type": "LineString", "coordinates": [ [ -79.9472379, 40.4471654 ], [ -79.94726, 40.4471652 ], [ -79.9473249, 40.4471723 ], [ -79.9474932, 40.4471906 ] ] } },
{ "type": "Feature", "properties": { "seg_id": "forbes-avenue-1246-00", "corridor": "Forbes Avenue", "walk_class": "sidewalk", "length_m": 29.4 }, "geometry": { "type": "LineString", "coordinates": [ [ -79.9475293, 40.4446881 ], [ -79.9473354, 40.4446863 ], [ -79.9472713, 40.4445804 ] ] } },
{ "type": "Feature", "properties": { "seg_id": "sidewalk-1247-00", "corridor": null, "walk_class": "sidewalk", "length_m": 38.13 }, "geometry": { "type": "LineString", "coordinates": [ [ -79.9472207, 40.439064 ], [ -79.9473152, 40.438997799999989 ], [ -79.9474289, 40.43891820000001 ], [ -79.9474617, 40.438907 ], [ -79.947491900000017, 40.4389167 ], [ -79.9475594, 40.4389714 ] ] } },
{ "type": "Feature", "properties": { "seg_id": "service-1248-00", "corridor": null, "walk_class": "service", "length_m": 37.78 }, "geometry": { "type": "LineString", "coordinates": [ [ -79.9473129, 40.454438 ], [ -79.9472929, 40.4543762 ], [ -79.947206, 40.4541076 ] ] } },
{ "type": "Feature", "properties": { "seg_id": "steps-1249-00", "corridor": null, "walk_class": "steps", "length_m": 3.78 }, "geometry": { "type": "LineString", "coordinates": [ [ -79.9475233, 40.438272499999989 ], [ -79.9475552, 40.4382487 ] ] } },
{ "type": "Feature", "properties": { "seg_id": "sidewalk-1250-00", "corridor": null, "walk_class": "sidewalk", "length_m": 7.85 }, "geometry": { "type": "LineString", "coordinates": [ [ -79.9475051, 40.4381113 ], [ -79.9474427, 40.4380591 ] ] } },
{ "type": "Feature", "properties": { "seg_id": "sidewalk-1251-00", "corridor": "Bayard Place", "walk_class": "sidewalk", "length_m": 95.47 }, "geometry": { "type": "LineString", "coordinates": [ [ -79.9469681, 40.4508694 ], [ -79.946954, 40.4508601 ], [ -79.9469436, 40.4508443 ], [ -79.946937, 40.4508271 ], [ -79.9469264, 40.4508046 ], [ -79.9469238, 40.450784600000013 ], [ -79.9469271, 40.4507376 ], [ -79.9471529, 40.4503126 ], [ -79.9471917, 40.450292 ], [ -79.9472257, 40.4502804 ], [ -79.9472539, 40.450271 ], [ -79.9472762, 40.4502581 ], [ -79.9472926, 40.4502429 ], [ -79.9473073, 40.4502272 ], [ -79.9473107, 40.4502059 ], [ -79.9473093, 40.4501903 ], [ -79.9473002, 40.4501735 ], [ -79.947285, 40.4501609 ], [ -79.9472509, 40.4501453 ], [ -79.947239064783176, 40.450143642553549 ] ] } },
{ "type": "Feature", "properties": { "seg_id": "sidewalk-1251-01", "corridor": "Bayard Place", "walk_class": "sidewalk", "length_m": 95.47 }, "geometry": { "type": "LineString", "coordinates": [ [ -79.947239064783176, 40.450143642553549 ], [ -79.9472052, 40.4501389 ], [ -79.9471729, 40.4501488 ], [ -79.9471612, 40.4501565 ], [ -79.947146, 40.4501738 ], [ -79.9470999, 40.4502516 ], [ -79.946862600000017, 40.4506608 ], [ -79.9468505, 40.4506891 ], [ -79.946843, 40.4507219 ], [ -79.9468355, 40.4507596 ], [ -79.9468375, 40.4507863 ], [ -79.946841, 40.4508222 ], [ -79.946855, 40.450857599999985 ], [ -79.9468666, 40.4508809 ], [ -79.9468651, 40.4508965 ] ] } },
{ "type": "Feature", "properties": { "seg_id": "south-neville-street-1252-00", "corridor": "South Neville Street", "walk_class": "sidewalk", "length_m": 93.89 }, "geometry": { "type": "LineString", "coordinates": [ [ -79.9466437, 40.445397699999987 ], [ -79.9466602, 40.4454331 ], [ -79.9466743, 40.445486 ], [ -79.9468645, 40.4459307 ], [ -79.946883900000017, 40.4459685 ], [ -79.946903, 40.4460135 ], [ -79.946983571022557, 40.446202211096185 ] ] } },
{ "type": "Feature", "properties": { "seg_id": "south-neville-street-1252-01", "corridor": "South Neville Street", "walk_class": "sidewalk", "length_m": 93.89 }, "geometry": { "type": "LineString", "coordinates": [ [ -79.946983571022557, 40.446202211096185 ], [ -79.9470313, 40.446314 ], [ -79.9471162, 40.4465072 ], [ -79.9472961, 40.446922 ], [ -79.947323, 40.4469813 ], [ -79.9473332, 40.4469988 ], [ -79.9473382, 40.4470028 ] ] } },
{ "type": "Feature", "properties": { "seg_id": "sidewalk-1253-00", "corridor": null, "walk_class": "sidewalk", "length_m": 15.59 }, "geometry": { "type": "LineString", "coordinates": [ [ -79.9474033, 40.4380259 ], [ -79.947397, 40.4380313 ], [ -79.9473933, 40.438038 ], [ -79.9473926, 40.4380452 ], [ -79.9473949, 40.4380522 ], [ -79.9474001, 40.4380583 ], [ -79.947407500000011, 40.4380628 ], [ -79.9474164, 40.4380652 ], [ -79.9474259, 40.4380654 ], [ -79.947435, 40.43806330000001 ], [ -79.9474427, 40.4380591 ], [ -79.9474484, 40.4380529 ], [ -79.9474512, 40.4380457 ], [ -79.9474506, 40.4380382 ], [ -79.9474468, 40.4380312 ], [ -79.9474401, 40.4380256 ], [ -79.9474314, 40.438022 ], [ -79.9474216, 40.4380208 ], [ -79.9474119, 40.4380222 ], [ -79.9474033, 40.4380259 ] ] } },
{ "type": "Feature", "properties": { "seg_id": "service-1254-00", "corridor": null, "walk_class": "service", "length_m": 33.76 }, "geometry": { "type": "LineString", "coordinates": [ [ -79.9471001, 40.437979 ], [ -79.9471654, 40.4380261 ], [ -79.947193, 40.438046 ], [ -79.9474058, 40.4381733 ] ] } },
{ "type": "Feature", "properties": { "seg_id": "sidewalk-1255-00", "corridor": null, "walk_class": "sidewalk", "length_m": 26.57 }, "geometry": { "type": "LineString", "coordinates": [ [ -79.9471811, 40.4378572 ], [ -79.9474033, 40.4380259 ] ] } },
{ "type": "Feature", "properties": { "seg_id": "service-1256-00", "corridor": null, "walk_class": "service", "length_m": 26.17 }, "geometry": { "type": "LineString", "coordinates": [ [ -79.9469573, 40.4463264 ], [ -79.9470313, 40.446314 ], [ -79.9472622, 40.4462913 ] ] } },
{ "type": "Feature", "properties": { "seg_id": "south-neville-street-1257-00", "corridor": "Boundary Street", "walk_class": "sidewalk", "length_m": 99.72 }, "geometry": { "type": "LineString", "coordinates": [ [ -79.9465347, 40.444577 ], [ -79.9465501, 40.4445839 ], [ -79.9465507, 40.4446261 ], [ -79.9465526, 40.4447468 ], [ -79.9465582, 40.4448078 ], [ -79.9465529, 40.44481960000001 ], [ -79.9465429, 40.4448356 ], [ -79.946455, 40.445074 ], [ -79.9464509, 40.4452314 ], [ -79.946457, 40.4453178 ], [ -79.9464746, 40.445368 ], [ -79.946505712946262, 40.445451480624541 ] ] } },
{ "type": "Feature", "properties": { "seg_id": "south-neville-street-1257-01", "corridor": "South Neville Street", "walk_class": "sidewalk", "length_m": 99.72 }, "geometry": { "type": "LineString", "coordinates": [ [ -79.946505712946262, 40.445451480624541 ], [ -79.9465191, 40.4454874 ], [ -79.9467638, 40.4460556 ], [ -79.9467902, 40.4461136 ], [ -79.9468024, 40.4461406 ], [ -79.9468713, 40.4462964 ], [ -79.946874854265687, 40.446304323332008 ] ] } },
{ "type": "Feature", "properties": { "seg_id": "south-neville-street-1257-02", "corridor": "South Neville Street", "walk_class": "sidewalk", "length_m": 99.72 }, "geometry": { "type": "LineString", "coordinates": [ [ -79.946874854265687, 40.446304323332008 ], [ -79.9469267, 40.4464199 ], [ -79.9469701, 40.446516499999987 ], [ -79.9470032, 40.4465941 ], [ -79.9470267, 40.4466404 ], [ -79.9470442, 40.4466869 ], [ -79.9470527, 40.4467042 ], [ -79.9471059, 40.4468359 ], [ -79.9471631, 40.4469768 ], [ -79.9471639, 40.4469984 ], [ -79.94718450000002, 40.4470135 ], [ -79.9472066, 40.4470761 ], [ -79.94722950000002, 40.4471407 ], [ -79.9472238, 40.4471554 ] ] } },
{ "type": "Feature", "properties": { "seg_id": "sidewalk-1258-00", "corridor": null, "walk_class": "sidewalk", "length_m": 3.27 }, "geometry": { "type": "LineString", "coordinates": [ [ -79.9473156, 40.4382374 ], [ -79.9473427, 40.4382584 ] ] } },
{ "type": "Feature", "properties": { "seg_id": "sidewalk-1259-00", "corridor": null, "walk_class": "sidewalk", "length_m": 106.83 }, "geometry": { "type": "LineString", "coordinates": [ [ -79.9471979, 40.4416743 ], [ -79.9472634, 40.4417534 ], [ -79.9471671, 40.4418069 ], [ -79.9470372, 40.4418856 ], [ -79.9468797, 40.4418913 ], [ -79.946832, 40.4420115 ], [ -79.9467897, 40.4421501 ], [ -79.9467116, 40.4421371 ], [ -79.9465258, 40.4421033 ], [ -79.946496, 40.4420971 ], [ -79.946454000298644, 40.442098379801131 ] ] } },
{ "type": "Feature", "properties": { "seg_id": "sidewalk-1259-01", "corridor": null, "walk_class": "sidewalk", "length_m": 106.83 }, "geometry": { "type": "LineString", "coordinates": [ [ -79.946454000298644, 40.442098379801131 ], [ -79.9462794, 40.4421037 ], [ -79.9461902, 40.4421047 ], [ -79.9460843, 40.4420811 ], [ -79.94592830000002, 40.4420529 ], [ -79.9458064, 40.4420272 ], [ -79.9454947, 40.4419541 ], [ -79.945231591851524, 40.44189999646602 ] ] } },
{ "type": "Feature", "properties": { "seg_id": "sidewalk-1259-02", "corridor": null, "walk_class": "sidewalk", "length_m": 106.83 }, "geometry": { "type": "LineString", "coordinates": [ [ -79.945231591851524, 40.44189999646602 ], [ -79.945058, 40.4418643 ], [ -79.9446108, 40.4417677 ], [ -79.9440157, 40.441649 ] ] } },
{ "type": "Feature", "properties": { "seg_id": "schenley-drive-1260-00", "corridor": null, "walk_class": "sidewalk", "length_m": 99.79 }, "geometry": { "type": "LineString", "coordinates": [ [ -79.9472815, 40.4391331 ], [ -79.9472207, 40.439064 ], [ -79.9471875, 40.4390326 ], [ -79.9470432, 40.4389365 ], [ -79.9468721, 40.4388417 ], [ -79.9467236, 40.4387801 ], [ -79.94662150000002, 40.4387346 ], [ -79.9465562, 40.4386953 ], [ -79.9464862, 40.4386532 ], [ -79.9463664, 40.438581 ] ] } },
{ "type": "Feature", "properties": { "seg_id": "service-1261-00", "corridor": null, "walk_class": "service", "length_m": 113.48 }, "geometry": { "type": "LineString", "coordinates": [ [ -79.9461624, 40.453103 ], [ -79.9462306, 40.4530816 ], [ -79.946303, 40.4530588 ], [ -79.9463965, 40.4530056 ], [ -79.9465104, 40.4529615 ], [ -79.9466617, 40.4529209 ], [ -79.9467838, 40.4529335 ], [ -79.9468461, 40.4529613 ], [ -79.9468769, 40.4530274 ], [ -79.9469387, 40.4531674 ], [ -79.9470119, 40.4533159 ], [ -79.9470448, 40.4533825 ] ] } },
{ "type": "Feature", "properties": { "seg_id": "service-1262-00", "corridor": null, "walk_class": "service", "length_m": 92.86 }, "geometry": { "type": "LineString", "coordinates": [ [ -79.9472162, 40.4415682 ], [ -79.9472069, 40.441622 ], [ -79.9471979, 40.4416743 ], [ -79.9471671, 40.4418069 ], [ -79.9471966, 40.441978199999987 ], [ -79.9471763, 40.442128399999987 ], [ -79.947083207483615, 40.442389927978105 ] ] } },
{ "type": "Feature", "properties": { "seg_id": "service-1262-01", "corridor": null, "walk_class": "service", "length_m": 92.86 }, "geometry": { "type": "LineString", "coordinates": [ [ -79.947083207483615, 40.442389927978105 ], [ -79.9469875, 40.4426588 ], [ -79.9469501, 40.4427656 ], [ -79.9468263, 40.4428319 ], [ -79.9467265, 40.4428638 ], [ -79.9464599, 40.4429346 ], [ -79.9464347, 40.44293720000001 ], [ -79.946416313271655, 40.442937869104441 ] ] } },
{ "type": "Feature", "properties": { "seg_id": "service-1262-02", "corridor": null, "walk_class": "service", "length_m": 92.86 }, "geometry": { "type": "LineString", "coordinates": [ [ -79.946416313271655, 40.442937869104441 ], [ -79.9462973, 40.442942199999983 ], [ -79.9460227, 40.442916 ], [ -79.9457322, 40.442897 ], [ -79.9454218, 40.4428768 ], [ -79.945336, 40.4429095 ] ] } },
{ "type": "Feature", "properties": { "seg_id": "hamerschlag-outside-1263-00", "corridor": null, "walk_class": "sidewalk", "length_m": 20.25 }, "geometry": { "type": "LineString", "coordinates": [ [ -79.9471966, 40.441978199999987 ], [ -79.9470763, 40.4420113 ], [ -79.9470406, 40.4420915 ] ] } },
{ "type": "Feature", "properties": { "seg_id": "service-1264-00", "corridor": null, "walk_class": "service", "length_m": 84.33 }, "geometry": { "type": "LineString", "coordinates": [ [ -79.9470893, 40.4466318 ], [ -79.9470267, 40.4466404 ], [ -79.9467447, 40.4466693 ], [ -79.9467292, 40.4466709 ], [ -79.9464203, 40.4466932 ], [ -79.946291, 40.4467015 ], [ -79.9462243, 40.4467058 ], [ -79.946101109905726, 40.44671364436153 ] ] } },
{ "type": "Feature", "properties": { "seg_id": "service-1264-01", "corridor": null, "walk_class": "service", "length_m": 84.33 }, "geometry": { "type": "LineString", "coordinates": [ [ -79.946101109905726, 40.44671364436153 ], [ -79.9460437, 40.44671730000001 ], [ -79.9459471, 40.4466839 ], [ -79.9457936, 40.4466949 ], [ -79.9456671, 40.4467039 ], [ -79.9456396, 40.4465112 ], [ -79.945638, 40.4464995 ], [ -79.945774, 40.4464888 ], [ -79.9459169, 40.4464776 ] ] } },
{ "type": "Feature", "properties": { "seg_id": "panther-hollow-road-1265-00", "corridor": null, "walk_class": "sidewalk", "length_m": 106.73 }, "geometry": { "type": "LineString", "coordinates": [ [ -79.9466243, 40.43605 ], [ -79.9466168, 40.4361058 ], [ -79.9465966, 40.4361464 ], [ -79.9465667, 40.4361992 ], [ -79.9465602, 40.4362329 ], [ -79.9465573, 40.4362445 ], [ -79.94655880000002, 40.436298 ], [ -79.9466171, 40.4364801 ], [ -79.9467849, 40.4368716 ], [ -79.946820988999207, 40.436973482369062 ] ] } },
{ "type": "Feature", "properties": { "seg_id": "panther-hollow-road-1265-01", "corridor": null, "walk_class": "sidewalk", "length_m": 106.73 }, "geometry": { "type": "LineString", "coordinates": [ [ -79.946820988999207, 40.436973482369062 ], [ -79.9469019, 40.4372019 ], [ -79.9470328, 40.4375316 ], [ -79.947174, 40.4378421 ], [ -79.9471811, 40.4378572 ], [ -79.947192530581646, 40.437891603823303 ] ] } },
{ "type": "Feature", "properties": { "seg_id": "panther-hollow-road-1265-02", "corridor": "Panther Hollow Road", "walk_class": "sidewalk", "length_m": 106.73 }, "geometry": { "type": "LineString", "coordinates": [ [ -79.947192530581646, 40.437891603823303 ], [ -79.9472015, 40.4379186 ], [ -79.9472189, 40.4379693 ], [ -79.947193, 40.438046 ], [ -79.9471617, 40.4381386 ], [ -79.9471252, 40.438163899999985 ], [ -79.9469903, 40.4383229 ], [ -79.9468832, 40.43842570000001 ], [ -79.9467742, 40.4385079 ], [ -79.9466768, 40.4385895 ], [ -79.9466346, 40.4386289 ], [ -79.9467007, 40.438676499999985 ] ] } },
{ "type": "Feature", "properties": { "seg_id": "sidewalk-1266-00", "corridor": null, "walk_class": "sidewalk", "length_m": 3.42 }, "geometry": { "type": "LineString", "coordinates": [ [ -79.9471413, 40.438363 ], [ -79.9471696, 40.4383849 ] ] } },
{ "type": "Feature", "properties": { "seg_id": "service-1267-00", "corridor": null, "walk_class": "service", "length_m": 46.59 }, "geometry": { "type": "LineString", "coordinates": [ [ -79.9464364, 40.4533336 ], [ -79.9464593, 40.4533182 ], [ -79.946489, 40.4533091 ], [ -79.9468884, 40.4531891 ], [ -79.9469387, 40.4531674 ] ] } },
{ "type": "Feature", "properties": { "seg_id": "sidewalk-1268-00", "corridor": null, "walk_class": "sidewalk", "length_m": 12.03 }, "geometry": { "type": "LineString", "coordinates": [ [ -79.9470572, 40.438421 ], [ -79.947152, 40.4385016 ] ] } },
{ "type": "Feature", "properties": { "seg_id": "sidewalk-1269-00", "corridor": null, "walk_class": "sidewalk", "length_m": 37.57 }, "geometry": { "type": "LineString", "coordinates": [ [ -79.9469768, 40.4412495 ], [ -79.9470775, 40.4413529 ], [ -79.947023, 40.4414492 ], [ -79.9469998, 40.4414972 ], [ -79.9469812, 40.4415487 ] ] } },
{ "type": "Feature", "properties": { "seg_id": "schenley-drive-1270-00", "corridor": null, "walk_class": "sidewalk", "length_m": 96.38 }, "geometry": { "type": "LineString", "coordinates": [ [ -79.9462843, 40.4361951 ], [ -79.9463584, 40.4362963 ], [ -79.9463825, 40.4363381 ], [ -79.9464182, 40.4364092 ], [ -79.9464683, 40.4365691 ], [ -79.946532, 40.4367834 ], [ -79.946618338994767, 40.437020624538015 ] ] } },
{ "type": "Feature", "properties": { "seg_id": "schenley-drive-1270-01", "corridor": null, "walk_class": "sidewalk", "length_m": 96.38 }, "geometry": { "type": "LineString", "coordinates": [ [ -79.946618338994767, 40.437020624538015 ], [ -79.9466255, 40.4370403 ], [ -79.9467898, 40.4374114 ], [ -79.9468618, 40.4375758 ], [ -79.9469572, 40.4377834 ], [ -79.946983359922172, 40.437842752104324 ] ] } },
{ "type": "Feature", "properties": { "seg_id": "schenley-drive-1270-02", "corridor": "Panther Hollow Road", "walk_class": "sidewalk", "length_m": 96.38 }, "geometry": { "type": "LineString", "coordinates": [ [ -79.946983359922172, 40.437842752104324 ], [ -79.9469944, 40.4378678 ], [ -79.9470081, 40.4379399 ], [ -79.9470072, 40.4380218 ], [ -79.9469561, 40.4381286 ], [ -79.9468523, 40.4382437 ], [ -79.9467475, 40.438347 ], [ -79.9466372, 40.4384275 ], [ -79.9465252, 40.4384982 ], [ -79.9464766, 40.438529 ], [ -79.94644631108072, 40.438542940516236 ] ] } },
{ "type": "Feature", "properties": { "seg_id": "schenley-drive-1270-03", "corridor": "Schenley Drive", "walk_class": "sidewalk", "length_m": 96.38 }, "geometry": { "type": "LineString", "coordinates": [ [ -79.94644631108072, 40.438542940516236 ], [ -79.946404900000019, 40.438562 ], [ -79.9463664, 40.438581 ], [ -79.9462709, 40.438606 ], [ -79.9461889, 40.4386171 ], [ -79.9460166, 40.4386081 ], [ -79.9458824, 40.4385981 ], [ -79.9456841, 40.4385841 ], [ -79.9454673, 40.4386037 ], [ -79.945337680064284, 40.438626031175509 ] ] } },
{ "type": "Feature", "properties": { "seg_id": "schenley-drive-1270-04", "corridor": "Schenley Drive", "walk_class": "sidewalk", "length_m": 96.38 }, "geometry": { "type": "LineString", "coordinates": [ [ -79.945337680064284, 40.438626031175509 ], [ -79.9452328, 40.4386441 ], [ -79.944981500000011, 40.4386946 ], [ -79.9447187, 40.4387511 ], [ -79.9445223, 40.4387976 ], [ -79.9443595, 40.4388528 ], [ -79.944264425116813, 40.438898303980821 ] ] } },
{ "type": "Feature", "properties": { "seg_id": "schenley-drive-1270-05", "corridor": "Schenley Drive", "walk_class": "sidewalk", "length_m": 96.38 }, "geometry": { "type": "LineString", "coordinates": [ [ -79.944264425116813, 40.438898303980821 ], [ -79.9442356, 40.4389121 ], [ -79.9441082, 40.438999 ], [ -79.9439693, 40.4391235 ], [ -79.94388, 40.4392142 ], [ -79.9437747, 40.4393289 ], [ -79.9436756, 40.4394219 ], [ -79.9436066, 40.4394811 ], [ -79.9435588, 40.4395121 ], [ -79.943497562166186, 40.439519778429016 ] ] } },
{ "type": "Feature", "properties": { "seg_id": "schenley-drive-1270-06", "corridor": null, "walk_class": "sidewalk", "length_m": 96.38 }, "geometry": { "type": "LineString", "coordinates": [ [ -79.943497562166186, 40.439519778429016 ], [ -79.9434942, 40.439520199999983 ], [ -79.9434429, 40.4395114 ], [ -79.9433993, 40.4394944 ], [ -79.9433557, 40.4394529 ], [ -79.9433353, 40.439403 ], [ -79.9433358, 40.4393517 ], [ -79.9433697, 40.4392773 ], [ -79.9435691, 40.4390162 ], [ -79.943743587196352, 40.438804545944841 ] ] } },
{ "type": "Feature", "properties": { "seg_id": "schenley-drive-1270-07", "corridor": null, "walk_class": "sidewalk", "length_m": 96.38 }, "geometry": { "type": "LineString", "coordinates": [ [ -79.943743587196352, 40.438804545944841 ], [ -79.9438151, 40.4387178 ], [ -79.9438301, 40.4386957 ], [ -79.9438983, 40.4385945 ], [ -79.9439506, 40.4384403 ], [ -79.943986, 40.4383095 ], [ -79.9440471, 40.4382071 ], [ -79.944171, 40.4381074 ], [ -79.944249546145386, 40.438048537229605 ] ] } },
{ "type": "Feature", "properties": { "seg_id": "schenley-drive-1270-08", "corridor": null, "walk_class": "sidewalk", "length_m": 96.38 }, "geometry": { "type": "LineString", "coordinates": [ [ -79.944249546145386, 40.438048537229605 ], [ -79.9448075, 40.4376304 ], [ -79.9448579, 40.4375806 ], [ -79.9448924, 40.437515899999987 ], [ -79.9449128, 40.4374458 ], [ -79.9449031, 40.4373798 ] ] } },
{ "type": "Feature", "properties": { "seg_id": "service-1271-00", "corridor": null, "walk_class": "service", "length_m": 100.46 }, "geometry": { "type": "LineString", "coordinates": [ [ -79.944656400000014, 40.443142299999984 ], [ -79.9446964, 40.4430839 ], [ -79.9447232, 40.4430451 ], [ -79.9447796, 40.4430125 ], [ -79.9450224, 40.4429628 ], [ -79.945336, 40.4429095 ], [ -79.9454018, 40.442957099999987 ], [ -79.945697589003331, 40.443019341400074 ] ] } },
{ "type": "Feature", "properties": { "seg_id": "service-1271-01", "corridor": null, "walk_class": "service", "length_m": 100.46 }, "geometry": { "type": "LineString", "coordinates": [ [ -79.945697589003331, 40.443019341400074 ], [ -79.9461636, 40.4431174 ], [ -79.9464187, 40.4431751 ], [ -79.9468352, 40.4432641 ], [ -79.946837262008188, 40.443265278291648 ] ] } },
{ "type": "Feature", "properties": { "seg_id": "service-1271-02", "corridor": null, "walk_class": "service", "length_m": 100.46 }, "geometry": { "type": "LineString", "coordinates": [ [ -79.946837262008188, 40.443265278291648 ], [ -79.9469038, 40.4433033 ], [ -79.946921, 40.4433751 ], [ -79.9468609, 40.4435711 ], [ -79.9468084, 40.4437142 ], [ -79.9467579, 40.4438455 ], [ -79.946666646525287, 40.444118443898873 ] ] } },
{ "type": "Feature", "properties": { "seg_id": "service-1271-03", "corridor": null, "walk_class": "service", "length_m": 100.46 }, "geometry": { "type": "LineString", "coordinates": [ [ -79.946666646525287, 40.444118443898873 ], [ -79.9466016, 40.444313 ], [ -79.9465347, 40.444577 ], [ -79.946535, 40.4445845 ], [ -79.9465433, 40.444773 ], [ -79.9465529, 40.44481960000001 ], [ -79.946557, 40.4448377 ], [ -79.9466485, 40.444678799999984 ] ] } },
{ "type": "Feature", "properties": { "seg_id": "sidewalk-1272-00", "corridor": null, "walk_class": "sidewalk", "length_m": 3.78 }, "geometry": { "type": "LineString", "coordinates": [ [ -79.9469582, 40.438492 ], [ -79.9469905, 40.4385155 ] ] } },
{ "type": "Feature", "properties": { "seg_id": "clyde-street-1273-00", "corridor": "Clyde Street", "walk_class": "sidewalk", "length_m": 123.66 }, "geometry": { "type": "LineString", "coordinates": [ [ -79.9454369, 40.4471419 ], [ -79.9454447, 40.4472053 ], [ -79.9454544, 40.447284199999977 ], [ -79.9454586, 40.447319799999988 ], [ -79.9455267, 40.4478946 ], [ -79.9455574, 40.4481466 ], [ -79.945664743268438, 40.448212304547148 ] ] } },
{ "type": "Feature", "properties": { "seg_id": "clyde-street-1273-01", "corridor": "Clyde Street", "walk_class": "sidewalk", "length_m": 123.66 }, "geometry": { "type": "LineString", "coordinates": [ [ -79.945664743268438, 40.448212304547148 ], [ -79.94604360000001, 40.4484442 ], [ -79.946235700000017, 40.4485617 ], [ -79.9466603, 40.4488216 ], [ -79.9466731, 40.4488247 ], [ -79.9466857, 40.4488336 ], [ -79.946736, 40.4488653 ], [ -79.9467899, 40.4488991 ], [ -79.9468048, 40.4489054 ] ] } },
{ "type": "Feature", "properties": { "seg_id": "ellsworth-terrace-1274-00", "corridor": "Ellsworth Terrace", "walk_class": "street", "length_m": 68.99 }, "geometry": { "type": "LineString", "coordinates": [ [ -79.9467825, 40.4497561 ], [ -79.9467747, 40.4497103 ], [ -79.9465571, 40.4494645 ], [ -79.946527, 40.4494049 ], [ -79.9464022, 40.449287299999988 ], [ -79.9463501, 40.4492381 ] ] } },
{ "type": "Feature", "properties": { "seg_id": "sidewalk-1275-00", "corridor": null, "walk_class": "sidewalk", "length_m": 16.07 }, "geometry": { "type": "LineString", "coordinates": [ [ -79.9468875, 40.4393486 ], [ -79.9468086, 40.4393664 ], [ -79.9467907, 40.4393704 ], [ -79.9467048, 40.4393867 ] ] } },
{ "type": "Feature", "properties": { "seg_id": "sidewalk-1276-00", "corridor": null, "walk_class": "sidewalk", "length_m": 30.43 }, "geometry": { "type": "LineString", "coordinates": [ [ -79.9468316, 40.441256399999986 ], [ -79.9465732, 40.44133 ], [ -79.9465457, 40.441389799999989 ] ] } },
{ "type": "Feature", "properties": { "seg_id": "south-neville-street-1277-00", "corridor": "South Neville Street", "walk_class": "sidewalk", "length_m": 10.61 }, "geometry": { "type": "LineString", "coordinates": [ [ -79.9467447, 40.4466693 ], [ -79.9467362, 40.446614 ], [ -79.9467189, 40.4465764 ] ] } },
{ "type": "Feature", "properties": { "seg_id": "clyde-street-1278-00", "corridor": "Clyde Street", "walk_class": "street", "length_m": 118.66 }, "geometry": { "type": "LineString", "coordinates": [ [ -79.946697, 40.4489016 ], [ -79.946634, 40.4488632 ], [ -79.9461997, 40.4485983 ], [ -79.946176, 40.4485839 ], [ -79.9460068, 40.4484806 ], [ -79.945919, 40.448427100000011 ], [ -79.9457396, 40.4483177 ], [ -79.945603496929792, 40.448234674926439 ] ] } },
{ "type": "Feature", "properties": { "seg_id": "clyde-street-1278-01", "corridor": "Clyde Street", "walk_class": "street", "length_m": 118.66 }, "geometry": { "type": "LineString", "coordinates": [ [ -79.945603496929792, 40.448234674926439 ], [ -79.945506, 40.4481752 ], [ -79.9454937, 40.4481677 ], [ -79.94545930000001, 40.4478992 ], [ -79.9454401, 40.4477258 ], [ -79.9453892, 40.44732350000001 ], [ -79.9453777, 40.4472102 ] ] } },
{ "type": "Feature", "properties": { "seg_id": "service-1279-00", "corridor": null, "walk_class": "service", "length_m": 79.46 }, "geometry": { "type": "LineString", "coordinates": [ [ -79.9461997, 40.4485983 ], [ -79.946235700000017, 40.4485617 ], [ -79.9465426, 40.4482498 ], [ -79.946632, 40.4481056 ], [ -79.9466874, 40.447993 ] ] } },
{ "type": "Feature", "properties": { "seg_id": "sidewalk-1280-00", "corridor": null, "walk_class": "sidewalk", "length_m": 3.85 }, "geometry": { "type": "LineString", "coordinates": [ [ -79.9467745, 40.4386236 ], [ -79.9468054, 40.438649 ] ] } },
{ "type": "Feature", "properties": { "seg_id": "service-1281-00", "corridor": null, "walk_class": "service", "length_m": 23.8 }, "geometry": { "type": "LineString", "coordinates": [ [ -79.9465483, 40.436059299999989 ], [ -79.9466243, 40.43605 ], [ -79.9466661, 40.436042 ], [ -79.9468219, 40.4360124 ] ] } },
{ "type": "Feature", "properties": { "seg_id": "service-1282-00", "corridor": null, "walk_class": "service", "length_m": 42.81 }, "geometry": { "type": "LineString", "coordinates": [ [ -79.946401, 40.4531735 ], [ -79.946421, 40.4532256 ], [ -79.946421, 40.4532443 ], [ -79.9464204, 40.453263899999989 ], [ -79.9464233, 40.4532904 ], [ -79.9464364, 40.4533336 ], [ -79.9464381, 40.4533391 ], [ -79.9464495, 40.45341 ], [ -79.9464834, 40.4534797 ], [ -79.9465155, 40.453546 ] ] } },
{ "type": "Feature", "properties": { "seg_id": "sidewalk-1283-00", "corridor": null, "walk_class": "sidewalk", "length_m": 17.15 }, "geometry": { "type": "LineString", "coordinates": [ [ -79.9465501, 40.4445839 ], [ -79.9465765, 40.444583 ], [ -79.9465743, 40.444625 ], [ -79.9465727, 40.4446544 ], [ -79.9466485, 40.444678799999984 ] ] } },
{ "type": "Feature", "properties": { "seg_id": "clyde-street-1284-00", "corridor": "Clyde Street", "walk_class": "sidewalk", "length_m": 6.09 }, "geometry": { "type": "LineString", "coordinates": [ [ -79.9465214, 40.4488755 ], [ -79.9465662, 40.4489047 ], [ -79.9465679, 40.448908099999983 ], [ -79.9465709, 40.4489139 ] ] } },
{ "type": "Feature", "properties": { "seg_id": "sidewalk-1285-00", "corridor": null, "walk_class": "sidewalk", "length_m": 144.34 }, "geometry": { "type": "LineString", "coordinates": [ [ -79.9464364, 40.4411646 ], [ -79.9464575, 40.4411017 ], [ -79.9465004, 40.4409514 ], [ -79.9465262, 40.440873 ], [ -79.9465605, 40.4407881 ], [ -79.9465691, 40.4407097 ], [ -79.9465691, 40.4406052 ], [ -79.94657770000002, 40.4404941 ], [ -79.94657770000002, 40.4404158 ], [ -79.9465948, 40.4403374 ], [ -79.9466206, 40.440161 ], [ -79.9466378, 40.4400303 ], [ -79.9466686, 40.4398815 ] ] } },
{ "type": "Feature", "properties": { "seg_id": "devonshire-street-1286-00", "corridor": "Devonshire Street", "walk_class": "sidewalk", "length_m": 130.15 }, "geometry": { "type": "LineString", "coordinates": [ [ -79.945951, 40.4524039 ], [ -79.945945, 40.4524245 ], [ -79.9459652, 40.4524651 ], [ -79.9459841, 40.4525031 ], [ -79.945991, 40.4525156 ], [ -79.9459919, 40.4525223 ], [ -79.9462306, 40.4530816 ], [ -79.9463962, 40.4534695 ], [ -79.9464054, 40.4534778 ], [ -79.9464322, 40.4534859 ], [ -79.9464552, 40.4534884 ] ] } },
{ "type": "Feature", "properties": { "seg_id": "sidewalk-1287-00", "corridor": null, "walk_class": "sidewalk", "length_m": 123.38 }, "geometry": { "type": "LineString", "coordinates": [ [ -79.9439144, 40.4419312 ], [ -79.9445144, 40.4420538 ], [ -79.9449504, 40.4421445 ], [ -79.9450547, 40.4421659 ], [ -79.9451958, 40.4421948 ], [ -79.9452208, 40.4421999 ], [ -79.945262, 40.4422077 ], [ -79.945319245064468, 40.442219547498269 ] ] } },
{ "type": "Feature", "properties": { "seg_id": "sidewalk-1287-01", "corridor": null, "walk_class": "sidewalk", "length_m": 123.38 }, "geometry": { "type": "LineString", "coordinates": [ [ -79.945319245064468, 40.442219547498269 ], [ -79.9455896, 40.4422755 ], [ -79.9456291, 40.4422836 ], [ -79.9456659, 40.442291199999985 ], [ -79.945708, 40.4422998 ], [ -79.9459827, 40.4423588 ], [ -79.9460926, 40.4423786 ], [ -79.9466098, 40.442657 ], [ -79.9466154, 40.4426415 ] ] } },
{ "type": "Feature", "properties": { "seg_id": "steps-1288-00", "corridor": null, "walk_class": "steps", "length_m": 6.46 }, "geometry": { "type": "LineString", "coordinates": [ [ -79.9464585, 40.4462199 ], [ -79.9464846, 40.4462746 ] ] } },
{ "type": "Feature", "properties": { "seg_id": "sidewalk-1289-00", "corridor": null, "walk_class": "sidewalk", "length_m": 3.42 }, "geometry": { "type": "LineString", "coordinates": [ [ -79.9465258, 40.4421033 ], [ -79.9465364, 40.4420736 ] ] } },
{ "type": "Feature", "properties": { "seg_id": "sidewalk-1290-00", "corridor": null, "walk_class": "sidewalk", "length_m": 66.76 }, "geometry": { "type": "LineString", "coordinates": [ [ -79.9464585, 40.4462199 ], [ -79.9464207, 40.4462296 ], [ -79.9458461, 40.446376299999983 ], [ -79.9457586, 40.4463836 ], [ -79.9457055, 40.4463881 ] ] } },
{ "type": "Feature", "properties": { "seg_id": "steps-1291-00", "corridor": null, "walk_class": "steps", "length_m": 42.26 }, "geometry": { "type": "LineString", "coordinates": [ [ -79.946455, 40.445074 ], [ -79.9463027, 40.4450775 ], [ -79.9462196, 40.4450814 ], [ -79.9461285, 40.4450836 ], [ -79.9459763, 40.4450231 ] ] } },
{ "type": "Feature", "properties": { "seg_id": "sidewalk-1292-00", "corridor": null, "walk_class": "sidewalk", "length_m": 103.3 }, "geometry": { "type": "LineString", "coordinates": [ [ -79.9464207, 40.4462296 ], [ -79.9464297, 40.4462514 ], [ -79.9458659, 40.4463953 ], [ -79.9458705, 40.4464299 ], [ -79.9459801, 40.4464233 ], [ -79.9460282, 40.4463992 ], [ -79.9461006, 40.4463933 ], [ -79.9464068, 40.4463685 ] ] } },
{ "type": "Feature", "properties": { "seg_id": "sidewalk-1293-00", "corridor": null, "walk_class": "sidewalk", "length_m": 20.0 }, "geometry": { "type": "LineString", "coordinates": [ [ -79.9463931, 40.44707240000001 ], [ -79.9463763, 40.447007 ], [ -79.9463479, 40.4469162 ], [ -79.9463383, 40.4468974 ] ] } },
{ "type": "Feature", "properties": { "seg_id": "sidewalk-1294-00", "corridor": null, "walk_class": "sidewalk", "length_m": 85.4 }, "geometry": { "type": "LineString", "coordinates": [ [ -79.9457596, 40.4428238 ], [ -79.9457322, 40.442897 ], [ -79.9457114, 40.4429516 ], [ -79.9461784, 40.4430368 ], [ -79.946193100000016, 40.442997 ], [ -79.9464548, 40.4430544 ], [ -79.94644721826019, 40.443073609404401 ] ] } },
{ "type": "Feature", "properties": { "seg_id": "sidewalk-1294-01", "corridor": null, "walk_class": "sidewalk", "length_m": 85.4 }, "geometry": { "type": "LineString", "coordinates": [ [ -79.94644721826019, 40.443073609404401 ], [ -79.9463656, 40.4432804 ], [ -79.9463184, 40.4432704 ], [ -79.9462625, 40.4434256 ], [ -79.9462439, 40.4434774 ], [ -79.94619, 40.443627199999987 ], [ -79.9461768, 40.443664 ], [ -79.9461535, 40.4437285 ], [ -79.9461394, 40.4437678 ] ] } },
{ "type": "Feature", "properties": { "seg_id": "service-1295-00", "corridor": null, "walk_class": "service", "length_m": 54.71 }, "geometry": { "type": "LineString", "coordinates": [ [ -79.9460491, 40.4536838 ], [ -79.9460807, 40.4537469 ], [ -79.946279500000017, 40.4541441 ] ] } },
{ "type": "Feature", "properties": { "seg_id": "devonshire-street-1296-00", "corridor": "Devonshire Street", "walk_class": "sidewalk", "length_m": 91.31 }, "geometry": { "type": "LineString", "coordinates": [ [ -79.9462675, 40.4535437 ], [ -79.9462772, 40.4535245 ], [ -79.945938836445123, 40.452765347352852 ] ] } },
{ "type": "Feature", "properties": { "seg_id": "devonshire-street-1296-01", "corridor": "Devonshire Street", "walk_class": "sidewalk", "length_m": 91.31 }, "geometry": { "type": "LineString", "coordinates": [ [ -79.945938836445123, 40.452765347352852 ], [ -79.945847, 40.4525593 ], [ -79.9458414, 40.4525462 ], [ -79.9458283, 40.452505799999983 ], [ -79.9458136, 40.4524609 ], [ -79.9457976, 40.4524466 ], [ -79.9457967, 40.4524327 ], [ -79.945597685163705, 40.451987488584948 ] ] } },
{ "type": "Feature", "properties": { "seg_id": "devonshire-street-1296-02", "corridor": "Devonshire Street", "walk_class": "sidewalk", "length_m": 91.31 }, "geometry": { "type": "LineString", "coordinates": [ [ -79.945597685163705, 40.451987488584948 ], [ -79.9453686, 40.451475 ], [ -79.9453668, 40.4514552 ], [ -79.9453473, 40.4514018 ], [ -79.9453311, 40.4513573 ], [ -79.9453201, 40.45134250000001 ], [ -79.945261938198072, 40.451207113463056 ] ] } },
{ "type": "Feature", "properties": { "seg_id": "devonshire-street-1296-03", "corridor": "Devonshire Street", "walk_class": "sidewalk", "length_m": 91.31 }, "geometry": { "type": "LineString", "coordinates": [ [ -79.945261938198072, 40.451207113463056 ], [ -79.94499, 40.4505741 ], [ -79.944980300000012, 40.4505649 ], [ -79.9449773, 40.450548699999985 ], [ -79.9449534, 40.4504968 ], [ -79.9449275, 40.450440599999986 ], [ -79.944914400000016, 40.4504315 ] ] } },
{ "type": "Feature", "properties": { "seg_id": "panther-hollow-road-1297-00", "corridor": "Panther Hollow Road", "walk_class": "street", "length_m": 29.64 }, "geometry": { "type": "LineString", "coordinates": [ [ -79.9465483, 40.436059299999989 ], [ -79.9464172, 40.4360486 ], [ -79.9463517, 40.4360537 ], [ -79.9462863, 40.436055 ], [ -79.9462453, 40.43605 ], [ -79.9462018, 40.4360418 ] ] } },
{ "type": "Feature", "properties": { "seg_id": "panther-hollow-road-1298-00", "corridor": "Panther Hollow Road", "walk_class": "street", "length_m": 29.11 }, "geometry": { "type": "LineString", "coordinates": [ [ -79.9465483, 40.436059299999989 ], [ -79.9465104, 40.4361331 ], [ -79.9464896, 40.4361911 ], [ -79.9464633, 40.4363123 ] ] } },
{ "type": "Feature", "properties": { "seg_id": "fifth-avenue-1299-00", "corridor": "Fifth Avenue", "walk_class": "sidewalk", "length_m": 9.84 }, "geometry": { "type": "LineString", "coordinates": [ [ -79.9463763, 40.447007 ], [ -79.9463137, 40.4469854 ], [ -79.9462752, 40.4469644 ] ] } },
{ "type": "Feature", "properties": { "seg_id": "sidewalk-1300-00", "corridor": null, "walk_class": "sidewalk", "length_m": 29.43 }, "geometry": { "type": "LineString", "coordinates": [ [ -79.9464616, 40.4411714 ], [ -79.9463733, 40.4413015 ], [ -79.9463411, 40.4413489 ], [ -79.9463019, 40.4414068 ] ] } },
{ "type": "Feature", "properties": { "seg_id": "service-1301-00", "corridor": null, "walk_class": "service", "length_m": 76.92 }, "geometry": { "type": "LineString", "coordinates": [ [ -79.94545930000001, 40.4478992 ], [ -79.9455267, 40.4478946 ], [ -79.9462834, 40.447826 ], [ -79.946291917185107, 40.447884716521003 ] ] } },
{ "type": "Feature", "properties": { "seg_id": "service-1301-01", "corridor": null, "walk_class": "service", "length_m": 76.92 }, "geometry": { "type": "LineString", "coordinates": [ [ -79.946291917185107, 40.447884716521003 ], [ -79.9463079, 40.4479949 ], [ -79.9463498, 40.4480263 ], [ -79.9463162, 40.4481749 ], [ -79.94604360000001, 40.4484442 ], [ -79.9460068, 40.4484806 ] ] } },
{ "type": "Feature", "properties": { "seg_id": "sidewalk-1302-00", "corridor": null, "walk_class": "sidewalk", "length_m": 78.74 }, "geometry": { "type": "LineString", "coordinates": [ [ -79.9456433, 40.437968 ], [ -79.945694, 40.4380225 ], [ -79.9458064, 40.4380201 ], [ -79.9459394, 40.438032599999985 ], [ -79.9461045, 40.4380629 ], [ -79.9461564, 40.4380873 ], [ -79.9462554, 40.4381386 ], [ -79.9462259, 40.438171 ], [ -79.9462084, 40.4381832 ], [ -79.9461061, 40.438207 ], [ -79.9460618, 40.4382186 ], [ -79.946049629479631, 40.438225186671787 ] ] } },
{ "type": "Feature", "properties": { "seg_id": "sidewalk-1302-01", "corridor": null, "walk_class": "sidewalk", "length_m": 78.74 }, "geometry": { "type": "LineString", "coordinates": [ [ -79.946049629479631, 40.438225186671787 ], [ -79.9460084, 40.438247499999989 ], [ -79.9459665, 40.4382736 ], [ -79.945911400000014, 40.4383063 ], [ -79.9458987, 40.4383224 ], [ -79.9459221, 40.4383356 ], [ -79.9459683, 40.4383397 ], [ -79.9460419, 40.4383424 ], [ -79.9461935, 40.4383437 ], [ -79.9462812, 40.4383216 ], [ -79.9463027, 40.4383464 ], [ -79.946455500000013, 40.4385181 ], [ -79.9464766, 40.438529 ] ] } },
{ "type": "Feature", "properties": { "seg_id": "fifth-avenue-1303-00", "corridor": "Fifth Avenue", "walk_class": "sidewalk", "length_m": 84.78 }, "geometry": { "type": "LineString", "coordinates": [ [ -79.946291, 40.4467015 ], [ -79.9463096, 40.4468026 ], [ -79.9463171, 40.4468325 ], [ -79.9463287, 40.4468788 ], [ -79.9463383, 40.4468974 ], [ -79.9463121, 40.4469377 ], [ -79.9462752, 40.4469644 ], [ -79.946212, 40.4469937 ], [ -79.9461069, 40.447009799999989 ], [ -79.9459901, 40.4470064 ], [ -79.9459527, 40.4470066 ], [ -79.945913, 40.447017 ], [ -79.9458917, 40.4470323 ], [ -79.9458361, 40.4470366 ], [ -79.945759900000013, 40.4470426 ], [ -79.945670903702521, 40.447049308543669 ] ] } },
{ "type": "Feature", "properties": { "seg_id": "fifth-avenue-1303-01", "corridor": "Clyde Street", "walk_class": "sidewalk", "length_m": 84.78 }, "geometry": { "type": "LineString", "coordinates": [ [ -79.945670903702521, 40.447049308543669 ], [ -79.9455755, 40.4470565 ], [ -79.945472, 40.4470629 ], [ -79.9454362, 40.4470743 ], [ -79.9453636, 40.4471029 ], [ -79.9453102, 40.4471188 ], [ -79.945276, 40.4471276 ], [ -79.945235100000019, 40.44712890000001 ], [ -79.945235100000019, 40.4470997 ], [ -79.9452385, 40.4470794 ], [ -79.9452685, 40.4470546 ], [ -79.9453035, 40.447013399999989 ], [ -79.9453102, 40.446961299999984 ], [ -79.9453052, 40.4468966 ], [ -79.945301, 40.4467779 ], [ -79.9453636, 40.446774 ] ] } },
{ "type": "Feature", "properties": { "seg_id": "boundary-street-1304-00", "corridor": null, "walk_class": "sidewalk", "length_m": 111.27 }, "geometry": { "type": "LineString", "coordinates": [ [ -79.9448327, 40.4436593 ], [ -79.9448713, 40.4436537 ], [ -79.9449993, 40.443607 ], [ -79.9450353, 40.443599 ], [ -79.9451068, 40.4436135 ], [ -79.9453118, 40.443691199999989 ], [ -79.945393400000015, 40.4436978 ], [ -79.9455098, 40.4437192 ], [ -79.9456459, 40.4437512 ], [ -79.9457057, 40.4437562 ], [ -79.9457408, 40.443756899999983 ], [ -79.9458709, 40.4437567 ], [ -79.9458945, 40.4437596 ], [ -79.9459152, 40.4437667 ], [ -79.9459437, 40.4437544 ], [ -79.9460253, 40.4437365 ], [ -79.946081250037622, 40.443729270513806 ] ] } },
{ "type": "Feature", "properties": { "seg_id": "boundary-street-1304-01", "corridor": null, "walk_class": "sidewalk", "length_m": 111.27 }, "geometry": { "type": "LineString", "coordinates": [ [ -79.946081250037622, 40.443729270513806 ], [ -79.9461321, 40.4437227 ], [ -79.9461535, 40.4437285 ], [ -79.9462263, 40.4437482 ], [ -79.9463042, 40.443813700000014 ], [ -79.9463567, 40.444468499999985 ], [ -79.9463614, 40.444538799999989 ], [ -79.9463658, 40.4446104 ] ] } },
{ "type": "Feature", "properties": { "seg_id": "forbes-avenue-1305-00", "corridor": "Forbes Avenue", "walk_class": "sidewalk", "length_m": 111.73 }, "geometry": { "type": "LineString", "coordinates": [ [ -79.9463567, 40.444468499999985 ], [ -79.946241, 40.4444745 ], [ -79.9461785, 40.4444756 ], [ -79.9461013, 40.4444774 ], [ -79.9459741, 40.4444794 ], [ -79.9458505, 40.4444826 ], [ -79.945761100000013, 40.4444849 ], [ -79.9455706, 40.4444919 ], [ -79.945379, 40.4444983 ], [ -79.9452836, 40.4445032 ], [ -79.9452087, 40.4445059 ], [ -79.945040612725364, 40.444510774962872 ] ] } },
{ "type": "Feature", "properties": { "seg_id": "forbes-avenue-1305-01", "corridor": "Forbes Avenue", "walk_class": "sidewalk", "length_m": 111.73 }, "geometry": { "type": "LineString", "coordinates": [ [ -79.945040612725364, 40.444510774962872 ], [ -79.9447501, 40.4445192 ], [ -79.9444788, 40.4445258 ], [ -79.944416, 40.444527 ], [ -79.944263, 40.4445272 ], [ -79.9438649, 40.444543 ], [ -79.9438396, 40.4445403 ], [ -79.943727522847823, 40.444519892462459 ] ] } },
{ "type": "Feature", "properties": { "seg_id": "forbes-avenue-1305-02", "corridor": "Forbes Avenue", "walk_class": "sidewalk", "length_m": 111.73 }, "geometry": { "type": "LineString", "coordinates": [ [ -79.943727522847823, 40.444519892462459 ], [ -79.9436353, 40.4445031 ], [ -79.9435705, 40.444524099999981 ], [ -79.9431435, 40.4445186 ], [ -79.9430082, 40.4445168 ], [ -79.942963800000015, 40.4445104 ], [ -79.9428902, 40.4444998 ], [ -79.9425743, 40.4444541 ], [ -79.9424875, 40.4444415 ], [ -79.942428684999328, 40.44443300978778 ] ] } },
{ "type": "Feature", "properties": { "seg_id": "forbes-avenue-1305-03", "corridor": "Forbes Avenue", "walk_class": "sidewalk", "length_m": 111.73 }, "geometry": { "type": "LineString", "coordinates": [ [ -79.942428684999328, 40.44443300978778 ], [ -79.9423635, 40.4444236 ], [ -79.9423012, 40.4444288 ], [ -79.9422138, 40.444414700000017 ], [ -79.9420533, 40.444385899999986 ], [ -79.9419704, 40.4443723 ], [ -79.9417204, 40.4443316 ], [ -79.941401400000018, 40.4442812 ], [ -79.9413826, 40.4442707 ], [ -79.941276, 40.4442537 ], [ -79.9411442, 40.4442286 ] ] } },
{ "type": "Feature", "properties": { "seg_id": "service-1306-00", "corridor": null, "walk_class": "service", "length_m": 54.45 }, "geometry": { "type": "LineString", "coordinates": [ [ -79.9462787, 40.4493058 ], [ -79.946215200000012, 40.4492687 ], [ -79.9460989, 40.449199 ], [ -79.9460346, 40.4491612 ], [ -79.9457683, 40.4490082 ] ] } },
{ "type": "Feature", "properties": { "seg_id": "sidewalk-1307-00", "corridor": null, "walk_class": "sidewalk", "length_m": 4.85 }, "geometry": { "type": "LineString", "coordinates": [ [ -79.9463171, 40.4468325 ], [ -79.9462608, 40.44684 ] ] } },
{ "type": "Feature", "properties": { "seg_id": "boundary-street-1308-00", "corridor": "Boundary Street", "walk_class": "sidewalk", "length_m": 59.84 }, "geometry": { "type": "LineString", "coordinates": [ [ -79.9463056, 40.4446145 ], [ -79.9463077, 40.44465 ], [ -79.9463093, 40.4447108 ], [ -79.9463077, 40.4448072 ], [ -79.9462964, 40.4448716 ], [ -79.9462722, 40.4449238 ], [ -79.9462182, 40.4449643 ], [ -79.9461692, 40.4449725 ], [ -79.9461711, 40.4449822 ], [ -79.9461044, 40.4449866 ], [ -79.9460144, 40.4449901 ] ] } },
{ "type": "Feature", "properties": { "seg_id": "sidewalk-1309-00", "corridor": null, "walk_class": "sidewalk", "length_m": 21.66 }, "geometry": { "type": "LineString", "coordinates": [ [ -79.9462243, 40.4467058 ], [ -79.9462227, 40.4466902 ], [ -79.946227, 40.4466781 ], [ -79.9462532, 40.446637699999982 ], [ -79.946262, 40.4466252 ], [ -79.9462635, 40.4466157 ], [ -79.9462521, 40.446518 ] ] } },
{ "type": "Feature", "properties": { "seg_id": "sidewalk-1310-00", "corridor": null, "walk_class": "sidewalk", "length_m": 26.26 }, "geometry": { "type": "LineString", "coordinates": [ [ -79.9460312, 40.4422171 ], [ -79.9461959, 40.4422557 ], [ -79.9462406, 40.4422648 ], [ -79.9463285, 40.442283 ] ] } },
{ "type": "Feature", "properties": { "seg_id": "service-1311-00", "corridor": null, "walk_class": "service", "length_m": 92.58 }, "geometry": { "type": "LineString", "coordinates": [ [ -79.9459255, 40.4440339 ], [ -79.9459245, 40.4438159 ], [ -79.945953, 40.4437962 ], [ -79.9460656, 40.4437652 ], [ -79.9461394, 40.4437678 ], [ -79.9461754, 40.4437844 ], [ -79.946194300000016, 40.443824 ], [ -79.9461953, 40.44383830000001 ], [ -79.946220563369749, 40.444187933819919 ] ] } },
{ "type": "Feature", "properties": { "seg_id": "service-1311-01", "corridor": null, "walk_class": "service", "length_m": 92.58 }, "geometry": { "type": "LineString", "coordinates": [ [ -79.946220563369749, 40.444187933819919 ], [ -79.9462221, 40.4442092 ], [ -79.946241, 40.4444745 ], [ -79.9462608, 40.4445422 ], [ -79.9462665, 40.4445944 ], [ -79.9462714, 40.444639100000011 ], [ -79.946280300000012, 40.44472 ], [ -79.9462746, 40.4448305 ], [ -79.9462585, 40.4449005 ], [ -79.9462182, 40.4449349 ], [ -79.9461851, 40.4449471 ], [ -79.9461569, 40.4449508 ], [ -79.946128800000011, 40.4449508 ] ] } },
{ "type": "Feature", "properties": { "seg_id": "sidewalk-1312-00", "corridor": null, "walk_class": "sidewalk", "length_m": 116.57 }, "geometry": { "type": "LineString", "coordinates": [ [ -79.94528, 40.4391545 ], [ -79.9453074, 40.4392007 ], [ -79.9453503, 40.4393052 ], [ -79.9454054, 40.4393902 ], [ -79.9454646, 40.439430199999983 ], [ -79.9455238, 40.4394587 ], [ -79.945583900000017, 40.4394727 ], [ -79.9456507, 40.4394816 ], [ -79.9457284, 40.439473 ], [ -79.9458364, 40.4394478 ], [ -79.9459243, 40.4394188 ], [ -79.9459885, 40.4393992 ], [ -79.9460469, 40.4393873 ], [ -79.9460947, 40.4393892 ], [ -79.9461688, 40.439401 ], [ -79.9462231, 40.439419 ], [ -79.9462773, 40.439442399999983 ], [ -79.9463516, 40.4394925 ] ] } },
{ "type": "Feature", "properties": { "seg_id": "disa-way-1313-00", "corridor": "Panther Hollow Road", "walk_class": "sidewalk", "length_m": 10.56 }, "geometry": { "type": "LineString", "coordinates": [ [ -79.9463999, 40.4362303 ], [ -79.9462843, 40.4361951 ] ] } },
{ "type": "Feature", "properties": { "seg_id": "service-1314-00", "corridor": null, "walk_class": "service", "length_m": 44.37 }, "geometry": { "type": "LineString", "coordinates": [ [ -79.946176, 40.4485839 ], [ -79.9458387, 40.4488894 ] ] } },
{ "type": "Feature", "properties": { "seg_id": "sidewalk-1315-00", "corridor": null, "walk_class": "sidewalk", "length_m": 93.37 }, "geometry": { "type": "LineString", "coordinates": [ [ -79.9459152, 40.4437667 ], [ -79.945953, 40.4437962 ], [ -79.945997800000015, 40.4438452 ], [ -79.9460935, 40.4438481 ], [ -79.9461509, 40.4438532 ], [ -79.9461785, 40.4444756 ] ] } },
{ "type": "Feature", "properties": { "seg_id": "sidewalk-1316-00", "corridor": null, "walk_class": "sidewalk", "length_m": 4.1 }, "geometry": { "type": "LineString", "coordinates": [ [ -79.9461006, 40.4463933 ], [ -79.9461062, 40.44643 ] ] } },
{ "type": "Feature", "properties": { "seg_id": "sidewalk-1317-00", "corridor": null, "walk_class": "sidewalk", "length_m": 13.03 }, "geometry": { "type": "LineString", "coordinates": [ [ -79.9460463, 40.4494366 ], [ -79.9459613, 40.4493872 ], [ -79.9459248, 40.4493648 ] ] } },
{ "type": "Feature", "properties": { "seg_id": "sidewalk-1318-00", "corridor": null, "walk_class": "sidewalk", "length_m": 18.56 }, "geometry": { "type": "LineString", "coordinates": [ [ -79.9461185, 40.4446441 ], [ -79.946114, 40.4446003 ], [ -79.9461086, 40.4445481 ], [ -79.9461013, 40.4444774 ] ] } },
{ "type": "Feature", "properties": { "seg_id": "service-1319-00", "corridor": null, "walk_class": "service", "length_m": 5.95 }, "geometry": { "type": "LineString", "coordinates": [ [ -79.9460076, 40.449563 ], [ -79.9459498, 40.449532599999984 ] ] } },
{ "type": "Feature", "properties": { "seg_id": "wallingford-street-1320-00", "corridor": "Wallingford Street", "walk_class": "sidewalk", "length_m": 92.05 }, "geometry": { "type": "LineString", "coordinates": [ [ -79.9439358, 40.4530079 ], [ -79.9439497, 40.4530078 ], [ -79.9443165, 40.4528977 ], [ -79.944947062000537, 40.45270853870322 ] ] } },
{ "type": "Feature", "properties": { "seg_id": "wallingford-street-1320-01", "corridor": "Wallingford Street", "walk_class": "sidewalk", "length_m": 92.05 }, "geometry": { "type": "LineString", "coordinates": [ [ -79.944947062000537, 40.45270853870322 ], [ -79.945781200000013, 40.4524583 ], [ -79.9457976, 40.4524466 ], [ -79.945823800000014, 40.452449 ], [ -79.9458645, 40.4524357 ], [ -79.9459259, 40.4524155 ], [ -79.945951, 40.4524039 ] ] } },
{ "type": "Feature", "properties": { "seg_id": "sidewalk-1321-00", "corridor": null, "walk_class": "sidewalk", "length_m": 139.46 }, "geometry": { "type": "LineString", "coordinates": [ [ -79.9461094, 40.442015 ], [ -79.9460843, 40.4420811 ], [ -79.9460312, 40.4422171 ], [ -79.9459827, 40.4423588 ], [ -79.9459553, 40.4424346 ], [ -79.9459271, 40.4425081 ], [ -79.9458312, 40.442493299999988 ], [ -79.9458173, 40.44253 ], [ -79.9457636, 40.4425189 ], [ -79.9452062, 40.4424018 ], [ -79.9451258, 40.442391 ], [ -79.9450977, 40.4424726 ] ] } },
{ "type": "Feature", "properties": { "seg_id": "sidewalk-1322-00", "corridor": null, "walk_class": "sidewalk", "length_m": 3.05 }, "geometry": { "type": "LineString", "coordinates": [ [ -79.9460201, 40.4465281 ], [ -79.9459843, 40.4465307 ] ] } },
{ "type": "Feature", "properties": { "seg_id": "sidewalk-1323-00", "corridor": null, "walk_class": "sidewalk", "length_m": 10.17 }, "geometry": { "type": "LineString", "coordinates": [ [ -79.9459253, 40.4465348 ], [ -79.9459843, 40.4465307 ], [ -79.9460155, 40.4464909 ] ] } },
{ "type": "Feature", "properties": { "seg_id": "sidewalk-1324-00", "corridor": null, "walk_class": "sidewalk", "length_m": 22.24 }, "geometry": { "type": "LineString", "coordinates": [ [ -79.9458546, 40.449373199999989 ], [ -79.9458192, 40.449407299999983 ], [ -79.9458953, 40.449453 ], [ -79.9459613, 40.4493872 ] ] } },
{ "type": "Feature", "properties": { "seg_id": "sidewalk-1325-00", "corridor": null, "walk_class": "sidewalk", "length_m": 84.96 }, "geometry": { "type": "LineString", "coordinates": [ [ -79.9459498, 40.449532599999984 ], [ -79.9454824, 40.4492586 ], [ -79.9455171, 40.4492251 ], [ -79.9454823, 40.449204 ], [ -79.9455179, 40.4491691 ], [ -79.9456359, 40.4490565 ], [ -79.9456872, 40.4490877 ] ] } },
{ "type": "Feature", "properties": { "seg_id": "sidewalk-1326-00", "corridor": null, "walk_class": "sidewalk", "length_m": 8.07 }, "geometry": { "type": "LineString", "coordinates": [ [ -79.9459169, 40.4464776 ], [ -79.9459801, 40.4464233 ] ] } },
{ "type": "Feature", "properties": { "seg_id": "service-1327-00", "corridor": null, "walk_class": "service", "length_m": 23.04 }, "geometry": { "type": "LineString", "coordinates": [ [ -79.9459169, 40.4464776 ], [ -79.9459253, 40.4465348 ], [ -79.9459471, 40.4466839 ] ] } },
{ "type": "Feature", "properties": { "seg_id": "sidewalk-1328-00", "corridor": null, "walk_class": "sidewalk", "length_m": 36.79 }, "geometry": { "type": "LineString", "coordinates": [ [ -79.9458788, 40.4419519 ], [ -79.9459267, 40.4419588 ], [ -79.9459621, 40.44193820000001 ], [ -79.9459633, 40.4419098 ], [ -79.9459392, 40.4418795 ], [ -79.9458873, 40.441894899999987 ], [ -79.9458702, 40.4419296 ], [ -79.9458788, 40.4419519 ], [ -79.9458064, 40.4420272 ] ] } },
{ "type": "Feature", "properties": { "seg_id": "sidewalk-1329-00", "corridor": null, "walk_class": "sidewalk", "length_m": 107.32 }, "geometry": { "type": "LineString", "coordinates": [ [ -79.9459245, 40.4438159 ], [ -79.9458587, 40.4438187 ], [ -79.9456525, 40.4438296 ], [ -79.9454346, 40.4437908 ], [ -79.9453986, 40.4437902 ], [ -79.9453497, 40.4437967 ], [ -79.9451723, 40.4438389 ], [ -79.9449873, 40.4438542 ], [ -79.9449332, 40.44387110000001 ], [ -79.944903, 40.4438929 ], [ -79.9448863, 40.4439279 ], [ -79.9448796, 40.4439638 ], [ -79.944868798153337, 40.444051505987886 ] ] } },
{ "type": "Feature", "properties": { "seg_id": "sidewalk-1329-01", "corridor": null, "walk_class": "sidewalk", "length_m": 107.32 }, "geometry": { "type": "LineString", "coordinates": [ [ -79.944868798153337, 40.444051505987886 ], [ -79.9448319, 40.4443511 ], [ -79.944814, 40.4444086 ], [ -79.9447501, 40.4445192 ], [ -79.9447613, 40.4446011 ], [ -79.9447652, 40.4446656 ], [ -79.9447659, 40.4446768 ], [ -79.9447667, 40.4447106 ], [ -79.9447827, 40.4449988 ], [ -79.944782978656292, 40.445004254159834 ] ] } },
{ "type": "Feature", "properties": { "seg_id": "sidewalk-1329-02", "corridor": null, "walk_class": "sidewalk", "length_m": 107.32 }, "geometry": { "type": "LineString", "coordinates": [ [ -79.944782978656292, 40.445004254159834 ], [ -79.9447916, 40.445173 ], [ -79.9446929, 40.4453182 ], [ -79.9446628, 40.4453625 ], [ -79.9445914, 40.4454676 ], [ -79.9445263, 40.4455635 ], [ -79.9444963, 40.4456076 ], [ -79.9447252, 40.4457009 ], [ -79.9447919, 40.4456034 ] ] } },
{ "type": "Feature", "properties": { "seg_id": "sidewalk-1330-00", "corridor": null, "walk_class": "sidewalk", "length_m": 10.45 }, "geometry": { "type": "LineString", "coordinates": [ [ -79.94592830000002, 40.4420529 ], [ -79.9459267, 40.4419588 ] ] } },
{ "type": "Feature", "properties": { "seg_id": "steps-1331-00", "corridor": null, "walk_class": "steps", "length_m": 14.02 }, "geometry": { "type": "LineString", "coordinates": [ [ -79.9458483, 40.4471104 ], [ -79.9458408, 40.4470686 ], [ -79.9458361, 40.4470366 ], [ -79.9458305, 40.4469849 ] ] } },
{ "type": "Feature", "properties": { "seg_id": "service-1332-00", "corridor": null, "walk_class": "service", "length_m": 70.11 }, "geometry": { "type": "LineString", "coordinates": [ [ -79.9452616, 40.4445814 ], [ -79.9452836, 40.4445032 ], [ -79.9453746, 40.44444 ], [ -79.9455664, 40.4444276 ], [ -79.9457461, 40.4444263 ], [ -79.9458505, 40.4444826 ], [ -79.9458597, 40.4445579 ] ] } },
{ "type": "Feature", "properties": { "seg_id": "steps-1333-00", "corridor": null, "walk_class": "steps", "length_m": 7.19 }, "geometry": { "type": "LineString", "coordinates": [ [ -79.9457936, 40.4466949 ], [ -79.9458033, 40.4467592 ] ] } },
{ "type": "Feature", "properties": { "seg_id": "sidewalk-1334-00", "corridor": null, "walk_class": "sidewalk", "length_m": 4.9 }, "geometry": { "type": "LineString", "coordinates": [ [ -79.945759900000013, 40.4470426 ], [ -79.945768, 40.4470291 ], [ -79.945765, 40.4469999 ] ] } },
{ "type": "Feature", "properties": { "seg_id": "steps-1335-00", "corridor": null, "walk_class": "steps", "length_m": 11.75 }, "geometry": { "type": "LineString", "coordinates": [ [ -79.9457586, 40.4463836 ], [ -79.945774, 40.4464888 ] ] } },
{ "type": "Feature", "properties": { "seg_id": "service-1336-00", "corridor": null, "walk_class": "service", "length_m": 71.65 }, "geometry": { "type": "LineString", "coordinates": [ [ -79.945506, 40.4481752 ], [ -79.9453489, 40.4483151 ], [ -79.9453422, 40.4483586 ], [ -79.9455435, 40.4484734 ], [ -79.9455888, 40.4484695 ], [ -79.9457396, 40.4483177 ] ] } },
{ "type": "Feature", "properties": { "seg_id": "steve-faloon-switchback-1337-00", "corridor": null, "walk_class": "sidewalk", "length_m": 109.26 }, "geometry": { "type": "LineString", "coordinates": [ [ -79.9455589, 40.4379751 ], [ -79.9455865, 40.4378794 ], [ -79.9456723, 40.43779450000001 ], [ -79.945801, 40.4376965 ], [ -79.945838, 40.437617 ], [ -79.945844, 40.437582499999984 ], [ -79.9456778, 40.4374182 ], [ -79.945506, 40.437316500000016 ], [ -79.945346084171433, 40.437234257589068 ] ] } },
{ "type": "Feature", "properties": { "seg_id": "steve-faloon-switchback-1337-01", "corridor": null, "walk_class": "sidewalk", "length_m": 109.26 }, "geometry": { "type": "LineString", "coordinates": [ [ -79.945346084171433, 40.437234257589068 ], [ -79.9453345, 40.4372283 ], [ -79.9451788, 40.4371716 ], [ -79.9451138, 40.437092 ], [ -79.9450736, 40.4370553 ], [ -79.9450395, 40.4370456 ], [ -79.945026, 40.4370589 ], [ -79.9450287, 40.437085899999985 ], [ -79.9451789, 40.437333400000014 ], [ -79.9453069, 40.4375426 ], [ -79.945309, 40.4375708 ], [ -79.9452794, 40.4375901 ], [ -79.9452373, 40.4375861 ], [ -79.9451979, 40.4375697 ] ] } },
{ "type": "Feature", "properties": { "seg_id": "steps-1338-00", "corridor": null, "walk_class": "steps", "length_m": 6.93 }, "geometry": { "type": "LineString", "coordinates": [ [ -79.9456396, 40.4465112 ], [ -79.9455583, 40.4465178 ] ] } },
{ "type": "Feature", "properties": { "seg_id": "sidewalk-1339-00", "corridor": null, "walk_class": "sidewalk", "length_m": 14.52 }, "geometry": { "type": "LineString", "coordinates": [ [ -79.9456655, 40.443880899999989 ], [ -79.9456525, 40.4438296 ], [ -79.9456459, 40.4437512 ] ] } },
{ "type": "Feature", "properties": { "seg_id": "sidewalk-1340-00", "corridor": null, "walk_class": "sidewalk", "length_m": 48.46 }, "geometry": { "type": "LineString", "coordinates": [ [ -79.9454098, 40.439136 ], [ -79.9454098, 40.4391446 ], [ -79.9454216, 40.4391635 ], [ -79.9454407, 40.4392371 ], [ -79.9454839, 40.4393186 ], [ -79.9455122, 40.4393391 ], [ -79.9455374, 40.4393641 ], [ -79.9456181, 40.4394196 ], [ -79.9457284, 40.439473 ] ] } },
{ "type": "Feature", "properties": { "seg_id": "service-1341-00", "corridor": null, "walk_class": "service", "length_m": 47.72 }, "geometry": { "type": "LineString", "coordinates": [ [ -79.9452335, 40.4539334 ], [ -79.9452655, 40.453995 ], [ -79.9454419, 40.4543327 ] ] } },
{ "type": "Feature", "properties": { "seg_id": "steps-1342-00", "corridor": null, "walk_class": "steps", "length_m": 7.15 }, "geometry": { "type": "LineString", "coordinates": [ [ -79.9455706, 40.4444919 ], [ -79.9455677, 40.4444537 ], [ -79.9455664, 40.4444276 ] ] } },
{ "type": "Feature", "properties": { "seg_id": "sidewalk-1343-00", "corridor": null, "walk_class": "sidewalk", "length_m": 3.76 }, "geometry": { "type": "LineString", "coordinates": [ [ -79.9455664, 40.4444276 ], [ -79.9455629, 40.4443938 ] ] } },
{ "type": "Feature", "properties": { "seg_id": "service-1344-00", "corridor": null, "walk_class": "service", "length_m": 42.31 }, "geometry": { "type": "LineString", "coordinates": [ [ -79.9450994, 40.4532238 ], [ -79.9451854, 40.45319940000001 ], [ -79.945315, 40.4531671 ], [ -79.9454222, 40.4533571 ] ] } },
{ "type": "Feature", "properties": { "seg_id": "sidewalk-1345-00", "corridor": null, "walk_class": "sidewalk", "length_m": 15.82 }, "geometry": { "type": "LineString", "coordinates": [ [ -79.9455098, 40.4437192 ], [ -79.9455568, 40.4435813 ] ] } },
{ "type": "Feature", "properties": { "seg_id": "steps-1346-00", "corridor": null, "walk_class": "steps", "length_m": 50.89 }, "geometry": { "type": "LineString", "coordinates": [ [ -79.9455243, 40.4453103 ], [ -79.945462, 40.4452973 ], [ -79.9452506, 40.4456057 ], [ -79.945212, 40.445659 ] ] } },
{ "type": "Feature", "properties": { "seg_id": "fifth-avenue-1347-00", "corridor": "Fifth Avenue", "walk_class": "sidewalk", "length_m": 100.41 }, "geometry": { "type": "LineString", "coordinates": [ [ -79.9407635, 40.4476232 ], [ -79.9409031, 40.4476132 ], [ -79.941942300415207, 40.447538634269094 ] ] } },
{ "type": "Feature", "properties": { "seg_id": "fifth-avenue-1347-01", "corridor": "Fifth Avenue", "walk_class": "sidewalk", "length_m": 100.41 }, "geometry": { "type": "LineString", "coordinates": [ [ -79.941942300415207, 40.447538634269094 ], [ -79.9423483, 40.4475095 ], [ -79.9423769, 40.4475138 ], [ -79.9424759, 40.4475034 ], [ -79.9425627, 40.447493 ], [ -79.943119541800073, 40.447453334110271 ] ] } },
{ "type": "Feature", "properties": { "seg_id": "fifth-avenue-1347-02", "corridor": "Fifth Avenue", "walk_class": "sidewalk", "length_m": 100.41 }, "geometry": { "type": "LineString", "coordinates": [ [ -79.943119541800073, 40.447453334110271 ], [ -79.9431495, 40.4474512 ], [ -79.9431904, 40.4474482 ], [ -79.9436674, 40.4474133 ], [ -79.9440511, 40.4473851 ], [ -79.9440886, 40.4473824 ], [ -79.9441734, 40.4473762 ], [ -79.944298136690691, 40.447367133813074 ] ] } },
{ "type": "Feature", "properties": { "seg_id": "fifth-avenue-1347-03", "corridor": "Fifth Avenue", "walk_class": "sidewalk", "length_m": 100.41 }, "geometry": { "type": "LineString", "coordinates": [ [ -79.944298136690691, 40.447367133813074 ], [ -79.944549, 40.4473489 ], [ -79.9446533, 40.4473413 ], [ -79.9452844, 40.4472974 ], [ -79.945319, 40.447328499999983 ], [ -79.9453317, 40.4473278 ], [ -79.9453892, 40.44732350000001 ], [ -79.9454586, 40.447319799999988 ] ] } },
{ "type": "Feature", "properties": { "seg_id": "service-1348-00", "corridor": null, "walk_class": "service", "length_m": 87.19 }, "geometry": { "type": "LineString", "coordinates": [ [ -79.9454401, 40.4477258 ], [ -79.945097, 40.4477423 ], [ -79.9448478, 40.4477716 ], [ -79.9444193, 40.4478148 ] ] } },
{ "type": "Feature", "properties": { "seg_id": "sidewalk-1349-00", "corridor": null, "walk_class": "sidewalk", "length_m": 10.92 }, "geometry": { "type": "LineString", "coordinates": [ [ -79.9454947, 40.4419541 ], [ -79.9455259, 40.4418587 ] ] } },
{ "type": "Feature", "properties": { "seg_id": "service-1350-00", "corridor": null, "walk_class": "service", "length_m": 88.14 }, "geometry": { "type": "LineString", "coordinates": [ [ -79.9452984, 40.453913099999987 ], [ -79.9452652, 40.4538433 ], [ -79.9450821, 40.453477300000017 ], [ -79.9452034, 40.4534357 ], [ -79.9450994, 40.4532238 ] ] } },
{ "type": "Feature", "properties": { "seg_id": "sidewalk-1351-00", "corridor": null, "walk_class": "sidewalk", "length_m": 10.97 }, "geometry": { "type": "LineString", "coordinates": [ [ -79.9453102, 40.446961299999984 ], [ -79.94536650000002, 40.4469572 ], [ -79.9453662, 40.446950699999988 ], [ -79.9453621, 40.4469225 ], [ -79.9453601, 40.4469089 ], [ -79.9453693, 40.446908 ] ] } },
{ "type": "Feature", "properties": { "seg_id": "sidewalk-1352-00", "corridor": null, "walk_class": "sidewalk", "length_m": 12.14 }, "geometry": { "type": "LineString", "coordinates": [ [ -79.9453497, 40.4437967 ], [ -79.9453118, 40.443691199999989 ] ] } },
{ "type": "Feature", "properties": { "seg_id": "clyde-street-1353-00", "corridor": "Clyde Street", "walk_class": "sidewalk", "length_m": 15.69 }, "geometry": { "type": "LineString", "coordinates": [ [ -79.9452658, 40.4471568 ], [ -79.945275, 40.447219 ], [ -79.9452844, 40.4472974 ] ] } },
{ "type": "Feature", "properties": { "seg_id": "sidewalk-1354-00", "corridor": null, "walk_class": "sidewalk", "length_m": 13.16 }, "geometry": { "type": "LineString", "coordinates": [ [ -79.9451478, 40.4471659 ], [ -79.9451451, 40.4471527 ], [ -79.945156700000013, 40.4471305 ], [ -79.9451908, 40.4471145 ], [ -79.9452139, 40.4470999 ], [ -79.9452385, 40.4470794 ] ] } },
{ "type": "Feature", "properties": { "seg_id": "sidewalk-1355-00", "corridor": null, "walk_class": "sidewalk", "length_m": 84.84 }, "geometry": { "type": "LineString", "coordinates": [ [ -79.9452198, 40.4455715 ], [ -79.9452216, 40.445614 ], [ -79.9452216, 40.4456331 ], [ -79.945212, 40.445659 ], [ -79.9450504, 40.4458823 ], [ -79.9448878, 40.4461106 ], [ -79.9448316, 40.4461685 ], [ -79.9447642, 40.4461965 ], [ -79.944725805378141, 40.446202625643444 ] ] } },
{ "type": "Feature", "properties": { "seg_id": "sidewalk-1355-01", "corridor": null, "walk_class": "sidewalk", "length_m": 84.84 }, "geometry": { "type": "LineString", "coordinates": [ [ -79.944725805378141, 40.446202625643444 ], [ -79.944694, 40.4462077 ], [ -79.9446269, 40.446206699999983 ], [ -79.9445566, 40.4461821 ], [ -79.9444673, 40.4461436 ], [ -79.9443935, 40.446128 ], [ -79.9443153, 40.4461149 ], [ -79.9441177, 40.4461174 ], [ -79.9439404, 40.4461187 ], [ -79.9437511, 40.4461158 ] ] } },
{ "type": "Feature", "properties": { "seg_id": "leonard-street-1356-00", "corridor": "Leonard Street", "walk_class": "street", "length_m": 89.96 }, "geometry": { "type": "LineString", "coordinates": [ [ -79.9441053, 40.4535067 ], [ -79.9441688, 40.4534884 ], [ -79.9450994, 40.4532238 ] ] } },
{ "type": "Feature", "properties": { "seg_id": "steps-1357-00", "corridor": null, "walk_class": "steps", "length_m": 22.07 }, "geometry": { "type": "LineString", "coordinates": [ [ -79.9452062, 40.4424018 ], [ -79.9452234, 40.4423263 ], [ -79.945262, 40.4422077 ] ] } },
{ "type": "Feature", "properties": { "seg_id": "devonshire-street-1358-00", "corridor": "Devonshire Street", "walk_class": "sidewalk", "length_m": 16.87 }, "geometry": { "type": "LineString", "coordinates": [ [ -79.9451211, 40.4505001 ], [ -79.94511, 40.450496 ], [ -79.9450833, 40.4504338 ], [ -79.9450613, 40.4503836 ], [ -79.9450473, 40.450361900000011 ] ] } },
{ "type": "Feature", "properties": { "seg_id": "ellsworth-avenue-1359-00", "corridor": "Ellsworth Avenue", "walk_class": "sidewalk", "length_m": 92.68 }, "geometry": { "type": "LineString", "coordinates": [ [ -79.9409051, 40.451397 ], [ -79.9409784, 40.451378 ], [ -79.9410492, 40.4513596 ], [ -79.9417738, 40.4512133 ], [ -79.9418057, 40.4512068 ], [ -79.9419586886562, 40.451175906295681 ] ] } },
{ "type": "Feature", "properties": { "seg_id": "ellsworth-avenue-1359-01", "corridor": "Ellsworth Avenue", "walk_class": "sidewalk", "length_m": 92.68 }, "geometry": { "type": "LineString", "coordinates": [ [ -79.9419586886562, 40.451175906295681 ], [ -79.9426931, 40.45102760000001 ], [ -79.9429824, 40.4509691 ], [ -79.9430152629905, 40.450962365370827 ] ] } },
{ "type": "Feature", "properties": { "seg_id": "ellsworth-avenue-1359-02", "corridor": "Ellsworth Avenue", "walk_class": "sidewalk", "length_m": 92.68 }, "geometry": { "type": "LineString", "coordinates": [ [ -79.9430152629905, 40.450962365370827 ], [ -79.9430473, 40.4509558 ], [ -79.9431307, 40.4509388 ], [ -79.944071145511018, 40.450746845087316 ] ] } },
{ "type": "Feature", "properties": { "seg_id": "ellsworth-avenue-1359-03", "corridor": "Ellsworth Avenue", "walk_class": "sidewalk", "length_m": 92.68 }, "geometry": { "type": "LineString", "coordinates": [ [ -79.944071145511018, 40.450746845087316 ], [ -79.944963, 40.4505648 ], [ -79.944980300000012, 40.4505649 ], [ -79.9449932, 40.4505531 ], [ -79.9450571, 40.4505395 ], [ -79.9451025, 40.4505298 ], [ -79.9451203, 40.450525 ] ] } },
{ "type": "Feature", "properties": { "seg_id": "sidewalk-1360-00", "corridor": null, "walk_class": "sidewalk", "length_m": 39.57 }, "geometry": { "type": "LineString", "coordinates": [ [ -79.9450353, 40.443599 ], [ -79.9450926, 40.4435832 ], [ -79.9451289, 40.4435577 ], [ -79.9451502, 40.4435128 ], [ -79.9451758, 40.4434287 ], [ -79.9452222, 40.4432952 ] ] } },
{ "type": "Feature", "properties": { "seg_id": "sidewalk-1361-00", "corridor": null, "walk_class": "sidewalk", "length_m": 41.44 }, "geometry": { "type": "LineString", "coordinates": [ [ -79.9451723, 40.4438389 ], [ -79.94517, 40.4438909 ], [ -79.9451708, 40.4442122 ] ] } },
{ "type": "Feature", "properties": { "seg_id": "sidewalk-1362-00", "corridor": null, "walk_class": "sidewalk", "length_m": 144.78 }, "geometry": { "type": "LineString", "coordinates": [ [ -79.9450353, 40.443599 ], [ -79.9450654, 40.4436428 ], [ -79.9451577, 40.4437245 ], [ -79.9451646, 40.4437382 ], [ -79.9451568, 40.4437506 ], [ -79.9451405, 40.4437563 ], [ -79.9451189, 40.443751 ], [ -79.9449981, 40.443691 ], [ -79.9449754, 40.443690499999988 ], [ -79.944965, 40.4436978 ], [ -79.9449631, 40.4437126 ], [ -79.9449838, 40.443762199999988 ], [ -79.9449779, 40.4437719 ], [ -79.9448532, 40.4438163 ], [ -79.9448315, 40.4438292 ], [ -79.9447735, 40.4438802 ], [ -79.9447563, 40.4440372 ], [ -79.9447478, 40.4440689 ], [ -79.94463, 40.4443248 ], [ -79.9446586, 40.4444013 ], [ -79.9447501, 40.4445192 ] ] } },
{ "type": "Feature", "properties": { "seg_id": "devonshire-street-1363-00", "corridor": "Devonshire Street", "walk_class": "sidewalk", "length_m": 29.28 }, "geometry": { "type": "LineString", "coordinates": [ [ -79.9450396, 40.45036060000001 ], [ -79.9449508, 40.4501057 ] ] } },
{ "type": "Feature", "properties": { "seg_id": "service-1364-00", "corridor": null, "walk_class": "service", "length_m": 83.94 }, "geometry": { "type": "LineString", "coordinates": [ [ -79.9450706, 40.447234 ], [ -79.9450681, 40.447170699999987 ], [ -79.9450464, 40.4470629 ], [ -79.9450339, 40.4467263 ], [ -79.9450273, 40.446551 ], [ -79.9450246, 40.4464794 ] ] } },
{ "type": "Feature", "properties": { "seg_id": "steve-faloon-trail-1365-00", "corridor": null, "walk_class": "sidewalk", "length_m": 97.29 }, "geometry": { "type": "LineString", "coordinates": [ [ -79.9406512, 40.4361613 ], [ -79.9407628, 40.4361678 ], [ -79.9408829, 40.436200499999984 ], [ -79.9409945, 40.4362397 ], [ -79.9410804, 40.4362789 ], [ -79.9411011, 40.4362841 ], [ -79.9411834, 40.436305 ], [ -79.9412778, 40.4363507 ], [ -79.9413979, 40.4363769 ], [ -79.9415438, 40.4363965 ], [ -79.9417241, 40.4363899 ], [ -79.94173484366776, 40.436388544005105 ] ] } },
{ "type": "Feature", "properties": { "seg_id": "steve-faloon-trail-1365-01", "corridor": null, "walk_class": "sidewalk", "length_m": 97.29 }, "geometry": { "type": "LineString", "coordinates": [ [ -79.94173484366776, 40.436388544005105 ], [ -79.9417756, 40.4363834 ], [ -79.941865, 40.436392 ], [ -79.9419874, 40.4363871 ], [ -79.942022, 40.4363556 ], [ -79.942028, 40.4363237 ], [ -79.9420354, 40.43626780000001 ], [ -79.9420589, 40.4362453 ], [ -79.9421091, 40.4362504 ], [ -79.9421569, 40.4362965 ], [ -79.9422357, 40.4363753 ], [ -79.9422884, 40.4364109 ], [ -79.9423609, 40.4364286 ], [ -79.942426, 40.436405399999984 ], [ -79.9424754, 40.4363568 ], [ -79.942503, 40.436320699999989 ], [ -79.942550887341724, 40.436276715531697 ] ] } },
{ "type": "Feature", "properties": { "seg_id": "steve-faloon-trail-1365-02", "corridor": null, "walk_class": "sidewalk", "length_m": 97.29 }, "geometry": { "type": "LineString", "coordinates": [ [ -79.942550887341724, 40.436276715531697 ], [ -79.9425803, 40.4362497 ], [ -79.942702600000018, 40.4362201 ], [ -79.9429515, 40.4362135 ], [ -79.9430459, 40.4362266 ], [ -79.9431575, 40.436207 ], [ -79.943415, 40.436207 ], [ -79.9435952, 40.4362005 ], [ -79.943664581830291, 40.436222892386418 ] ] } },
{ "type": "Feature", "properties": { "seg_id": "steve-faloon-trail-1365-03", "corridor": null, "walk_class": "sidewalk", "length_m": 97.29 }, "geometry": { "type": "LineString", "coordinates": [ [ -79.943664581830291, 40.436222892386418 ], [ -79.9438784, 40.4362919 ], [ -79.9439814, 40.4363638 ], [ -79.9441273, 40.4364422 ], [ -79.9443248, 40.4365924 ], [ -79.944402, 40.4366839 ], [ -79.944526607984315, 40.436778753095318 ] ] } },
{ "type": "Feature", "properties": { "seg_id": "steve-faloon-trail-1365-04", "corridor": null, "walk_class": "sidewalk", "length_m": 97.29 }, "geometry": { "type": "LineString", "coordinates": [ [ -79.944526607984315, 40.436778753095318 ], [ -79.9445737, 40.4368146 ], [ -79.9447196, 40.4369975 ], [ -79.9449256, 40.4372327 ], [ -79.9450114, 40.4373176 ], [ -79.9450972, 40.4374286 ], [ -79.9451316, 40.4374874 ], [ -79.945157393025198, 40.437507060423478 ] ] } },
{ "type": "Feature", "properties": { "seg_id": "steve-faloon-trail-1365-05", "corridor": null, "walk_class": "sidewalk", "length_m": 97.29 }, "geometry": { "type": "LineString", "coordinates": [ [ -79.945157393025198, 40.437507060423478 ], [ -79.9451745, 40.4375201 ], [ -79.9452002, 40.4375528 ], [ -79.9451979, 40.4375697 ], [ -79.9451916, 40.4375854 ], [ -79.9451573, 40.4376181 ], [ -79.9450715, 40.4376638 ], [ -79.9449857, 40.4377161 ], [ -79.9449342, 40.4377357 ], [ -79.9448827, 40.4377879 ], [ -79.944814, 40.4378663 ], [ -79.9447367, 40.437925099999987 ], [ -79.9446423, 40.4379774 ], [ -79.9445565, 40.4380296 ], [ -79.9445308, 40.438095 ], [ -79.944519437594138, 40.438146791453207 ] ] } },
{ "type": "Feature", "properties": { "seg_id": "steve-faloon-trail-1365-06", "corridor": null, "walk_class": "sidewalk", "length_m": 97.29 }, "geometry": { "type": "LineString", "coordinates": [ [ -79.944519437594138, 40.438146791453207 ], [ -79.9445136, 40.438173399999989 ], [ -79.9444878, 40.4382387 ], [ -79.9443902, 40.4383179 ], [ -79.9442598, 40.4383876 ], [ -79.944104, 40.438448799999989 ], [ -79.9440642, 40.438493 ], [ -79.943984, 40.4385958 ], [ -79.9439243, 40.438643 ], [ -79.9438539, 40.438682799999988 ], [ -79.9438301, 40.4386957 ], [ -79.9437352, 40.438747 ] ] } },
{ "type": "Feature", "properties": { "seg_id": "service-1366-00", "corridor": null, "walk_class": "service", "length_m": 12.26 }, "geometry": { "type": "LineString", "coordinates": [ [ -79.9450339, 40.4467263 ], [ -79.9448894, 40.4467286 ] ] } },
{ "type": "Feature", "properties": { "seg_id": "service-1367-00", "corridor": null, "walk_class": "service", "length_m": 12.45 }, "geometry": { "type": "LineString", "coordinates": [ [ -79.9450273, 40.446551 ], [ -79.9448805, 40.4465531 ] ] } },
{ "type": "Feature", "properties": { "seg_id": "sidewalk-1368-00", "corridor": null, "walk_class": "sidewalk", "length_m": 123.76 }, "geometry": { "type": "LineString", "coordinates": [ [ -79.9438219, 40.4421927 ], [ -79.943874, 40.4421536 ], [ -79.9441804, 40.4420864 ], [ -79.9443293, 40.4420634 ], [ -79.9445144, 40.4420538 ], [ -79.945058, 40.4418643 ], [ -79.9450864, 40.44176550000001 ] ] } },
{ "type": "Feature", "properties": { "seg_id": "sidewalk-1369-00", "corridor": null, "walk_class": "sidewalk", "length_m": 107.88 }, "geometry": { "type": "LineString", "coordinates": [ [ -79.9449993, 40.443607 ], [ -79.9449734, 40.443535 ], [ -79.9449719, 40.4435157 ], [ -79.9449757, 40.443491 ], [ -79.9450407, 40.4433661 ], [ -79.9450377, 40.4433173 ], [ -79.9449694, 40.4432741 ], [ -79.9448886, 40.443264 ], [ -79.9444463, 40.4431362 ], [ -79.94421665723246, 40.443166672070667 ] ] } },
{ "type": "Feature", "properties": { "seg_id": "sidewalk-1369-01", "corridor": null, "walk_class": "sidewalk", "length_m": 107.88 }, "geometry": { "type": "LineString", "coordinates": [ [ -79.94421665723246, 40.443166672070667 ], [ -79.9441132, 40.4431804 ], [ -79.9440763, 40.4431785 ], [ -79.9440397, 40.4431672 ], [ -79.9440171, 40.443152 ], [ -79.9439965, 40.4431278 ], [ -79.9439909, 40.4431007 ], [ -79.9440016, 40.44304360000001 ], [ -79.9440325, 40.4430116 ], [ -79.9441358, 40.44292750000001 ], [ -79.944162, 40.442913699999984 ], [ -79.9441935, 40.4429152 ], [ -79.9442181, 40.4429342 ], [ -79.9442334, 40.4429591 ], [ -79.944262, 40.442995 ], [ -79.9443102, 40.4429961 ], [ -79.944345, 40.4429696 ], [ -79.9443772, 40.4429512 ], [ -79.9444067, 40.4429471 ], [ -79.9444282, 40.4429573 ], [ -79.9444496, 40.4429839 ], [ -79.9444899, 40.4430125 ], [ -79.944527400000013, 40.4430043 ], [ -79.9445489, 40.4429778 ], [ -79.9445506, 40.442863 ] ] } },
{ "type": "Feature", "properties": { "seg_id": "sidewalk-1370-00", "corridor": null, "walk_class": "sidewalk", "length_m": 11.89 }, "geometry": { "type": "LineString", "coordinates": [ [ -79.9450547, 40.4421659 ], [ -79.9450184, 40.4422694 ] ] } },
{ "type": "Feature", "properties": { "seg_id": "sidewalk-1371-00", "corridor": null, "walk_class": "sidewalk", "length_m": 32.42 }, "geometry": { "type": "LineString", "coordinates": [ [ -79.945058, 40.4418643 ], [ -79.9449504, 40.4421445 ] ] } },
{ "type": "Feature", "properties": { "seg_id": "ellsworth-avenue-1372-00", "corridor": "Devonshire Street", "walk_class": "sidewalk", "length_m": 101.19 }, "geometry": { "type": "LineString", "coordinates": [ [ -79.9440886, 40.4473824 ], [ -79.9440893, 40.4473997 ], [ -79.9441018, 40.4476981 ], [ -79.944103, 40.4477256 ], [ -79.9441041, 40.4477514 ], [ -79.9441227, 40.4481958 ], [ -79.944126805334761, 40.448293517860968 ] ] } },
{ "type": "Feature", "properties": { "seg_id": "ellsworth-avenue-1372-01", "corridor": "Devonshire Street", "walk_class": "sidewalk", "length_m": 101.19 }, "geometry": { "type": "LineString", "coordinates": [ [ -79.944126805334761, 40.448293517860968 ], [ -79.9441303, 40.4483767 ], [ -79.9441418, 40.4486511 ], [ -79.944372481320258, 40.44917613246956 ] ] } },
{ "type": "Feature", "properties": { "seg_id": "ellsworth-avenue-1372-02", "corridor": "Devonshire Street", "walk_class": "sidewalk", "length_m": 101.19 }, "geometry": { "type": "LineString", "coordinates": [ [ -79.944372481320258, 40.44917613246956 ], [ -79.944565, 40.4496143 ], [ -79.944751866506593, 40.450040415893113 ] ] } },
{ "type": "Feature", "properties": { "seg_id": "ellsworth-avenue-1372-03", "corridor": "Ellsworth Avenue", "walk_class": "sidewalk", "length_m": 101.19 }, "geometry": { "type": "LineString", "coordinates": [ [ -79.944751866506593, 40.450040415893113 ], [ -79.9449139, 40.4504099 ], [ -79.944916, 40.4504236 ], [ -79.944914400000016, 40.4504315 ], [ -79.944906, 40.4504411 ], [ -79.9448959, 40.450447 ], [ -79.944290538037151, 40.450571291696427 ] ] } },
{ "type": "Feature", "properties": { "seg_id": "ellsworth-avenue-1372-04", "corridor": "Ellsworth Avenue", "walk_class": "sidewalk", "length_m": 101.19 }, "geometry": { "type": "LineString", "coordinates": [ [ -79.944290538037151, 40.450571291696427 ], [ -79.943138153383558, 40.450807886909871 ] ] } },
{ "type": "Feature", "properties": { "seg_id": "ellsworth-avenue-1372-05", "corridor": "Ellsworth Avenue", "walk_class": "sidewalk", "length_m": 101.19 }, "geometry": { "type": "LineString", "coordinates": [ [ -79.943138153383558, 40.450807886909871 ], [ -79.9431113, 40.4508134 ], [ -79.943089, 40.4508121 ], [ -79.9430128, 40.4508256 ], [ -79.9429465, 40.4508374 ], [ -79.9420189, 40.4510255 ], [ -79.941983054936699, 40.451032772526858 ] ] } },
{ "type": "Feature", "properties": { "seg_id": "ellsworth-avenue-1372-06", "corridor": "Ellsworth Avenue", "walk_class": "sidewalk", "length_m": 101.19 }, "geometry": { "type": "LineString", "coordinates": [ [ -79.941983054936699, 40.451032772526858 ], [ -79.9416655, 40.4510972 ], [ -79.9409785, 40.4512365 ], [ -79.9409054, 40.4512515 ], [ -79.9408298, 40.4512669 ] ] } },
{ "type": "Feature", "properties": { "seg_id": "service-1373-00", "corridor": null, "walk_class": "service", "length_m": 25.5 }, "geometry": { "type": "LineString", "coordinates": [ [ -79.9450224, 40.4429628 ], [ -79.9447888, 40.443107399999988 ] ] } },
{ "type": "Feature", "properties": { "seg_id": "sidewalk-1374-00", "corridor": null, "walk_class": "sidewalk", "length_m": 14.73 }, "geometry": { "type": "LineString", "coordinates": [ [ -79.9447916, 40.445173 ], [ -79.944867, 40.4451958 ], [ -79.944953, 40.4452219 ] ] } },
{ "type": "Feature", "properties": { "seg_id": "steps-1375-00", "corridor": null, "walk_class": "steps", "length_m": 30.35 }, "geometry": { "type": "LineString", "coordinates": [ [ -79.9449341, 40.4455808 ], [ -79.9449274, 40.4455984 ], [ -79.9447919, 40.4456034 ], [ -79.9446167, 40.4456092 ], [ -79.9446134, 40.445591899999989 ] ] } },
{ "type": "Feature", "properties": { "seg_id": "forbes-avenue-1376-00", "corridor": null, "walk_class": "sidewalk", "length_m": 126.16 }, "geometry": { "type": "LineString", "coordinates": [ [ -79.943701, 40.444758 ], [ -79.9439943, 40.4448221 ], [ -79.9445592, 40.4449496 ], [ -79.9447827, 40.4449988 ], [ -79.9448695, 40.445014 ], [ -79.9449317, 40.4450762 ], [ -79.944867, 40.4451958 ] ] } },
{ "type": "Feature", "properties": { "seg_id": "coventry-road-1377-00", "corridor": "Coventry Road", "walk_class": "sidewalk", "length_m": 35.8 }, "geometry": { "type": "LineString", "coordinates": [ [ -79.9447434, 40.451914 ], [ -79.9447319, 40.451906599999987 ], [ -79.9447221, 40.4519006 ], [ -79.9447143, 40.4518858 ], [ -79.9446378, 40.4516471 ], [ -79.9446395, 40.4516307 ], [ -79.9446476, 40.4516201 ], [ -79.9446594, 40.4516138 ] ] } },
{ "type": "Feature", "properties": { "seg_id": "sidewalk-1378-00", "corridor": null, "walk_class": "sidewalk", "length_m": 20.66 }, "geometry": { "type": "LineString", "coordinates": [ [ -79.9448713, 40.4436537 ], [ -79.9448636, 40.4436975 ], [ -79.9448377, 40.443746 ], [ -79.9448259, 40.4437598 ], [ -79.9447852, 40.4437938 ], [ -79.9447613, 40.443813700000014 ] ] } },
{ "type": "Feature", "properties": { "seg_id": "sidewalk-1379-00", "corridor": null, "walk_class": "sidewalk", "length_m": 64.33 }, "geometry": { "type": "LineString", "coordinates": [ [ -79.9447735, 40.4438802 ], [ -79.9447613, 40.443813700000014 ], [ -79.944744, 40.4437863 ], [ -79.9446743, 40.4437332 ], [ -79.9445744, 40.4437033 ], [ -79.9444677, 40.44369240000001 ], [ -79.9444516, 40.4436993 ], [ -79.9444565, 40.4437098 ], [ -79.9444892, 40.443723 ], [ -79.9445858, 40.4437516 ], [ -79.9446448, 40.4437884 ], [ -79.9446662, 40.4438374 ] ] } },
{ "type": "Feature", "properties": { "seg_id": "steps-1380-00", "corridor": null, "walk_class": "steps", "length_m": 8.48 }, "geometry": { "type": "LineString", "coordinates": [ [ -79.9447613, 40.443813700000014 ], [ -79.9446662, 40.4438374 ] ] } },
{ "type": "Feature", "properties": { "seg_id": "steps-1381-00", "corridor": null, "walk_class": "steps", "length_m": 7.0 }, "geometry": { "type": "LineString", "coordinates": [ [ -79.9446822, 40.4474911 ], [ -79.9446622, 40.4474684 ], [ -79.9446347, 40.4474395 ] ] } },
{ "type": "Feature", "properties": { "seg_id": "west-circuit-road-1382-00", "corridor": null, "walk_class": "street", "length_m": 101.74 }, "geometry": { "type": "LineString", "coordinates": [ [ -79.94484, 40.4373942 ], [ -79.9447901, 40.4372509 ], [ -79.9446676, 40.4370957 ], [ -79.944526200000013, 40.4369189 ], [ -79.9443929, 40.4368 ], [ -79.944192197391061, 40.436637780556701 ] ] } },
{ "type": "Feature", "properties": { "seg_id": "west-circuit-road-1382-01", "corridor": null, "walk_class": "street", "length_m": 101.74 }, "geometry": { "type": "LineString", "coordinates": [ [ -79.944192197391061, 40.436637780556701 ], [ -79.9441483, 40.4366023 ], [ -79.9438742, 40.436431 ], [ -79.9436961, 40.4363524 ], [ -79.9434721, 40.4363244 ], [ -79.9432522, 40.4363281 ], [ -79.943126771896857, 40.436350710927499 ] ] } },
{ "type": "Feature", "properties": { "seg_id": "west-circuit-road-1382-02", "corridor": null, "walk_class": "street", "length_m": 101.74 }, "geometry": { "type": "LineString", "coordinates": [ [ -79.943126771896857, 40.436350710927499 ], [ -79.9429998, 40.4363736 ], [ -79.9428064, 40.4364306 ], [ -79.9425856, 40.436512 ], [ -79.9424244, 40.4366135 ], [ -79.9422359, 40.4368175 ], [ -79.942191209140759, 40.436869006966447 ] ] } },
{ "type": "Feature", "properties": { "seg_id": "west-circuit-road-1382-03", "corridor": null, "walk_class": "street", "length_m": 101.74 }, "geometry": { "type": "LineString", "coordinates": [ [ -79.942191209140759, 40.436869006966447 ], [ -79.9418392, 40.4372747 ], [ -79.9415225, 40.4376021 ], [ -79.941501964978713, 40.437618425261569 ] ] } },
{ "type": "Feature", "properties": { "seg_id": "west-circuit-road-1382-04", "corridor": null, "walk_class": "street", "length_m": 101.74 }, "geometry": { "type": "LineString", "coordinates": [ [ -79.941501964978713, 40.437618425261569 ], [ -79.9413547, 40.4377355 ], [ -79.9412698, 40.4377921 ], [ -79.9411845, 40.4378267 ], [ -79.9410994, 40.4378332 ], [ -79.9410143, 40.4378094 ], [ -79.9409317, 40.4377604 ], [ -79.9408982, 40.437690599999989 ], [ -79.9408983, 40.4376114 ], [ -79.9409109, 40.4375336 ], [ -79.940937089658618, 40.437387136104093 ] ] } },
{ "type": "Feature", "properties": { "seg_id": "west-circuit-road-1382-05", "corridor": null, "walk_class": "street", "length_m": 101.74 }, "geometry": { "type": "LineString", "coordinates": [ [ -79.940937089658618, 40.437387136104093 ], [ -79.9409958, 40.4370588 ], [ -79.9409004, 40.4368126 ], [ -79.940574, 40.436599 ] ] } },
{ "type": "Feature", "properties": { "seg_id": "forbes-avenue-1383-00", "corridor": "Forbes Avenue", "walk_class": "sidewalk", "length_m": 125.01 }, "geometry": { "type": "LineString", "coordinates": [ [ -79.9432501, 40.4447551 ], [ -79.9436301, 40.4447575 ], [ -79.943701, 40.444758 ], [ -79.9440478, 40.4447378 ], [ -79.944417700000017, 40.4447275 ], [ -79.9447223, 40.444714 ] ] } },
{ "type": "Feature", "properties": { "seg_id": "morewood-avenue-1384-00", "corridor": "Morewood Avenue", "walk_class": "sidewalk", "length_m": 98.24 }, "geometry": { "type": "LineString", "coordinates": [ [ -79.9425464, 40.4473539 ], [ -79.9425553, 40.4474201 ], [ -79.9425627, 40.447493 ], [ -79.9425632, 40.447503100000013 ], [ -79.9426066, 40.4478506 ], [ -79.9426079, 40.447862 ], [ -79.942651056564088, 40.448235244232535 ] ] } },
{ "type": "Feature", "properties": { "seg_id": "morewood-avenue-1384-01", "corridor": "Morewood Avenue", "walk_class": "sidewalk", "length_m": 98.24 }, "geometry": { "type": "LineString", "coordinates": [ [ -79.942651056564088, 40.448235244232535 ], [ -79.9426614, 40.448324699999986 ], [ -79.9426896, 40.4485192 ], [ -79.9427125, 40.4486861 ], [ -79.942748400000013, 40.4490009 ], [ -79.942772608480922, 40.449115105011202 ] ] } },
{ "type": "Feature", "properties": { "seg_id": "morewood-avenue-1384-02", "corridor": "Morewood Avenue", "walk_class": "sidewalk", "length_m": 98.24 }, "geometry": { "type": "LineString", "coordinates": [ [ -79.942772608480922, 40.449115105011202 ], [ -79.9427877, 40.4491863 ], [ -79.9427985, 40.4492392 ], [ -79.9428375, 40.4494515 ], [ -79.942861, 40.4495715 ], [ -79.9428777, 40.4496571 ], [ -79.9429069, 40.4497995 ], [ -79.9429301, 40.4499236 ], [ -79.942939908173457, 40.44999075709427 ] ] } },
{ "type": "Feature", "properties": { "seg_id": "morewood-avenue-1384-03", "corridor": "Morewood Avenue", "walk_class": "sidewalk", "length_m": 98.24 }, "geometry": { "type": "LineString", "coordinates": [ [ -79.942939908173457, 40.44999075709427 ], [ -79.9429739, 40.4502235 ], [ -79.9430764, 40.4507975 ], [ -79.943089, 40.4508121 ], [ -79.943106245060619, 40.450864470530334 ] ] } },
{ "type": "Feature", "properties": { "seg_id": "morewood-avenue-1384-04", "corridor": "Morewood Avenue", "walk_class": "sidewalk", "length_m": 98.24 }, "geometry": { "type": "LineString", "coordinates": [ [ -79.943106245060619, 40.450864470530334 ], [ -79.943108, 40.4508698 ], [ -79.9431307, 40.4509388 ], [ -79.943404854740962, 40.451719549438678 ] ] } },
{ "type": "Feature", "properties": { "seg_id": "morewood-avenue-1384-05", "corridor": "Morewood Avenue", "walk_class": "sidewalk", "length_m": 98.24 }, "geometry": { "type": "LineString", "coordinates": [ [ -79.943404854740962, 40.451719549438678 ], [ -79.9434087, 40.451730499999989 ], [ -79.9434098, 40.4517404 ], [ -79.9434295, 40.4517926 ], [ -79.94345, 40.4518452 ], [ -79.9434545, 40.4518558 ], [ -79.94345, 40.4518653 ], [ -79.9436668, 40.4524815 ], [ -79.943707134417139, 40.452571572462489 ] ] } },
{ "type": "Feature", "properties": { "seg_id": "morewood-avenue-1384-06", "corridor": "Morewood Avenue", "walk_class": "sidewalk", "length_m": 98.24 }, "geometry": { "type": "LineString", "coordinates": [ [ -79.943707134417139, 40.452571572462489 ], [ -79.9437187, 40.4525974 ], [ -79.9437611, 40.452680199999989 ], [ -79.9437954, 40.4527471 ], [ -79.9439258, 40.453002 ], [ -79.9439358, 40.4530079 ], [ -79.9439627, 40.453065699999989 ], [ -79.9439834, 40.4531104 ], [ -79.944123418014769, 40.453395874033902 ] ] } },
{ "type": "Feature", "properties": { "seg_id": "morewood-avenue-1384-07", "corridor": "Morewood Avenue", "walk_class": "sidewalk", "length_m": 98.24 }, "geometry": { "type": "LineString", "coordinates": [ [ -79.944123418014769, 40.453395874033902 ], [ -79.9441688, 40.4534884 ], [ -79.9444377, 40.454016 ], [ -79.9444742, 40.4540788 ], [ -79.9445171, 40.4541432 ], [ -79.9445612, 40.4542147 ] ] } },
{ "type": "Feature", "properties": { "seg_id": "morewood-avenue-1385-00", "corridor": null, "walk_class": "sidewalk", "length_m": 98.42 }, "geometry": { "type": "LineString", "coordinates": [ [ -79.9429276, 40.4460122 ], [ -79.9429153, 40.4460419 ], [ -79.9428982, 40.4461464 ], [ -79.9429068, 40.4462117 ], [ -79.9429153, 40.4462836 ], [ -79.9429068, 40.4463293 ], [ -79.9428982, 40.4463946 ], [ -79.9429068, 40.4464534 ], [ -79.9429003, 40.4465407 ], [ -79.9428467, 40.4465645 ], [ -79.9426064, 40.446669 ], [ -79.942499983886265, 40.446718771479318 ] ] } },
{ "type": "Feature", "properties": { "seg_id": "morewood-avenue-1385-01", "corridor": "Morewood Avenue", "walk_class": "sidewalk", "length_m": 98.42 }, "geometry": { "type": "LineString", "coordinates": [ [ -79.942499983886265, 40.446718771479318 ], [ -79.9424717, 40.446732 ], [ -79.9424307, 40.4467126 ], [ -79.9424433, 40.4466298 ], [ -79.9424519, 40.446551399999983 ], [ -79.9424575, 40.4464695 ], [ -79.942459, 40.4463476 ], [ -79.9424551, 40.4462409 ], [ -79.9424433, 40.4461334 ], [ -79.942369, 40.4459695 ], [ -79.9423767, 40.4459164 ], [ -79.942379137865103, 40.445899513327738 ] ] } },
{ "type": "Feature", "properties": { "seg_id": "morewood-avenue-1385-02", "corridor": "Morewood Avenue", "walk_class": "sidewalk", "length_m": 98.42 }, "geometry": { "type": "LineString", "coordinates": [ [ -79.942379137865103, 40.445899513327738 ], [ -79.9423808, 40.445888 ], [ -79.9424491, 40.4457461 ], [ -79.942491, 40.445677599999989 ], [ -79.9426787, 40.4453708 ], [ -79.9427067, 40.4453251 ], [ -79.942844348539992, 40.445088288275322 ] ] } },
{ "type": "Feature", "properties": { "seg_id": "morewood-avenue-1385-03", "corridor": "Forbes Avenue", "walk_class": "sidewalk", "length_m": 98.42 }, "geometry": { "type": "LineString", "coordinates": [ [ -79.942844348539992, 40.445088288275322 ], [ -79.942863, 40.4450562 ], [ -79.9430234, 40.4447802 ], [ -79.9430517, 40.4447457 ], [ -79.9431026, 40.4447299 ], [ -79.9431293, 40.4447349 ], [ -79.9432501, 40.4447551 ], [ -79.9433102, 40.444774700000011 ], [ -79.9436137, 40.4448896 ], [ -79.943663077711122, 40.44490948961505 ] ] } },
{ "type": "Feature", "properties": { "seg_id": "morewood-avenue-1385-04", "corridor": null, "walk_class": "sidewalk", "length_m": 98.42 }, "geometry": { "type": "LineString", "coordinates": [ [ -79.943663077711122, 40.44490948961505 ], [ -79.9438776, 40.4449959 ], [ -79.9443937, 40.445201200000014 ], [ -79.9446929, 40.4453182 ] ] } },
{ "type": "Feature", "properties": { "seg_id": "sidewalk-1386-00", "corridor": null, "walk_class": "sidewalk", "length_m": 11.01 }, "geometry": { "type": "LineString", "coordinates": [ [ -79.9446533, 40.4473413 ], [ -79.9446347, 40.4474395 ] ] } },
{ "type": "Feature", "properties": { "seg_id": "sidewalk-1387-00", "corridor": null, "walk_class": "sidewalk", "length_m": 12.41 }, "geometry": { "type": "LineString", "coordinates": [ [ -79.9446347, 40.4474395 ], [ -79.944549, 40.4473489 ] ] } },
{ "type": "Feature", "properties": { "seg_id": "sidewalk-1388-00", "corridor": null, "walk_class": "sidewalk", "length_m": 28.44 }, "geometry": { "type": "LineString", "coordinates": [ [ -79.9446628, 40.4453625 ], [ -79.9443632, 40.4452475 ] ] } },
{ "type": "Feature", "properties": { "seg_id": "sidewalk-1389-00", "corridor": null, "walk_class": "sidewalk", "length_m": 14.21 }, "geometry": { "type": "LineString", "coordinates": [ [ -79.9446662, 40.4438374 ], [ -79.9445409, 40.4437971 ], [ -79.9445155, 40.4438115 ] ] } },
{ "type": "Feature", "properties": { "seg_id": "sidewalk-1390-00", "corridor": null, "walk_class": "sidewalk", "length_m": 58.17 }, "geometry": { "type": "LineString", "coordinates": [ [ -79.94463, 40.4443248 ], [ -79.9445593, 40.4440338 ], [ -79.9445308, 40.444048 ], [ -79.9445199, 40.4440542 ], [ -79.9444883, 40.4440682 ], [ -79.9444754, 40.4440731 ], [ -79.9444383, 40.4440865 ], [ -79.9444257, 40.4440909 ], [ -79.9443584, 40.4441159 ], [ -79.9442953, 40.4441394 ] ] } },
{ "type": "Feature", "properties": { "seg_id": "sidewalk-1391-00", "corridor": null, "walk_class": "sidewalk", "length_m": 28.44 }, "geometry": { "type": "LineString", "coordinates": [ [ -79.9445914, 40.4454676 ], [ -79.9442937, 40.4453497 ] ] } },
{ "type": "Feature", "properties": { "seg_id": "sidewalk-1392-00", "corridor": null, "walk_class": "sidewalk", "length_m": 60.84 }, "geometry": { "type": "LineString", "coordinates": [ [ -79.9444574, 40.442202 ], [ -79.9444711, 40.442164 ], [ -79.9445144, 40.4420538 ], [ -79.9446108, 40.4417677 ], [ -79.9446431, 40.4416727 ] ] } },
{ "type": "Feature", "properties": { "seg_id": "morewood-avenue-1393-00", "corridor": "Morewood Avenue", "walk_class": "sidewalk", "length_m": 103.24 }, "geometry": { "type": "LineString", "coordinates": [ [ -79.944412900000017, 40.4542486 ], [ -79.9443628, 40.4541784 ], [ -79.9443373, 40.4541338 ], [ -79.9443338, 40.4541233 ], [ -79.9442384, 40.4539071 ], [ -79.94397341722528, 40.453382387179914 ] ] } },
{ "type": "Feature", "properties": { "seg_id": "morewood-avenue-1393-01", "corridor": "Morewood Avenue", "walk_class": "sidewalk", "length_m": 103.24 }, "geometry": { "type": "LineString", "coordinates": [ [ -79.94397341722528, 40.453382387179914 ], [ -79.9436324, 40.4527071 ], [ -79.94362, 40.4526956 ], [ -79.9436065, 40.4526946 ], [ -79.9435894, 40.4526978 ], [ -79.94338430231015, 40.452757066579856 ] ] } },
{ "type": "Feature", "properties": { "seg_id": "morewood-avenue-1393-02", "corridor": null, "walk_class": "sidewalk", "length_m": 103.24 }, "geometry": { "type": "LineString", "coordinates": [ [ -79.94338430231015, 40.452757066579856 ], [ -79.9429786, 40.4528743 ], [ -79.9429661, 40.4528842 ], [ -79.9429605, 40.4529043 ], [ -79.942981900000021, 40.4529651 ], [ -79.9429906, 40.45298970000001 ], [ -79.9429762, 40.4530605 ], [ -79.942941300000015, 40.4531198 ], [ -79.9428819, 40.4531719 ], [ -79.9428065, 40.453212 ], [ -79.9427173, 40.4532272 ], [ -79.9426184, 40.4532314 ], [ -79.9425496, 40.453217 ] ] } },
{ "type": "Feature", "properties": { "seg_id": "randy-pausch-memorial-bridge-1394-00", "corridor": null, "walk_class": "sidewalk", "length_m": 88.84 }, "geometry": { "type": "LineString", "coordinates": [ [ -79.9405381, 40.4424784 ], [ -79.9412767, 40.442634 ], [ -79.9414909, 40.4426806 ], [ -79.941547361245341, 40.442692667304854 ] ] } },
{ "type": "Feature", "properties": { "seg_id": "randy-pausch-memorial-bridge-1394-01", "corridor": null, "walk_class": "sidewalk", "length_m": 88.84 }, "geometry": { "type": "LineString", "coordinates": [ [ -79.941547361245341, 40.442692667304854 ], [ -79.941657, 40.442716099999984 ], [ -79.942551893461811, 40.442919525003546 ] ] } },
{ "type": "Feature", "properties": { "seg_id": "randy-pausch-memorial-bridge-1394-02", "corridor": null, "walk_class": "sidewalk", "length_m": 88.84 }, "geometry": { "type": "LineString", "coordinates": [ [ -79.942551893461811, 40.442919525003546 ], [ -79.9426864, 40.4429501 ], [ -79.942744, 40.4429629 ], [ -79.9434494, 40.4431195 ], [ -79.9435358, 40.4431364 ], [ -79.943558261297937, 40.443131301646552 ] ] } },
{ "type": "Feature", "properties": { "seg_id": "randy-pausch-memorial-bridge-1394-03", "corridor": null, "walk_class": "sidewalk", "length_m": 88.84 }, "geometry": { "type": "LineString", "coordinates": [ [ -79.943558261297937, 40.443131301646552 ], [ -79.9435988, 40.443122099999989 ], [ -79.9436471, 40.4431221 ], [ -79.9436874, 40.4431364 ], [ -79.9437222, 40.4431629 ], [ -79.943779, 40.443171300000017 ], [ -79.9445738, 40.4432713 ] ] } },
{ "type": "Feature", "properties": { "seg_id": "sidewalk-1395-00", "corridor": null, "walk_class": "sidewalk", "length_m": 28.52 }, "geometry": { "type": "LineString", "coordinates": [ [ -79.9442274, 40.4454457 ], [ -79.9445263, 40.4455635 ] ] } },
{ "type": "Feature", "properties": { "seg_id": "sidewalk-1396-00", "corridor": null, "walk_class": "sidewalk", "length_m": 91.37 }, "geometry": { "type": "LineString", "coordinates": [ [ -79.9439817, 40.4439463 ], [ -79.9439774, 40.4439602 ], [ -79.9439899, 40.4439784 ], [ -79.9440118, 40.4439967 ], [ -79.9441746, 40.4440713 ], [ -79.9442756, 40.4441026 ], [ -79.9443584, 40.4441159 ], [ -79.944422, 40.444146 ], [ -79.9444926, 40.4442003 ], [ -79.9445249, 40.4442579 ], [ -79.9445349, 40.4443086 ], [ -79.9445224, 40.4443693 ], [ -79.944495, 40.44441960000001 ], [ -79.9444788, 40.4445258 ] ] } },
{ "type": "Feature", "properties": { "seg_id": "centre-avenue-1397-00", "corridor": null, "walk_class": "sidewalk", "length_m": 83.48 }, "geometry": { "type": "LineString", "coordinates": [ [ -79.9434189, 40.454404200000013 ], [ -79.9434506, 40.45439540000001 ], [ -79.9438348, 40.4542781 ], [ -79.9439079, 40.4542553 ], [ -79.943979, 40.4542332 ], [ -79.9443373, 40.4541338 ] ] } },
{ "type": "Feature", "properties": { "seg_id": "service-1398-00", "corridor": null, "walk_class": "service", "length_m": 56.45 }, "geometry": { "type": "LineString", "coordinates": [ [ -79.9443426, 40.4529499 ], [ -79.9443165, 40.4528977 ], [ -79.9441053, 40.4524748 ] ] } },
{ "type": "Feature", "properties": { "seg_id": "service-1399-00", "corridor": null, "walk_class": "service", "length_m": 80.77 }, "geometry": { "type": "LineString", "coordinates": [ [ -79.9444118, 40.444614799999989 ], [ -79.944416, 40.444527 ], [ -79.9444221, 40.4444512 ], [ -79.9444771, 40.4443277 ], [ -79.9444776, 40.4442687 ], [ -79.944435400000017, 40.4442064 ], [ -79.9442953, 40.4441394 ], [ -79.9441765, 40.4441065 ], [ -79.944078, 40.4440756 ] ] } },
{ "type": "Feature", "properties": { "seg_id": "service-1400-00", "corridor": null, "walk_class": "service", "length_m": 7.14 }, "geometry": { "type": "LineString", "coordinates": [ [ -79.9444186, 40.4472817 ], [ -79.944417300000012, 40.4472174 ] ] } },
{ "type": "Feature", "properties": { "seg_id": "sidewalk-1401-00", "corridor": null, "walk_class": "sidewalk", "length_m": 125.01 }, "geometry": { "type": "LineString", "coordinates": [ [ -79.944417300000012, 40.4472174 ], [ -79.9444052, 40.446616699999986 ], [ -79.9444018, 40.446448599999982 ], [ -79.9444002, 40.4463685 ], [ -79.9443426, 40.4463225 ], [ -79.9443164, 40.4462843 ], [ -79.9443057, 40.4462338 ], [ -79.9443104, 40.4462021 ], [ -79.9443153, 40.4461149 ] ] } },
{ "type": "Feature", "properties": { "seg_id": "service-1402-00", "corridor": null, "walk_class": "service", "length_m": 70.85 }, "geometry": { "type": "LineString", "coordinates": [ [ -79.9442925, 40.4538878 ], [ -79.9442384, 40.4539071 ], [ -79.9438645, 40.4540301 ], [ -79.9438308, 40.4541128 ], [ -79.9438582, 40.4541755 ], [ -79.9439079, 40.4542553 ], [ -79.9439307, 40.4542919 ] ] } },
{ "type": "Feature", "properties": { "seg_id": "sidewalk-1403-00", "corridor": null, "walk_class": "sidewalk", "length_m": 31.51 }, "geometry": { "type": "LineString", "coordinates": [ [ -79.9441767, 40.4411993 ], [ -79.9442607, 40.44117640000001 ], [ -79.944483, 40.4410435 ] ] } },
{ "type": "Feature", "properties": { "seg_id": "sidewalk-1404-00", "corridor": null, "walk_class": "sidewalk", "length_m": 23.49 }, "geometry": { "type": "LineString", "coordinates": [ [ -79.9442305, 40.4421993 ], [ -79.9442397, 40.4421764 ], [ -79.9442607, 40.4421799 ], [ -79.9443058, 40.4422028 ], [ -79.9443139, 40.4421947 ], [ -79.9443273, 40.4421834 ], [ -79.9443619, 40.4421769 ], [ -79.9443815, 40.4421822 ], [ -79.9444135, 40.4421903 ], [ -79.9444574, 40.442202 ] ] } },
{ "type": "Feature", "properties": { "seg_id": "steps-1405-00", "corridor": null, "walk_class": "steps", "length_m": 10.86 }, "geometry": { "type": "LineString", "coordinates": [ [ -79.9444574, 40.442202 ], [ -79.9444416, 40.4422443 ], [ -79.9444227, 40.442296199999987 ] ] } },
{ "type": "Feature", "properties": { "seg_id": "sidewalk-1406-00", "corridor": null, "walk_class": "sidewalk", "length_m": 14.37 }, "geometry": { "type": "LineString", "coordinates": [ [ -79.9444227, 40.442296199999987 ], [ -79.9443907, 40.4422878 ], [ -79.9443948, 40.442278 ], [ -79.9443953, 40.4422593 ], [ -79.9443861, 40.4422457 ], [ -79.9443969, 40.442220399999989 ], [ -79.944404, 40.4422079 ], [ -79.9444135, 40.4421903 ] ] } },
{ "type": "Feature", "properties": { "seg_id": "sidewalk-1407-00", "corridor": null, "walk_class": "sidewalk", "length_m": 1.5 }, "geometry": { "type": "LineString", "coordinates": [ [ -79.9444168, 40.4423089 ], [ -79.9444227, 40.442296199999987 ] ] } },
{ "type": "Feature", "properties": { "seg_id": "sidewalk-1408-00", "corridor": null, "walk_class": "sidewalk", "length_m": 14.22 }, "geometry": { "type": "LineString", "coordinates": [ [ -79.9443293, 40.4420634 ], [ -79.9442791, 40.442137 ], [ -79.9442607, 40.4421799 ] ] } },
{ "type": "Feature", "properties": { "seg_id": "service-1409-00", "corridor": null, "walk_class": "service", "length_m": 82.89 }, "geometry": { "type": "LineString", "coordinates": [ [ -79.9432461, 40.4484363 ], [ -79.9435964, 40.4484131 ], [ -79.9440351, 40.4483841 ], [ -79.9441303, 40.4483767 ], [ -79.9442196, 40.448369699999986 ] ] } },
{ "type": "Feature", "properties": { "seg_id": "service-1410-00", "corridor": null, "walk_class": "service", "length_m": 73.99 }, "geometry": { "type": "LineString", "coordinates": [ [ -79.94421, 40.4481897 ], [ -79.9441227, 40.4481958 ], [ -79.9435759, 40.4482337 ], [ -79.9435794, 40.448264 ], [ -79.9435964, 40.4484131 ] ] } },
{ "type": "Feature", "properties": { "seg_id": "frew-street-1411-00", "corridor": "Frew Street", "walk_class": "sidewalk", "length_m": 88.13 }, "geometry": { "type": "LineString", "coordinates": [ [ -79.9443118, 40.4410079 ], [ -79.9437688, 40.4408937 ], [ -79.9437285, 40.4408722 ], [ -79.9436709, 40.4408482 ], [ -79.9436172, 40.4408319 ], [ -79.9434351, 40.4407978 ], [ -79.943323616053732, 40.440773867957809 ] ] } },
{ "type": "Feature", "properties": { "seg_id": "frew-street-1411-01", "corridor": "Frew Street", "walk_class": "sidewalk", "length_m": 88.13 }, "geometry": { "type": "LineString", "coordinates": [ [ -79.943323616053732, 40.440773867957809 ], [ -79.9429702, 40.440698 ], [ -79.942320452775007, 40.440567190691951 ] ] } },
{ "type": "Feature", "properties": { "seg_id": "frew-street-1411-02", "corridor": null, "walk_class": "sidewalk", "length_m": 88.13 }, "geometry": { "type": "LineString", "coordinates": [ [ -79.942320452775007, 40.440567190691951 ], [ -79.9422902, 40.4405611 ], [ -79.9422701, 40.4405614 ], [ -79.9422365, 40.4405716 ], [ -79.9422015, 40.44058840000001 ], [ -79.9421574, 40.440614 ], [ -79.9421313, 40.4406518 ], [ -79.941881680866814, 40.441231579311193 ] ] } },
{ "type": "Feature", "properties": { "seg_id": "frew-street-1411-03", "corridor": null, "walk_class": "sidewalk", "length_m": 88.13 }, "geometry": { "type": "LineString", "coordinates": [ [ -79.941881680866814, 40.441231579311193 ], [ -79.941688700000014, 40.4416798 ], [ -79.9416659, 40.4417327 ], [ -79.9416679, 40.4417454 ], [ -79.941674, 40.4417536 ], [ -79.9416813, 40.4417577 ], [ -79.9419801, 40.441822 ] ] } },
{ "type": "Feature", "properties": { "seg_id": "sidewalk-1412-00", "corridor": null, "walk_class": "sidewalk", "length_m": 97.22 }, "geometry": { "type": "LineString", "coordinates": [ [ -79.9443118, 40.4410079 ], [ -79.9441767, 40.4411993 ], [ -79.9441359, 40.4413135 ], [ -79.9441143, 40.4413763 ], [ -79.9440867, 40.4414536 ], [ -79.9440157, 40.441649 ], [ -79.943949193254838, 40.441834273765913 ] ] } },
{ "type": "Feature", "properties": { "seg_id": "sidewalk-1412-01", "corridor": null, "walk_class": "sidewalk", "length_m": 97.22 }, "geometry": { "type": "LineString", "coordinates": [ [ -79.943949193254838, 40.441834273765913 ], [ -79.9439144, 40.4419312 ], [ -79.9438403, 40.4421491 ], [ -79.9438219, 40.4421927 ], [ -79.9437949, 40.4422741 ], [ -79.9436904, 40.4423536 ], [ -79.9435995, 40.4425299 ], [ -79.943554130575222, 40.442642922950505 ] ] } },
{ "type": "Feature", "properties": { "seg_id": "sidewalk-1412-02", "corridor": null, "walk_class": "sidewalk", "length_m": 97.22 }, "geometry": { "type": "LineString", "coordinates": [ [ -79.943554130575222, 40.442642922950505 ], [ -79.9435146, 40.44274140000001 ], [ -79.943487800000014, 40.44286 ], [ -79.9434817, 40.44303080000001 ], [ -79.9434494, 40.4431195 ], [ -79.9434299, 40.4431724 ], [ -79.943417, 40.4432127 ], [ -79.943318038086929, 40.443495842167536 ] ] } },
{ "type": "Feature", "properties": { "seg_id": "sidewalk-1412-03", "corridor": null, "walk_class": "sidewalk", "length_m": 97.22 }, "geometry": { "type": "LineString", "coordinates": [ [ -79.943318038086929, 40.443495842167536 ], [ -79.943229800000012, 40.4437483 ], [ -79.9431766, 40.4439006 ], [ -79.9431679, 40.4439269 ], [ -79.9431038, 40.4441208 ], [ -79.9428476, 40.444238 ], [ -79.942845830067697, 40.444238866757296 ] ] } },
{ "type": "Feature", "properties": { "seg_id": "sidewalk-1412-04", "corridor": null, "walk_class": "sidewalk", "length_m": 97.22 }, "geometry": { "type": "LineString", "coordinates": [ [ -79.942845830067697, 40.444238866757296 ], [ -79.9428233, 40.4442499 ], [ -79.9423092, 40.4441347 ], [ -79.9422532, 40.4441218 ], [ -79.9423902, 40.4437561 ], [ -79.942397854537489, 40.443735971404102 ] ] } },
{ "type": "Feature", "properties": { "seg_id": "sidewalk-1412-05", "corridor": null, "walk_class": "sidewalk", "length_m": 97.22 }, "geometry": { "type": "LineString", "coordinates": [ [ -79.942397854537489, 40.443735971404102 ], [ -79.942401, 40.4437277 ], [ -79.9426561, 40.4430463 ], [ -79.9426864, 40.4429501 ], [ -79.9426988, 40.442892 ], [ -79.942699148283538, 40.442891409763561 ] ] } },
{ "type": "Feature", "properties": { "seg_id": "sidewalk-1412-06", "corridor": null, "walk_class": "sidewalk", "length_m": 97.22 }, "geometry": { "type": "LineString", "coordinates": [ [ -79.942699148283538, 40.442891409763561 ], [ -79.942763, 40.4427832 ], [ -79.9428303, 40.4426788 ], [ -79.9428945, 40.4425215 ], [ -79.9429144, 40.442390399999987 ], [ -79.942922400000015, 40.4422789 ], [ -79.9429407, 40.4421877 ], [ -79.9429893, 40.4421025 ], [ -79.943006598028589, 40.442057287054496 ] ] } },
{ "type": "Feature", "properties": { "seg_id": "sidewalk-1412-07", "corridor": null, "walk_class": "sidewalk", "length_m": 97.22 }, "geometry": { "type": "LineString", "coordinates": [ [ -79.943006598028589, 40.442057287054496 ], [ -79.9430416, 40.4419658 ], [ -79.9430479, 40.4419526 ], [ -79.9430728, 40.441876 ], [ -79.9431636, 40.441629 ], [ -79.9433161, 40.44121410000001 ] ] } },
{ "type": "Feature", "properties": { "seg_id": "sidewalk-1413-00", "corridor": null, "walk_class": "sidewalk", "length_m": 9.95 }, "geometry": { "type": "LineString", "coordinates": [ [ -79.9441765, 40.4441065 ], [ -79.9441482, 40.4441935 ] ] } },
{ "type": "Feature", "properties": { "seg_id": "schenley-drive-1414-00", "corridor": null, "walk_class": "sidewalk", "length_m": 89.24 }, "geometry": { "type": "LineString", "coordinates": [ [ -79.9442002, 40.4397952 ], [ -79.9441081, 40.4398455 ], [ -79.9440223, 40.4399631 ], [ -79.9439622, 40.4400611 ], [ -79.9438998, 40.4401218 ], [ -79.9437882, 40.4401545 ], [ -79.9436852, 40.4402328 ], [ -79.943565, 40.4403047 ], [ -79.943483439812539, 40.440352160364341 ] ] } },
{ "type": "Feature", "properties": { "seg_id": "schenley-drive-1414-01", "corridor": "Frew Street", "walk_class": "sidewalk", "length_m": 89.24 }, "geometry": { "type": "LineString", "coordinates": [ [ -79.943483439812539, 40.440352160364341 ], [ -79.943419100000014, 40.4403896 ], [ -79.9432904, 40.4404288 ], [ -79.943153, 40.4404353 ], [ -79.9429974, 40.4404281 ], [ -79.9428431, 40.4404072 ], [ -79.9427766, 40.440392 ], [ -79.9426724, 40.440357 ], [ -79.9425674, 40.4403138 ], [ -79.9425069, 40.4402739 ] ] } },
{ "type": "Feature", "properties": { "seg_id": "sidewalk-1415-00", "corridor": null, "walk_class": "sidewalk", "length_m": 26.63 }, "geometry": { "type": "LineString", "coordinates": [ [ -79.9441916, 40.4402067 ], [ -79.94408, 40.440161 ], [ -79.9438998, 40.4401218 ] ] } },
{ "type": "Feature", "properties": { "seg_id": "sidewalk-1416-00", "corridor": null, "walk_class": "sidewalk", "length_m": 40.01 }, "geometry": { "type": "LineString", "coordinates": [ [ -79.943939500000013, 40.4427703 ], [ -79.944068900000019, 40.4424874 ], [ -79.9441484, 40.4424882 ] ] } },
{ "type": "Feature", "properties": { "seg_id": "sidewalk-1417-00", "corridor": null, "walk_class": "sidewalk", "length_m": 2.18 }, "geometry": { "type": "LineString", "coordinates": [ [ -79.9441359, 40.4413135 ], [ -79.9441604, 40.4413193 ] ] } },
{ "type": "Feature", "properties": { "seg_id": "sidewalk-1418-00", "corridor": null, "walk_class": "sidewalk", "length_m": 44.24 }, "geometry": { "type": "LineString", "coordinates": [ [ -79.9440016, 40.44304360000001 ], [ -79.9439619, 40.4429937 ], [ -79.9439722, 40.4429696 ], [ -79.9440071, 40.4429328 ], [ -79.9440607, 40.4428941 ], [ -79.9440822, 40.4428614 ], [ -79.9440983, 40.4428165 ], [ -79.943939500000013, 40.4427703 ] ] } },
{ "type": "Feature", "properties": { "seg_id": "sidewalk-1419-00", "corridor": null, "walk_class": "sidewalk", "length_m": 113.83 }, "geometry": { "type": "LineString", "coordinates": [ [ -79.9441143, 40.4413763 ], [ -79.9437804, 40.4413086 ], [ -79.9433161, 40.44121410000001 ], [ -79.9432944, 40.4412097 ], [ -79.943143400000011, 40.4411785 ], [ -79.9428178, 40.4411113 ] ] } },
{ "type": "Feature", "properties": { "seg_id": "sidewalk-1420-00", "corridor": null, "walk_class": "sidewalk", "length_m": 45.55 }, "geometry": { "type": "LineString", "coordinates": [ [ -79.9440478, 40.4447378 ], [ -79.9439943, 40.4448221 ], [ -79.9438776, 40.4449959 ], [ -79.943782, 40.4450927 ] ] } },
{ "type": "Feature", "properties": { "seg_id": "service-1421-00", "corridor": null, "walk_class": "service", "length_m": 17.49 }, "geometry": { "type": "LineString", "coordinates": [ [ -79.9439634, 40.4451676 ], [ -79.943782, 40.4450927 ] ] } },
{ "type": "Feature", "properties": { "seg_id": "steps-1422-00", "corridor": null, "walk_class": "steps", "length_m": 30.75 }, "geometry": { "type": "LineString", "coordinates": [ [ -79.94366380000001, 40.4426449 ], [ -79.9438765, 40.442714799999983 ], [ -79.9438596, 40.442747099999984 ], [ -79.943939500000013, 40.4427703 ] ] } },
{ "type": "Feature", "properties": { "seg_id": "devonshire-road-1423-00", "corridor": "Devonshire Road", "walk_class": "street", "length_m": 7.43 }, "geometry": { "type": "LineString", "coordinates": [ [ -79.9438349, 40.4473274 ], [ -79.943832200000017, 40.4472605 ] ] } },
{ "type": "Feature", "properties": { "seg_id": "sidewalk-1424-00", "corridor": null, "walk_class": "sidewalk", "length_m": 80.16 }, "geometry": { "type": "LineString", "coordinates": [ [ -79.943899, 40.4422973 ], [ -79.9437949, 40.4422741 ], [ -79.943754, 40.4422649 ], [ -79.9431126, 40.442135099999987 ], [ -79.9429893, 40.4421025 ] ] } },
{ "type": "Feature", "properties": { "seg_id": "sidewalk-1425-00", "corridor": null, "walk_class": "sidewalk", "length_m": 45.88 }, "geometry": { "type": "LineString", "coordinates": [ [ -79.9439458, 40.4392559 ], [ -79.94388, 40.4392142 ], [ -79.9438244, 40.4391789 ], [ -79.9437164, 40.4390846 ], [ -79.9436488, 40.4390522 ], [ -79.9435691, 40.4390162 ], [ -79.9435309, 40.4389956 ] ] } },
{ "type": "Feature", "properties": { "seg_id": "sidewalk-1426-00", "corridor": null, "walk_class": "sidewalk", "length_m": 92.73 }, "geometry": { "type": "LineString", "coordinates": [ [ -79.9438332, 40.4451599 ], [ -79.9435611, 40.4455573 ], [ -79.9433517, 40.4458615 ], [ -79.9433657, 40.4458743 ], [ -79.9433971, 40.4458854 ] ] } },
{ "type": "Feature", "properties": { "seg_id": "sidewalk-1427-00", "corridor": null, "walk_class": "sidewalk", "length_m": 129.62 }, "geometry": { "type": "LineString", "coordinates": [ [ -79.9438062, 40.443957 ], [ -79.9437793, 40.4440269 ], [ -79.9436534, 40.4440012 ], [ -79.9433415, 40.4439355 ], [ -79.9431766, 40.4439006 ], [ -79.9431325, 40.4438908 ], [ -79.942457, 40.4437402 ], [ -79.942401, 40.4437277 ] ] } },
{ "type": "Feature", "properties": { "seg_id": "service-1428-00", "corridor": null, "walk_class": "service", "length_m": 92.07 }, "geometry": { "type": "LineString", "coordinates": [ [ -79.9422811, 40.4458991 ], [ -79.9423767, 40.4459164 ], [ -79.9424542, 40.4459338 ], [ -79.9426178, 40.4459709 ], [ -79.9429497, 40.4459701 ], [ -79.9430807, 40.4459534 ], [ -79.9432184, 40.4459056 ], [ -79.9432652, 40.4458622 ], [ -79.943286383575966, 40.445830651362215 ] ] } },
{ "type": "Feature", "properties": { "seg_id": "service-1428-01", "corridor": null, "walk_class": "service", "length_m": 92.07 }, "geometry": { "type": "LineString", "coordinates": [ [ -79.943286383575966, 40.445830651362215 ], [ -79.9434896, 40.445528 ], [ -79.943782, 40.4450927 ] ] } },
{ "type": "Feature", "properties": { "seg_id": "morewood-avenue-1429-00", "corridor": null, "walk_class": "sidewalk", "length_m": 91.92 }, "geometry": { "type": "LineString", "coordinates": [ [ -79.9437444, 40.4460571 ], [ -79.9435436, 40.4460678 ], [ -79.9434965, 40.4460603 ], [ -79.943291, 40.445979800000011 ], [ -79.9432369, 40.4459586 ], [ -79.9432243, 40.4459603 ], [ -79.9431745, 40.445983 ], [ -79.9431273, 40.4459981 ], [ -79.9430676, 40.4460054 ], [ -79.9429276, 40.4460122 ], [ -79.942707664323422, 40.446017568744359 ] ] } },
{ "type": "Feature", "properties": { "seg_id": "morewood-avenue-1429-01", "corridor": "Morewood Avenue", "walk_class": "sidewalk", "length_m": 91.92 }, "geometry": { "type": "LineString", "coordinates": [ [ -79.942707664323422, 40.446017568744359 ], [ -79.9426859, 40.4460181 ], [ -79.942571, 40.44601 ], [ -79.942369, 40.4459695 ], [ -79.9423429, 40.445978 ], [ -79.9423377, 40.4461325 ], [ -79.942386539437024, 40.446518205871861 ] ] } },
{ "type": "Feature", "properties": { "seg_id": "morewood-avenue-1429-02", "corridor": "Morewood Avenue", "walk_class": "sidewalk", "length_m": 91.92 }, "geometry": { "type": "LineString", "coordinates": [ [ -79.942386539437024, 40.446518205871861 ], [ -79.9424147, 40.4467406 ], [ -79.9424311, 40.4468698 ], [ -79.9424656, 40.44713 ], [ -79.9424713, 40.4471725 ], [ -79.942494, 40.4473422 ] ] } },
{ "type": "Feature", "properties": { "seg_id": "westinghouse-trail-1430-00", "corridor": null, "walk_class": "sidewalk", "length_m": 106.16 }, "geometry": { "type": "LineString", "coordinates": [ [ -79.9411011, 40.4362841 ], [ -79.9410979, 40.4364658 ], [ -79.9411207, 40.4365413 ], [ -79.9411932, 40.4366108 ], [ -79.9413434, 40.4366751 ], [ -79.9414842, 40.4367475 ], [ -79.941566, 40.4368271 ], [ -79.9415928, 40.4369496 ], [ -79.9415995, 40.437067 ], [ -79.941598145500464, 40.43707096242246 ] ] } },
{ "type": "Feature", "properties": { "seg_id": "westinghouse-trail-1430-01", "corridor": null, "walk_class": "sidewalk", "length_m": 106.16 }, "geometry": { "type": "LineString", "coordinates": [ [ -79.941598145500464, 40.43707096242246 ], [ -79.941566, 40.437165 ], [ -79.9414681, 40.4373243 ], [ -79.9414305, 40.4374243 ], [ -79.9414332, 40.4375141 ], [ -79.9415225, 40.4376021 ], [ -79.9416022, 40.4376615 ], [ -79.9416773, 40.4377119 ], [ -79.9417988, 40.4377708 ], [ -79.941896, 40.4377523 ], [ -79.941914195408742, 40.437725727860332 ] ] } },
{ "type": "Feature", "properties": { "seg_id": "westinghouse-trail-1430-02", "corridor": null, "walk_class": "sidewalk", "length_m": 106.16 }, "geometry": { "type": "LineString", "coordinates": [ [ -79.941914195408742, 40.437725727860332 ], [ -79.941949, 40.4376749 ], [ -79.942086, 40.4374395 ], [ -79.9422539, 40.4372731 ], [ -79.9425145, 40.4371352 ], [ -79.9426515, 40.4370091 ], [ -79.942682058688618, 40.43699983950804 ] ] } },
{ "type": "Feature", "properties": { "seg_id": "westinghouse-trail-1430-03", "corridor": null, "walk_class": "sidewalk", "length_m": 106.16 }, "geometry": { "type": "LineString", "coordinates": [ [ -79.942682058688618, 40.43699983950804 ], [ -79.9429343, 40.4369234 ], [ -79.9432524, 40.436874599999989 ], [ -79.9434558, 40.4367982 ], [ -79.9437412, 40.4368909 ], [ -79.943772915292939, 40.436978546009207 ] ] } },
{ "type": "Feature", "properties": { "seg_id": "westinghouse-trail-1430-04", "corridor": null, "walk_class": "sidewalk", "length_m": 106.16 }, "geometry": { "type": "LineString", "coordinates": [ [ -79.943772915292939, 40.436978546009207 ], [ -79.9438744, 40.437259 ], [ -79.9434926, 40.437499 ], [ -79.943283354968528, 40.437738040158479 ] ] } },
{ "type": "Feature", "properties": { "seg_id": "westinghouse-trail-1430-05", "corridor": null, "walk_class": "sidewalk", "length_m": 106.16 }, "geometry": { "type": "LineString", "coordinates": [ [ -79.943283354968528, 40.437738040158479 ], [ -79.943277, 40.43774530000001 ], [ -79.9431834, 40.437885799999989 ], [ -79.9430811, 40.4379802 ], [ -79.9431604, 40.4381763 ], [ -79.9431482, 40.4382491 ], [ -79.9430819, 40.4384028 ], [ -79.9430348, 40.4384882 ], [ -79.942963236040811, 40.438610778964623 ] ] } },
{ "type": "Feature", "properties": { "seg_id": "westinghouse-trail-1430-06", "corridor": null, "walk_class": "sidewalk", "length_m": 106.16 }, "geometry": { "type": "LineString", "coordinates": [ [ -79.942963236040811, 40.438610778964623 ], [ -79.9429049, 40.4387107 ], [ -79.9427711, 40.438832 ], [ -79.9426207, 40.4389403 ], [ -79.9425434, 40.438986 ], [ -79.9424404, 40.4390317 ], [ -79.9423374, 40.439097 ], [ -79.9422455, 40.439121499999985 ], [ -79.9420881, 40.4391597 ], [ -79.942012221703109, 40.43913811344482 ] ] } },
{ "type": "Feature", "properties": { "seg_id": "westinghouse-trail-1430-07", "corridor": null, "walk_class": "sidewalk", "length_m": 106.16 }, "geometry": { "type": "LineString", "coordinates": [ [ -79.942012221703109, 40.43913811344482 ], [ -79.9419598, 40.4391232 ], [ -79.9418224, 40.4390448 ], [ -79.941728, 40.4389729 ], [ -79.9416336, 40.4388684 ], [ -79.9415306, 40.4387704 ], [ -79.9413675, 40.438652800000014 ], [ -79.9411015, 40.438496 ] ] } },
{ "type": "Feature", "properties": { "seg_id": "sidewalk-1431-00", "corridor": null, "walk_class": "sidewalk", "length_m": 24.4 }, "geometry": { "type": "LineString", "coordinates": [ [ -79.9435988, 40.4444404 ], [ -79.9437418, 40.4444684 ], [ -79.9437368, 40.444483 ], [ -79.9436776, 40.4444714 ], [ -79.9436353, 40.4445031 ] ] } },
{ "type": "Feature", "properties": { "seg_id": "sidewalk-1432-00", "corridor": null, "walk_class": "sidewalk", "length_m": 3.48 }, "geometry": { "type": "LineString", "coordinates": [ [ -79.9437804, 40.4413086 ], [ -79.9437898, 40.4412781 ] ] } },
{ "type": "Feature", "properties": { "seg_id": "morewood-avenue-1433-00", "corridor": "Morewood Avenue", "walk_class": "sidewalk", "length_m": 100.2 }, "geometry": { "type": "LineString", "coordinates": [ [ -79.9436065, 40.4526946 ], [ -79.9436079, 40.4526861 ], [ -79.9435929, 40.4526493 ], [ -79.9435757, 40.4526072 ], [ -79.9434948, 40.4524175 ], [ -79.9434804, 40.4523674 ], [ -79.9434663, 40.4523184 ], [ -79.9433819, 40.4520768 ], [ -79.9433627, 40.4520239 ], [ -79.9433463, 40.4519785 ], [ -79.9433115, 40.4518823 ], [ -79.9433031, 40.4518701 ], [ -79.943287014354127, 40.451827026218268 ] ] } },
{ "type": "Feature", "properties": { "seg_id": "morewood-avenue-1433-01", "corridor": "Morewood Avenue", "walk_class": "sidewalk", "length_m": 100.2 }, "geometry": { "type": "LineString", "coordinates": [ [ -79.943287014354127, 40.451827026218268 ], [ -79.9432851, 40.4518219 ], [ -79.9432666, 40.4517727 ], [ -79.9432638, 40.4517658 ], [ -79.9431819, 40.4515341 ], [ -79.9430467, 40.4511512 ], [ -79.9429824, 40.4509691 ], [ -79.942978746860405, 40.450955705165953 ] ] } },
{ "type": "Feature", "properties": { "seg_id": "morewood-avenue-1433-02", "corridor": "Morewood Avenue", "walk_class": "sidewalk", "length_m": 100.2 }, "geometry": { "type": "LineString", "coordinates": [ [ -79.942978746860405, 40.450955705165953 ], [ -79.9429632, 40.4508987 ], [ -79.9429465, 40.4508374 ], [ -79.94285, 40.450333 ], [ -79.942798436037563, 40.450063849601882 ] ] } },
{ "type": "Feature", "properties": { "seg_id": "morewood-avenue-1433-03", "corridor": "Morewood Avenue", "walk_class": "sidewalk", "length_m": 100.2 }, "geometry": { "type": "LineString", "coordinates": [ [ -79.942798436037563, 40.450063849601882 ], [ -79.9427963, 40.4500527 ], [ -79.942758, 40.449852600000014 ], [ -79.94262751953724, 40.449170724295023 ] ] } },
{ "type": "Feature", "properties": { "seg_id": "morewood-avenue-1433-04", "corridor": "Morewood Avenue", "walk_class": "sidewalk", "length_m": 100.2 }, "geometry": { "type": "LineString", "coordinates": [ [ -79.94262751953724, 40.449170724295023 ], [ -79.9426066, 40.4490614 ], [ -79.9425986, 40.4490516 ], [ -79.9425934, 40.4490117 ], [ -79.9425884, 40.448974 ], [ -79.9425917, 40.44896 ], [ -79.9425237, 40.4484355 ], [ -79.942502910346491, 40.448274982035414 ] ] } },
{ "type": "Feature", "properties": { "seg_id": "morewood-avenue-1433-05", "corridor": "Morewood Avenue", "walk_class": "sidewalk", "length_m": 100.2 }, "geometry": { "type": "LineString", "coordinates": [ [ -79.942502910346491, 40.448274982035414 ], [ -79.9424068, 40.4475329 ], [ -79.9423769, 40.4475138 ], [ -79.9423636, 40.447433 ], [ -79.942356157618477, 40.447387653417444 ] ] } },
{ "type": "Feature", "properties": { "seg_id": "morewood-avenue-1433-06", "corridor": "Morewood Avenue", "walk_class": "sidewalk", "length_m": 100.2 }, "geometry": { "type": "LineString", "coordinates": [ [ -79.942356157618477, 40.447387653417444 ], [ -79.9423507, 40.4473544 ], [ -79.94222554922375, 40.446490569419751 ] ] } },
{ "type": "Feature", "properties": { "seg_id": "morewood-avenue-1433-07", "corridor": "Morewood Avenue", "walk_class": "sidewalk", "length_m": 100.2 }, "geometry": { "type": "LineString", "coordinates": [ [ -79.94222554922375, 40.446490569419751 ], [ -79.9421602, 40.446039499999983 ], [ -79.9421608, 40.4460022 ], [ -79.9421628, 40.4459733 ], [ -79.942207900000014, 40.445897 ], [ -79.9422705, 40.4457864 ], [ -79.942368321465523, 40.445624479032354 ] ] } },
{ "type": "Feature", "properties": { "seg_id": "morewood-avenue-1433-08", "corridor": "Morewood Avenue", "walk_class": "sidewalk", "length_m": 100.2 }, "geometry": { "type": "LineString", "coordinates": [ [ -79.942368321465523, 40.445624479032354 ], [ -79.9423758, 40.4456121 ], [ -79.9424513, 40.4454835 ], [ -79.9425419, 40.445335899999989 ], [ -79.9426485, 40.4451537 ], [ -79.9427771, 40.4449315 ], [ -79.9428355, 40.4448363 ], [ -79.9428505, 40.4448045 ], [ -79.942851513908778, 40.444801032433702 ] ] } },
{ "type": "Feature", "properties": { "seg_id": "morewood-avenue-1433-09", "corridor": "Forbes Avenue", "walk_class": "sidewalk", "length_m": 100.2 }, "geometry": { "type": "LineString", "coordinates": [ [ -79.942851513908778, 40.444801032433702 ], [ -79.9428605, 40.4447703 ], [ -79.9428588, 40.444754099999983 ], [ -79.942858, 40.44474610000001 ], [ -79.9428355, 40.4447195 ], [ -79.9427904, 40.4447023 ], [ -79.9424485, 40.4446338 ], [ -79.9422376, 40.444593 ], [ -79.9420121, 40.4445494 ], [ -79.9419211, 40.4445317 ], [ -79.941805848417403, 40.444508897514289 ] ] } },
{ "type": "Feature", "properties": { "seg_id": "morewood-avenue-1433-10", "corridor": "Forbes Avenue", "walk_class": "sidewalk", "length_m": 100.2 }, "geometry": { "type": "LineString", "coordinates": [ [ -79.941805848417403, 40.444508897514289 ], [ -79.9416699, 40.444482 ], [ -79.9414633, 40.4444429 ], [ -79.9413772, 40.4444279 ], [ -79.9413203, 40.444420699999988 ], [ -79.9412442, 40.4444109 ], [ -79.9409965, 40.4443693 ], [ -79.9406538, 40.44431 ] ] } },
{ "type": "Feature", "properties": { "seg_id": "sidewalk-1434-00", "corridor": null, "walk_class": "sidewalk", "length_m": 20.95 }, "geometry": { "type": "LineString", "coordinates": [ [ -79.9435884, 40.444926 ], [ -79.9436137, 40.4448896 ], [ -79.943701, 40.444758 ] ] } },
{ "type": "Feature", "properties": { "seg_id": "service-1435-00", "corridor": null, "walk_class": "service", "length_m": 59.05 }, "geometry": { "type": "LineString", "coordinates": [ [ -79.9434103, 40.45197790000001 ], [ -79.9433627, 40.4520239 ], [ -79.9433136, 40.4520713 ], [ -79.9434074, 40.4523509 ], [ -79.9434804, 40.4523674 ], [ -79.9435633, 40.4523861 ] ] } },
{ "type": "Feature", "properties": { "seg_id": "sidewalk-1436-00", "corridor": null, "walk_class": "sidewalk", "length_m": 39.92 }, "geometry": { "type": "LineString", "coordinates": [ [ -79.9435644, 40.4449313 ], [ -79.9435721, 40.4449202 ], [ -79.9435884, 40.444926 ], [ -79.9436106, 40.4449511 ], [ -79.9436192, 40.4449837 ], [ -79.9436192, 40.4450229 ], [ -79.9436363, 40.4450621 ], [ -79.9436663, 40.4451208 ], [ -79.9435997, 40.4452363 ] ] } },
{ "type": "Feature", "properties": { "seg_id": "service-1437-00", "corridor": null, "walk_class": "service", "length_m": 126.92 }, "geometry": { "type": "LineString", "coordinates": [ [ -79.9433032, 40.4541787 ], [ -79.9435146, 40.4541133 ], [ -79.9435227, 40.4540816 ], [ -79.9434315, 40.4538928 ], [ -79.9433778, 40.4538837 ], [ -79.9431995, 40.4539367 ], [ -79.9431874, 40.453958100000015 ], [ -79.9433032, 40.4541787 ], [ -79.9433261, 40.4542201 ], [ -79.9434189, 40.454404200000013 ], [ -79.943439600000019, 40.4544454 ] ] } },
{ "type": "Feature", "properties": { "seg_id": "service-1438-00", "corridor": null, "walk_class": "service", "length_m": 95.13 }, "geometry": { "type": "LineString", "coordinates": [ [ -79.9433032, 40.4541787 ], [ -79.9431874, 40.453958100000015 ], [ -79.9431995, 40.4539367 ], [ -79.9433778, 40.4538837 ], [ -79.9434315, 40.4538928 ], [ -79.9435227, 40.4540816 ], [ -79.9435146, 40.4541133 ], [ -79.9433032, 40.4541787 ] ] } },
{ "type": "Feature", "properties": { "seg_id": "sidewalk-1439-00", "corridor": null, "walk_class": "sidewalk", "length_m": 103.4 }, "geometry": { "type": "LineString", "coordinates": [ [ -79.9436904, 40.4423536 ], [ -79.9433488, 40.4425748 ], [ -79.9427765, 40.4428565 ], [ -79.9426988, 40.442892 ] ] } },
{ "type": "Feature", "properties": { "seg_id": "sidewalk-1440-00", "corridor": null, "walk_class": "sidewalk", "length_m": 83.16 }, "geometry": { "type": "LineString", "coordinates": [ [ -79.9430493, 40.4442709 ], [ -79.9435164, 40.4443662 ], [ -79.9435654, 40.4442357 ], [ -79.9436534, 40.4440012 ] ] } },
{ "type": "Feature", "properties": { "seg_id": "service-1441-00", "corridor": null, "walk_class": "service", "length_m": 85.31 }, "geometry": { "type": "LineString", "coordinates": [ [ -79.9435794, 40.448264 ], [ -79.943229, 40.4482872 ], [ -79.9428291, 40.4483136 ], [ -79.9426614, 40.448324699999986 ], [ -79.9425772, 40.4483303 ] ] } },
{ "type": "Feature", "properties": { "seg_id": "sidewalk-1442-00", "corridor": null, "walk_class": "sidewalk", "length_m": 13.88 }, "geometry": { "type": "LineString", "coordinates": [ [ -79.9435995, 40.4425299 ], [ -79.94366380000001, 40.4426449 ] ] } },
{ "type": "Feature", "properties": { "seg_id": "sidewalk-1443-00", "corridor": null, "walk_class": "sidewalk", "length_m": 16.58 }, "geometry": { "type": "LineString", "coordinates": [ [ -79.94366380000001, 40.4426449 ], [ -79.9435146, 40.44274140000001 ] ] } },
{ "type": "Feature", "properties": { "seg_id": "steps-1444-00", "corridor": null, "walk_class": "steps", "length_m": 11.98 }, "geometry": { "type": "LineString", "coordinates": [ [ -79.9436488, 40.4390522 ], [ -79.9437147, 40.4389567 ] ] } },
{ "type": "Feature", "properties": { "seg_id": "morewood-avenue-1445-00", "corridor": "Morewood Avenue", "walk_class": "sidewalk", "length_m": 81.38 }, "geometry": { "type": "LineString", "coordinates": [ [ -79.9431435, 40.4445186 ], [ -79.9431338, 40.4446394 ], [ -79.9431306, 40.4447065 ], [ -79.9431293, 40.4447349 ], [ -79.943127, 40.4447737 ], [ -79.9431504, 40.4447991 ], [ -79.9431256, 40.4448262 ], [ -79.9431257, 40.4448747 ], [ -79.9430417, 40.4450291 ], [ -79.943096, 40.4451254 ], [ -79.9432083, 40.445155 ], [ -79.943210854957371, 40.445155940886686 ] ] } },
{ "type": "Feature", "properties": { "seg_id": "morewood-avenue-1445-01", "corridor": null, "walk_class": "sidewalk", "length_m": 81.38 }, "geometry": { "type": "LineString", "coordinates": [ [ -79.943210854957371, 40.445155940886686 ], [ -79.9432732, 40.4451789 ], [ -79.9433507, 40.4451531 ], [ -79.9433824, 40.4451637 ], [ -79.9435997, 40.4452363 ], [ -79.9436108, 40.4452524 ], [ -79.9435571, 40.4453418 ], [ -79.9435342, 40.4453471 ], [ -79.9434867, 40.4454228 ], [ -79.9434973, 40.4454458 ], [ -79.9434583, 40.445515500000013 ], [ -79.9434896, 40.445528 ], [ -79.9435177, 40.4455393 ], [ -79.9435611, 40.4455573 ] ] } },
{ "type": "Feature", "properties": { "seg_id": "sidewalk-1446-00", "corridor": null, "walk_class": "sidewalk", "length_m": 13.17 }, "geometry": { "type": "LineString", "coordinates": [ [ -79.9436094, 40.44440920000001 ], [ -79.9435988, 40.4444404 ], [ -79.9435926, 40.4444588 ], [ -79.943589900000021, 40.4444668 ], [ -79.9435817, 40.444491 ], [ -79.9435792, 40.4444983 ], [ -79.9435705, 40.444524099999981 ] ] } },
{ "type": "Feature", "properties": { "seg_id": "service-1447-00", "corridor": null, "walk_class": "service", "length_m": 92.25 }, "geometry": { "type": "LineString", "coordinates": [ [ -79.9423445, 40.4538619 ], [ -79.9425886, 40.453951 ], [ -79.9433261, 40.4542201 ] ] } },
{ "type": "Feature", "properties": { "seg_id": "sidewalk-1448-00", "corridor": null, "walk_class": "sidewalk", "length_m": 21.12 }, "geometry": { "type": "LineString", "coordinates": [ [ -79.943229800000012, 40.4437483 ], [ -79.9434706, 40.4437968 ] ] } },
{ "type": "Feature", "properties": { "seg_id": "sidewalk-1449-00", "corridor": null, "walk_class": "sidewalk", "length_m": 104.89 }, "geometry": { "type": "LineString", "coordinates": [ [ -79.9434817, 40.44303080000001 ], [ -79.943419100000014, 40.4428526 ], [ -79.9433762, 40.4427023 ], [ -79.9433488, 40.4425748 ], [ -79.9432818, 40.4424084 ], [ -79.9432233, 40.4422869 ], [ -79.9431126, 40.442135099999987 ] ] } },
{ "type": "Feature", "properties": { "seg_id": "west-circuit-road-1450-00", "corridor": null, "walk_class": "street", "length_m": 22.69 }, "geometry": { "type": "LineString", "coordinates": [ [ -79.9435123, 40.4396882 ], [ -79.9434361, 40.4396202 ], [ -79.9433389, 40.4395326 ] ] } },
{ "type": "Feature", "properties": { "seg_id": "sidewalk-1451-00", "corridor": null, "walk_class": "sidewalk", "length_m": 67.13 }, "geometry": { "type": "LineString", "coordinates": [ [ -79.943417, 40.4432127 ], [ -79.9427148, 40.4430594 ], [ -79.9426561, 40.4430463 ] ] } },
{ "type": "Feature", "properties": { "seg_id": "steps-1452-00", "corridor": null, "walk_class": "steps", "length_m": 10.03 }, "geometry": { "type": "LineString", "coordinates": [ [ -79.9433824, 40.4451637 ], [ -79.943337, 40.4452402 ], [ -79.9433446, 40.4452428 ] ] } },
{ "type": "Feature", "properties": { "seg_id": "sidewalk-1453-00", "corridor": null, "walk_class": "sidewalk", "length_m": 13.32 }, "geometry": { "type": "LineString", "coordinates": [ [ -79.943291, 40.445979800000011 ], [ -79.9433243, 40.4459319 ], [ -79.9433657, 40.4458743 ] ] } },
{ "type": "Feature", "properties": { "seg_id": "sidewalk-1454-00", "corridor": null, "walk_class": "sidewalk", "length_m": 47.26 }, "geometry": { "type": "LineString", "coordinates": [ [ -79.9432944, 40.4412097 ], [ -79.9433366, 40.4410861 ], [ -79.9434351, 40.4407978 ] ] } },
{ "type": "Feature", "properties": { "seg_id": "service-1455-00", "corridor": null, "walk_class": "service", "length_m": 62.95 }, "geometry": { "type": "LineString", "coordinates": [ [ -79.9430941, 40.4510966 ], [ -79.9430467, 40.4511512 ], [ -79.9429984, 40.4512069 ], [ -79.9430923, 40.4515069 ], [ -79.9431819, 40.4515341 ], [ -79.9432459, 40.4515535 ] ] } },
{ "type": "Feature", "properties": { "seg_id": "schenley-drive-1456-00", "corridor": null, "walk_class": "sidewalk", "length_m": 102.36 }, "geometry": { "type": "LineString", "coordinates": [ [ -79.9433993, 40.4394944 ], [ -79.9433389, 40.4395326 ], [ -79.9432887, 40.4395644 ], [ -79.9431363, 40.439592800000014 ], [ -79.943047, 40.43961 ], [ -79.942981, 40.4396202 ], [ -79.9428929, 40.4396215 ], [ -79.9427569, 40.439614 ], [ -79.9426722, 40.4396037 ], [ -79.9426057, 40.439598 ], [ -79.9425321, 40.4396033 ], [ -79.9424644, 40.4396197 ], [ -79.9423908, 40.4396522 ], [ -79.9423079, 40.439665 ], [ -79.94225317428031, 40.439659509719149 ] ] } },
{ "type": "Feature", "properties": { "seg_id": "schenley-drive-1456-01", "corridor": null, "walk_class": "sidewalk", "length_m": 102.36 }, "geometry": { "type": "LineString", "coordinates": [ [ -79.94225317428031, 40.439659509719149 ], [ -79.94224610000002, 40.439658799999989 ], [ -79.9421334, 40.4396348 ], [ -79.9419618, 40.4396126 ], [ -79.9418795, 40.4395948 ], [ -79.9419227, 40.4395726 ], [ -79.9420038, 40.4395589 ], [ -79.9421112, 40.4395677 ], [ -79.9421562, 40.4395526 ], [ -79.9421886, 40.4395219 ], [ -79.9422198, 40.439492199999989 ], [ -79.9422583, 40.4394633 ], [ -79.9423319, 40.4394518 ], [ -79.9424066, 40.4394491 ], [ -79.9424778, 40.4394456 ], [ -79.942555500000012, 40.4394349 ], [ -79.9426127, 40.4394349 ], [ -79.9426302, 40.439438 ] ] } },
{ "type": "Feature", "properties": { "seg_id": "service-1457-00", "corridor": null, "walk_class": "service", "length_m": 76.71 }, "geometry": { "type": "LineString", "coordinates": [ [ -79.943229, 40.4482872 ], [ -79.9432461, 40.4484363 ], [ -79.9432512, 40.4484814 ], [ -79.9428866, 40.44850550000001 ], [ -79.9426896, 40.4485192 ], [ -79.9426043, 40.4485241 ] ] } },
{ "type": "Feature", "properties": { "seg_id": "sidewalk-1458-00", "corridor": null, "walk_class": "sidewalk", "length_m": 13.16 }, "geometry": { "type": "LineString", "coordinates": [ [ -79.9432732, 40.4451789 ], [ -79.9432844, 40.4452124 ], [ -79.9432693, 40.4452956 ] ] } },
{ "type": "Feature", "properties": { "seg_id": "sidewalk-1459-00", "corridor": null, "walk_class": "sidewalk", "length_m": 16.94 }, "geometry": { "type": "LineString", "coordinates": [ [ -79.9431038, 40.4441208 ], [ -79.9432968, 40.4441601 ] ] } },
{ "type": "Feature", "properties": { "seg_id": "sidewalk-1460-00", "corridor": null, "walk_class": "sidewalk", "length_m": 14.5 }, "geometry": { "type": "LineString", "coordinates": [ [ -79.9433366, 40.4410861 ], [ -79.9431706, 40.4410547 ] ] } },
{ "type": "Feature", "properties": { "seg_id": "sidewalk-1461-00", "corridor": null, "walk_class": "sidewalk", "length_m": 93.77 }, "geometry": { "type": "LineString", "coordinates": [ [ -79.9431904, 40.4474482 ], [ -79.9431926, 40.4474705 ], [ -79.9432237, 40.4477787 ], [ -79.9430858, 40.4477881 ], [ -79.9430901, 40.4478252 ], [ -79.9426968, 40.4478552 ], [ -79.9426079, 40.447862 ] ] } },
{ "type": "Feature", "properties": { "seg_id": "west-circuit-road-1462-00", "corridor": null, "walk_class": "sidewalk", "length_m": 135.84 }, "geometry": { "type": "LineString", "coordinates": [ [ -79.9433389, 40.4395326 ], [ -79.9432818, 40.4394032 ], [ -79.9433054, 40.4393123 ], [ -79.9432215, 40.43925380000001 ], [ -79.9431442, 40.4392146 ], [ -79.9430241, 40.439195 ], [ -79.9428156, 40.4391902 ], [ -79.9426388, 40.4391317 ], [ -79.9425135, 40.4391471 ], [ -79.9423788, 40.4391837 ], [ -79.9422819, 40.4392018 ], [ -79.9420881, 40.4391597 ] ] } },
{ "type": "Feature", "properties": { "seg_id": "service-1463-00", "corridor": null, "walk_class": "service", "length_m": 33.99 }, "geometry": { "type": "LineString", "coordinates": [ [ -79.9429058, 40.4529713 ], [ -79.942981900000021, 40.4529651 ], [ -79.94303330000001, 40.452961 ], [ -79.943109, 40.4531611 ] ] } },
{ "type": "Feature", "properties": { "seg_id": "sidewalk-1464-00", "corridor": null, "walk_class": "sidewalk", "length_m": 19.89 }, "geometry": { "type": "LineString", "coordinates": [ [ -79.9432887, 40.4395644 ], [ -79.9432382, 40.4394577 ], [ -79.9432259, 40.4394316 ], [ -79.9431764, 40.4394346 ] ] } },
{ "type": "Feature", "properties": { "seg_id": "service-1465-00", "corridor": null, "walk_class": "service", "length_m": 94.01 }, "geometry": { "type": "LineString", "coordinates": [ [ -79.942062, 40.4520287 ], [ -79.9420787, 40.45201010000001 ], [ -79.9421347, 40.4519478 ], [ -79.9423632, 40.4519024 ], [ -79.9424517, 40.4518848 ], [ -79.942926, 40.4517906 ], [ -79.9429793, 40.4518244 ], [ -79.943051, 40.4518699 ] ] } },
{ "type": "Feature", "properties": { "seg_id": "sidewalk-1466-00", "corridor": null, "walk_class": "sidewalk", "length_m": 42.91 }, "geometry": { "type": "LineString", "coordinates": [ [ -79.9428878, 40.44092160000001 ], [ -79.9429074, 40.4409275 ], [ -79.9429321, 40.440935099999983 ], [ -79.9429525, 40.440942 ], [ -79.9430633, 40.4409829 ], [ -79.9431278, 40.4410159 ], [ -79.9431649, 40.4410366 ], [ -79.9431706, 40.4410547 ], [ -79.9431725, 40.4410604 ], [ -79.943143400000011, 40.4411785 ] ] } },
{ "type": "Feature", "properties": { "seg_id": "sidewalk-1467-00", "corridor": null, "walk_class": "sidewalk", "length_m": 3.42 }, "geometry": { "type": "LineString", "coordinates": [ [ -79.9431636, 40.441629 ], [ -79.9431243, 40.441622 ] ] } },
{ "type": "Feature", "properties": { "seg_id": "sidewalk-1468-00", "corridor": null, "walk_class": "sidewalk", "length_m": 21.31 }, "geometry": { "type": "LineString", "coordinates": [ [ -79.943096, 40.4451254 ], [ -79.9430041, 40.4451074 ], [ -79.9429944, 40.4451034 ], [ -79.942943, 40.4450871 ], [ -79.9429357, 40.4450853 ], [ -79.942863, 40.4450562 ] ] } },
{ "type": "Feature", "properties": { "seg_id": "morewood-avenue-1469-00", "corridor": null, "walk_class": "sidewalk", "length_m": 44.85 }, "geometry": { "type": "LineString", "coordinates": [ [ -79.9431038, 40.4441208 ], [ -79.9430493, 40.4442709 ], [ -79.9430401, 40.4442937 ], [ -79.9430335, 40.4443144 ], [ -79.9430212, 40.4443481 ], [ -79.9430159, 40.4443646 ], [ -79.9430095, 40.4443832 ], [ -79.9430046, 40.4443974 ], [ -79.9429986, 40.4444152 ], [ -79.9429868, 40.4444485 ], [ -79.9429815, 40.4444635 ], [ -79.942963800000015, 40.4445104 ] ] } },
{ "type": "Feature", "properties": { "seg_id": "sidewalk-1470-00", "corridor": null, "walk_class": "sidewalk", "length_m": 110.24 }, "geometry": { "type": "LineString", "coordinates": [ [ -79.9431764, 40.4394346 ], [ -79.9431498, 40.4395077 ], [ -79.9430971, 40.4395531 ], [ -79.9430122, 40.4395881 ], [ -79.9429358, 40.4395953 ], [ -79.9428607, 40.4395843 ], [ -79.9427798, 40.4395554 ], [ -79.9427351, 40.439513 ], [ -79.9427223, 40.439500899999985 ], [ -79.9427028, 40.4394777 ], [ -79.9427005, 40.4394409 ], [ -79.9427113, 40.4393998 ], [ -79.9427624, 40.4393727 ], [ -79.9428227, 40.4393575 ], [ -79.9429107, 40.4393554 ], [ -79.94299, 40.4393401 ], [ -79.9430398, 40.4393374 ], [ -79.9430835, 40.4393429 ], [ -79.9431321, 40.4393642 ], [ -79.9431578, 40.43939 ], [ -79.9431744, 40.4394126 ], [ -79.9431764, 40.4394346 ] ] } },
{ "type": "Feature", "properties": { "seg_id": "schenley-drive-1471-00", "corridor": "Schenley Drive", "walk_class": "sidewalk", "length_m": 86.7 }, "geometry": { "type": "LineString", "coordinates": [ [ -79.9431363, 40.439592800000014 ], [ -79.9426748, 40.4401279 ], [ -79.9426433, 40.4401785 ], [ -79.9426087, 40.4402584 ] ] } },
{ "type": "Feature", "properties": { "seg_id": "service-1472-00", "corridor": null, "walk_class": "service", "length_m": 117.9 }, "geometry": { "type": "LineString", "coordinates": [ [ -79.942603, 40.4531489 ], [ -79.9425374, 40.4531119 ], [ -79.9424999, 40.4530679 ], [ -79.9424826, 40.4530171 ], [ -79.9424813, 40.4528812 ], [ -79.942617400000017, 40.4528496 ], [ -79.9426847, 40.4528382 ], [ -79.9427532, 40.4528436 ], [ -79.942816, 40.4528652 ], [ -79.942834, 40.4528748 ], [ -79.9428667, 40.4529007 ], [ -79.9429014, 40.4529497 ], [ -79.9429058, 40.4529713 ], [ -79.9429126, 40.4530048 ], [ -79.9428989, 40.4530594 ], [ -79.942862, 40.4531075 ], [ -79.942806, 40.4531434 ], [ -79.9427375, 40.4531629 ], [ -79.942664400000012, 40.4531639 ], [ -79.942603, 40.4531489 ] ] } },
{ "type": "Feature", "properties": { "seg_id": "sidewalk-1473-00", "corridor": null, "walk_class": "sidewalk", "length_m": 74.13 }, "geometry": { "type": "LineString", "coordinates": [ [ -79.9426264, 40.4456385 ], [ -79.9429068, 40.4457284 ], [ -79.9430141, 40.4455404 ], [ -79.9427374, 40.4454488 ] ] } },
{ "type": "Feature", "properties": { "seg_id": "forbes-avenue-1474-00", "corridor": "Forbes Avenue", "walk_class": "sidewalk", "length_m": 14.26 }, "geometry": { "type": "LineString", "coordinates": [ [ -79.9430234, 40.4447802 ], [ -79.942933, 40.4447659 ], [ -79.9428588, 40.444754099999983 ] ] } },
{ "type": "Feature", "properties": { "seg_id": "morewood-avenue-1475-00", "corridor": "Morewood Avenue", "walk_class": "sidewalk", "length_m": 26.41 }, "geometry": { "type": "LineString", "coordinates": [ [ -79.9430041, 40.4451074 ], [ -79.9429799, 40.4451423 ], [ -79.9429583, 40.4451993 ], [ -79.9429411, 40.4452581 ], [ -79.9429731, 40.4453048 ], [ -79.9430037, 40.4453164 ] ] } },
{ "type": "Feature", "properties": { "seg_id": "sidewalk-1476-00", "corridor": null, "walk_class": "sidewalk", "length_m": 88.63 }, "geometry": { "type": "LineString", "coordinates": [ [ -79.9430095, 40.4443832 ], [ -79.9429418, 40.444369 ], [ -79.9428911, 40.4443023 ], [ -79.9428761, 40.4442786 ], [ -79.9428476, 40.444238 ], [ -79.9424326, 40.443801 ], [ -79.9423902, 40.4437561 ] ] } },
{ "type": "Feature", "properties": { "seg_id": "sidewalk-1477-00", "corridor": null, "walk_class": "sidewalk", "length_m": 91.12 }, "geometry": { "type": "LineString", "coordinates": [ [ -79.9430416, 40.4419658 ], [ -79.9425462, 40.4418616 ], [ -79.9420008, 40.4417628 ] ] } },
{ "type": "Feature", "properties": { "seg_id": "sidewalk-1478-00", "corridor": null, "walk_class": "sidewalk", "length_m": 88.8 }, "geometry": { "type": "LineString", "coordinates": [ [ -79.9420125, 40.4416165 ], [ -79.9420756, 40.4416308 ], [ -79.9421018, 40.4416513 ], [ -79.942129, 40.4416849 ], [ -79.9421581, 40.4417074 ], [ -79.942289, 40.441733 ], [ -79.9425179, 40.4417813 ], [ -79.9425793, 40.4417708 ], [ -79.9426079, 40.4417139 ], [ -79.9426964, 40.4414675 ], [ -79.942696523633686, 40.441466894770414 ] ] } },
{ "type": "Feature", "properties": { "seg_id": "sidewalk-1478-01", "corridor": null, "walk_class": "sidewalk", "length_m": 88.8 }, "geometry": { "type": "LineString", "coordinates": [ [ -79.942696523633686, 40.441466894770414 ], [ -79.942705, 40.4414254 ], [ -79.9427213, 40.4413459 ], [ -79.9427489, 40.4412349 ], [ -79.9427549, 40.4412108 ], [ -79.9427707, 40.4411881 ], [ -79.9428178, 40.4411113 ], [ -79.9428878, 40.44092160000001 ], [ -79.9429702, 40.440698 ] ] } },
{ "type": "Feature", "properties": { "seg_id": "sidewalk-1479-00", "corridor": null, "walk_class": "sidewalk", "length_m": 88.41 }, "geometry": { "type": "LineString", "coordinates": [ [ -79.9419374, 40.4419718 ], [ -79.9429407, 40.4421877 ] ] } },
{ "type": "Feature", "properties": { "seg_id": "morewood-avenue-1480-00", "corridor": "Morewood Avenue", "walk_class": "sidewalk", "length_m": 24.89 }, "geometry": { "type": "LineString", "coordinates": [ [ -79.9428355, 40.4447195 ], [ -79.9428444, 40.444705 ], [ -79.9428627, 40.4446242 ], [ -79.942882, 40.4445377 ], [ -79.9428902, 40.4444998 ] ] } },
{ "type": "Feature", "properties": { "seg_id": "service-1481-00", "corridor": null, "walk_class": "service", "length_m": 95.52 }, "geometry": { "type": "LineString", "coordinates": [ [ -79.9417679, 40.4511963 ], [ -79.9418057, 40.4512068 ], [ -79.9419014, 40.4512334 ], [ -79.9426631, 40.4510742 ], [ -79.9426931, 40.45102760000001 ], [ -79.942749, 40.4509408 ] ] } },
{ "type": "Feature", "properties": { "seg_id": "sidewalk-1482-00", "corridor": null, "walk_class": "sidewalk", "length_m": 31.2 }, "geometry": { "type": "LineString", "coordinates": [ [ -79.9428233, 40.4442499 ], [ -79.9426253, 40.444391 ], [ -79.9425743, 40.4444541 ] ] } },
{ "type": "Feature", "properties": { "seg_id": "frew-street-1483-00", "corridor": "Frew Street", "walk_class": "sidewalk", "length_m": 44.32 }, "geometry": { "type": "LineString", "coordinates": [ [ -79.9428431, 40.4404072 ], [ -79.9427093, 40.4404189 ], [ -79.9426001, 40.4404404 ], [ -79.9423924, 40.440452 ], [ -79.942334, 40.4404272 ] ] } },
{ "type": "Feature", "properties": { "seg_id": "morewood-avenue-1484-00", "corridor": "Morewood Avenue", "walk_class": "sidewalk", "length_m": 58.69 }, "geometry": { "type": "LineString", "coordinates": [ [ -79.9424491, 40.4457461 ], [ -79.9425858, 40.445708 ], [ -79.9426264, 40.4456385 ], [ -79.9427374, 40.4454488 ], [ -79.9427551, 40.4454185 ], [ -79.9427067, 40.4453251 ] ] } },
{ "type": "Feature", "properties": { "seg_id": "sidewalk-1485-00", "corridor": null, "walk_class": "sidewalk", "length_m": 104.88 }, "geometry": { "type": "LineString", "coordinates": [ [ -79.942603, 40.4531489 ], [ -79.9425496, 40.453217 ], [ -79.9423098, 40.4535225 ], [ -79.9423033, 40.4535597 ], [ -79.9423228, 40.4536069 ], [ -79.942406, 40.4536342 ], [ -79.9424077, 40.453705 ], [ -79.9425886, 40.453951 ] ] } },
{ "type": "Feature", "properties": { "seg_id": "service-1486-00", "corridor": null, "walk_class": "service", "length_m": 64.54 }, "geometry": { "type": "LineString", "coordinates": [ [ -79.942636300000018, 40.4452596 ], [ -79.9426787, 40.4453708 ], [ -79.9426907, 40.4454021 ], [ -79.9425385, 40.4456594 ], [ -79.942491, 40.445677599999989 ], [ -79.9423624, 40.445727 ] ] } },
{ "type": "Feature", "properties": { "seg_id": "service-1487-00", "corridor": null, "walk_class": "service", "length_m": 90.88 }, "geometry": { "type": "LineString", "coordinates": [ [ -79.942691, 40.4451686 ], [ -79.9426485, 40.4451537 ], [ -79.9423258, 40.4450401 ], [ -79.9422811, 40.4449838 ], [ -79.9423443, 40.4448385 ], [ -79.9424485, 40.4446338 ], [ -79.9424831, 40.4445659 ] ] } },
{ "type": "Feature", "properties": { "seg_id": "sidewalk-1488-00", "corridor": null, "walk_class": "sidewalk", "length_m": 76.07 }, "geometry": { "type": "LineString", "coordinates": [ [ -79.9427489, 40.4412349 ], [ -79.9427197, 40.4412335 ], [ -79.9426923, 40.4412327 ], [ -79.9426717, 40.4412233 ], [ -79.9426469, 40.4412146 ], [ -79.9426203, 40.4412112 ], [ -79.942596900000012, 40.4412185 ], [ -79.9425909, 40.441238599999984 ], [ -79.9426059, 40.4412605 ], [ -79.9426137, 40.4412893 ], [ -79.9426023, 40.4413208 ], [ -79.9425759, 40.4413458 ], [ -79.9425461, 40.44135 ], [ -79.9424534, 40.4413821 ], [ -79.9424331, 40.4413914 ], [ -79.9424123, 40.4414151 ], [ -79.9424101, 40.4414402 ], [ -79.9424269, 40.4414621 ], [ -79.9424125, 40.4414872 ], [ -79.942407, 40.4415033 ], [ -79.9424118, 40.4415437 ], [ -79.9424091, 40.4415766 ], [ -79.9423958, 40.4415994 ], [ -79.9423651, 40.4416041 ], [ -79.9423477, 40.4415882 ], [ -79.94234, 40.4415707 ], [ -79.9423184, 40.4415601 ] ] } },
{ "type": "Feature", "properties": { "seg_id": "morewood-place-1489-00", "corridor": null, "walk_class": "sidewalk", "length_m": 78.17 }, "geometry": { "type": "LineString", "coordinates": [ [ -79.9422138, 40.444414700000017 ], [ -79.9422662, 40.4442539 ], [ -79.9423092, 40.4441347 ], [ -79.9424326, 40.443801 ], [ -79.942457, 40.4437402 ], [ -79.942458638773999, 40.443735872361245 ] ] } },
{ "type": "Feature", "properties": { "seg_id": "morewood-place-1489-01", "corridor": null, "walk_class": "sidewalk", "length_m": 78.17 }, "geometry": { "type": "LineString", "coordinates": [ [ -79.942458638773999, 40.443735872361245 ], [ -79.9427148, 40.4430594 ] ] } },
{ "type": "Feature", "properties": { "seg_id": "sidewalk-1490-00", "corridor": null, "walk_class": "sidewalk", "length_m": 24.11 }, "geometry": { "type": "LineString", "coordinates": [ [ -79.9427113, 40.4393998 ], [ -79.9426675, 40.4394078 ], [ -79.9426401, 40.4394251 ], [ -79.9426302, 40.439438 ], [ -79.9426267, 40.439454 ], [ -79.9426273, 40.4394749 ], [ -79.9426401, 40.4394949 ], [ -79.942657600000018, 40.439508199999985 ], [ -79.9426821, 40.4395184 ], [ -79.9427055, 40.4395184 ], [ -79.9427351, 40.439513 ] ] } },
{ "type": "Feature", "properties": { "seg_id": "sidewalk-1491-00", "corridor": null, "walk_class": "sidewalk", "length_m": 16.71 }, "geometry": { "type": "LineString", "coordinates": [ [ -79.942705, 40.4414254 ], [ -79.9426654, 40.4414332 ], [ -79.9426365, 40.4414296 ], [ -79.9426101, 40.4414068 ], [ -79.942599300000012, 40.4413827 ], [ -79.9425759, 40.4413458 ] ] } },
{ "type": "Feature", "properties": { "seg_id": "service-1492-00", "corridor": null, "walk_class": "service", "length_m": 116.09 }, "geometry": { "type": "LineString", "coordinates": [ [ -79.9418353, 40.4479714 ], [ -79.9418632, 40.4481981 ], [ -79.9418984, 40.448483 ], [ -79.9425237, 40.4484355 ], [ -79.9425912, 40.4484304 ] ] } },
{ "type": "Feature", "properties": { "seg_id": "sidewalk-1493-00", "corridor": null, "walk_class": "sidewalk", "length_m": 82.21 }, "geometry": { "type": "LineString", "coordinates": [ [ -79.9426469, 40.4412146 ], [ -79.942635, 40.4412272 ], [ -79.942637, 40.441243299999989 ], [ -79.9426618, 40.441250799999985 ], [ -79.9426701, 40.4412626 ], [ -79.9426533, 40.4412841 ], [ -79.9426619, 40.4412976 ], [ -79.942680100000018, 40.44131 ], [ -79.9426746, 40.4413258 ], [ -79.9426396, 40.4413311 ], [ -79.9426155, 40.4413485 ], [ -79.942599300000012, 40.4413827 ], [ -79.9425884, 40.4413995 ], [ -79.9425896, 40.4414255 ], [ -79.9425772, 40.4414342 ], [ -79.9425705, 40.4414645 ], [ -79.9425614, 40.441507 ], [ -79.9425593, 40.441547300000011 ], [ -79.9425384, 40.441585 ], [ -79.9425084, 40.441608299999984 ], [ -79.9424722, 40.4416062 ], [ -79.942447800000011, 40.4415881 ], [ -79.9424471, 40.4415632 ], [ -79.9424597, 40.4415457 ], [ -79.9425122, 40.4415338 ], [ -79.942526, 40.441518799999976 ], [ -79.9425176, 40.4415 ], [ -79.942496, 40.4414932 ], [ -79.9424672, 40.4415009 ], [ -79.942442, 40.4415014 ], [ -79.9424125, 40.4414872 ] ] } },
{ "type": "Feature", "properties": { "seg_id": "service-1494-00", "corridor": null, "walk_class": "service", "length_m": 65.65 }, "geometry": { "type": "LineString", "coordinates": [ [ -79.9423378, 40.446712399999988 ], [ -79.9424147, 40.4467406 ], [ -79.9424747, 40.446762499999984 ], [ -79.9425337, 40.446823699999989 ], [ -79.9425632, 40.4469258 ], [ -79.9425444, 40.4470421 ], [ -79.9425015, 40.4471054 ], [ -79.9424656, 40.44713 ], [ -79.9423979, 40.4471765 ] ] } },
{ "type": "Feature", "properties": { "seg_id": "sidewalk-1495-00", "corridor": null, "walk_class": "sidewalk", "length_m": 13.62 }, "geometry": { "type": "LineString", "coordinates": [ [ -79.9425772, 40.4414342 ], [ -79.942535, 40.4414456 ], [ -79.942508500000017, 40.4414456 ], [ -79.9424906, 40.4414484 ], [ -79.9424574, 40.4414657 ], [ -79.9424269, 40.4414621 ] ] } },
{ "type": "Feature", "properties": { "seg_id": "sidewalk-1496-00", "corridor": null, "walk_class": "sidewalk", "length_m": 26.41 }, "geometry": { "type": "LineString", "coordinates": [ [ -79.942289, 40.441733 ], [ -79.942329, 40.4417617 ], [ -79.9423805, 40.4418009 ], [ -79.9424492, 40.441827 ], [ -79.9425462, 40.4418616 ] ] } },
{ "type": "Feature", "properties": { "seg_id": "sidewalk-1497-00", "corridor": null, "walk_class": "sidewalk", "length_m": 62.72 }, "geometry": { "type": "LineString", "coordinates": [ [ -79.9424534, 40.4413821 ], [ -79.9424387, 40.4413688 ], [ -79.9424387, 40.4413497 ], [ -79.942465900000016, 40.4413354 ], [ -79.9424666, 40.4413152 ], [ -79.9424457, 40.4413083 ], [ -79.9424276, 40.4413121 ], [ -79.9424004, 40.4413205 ], [ -79.9423816, 40.4413163 ], [ -79.9423697, 40.4413014 ], [ -79.942376, 40.4412845 ], [ -79.942399, 40.4412436 ], [ -79.9424047, 40.4412119 ], [ -79.9424143, 40.4411817 ], [ -79.9424566, 40.4411753 ], [ -79.942505, 40.4411841 ], [ -79.9425378, 40.4411978 ], [ -79.9425559, 40.4412169 ], [ -79.942554700000017, 40.4412206 ], [ -79.9425497, 40.441236 ], [ -79.942532200000016, 40.4412588 ], [ -79.9425169, 40.4412885 ], [ -79.9425148, 40.4413214 ], [ -79.9425461, 40.44135 ] ] } },
{ "type": "Feature", "properties": { "seg_id": "sidewalk-1498-00", "corridor": null, "walk_class": "sidewalk", "length_m": 93.95 }, "geometry": { "type": "LineString", "coordinates": [ [ -79.9414448, 40.4451301 ], [ -79.9418024, 40.4452536 ], [ -79.9421521, 40.4453811 ], [ -79.9424513, 40.4454835 ] ] } },
{ "type": "Feature", "properties": { "seg_id": "sidewalk-1499-00", "corridor": null, "walk_class": "sidewalk", "length_m": 7.87 }, "geometry": { "type": "LineString", "coordinates": [ [ -79.942505, 40.4411841 ], [ -79.9424881, 40.4412155 ], [ -79.9424702, 40.4412133 ], [ -79.9424594, 40.4412349 ] ] } },
{ "type": "Feature", "properties": { "seg_id": "sidewalk-1500-00", "corridor": null, "walk_class": "sidewalk", "length_m": 1.7 }, "geometry": { "type": "LineString", "coordinates": [ [ -79.9424906, 40.4414484 ], [ -79.9424866, 40.4414334 ] ] } },
{ "type": "Feature", "properties": { "seg_id": "sidewalk-1501-00", "corridor": null, "walk_class": "sidewalk", "length_m": 40.77 }, "geometry": { "type": "LineString", "coordinates": [ [ -79.9424331, 40.4413914 ], [ -79.9423973, 40.4413655 ], [ -79.9423755, 40.4413604 ], [ -79.942358200000015, 40.4413679 ], [ -79.9423475, 40.4413919 ], [ -79.9423493, 40.4414315 ], [ -79.9423563, 40.4414519 ], [ -79.9423569, 40.4414729 ], [ -79.942344, 40.44148770000001 ], [ -79.9423262, 40.4414897 ], [ -79.9423151, 40.4414789 ], [ -79.9423044, 40.4414677 ], [ -79.9422897, 40.441469 ], [ -79.9422813, 40.4414792 ], [ -79.9422805, 40.441499499999985 ], [ -79.942304, 40.4415134 ], [ -79.9423169, 40.4415311 ], [ -79.9423184, 40.4415601 ], [ -79.9423035, 40.44157 ] ] } },
{ "type": "Feature", "properties": { "seg_id": "morewood-place-1502-00", "corridor": "Morewood Place", "walk_class": "street", "length_m": 87.2 }, "geometry": { "type": "LineString", "coordinates": [ [ -79.9419585, 40.4444714 ], [ -79.9419211, 40.4445317 ], [ -79.941751400000015, 40.4448056 ], [ -79.9417183, 40.4448606 ], [ -79.9415981, 40.4448606 ], [ -79.9415295, 40.4449782 ], [ -79.941460845605505, 40.445102217618185 ] ] } },
{ "type": "Feature", "properties": { "seg_id": "morewood-place-1502-01", "corridor": "Morewood Place", "walk_class": "street", "length_m": 87.2 }, "geometry": { "type": "LineString", "coordinates": [ [ -79.941460845605505, 40.445102217618185 ], [ -79.9414608, 40.4451023 ], [ -79.9414448, 40.4451301 ], [ -79.9411604, 40.4456183 ], [ -79.941316764503156, 40.445803882887724 ] ] } },
{ "type": "Feature", "properties": { "seg_id": "morewood-place-1502-02", "corridor": "Morewood Place", "walk_class": "street", "length_m": 87.2 }, "geometry": { "type": "LineString", "coordinates": [ [ -79.941316764503156, 40.445803882887724 ], [ -79.941375, 40.445873 ], [ -79.9416239, 40.4459841 ], [ -79.9418127, 40.446003699999984 ], [ -79.9421608, 40.4460022 ], [ -79.9422545, 40.4460027 ] ] } },
{ "type": "Feature", "properties": { "seg_id": "forbes-avenue-1503-00", "corridor": "Forbes Avenue", "walk_class": "sidewalk", "length_m": 90.74 }, "geometry": { "type": "LineString", "coordinates": [ [ -79.9422662, 40.4442539 ], [ -79.9420703, 40.4442391 ], [ -79.9420172, 40.444235099999986 ], [ -79.9417633, 40.4442158 ], [ -79.941409, 40.4441328 ], [ -79.941318600000017, 40.4441117 ], [ -79.9412238, 40.4440888 ] ] } },
{ "type": "Feature", "properties": { "seg_id": "sidewalk-1504-00", "corridor": null, "walk_class": "sidewalk", "length_m": 1.75 }, "geometry": { "type": "LineString", "coordinates": [ [ -79.9422805, 40.441499499999985 ], [ -79.9422599, 40.4415009 ] ] } },
{ "type": "Feature", "properties": { "seg_id": "service-1505-00", "corridor": null, "walk_class": "service", "length_m": 105.88 }, "geometry": { "type": "LineString", "coordinates": [ [ -79.9420762, 40.4520688 ], [ -79.942062, 40.4520287 ], [ -79.942057, 40.4520146 ], [ -79.9419604, 40.4517448 ], [ -79.9418675, 40.4514837 ], [ -79.9417738, 40.4512133 ], [ -79.9417679, 40.4511963 ], [ -79.9417492, 40.4511483 ] ] } },
{ "type": "Feature", "properties": { "seg_id": "sidewalk-1506-00", "corridor": null, "walk_class": "sidewalk", "length_m": 48.83 }, "geometry": { "type": "LineString", "coordinates": [ [ -79.9421521, 40.4453811 ], [ -79.9419111, 40.4457806 ] ] } },
{ "type": "Feature", "properties": { "seg_id": "shadyside-lane-1507-00", "corridor": "Shadyside Lane", "walk_class": "street", "length_m": 75.6 }, "geometry": { "type": "LineString", "coordinates": [ [ -79.9420411, 40.4510885 ], [ -79.9420189, 40.4510255 ], [ -79.9418095, 40.4504309 ] ] } },
{ "type": "Feature", "properties": { "seg_id": "frew-street-1508-00", "corridor": "Frew Street", "walk_class": "sidewalk", "length_m": 118.84 }, "geometry": { "type": "LineString", "coordinates": [ [ -79.9422015, 40.44058840000001 ], [ -79.9421144, 40.4405126 ], [ -79.9420397, 40.4404535 ], [ -79.9420123, 40.4404366 ], [ -79.9417579, 40.440387 ], [ -79.9413064, 40.4402937 ], [ -79.940923, 40.4402176 ] ] } },
{ "type": "Feature", "properties": { "seg_id": "sidewalk-1509-00", "corridor": null, "walk_class": "sidewalk", "length_m": 27.87 }, "geometry": { "type": "LineString", "coordinates": [ [ -79.9420881, 40.4391597 ], [ -79.942151, 40.4391143 ], [ -79.9422018, 40.4390582 ], [ -79.942214, 40.4389799 ], [ -79.9422203, 40.4389423 ] ] } },
{ "type": "Feature", "properties": { "seg_id": "morewood-place-1510-00", "corridor": "Morewood Place", "walk_class": "sidewalk", "length_m": 16.36 }, "geometry": { "type": "LineString", "coordinates": [ [ -79.9420703, 40.4442391 ], [ -79.9420533, 40.444385899999986 ] ] } },
{ "type": "Feature", "properties": { "seg_id": "morewood-place-1511-00", "corridor": "Morewood Place", "walk_class": "sidewalk", "length_m": 29.39 }, "geometry": { "type": "LineString", "coordinates": [ [ -79.9420587, 40.4441163 ], [ -79.9420172, 40.444235099999986 ], [ -79.9419704, 40.4443723 ] ] } },
{ "type": "Feature", "properties": { "seg_id": "service-1512-00", "corridor": null, "walk_class": "service", "length_m": 57.32 }, "geometry": { "type": "LineString", "coordinates": [ [ -79.942036300000012, 40.4444848 ], [ -79.9420121, 40.4445494 ], [ -79.941962, 40.4446527 ], [ -79.9419045, 40.44476 ], [ -79.9418814, 40.444819299999985 ], [ -79.9418814, 40.4448378 ], [ -79.941899, 40.4448672 ], [ -79.9420352, 40.4449038 ] ] } },
{ "type": "Feature", "properties": { "seg_id": "sidewalk-1513-00", "corridor": null, "walk_class": "sidewalk", "length_m": 3.66 }, "geometry": { "type": "LineString", "coordinates": [ [ -79.9420125, 40.4416165 ], [ -79.9420249, 40.441584899999988 ] ] } },
{ "type": "Feature", "properties": { "seg_id": "sidewalk-1514-00", "corridor": null, "walk_class": "sidewalk", "length_m": 78.57 }, "geometry": { "type": "LineString", "coordinates": [ [ -79.9420397, 40.4404535 ], [ -79.941931, 40.4407144 ], [ -79.9418599, 40.4408706 ], [ -79.9417671, 40.4410841 ], [ -79.941749111756096, 40.441125523397503 ] ] } },
{ "type": "Feature", "properties": { "seg_id": "sidewalk-1514-01", "corridor": null, "walk_class": "sidewalk", "length_m": 78.57 }, "geometry": { "type": "LineString", "coordinates": [ [ -79.941749111756096, 40.441125523397503 ], [ -79.9416634, 40.4413229 ], [ -79.9415475, 40.4415818 ], [ -79.9415272, 40.441623 ], [ -79.9414967, 40.4416467 ], [ -79.9414816, 40.4417349 ], [ -79.9414601, 40.4417926 ] ] } },
{ "type": "Feature", "properties": { "seg_id": "steps-1515-00", "corridor": null, "walk_class": "steps", "length_m": 19.7 }, "geometry": { "type": "LineString", "coordinates": [ [ -79.9420125, 40.4416165 ], [ -79.9419936, 40.4416618 ], [ -79.9419573, 40.4417529 ], [ -79.9420008, 40.4417628 ] ] } },
{ "type": "Feature", "properties": { "seg_id": "sidewalk-1516-00", "corridor": null, "walk_class": "sidewalk", "length_m": 109.85 }, "geometry": { "type": "LineString", "coordinates": [ [ -79.9420008, 40.4417628 ], [ -79.9419801, 40.441822 ], [ -79.9419646, 40.441858 ], [ -79.9419516, 40.4418942 ], [ -79.9419374, 40.4419718 ], [ -79.9419283, 40.4419954 ], [ -79.9418966, 40.4420807 ], [ -79.9417071, 40.4425816 ], [ -79.9416793, 40.4426539 ], [ -79.941657, 40.442716099999984 ] ] } },
{ "type": "Feature", "properties": { "seg_id": "sidewalk-1517-00", "corridor": null, "walk_class": "sidewalk", "length_m": 82.25 }, "geometry": { "type": "LineString", "coordinates": [ [ -79.9419516, 40.4418942 ], [ -79.9414601, 40.4417926 ], [ -79.9411918, 40.4417371 ], [ -79.941031171064623, 40.441803530293853 ] ] } },
{ "type": "Feature", "properties": { "seg_id": "sidewalk-1517-01", "corridor": null, "walk_class": "sidewalk", "length_m": 82.25 }, "geometry": { "type": "LineString", "coordinates": [ [ -79.941031171064623, 40.441803530293853 ], [ -79.9407007, 40.4419402 ], [ -79.940689300000017, 40.4419526 ], [ -79.940689, 40.4419664 ], [ -79.9406967, 40.4419778 ], [ -79.9407146, 40.4419868 ], [ -79.9407323, 40.441986900000011 ], [ -79.9408042, 40.4419543 ], [ -79.9409664, 40.4419055 ], [ -79.9410657, 40.4418832 ], [ -79.9411337, 40.4418725 ], [ -79.941202, 40.4418816 ] ] } },
{ "type": "Feature", "properties": { "seg_id": "sidewalk-1518-00", "corridor": null, "walk_class": "sidewalk", "length_m": 54.65 }, "geometry": { "type": "LineString", "coordinates": [ [ -79.9418024, 40.4452536 ], [ -79.9415764, 40.4456369 ], [ -79.9415764, 40.4457088 ] ] } },
{ "type": "Feature", "properties": { "seg_id": "morewood-place-1519-00", "corridor": "Morewood Place", "walk_class": "sidewalk", "length_m": 13.36 }, "geometry": { "type": "LineString", "coordinates": [ [ -79.9417633, 40.4442158 ], [ -79.9417564, 40.444234399999985 ], [ -79.9417204, 40.4443316 ] ] } },
{ "type": "Feature", "properties": { "seg_id": "forbes-avenue-1520-00", "corridor": "Forbes Avenue", "walk_class": "sidewalk", "length_m": 31.24 }, "geometry": { "type": "LineString", "coordinates": [ [ -79.9417564, 40.444234399999985 ], [ -79.94139, 40.4442054 ] ] } },
{ "type": "Feature", "properties": { "seg_id": "sidewalk-1521-00", "corridor": null, "walk_class": "sidewalk", "length_m": 16.69 }, "geometry": { "type": "LineString", "coordinates": [ [ -79.941688700000014, 40.4416798 ], [ -79.9415978, 40.4416643 ], [ -79.9414967, 40.4416467 ] ] } },
{ "type": "Feature", "properties": { "seg_id": "service-1522-00", "corridor": null, "walk_class": "service", "length_m": 29.86 }, "geometry": { "type": "LineString", "coordinates": [ [ -79.9415981, 40.4448606 ], [ -79.9412769, 40.4447505 ] ] } },
{ "type": "Feature", "properties": { "seg_id": "sidewalk-1523-00", "corridor": null, "walk_class": "sidewalk", "length_m": 40.23 }, "geometry": { "type": "LineString", "coordinates": [ [ -79.9413826, 40.4442707 ], [ -79.9413777, 40.4442469 ], [ -79.94139, 40.4442054 ], [ -79.941409, 40.4441328 ], [ -79.9414847, 40.4439188 ] ] } },
{ "type": "Feature", "properties": { "seg_id": "sidewalk-1524-00", "corridor": null, "walk_class": "sidewalk", "length_m": 110.37 }, "geometry": { "type": "LineString", "coordinates": [ [ -79.9414909, 40.4426806 ], [ -79.9414597, 40.4427646 ], [ -79.9413792, 40.4429814 ], [ -79.941362, 40.4430401 ], [ -79.941465, 40.44321 ], [ -79.9414574, 40.4432927 ], [ -79.9413893, 40.4434335 ], [ -79.941338700000017, 40.4436309 ] ] } },
{ "type": "Feature", "properties": { "seg_id": "sidewalk-1525-00", "corridor": null, "walk_class": "sidewalk", "length_m": 8.75 }, "geometry": { "type": "LineString", "coordinates": [ [ -79.9413535, 40.4434255 ], [ -79.9413893, 40.4434335 ], [ -79.9414525, 40.4434477 ] ] } },
{ "type": "Feature", "properties": { "seg_id": "sidewalk-1526-00", "corridor": null, "walk_class": "sidewalk", "length_m": 18.9 }, "geometry": { "type": "LineString", "coordinates": [ [ -79.9412457, 40.4427172 ], [ -79.9414597, 40.4427646 ] ] } },
{ "type": "Feature", "properties": { "seg_id": "service-1527-00", "corridor": null, "walk_class": "service", "length_m": 17.31 }, "geometry": { "type": "LineString", "coordinates": [ [ -79.941368, 40.4475055 ], [ -79.941357, 40.4474386 ], [ -79.9413403, 40.447351 ] ] } },
{ "type": "Feature", "properties": { "seg_id": "service-1528-00", "corridor": null, "walk_class": "service", "length_m": 58.46 }, "geometry": { "type": "LineString", "coordinates": [ [ -79.9412442, 40.4444109 ], [ -79.9412646, 40.444347800000017 ], [ -79.941276, 40.4442537 ], [ -79.9412776, 40.4442302 ], [ -79.9412845, 40.4442031 ], [ -79.941318600000017, 40.4441117 ], [ -79.9413485, 40.4440332 ], [ -79.9413992, 40.4438995 ] ] } },
{ "type": "Feature", "properties": { "seg_id": "sidewalk-1529-00", "corridor": null, "walk_class": "sidewalk", "length_m": 18.9 }, "geometry": { "type": "LineString", "coordinates": [ [ -79.9411646, 40.4429356 ], [ -79.9413792, 40.4429814 ] ] } },
{ "type": "Feature", "properties": { "seg_id": "sidewalk-1530-00", "corridor": null, "walk_class": "sidewalk", "length_m": 83.63 }, "geometry": { "type": "LineString", "coordinates": [ [ -79.9412767, 40.442634 ], [ -79.9412457, 40.4427172 ], [ -79.9411646, 40.4429356 ], [ -79.9411732, 40.4429683 ], [ -79.9412161, 40.4430075 ], [ -79.9412762, 40.4430663 ], [ -79.9413277, 40.4431185 ], [ -79.941362, 40.4432035 ], [ -79.9413706, 40.4432949 ], [ -79.941370600000127, 40.443329753528431 ] ] } },
{ "type": "Feature", "properties": { "seg_id": "sidewalk-1530-01", "corridor": null, "walk_class": "sidewalk", "length_m": 83.63 }, "geometry": { "type": "LineString", "coordinates": [ [ -79.941370600000127, 40.443329753528431 ], [ -79.9413706, 40.4433537 ], [ -79.9413535, 40.4434255 ], [ -79.9413191, 40.4434909 ], [ -79.9412762, 40.4435497 ], [ -79.9412247, 40.4436019 ], [ -79.9411809, 40.443637 ], [ -79.9411217, 40.4436607 ], [ -79.9410445, 40.4436868 ], [ -79.9409672, 40.443713 ], [ -79.9408986, 40.443726 ], [ -79.9408299, 40.443726 ], [ -79.9407612, 40.443726 ], [ -79.9406943, 40.4437672 ] ] } },
{ "type": "Feature", "properties": { "seg_id": "service-1531-00", "corridor": null, "walk_class": "service", "length_m": 22.11 }, "geometry": { "type": "LineString", "coordinates": [ [ -79.9413485, 40.4440332 ], [ -79.9412573, 40.4440079 ], [ -79.9411755, 40.4439853 ], [ -79.9411099, 40.443955 ] ] } },
{ "type": "Feature", "properties": { "seg_id": "sidewalk-1532-00", "corridor": null, "walk_class": "sidewalk", "length_m": 9.18 }, "geometry": { "type": "LineString", "coordinates": [ [ -79.9413277, 40.4431185 ], [ -79.941362, 40.4430401 ] ] } },
{ "type": "Feature", "properties": { "seg_id": "sidewalk-1533-00", "corridor": null, "walk_class": "sidewalk", "length_m": 61.34 }, "geometry": { "type": "LineString", "coordinates": [ [ -79.9412573, 40.4440079 ], [ -79.9412682, 40.4439753 ], [ -79.9412707, 40.4439336 ], [ -79.9412286, 40.4438973 ], [ -79.9410968, 40.443859 ], [ -79.9406943, 40.4437672 ] ] } },
{ "type": "Feature", "properties": { "seg_id": "service-1534-00", "corridor": null, "walk_class": "service", "length_m": 17.33 }, "geometry": { "type": "LineString", "coordinates": [ [ -79.941182800000021, 40.447519 ], [ -79.9411718, 40.4474526 ], [ -79.9411572, 40.4473641 ] ] } },
{ "type": "Feature", "properties": { "seg_id": "sidewalk-1535-00", "corridor": null, "walk_class": "sidewalk", "length_m": 33.63 }, "geometry": { "type": "LineString", "coordinates": [ [ -79.9411104, 40.4440125 ], [ -79.9412253, 40.4440374 ], [ -79.9412357, 40.444047 ], [ -79.941235, 40.4440596 ], [ -79.9412238, 40.4440888 ], [ -79.9411788, 40.4442034 ], [ -79.9411442, 40.4442286 ] ] } },
{ "type": "Feature", "properties": { "seg_id": "sidewalk-1536-00", "corridor": null, "walk_class": "sidewalk", "length_m": 25.66 }, "geometry": { "type": "LineString", "coordinates": [ [ -79.9411809, 40.443637 ], [ -79.9410968, 40.443859 ] ] } },
{ "type": "Feature", "properties": { "seg_id": "service-1537-00", "corridor": null, "walk_class": "service", "length_m": 9.93 }, "geometry": { "type": "LineString", "coordinates": [ [ -79.9411953, 40.4416722 ], [ -79.9410939, 40.4417169 ] ] } },
{ "type": "Feature", "properties": { "seg_id": "sidewalk-1538-00", "corridor": null, "walk_class": "sidewalk", "length_m": 59.98 }, "geometry": { "type": "LineString", "coordinates": [ [ -79.9411918, 40.4417371 ], [ -79.9410939, 40.4417169 ], [ -79.9406563, 40.4416259 ], [ -79.9405098, 40.4415941 ] ] } },
{ "type": "Feature", "properties": { "seg_id": "canterbury-lane-1539-00", "corridor": "Canterbury Lane", "walk_class": "street", "length_m": 104.7 }, "geometry": { "type": "LineString", "coordinates": [ [ -79.9408909, 40.4475403 ], [ -79.9409031, 40.4476132 ], [ -79.9410479, 40.4484758 ] ] } },
{ "type": "Feature", "properties": { "seg_id": "amberson-avenue-1540-00", "corridor": "Amberson Avenue", "walk_class": "sidewalk", "length_m": 15.79 }, "geometry": { "type": "LineString", "coordinates": [ [ -79.9409051, 40.451397 ], [ -79.9408719, 40.4513396 ], [ -79.9408298, 40.4512669 ] ] } },
{ "type": "Feature", "properties": { "seg_id": "service-1541-00", "corridor": null, "walk_class": "service", "length_m": 8.18 }, "geometry": { "type": "LineString", "coordinates": [ [ -79.9407641, 40.447549499999987 ], [ -79.9407635, 40.4476232 ] ] } },
{ "type": "Feature", "properties": { "seg_id": "sidewalk-1542-00", "corridor": null, "walk_class": "sidewalk", "length_m": 65.88 }, "geometry": { "type": "LineString", "coordinates": [ [ -79.940574, 40.436599 ], [ -79.940677, 40.4365206 ], [ -79.9407456, 40.4364814 ], [ -79.9408057, 40.4364422 ], [ -79.9408314, 40.4364095 ], [ -79.94078, 40.4363703 ], [ -79.9407113, 40.4363377 ], [ -79.9406855, 40.4363181 ], [ -79.9406855, 40.4362789 ], [ -79.9407027, 40.4362462 ], [ -79.9406598, 40.4362135 ], [ -79.9406512, 40.4361613 ] ] } },
{ "type": "Feature", "properties": { "seg_id": "sidewalk-1543-00", "corridor": null, "walk_class": "sidewalk", "length_m": 62.87 }, "geometry": { "type": "LineString", "coordinates": [ [ -79.9405075, 40.4425591 ], [ -79.9405381, 40.4424784 ], [ -79.94056, 40.4424269 ], [ -79.940592, 40.442346 ], [ -79.9407028, 40.442048499999984 ], [ -79.9407151, 40.442015499999982 ] ] } },
{ "type": "Feature", "properties": { "seg_id": "service-1544-00", "corridor": null, "walk_class": "service", "length_m": 6.77 }, "geometry": { "type": "LineString", "coordinates": [ [ -79.9406538, 40.44431 ], [ -79.9406741, 40.444251 ] ] } },
{ "type": "Feature", "properties": { "seg_id": "sidewalk-1545-00", "corridor": null, "walk_class": "sidewalk", "length_m": 14.52 }, "geometry": { "type": "LineString", "coordinates": [ [ -79.9405947, 40.4416516 ], [ -79.9406806, 40.4417647 ] ] } },
{ "type": "Feature", "properties": { "seg_id": "sidewalk-1546-00", "corridor": null, "walk_class": "sidewalk", "length_m": 5.95 }, "geometry": { "type": "LineString", "coordinates": [ [ -79.9405947, 40.4416516 ], [ -79.9406563, 40.4416259 ] ] } },
{ "type": "Feature", "properties": { "seg_id": "sidewalk-1547-00", "corridor": null, "walk_class": "sidewalk", "length_m": 7.75 }, "geometry": { "type": "LineString", "coordinates": [ [ -79.9405075, 40.4425591 ], [ -79.9405952, 40.4425788 ] ] } }
]
}
