{
"type": "FeatureCollection",
"name": "shadow_08",
"crs": { "type": "name", "properties": { "name": "urn:ogc:def:crs:OGC:1.3:CRS84" } },
"features": [
{ "type": "Feature", "properties": { }, "geometry": { "type": "MultiPolygon", "coordinates": [ [ [ [ -79.9684283, 40.4365303 ], [ -79.968639692262329, 40.436501549038411 ], [ -79.968754792219329, 40.436502048827329 ], [ -79.968718892444329, 40.436569248896078 ], [ -79.9685075, 40.436598 ], [ -79.9684418, 40.436575599999976 ], [ -79.9684287, 40.436548299999977 ], [ -79.9684283, 40.4365303 ] ] ], [ [ [ -79.969213598379781, 40.438677772266608 ], [ -79.9688965, 40.438720899999986 ], [ -79.968801, 40.4386849 ], [ -79.9688771530205, 40.438567145017345 ], [ -79.9685922, 40.4386059 ], [ -79.9685062, 40.43857329999998 ], [ -79.968585929079637, 40.438450645735855 ], [ -79.9682973, 40.4384899 ], [ -79.9682068, 40.4384556 ], [ -79.9684334, 40.43810580000001 ], [ -79.968750495750214, 40.438062673500596 ], [ -79.968841395858561, 40.438096873252725 ], [ -79.968762249761042, 40.438218871470653 ], [ -79.969051196126358, 40.438179572680916 ], [ -79.969137196229539, 40.43821207244644 ], [ -79.96905964017968, 40.438331419867737 ], [ -79.969343796489753, 40.438292771883297 ], [ -79.969439296603426, 40.438328671622891 ], [ -79.969213598379781, 40.438677772266608 ] ] ], [ [ [ -79.9676135, 40.4383768 ], [ -79.967824898378908, 40.438348050613278 ], [ -79.968021498238016, 40.438327450251791 ], [ -79.96802349827216, 40.438338550248609 ], [ -79.968101998215957, 40.438330350104245 ], [ -79.968119998522212, 40.438430050075581 ], [ -79.9679086, 40.4384588 ], [ -79.967879322140135, 40.438461859418815 ], [ -79.967879498718432, 40.438462850518121 ], [ -79.9676681, 40.4384916 ], [ -79.967613600000021, 40.4384973 ], [ -79.9676038, 40.4384424 ], [ -79.967624782490574, 40.438439546483281 ], [ -79.9676135, 40.4383768 ] ] ], [ [ [ -79.968669499434384, 40.438788149083287 ], [ -79.968379000932487, 40.439229149635317 ], [ -79.9681676, 40.4392579 ], [ -79.968100084959772, 40.439231954741444 ], [ -79.968099401049926, 40.439232050148284 ], [ -79.967888, 40.439260799999985 ], [ -79.967866788733303, 40.439172769072869 ], [ -79.967724301069879, 40.439192150834572 ], [ -79.967728701127854, 40.439211150827312 ], [ -79.967670501175547, 40.439219150934399 ], [ -79.9674591, 40.4392479 ], [ -79.9674556, 40.4392328 ], [ -79.9673642, 40.4392452 ], [ -79.9673582, 40.4392197 ], [ -79.9672713, 40.4392315 ], [ -79.9672426, 40.4391086 ], [ -79.9673273, 40.439097 ], [ -79.9673214, 40.4390716 ], [ -79.9676239, 40.4390304 ], [ -79.967835300428348, 40.439001650622664 ], [ -79.967897900377395, 40.438993150507478 ], [ -79.967933488318195, 40.439145924999075 ], [ -79.9679989, 40.4391368 ], [ -79.968142056725512, 40.439117331017144 ], [ -79.968347922812058, 40.438804380071794 ], [ -79.9681941, 40.4388253 ], [ -79.9680867, 40.4387798 ], [ -79.968122107697852, 40.438730956133554 ], [ -79.96795989961285, 40.438757450383491 ], [ -79.9677485, 40.43878620000001 ], [ -79.967721, 40.4386877 ], [ -79.967961, 40.4386485 ], [ -79.968172399097909, 40.438619749987737 ], [ -79.968190807870258, 40.438685686147345 ], [ -79.968362399158138, 40.438662349641078 ], [ -79.968469799259481, 40.438707849446075 ], [ -79.968422839304338, 40.438772629774931 ], [ -79.968574899357307, 40.438751949255213 ], [ -79.968669499434384, 40.438788149083287 ] ] ], [ [ [ -79.968710271825003, 40.439184929133418 ], [ -79.9686207, 40.4391536 ], [ -79.9686718, 40.4390684 ], [ -79.96880067418536, 40.439050872624343 ], [ -79.9687188, 40.4390217 ], [ -79.9687796, 40.4389299 ], [ -79.968990999664854, 40.438901148498502 ], [ -79.969344899903774, 40.439020847854579 ], [ -79.969281300233803, 40.439118047975505 ], [ -79.9690699, 40.4391468 ], [ -79.968990460481635, 40.439118495138338 ], [ -79.968959900520161, 40.439169548567229 ], [ -79.968849487814637, 40.439184565249093 ], [ -79.969162700866988, 40.439304948201155 ], [ -79.969100301188703, 40.439399648319728 ], [ -79.9688889, 40.4394284 ], [ -79.96854, 40.4392943 ], [ -79.9686024, 40.4391996 ], [ -79.968710271825003, 40.439184929133418 ] ] ], [ [ [ -79.9676698, 40.4397231 ], [ -79.9676604, 40.4396784 ], [ -79.967640100000011, 40.439681 ], [ -79.9676266, 40.4396173 ], [ -79.967838002271279, 40.439588550643286 ], [ -79.967843435016221, 40.43958787607469 ], [ -79.967829219865351, 40.439553731136598 ], [ -79.9677868, 40.4395595 ], [ -79.9677653, 40.4395082 ], [ -79.9678674, 40.4394717 ], [ -79.968078801720523, 40.439442950195264 ], [ -79.968078188785071, 40.439450101375932 ], [ -79.968116801711759, 40.439444850125653 ], [ -79.96812203256772, 40.439451966486295 ], [ -79.968177301687064, 40.439444450014648 ], [ -79.968178467206087, 40.43944605430918 ], [ -79.968291001599965, 40.439430749805496 ], [ -79.968295376596814, 40.439440480330546 ], [ -79.968320601608298, 40.439437049751483 ], [ -79.968335368768322, 40.439472455532353 ], [ -79.968468501605358, 40.439454349480961 ], [ -79.968719501688454, 40.439511749023062 ], [ -79.968696990897413, 40.439569137093798 ], [ -79.96883440176552, 40.439550448813996 ], [ -79.969078501959359, 40.439642248370269 ], [ -79.969030666561011, 40.439708881907521 ], [ -79.969191202056464, 40.43968704816551 ], [ -79.969396402323795, 40.439797447793914 ], [ -79.969319302616341, 40.439881047938961 ], [ -79.9691079, 40.439909799999981 ], [ -79.9689045, 40.4398004 ], [ -79.968957442844072, 40.439740918426075 ], [ -79.9688017, 40.4397621 ], [ -79.968563, 40.4396723 ], [ -79.968597447745807, 40.439618848617123 ], [ -79.9684706, 40.43963609999998 ], [ -79.9682249, 40.4395798 ], [ -79.968230958684273, 40.439561605154026 ], [ -79.9680957, 40.43958 ], [ -79.968094053330972, 40.43957607935981 ], [ -79.9680314, 40.439584600000018 ], [ -79.968026565652096, 40.439573034282908 ], [ -79.967914782979193, 40.439588236254814 ], [ -79.96791650226568, 40.439596450499636 ], [ -79.967993202206117, 40.439586950358539 ], [ -79.968012602485146, 40.43967815032692 ], [ -79.9678012, 40.4397069 ], [ -79.9676698, 40.4397231 ] ] ], [ [ [ -79.968515902843137, 40.439854149411417 ], [ -79.968712503093727, 40.439958149055329 ], [ -79.968652560498086, 40.440024361550677 ], [ -79.968661026895361, 40.440030700298017 ], [ -79.968798903229285, 40.440011948899198 ], [ -79.969009603651301, 40.440172248519715 ], [ -79.969001903673131, 40.440178248534082 ], [ -79.969029292427578, 40.440193842063493 ], [ -79.96905130369359, 40.440190848444033 ], [ -79.969130703774979, 40.440226548299947 ], [ -79.969107668103845, 40.440271259039037 ], [ -79.969123709191237, 40.440283295342731 ], [ -79.969112509285779, 40.440291995405175 ], [ -79.969227409962116, 40.440378294787401 ], [ -79.969193461576609, 40.440404683965141 ], [ -79.969299604223878, 40.440390247997271 ], [ -79.969408654501876, 40.440567490437481 ], [ -79.969477011360368, 40.440558193444431 ], [ -79.969524599361336, 40.440625282139074 ], [ -79.969547311879211, 40.44062219306791 ], [ -79.969595812465471, 40.440690692811309 ], [ -79.969581012539791, 40.440696792893114 ], [ -79.969631013143982, 40.44076739262858 ], [ -79.969432614215506, 40.440857193726281 ], [ -79.969375715952026, 40.44086493221581 ], [ -79.969464705855373, 40.440929847717904 ], [ -79.969407306021836, 40.440975747825171 ], [ -79.96942420605393, 40.44098804779474 ], [ -79.969252506552195, 40.441125448115642 ], [ -79.969155745904644, 40.441138607886423 ], [ -79.969183506686718, 40.441159748243692 ], [ -79.96913770681445, 40.441194748329259 ], [ -79.969106092709694, 40.441199047925167 ], [ -79.969083806902248, 40.441216048429027 ], [ -79.969057353805766, 40.441219646101793 ], [ -79.96902780700627, 40.441242248532895 ], [ -79.968985133370055, 40.441248052203711 ], [ -79.968950407138081, 40.441274648676263 ], [ -79.968893109084121, 40.441282441239593 ], [ -79.968902807204898, 40.441290048764259 ], [ -79.968846807357323, 40.441331648868776 ], [ -79.968863307391771, 40.441344648839085 ], [ -79.968687407871244, 40.441475549167428 ], [ -79.968677834565611, 40.44147685111701 ], [ -79.968637307989638, 40.4415070492607 ], [ -79.968652108020351, 40.441518649234062 ], [ -79.968585308202748, 40.441568449358741 ], [ -79.968373900000017, 40.4415972 ], [ -79.9682773, 40.4415214 ], [ -79.9683377, 40.441476499999986 ], [ -79.9683274, 40.4414684 ], [ -79.9685508, 40.4413022 ], [ -79.968535, 40.4412898 ], [ -79.9685963, 40.4412442 ], [ -79.96865147452101, 40.441236696380201 ], [ -79.968644, 40.441231 ], [ -79.9687079, 40.441182 ], [ -79.968739146403209, 40.441177750522307 ], [ -79.9687588, 40.4411627 ], [ -79.968787128932163, 40.441158847281571 ], [ -79.968807402167386, 40.441143299739352 ], [ -79.9682368, 40.441220899999983 ], [ -79.968176322845366, 40.441174191426526 ], [ -79.9681542, 40.4411772 ], [ -79.9681092, 40.4411421 ], [ -79.9681888, 40.4410826 ], [ -79.968211705989731, 40.44107948491164 ], [ -79.9682701, 40.4410329 ], [ -79.968275426355632, 40.441032175640977 ], [ -79.9683339, 40.4409828 ], [ -79.968325, 40.4409766 ], [ -79.9684833, 40.4408438 ], [ -79.9684759, 40.4408386 ], [ -79.968513390743169, 40.440807204393174 ], [ -79.968318155009456, 40.440833755865782 ], [ -79.968330206020653, 40.440842549795057 ], [ -79.968232106304697, 40.440920849978404 ], [ -79.9680207, 40.440949599999989 ], [ -79.9679201, 40.4408762 ], [ -79.9680152, 40.4407957 ], [ -79.968032122765621, 40.440793398613003 ], [ -79.9680236, 40.440787 ], [ -79.9680919, 40.4407339 ], [ -79.9680763, 40.4407222 ], [ -79.9681202, 40.440688 ], [ -79.968084, 40.4406609 ], [ -79.9681844, 40.4405828 ], [ -79.9681731, 40.4405743 ], [ -79.9682435, 40.4405196 ], [ -79.968268804846304, 40.440516158636015 ], [ -79.9682924, 40.4404978 ], [ -79.96831051786414, 40.440495336030388 ], [ -79.9682124, 40.4404213 ], [ -79.9682683, 40.4403778 ], [ -79.9681572, 40.440294 ], [ -79.9681757, 40.4402802 ], [ -79.968147093048913, 40.440261285023858 ], [ -79.9681286, 40.4402638 ], [ -79.968092883696102, 40.440236127912755 ], [ -79.9680725, 40.4402389 ], [ -79.968039338261406, 40.440214412516582 ], [ -79.9680159, 40.4402176 ], [ -79.967979641296978, 40.440190547296766 ], [ -79.9679594, 40.4401933 ], [ -79.9679166, 40.4401614 ], [ -79.967920223526733, 40.440158562714203 ], [ -79.967772312216738, 40.440178677670389 ], [ -79.967779604240334, 40.440208050777393 ], [ -79.96761680437821, 40.44023185107703 ], [ -79.967588265137863, 40.440235732158015 ], [ -79.967589204412761, 40.440239451127979 ], [ -79.967483704502342, 40.440254951322189 ], [ -79.967454062270974, 40.440258982363183 ], [ -79.967455804547711, 40.440265951373831 ], [ -79.967349404637957, 40.440281551569669 ], [ -79.967327102664512, 40.440284584383193 ], [ -79.967330604698645, 40.440298551604904 ], [ -79.967229104784778, 40.440313451791745 ], [ -79.96719996940142, 40.440317413836638 ], [ -79.967204704866802, 40.44033655183749 ], [ -79.967131904928948, 40.440347351971482 ], [ -79.9669205, 40.4403761 ], [ -79.96692044443023, 40.440375880474647 ], [ -79.9668122, 40.4403906 ], [ -79.966804533018063, 40.440360391408809 ], [ -79.966728042234067, 40.44037079287672 ], [ -79.96672890516956, 40.440374252711884 ], [ -79.966656905230764, 40.44038485284441 ], [ -79.966628096093999, 40.440388770372209 ], [ -79.96663000527731, 40.440396352894254 ], [ -79.96655660533969, 40.440407153029348 ], [ -79.9663452, 40.4404359 ], [ -79.9663206, 40.4403378 ], [ -79.9663939, 40.440327 ], [ -79.966602915646547, 40.440298577841389 ], [ -79.9666025, 40.4402969 ], [ -79.9666839, 40.440285 ], [ -79.966895304734365, 40.440256252401511 ], [ -79.966903240181509, 40.440287672116717 ], [ -79.9669716, 40.4402776 ], [ -79.967000516969051, 40.440273667713093 ], [ -79.966991900000011, 40.4402393 ], [ -79.9670934, 40.4402244 ], [ -79.967115764675114, 40.440221358703411 ], [ -79.9671152, 40.4402191 ], [ -79.9672216, 40.44020350000001 ], [ -79.967251033803237, 40.440199497360567 ], [ -79.9672501, 40.4401958 ], [ -79.967355600000019, 40.4401803 ], [ -79.967384561548698, 40.440176361545362 ], [ -79.9673842, 40.4401749 ], [ -79.9675469, 40.440151 ], [ -79.967724260956814, 40.44012688040916 ], [ -79.9677124, 40.4400825 ], [ -79.967821, 40.4400657 ], [ -79.968032403604809, 40.440036950306222 ], [ -79.968035606322928, 40.440049101650203 ], [ -79.968080103605502, 40.440043050218996 ], [ -79.968090700369416, 40.440082855567518 ], [ -79.968368849649607, 40.440045028095057 ], [ -79.968226, 40.4399695 ], [ -79.968273949973408, 40.439916602355694 ], [ -79.9681497, 40.4399335 ], [ -79.967933994564717, 40.439887591600147 ], [ -79.967899703203159, 40.439892750543358 ], [ -79.9676883, 40.4399215 ], [ -79.9676744, 40.4398675 ], [ -79.9676896, 40.4398652 ], [ -79.9676728, 40.4398001 ], [ -79.9678076, 40.4397799 ], [ -79.96801900271204, 40.439751150318372 ], [ -79.968024753215261, 40.439773515496995 ], [ -79.968162002668251, 40.439754850056225 ], [ -79.968397402734141, 40.439804849626626 ], [ -79.968372397630091, 40.43987366603087 ], [ -79.968515902843137, 40.439854149411417 ] ], [ [ -79.969028134282922, 40.440592569461806 ], [ -79.968985907458361, 40.440624985923982 ], [ -79.96904326768005, 40.44061718477429 ], [ -79.969028134282922, 40.440592569461806 ] ], [ [ -79.968953469091176, 40.441070250938516 ], [ -79.96890314708935, 40.441108304778602 ], [ -79.968966429029521, 40.44109969837185 ], [ -79.9689404, 40.4410807 ], [ -79.968953469091176, 40.441070250938516 ] ], [ [ -79.968991722352243, 40.441039666483121 ], [ -79.969007487209666, 40.441027062066617 ], [ -79.968981965034374, 40.441030533125733 ], [ -79.968980816371513, 40.441031396222122 ], [ -79.968991722352243, 40.441039666483121 ] ] ], [ [ [ -79.967881905098707, 40.440493850602181 ], [ -79.967896705260131, 40.440547050577344 ], [ -79.967773405370437, 40.440566950804417 ], [ -79.967562, 40.440595700000024 ], [ -79.9675477, 40.4405425 ], [ -79.9676705, 40.4405226 ], [ -79.967881905098707, 40.440493850602181 ] ] ], [ [ [ -79.967592300000021, 40.4411901 ], [ -79.967565485717827, 40.441093270823764 ], [ -79.967554907114433, 40.441095051228181 ], [ -79.967551471792177, 40.441095518393119 ], [ -79.967552807132208, 40.441100451232266 ], [ -79.96749380718461, 40.441109851340919 ], [ -79.9672824, 40.4411386 ], [ -79.9672569, 40.4410444 ], [ -79.9673159, 40.441035 ], [ -79.967317702801139, 40.441034754842988 ], [ -79.9673176, 40.4410344 ], [ -79.9673793, 40.4410242 ], [ -79.967383346008006, 40.441023649794268 ], [ -79.9673798, 40.4410105 ], [ -79.9674481, 40.4409995 ], [ -79.967455934427221, 40.440998434611963 ], [ -79.9674557, 40.4409975 ], [ -79.9675147, 40.4409889 ], [ -79.967535788889066, 40.440986032149993 ], [ -79.9675311, 40.4409691 ], [ -79.9677313, 40.4409367 ], [ -79.967942706376306, 40.440907950508702 ], [ -79.96796620663396, 40.440992850469293 ], [ -79.967938906658361, 40.440997250519551 ], [ -79.967976607071719, 40.441133450456334 ], [ -79.967803707226395, 40.441161350774699 ], [ -79.967592300000021, 40.4411901 ] ] ], [ [ [ -79.96790950866945, 40.441633650601204 ], [ -79.9676981, 40.4416624 ], [ -79.9675949, 40.4415824 ], [ -79.9676453, 40.441544 ], [ -79.967655159513072, 40.441542659219131 ], [ -79.9676459, 40.4415355 ], [ -79.9676972, 40.4414967 ], [ -79.967716628701027, 40.441494057907221 ], [ -79.967707600000011, 40.4414871 ], [ -79.9677567, 40.4414498 ], [ -79.967880614319256, 40.441432948857056 ], [ -79.967835, 40.4413975 ], [ -79.9679117, 40.4413397 ], [ -79.968123107572708, 40.441310950195351 ], [ -79.968193207716155, 40.441365250069126 ], [ -79.968116407927852, 40.441423150212515 ], [ -79.967992613595925, 40.44143998530167 ], [ -79.968055208156429, 40.441488350327624 ], [ -79.968006208292309, 40.441525550419151 ], [ -79.967986561958043, 40.441528222157054 ], [ -79.968000308336386, 40.441538850430526 ], [ -79.967949008478186, 40.441577650526305 ], [ -79.967939304955451, 40.441578970118982 ], [ -79.967960408529066, 40.441595250506168 ], [ -79.96790950866945, 40.441633650601204 ] ] ], [ [ [ -79.9679229, 40.4418053 ], [ -79.968134309031385, 40.441776550195073 ], [ -79.968184409290998, 40.441865350107044 ], [ -79.968068409455341, 40.441903350321482 ], [ -79.967968761485906, 40.44191690155052 ], [ -79.968014209832688, 40.442016750425836 ], [ -79.967945609916754, 40.442035050552469 ], [ -79.9677342, 40.4420638 ], [ -79.9676677, 40.4419177 ], [ -79.9677363, 40.4418994 ], [ -79.967831405397021, 40.441886466715651 ], [ -79.967816, 40.441859 ], [ -79.9678693, 40.441841599999989 ], [ -79.9678603, 40.4418259 ], [ -79.9679229, 40.4418053 ] ] ], [ [ [ -79.968676210851655, 40.442422649229208 ], [ -79.9684648, 40.4424514 ], [ -79.9683682, 40.4423815 ], [ -79.9685159, 40.44226230000001 ], [ -79.968653849759548, 40.442243539479485 ], [ -79.968592500000014, 40.4421995 ], [ -79.9687793, 40.442047799999983 ], [ -79.96893084996637, 40.442027189476889 ], [ -79.9688615, 40.4419785 ], [ -79.9690412, 40.441829 ], [ -79.969252608672534, 40.44180024814483 ], [ -79.969348608847099, 40.441867647971655 ], [ -79.969168909386497, 40.442017148307791 ], [ -79.969016844842315, 40.442037829138691 ], [ -79.969087009641669, 40.442088248461118 ], [ -79.968900310190705, 40.44223994881019 ], [ -79.968762155987406, 40.442258737438969 ], [ -79.968824010419823, 40.442303448952899 ], [ -79.968676210851655, 40.442422649229208 ] ] ], [ [ [ -79.967608010806117, 40.442276451182252 ], [ -79.9673966, 40.442305199999986 ], [ -79.9673698, 40.4422479 ], [ -79.9674031, 40.4422388 ], [ -79.9673736, 40.4421758 ], [ -79.967415, 40.4421645 ], [ -79.967626410356871, 40.442135751142374 ], [ -79.967628275657873, 40.442139736835266 ], [ -79.967726710288474, 40.442126350957992 ], [ -79.967774110549144, 40.442215150874901 ], [ -79.967707410640031, 40.442235850998152 ], [ -79.967675300627491, 40.442240217554286 ], [ -79.967682710713092, 40.442256051044325 ], [ -79.967608010806117, 40.442276451182252 ] ] ], [ [ [ -79.968780584086971, 40.444207564543817 ], [ -79.9685031, 40.4442453 ], [ -79.9684191, 40.4442394 ], [ -79.9684361, 40.4439741 ], [ -79.9683765, 40.4439146 ], [ -79.9680445, 40.4438894 ], [ -79.9680543, 40.4438211 ], [ -79.968331782565556, 40.443783365600105 ], [ -79.968642786659316, 40.443806509393184 ], [ -79.968692382449788, 40.443799764732844 ], [ -79.968809882820224, 40.443904064455928 ], [ -79.968780584086971, 40.444207564543817 ] ] ], [ [ [ -79.967931384475989, 40.44419716658777 ], [ -79.968086184973899, 40.444336966223062 ], [ -79.968045285102761, 40.444363166323029 ], [ -79.968185985555465, 40.44449026599154 ], [ -79.968119285765511, 40.44453296615459 ], [ -79.9678418, 40.444570700000021 ], [ -79.9674374, 40.4442052 ], [ -79.9675119, 40.4441574 ], [ -79.967789384228539, 40.444119666925232 ], [ -79.96788249380127, 40.444203814982352 ], [ -79.967931384475989, 40.44419716658777 ] ] ], [ [ [ -79.968136921244295, 40.44566315035955 ], [ -79.968070321389831, 40.445701250483381 ], [ -79.968060180809985, 40.445702629429753 ], [ -79.968064221409477, 40.445706750494821 ], [ -79.967998121554857, 40.44574485061775 ], [ -79.967987610792434, 40.445746279894848 ], [ -79.967990621571886, 40.445749350631679 ], [ -79.967924421717285, 40.445787450754814 ], [ -79.967713, 40.44581620000001 ], [ -79.9676373, 40.4457395 ], [ -79.9677039, 40.4457013 ], [ -79.967713903987956, 40.44569993965959 ], [ -79.9677109, 40.4456969 ], [ -79.9677775, 40.4456587 ], [ -79.967787558618113, 40.445657332223412 ], [ -79.9677836, 40.445653299999989 ], [ -79.9678497, 40.4456151 ], [ -79.967853923118668, 40.445614525734918 ], [ -79.9678538, 40.445614400000011 ], [ -79.9679199, 40.4455763 ], [ -79.967925248335632, 40.445575572722625 ], [ -79.9679234, 40.4455737 ], [ -79.96799, 40.4455356 ], [ -79.968104628274418, 40.445520012478276 ], [ -79.9680711, 40.4454881 ], [ -79.9681363, 40.44544830000001 ], [ -79.968174781788775, 40.445443067078287 ], [ -79.9681618, 40.445430800000011 ], [ -79.9682353, 40.4453856 ], [ -79.968446720161566, 40.445356849777916 ], [ -79.968535720391401, 40.445440949618309 ], [ -79.968462220561932, 40.445486149755112 ], [ -79.968420703153981, 40.445491795575542 ], [ -79.968357220741851, 40.445530449949651 ], [ -79.968240166448624, 40.44554636762912 ], [ -79.968276720940253, 40.44558365009965 ], [ -79.968210621085603, 40.445621750222557 ], [ -79.968205272752044, 40.445622477512721 ], [ -79.968207121095134, 40.445624350229089 ], [ -79.968140521241011, 40.445662550352914 ], [ -79.968136825117853, 40.44566305296555 ], [ -79.968136921244295, 40.44566315035955 ] ] ], [ [ [ -79.9688844, 40.4457917 ], [ -79.9690712, 40.4457225 ], [ -79.969282620896436, 40.445693748259174 ], [ -79.969358421242944, 40.445813348125327 ], [ -79.96915122156399, 40.44588994850875 ], [ -79.969026039853219, 40.445906972180914 ], [ -79.969099691188589, 40.4459685638761 ], [ -79.969011891484882, 40.446029564091006 ], [ -79.968918308901365, 40.446042290412656 ], [ -79.968925922150106, 40.446048648928965 ], [ -79.968833222389051, 40.44611324910182 ], [ -79.968802682125144, 40.44611740223533 ], [ -79.968823222459903, 40.446134549121105 ], [ -79.968735822685474, 40.446195549284091 ], [ -79.968533382109328, 40.446223078559186 ], [ -79.968609423021078, 40.446286749519913 ], [ -79.968564055580259, 40.446318380676104 ], [ -79.968577892944836, 40.44632996515309 ], [ -79.96833759375761, 40.446497365741237 ], [ -79.968196883199667, 40.446516499985186 ], [ -79.968252536107414, 40.446563275425916 ], [ -79.968080736767348, 40.44668207590643 ], [ -79.9677636, 40.4467252 ], [ -79.9676684, 40.4466448 ], [ -79.9676513, 40.4466303 ], [ -79.9676702, 40.4466173 ], [ -79.9676926, 40.4466017 ], [ -79.967675947261839, 40.446587672324895 ], [ -79.9676603, 40.4465898 ], [ -79.967608287052172, 40.446545795819489 ], [ -79.9675884, 40.4465485 ], [ -79.9675311, 40.4465003 ], [ -79.9676133, 40.4464436 ], [ -79.967565054512747, 40.446402963708394 ], [ -79.9675339, 40.4464072 ], [ -79.967487688309888, 40.44636827699334 ], [ -79.9674456, 40.446374 ], [ -79.9673833, 40.4463217 ], [ -79.9675625, 40.4461975 ], [ -79.967879634396411, 40.446154376425326 ], [ -79.967932334573675, 40.446198476283215 ], [ -79.967906834671481, 40.446216076354517 ], [ -79.967963781343215, 40.446263813243895 ], [ -79.967992734828044, 40.446259876121012 ], [ -79.968006634876545, 40.446271876083543 ], [ -79.968038502453211, 40.446298660319954 ], [ -79.9681364, 40.4462304 ], [ -79.96821008589464, 40.446220379986521 ], [ -79.9682033, 40.446214699999985 ], [ -79.968243700000016, 40.4461863 ], [ -79.96844607160692, 40.446158780610595 ], [ -79.9684394, 40.4461532 ], [ -79.9684512, 40.4461451 ], [ -79.968375, 40.4460814 ], [ -79.9684448, 40.4460326 ], [ -79.968520009833668, 40.446022372516353 ], [ -79.9685043, 40.4460092 ], [ -79.9685684, 40.4459644 ], [ -79.968632593816821, 40.445955670462986 ], [ -79.9686, 40.4459283 ], [ -79.9686676, 40.4458813 ], [ -79.968896632121726, 40.445850154145077 ], [ -79.9688886, 40.4458374 ], [ -79.9689085, 40.4458299 ], [ -79.9688844, 40.4457917 ] ] ], [ [ [ -79.9688812, 40.4468464 ], [ -79.9688267, 40.4467886 ], [ -79.9689874, 40.4467003 ], [ -79.969198824002092, 40.446671548455434 ], [ -79.969233121917114, 40.446707641412821 ], [ -79.969240424096284, 40.446706648380648 ], [ -79.969259024150674, 40.446726248347403 ], [ -79.969092624502437, 40.446817648656619 ], [ -79.9688812, 40.4468464 ] ] ], [ [ [ -79.9682903, 40.44668 ], [ -79.9683633, 40.4466296 ], [ -79.968574724021764, 40.446600849597253 ], [ -79.96863444374813, 40.44665136670617 ], [ -79.968641924151299, 40.44665034947613 ], [ -79.9687347243608, 40.446728449309305 ], [ -79.968711024420912, 40.446744649353462 ], [ -79.968726324455517, 40.446757549325959 ], [ -79.968550624906442, 40.446879349653599 ], [ -79.968601425021262, 40.446922149562262 ], [ -79.968557525133534, 40.446952449644122 ], [ -79.9683461, 40.4469812 ], [ -79.968127, 40.4467968 ], [ -79.9682527, 40.4467099 ], [ -79.968315641205692, 40.446701341084314 ], [ -79.9682903, 40.44668 ] ] ], [ [ [ -79.968052825397947, 40.44697435057094 ], [ -79.968338826044914, 40.44721545005676 ], [ -79.968127526586642, 40.447361750450774 ], [ -79.9679161, 40.4473905 ], [ -79.9676301, 40.4471494 ], [ -79.9678414, 40.4470031 ], [ -79.968052825397947, 40.44697435057094 ] ] ], [ [ [ -79.968363229202453, 40.447525145093408 ], [ -79.96838472711309, 40.447560949987611 ], [ -79.968276892003942, 40.447598510162614 ], [ -79.968393527177881, 40.447582649972411 ], [ -79.96845112745919, 40.447679249870944 ], [ -79.968357930531994, 40.447711783588105 ], [ -79.968458927515258, 40.447698049857443 ], [ -79.968516927796415, 40.447794649755267 ], [ -79.968336528064029, 40.447857550088948 ], [ -79.9681251, 40.4478863 ], [ -79.9680676, 40.4477896 ], [ -79.968160797135624, 40.447757066530677 ], [ -79.9680598, 40.4477708 ], [ -79.9680018, 40.4476742 ], [ -79.968109635337214, 40.447636640097173 ], [ -79.967993, 40.4476525 ], [ -79.9679355, 40.447556 ], [ -79.9681153, 40.4474931 ], [ -79.968269328671227, 40.447472155156831 ], [ -79.9682645, 40.4474642 ], [ -79.968375900000012, 40.4474246 ], [ -79.968425293573546, 40.447417883355435 ], [ -79.9684132, 40.4473983 ], [ -79.9685425, 40.4473524 ], [ -79.968585245799062, 40.44734658726501 ], [ -79.968565, 40.4473133 ], [ -79.9686773, 40.4472734 ], [ -79.968721261505507, 40.447267421887773 ], [ -79.9687017, 40.4472352 ], [ -79.9688349, 40.4471878 ], [ -79.969046325593439, 40.447159048756404 ], [ -79.969085825782429, 40.447224048686778 ], [ -79.968952525982772, 40.447271348933377 ], [ -79.968908627550888, 40.447277318558761 ], [ -79.968927226107297, 40.447307848981374 ], [ -79.968814926276551, 40.447347849189107 ], [ -79.968772147303795, 40.44735366652278 ], [ -79.968788526389886, 40.447380649238994 ], [ -79.968659826584016, 40.447426549477086 ], [ -79.968610118517262, 40.447433308990128 ], [ -79.968629126715385, 40.447464549535056 ], [ -79.968517626883042, 40.447504149741334 ], [ -79.968363229202453, 40.447525145093408 ] ] ], [ [ [ -79.968787113562755, 40.447628224577556 ], [ -79.968849313711303, 40.447730424522703 ], [ -79.968776013766544, 40.447756524590517 ], [ -79.9686703, 40.4477709 ], [ -79.9686081, 40.4476687 ], [ -79.9686814, 40.4476426 ], [ -79.968787113562755, 40.447628224577556 ] ] ], [ [ [ -79.9676609, 40.4476783 ], [ -79.967872327590143, 40.447649550931466 ], [ -79.967904627743593, 40.447702350874515 ], [ -79.967752327972661, 40.447756451156273 ], [ -79.9675409, 40.4477852 ], [ -79.9675086, 40.4477323 ], [ -79.9676609, 40.4476783 ] ] ], [ [ [ -79.968860813740832, 40.447750624512594 ], [ -79.968918713879063, 40.447845724461551 ], [ -79.968842313936477, 40.447872824532226 ], [ -79.9687366, 40.4478872 ], [ -79.9686787, 40.4477922 ], [ -79.9687551, 40.447765 ], [ -79.968860813740832, 40.447750624512594 ] ] ], [ [ [ -79.967992228397691, 40.44792125072334 ], [ -79.968035428603798, 40.447992150647181 ], [ -79.96792042877631, 40.448032850859931 ], [ -79.967709, 40.4480616 ], [ -79.9676663, 40.4479908 ], [ -79.967759665163513, 40.447957531028322 ], [ -79.9676687, 40.4479699 ], [ -79.967639300000016, 40.447921399999977 ], [ -79.967673586379675, 40.447909207419904 ], [ -79.9676126, 40.447917500000017 ], [ -79.967577, 40.447859 ], [ -79.9677262, 40.4478061 ], [ -79.967937627966535, 40.447777350817255 ], [ -79.967973228136316, 40.447835750754493 ], [ -79.967911093551137, 40.447857822873523 ], [ -79.96802478519831, 40.447842363386044 ], [ -79.968054685374412, 40.447890863320104 ], [ -79.967954331835884, 40.447926403792501 ], [ -79.967992228397691, 40.44792125072334 ] ] ], [ [ [ -79.969031727808101, 40.447861848813766 ], [ -79.969091128092174, 40.447959548709065 ], [ -79.969025828190397, 40.447982748829865 ], [ -79.9688144, 40.4480115 ], [ -79.968755, 40.4479138 ], [ -79.9688203, 40.4478906 ], [ -79.969031727808101, 40.447861848813766 ] ] ], [ [ [ -79.969008514095989, 40.447994824382441 ], [ -79.969061714222576, 40.44808192433554 ], [ -79.96898931427684, 40.448107524402481 ], [ -79.9688836, 40.4481219 ], [ -79.9688309, 40.44803469999998 ], [ -79.9689028, 40.4480092 ], [ -79.969008514095989, 40.447994824382441 ] ] ], [ [ [ -79.96876682895811, 40.448195049314236 ], [ -79.968826729247638, 40.448294549208676 ], [ -79.968646829515421, 40.448357549541456 ], [ -79.968435400000018, 40.4483863 ], [ -79.9683755, 40.4482867 ], [ -79.968411053951485, 40.448274268994801 ], [ -79.9683542, 40.448282 ], [ -79.9682963, 40.448187 ], [ -79.968407967562555, 40.44814734998031 ], [ -79.9682892, 40.4481635 ], [ -79.9682337, 40.4480724 ], [ -79.9684224, 40.4480053 ], [ -79.968633828322851, 40.447976549548727 ], [ -79.968689428587339, 40.448067549450684 ], [ -79.968581842575176, 40.44810584308842 ], [ -79.968700928652353, 40.44808964943055 ], [ -79.968758828928216, 40.448184549328452 ], [ -79.968706063288195, 40.448203312437833 ], [ -79.96876682895811, 40.448195049314236 ] ] ], [ [ [ -79.968201706419435, 40.448250274691475 ], [ -79.96825262930922, 40.448243350259652 ], [ -79.968299229532903, 40.448320250177524 ], [ -79.968176229717599, 40.448363850405066 ], [ -79.9679648, 40.4483926 ], [ -79.9679182, 40.4483158 ], [ -79.967947820703358, 40.448305276238926 ], [ -79.967791, 40.4483266 ], [ -79.967747800000012, 40.4482557 ], [ -79.96784458465568, 40.448221355557301 ], [ -79.9677538, 40.4482337 ], [ -79.9677181, 40.448175 ], [ -79.967886, 40.4481153 ], [ -79.96809742887649, 40.44808655053756 ], [ -79.968133529047023, 40.448145250473878 ], [ -79.968068306311636, 40.448168386721797 ], [ -79.968264743542008, 40.448141675495442 ], [ -79.968307943851187, 40.448212575381184 ], [ -79.968201706419435, 40.448250274691475 ] ] ], [ [ [ -79.969183328495859, 40.448099348545988 ], [ -79.969242228775087, 40.448195448442121 ], [ -79.969173328878171, 40.448219748569571 ], [ -79.9689619, 40.4482485 ], [ -79.9689035, 40.4481524 ], [ -79.9689719, 40.4481281 ], [ -79.969183328495859, 40.448099348545988 ] ] ], [ [ [ -79.969263128838662, 40.448218248404778 ], [ -79.969316329092763, 40.448305648310978 ], [ -79.969234229216383, 40.448334848462849 ], [ -79.9690228, 40.448363599999986 ], [ -79.9689696, 40.4482761 ], [ -79.9690517, 40.448247 ], [ -79.969263128838662, 40.448218248404778 ] ] ], [ [ [ -79.967356400000014, 40.4484619 ], [ -79.9673278, 40.4484207 ], [ -79.9674916, 40.448353 ], [ -79.967703029776501, 40.448324251271444 ], [ -79.967723629859989, 40.448353351234914 ], [ -79.967686229923217, 40.44836885130421 ], [ -79.967697029967113, 40.448384151285069 ], [ -79.967694423742785, 40.448385139722333 ], [ -79.967737729935948, 40.448379251210184 ], [ -79.967769530085519, 40.448430751154106 ], [ -79.967627430300553, 40.448481651417005 ], [ -79.967416, 40.4485104 ], [ -79.9673842, 40.4484589 ], [ -79.967387709855373, 40.448457642778287 ], [ -79.967356400000014, 40.4484619 ] ] ], [ [ [ -79.968918329593421, 40.448415849045915 ], [ -79.96869302993538, 40.448496849462764 ], [ -79.968481600000018, 40.448525600000011 ], [ -79.9684504, 40.4484754 ], [ -79.96867570000002, 40.4483944 ], [ -79.968887129447751, 40.448365649100985 ], [ -79.968918329593421, 40.448415849045915 ] ] ], [ [ [ -79.968222573598936, 40.448438780877368 ], [ -79.968234014941402, 40.448437225102481 ], [ -79.968278615048575, 40.448510925063182 ], [ -79.968176315125135, 40.448547025157801 ], [ -79.9680706, 40.448561399999988 ], [ -79.968057653357349, 40.448539939535692 ], [ -79.9680072, 40.44854680000001 ], [ -79.9679646, 40.4484765 ], [ -79.9680123, 40.4484597 ], [ -79.968007, 40.4484509 ], [ -79.9680963, 40.4484193 ], [ -79.968202014896818, 40.448404925131136 ], [ -79.968222573598936, 40.448438780877368 ] ] ], [ [ [ -79.968399730169111, 40.448535050002498 ], [ -79.968467630492952, 40.448646449882773 ], [ -79.968357930658385, 40.448685550085727 ], [ -79.9681465, 40.4487143 ], [ -79.9680786, 40.4486028 ], [ -79.9681883, 40.4485638 ], [ -79.968399730169111, 40.448535050002498 ] ] ], [ [ [ -79.9686823, 40.4487415 ], [ -79.9686234, 40.448638699999989 ], [ -79.9687213, 40.448606 ], [ -79.968827015069124, 40.448591624561892 ], [ -79.968857508222541, 40.448644943862469 ], [ -79.968904715127792, 40.448638524491635 ], [ -79.968928515188537, 40.448680124470719 ], [ -79.968788015289647, 40.448727124600623 ], [ -79.9686823, 40.4487415 ] ] ], [ [ [ -79.967715515313756, 40.448610225581866 ], [ -79.967744515382165, 40.448657325556276 ], [ -79.96762811547039, 40.448699125663978 ], [ -79.9675224, 40.4487135 ], [ -79.9674935, 40.4486663 ], [ -79.9676098, 40.4486246 ], [ -79.967715515313756, 40.448610225581866 ] ] ], [ [ [ -79.967852531370397, 40.448849751020077 ], [ -79.9676411, 40.448878500000014 ], [ -79.9676022, 40.4488152 ], [ -79.967673396853201, 40.448789772569384 ], [ -79.967582, 40.4488022 ], [ -79.967562, 40.4487703 ], [ -79.9676824, 40.448727099999985 ], [ -79.967893830878481, 40.448698350937711 ], [ -79.967913330971513, 40.448730350903332 ], [ -79.967831039187985, 40.44875993223647 ], [ -79.967922831021582, 40.44874745088665 ], [ -79.967961731205179, 40.448810650818039 ], [ -79.967852531370397, 40.448849751020077 ] ] ], [ [ [ -79.968098, 40.44891830000001 ], [ -79.9680718, 40.4488747 ], [ -79.9681433, 40.4488493 ], [ -79.9681039, 40.448784299999986 ], [ -79.9681674, 40.4487617 ], [ -79.968378830799267, 40.448732950049454 ], [ -79.968433431059751, 40.448822549953199 ], [ -79.968384131133547, 40.448839950044388 ], [ -79.968396031188675, 40.448858950023386 ], [ -79.968367525562158, 40.448869022528456 ], [ -79.96852323110447, 40.448847849789516 ], [ -79.968587331411271, 40.448953349676543 ], [ -79.968450131617843, 40.449002149930372 ], [ -79.9682387, 40.4490309 ], [ -79.9682026, 40.4489718 ], [ -79.9682692, 40.4489481 ], [ -79.9682412, 40.4489017 ], [ -79.968254280957936, 40.448897049409169 ], [ -79.968098, 40.44891830000001 ] ] ], [ [ [ -79.967983731282459, 40.448837950778859 ], [ -79.968016031434644, 40.448890350721882 ], [ -79.967901931607443, 40.448931250932993 ], [ -79.9676905, 40.44896 ], [ -79.967658200000017, 40.4489076 ], [ -79.9677723, 40.4488667 ], [ -79.967983731282459, 40.448837950778859 ] ] ], [ [ [ -79.968783155271453, 40.449224881663085 ], [ -79.968787032207416, 40.449231249322267 ], [ -79.968720832306616, 40.44925464944474 ], [ -79.968703313196642, 40.449257031708186 ], [ -79.968732832461669, 40.449305449424934 ], [ -79.968671932553178, 40.449327049537601 ], [ -79.9684605, 40.449355799999985 ], [ -79.968451107673118, 40.449340407402772 ], [ -79.9683585, 40.449353 ], [ -79.9682625, 40.4491954 ], [ -79.9683105, 40.4491784 ], [ -79.968435428802238, 40.44916141242971 ], [ -79.968429914601373, 40.449152318817404 ], [ -79.968409932127884, 40.449159450010967 ], [ -79.9681985, 40.4491882 ], [ -79.968185499515016, 40.449166796773817 ], [ -79.968161248476562, 40.449175475847774 ], [ -79.9678441, 40.4492186 ], [ -79.9677919, 40.4491335 ], [ -79.967841752602638, 40.449115689032865 ], [ -79.9678049, 40.4491207 ], [ -79.967772700000012, 40.4490684 ], [ -79.967874800000018, 40.4490317 ], [ -79.968086231761404, 40.449002950598008 ], [ -79.968117039716915, 40.449052929779768 ], [ -79.968273347733373, 40.449031675529895 ], [ -79.968316600780341, 40.449102106139058 ], [ -79.968429531891758, 40.449086749971848 ], [ -79.968462016135561, 40.449140229816472 ], [ -79.968525502446639, 40.449131597000786 ], [ -79.968487, 40.4490684 ], [ -79.9685727, 40.449038 ], [ -79.968770033236879, 40.449011166429059 ], [ -79.9687363, 40.4489556 ], [ -79.9687789, 40.4489404 ], [ -79.96899033112399, 40.448911648935415 ], [ -79.969130931797807, 40.449143348687528 ], [ -79.969088331861784, 40.449158448766354 ], [ -79.968891350677893, 40.449185234960126 ], [ -79.968894832038941, 40.449190949122759 ], [ -79.968809132167735, 40.449221349281302 ], [ -79.968783155271453, 40.449224881663085 ] ] ], [ [ [ -79.9685276, 40.4497015 ], [ -79.9684907, 40.4496435 ], [ -79.9685213, 40.4496322 ], [ -79.9685166, 40.4496247 ], [ -79.9686173, 40.4495872 ], [ -79.968720643266295, 40.449573147409389 ], [ -79.9687039, 40.4495426 ], [ -79.9687995, 40.4495121 ], [ -79.969010932913093, 40.44948334892247 ], [ -79.969061633184211, 40.449575848833497 ], [ -79.96896603331713, 40.44960634901021 ], [ -79.968761912005931, 40.449634105710388 ], [ -79.968764716726625, 40.44963852464182 ], [ -79.968633316828473, 40.449687124763436 ], [ -79.9685276, 40.4497015 ] ] ], [ [ [ -79.969041116826304, 40.449736024390418 ], [ -79.9689354, 40.4497504 ], [ -79.9688095, 40.449691799999989 ], [ -79.9688638, 40.4496233 ], [ -79.968969516640385, 40.449608924453315 ], [ -79.969095516708094, 40.449667524339027 ], [ -79.969041116826304, 40.449736024390418 ] ] ], [ [ [ -79.968505617018408, 40.449792224882856 ], [ -79.96843991706838, 40.449815924943636 ], [ -79.9683342, 40.4498303 ], [ -79.968306106042277, 40.449784567768027 ], [ -79.9682816, 40.4497879 ], [ -79.9682422, 40.4497242 ], [ -79.9683465, 40.4496866 ], [ -79.968452216840149, 40.449672224929209 ], [ -79.968492116933803, 40.449736724894024 ], [ -79.968475216946658, 40.449742824909677 ], [ -79.968505617018408, 40.449792224882856 ] ] ], [ [ [ -79.9676084, 40.4501094 ], [ -79.967556362457728, 40.450039013401501 ], [ -79.9675469, 40.4500403 ], [ -79.9674939, 40.4499686 ], [ -79.9677241, 40.44987 ], [ -79.967806675854547, 40.449858772074961 ], [ -79.9678604, 40.4498357 ], [ -79.967892953349576, 40.449831273652549 ], [ -79.9678747, 40.4498066 ], [ -79.9679438, 40.449777 ], [ -79.968155234077472, 40.449748250503873 ], [ -79.968290634602468, 40.449931950263476 ], [ -79.968222034722103, 40.449961550390604 ], [ -79.968030353964906, 40.449987613993301 ], [ -79.968012534909235, 40.449995250776432 ], [ -79.967976855286366, 40.450000102234391 ], [ -79.967986134974183, 40.450012650825613 ], [ -79.96791613509528, 40.450042550955331 ], [ -79.967874727833689, 40.450048181175227 ], [ -79.967879735148372, 40.450054951022651 ], [ -79.967819835252371, 40.450080651133668 ], [ -79.9676084, 40.4501094 ] ] ], [ [ [ -79.968528217041865, 40.449809924862521 ], [ -79.968582017176516, 40.449902224815155 ], [ -79.968480217250601, 40.449936824909287 ], [ -79.9683745, 40.4499512 ], [ -79.9683207, 40.4498589 ], [ -79.9684225, 40.44982430000001 ], [ -79.968528217041865, 40.449809924862521 ] ] ], [ [ [ -79.967883835600404, 40.450199251021417 ], [ -79.9676724, 40.450228 ], [ -79.9676265, 40.4501572 ], [ -79.9677206, 40.450121500000016 ], [ -79.967932035246932, 40.450092750928377 ], [ -79.967956541377291, 40.450130224477135 ], [ -79.9681117, 40.4500731 ], [ -79.968323134943191, 40.450044350208728 ], [ -79.968352535077656, 40.450090750156825 ], [ -79.968282711469811, 40.450116457198682 ], [ -79.96835483512676, 40.450106650153288 ], [ -79.968385135265592, 40.450154550099789 ], [ -79.968254235467853, 40.450202750342036 ], [ -79.9680428, 40.4502315 ], [ -79.9680124, 40.45018360000001 ], [ -79.968046628161076, 40.450171006148146 ], [ -79.9679746, 40.4501808 ], [ -79.96796650292373, 40.450168020947856 ], [ -79.967883835600404, 40.450199251021417 ] ] ], [ [ [ -79.9682145, 40.4502497 ], [ -79.968478794296203, 40.450213762473965 ], [ -79.968506294455793, 40.450257762413308 ], [ -79.96835359475061, 40.450313962766536 ], [ -79.9680893, 40.4503499 ], [ -79.968084645973605, 40.450342453562179 ], [ -79.968042036039861, 40.450358550738137 ], [ -79.9678306, 40.45038730000001 ], [ -79.9677847, 40.4503165 ], [ -79.9678788, 40.4502808 ], [ -79.96809023568639, 40.450252050645048 ], [ -79.968113103095064, 40.450287018344021 ], [ -79.9682145, 40.4502497 ] ] ], [ [ [ -79.9674148, 40.4504186 ], [ -79.9673968, 40.4503943 ], [ -79.9674422, 40.4503746 ], [ -79.967435773572234, 40.45036594164128 ], [ -79.9673743, 40.4503743 ], [ -79.967357, 40.450351 ], [ -79.9675127, 40.4502836 ], [ -79.967724135837088, 40.450254851316835 ], [ -79.9677761360376, 40.450325051224489 ], [ -79.967626236299409, 40.450389851502315 ], [ -79.9674148, 40.4504186 ] ] ], [ [ [ -79.968585136247469, 40.450491549747532 ], [ -79.968619036389939, 40.450541049687487 ], [ -79.968506736565175, 40.450582949895349 ], [ -79.9682953, 40.4506117 ], [ -79.968295267115408, 40.450611647098746 ], [ -79.9682559, 40.450617 ], [ -79.96825516768925, 40.45061592757898 ], [ -79.968197136857782, 40.450637850465732 ], [ -79.967985700000014, 40.4506666 ], [ -79.9678503, 40.450436199999984 ], [ -79.9679466, 40.4504022 ], [ -79.968158036041757, 40.450373450525959 ], [ -79.968168955170682, 40.45039214212904 ], [ -79.9682992, 40.4503438 ], [ -79.968510635721501, 40.450315049876522 ], [ -79.968541235861153, 40.450363249822487 ], [ -79.968481518960459, 40.450385401939791 ], [ -79.968540735905663, 40.450377349824024 ], [ -79.968568936034316, 40.450421749774222 ], [ -79.968522781577335, 40.450438847234281 ], [ -79.968572036065808, 40.450432149768979 ], [ -79.968600936198897, 40.450478049717951 ], [ -79.968551690352783, 40.450496097613559 ], [ -79.968585136247469, 40.450491549747532 ] ], [ [ -79.968267557291512, 40.450560930882062 ], [ -79.968271107078294, 40.450567007449116 ], [ -79.9682753, 40.450565399999981 ], [ -79.968271572567346, 40.450560384908989 ], [ -79.968267557291512, 40.450560930882062 ] ], [ [ -79.96823789145401, 40.450505942415461 ], [ -79.968235615172119, 40.4505062519302 ], [ -79.968242264019167, 40.450517633524385 ], [ -79.968242900000021, 40.4505174 ], [ -79.9682361, 40.4505066 ], [ -79.96823789145401, 40.450505942415461 ] ], [ [ -79.968215823812628, 40.450448101520799 ], [ -79.968202688538284, 40.450449887572695 ], [ -79.968204165884174, 40.450452416520051 ], [ -79.968215823812628, 40.450448101520799 ] ] ], [ [ [ -79.967695836574862, 40.450486051378817 ], [ -79.9674844, 40.4505148 ], [ -79.9674578, 40.450481700000012 ], [ -79.9676101, 40.4504301 ], [ -79.967821536259876, 40.450401351144528 ], [ -79.967837536336347, 40.450427651116314 ], [ -79.967695836574862, 40.450486051378817 ] ] ], [ [ [ -79.967766136740934, 40.450547551252527 ], [ -79.9675547, 40.4505763 ], [ -79.9675355, 40.4505554 ], [ -79.9676475, 40.4505099 ], [ -79.967858936496242, 40.45048115107938 ], [ -79.967870236577369, 40.450508351059831 ], [ -79.967766136740934, 40.450547551252527 ] ] ], [ [ [ -79.967893436644445, 40.450532551018327 ], [ -79.967942336871971, 40.450610950932031 ], [ -79.967841137027193, 40.4506478511193 ], [ -79.9676297, 40.4506766 ], [ -79.9675808, 40.450598 ], [ -79.967682, 40.4505613 ], [ -79.967893436644445, 40.450532551018327 ] ] ], [ [ [ -79.9689445, 40.4507235 ], [ -79.968926, 40.4506934 ], [ -79.9689966, 40.4506678 ], [ -79.969144401354257, 40.450647701835102 ], [ -79.9691744, 40.4506368 ], [ -79.969151100000019, 40.450599899999986 ], [ -79.9692178, 40.4505759 ], [ -79.969429236095039, 40.450547148201345 ], [ -79.969442218305744, 40.450568236557316 ], [ -79.969514936097013, 40.450558348044609 ], [ -79.969588436440418, 40.450676647914911 ], [ -79.969526336535537, 40.450699248029835 ], [ -79.969540036597195, 40.450720548005613 ], [ -79.969468136707121, 40.450746648138654 ], [ -79.969329181363719, 40.450765543791391 ], [ -79.969296136870938, 40.450777548455555 ], [ -79.969316036963491, 40.450809448420436 ], [ -79.96924453707328, 40.450835548552753 ], [ -79.9690331, 40.4508643 ], [ -79.969019673542292, 40.450842950727505 ], [ -79.9689443, 40.4508532 ], [ -79.9688783, 40.4507476 ], [ -79.9689445, 40.4507235 ] ] ], [ [ [ -79.9681869, 40.4507845 ], [ -79.968397419845786, 40.45075587483197 ], [ -79.9683808, 40.4507294 ], [ -79.9684763, 40.4506941 ], [ -79.968687736754063, 40.450665349566862 ], [ -79.96870803684584, 40.450697049531009 ], [ -79.968650979836099, 40.450718051898463 ], [ -79.968712036884213, 40.450709749524222 ], [ -79.968738137004877, 40.450751349478146 ], [ -79.968635137163957, 40.450789249668759 ], [ -79.968438840740205, 40.45081594123991 ], [ -79.968477337488864, 40.450873149961915 ], [ -79.968382837637733, 40.450908850136834 ], [ -79.9681714, 40.4509376 ], [ -79.9680971, 40.4508152 ], [ -79.9681869, 40.4507845 ] ], [ [ -79.968461897234377, 40.450752778706139 ], [ -79.968401833468363, 40.450760945876951 ], [ -79.968409376460883, 40.450772155293144 ], [ -79.968461897234377, 40.450752778706139 ] ] ], [ [ [ -79.968334936851207, 40.450652750213578 ], [ -79.968381237055823, 40.450723550131706 ], [ -79.968286737204693, 40.45075925030666 ], [ -79.96807530000001, 40.450788 ], [ -79.9680294, 40.4507172 ], [ -79.9681235, 40.4506815 ], [ -79.968334936851207, 40.450652750213578 ] ] ], [ [ [ -79.967971237001294, 40.450655650880968 ], [ -79.968041637307522, 40.450761750756421 ], [ -79.967935137478321, 40.450802950953609 ], [ -79.9677237, 40.4508317 ], [ -79.9676533, 40.4507256 ], [ -79.9677598, 40.4506844 ], [ -79.967971237001294, 40.450655650880968 ] ] ], [ [ [ -79.9682852, 40.4509491 ], [ -79.968428370352768, 40.4509296325649 ], [ -79.9684136, 40.450906 ], [ -79.968590100000014, 40.450841699999984 ], [ -79.968854396440534, 40.450805761644823 ], [ -79.96887149653989, 40.450833161607108 ], [ -79.968858396565125, 40.450837961637426 ], [ -79.968865696607921, 40.450849761621313 ], [ -79.968778506307217, 40.450881494643895 ], [ -79.968836937350744, 40.450873549302202 ], [ -79.968869637500902, 40.450925349244457 ], [ -79.96875203768262, 40.450968649462077 ], [ -79.968549575548209, 40.450996179545506 ], [ -79.968566937919093, 40.45102104980397 ], [ -79.968472438067948, 40.45105674997891 ], [ -79.968261, 40.4510855 ], [ -79.9681933, 40.45098320000001 ], [ -79.9682852, 40.4509491 ] ], [ [ -79.968568075018311, 40.45092349257488 ], [ -79.968504834750959, 40.450932091705418 ], [ -79.96851301667391, 40.450943811707347 ], [ -79.968568075018311, 40.45092349257488 ] ] ], [ [ [ -79.9686855, 40.4511478 ], [ -79.968594900000014, 40.4510352 ], [ -79.9686504, 40.4510164 ], [ -79.968666429417709, 40.451014220376692 ], [ -79.9686609, 40.4510064 ], [ -79.9687163, 40.4509838 ], [ -79.968927737571747, 40.450955049139168 ], [ -79.969012537917365, 40.451075448988824 ], [ -79.968957538010073, 40.451098149090733 ], [ -79.968931406603815, 40.451101702408387 ], [ -79.968932838038199, 40.451104049136283 ], [ -79.968896938099263, 40.451119049202809 ], [ -79.9686855, 40.4511478 ] ] ], [ [ [ -79.968274302897214, 40.451350814654276 ], [ -79.967651540155444, 40.451619551509474 ], [ -79.967609414291161, 40.451625279191468 ], [ -79.967620440241703, 40.451643151567552 ], [ -79.967517840398088, 40.451680251757431 ], [ -79.967329281637618, 40.451705888945256 ], [ -79.967356840661708, 40.45174425205559 ], [ -79.967259340828377, 40.45178525223627 ], [ -79.967208451224934, 40.451792171289135 ], [ -79.967227240944879, 40.451818352296598 ], [ -79.967146541082741, 40.451852252446109 ], [ -79.967050506353061, 40.451865309390136 ], [ -79.967057441188643, 40.451874952610581 ], [ -79.966987441308191, 40.451904352740279 ], [ -79.966776, 40.4519331 ], [ -79.9666827, 40.4518035 ], [ -79.9667528, 40.4517741 ], [ -79.966849048698322, 40.451761014200777 ], [ -79.9668324, 40.4517378 ], [ -79.9669131, 40.451704 ], [ -79.966963659855097, 40.451697125903827 ], [ -79.966929270505375, 40.451649414265454 ], [ -79.966758, 40.4516727 ], [ -79.966725, 40.4516272 ], [ -79.9668544, 40.4515729 ], [ -79.967065840145395, 40.451544152580773 ], [ -79.96708177300377, 40.451566507497212 ], [ -79.96721604010007, 40.451548252305365 ], [ -79.967221574027505, 40.451555955767788 ], [ -79.9673164, 40.4515218 ], [ -79.967527839805697, 40.451493051730914 ], [ -79.967532944966493, 40.45150132691407 ], [ -79.9680772, 40.4512663 ], [ -79.968095514165071, 40.451263809808545 ], [ -79.96807010000002, 40.4512273 ], [ -79.968126173072349, 40.451204483592981 ], [ -79.9679922, 40.45122270000001 ], [ -79.9677923, 40.4509219 ], [ -79.967885, 40.450886 ], [ -79.968096437586524, 40.450857250660036 ], [ -79.968295938455157, 40.45115815030713 ], [ -79.968230557090621, 40.451183509666379 ], [ -79.968362638452547, 40.451165550185067 ], [ -79.968458838849713, 40.451303750014603 ], [ -79.968377738984898, 40.451336750164835 ], [ -79.968274302897214, 40.451350814654276 ] ] ], [ [ [ -79.968965538639168, 40.451299249084798 ], [ -79.969037638930004, 40.451400648956906 ], [ -79.968987139015596, 40.451421649050495 ], [ -79.9687757, 40.4514504 ], [ -79.9687036, 40.4513489 ], [ -79.9687541, 40.451328 ], [ -79.968965538639168, 40.451299249084798 ] ] ], [ [ [ -79.968995539172354, 40.451472549037277 ], [ -79.969043039363967, 40.451539348953048 ], [ -79.969008444779647, 40.45155370801821 ], [ -79.969124339328033, 40.451537948803832 ], [ -79.969153139444188, 40.451578448752755 ], [ -79.968989939719975, 40.451646049055114 ], [ -79.9687785, 40.4516748 ], [ -79.9687498, 40.4516342 ], [ -79.968884973813786, 40.451578257460682 ], [ -79.9687692, 40.451594 ], [ -79.968722, 40.4515272 ], [ -79.9687841, 40.4515013 ], [ -79.968995539172354, 40.451472549037277 ] ] ], [ [ [ -79.9682142, 40.451716 ], [ -79.9681302, 40.451592099999978 ], [ -79.9682331, 40.4515512 ], [ -79.968273686162988, 40.45154568143257 ], [ -79.9682642, 40.4515321 ], [ -79.9684242, 40.4514669 ], [ -79.968635639203711, 40.451438149696081 ], [ -79.968717639541325, 40.451555649550755 ], [ -79.968557639808012, 40.451620749847145 ], [ -79.96851548932807, 40.45162648121682 ], [ -79.968529039899593, 40.451646349900734 ], [ -79.968425640068247, 40.451687250092206 ], [ -79.9682142, 40.451716 ] ] ], [ [ [ -79.9686243, 40.4519274 ], [ -79.968822071388331, 40.451900508030214 ], [ -79.968811425806408, 40.451883707960548 ], [ -79.968735, 40.4518941 ], [ -79.968701909276803, 40.451849202795692 ], [ -79.9685747, 40.4518665 ], [ -79.9685414, 40.4518124 ], [ -79.9685786, 40.451799 ], [ -79.968790040187926, 40.451770249427263 ], [ -79.968796829787394, 40.451781285034016 ], [ -79.96891689244103, 40.451764959330568 ], [ -79.9689909, 40.4517366 ], [ -79.9689793, 40.4517189 ], [ -79.9690055, 40.4517089 ], [ -79.9689864, 40.45168 ], [ -79.9690333, 40.451662 ], [ -79.96908603510461, 40.451654829154322 ], [ -79.9691435, 40.4516328 ], [ -79.969354939446433, 40.451604048383629 ], [ -79.969433139787412, 40.451722148245288 ], [ -79.969280340030863, 40.451780748528193 ], [ -79.969178039973457, 40.451794659272046 ], [ -79.969196940196824, 40.451823248683063 ], [ -79.969162040252456, 40.451836648747665 ], [ -79.969122415041582, 40.451842036941571 ], [ -79.969166040484495, 40.451910948743546 ], [ -79.969078940620435, 40.451943448904771 ], [ -79.968898772767645, 40.451967947643858 ], [ -79.968932140946478, 40.452029049177824 ], [ -79.968848541062826, 40.452055749332366 ], [ -79.9686371, 40.4520845 ], [ -79.9685622, 40.4519472 ], [ -79.9686243, 40.4519274 ] ] ], [ [ [ -79.968179241348665, 40.452064150560695 ], [ -79.968183521468475, 40.45206999783619 ], [ -79.968266241297982, 40.45205875040083 ], [ -79.968272444978183, 40.452068703501546 ], [ -79.968297841306168, 40.452065250343132 ], [ -79.968318941406125, 40.452099650305911 ], [ -79.96831294141505, 40.452101750317034 ], [ -79.968316367552191, 40.452107288654787 ], [ -79.9683456, 40.4520974 ], [ -79.968557041216386, 40.452068649867741 ], [ -79.968574375074041, 40.452098516435264 ], [ -79.968717541186876, 40.452079049573726 ], [ -79.968798441501633, 40.452189149430083 ], [ -79.968712941650168, 40.452225849588558 ], [ -79.9685015, 40.4522546 ], [ -79.968484391856961, 40.45223131688784 ], [ -79.968351400000017, 40.4522494 ], [ -79.968303, 40.4522465 ], [ -79.968254252532191, 40.452162442383433 ], [ -79.9680479, 40.4521905 ], [ -79.968037393115196, 40.45217349872015 ], [ -79.968031925876886, 40.452174242091253 ], [ -79.968036141768195, 40.452179950828274 ], [ -79.967982541860962, 40.452202850927605 ], [ -79.9677711, 40.4522316 ], [ -79.967769997107723, 40.452230081939732 ], [ -79.967719942113661, 40.45225085141147 ], [ -79.9675085, 40.4522796 ], [ -79.9674798, 40.4522394 ], [ -79.9675374, 40.4522156 ], [ -79.967739511195859, 40.45218812001135 ], [ -79.9677363, 40.4521837 ], [ -79.9677894, 40.4521609 ], [ -79.967828565153951, 40.452155574858068 ], [ -79.9678269, 40.4521533 ], [ -79.967894904815878, 40.452124148219255 ], [ -79.9677261, 40.4521471 ], [ -79.9675235, 40.4518622 ], [ -79.9676565, 40.4518069 ], [ -79.96782654642422, 40.451783779378054 ], [ -79.9678062, 40.4517545 ], [ -79.967941, 40.4516997 ], [ -79.968152440122907, 40.451670950592728 ], [ -79.968348140930161, 40.451951850245912 ], [ -79.968212841154894, 40.452006650496529 ], [ -79.968046458554895, 40.45202927345494 ], [ -79.968070541387689, 40.452063150760068 ], [ -79.968013998072891, 40.45208661853588 ], [ -79.968179241348665, 40.452064150560695 ] ] ], [ [ [ -79.967761743254442, 40.45261885135082 ], [ -79.967570443585757, 40.452700651705356 ], [ -79.967359, 40.4527294 ], [ -79.967342444576872, 40.452706937479981 ], [ -79.9673133, 40.4527109 ], [ -79.967250414386399, 40.452625749983525 ], [ -79.9672118, 40.452631 ], [ -79.9671537, 40.4525524 ], [ -79.9671859, 40.4525386 ], [ -79.967141661803211, 40.452478703629055 ], [ -79.9669659, 40.4525026 ], [ -79.9669122, 40.4524282 ], [ -79.9669818, 40.4523991 ], [ -79.967193242693511, 40.452370352383028 ], [ -79.967227082109289, 40.452417323287342 ], [ -79.9673612, 40.45236 ], [ -79.967572642423534, 40.45233125168523 ], [ -79.967631804184379, 40.45241128830142 ], [ -79.96766664262384, 40.452406551516077 ], [ -79.967695154991404, 40.452445126895377 ], [ -79.9677078, 40.4524397 ], [ -79.967789522149062, 40.452428588634213 ], [ -79.9677732, 40.452404199999975 ], [ -79.9678868, 40.4523603 ], [ -79.967975356597591, 40.4523482592273 ], [ -79.9680577, 40.4523129 ], [ -79.968269142005482, 40.452284150405319 ], [ -79.968342542290785, 40.452383950274999 ], [ -79.968257042438992, 40.452420550433452 ], [ -79.96816569217691, 40.452432971266063 ], [ -79.968166742518022, 40.452434550599733 ], [ -79.968053642700198, 40.452478550809161 ], [ -79.967976646306937, 40.452489019811409 ], [ -79.967999242850809, 40.452519750910753 ], [ -79.967927942974654, 40.452550351042916 ], [ -79.96775699850825, 40.452573593630618 ], [ -79.967758443119578, 40.452575551354997 ], [ -79.967736543157315, 40.452584851395571 ], [ -79.967761743254442, 40.45261885135082 ] ] ], [ [ [ -79.9688025, 40.452428 ], [ -79.969013942078632, 40.452399249043843 ], [ -79.969014428098546, 40.452399894752801 ], [ -79.96905374204843, 40.452394548970638 ], [ -79.969236842770968, 40.452646948645679 ], [ -79.969210742815662, 40.452657948694053 ], [ -79.969230942895564, 40.452685848658199 ], [ -79.969176042989787, 40.452709048759928 ], [ -79.9689646, 40.4527378 ], [ -79.968954795707702, 40.452728632988403 ], [ -79.9689065, 40.452735199999978 ], [ -79.9687248, 40.4524845 ], [ -79.9687536, 40.4524723 ], [ -79.9687409, 40.4524542 ], [ -79.9688025, 40.452428 ] ] ], [ [ [ -79.968724143090782, 40.45268544958801 ], [ -79.968666943189348, 40.452709749693994 ], [ -79.968277243858864, 40.452874650416149 ], [ -79.9680658, 40.4529034 ], [ -79.9680257, 40.4528481 ], [ -79.9679954, 40.45280649999998 ], [ -79.9681562, 40.452738499999988 ], [ -79.9684425, 40.4526173 ], [ -79.968653942813333, 40.452588549712573 ], [ -79.968724143090782, 40.45268544958801 ] ] ], [ [ [ -79.9689546, 40.4528473 ], [ -79.96891, 40.452786 ], [ -79.9689632, 40.452763499999989 ], [ -79.969174643071128, 40.452734748763589 ], [ -79.969236143313594, 40.452819448654452 ], [ -79.969246843923585, 40.452834222717122 ], [ -79.969290043320655, 40.452828348555968 ], [ -79.969337943509913, 40.452894448470957 ], [ -79.969317843544744, 40.452903048508205 ], [ -79.969405343889989, 40.453023648352911 ], [ -79.969317744040595, 40.453060748515242 ], [ -79.9691063, 40.4530895 ], [ -79.969030095538955, 40.452984367814061 ], [ -79.9689975, 40.4529888 ], [ -79.9689456, 40.4529172 ], [ -79.9689912, 40.4528978 ], [ -79.9689546, 40.4528473 ] ] ], [ [ [ -79.9677612, 40.4528481 ], [ -79.9677733, 40.4528428 ], [ -79.967984743781713, 40.452814050950195 ], [ -79.967988943796755, 40.45281935094269 ], [ -79.968044844010592, 40.4528942508434 ], [ -79.967903144259481, 40.452955951106084 ], [ -79.967776044482605, 40.453011251341671 ], [ -79.967683544645169, 40.453051551513148 ], [ -79.9674721, 40.4530803 ], [ -79.9674122, 40.4530001 ], [ -79.9675887, 40.4529232 ], [ -79.9677181, 40.4528669 ], [ -79.9677612, 40.4528481 ] ] ], [ [ [ -79.967968145810701, 40.453457351008652 ], [ -79.9677567, 40.4534861 ], [ -79.9676962, 40.453404300000017 ], [ -79.9680437, 40.4532543 ], [ -79.968255144970655, 40.453225550471998 ], [ -79.9683156452041, 40.45330725036456 ], [ -79.967968145810701, 40.453457351008652 ] ] ], [ [ [ -79.969119919216638, 40.453675953614301 ], [ -79.9688917199597, 40.453759854505172 ], [ -79.968908320125877, 40.453786954443409 ], [ -79.968787220444412, 40.453820054915134 ], [ -79.9683412, 40.4538807 ], [ -79.9682549, 40.4537321 ], [ -79.9684193, 40.4536617 ], [ -79.9685989, 40.453605300000014 ], [ -79.9685749, 40.4535684 ], [ -79.968555564165158, 40.453540667332348 ], [ -79.9685009, 40.4535481 ], [ -79.968499185179425, 40.453545370285852 ], [ -79.9684644, 40.4535501 ], [ -79.9683776, 40.4534073 ], [ -79.96881230000001, 40.453243 ], [ -79.9689477, 40.4531977 ], [ -79.969393715418718, 40.453137052505213 ], [ -79.969480916288489, 40.453278952180767 ], [ -79.969453716385672, 40.453290252287069 ], [ -79.969459316474584, 40.453304352266677 ], [ -79.969247817102527, 40.453372953091517 ], [ -79.969265317256671, 40.453398353026124 ], [ -79.969262041603656, 40.453399619801772 ], [ -79.969548616774944, 40.453360651926261 ], [ -79.969582017079901, 40.453410751801577 ], [ -79.969556617166319, 40.453420651900807 ], [ -79.969589717468878, 40.453470351777256 ], [ -79.969171818885698, 40.453632453409448 ], [ -79.969176918961779, 40.453644553390831 ], [ -79.969133219088377, 40.453658253561201 ], [ -79.969110084284935, 40.453661399309027 ], [ -79.969119919216638, 40.453675953614301 ] ] ], [ [ [ -79.968896546131589, 40.454383456624484 ], [ -79.968912748427428, 40.454406049316859 ], [ -79.968865748507582, 40.454425749403931 ], [ -79.96878899634163, 40.454436185422772 ], [ -79.96879944861189, 40.454450749526671 ], [ -79.968745848703094, 40.454473149625969 ], [ -79.968732696391143, 40.454474937938819 ], [ -79.968736148727615, 40.454479749644086 ], [ -79.968679748823675, 40.454503349748585 ], [ -79.968596716239929, 40.454514639563399 ], [ -79.968605048924957, 40.454526349886642 ], [ -79.968550049017963, 40.454549149988551 ], [ -79.968545817796112, 40.454549725297589 ], [ -79.968549749037891, 40.454555449989364 ], [ -79.96848054915182, 40.454583150117536 ], [ -79.9682691, 40.4546119 ], [ -79.9681984, 40.4545088 ], [ -79.9682675, 40.4544811 ], [ -79.968417113152896, 40.454460757708418 ], [ -79.968417, 40.4544606 ], [ -79.9684734, 40.454437 ], [ -79.968486596331815, 40.454435205731215 ], [ -79.9684557, 40.4543921 ], [ -79.9685092, 40.4543697 ], [ -79.968585997834381, 40.454359257952035 ], [ -79.968579, 40.454349499999985 ], [ -79.968626, 40.454329799999982 ], [ -79.968731246120328, 40.454315489762557 ], [ -79.9687744, 40.4542974 ], [ -79.968934428709574, 40.454275640750296 ], [ -79.9689346, 40.4542755 ], [ -79.969146047836091, 40.454246748881857 ], [ -79.969237347918593, 40.454284248715972 ], [ -79.969184348006749, 40.454305748814171 ], [ -79.969133414888219, 40.45431267437263 ], [ -79.96914767222259, 40.454332573469891 ], [ -79.969088372374074, 40.454357373634679 ], [ -79.968896546131589, 40.454383456624484 ] ] ], [ [ [ -79.966823282177614, 40.436794758315003 ], [ -79.966780182669709, 40.436841658558286 ], [ -79.96688588306904, 40.436897057983927 ], [ -79.966856383402046, 40.436928758150394 ], [ -79.966877883530685, 40.436945058034233 ], [ -79.966731685114254, 40.437095058858297 ], [ -79.966555988281527, 40.43740945986621 ], [ -79.96602035175998, 40.437482298676223 ], [ -79.965989396544444, 40.437537853944555 ], [ -79.965844202003879, 40.437557597785215 ], [ -79.965995496617168, 40.437561753934439 ], [ -79.965993496746435, 40.437602653939877 ], [ -79.965888249433803, 40.437616965685557 ], [ -79.965969496807574, 40.437619153984613 ], [ -79.9659678969103, 40.437651653988965 ], [ -79.965883283779974, 40.437663159835658 ], [ -79.965941996961476, 40.437664754037044 ], [ -79.965940197077785, 40.437701554041951 ], [ -79.965811481945622, 40.437719056886408 ], [ -79.965909297143156, 40.437718554099362 ], [ -79.965909497211257, 40.43774025409995 ], [ -79.965801161554495, 40.437754985689047 ], [ -79.965900597254915, 40.437753054116847 ], [ -79.965901597343432, 40.43778135411624 ], [ -79.9656902, 40.4378101 ], [ -79.9655203, 40.4378134 ], [ -79.9655193, 40.4377851 ], [ -79.965635329076903, 40.437769322547638 ], [ -79.9655424, 40.4377698 ], [ -79.9655422, 40.4377481 ], [ -79.96568237832291, 40.437729038715126 ], [ -79.9655595, 40.4377257 ], [ -79.9655612, 40.4376889 ], [ -79.965646055688296, 40.437677361418523 ], [ -79.9655784, 40.4376755 ], [ -79.9655799, 40.4376431 ], [ -79.965685474680939, 40.437628744034626 ], [ -79.9656002, 40.437626399999985 ], [ -79.9656021, 40.4375855 ], [ -79.965743430245851, 40.437566281950474 ], [ -79.9655715, 40.4375647 ], [ -79.9656438, 40.4374351 ], [ -79.96569461119735, 40.437428190692103 ], [ -79.9658789, 40.4370813 ], [ -79.9661029, 40.4368388 ], [ -79.966737081880041, 40.43675255878378 ], [ -79.966823282177614, 40.436794758315003 ] ], [ [ -79.966243258537759, 40.437031752937934 ], [ -79.966243258537759, 40.437031752937934 ], [ -79.966243258537759, 40.437031752937941 ], [ -79.966243258537759, 40.437031752937934 ] ] ], [ [ [ -79.96636760050454, 40.4388449533079 ], [ -79.966463900454656, 40.438840953131105 ], [ -79.966472100814059, 40.438956353121064 ], [ -79.9662607, 40.4389851 ], [ -79.965681, 40.4390091 ], [ -79.9656744, 40.438917199999985 ], [ -79.965732304035996, 40.438909326381129 ], [ -79.965731, 40.4388913 ], [ -79.965942400724501, 40.438862554088566 ], [ -79.96636760050454, 40.4388449533079 ] ] ], [ [ [ -79.966963401082495, 40.439102352226293 ], [ -79.966977301253678, 40.439158552203246 ], [ -79.966839601370168, 40.439178652456697 ], [ -79.9666282, 40.4392074 ], [ -79.9666143, 40.4391513 ], [ -79.966752, 40.4391311 ], [ -79.966963401082495, 40.439102352226293 ] ] ], [ [ [ -79.966647901915692, 40.439328652814858 ], [ -79.966526002019151, 40.439346553039236 ], [ -79.9663146, 40.4393753 ], [ -79.966311538537482, 40.439363101020703 ], [ -79.966215946653861, 40.439376099702109 ], [ -79.966219102359517, 40.439417053605233 ], [ -79.9660077, 40.4394458 ], [ -79.965981482718973, 40.43944699887134 ], [ -79.965985702702852, 40.439497554036848 ], [ -79.9657743, 40.4395263 ], [ -79.965675902300902, 40.439531120429017 ], [ -79.9656459, 40.4395352 ], [ -79.9656208, 40.4395364 ], [ -79.9656155, 40.4394727 ], [ -79.965775190630978, 40.439450985948774 ], [ -79.9656142, 40.4394575 ], [ -79.9656105, 40.4394048 ], [ -79.965821902384519, 40.439376054332008 ], [ -79.966012202286649, 40.439368353982601 ], [ -79.96601282786277, 40.439377263824397 ], [ -79.966094849913915, 40.439366110536639 ], [ -79.9660953, 40.4393112 ], [ -79.966306701902695, 40.439282453438679 ], [ -79.966364701880849, 40.43928265333232 ], [ -79.966364666559741, 40.439286970062724 ], [ -79.9664169, 40.4392793 ], [ -79.966628301677886, 40.439250552847405 ], [ -79.966647901915692, 40.439328652814858 ] ], [ [ -79.965923343515399, 40.439433639981274 ], [ -79.965859013849681, 40.439442387370839 ], [ -79.965923783344309, 40.439439226741825 ], [ -79.965923343515399, 40.439433639981274 ] ] ], [ [ [ -79.966665402129166, 40.439398752785813 ], [ -79.966647502144568, 40.439401452818771 ], [ -79.966551402226102, 40.439415552995648 ], [ -79.96634, 40.4394443 ], [ -79.9663266, 40.43939120000001 ], [ -79.9664383, 40.4393748 ], [ -79.966649701969658, 40.439346052812326 ], [ -79.96665200196783, 40.439345752808094 ], [ -79.966665402129166, 40.439398752785813 ] ] ], [ [ [ -79.967552401603044, 40.439340651156336 ], [ -79.967602302173447, 40.439528351072994 ], [ -79.967466802292222, 40.439549451322435 ], [ -79.9672554, 40.4395782 ], [ -79.9672055, 40.4393905 ], [ -79.967341, 40.4393694 ], [ -79.967552401603044, 40.439340651156336 ] ] ], [ [ [ -79.9664627, 40.4394574 ], [ -79.966674102219727, 40.439428652771163 ], [ -79.966691602408062, 40.439490752741776 ], [ -79.966530002553597, 40.439517153039333 ], [ -79.9663186, 40.4395459 ], [ -79.96630110000001, 40.4394838 ], [ -79.9664627, 40.4394574 ] ] ], [ [ [ -79.967211103297188, 40.43947427782814 ], [ -79.967224103535671, 40.439526477795773 ], [ -79.967061803742141, 40.439550278243871 ], [ -79.9667447, 40.4395934 ], [ -79.9667317, 40.4395412 ], [ -79.966894, 40.4395174 ], [ -79.967211103297188, 40.43947427782814 ] ] ], [ [ [ -79.967200503651171, 40.439548077862128 ], [ -79.967215503924294, 40.43960787782477 ], [ -79.967079204097729, 40.43962787820108 ], [ -79.9667621, 40.439671 ], [ -79.9667471, 40.4396112 ], [ -79.9668834, 40.4395912 ], [ -79.967200503651171, 40.439548077862128 ] ] ], [ [ [ -79.965947459540175, 40.43970512373906 ], [ -79.9657829, 40.439727499999982 ], [ -79.9656675, 40.4397323 ], [ -79.9656635, 40.439676 ], [ -79.965752260440894, 40.439663930764844 ], [ -79.9656617, 40.4396677 ], [ -79.9656571, 40.4396032 ], [ -79.965868502989835, 40.43957445425518 ], [ -79.966053502893999, 40.439566753915514 ], [ -79.966058103094866, 40.439631253909887 ], [ -79.965969315856782, 40.439643327037622 ], [ -79.965990303156318, 40.43964245403474 ], [ -79.965991495592263, 40.439659236841834 ], [ -79.96615610307451, 40.43963685373037 ], [ -79.966232003035387, 40.439633753591011 ], [ -79.966235203173639, 40.439678153587096 ], [ -79.9660238, 40.439706900000012 ], [ -79.9659478, 40.43971 ], [ -79.965947459540175, 40.43970512373906 ] ] ], [ [ [ -79.9657656, 40.4398036 ], [ -79.9656637, 40.4398078 ], [ -79.9656597, 40.4397523 ], [ -79.965871103457303, 40.439723554256915 ], [ -79.965973003404628, 40.439719354069823 ], [ -79.965973710457732, 40.439729164012597 ], [ -79.966156903285992, 40.439704253731833 ], [ -79.966233403246278, 40.439701053591385 ], [ -79.966236703392042, 40.439747853587377 ], [ -79.9660253, 40.4397766 ], [ -79.9659489, 40.43977970000001 ], [ -79.965948826143503, 40.439778685559787 ], [ -79.9657656, 40.4398036 ] ] ], [ [ [ -79.9667678, 40.439928 ], [ -79.9668791, 40.439911599999988 ], [ -79.9669056643544, 40.439907987635017 ], [ -79.9669009, 40.439889 ], [ -79.9670001, 40.4398744 ], [ -79.967129656622291, 40.439856781975628 ], [ -79.9671272, 40.439847 ], [ -79.9671947, 40.4398371 ], [ -79.967406103129179, 40.439808351445059 ], [ -79.967406174408481, 40.439808635267156 ], [ -79.967484003066645, 40.439798051301722 ], [ -79.967516503462519, 40.439928051247776 ], [ -79.967446403522359, 40.439938451376797 ], [ -79.967439028465307, 40.439939454312807 ], [ -79.967439203530489, 40.439940151390076 ], [ -79.967371703587744, 40.439950051514316 ], [ -79.967160300000018, 40.4399788 ], [ -79.967157249261817, 40.43996665236871 ], [ -79.967113248033016, 40.439972635983963 ], [ -79.967121003851986, 40.440003251976485 ], [ -79.967009203946517, 40.440019552182292 ], [ -79.9667978, 40.4400483 ], [ -79.9667678, 40.439928 ] ] ], [ [ [ -79.96568670000002, 40.4399756 ], [ -79.965898104148479, 40.439946854217133 ], [ -79.965929932265922, 40.439945543107612 ], [ -79.9659292, 40.439937 ], [ -79.966140603933255, 40.439908253770646 ], [ -79.966167596031482, 40.439906867967366 ], [ -79.9661673, 40.4399051 ], [ -79.966378703740787, 40.439876353332515 ], [ -79.966390298310131, 40.4398752165921 ], [ -79.966582703576023, 40.43984905295715 ], [ -79.966594603719685, 40.43989625293738 ], [ -79.966527403776539, 40.439906053061065 ], [ -79.96647809475121, 40.439912758198318 ], [ -79.966481303875753, 40.439931953146747 ], [ -79.9662699, 40.4399607 ], [ -79.9661781, 40.4399696 ], [ -79.966177119871134, 40.439963746457472 ], [ -79.9659789, 40.4399907 ], [ -79.965934971263337, 40.43999295024728 ], [ -79.9658037, 40.44001080000001 ], [ -79.9656895, 40.4400155 ], [ -79.96568670000002, 40.4399756 ] ] ], [ [ [ -79.965933704845384, 40.440173054161718 ], [ -79.9657223, 40.4402018 ], [ -79.9657043, 40.4400387 ], [ -79.965915704339892, 40.440009954187616 ], [ -79.966132604211893, 40.439995953789158 ], [ -79.966137620507425, 40.440041564299811 ], [ -79.966281104236401, 40.4400220535179 ], [ -79.966282533477553, 40.440027740009192 ], [ -79.966389804166326, 40.440013153318112 ], [ -79.96638992823668, 40.440013647482147 ], [ -79.9664135, 40.4400102 ], [ -79.966444096800032, 40.440006039414513 ], [ -79.9664422, 40.4399984 ], [ -79.9665611, 40.4399809 ], [ -79.966772503826448, 40.4399521526135 ], [ -79.966794704093701, 40.440039952576598 ], [ -79.966675404194902, 40.440057452796196 ], [ -79.966645087738513, 40.440061575319412 ], [ -79.966648004254836, 40.440073152847134 ], [ -79.966563804326427, 40.44008555300212 ], [ -79.966413125983323, 40.440106042454751 ], [ -79.966413304451308, 40.440106753279089 ], [ -79.966342304511485, 40.44011715340978 ], [ -79.9661309, 40.4401459 ], [ -79.966129491651174, 40.440140296576701 ], [ -79.96605639093238, 40.440150236648954 ], [ -79.965933704845384, 40.440173054161718 ] ] ], [ [ [ -79.967568904797687, 40.440359451170458 ], [ -79.967623804756926, 40.440353251069482 ], [ -79.967634304921916, 40.440407051052581 ], [ -79.9674229, 40.4404358 ], [ -79.967368, 40.440442 ], [ -79.9673575, 40.4403882 ], [ -79.967568904797687, 40.440359451170458 ] ] ], [ [ [ -79.9657085, 40.4404941 ], [ -79.9656902, 40.4404215 ], [ -79.9658059, 40.4404045 ], [ -79.965923959176351, 40.440388446883567 ], [ -79.9659212, 40.4403775 ], [ -79.9659912, 40.4403672 ], [ -79.966255456549277, 40.44033126703382 ], [ -79.96627695687387, 40.440416566989185 ], [ -79.966206956948213, 40.440426867150251 ], [ -79.9659427, 40.4404628 ], [ -79.965942506767348, 40.440462033361619 ], [ -79.965919905769155, 40.440465354199766 ], [ -79.9657085, 40.4404941 ] ] ], [ [ [ -79.9674518, 40.4407149 ], [ -79.967663205787659, 40.440686151011718 ], [ -79.967696806154223, 40.440806950955348 ], [ -79.967620406222466, 40.440819251096016 ], [ -79.967409, 40.440848 ], [ -79.9673758, 40.4407272 ], [ -79.9674518, 40.4407149 ] ] ], [ [ [ -79.966637307012704, 40.440949552904982 ], [ -79.966519437051545, 40.440965580896126 ], [ -79.96648140721166, 40.440993653192884 ], [ -79.96627, 40.4410224 ], [ -79.9662172, 40.440980699999983 ], [ -79.966289, 40.4409277 ], [ -79.96640744578265, 40.440911593941792 ], [ -79.9664041, 40.4408995 ], [ -79.9664384, 40.440894 ], [ -79.9664978, 40.4408844 ], [ -79.966709206689814, 40.44085565276901 ], [ -79.966710964783033, 40.44086197862817 ], [ -79.966762436821114, 40.440854979361561 ], [ -79.9667528, 40.4408111 ], [ -79.967069909476493, 40.440767978301217 ], [ -79.967105478693554, 40.440763439653729 ], [ -79.9671037, 40.4407568 ], [ -79.9672319, 40.4407366 ], [ -79.967337602992046, 40.440722225756637 ], [ -79.967367303157531, 40.440831225731799 ], [ -79.967238603214199, 40.440851425850255 ], [ -79.9671329, 40.4408658 ], [ -79.967129654514721, 40.44085368502072 ], [ -79.9669457, 40.4408787 ], [ -79.966837329101295, 40.440892527958624 ], [ -79.96683910677524, 40.440898852532634 ], [ -79.966758206847729, 40.440911952681589 ], [ -79.966726068259035, 40.440916322946173 ], [ -79.966731106928933, 40.440934452732265 ], [ -79.966649607001656, 40.440947552882342 ], [ -79.966637307012704, 40.440949552904982 ] ] ], [ [ [ -79.965797620033428, 40.440869175085624 ], [ -79.965798950855074, 40.440888036785189 ], [ -79.96599150698728, 40.440861854085746 ], [ -79.966083906939232, 40.44085795391608 ], [ -79.966085457046134, 40.440879535244903 ], [ -79.966174306934079, 40.44086745375067 ], [ -79.966247906895831, 40.440864353615538 ], [ -79.966253107123194, 40.440937353609193 ], [ -79.96609781336754, 40.440958469943503 ], [ -79.966100307359255, 40.440993653891923 ], [ -79.9658889, 40.4410224 ], [ -79.9657928, 40.4410264 ], [ -79.9657891, 40.4409742 ], [ -79.965966735616661, 40.440950046170265 ], [ -79.965965230829369, 40.440928921275216 ], [ -79.9658764, 40.440941 ], [ -79.965784, 40.4409448 ], [ -79.965781894597868, 40.44091554031823 ], [ -79.965604687831288, 40.440939635557122 ], [ -79.965747159161751, 40.440933768232142 ], [ -79.965750359338145, 40.440979068227279 ], [ -79.965524371681056, 40.441009796177092 ], [ -79.965524581814904, 40.441012683048584 ], [ -79.965584259518707, 40.441004568609515 ], [ -79.965753959409057, 40.440997568220034 ], [ -79.965757559607241, 40.441048468214547 ], [ -79.9654933, 40.4410844 ], [ -79.965469171528142, 40.441085395296994 ], [ -79.965469424088155, 40.441088917995309 ], [ -79.965587459785411, 40.4410728686059 ], [ -79.965757259675698, 40.441065868216171 ], [ -79.965760859873896, 40.441116768210705 ], [ -79.9654966, 40.4411527 ], [ -79.965462381139019, 40.441154110691734 ], [ -79.965465060306585, 40.441190468892948 ], [ -79.9652008, 40.4412264 ], [ -79.965121728856801, 40.441229792304668 ], [ -79.965122291236725, 40.441237357256156 ], [ -79.965284108372003, 40.441215355398754 ], [ -79.965405908308497, 40.441210155175106 ], [ -79.96540730321091, 40.441229313755684 ], [ -79.965548208253381, 40.441210154914074 ], [ -79.965709508169866, 40.441203454617913 ], [ -79.965712408300718, 40.441245454614432 ], [ -79.965544643294265, 40.441268265813996 ], [ -79.965545225174935, 40.441276321109378 ], [ -79.965661712615926, 40.441260482208001 ], [ -79.965811812499496, 40.441254281794599 ], [ -79.96581294807477, 40.441270588828196 ], [ -79.965931608244105, 40.441254454212746 ], [ -79.966008708204185, 40.441251254071169 ], [ -79.966016508548051, 40.441361654061694 ], [ -79.9658051, 40.4413904 ], [ -79.965728, 40.4413936 ], [ -79.965727374663487, 40.441384749094674 ], [ -79.9655071, 40.44141470000001 ], [ -79.965472787574924, 40.441416122177316 ], [ -79.965473402379942, 40.441424292191293 ], [ -79.965618461073248, 40.441404568552898 ], [ -79.96577956096894, 40.441397868183159 ], [ -79.965782261116885, 40.441435868179035 ], [ -79.965558712493234, 40.441466264327786 ], [ -79.965559438054882, 40.441476173809242 ], [ -79.965623461317875, 40.441467468544879 ], [ -79.965777861217987, 40.44146106819052 ], [ -79.965781461414991, 40.441511668185001 ], [ -79.96565208286421, 40.441529259960305 ], [ -79.965780761463662, 40.441523968187298 ], [ -79.965784761681675, 40.441579968181173 ], [ -79.9655205, 40.4416159 ], [ -79.965494868362242, 40.441616969996197 ], [ -79.965496091582921, 40.44163373052919 ], [ -79.965606929165048, 40.441618659983916 ], [ -79.965744929087009, 40.441612959706781 ], [ -79.965747129188529, 40.441642759703782 ], [ -79.965515900000014, 40.4416742 ], [ -79.965469799134596, 40.441676102805815 ], [ -79.965470535318573, 40.441686157576015 ], [ -79.965581609688712, 40.441671054872934 ], [ -79.965731209611292, 40.441664854598237 ], [ -79.965734309747404, 40.441708554594463 ], [ -79.965570700586781, 40.441730800585304 ], [ -79.965571203152038, 40.441737765924842 ], [ -79.965685814778098, 40.441722182171915 ], [ -79.965847214653223, 40.441715581727394 ], [ -79.965851614941016, 40.441777181719317 ], [ -79.9655345, 40.4418203 ], [ -79.96547102167024, 40.441822935125032 ], [ -79.965471666229419, 40.4418319016929 ], [ -79.965651362639846, 40.441807468499455 ], [ -79.965800062543906, 40.441801368158174 ], [ -79.9658031627105, 40.441844168153395 ], [ -79.965585738279813, 40.441873731437944 ], [ -79.965585920952932, 40.441876292942382 ], [ -79.965653762872776, 40.44186706849721 ], [ -79.965809062772479, 40.441860668140762 ], [ -79.965812662969867, 40.44191136813528 ], [ -79.9655484, 40.4419473 ], [ -79.965527886065871, 40.441948158611979 ], [ -79.965528390291155, 40.44195503732174 ], [ -79.965667163137724, 40.441936168470242 ], [ -79.965799244678863, 40.441930703911126 ], [ -79.9657987, 40.4419251 ], [ -79.966010110230712, 40.441896354096748 ], [ -79.966130910162562, 40.441889553874866 ], [ -79.966132941937587, 40.4419104570527 ], [ -79.96629991009145, 40.441887753564792 ], [ -79.966373010050262, 40.441883653430516 ], [ -79.966378210216973, 40.441937353423334 ], [ -79.966175940444302, 40.441964857133492 ], [ -79.966179072753533, 40.441997477926755 ], [ -79.966305010380438, 40.441980353559458 ], [ -79.966375310340638, 40.441976353430363 ], [ -79.966377510412997, 40.441999653427324 ], [ -79.96617689063028, 40.442026932751908 ], [ -79.966181610727077, 40.442075453789982 ], [ -79.9659702, 40.4421042 ], [ -79.9658717, 40.4421097 ], [ -79.9658668, 40.4420584 ], [ -79.966078210623195, 40.44202965397767 ], [ -79.966095448090343, 40.442028672957512 ], [ -79.966093833822754, 40.442011576396119 ], [ -79.9659679, 40.4420287 ], [ -79.9658749, 40.442034 ], [ -79.9658708, 40.4419913 ], [ -79.966082210410804, 40.441962553967393 ], [ -79.966092900606043, 40.441961944725072 ], [ -79.96609165664222, 40.441949098410518 ], [ -79.9659247, 40.4419718 ], [ -79.965825227518522, 40.441977399453599 ], [ -79.965825663247159, 40.4419835681094 ], [ -79.9655614, 40.4420195 ], [ -79.965537728128879, 40.442020479328143 ], [ -79.965537973115985, 40.442024199282777 ], [ -79.965663963417768, 40.442007068481438 ], [ -79.965823363314655, 40.442000468115594 ], [ -79.965826263474312, 40.442041468111192 ], [ -79.965562, 40.4420774 ], [ -79.965555063408999, 40.442077687216035 ], [ -79.965555352761925, 40.442083256842459 ], [ -79.965669263653623, 40.44206776847259 ], [ -79.965822463554318, 40.442061368120989 ], [ -79.965826063754065, 40.442112668115527 ], [ -79.9655618, 40.4421486 ], [ -79.965470963465677, 40.442152335469608 ], [ -79.965471859533892, 40.442164581216332 ], [ -79.965618411162666, 40.442144654826087 ], [ -79.965767811085314, 40.442138454551745 ], [ -79.965771311241397, 40.442188554547549 ], [ -79.9655599, 40.4422173 ], [ -79.965543588824616, 40.442217966440587 ], [ -79.965544022882796, 40.442224068454635 ], [ -79.965673464196385, 40.442206468470545 ], [ -79.965827264096788, 40.442200068117565 ], [ -79.965830264266202, 40.442243568113042 ], [ -79.965608095581374, 40.442273776326914 ], [ -79.965616117417142, 40.442273482399791 ], [ -79.965616319212828, 40.442276752924684 ], [ -79.965724217300604, 40.442262082101593 ], [ -79.96588381718054, 40.442256281662075 ], [ -79.965886135799849, 40.442293548517263 ], [ -79.966077311371137, 40.442267553989673 ], [ -79.966168411319813, 40.44226245382233 ], [ -79.966176411576271, 40.442345053811273 ], [ -79.965965, 40.4423738 ], [ -79.9658739, 40.4423789 ], [ -79.965866491247056, 40.442302404631903 ], [ -79.9655694, 40.4423428 ], [ -79.965565301778014, 40.442342951503463 ], [ -79.965565835623607, 40.442351471972046 ], [ -79.96568206469972, 40.442335668457872 ], [ -79.965826164609524, 40.442330468127189 ], [ -79.965829164796233, 40.442378368122938 ], [ -79.9655649, 40.442414300000017 ], [ -79.965480836081255, 40.442417333556847 ], [ -79.965481553910507, 40.442428399560022 ], [ -79.965682564956353, 40.442401068460292 ], [ -79.965828764864767, 40.442395768124769 ], [ -79.965831565035074, 40.442439468120746 ], [ -79.965570665285767, 40.442474942429165 ], [ -79.965588465289471, 40.442474268680058 ], [ -79.96558867785717, 40.442477702251225 ], [ -79.965675812149769, 40.442465854734827 ], [ -79.965797012088998, 40.442461454512312 ], [ -79.965799912233365, 40.442507754508995 ], [ -79.9655885, 40.4425365 ], [ -79.965587286676396, 40.44253654493879 ], [ -79.965587318676398, 40.442537082496287 ], [ -79.965639218637278, 40.442535182353367 ], [ -79.965639393758892, 40.442537886815053 ], [ -79.965691112348111, 40.442530854709602 ], [ -79.965795512295415, 40.442526954517909 ], [ -79.965799812512458, 40.442596554513059 ], [ -79.9655884, 40.4426253 ], [ -79.965499463685646, 40.442628591823812 ], [ -79.965499712740566, 40.44263215506512 ], [ -79.965539512720113, 40.442630554992029 ], [ -79.965539762608245, 40.442634178207172 ], [ -79.965692912606642, 40.442613354709884 ], [ -79.9657922125553, 40.442609254527568 ], [ -79.965795259097305, 40.442653935099806 ], [ -79.965911019019075, 40.442649681612956 ], [ -79.965914519281483, 40.442705781607025 ], [ -79.9655974, 40.4427489 ], [ -79.9654346, 40.4427549 ], [ -79.965433653918936, 40.442739068911862 ], [ -79.9653334, 40.4427527 ], [ -79.965170300000011, 40.4427587 ], [ -79.965169477308919, 40.442745565316564 ], [ -79.9649802, 40.4427713 ], [ -79.9648415, 40.442776 ], [ -79.9648386, 40.4427267 ], [ -79.964814, 40.4427275 ], [ -79.9648118, 40.4426907 ], [ -79.965023213018753, 40.442661955940487 ], [ -79.965161112950909, 40.442657355687324 ], [ -79.96516311305885, 40.44269195568517 ], [ -79.965179794922221, 40.442691366883238 ], [ -79.9651767, 40.442646799999984 ], [ -79.965388112739475, 40.442618055269186 ], [ -79.96543348033984, 40.442616204298382 ], [ -79.965432803504072, 40.442605315207096 ], [ -79.9653248, 40.44262 ], [ -79.9651725, 40.4426256 ], [ -79.9651694, 40.4425754 ], [ -79.965421007930473, 40.442541190060226 ], [ -79.965420899129072, 40.442539405717987 ], [ -79.9653268, 40.4425522 ], [ -79.9651589, 40.44255840000001 ], [ -79.9651553, 40.4425008 ], [ -79.965419565334315, 40.442464869066818 ], [ -79.965420020858829, 40.442464852424067 ], [ -79.965419403660107, 40.442454862949027 ], [ -79.9652713, 40.442475 ], [ -79.9651699, 40.442478699999988 ], [ -79.9651676, 40.4424417 ], [ -79.965379012098481, 40.44241295527695 ], [ -79.965420295656671, 40.442411447322087 ], [ -79.965419628611571, 40.442400796838115 ], [ -79.9653034, 40.4424166 ], [ -79.9651587, 40.4424219 ], [ -79.965158308108983, 40.442415644819256 ], [ -79.9649527, 40.4424436 ], [ -79.964818727035691, 40.442449458897904 ], [ -79.964788748532371, 40.442481369345259 ], [ -79.964850548705272, 40.442515069109263 ], [ -79.964751449484879, 40.442620469502408 ], [ -79.9643055, 40.4426811 ], [ -79.964269188156607, 40.442661323005581 ], [ -79.964212061637582, 40.44270833389367 ], [ -79.964256761880705, 40.442733033567499 ], [ -79.964288962102827, 40.442754533333151 ], [ -79.964203763451948, 40.442850533980142 ], [ -79.964128505741641, 40.442920979528573 ], [ -79.964167552121452, 40.442946271791754 ], [ -79.963768255069922, 40.443341873373285 ], [ -79.963600291130973, 40.443364707922761 ], [ -79.963652519354881, 40.443423846163213 ], [ -79.963700378939564, 40.443504007279138 ], [ -79.9641912, 40.4431291 ], [ -79.964387500000015, 40.4429904 ], [ -79.96510267365025, 40.442893165345303 ], [ -79.965232154447108, 40.442962378113563 ], [ -79.9652509, 40.4429482 ], [ -79.965291, 40.442917600000023 ], [ -79.9653292, 40.4428891 ], [ -79.9653699, 40.442858 ], [ -79.9654097, 40.4428288 ], [ -79.9654466, 40.442801199999984 ], [ -79.9654872, 40.4427713 ], [ -79.965698613010446, 40.442742554705063 ], [ -79.965784913190404, 40.442810454549722 ], [ -79.965744313300078, 40.442840354625517 ], [ -79.965706913399416, 40.442867354695295 ], [ -79.965668513503218, 40.442895654766964 ], [ -79.965627113617927, 40.442927054844262 ], [ -79.965589613721392, 40.442955354914311 ], [ -79.965548913833615, 40.442986054990293 ], [ -79.965510013940118, 40.443015155062938 ], [ -79.965471014049186, 40.443045055135762 ], [ -79.965403896494337, 40.443054180803877 ], [ -79.965591875789201, 40.443154662348263 ], [ -79.965353377968412, 40.443330263854179 ], [ -79.964702884103076, 40.443827167964209 ], [ -79.964607864301541, 40.443840086544434 ], [ -79.964508603744434, 40.443915913981357 ], [ -79.9645101, 40.4439156 ], [ -79.9647159, 40.4438291 ], [ -79.9649474, 40.4437491 ], [ -79.965378577172842, 40.443690476504365 ], [ -79.965386900000013, 40.4436871 ], [ -79.965507, 40.4436447 ], [ -79.9654984, 40.44363 ], [ -79.9654855, 40.4435925 ], [ -79.9654598, 40.4435713 ], [ -79.9654448, 40.4435322 ], [ -79.9654083, 40.4435028 ], [ -79.9653998, 40.4434783 ], [ -79.9653783, 40.44345220000001 ], [ -79.9655198, 40.4433804 ], [ -79.9657685, 40.44329560000002 ], [ -79.966137430920924, 40.443245436627642 ], [ -79.966121010273042, 40.443220438028348 ], [ -79.9661132, 40.4432215 ], [ -79.9660692, 40.4431543 ], [ -79.9660864, 40.4431477 ], [ -79.96607, 40.4431226 ], [ -79.9661678, 40.4430853 ], [ -79.966379213733546, 40.443056553470313 ], [ -79.966385265147622, 40.443065803669739 ], [ -79.9664036, 40.4430616 ], [ -79.966509931084133, 40.44304714168068 ], [ -79.9666153, 40.443023 ], [ -79.966826713364441, 40.442994252646713 ], [ -79.966861013625788, 40.443081652587587 ], [ -79.966812413679818, 40.443092852677232 ], [ -79.966815313701957, 40.443100252672252 ], [ -79.966818713727676, 40.443108852666391 ], [ -79.966726013830197, 40.44313005283734 ], [ -79.966626302568201, 40.443143611206395 ], [ -79.966629813937857, 40.443152453014783 ], [ -79.966525914053193, 40.443176353206432 ], [ -79.966435577485925, 40.443188636672367 ], [ -79.966369501308293, 40.443213881477256 ], [ -79.96662076384878, 40.443179716164785 ], [ -79.966657163791922, 40.443179715895589 ], [ -79.967089652487999, 40.443842100439014 ], [ -79.9672008, 40.4438046 ], [ -79.967646754566644, 40.443743958402777 ], [ -79.967763655224132, 40.443857557960875 ], [ -79.96697165907986, 40.444341561069955 ], [ -79.9665257, 40.444402199999985 ], [ -79.9664427, 40.4443264 ], [ -79.9663879, 40.4442763 ], [ -79.966599102699618, 40.444143293751587 ], [ -79.966288401772886, 40.444185540360124 ], [ -79.966259011950967, 40.444196243337323 ], [ -79.966326435527648, 40.444305107632246 ], [ -79.966239203038185, 40.444337194008888 ], [ -79.966302880362221, 40.444444018737876 ], [ -79.966304939409568, 40.444447475891778 ], [ -79.966514586111316, 40.44441897001164 ], [ -79.966752786068568, 40.444437969439193 ], [ -79.966748186183921, 40.444465369451848 ], [ -79.966771786182235, 40.444467869395176 ], [ -79.966989986904906, 40.444669968881378 ], [ -79.966897787120914, 40.444710969105721 ], [ -79.9666203, 40.4447487 ], [ -79.966445041320981, 40.44459000993696 ], [ -79.96642308808778, 40.444592994937942 ], [ -79.966288487262403, 40.444670170570362 ], [ -79.966011, 40.4447079 ], [ -79.965952227083619, 40.444645850891156 ], [ -79.965865683993044, 40.444676722011899 ], [ -79.965357888095525, 40.444745763617043 ], [ -79.96557939543159, 40.445000762698399 ], [ -79.965192998020612, 40.445196665125167 ], [ -79.965082703186084, 40.445211660586985 ], [ -79.965039298615366, 40.44523366608442 ], [ -79.9643241, 40.4453309 ], [ -79.9637804, 40.444705 ], [ -79.9639543, 40.4446169 ], [ -79.9638832, 40.444535 ], [ -79.9642248, 40.4443618 ], [ -79.964699166337482, 40.444297308053159 ], [ -79.9646923, 40.4442712 ], [ -79.9646794, 40.44425660000001 ], [ -79.9646473, 40.4441995 ], [ -79.9646194, 40.4441652 ], [ -79.964613, 40.444144 ], [ -79.9645787, 40.4441097 ], [ -79.964568, 40.4440771 ], [ -79.9645379, 40.4440477 ], [ -79.9645272, 40.44402 ], [ -79.9645079, 40.4439922 ], [ -79.9644972, 40.4439564 ], [ -79.964481595945898, 40.443936545818858 ], [ -79.964464285719004, 40.443949769462947 ], [ -79.96388140666545, 40.444029013072559 ], [ -79.963890925431926, 40.444034244796541 ], [ -79.963948725690031, 40.444066044448292 ], [ -79.963860126764388, 40.444157845002572 ], [ -79.963471531475093, 40.444560347433644 ], [ -79.963385432519033, 40.444649547972261 ], [ -79.963373432664184, 40.444661948047312 ], [ -79.963196059797653, 40.444686060577851 ], [ -79.963213795284744, 40.444695477333234 ], [ -79.963337695945341, 40.444772876575819 ], [ -79.963229697382772, 40.444894777264047 ], [ -79.963148822340898, 40.444905771518677 ], [ -79.963056298791074, 40.44500587835654 ], [ -79.962674878150622, 40.445057727943144 ], [ -79.962738348933215, 40.445090093944415 ], [ -79.962751509339498, 40.445088304960009 ], [ -79.963148908582795, 40.445089101315084 ], [ -79.963151008712302, 40.445097601297682 ], [ -79.963260708499931, 40.445097600291469 ], [ -79.963256709576271, 40.44516560034301 ], [ -79.963288209576575, 40.445169500054945 ], [ -79.963289210511206, 40.445229100058796 ], [ -79.9622321, 40.4453728 ], [ -79.962207087557317, 40.445372239846591 ], [ -79.9621294, 40.4453828 ], [ -79.961838930147067, 40.4453817283013 ], [ -79.9617229, 40.4453975 ], [ -79.9615877, 40.4453975 ], [ -79.9615877, 40.4453782 ], [ -79.961577250551215, 40.445373874614411 ], [ -79.9615572, 40.4453766 ], [ -79.9615075, 40.4453479 ], [ -79.961481, 40.4453326 ], [ -79.9615064, 40.4452993 ], [ -79.961234, 40.44514 ], [ -79.9612411, 40.4451276 ], [ -79.9611608, 40.4450835 ], [ -79.9612127, 40.4450371 ], [ -79.961234231811801, 40.445034173322789 ], [ -79.9612513, 40.4450162 ], [ -79.96130210151729, 40.445009294857982 ], [ -79.9613092, 40.4450023 ], [ -79.96160223477321, 40.444962469073147 ], [ -79.961470546056944, 40.44489212170339 ], [ -79.961432100159726, 40.444897347490958 ], [ -79.961432197812556, 40.444897584879797 ], [ -79.96132859837202, 40.4449243857403 ], [ -79.961177312921734, 40.444944949047922 ], [ -79.960980699994835, 40.444996288626449 ], [ -79.9600293, 40.4451256 ], [ -79.960026814332323, 40.44511965967628 ], [ -79.9599809, 40.4451259 ], [ -79.959971135302055, 40.445108707455823 ], [ -79.9599138, 40.4451165 ], [ -79.9598971, 40.4450803 ], [ -79.9598788, 40.4450406 ], [ -79.9599724, 40.4450106 ], [ -79.9599607, 40.4449792 ], [ -79.9604007, 40.4448654 ], [ -79.960523733563548, 40.444848677645929 ], [ -79.9605269, 40.4448232 ], [ -79.960960315899328, 40.444764290257282 ], [ -79.9604674, 40.444730300000018 ], [ -79.9604715, 40.4446169 ], [ -79.9604816, 40.4445174 ], [ -79.960507752688301, 40.4444235863212 ], [ -79.960456693332503, 40.444460692846533 ], [ -79.960314494619638, 40.444534194034908 ], [ -79.960239395183166, 40.444564794660913 ], [ -79.959288, 40.4446941 ], [ -79.959245477985945, 40.44466064276827 ], [ -79.958938869234387, 40.444883792203292 ], [ -79.958861615250527, 40.444894291251224 ], [ -79.958841969477888, 40.444908592580568 ], [ -79.958792643572693, 40.444915296079863 ], [ -79.958841056894272, 40.444958369184 ], [ -79.958649558031794, 40.445079570075571 ], [ -79.958460699259462, 40.445105235881393 ], [ -79.958403482599053, 40.445145040376865 ], [ -79.958438282866538, 40.445173640157797 ], [ -79.958301484128711, 40.44527154105122 ], [ -79.95792321092901, 40.445322946508476 ], [ -79.957938748720252, 40.445370838499493 ], [ -79.957889148938392, 40.445399438683985 ], [ -79.957765874438593, 40.445416190735124 ], [ -79.957556550234798, 40.445564739918829 ], [ -79.957538191043028, 40.445567234738625 ], [ -79.957537750268827, 40.445567839988094 ], [ -79.9571149, 40.4456253 ], [ -79.957104285275264, 40.44561763625854 ], [ -79.9570707, 40.4456222 ], [ -79.9570502, 40.445605499999978 ], [ -79.9569755, 40.4455446 ], [ -79.9570036, 40.4455273 ], [ -79.9569795, 40.445513 ], [ -79.9572799, 40.4452925 ], [ -79.957319294594527, 40.445287146754531 ], [ -79.9573161, 40.4452844 ], [ -79.9573326, 40.4452719 ], [ -79.9573496, 40.4452589 ], [ -79.957397194592744, 40.445252432439709 ], [ -79.9573818, 40.4452395 ], [ -79.9574033, 40.445233299999977 ], [ -79.957358525783775, 40.445203079723292 ], [ -79.957243909375919, 40.445285814468448 ], [ -79.957186009896105, 40.445327614833985 ], [ -79.9564708, 40.4454248 ], [ -79.9563294, 40.4453071 ], [ -79.9562006, 40.4452 ], [ -79.956114376996155, 40.445128322187394 ], [ -79.9559725, 40.4451476 ], [ -79.95589908809859, 40.445091155033261 ], [ -79.95552330179072, 40.445364896279365 ], [ -79.954712416416172, 40.445475069697153 ], [ -79.954379666890432, 40.44570945018274 ], [ -79.954738853017062, 40.445660650265687 ], [ -79.954745213191018, 40.445665785211027 ], [ -79.954912552772086, 40.445643049626817 ], [ -79.955233054149843, 40.445901648473644 ], [ -79.95512995469791, 40.445976148858485 ], [ -79.955227255116128, 40.446054648508365 ], [ -79.955255300370936, 40.446077289821986 ], [ -79.955424154961975, 40.446054347785896 ], [ -79.955680456063106, 40.446261046863704 ], [ -79.95518775868527, 40.446617548702875 ], [ -79.954850964081203, 40.446663307118385 ], [ -79.954973759781794, 40.446765649501145 ], [ -79.954450062547409, 40.447141151455781 ], [ -79.954399132110126, 40.447148070764321 ], [ -79.954552886776355, 40.447275684332524 ], [ -79.9545911, 40.4472478 ], [ -79.954710132917668, 40.447231628208158 ], [ -79.954677, 40.4472051 ], [ -79.9548119, 40.4471067 ], [ -79.955089402846966, 40.447068997673604 ], [ -79.955210803185949, 40.447166097386898 ], [ -79.955075903660784, 40.447264597717414 ], [ -79.954956984922305, 40.447280754376457 ], [ -79.954977803845892, 40.447297397955523 ], [ -79.954913504072024, 40.447344298113066 ], [ -79.954932904126522, 40.447359898067262 ], [ -79.954865404363773, 40.44740909823264 ], [ -79.954728585452273, 40.447427686550832 ], [ -79.954744265029817, 40.447440239019357 ], [ -79.954842631934014, 40.447426874825659 ], [ -79.954892232032392, 40.447464274736326 ], [ -79.954868358774263, 40.447482805354632 ], [ -79.954926732052371, 40.447474874673489 ], [ -79.954972232149828, 40.447511474591629 ], [ -79.954908432320352, 40.447557874710718 ], [ -79.954712998464728, 40.447584426455876 ], [ -79.954664309015186, 40.447620435183417 ], [ -79.954611482649398, 40.447627612113209 ], [ -79.954641458302447, 40.447651585563356 ], [ -79.954802732586927, 40.447629674907809 ], [ -79.954861132725924, 40.447681074802915 ], [ -79.954796632884438, 40.447723574923131 ], [ -79.954721980776668, 40.447733717136821 ], [ -79.954826106066591, 40.447816998350838 ], [ -79.95473652835328, 40.447882374842813 ], [ -79.954829955214421, 40.447869681907306 ], [ -79.954925555437001, 40.447946181719146 ], [ -79.954887026946636, 40.447974316028557 ], [ -79.954924133607477, 40.447969274700043 ], [ -79.954937691963735, 40.44798014352542 ], [ -79.955017274495276, 40.447969331354436 ], [ -79.9549641, 40.4479229 ], [ -79.955032, 40.4478774 ], [ -79.955243433104911, 40.447848674108918 ], [ -79.95529863323506, 40.447896874009771 ], [ -79.955230733404349, 40.44794237413636 ], [ -79.955030915135723, 40.44796952194973 ], [ -79.955088533689761, 40.448015674400473 ], [ -79.954975733992072, 40.448097974611031 ], [ -79.9547643, 40.4481267 ], [ -79.954757854143693, 40.448121534008756 ], [ -79.9547029, 40.448129 ], [ -79.9546219, 40.4480642 ], [ -79.954639888846387, 40.448051084800028 ], [ -79.9545831, 40.4480588 ], [ -79.954487400000019, 40.4479822 ], [ -79.954574230133545, 40.447918930270411 ], [ -79.9544346, 40.4479379 ], [ -79.9543222, 40.447848 ], [ -79.9544362, 40.4477648 ], [ -79.95457757913276, 40.447745592598949 ], [ -79.954576981598549, 40.447745066687382 ], [ -79.9543964, 40.4477696 ], [ -79.954322830016821, 40.447710692578262 ], [ -79.9541417, 40.447735299999984 ], [ -79.9541049, 40.447706 ], [ -79.9541104, 40.447702 ], [ -79.9540493, 40.447653099999982 ], [ -79.954157174943461, 40.447574279067332 ], [ -79.953928405050448, 40.447605358286303 ], [ -79.95395519559149, 40.447627279345504 ], [ -79.953937695745836, 40.447641579443221 ], [ -79.953934395845323, 40.447651779462625 ], [ -79.953926995882938, 40.447654879503553 ], [ -79.953908895948857, 40.447659679603284 ], [ -79.953745897226085, 40.447775780511023 ], [ -79.953609461531229, 40.447794315290594 ], [ -79.953610404011798, 40.447796368453545 ], [ -79.953330106067057, 40.447870871558791 ], [ -79.952251677587128, 40.448017367074016 ], [ -79.952119724025707, 40.448064149631342 ], [ -79.952161031875335, 40.448129032878889 ], [ -79.9523273, 40.4480732 ], [ -79.953278755092853, 40.447943952794084 ], [ -79.953361056958357, 40.448085952142769 ], [ -79.952698161260372, 40.448308557659921 ], [ -79.9517467, 40.4484378 ], [ -79.951693949765939, 40.448346785089747 ], [ -79.950803, 40.4484678 ], [ -79.9505565, 40.4480807 ], [ -79.9507129, 40.448023 ], [ -79.95096495116988, 40.447988765376614 ], [ -79.951059, 40.4479541 ], [ -79.951366696883241, 40.447912306270915 ], [ -79.9513293, 40.4478504 ], [ -79.951551717269922, 40.447772611642357 ], [ -79.9512956, 40.4478074 ], [ -79.9512045, 40.447661 ], [ -79.951264665964587, 40.447639305297841 ], [ -79.9511955, 40.4476487 ], [ -79.9511155, 40.4475006 ], [ -79.951254440482032, 40.447457137290705 ], [ -79.9511914, 40.4474657 ], [ -79.951146017096477, 40.447380566269679 ], [ -79.9510265, 40.4473968 ], [ -79.950966691861211, 40.44729285163185 ], [ -79.95082240613651, 40.447341607964162 ], [ -79.950710754735908, 40.447356773006483 ], [ -79.950713997041248, 40.447383297059908 ], [ -79.950724197976029, 40.447484197017367 ], [ -79.950694343051012, 40.447488252035726 ], [ -79.950703298649302, 40.447553397140929 ], [ -79.950573060512667, 40.447571086514067 ], [ -79.950669026464567, 40.447730877622234 ], [ -79.950680034493942, 40.447729382475941 ], [ -79.950732096801318, 40.447815826413411 ], [ -79.950829, 40.447782 ], [ -79.9510404344298, 40.447753281815764 ], [ -79.951107334753516, 40.447864481697941 ], [ -79.95068913537375, 40.448010382471658 ], [ -79.950563557716961, 40.448027438701992 ], [ -79.950584153426178, 40.448061324145726 ], [ -79.950279154109381, 40.448168724992229 ], [ -79.949962, 40.4482118 ], [ -79.949909, 40.4481246 ], [ -79.950115936219746, 40.448051731437602 ], [ -79.9498916, 40.448082200000016 ], [ -79.949857430734383, 40.44802713441382 ], [ -79.949300747766472, 40.448102739044103 ], [ -79.949304164344497, 40.44810938564158 ], [ -79.94898416624892, 40.448204688302532 ], [ -79.9480327, 40.4483339 ], [ -79.947988032361806, 40.448221494501034 ], [ -79.947970968478316, 40.448237796674334 ], [ -79.947795896448667, 40.448261570961876 ], [ -79.947892269784987, 40.448320497340582 ], [ -79.947793471290709, 40.448414798175094 ], [ -79.947641389443689, 40.448435450175928 ], [ -79.947715072356388, 40.448480498835487 ], [ -79.947612081819074, 40.448578738331534 ], [ -79.948556470469526, 40.448450491882681 ], [ -79.948573870476068, 40.448453091739545 ], [ -79.948579665701004, 40.448463763830134 ], [ -79.9487945, 40.448397900000018 ], [ -79.948856007942339, 40.448389546897729 ], [ -79.9488503, 40.44838020000001 ], [ -79.9488875, 40.448367 ], [ -79.9488485, 40.4483032 ], [ -79.9489656, 40.4482618 ], [ -79.9489624, 40.4482565 ], [ -79.9490466, 40.4482268 ], [ -79.949075689476018, 40.448222849423864 ], [ -79.9491658, 40.448191 ], [ -79.949443310184819, 40.448153311332149 ], [ -79.94954251080496, 40.448315811102717 ], [ -79.949426511032968, 40.448356811384421 ], [ -79.949429011048622, 40.448360911378636 ], [ -79.949344811213848, 40.448390611583115 ], [ -79.949322001565164, 40.448393709356985 ], [ -79.949225211428811, 40.448428011873304 ], [ -79.9489477, 40.4484657 ], [ -79.948946922993429, 40.448464433767214 ], [ -79.948943033351881, 40.448464962004543 ], [ -79.948960218765251, 40.448497642783977 ], [ -79.948686159479237, 40.448581693004179 ], [ -79.948836875463854, 40.448837989644794 ], [ -79.948824575544634, 40.448842189747189 ], [ -79.94883277571715, 40.448855389682144 ], [ -79.94847257739012, 40.448929392670806 ], [ -79.948243547396075, 40.44896049491301 ], [ -79.948246978309925, 40.448966694540871 ], [ -79.94819299774737, 40.448980536240377 ], [ -79.948465598237973, 40.448943517210992 ], [ -79.948489825006575, 40.449001211839516 ], [ -79.9489721, 40.4488576 ], [ -79.949510477984063, 40.448784483949787 ], [ -79.9494665, 40.448713 ], [ -79.9494803, 40.4487081 ], [ -79.949462363810426, 40.448678987492784 ], [ -79.9494446, 40.4486814 ], [ -79.9494209, 40.4486428 ], [ -79.9494367, 40.4486372 ], [ -79.9493779, 40.4485417 ], [ -79.9496446, 40.4484466 ], [ -79.949856036976669, 40.448417884018156 ], [ -79.949884315971019, 40.44846385992583 ], [ -79.949908437090642, 40.448460583923918 ], [ -79.949925516121496, 40.448488300590633 ], [ -79.949949937151317, 40.448484983848822 ], [ -79.949962437149011, 40.448485783825944 ], [ -79.949972537152647, 40.44848818380752 ], [ -79.949981937165049, 40.448493283790505 ], [ -79.949990037181408, 40.44849948377589 ], [ -79.949996437200625, 40.448506383764496 ], [ -79.950000437221391, 40.448513483757459 ], [ -79.950003137244579, 40.448521183752838 ], [ -79.95000243727219, 40.44852988375451 ], [ -79.949999737308417, 40.448541083759949 ], [ -79.949995737335442, 40.448549183767661 ], [ -79.949987737364296, 40.448557383782699 ], [ -79.949976537397234, 40.44856648380366 ], [ -79.949989637459126, 40.448587783780546 ], [ -79.94995633750942, 40.448599683842183 ], [ -79.9501477383034, 40.448910720730169 ], [ -79.950162738401048, 40.44890868347715 ], [ -79.950266638892174, 40.449077683293986 ], [ -79.950253338912091, 40.449082383318611 ], [ -79.950400239606054, 40.449321183059645 ], [ -79.950191039921094, 40.44939568344676 ], [ -79.95011718204843, 40.449405714444858 ], [ -79.950136987623452, 40.449437898314606 ], [ -79.9503404, 40.4493671 ], [ -79.95055183960153, 40.449338382782251 ], [ -79.950655040101438, 40.449510082600497 ], [ -79.950655040101424, 40.449510082600504 ], [ -79.950695785032465, 40.449504548652676 ], [ -79.9506765, 40.4494731 ], [ -79.950829, 40.4494184 ], [ -79.951001931820883, 40.449394912112659 ], [ -79.9509122, 40.449319699999982 ], [ -79.9510332, 40.4492305 ], [ -79.951138919473692, 40.449216140801212 ], [ -79.951286119626943, 40.449331740668725 ], [ -79.951165019790551, 40.449420940781785 ], [ -79.951067780930785, 40.449434148095207 ], [ -79.951077639749812, 40.449450181822485 ], [ -79.950925039980731, 40.449504882104897 ], [ -79.950845782386239, 40.449515646963555 ], [ -79.950950036041576, 40.449674649032168 ], [ -79.950769836479481, 40.449729349635795 ], [ -79.950779436582735, 40.449748649605411 ], [ -79.950682836805953, 40.449775949928849 ], [ -79.950565756139923, 40.449791851616808 ], [ -79.950495537158801, 40.44981485055483 ], [ -79.95014992494977, 40.449861790018566 ], [ -79.950177004213302, 40.449914109468359 ], [ -79.949869105236175, 40.450006410890879 ], [ -79.949525566731197, 40.450053066649481 ], [ -79.949564085096071, 40.450126869648031 ], [ -79.949396085544663, 40.450177570269013 ], [ -79.949228085993269, 40.450228270889973 ], [ -79.948814343620441, 40.450284458288017 ], [ -79.94869966516093, 40.450318229481816 ], [ -79.948501699873191, 40.450345112958026 ], [ -79.948282043840507, 40.45040778699412 ], [ -79.948258187044374, 40.450411026647224 ], [ -79.948258743863349, 40.45041218703706 ], [ -79.948191943948274, 40.450430987160459 ], [ -79.948198443988503, 40.450444587149121 ], [ -79.948134844069031, 40.450462387266612 ], [ -79.948041198801761, 40.450475103737546 ], [ -79.948003744192633, 40.450485587508176 ], [ -79.948016144268948, 40.450511387486578 ], [ -79.947942144362614, 40.450532087623259 ], [ -79.947750133894274, 40.450558161056847 ], [ -79.947635944663858, 40.450590288187662 ], [ -79.947624413619238, 40.450591853984747 ], [ -79.947628544698162, 40.450600288201684 ], [ -79.947521044836208, 40.450630988400285 ], [ -79.94746212614281, 40.450638988873308 ], [ -79.947468844923023, 40.450652188496989 ], [ -79.947365945058976, 40.450682788687153 ], [ -79.947349769585301, 40.450684985107195 ], [ -79.947235045224915, 40.450719488928961 ], [ -79.947049686288153, 40.450744657897999 ], [ -79.947060022165445, 40.450764017223158 ], [ -79.946915122425409, 40.450809217574744 ], [ -79.946863967581649, 40.450816163512187 ], [ -79.946866407134593, 40.450820912073119 ], [ -79.946734107354075, 40.45086051237876 ], [ -79.946532662052604, 40.450887864656366 ], [ -79.946471346107501, 40.45090639033851 ], [ -79.946481246164041, 40.450925590321191 ], [ -79.946424946239546, 40.450942690425222 ], [ -79.9462135, 40.450971399999986 ], [ -79.946199959858461, 40.450945361266875 ], [ -79.9461901, 40.4509467 ], [ -79.946151, 40.4508712 ], [ -79.9462017, 40.4508559 ], [ -79.9461875, 40.4508285 ], [ -79.9462867, 40.4507985 ], [ -79.946410803007794, 40.450781649564313 ], [ -79.9464025, 40.45076550000001 ], [ -79.9465348, 40.4507258 ], [ -79.946634057327884, 40.450712322832054 ], [ -79.946623764072655, 40.450692997745335 ], [ -79.9464492, 40.4507167 ], [ -79.9464292, 40.4506779 ], [ -79.946444068564674, 40.450673434271543 ], [ -79.9462764, 40.45069620000001 ], [ -79.9462429, 40.450631 ], [ -79.9463519, 40.4505983 ], [ -79.946563345013061, 40.450569590154764 ], [ -79.946596845205107, 40.450634790096181 ], [ -79.946530666779239, 40.450654643788809 ], [ -79.946698245156838, 40.450631889909999 ], [ -79.9467182452711, 40.450670689875025 ], [ -79.946706667325444, 40.450674167307909 ], [ -79.946930921734463, 40.450643717527058 ], [ -79.946935750770251, 40.45065272833363 ], [ -79.94699622170468, 40.450644517369852 ], [ -79.9470027099117, 40.450656669963941 ], [ -79.9470997, 40.4506275 ], [ -79.947110964674536, 40.450625970426891 ], [ -79.9471093, 40.450622699999983 ], [ -79.9472122, 40.4505921 ], [ -79.94727244324487, 40.450583919796017 ], [ -79.947264, 40.45056670000001 ], [ -79.947297196412876, 40.450557188855477 ], [ -79.947104900000014, 40.4505833 ], [ -79.9470791, 40.4505331 ], [ -79.9471383, 40.4505153 ], [ -79.947268061693862, 40.45049768016866 ], [ -79.94725840000001, 40.4504789 ], [ -79.9473113, 40.450463 ], [ -79.947522744217139, 40.450434288388458 ], [ -79.947547644359688, 40.450482688344898 ], [ -79.947494744430116, 40.45049858844267 ], [ -79.947364968478922, 40.450516210472244 ], [ -79.947374853814509, 40.450535444593818 ], [ -79.947383668306841, 40.450534247695188 ], [ -79.947382200000021, 40.450531199999986 ], [ -79.9476047, 40.4504686 ], [ -79.947681421067486, 40.450458182038631 ], [ -79.9476688, 40.4504319 ], [ -79.9477428, 40.4504111 ], [ -79.9477343, 40.4503936 ], [ -79.9478598, 40.4503584 ], [ -79.947865241098583, 40.450357661140735 ], [ -79.9479237, 40.4503413 ], [ -79.9479163, 40.4503255 ], [ -79.947983, 40.4503069 ], [ -79.948007970963445, 40.450303509103051 ], [ -79.9482635, 40.4502306 ], [ -79.948312466112014, 40.450223950579165 ], [ -79.9483037, 40.4502069 ], [ -79.948275444142254, 40.450150096988502 ], [ -79.948275186238476, 40.450150174379779 ], [ -79.948010672361065, 40.450186094099614 ], [ -79.948024143325512, 40.450212287458648 ], [ -79.947817243600682, 40.45027438784102 ], [ -79.947709773317513, 40.450288981400476 ], [ -79.947678143849956, 40.450336588098992 ], [ -79.947510473921582, 40.450359355985348 ], [ -79.947507305213861, 40.450365073943729 ], [ -79.94758894393911, 40.450353988263416 ], [ -79.947610244061039, 40.45039538822617 ], [ -79.947554444135108, 40.450412088329294 ], [ -79.947343, 40.4504408 ], [ -79.947339502293872, 40.450434018066424 ], [ -79.9472682, 40.4504437 ], [ -79.9471576, 40.450408 ], [ -79.9472021, 40.4503276 ], [ -79.947353365367078, 40.450307060104819 ], [ -79.9473295, 40.4502975 ], [ -79.9473573, 40.450256699999976 ], [ -79.947568743550761, 40.450227988294891 ], [ -79.947615366015114, 40.450243665188594 ], [ -79.9477875, 40.450192 ], [ -79.947840563631857, 40.450184794370678 ], [ -79.947817734494151, 40.450140433679692 ], [ -79.947765243249137, 40.450156187931192 ], [ -79.947645675769479, 40.45017242415738 ], [ -79.94760074339851, 40.450183488234224 ], [ -79.9473893, 40.45021220000001 ], [ -79.9473495, 40.4501179 ], [ -79.9474424, 40.450095 ], [ -79.947653843009547, 40.450066288131588 ], [ -79.947660969672583, 40.450083131236688 ], [ -79.9476774, 40.4500782 ], [ -79.94788884286595, 40.450049487699687 ], [ -79.947898132994723, 40.450067558390771 ], [ -79.9483183, 40.4499415 ], [ -79.948734781450995, 40.449884942147705 ], [ -79.9487036, 40.4498266 ], [ -79.9489464, 40.4497508 ], [ -79.949157841346434, 40.449722085356854 ], [ -79.949172983626681, 40.449750424081209 ], [ -79.949197625526267, 40.449747077576774 ], [ -79.949162540983039, 40.44967938918262 ], [ -79.948661, 40.4497475 ], [ -79.9485376, 40.4494822 ], [ -79.9490794, 40.4493352 ], [ -79.949426736633683, 40.449288029241281 ], [ -79.9494038, 40.4492508 ], [ -79.949444500000013, 40.4492363 ], [ -79.9493583, 40.4490961 ], [ -79.9494908, 40.449048900000022 ], [ -79.949702238929504, 40.449020184326997 ], [ -79.949705266798631, 40.449025101743118 ], [ -79.9497249, 40.4490181 ], [ -79.94969305685666, 40.448966327519187 ], [ -79.949286758214953, 40.449085642703935 ], [ -79.948566360502411, 40.449183475966812 ], [ -79.948620000978721, 40.449311216543471 ], [ -79.947881003085868, 40.449488519952837 ], [ -79.9473524, 40.4495603 ], [ -79.9472321, 40.4491919 ], [ -79.947824588709494, 40.449043462976526 ], [ -79.947806426982666, 40.449045929244583 ], [ -79.947757480449496, 40.449057798600514 ], [ -79.94690448296133, 40.449173627399823 ], [ -79.947021201058178, 40.449293711633459 ], [ -79.946956301238032, 40.449331511784401 ], [ -79.946949883247839, 40.449335325933909 ], [ -79.947091541353942, 40.449470589136922 ], [ -79.94707991087536, 40.449477696702331 ], [ -79.947097641366355, 40.449475289125921 ], [ -79.947241641743005, 40.44961278886781 ], [ -79.947213334798676, 40.449630098989786 ], [ -79.947260541769978, 40.449623688833597 ], [ -79.947469042315404, 40.449822788459869 ], [ -79.947338842615636, 40.449902288702283 ], [ -79.947220592822887, 40.449918345615622 ], [ -79.947191692764505, 40.449936019758042 ], [ -79.947214714622874, 40.44993289368086 ], [ -79.9472191, 40.449925 ], [ -79.947430542561321, 40.449896288533772 ], [ -79.947515142614805, 40.449923688379783 ], [ -79.947447943022112, 40.450044988508438 ], [ -79.947316697044954, 40.45006281022701 ], [ -79.947330243137372, 40.450067188725377 ], [ -79.947276543463389, 40.450164288828198 ], [ -79.947156728843325, 40.450180558089009 ], [ -79.947267043630205, 40.450216188847932 ], [ -79.947230443851836, 40.450282188917996 ], [ -79.947169691990126, 40.450290438203076 ], [ -79.947202343921802, 40.450300988970405 ], [ -79.947159244183382, 40.450378889052949 ], [ -79.947093856205115, 40.4503877678032 ], [ -79.947149944271857, 40.450405889071213 ], [ -79.947131044386353, 40.450439989107394 ], [ -79.947077489428082, 40.450447261085301 ], [ -79.947066844494458, 40.450466489226372 ], [ -79.946996174925673, 40.45047608506713 ], [ -79.946998044553112, 40.450476689353039 ], [ -79.9469774446777, 40.450513789392495 ], [ -79.947054844726409, 40.450538789251574 ], [ -79.947009744999733, 40.450620189337933 ], [ -79.9467983, 40.4506489 ], [ -79.946631, 40.4505948 ], [ -79.9466523, 40.4505563 ], [ -79.94673177878424, 40.450545508258152 ], [ -79.9467352, 40.450539300000017 ], [ -79.9467069, 40.4505301 ], [ -79.9467306, 40.4504873 ], [ -79.946801314363654, 40.450477698246146 ], [ -79.9467185, 40.4504509 ], [ -79.9467395, 40.450413099999984 ], [ -79.946797500454025, 40.450405224558317 ], [ -79.9468051, 40.4503915 ], [ -79.946870495185379, 40.450382620440188 ], [ -79.946841840466504, 40.450373361202722 ], [ -79.9466567, 40.4503985 ], [ -79.9465846, 40.4503752 ], [ -79.9466093, 40.4503305 ], [ -79.946648831219264, 40.450325132397644 ], [ -79.9465925, 40.4503069 ], [ -79.9466161, 40.4502645 ], [ -79.946690293553488, 40.450254425871812 ], [ -79.9466965, 40.4502432 ], [ -79.94673397124437, 40.450238112067723 ], [ -79.946721, 40.4502339 ], [ -79.9467409, 40.450198 ], [ -79.946952343604295, 40.450169289423279 ], [ -79.946999297257364, 40.4501845081938 ], [ -79.947027177839061, 40.450180722426133 ], [ -79.946971602670033, 40.450162729532828 ], [ -79.9468886, 40.450174 ], [ -79.9468158, 40.4501495 ], [ -79.9468411, 40.4501056 ], [ -79.946971464988522, 40.450087898476056 ], [ -79.9469901, 40.4500543 ], [ -79.947121427172789, 40.450036467636266 ], [ -79.947120600000019, 40.4500362 ], [ -79.947168193923119, 40.449950390715649 ], [ -79.947117342950165, 40.449981489112204 ], [ -79.9469059, 40.4500102 ], [ -79.9467978, 40.449907 ], [ -79.9469225, 40.449830900000023 ], [ -79.947010063675663, 40.449819010124166 ], [ -79.9469189, 40.449732 ], [ -79.946952277797081, 40.449711593944357 ], [ -79.9469051, 40.449718 ], [ -79.9467611, 40.4495804 ], [ -79.946772840252123, 40.449573230107099 ], [ -79.9464689, 40.44961450000001 ], [ -79.9463191, 40.4494715 ], [ -79.9464323, 40.449402299999988 ], [ -79.94659277921366, 40.449380509747591 ], [ -79.946571342913728, 40.449359609345819 ], [ -79.946553, 40.4493621 ], [ -79.946536978259402, 40.449346474838364 ], [ -79.9465228, 40.4493484 ], [ -79.946492, 40.4493184 ], [ -79.9465184, 40.449302699999983 ], [ -79.9464875, 40.4492725 ], [ -79.946554, 40.449233 ], [ -79.9466217, 40.4491905 ], [ -79.946797108056685, 40.449166682282105 ], [ -79.9467681, 40.449100399999978 ], [ -79.9467894, 40.4490948 ], [ -79.9467777, 40.4490655 ], [ -79.9468514, 40.4490477 ], [ -79.947060939545821, 40.449019247221251 ], [ -79.9470485, 40.4489892 ], [ -79.9471366, 40.4489678 ], [ -79.9470776, 40.4488258 ], [ -79.9471277, 40.4488136 ], [ -79.9471181, 40.4487906 ], [ -79.9471338, 40.4487867 ], [ -79.9470972, 40.448716799999985 ], [ -79.9472006, 40.4486856 ], [ -79.947418088125971, 40.448656067044809 ], [ -79.9474093, 40.4486392 ], [ -79.947600099268115, 40.448581190008163 ], [ -79.946721796842709, 40.448700454569476 ], [ -79.94697617911585, 40.448857779032011 ], [ -79.946889979694234, 40.448939179355548 ], [ -79.9464671, 40.4489966 ], [ -79.946082380882004, 40.448758665191178 ], [ -79.946021514653779, 40.448816019610653 ], [ -79.945744, 40.4488537 ], [ -79.9456543, 40.4487986 ], [ -79.94569922489417, 40.448756228707651 ], [ -79.9456059, 40.4487689 ], [ -79.9455187, 40.4487168 ], [ -79.9457413, 40.4485045 ], [ -79.946018813214309, 40.448466819596831 ], [ -79.946106013389212, 40.448519919389931 ], [ -79.946062342570031, 40.448561373748191 ], [ -79.946157013481368, 40.44854851926879 ], [ -79.946246813663606, 40.448603719055761 ], [ -79.946182805563197, 40.448664034441151 ], [ -79.946512963954063, 40.448619204676781 ], [ -79.9463516, 40.4485205 ], [ -79.946417423082593, 40.448457669996358 ], [ -79.9462758, 40.4484769 ], [ -79.9461603, 40.4484063 ], [ -79.946227779744504, 40.448341935349745 ], [ -79.9460859, 40.448361199999979 ], [ -79.9459506, 40.4482783 ], [ -79.945981894620473, 40.448248483307523 ], [ -79.9458794, 40.4482624 ], [ -79.94574134397952, 40.448177883200174 ], [ -79.945744902061563, 40.448212543572602 ], [ -79.945591873877291, 40.448233321351864 ], [ -79.945638102267893, 40.448230543987599 ], [ -79.945640902440701, 40.448256943979246 ], [ -79.945611135024265, 40.448260985710007 ], [ -79.945615902792582, 40.448306944080677 ], [ -79.945638702872827, 40.448321843993838 ], [ -79.945492103864225, 40.448453344573515 ], [ -79.945247649608746, 40.448486535167305 ], [ -79.945266439078125, 40.448522492443473 ], [ -79.945057839359237, 40.448586292829027 ], [ -79.9448464, 40.448615 ], [ -79.9447939, 40.4485149 ], [ -79.944834015857268, 40.448502618135009 ], [ -79.9446014, 40.4485342 ], [ -79.9444989, 40.4485358 ], [ -79.944498, 40.4485002 ], [ -79.9444546, 40.448500899999978 ], [ -79.9444521, 40.4484104 ], [ -79.944470439795836, 40.448407910074167 ], [ -79.9444697, 40.448381 ], [ -79.944747213349103, 40.44834332265178 ], [ -79.944828613302519, 40.448342022455677 ], [ -79.944829013360078, 40.448356022455535 ], [ -79.944855355907279, 40.448355604863586 ], [ -79.9448548, 40.448312799999982 ], [ -79.944920572269339, 40.448303870078661 ], [ -79.944919593349326, 40.448294430071805 ], [ -79.9446716, 40.4483281 ], [ -79.9444442, 40.4483318 ], [ -79.9444428, 40.4482785 ], [ -79.944418, 40.4482789 ], [ -79.9444168, 40.448233099999989 ], [ -79.944451679964757, 40.448228364471525 ], [ -79.9444511, 40.4482079 ], [ -79.944728612644312, 40.448170222686478 ], [ -79.944784043699158, 40.448169364842464 ], [ -79.9447831, 40.4480967 ], [ -79.944994537754312, 40.448067992922162 ], [ -79.945052987761656, 40.448067541671556 ], [ -79.945362301133144, 40.448025545035797 ], [ -79.945455204039618, 40.448019911342996 ], [ -79.945649400687131, 40.44799354392169 ], [ -79.945716000606382, 40.447989543663574 ], [ -79.945721900976878, 40.448046143646025 ], [ -79.945783200902412, 40.448042443408454 ], [ -79.945783779263593, 40.448048037389881 ], [ -79.9458341, 40.4480001 ], [ -79.946151255502841, 40.447957036338401 ], [ -79.94634635595331, 40.448076535809435 ], [ -79.946321885500126, 40.448099863026265 ], [ -79.946384811479504, 40.448091318693599 ], [ -79.94650445655617, 40.448164626312938 ], [ -79.946715756019444, 40.44813593479676 ], [ -79.946739364477125, 40.448150365518281 ], [ -79.9468135, 40.4480796 ], [ -79.94722061870111, 40.448024317398122 ], [ -79.947216, 40.4480216 ], [ -79.9473785, 40.4478603 ], [ -79.9473691, 40.44785250000001 ], [ -79.9473593, 40.4478425 ], [ -79.9473517, 40.4478327 ], [ -79.9473453, 40.4478221 ], [ -79.9473405, 40.4478111 ], [ -79.947337200000021, 40.4477999 ], [ -79.9473355, 40.447788399999986 ], [ -79.9473353, 40.4477768 ], [ -79.9473367, 40.4477653 ], [ -79.9473391, 40.4477558 ], [ -79.946850117995552, 40.447794915662428 ], [ -79.946858436367876, 40.447855889493006 ], [ -79.946823208418508, 40.447860673052013 ], [ -79.946825336444476, 40.447876189554634 ], [ -79.9466139, 40.4479049 ], [ -79.9465497, 40.44791 ], [ -79.946529043210873, 40.44775912704214 ], [ -79.9464799, 40.4477658 ], [ -79.946236532596714, 40.447783716182336 ], [ -79.946068, 40.4478066 ], [ -79.945621, 40.4478399 ], [ -79.9455618, 40.447379099999985 ], [ -79.946196105077959, 40.447292973217237 ], [ -79.946664404207311, 40.447258170635052 ], [ -79.946667695240848, 40.447283695422627 ], [ -79.946836051823425, 40.447260834407473 ], [ -79.947124431489442, 40.44723887696064 ], [ -79.9471133, 40.4471751 ], [ -79.947390807033969, 40.447137416215611 ], [ -79.947485706955348, 40.447130015986644 ], [ -79.947548307518119, 40.447274115844301 ], [ -79.9472708, 40.4473118 ], [ -79.947268551429985, 40.447311960126726 ], [ -79.947272751962743, 40.447344033211181 ], [ -79.947005321278965, 40.447380348295397 ], [ -79.947032153234247, 40.447584133889286 ], [ -79.946715, 40.447627199999978 ], [ -79.94667788044606, 40.447630008406129 ], [ -79.946683011868188, 40.447670844918605 ], [ -79.946695808053462, 40.447669870516989 ], [ -79.946697326248426, 40.447681790288378 ], [ -79.946820646751249, 40.447665044791428 ], [ -79.9468198, 40.4476588 ], [ -79.947031235591339, 40.447630089165955 ], [ -79.94749073529853, 40.44759338832128 ], [ -79.947498835481468, 40.447652588309055 ], [ -79.947593935421182, 40.447645088134237 ], [ -79.94769843615758, 40.447892187953457 ], [ -79.947619907985157, 40.447970096466207 ], [ -79.947764964770769, 40.447950398317829 ], [ -79.94791783548537, 40.448043900108772 ], [ -79.9481667, 40.4479698 ], [ -79.948161, 40.4479588 ], [ -79.9484172, 40.4478825 ], [ -79.948859160647459, 40.447822479622936 ], [ -79.94893, 40.4478014 ], [ -79.9489006, 40.4477442 ], [ -79.9492205, 40.4476489 ], [ -79.949564309520653, 40.4476022065287 ], [ -79.9495521, 40.4474974 ], [ -79.949544976120833, 40.447436153819318 ], [ -79.949208400125656, 40.447481864968502 ], [ -79.949221774811321, 40.447589729617881 ], [ -79.948851677217363, 40.447697333036793 ], [ -79.947794500000015, 40.4478409 ], [ -79.9476487, 40.4475292 ], [ -79.9476262, 40.447348299999987 ], [ -79.947952752094622, 40.447303954748897 ], [ -79.9479376, 40.4471819 ], [ -79.948994766583283, 40.447038331578227 ], [ -79.949151966103642, 40.447027130133719 ], [ -79.949155362252952, 40.447054468106977 ], [ -79.94957536481904, 40.446997426243158 ], [ -79.949731064342245, 40.446986224812406 ], [ -79.949739021719267, 40.447050354782256 ], [ -79.950156894027842, 40.446993600058796 ], [ -79.950398193618256, 40.446979598735766 ], [ -79.950606593271957, 40.446968297593223 ], [ -79.95060828131102, 40.44698611405768 ], [ -79.950729804648731, 40.446969608165567 ], [ -79.950749566713043, 40.44700360190383 ], [ -79.950795904729475, 40.446997308008008 ], [ -79.950851205436507, 40.447092131726599 ], [ -79.9507673, 40.4469463 ], [ -79.9507687, 40.446928 ], [ -79.9507862, 40.4469175 ], [ -79.9508003, 40.4469141 ], [ -79.95175174135305, 40.446784865170713 ], [ -79.952196155108297, 40.446752121027664 ], [ -79.952098, 40.4466692 ], [ -79.95208030000002, 40.4466542 ], [ -79.9521034, 40.4466354 ], [ -79.9520778, 40.44661270000001 ], [ -79.9521538, 40.4465571 ], [ -79.9522987, 40.446451 ], [ -79.952576201417102, 40.446413303687287 ], [ -79.952822902117063, 40.446613303104833 ], [ -79.952785402228912, 40.446635803196422 ], [ -79.952806802310448, 40.4466582031462 ], [ -79.952766602457089, 40.446688803244747 ], [ -79.952707161769624, 40.446696877903499 ], [ -79.952694202561474, 40.446705203420045 ], [ -79.952634838375531, 40.446745574643032 ], [ -79.952664623658521, 40.446752617502121 ], [ -79.952707823901022, 40.446777217189428 ], [ -79.952738224326779, 40.446814816972996 ], [ -79.952750728315578, 40.44684314132158 ], [ -79.9529141, 40.4467247 ], [ -79.953353845280745, 40.446664961700257 ], [ -79.9532601, 40.4465879 ], [ -79.953303, 40.4465553 ], [ -79.953180141320459, 40.446461778210335 ], [ -79.9531233, 40.4464695 ], [ -79.953008, 40.4463797 ], [ -79.9527424, 40.4461593 ], [ -79.952827, 40.4460978 ], [ -79.9529221, 40.4460286 ], [ -79.953063280609513, 40.446009420931716 ], [ -79.9530677, 40.446005600000014 ], [ -79.953384841906669, 40.445962516299353 ], [ -79.953461841863898, 40.445962916087481 ], [ -79.953542341818164, 40.445963115865965 ], [ -79.953591183361269, 40.446006683457 ], [ -79.953678541888678, 40.445994815493265 ], [ -79.953780042216877, 40.446076915219372 ], [ -79.953850842457285, 40.446136615028479 ], [ -79.953818495490935, 40.446159417267765 ], [ -79.954181856272811, 40.446110052348985 ], [ -79.954294056737979, 40.446197851945072 ], [ -79.954269256872209, 40.446216152037664 ], [ -79.954357957239878, 40.446285551718326 ], [ -79.95423605790117, 40.446375752173552 ], [ -79.954322560737126, 40.446438216673165 ], [ -79.954364258159117, 40.446432551708156 ], [ -79.954415158363034, 40.446471251524798 ], [ -79.954388358525208, 40.446493751625127 ], [ -79.954525159304566, 40.446634551135574 ], [ -79.954446456312695, 40.446691215662881 ], [ -79.954736202610945, 40.446651850566859 ], [ -79.9545073, 40.4464672 ], [ -79.9547384, 40.4463 ], [ -79.9546459, 40.446225399999989 ], [ -79.954623898387496, 40.446207654089768 ], [ -79.9544263, 40.4462345 ], [ -79.9540366, 40.4459201 ], [ -79.954142371538467, 40.445843629749675 ], [ -79.9537775, 40.4458932 ], [ -79.9534806, 40.445649 ], [ -79.9540078, 40.445274 ], [ -79.954430650463721, 40.445216551357376 ], [ -79.954518799670396, 40.44528824724194 ], [ -79.954634945223034, 40.445203634035686 ], [ -79.954463700000019, 40.4452269 ], [ -79.954206, 40.4450279 ], [ -79.954717768460398, 40.444652960615613 ], [ -79.9533072, 40.4448446 ], [ -79.9530799, 40.4446644 ], [ -79.9530606, 40.4446657 ], [ -79.9530402, 40.4446493 ], [ -79.9530435, 40.4446323 ], [ -79.9529733, 40.444573 ], [ -79.9529657, 40.4445666 ], [ -79.9529435, 40.4445647 ], [ -79.9529312, 40.444555 ], [ -79.9529299, 40.4445474 ], [ -79.952918956456742, 40.444540042477385 ], [ -79.9528832, 40.4445449 ], [ -79.9528659, 40.4445322 ], [ -79.9528471, 40.4445184 ], [ -79.9528585, 40.4444923 ], [ -79.9528471, 40.4444823 ], [ -79.9528416, 40.4444813 ], [ -79.9528292, 40.4444725 ], [ -79.9528304, 40.4444655 ], [ -79.9527654, 40.444407799999979 ], [ -79.9527461, 40.4444101 ], [ -79.9527237, 40.4443927 ], [ -79.9527272, 40.4443783 ], [ -79.952499800000012, 40.4441954 ], [ -79.9525164, 40.4441851 ], [ -79.9525158, 40.4441649 ], [ -79.9525475, 40.4441439 ], [ -79.952577861465073, 40.44413977545279 ], [ -79.952586, 40.4441344 ], [ -79.952901260426444, 40.444091571942025 ], [ -79.9529004, 40.44408820000001 ], [ -79.9529267, 40.4440717 ], [ -79.952951738897625, 40.444068298425279 ], [ -79.953068143434564, 40.44398393185034 ], [ -79.9527813, 40.4440229 ], [ -79.9527551, 40.444003500000015 ], [ -79.9526934, 40.4439938 ], [ -79.9526706, 40.4439831 ], [ -79.9526411, 40.4439198 ], [ -79.9526177, 40.4439091 ], [ -79.9526157, 40.4438917 ], [ -79.952606300000014, 40.443886099999979 ], [ -79.9525855, 40.4438382 ], [ -79.9525694, 40.4438014 ], [ -79.9525694, 40.4437892 ], [ -79.95256, 40.4437698 ], [ -79.9525748, 40.4437463 ], [ -79.9525419, 40.4436738 ], [ -79.9525815, 40.4436636 ], [ -79.9525768, 40.4436544 ], [ -79.952633, 40.4436411 ], [ -79.9526908, 40.443627399999983 ], [ -79.953113641131736, 40.443569956044357 ], [ -79.953115568505979, 40.443574745199797 ], [ -79.953147141109, 40.44357045592151 ], [ -79.953187741505033, 40.443638455778533 ], [ -79.953215044477233, 40.443654454217224 ], [ -79.953243741537804, 40.443650555574138 ], [ -79.953245036406457, 40.443650748691823 ], [ -79.953366441340478, 40.443634255122511 ], [ -79.953388541332828, 40.443635755041548 ], [ -79.953433441484165, 40.443665354879435 ], [ -79.953438841569877, 40.443679654860865 ], [ -79.95342674186773, 40.443725554909335 ], [ -79.953412041959567, 40.443738354964381 ], [ -79.953355042096661, 40.443753155174804 ], [ -79.953321294227351, 40.443757740021226 ], [ -79.953331542195272, 40.443765955262172 ], [ -79.953300642376291, 40.443790955377743 ], [ -79.953279567088273, 40.443793818568729 ], [ -79.953267842494697, 40.443805755499397 ], [ -79.953273242573474, 40.443818955480758 ], [ -79.953284088860656, 40.443845791229791 ], [ -79.9533131, 40.4438239 ], [ -79.954525444041195, 40.443659189610358 ], [ -79.9544168, 40.4435763 ], [ -79.9545447, 40.4434822 ], [ -79.9544294, 40.4434012 ], [ -79.9544787, 40.443366 ], [ -79.9544418, 40.4433358 ], [ -79.9545268, 40.443275 ], [ -79.9545729, 40.443242 ], [ -79.95467118097865, 40.443228646711233 ], [ -79.954679100000021, 40.443223 ], [ -79.9549027, 40.4430632 ], [ -79.9548616, 40.44302960000001 ], [ -79.954834, 40.4429598 ], [ -79.9552357, 40.4428615 ], [ -79.9552368, 40.4428613 ], [ -79.9552427, 40.44286 ], [ -79.955345261875507, 40.442846064369789 ], [ -79.9553409, 40.4428425 ], [ -79.9553526, 40.4428203 ], [ -79.9554111, 40.4428051 ], [ -79.9556967, 40.4426009 ], [ -79.955748773436241, 40.442593824274944 ], [ -79.955669456878212, 40.442528824790038 ], [ -79.955657824413294, 40.442531409817875 ], [ -79.955633024444197, 40.442534909886334 ], [ -79.9553159, 40.442578 ], [ -79.9553009, 40.4425792 ], [ -79.955246685284521, 40.442584409397725 ], [ -79.955291842467332, 40.442685385211526 ], [ -79.95519074277091, 40.442711585678069 ], [ -79.954261545602463, 40.442957689966619 ], [ -79.953733, 40.4430295 ], [ -79.9536155, 40.4427883 ], [ -79.9537229, 40.4427589 ], [ -79.9537083, 40.442726 ], [ -79.9536831, 40.4426669 ], [ -79.9536675, 40.4426306 ], [ -79.9536536, 40.4425982 ], [ -79.953645797371578, 40.442581455676596 ], [ -79.9535358, 40.4425964 ], [ -79.9534292, 40.44235470000001 ], [ -79.9544635, 40.4420868 ], [ -79.954676889445238, 40.442057806642822 ], [ -79.954595771136582, 40.441874025420944 ], [ -79.954585861364322, 40.441875371874076 ], [ -79.954587505623266, 40.441879083441265 ], [ -79.954401706454746, 40.441926784727279 ], [ -79.9536089, 40.4420345 ], [ -79.953598467314521, 40.442011107964937 ], [ -79.9533203, 40.4420489 ], [ -79.953247, 40.4418839 ], [ -79.9531334, 40.4416278 ], [ -79.953984, 40.4414091 ], [ -79.9539368, 40.4413027 ], [ -79.9545791, 40.4411376 ], [ -79.95506435526805, 40.441071665928163 ], [ -79.9550431, 40.4410611 ], [ -79.9550674, 40.4410325 ], [ -79.955053320232125, 40.441025521872945 ], [ -79.9550027, 40.4410324 ], [ -79.9549165, 40.4409896 ], [ -79.954954968311753, 40.440944404651894 ], [ -79.9549263, 40.4409483 ], [ -79.9548171, 40.4408941 ], [ -79.954859152387584, 40.440844673859608 ], [ -79.9547677, 40.4408571 ], [ -79.954676147151162, 40.440809541146983 ], [ -79.9546161, 40.4408177 ], [ -79.954529, 40.440772399999986 ], [ -79.9545534, 40.4407449 ], [ -79.954541813753664, 40.440738878380799 ], [ -79.954489400000014, 40.440746 ], [ -79.9544056, 40.4407025 ], [ -79.9544786, 40.4406204 ], [ -79.95477589598228, 40.440580005082808 ], [ -79.954810971175263, 40.440598205031066 ], [ -79.954919895919019, 40.44058340471156 ], [ -79.954956095982425, 40.440602204619339 ], [ -79.954948596024067, 40.440610704639226 ], [ -79.954956905134011, 40.440615017807822 ], [ -79.955104195870078, 40.440595004236854 ], [ -79.955214996064385, 40.440652603954611 ], [ -79.955172011467155, 40.440700953202303 ], [ -79.955262896197411, 40.440688603833273 ], [ -79.955379096389208, 40.440746303537097 ], [ -79.955364547794233, 40.440763413470229 ], [ -79.955419882398246, 40.440755894555224 ], [ -79.9553933, 40.4407353 ], [ -79.9554656, 40.4406807 ], [ -79.955554335785067, 40.440668642392865 ], [ -79.955612, 40.4406251 ], [ -79.95590929538686, 40.440584702159413 ], [ -79.955977495583085, 40.440637501986735 ], [ -79.955946495702889, 40.440660802068159 ], [ -79.955967751848604, 40.440677242272066 ], [ -79.956009995715647, 40.440671501905015 ], [ -79.956082595924528, 40.440727701721201 ], [ -79.956023655916113, 40.440772142464617 ], [ -79.956121096041457, 40.44075890162383 ], [ -79.956187296239648, 40.44081190145635 ], [ -79.956161596336699, 40.440830701523787 ], [ -79.956184635998127, 40.440849145082005 ], [ -79.95622469635984, 40.440843701361835 ], [ -79.95629799657894, 40.440902301176372 ], [ -79.956205396927984, 40.440969901419422 ], [ -79.956179963569198, 40.440973357496439 ], [ -79.95622009707688, 40.441005401383705 ], [ -79.95614339736602, 40.441061401585038 ], [ -79.956081933182148, 40.441069753746127 ], [ -79.956105797508002, 40.441088901683713 ], [ -79.956027397803396, 40.441146101889487 ], [ -79.9557301, 40.4411865 ], [ -79.955702630954775, 40.441164501005595 ], [ -79.955669698240484, 40.441201002815596 ], [ -79.955460467755444, 40.441229433349697 ], [ -79.955500445306939, 40.441319502306129 ], [ -79.955546997563602, 40.441313176747364 ], [ -79.95557219819402, 40.44136977658335 ], [ -79.955652342514995, 40.441550055593112 ], [ -79.955934785153786, 40.441511676510721 ], [ -79.9559371, 40.44151 ], [ -79.9559814, 40.441478 ], [ -79.9563028, 40.4412455 ], [ -79.9563709, 40.4411962 ], [ -79.956608860694558, 40.441163863581615 ], [ -79.95657460000001, 40.4411366 ], [ -79.9566133, 40.4411084 ], [ -79.956732, 40.441022 ], [ -79.95680185725297, 40.441012506917559 ], [ -79.9567801, 40.4409952 ], [ -79.9568441, 40.440948599999984 ], [ -79.956740600000018, 40.4408663 ], [ -79.9566132, 40.4407649 ], [ -79.9568747, 40.44057440000001 ], [ -79.957079531504107, 40.440546564325437 ], [ -79.9570105, 40.4404912 ], [ -79.9575413, 40.4401078 ], [ -79.957581775046137, 40.440102299372185 ], [ -79.9575944, 40.4400932 ], [ -79.957793083570152, 40.44006619831822 ], [ -79.9577101, 40.43998520000001 ], [ -79.9580804, 40.4397207 ], [ -79.95830121664298, 40.439690689204845 ], [ -79.95802, 40.4394657 ], [ -79.9582399, 40.4393126 ], [ -79.958997943687223, 40.439209571990432 ], [ -79.9588747, 40.4391118 ], [ -79.959100285098856, 40.438946962877587 ], [ -79.9588116, 40.4389862 ], [ -79.958723435453294, 40.438916381104839 ], [ -79.957911, 40.4390268 ], [ -79.957876016188649, 40.438999242030995 ], [ -79.957860991541054, 40.439010164599587 ], [ -79.957829118916692, 40.439014496301851 ], [ -79.957789691664118, 40.43904316472355 ], [ -79.957795591675804, 40.439047864713586 ], [ -79.957762291759167, 40.439072064771842 ], [ -79.9575641, 40.439099 ], [ -79.9575223, 40.4390658 ], [ -79.9575369, 40.4390552 ], [ -79.957529930042853, 40.439049666277334 ], [ -79.9575054, 40.439053 ], [ -79.9574621, 40.4390185 ], [ -79.9574967, 40.4389934 ], [ -79.957510607830542, 40.438991509874818 ], [ -79.9575612, 40.4389547 ], [ -79.957554995086994, 40.438949736070001 ], [ -79.957478, 40.4389602 ], [ -79.957372056642924, 40.438875504066253 ], [ -79.9573662, 40.4388763 ], [ -79.957303, 40.438825799999989 ], [ -79.957457100000013, 40.4387142 ], [ -79.957468640044127, 40.43871263166271 ], [ -79.9576317, 40.4385946 ], [ -79.95777703953064, 40.438574847432299 ], [ -79.957816321601811, 40.438606291438717 ], [ -79.95782473958343, 40.438605147373082 ], [ -79.957860639636081, 40.438633947328675 ], [ -79.957903939699307, 40.438668547275107 ], [ -79.957897639710922, 40.438673147283204 ], [ -79.957942639776718, 40.438709147227534 ], [ -79.95791275085142, 40.438730798863048 ], [ -79.958048390595906, 40.438712364265044 ], [ -79.958088090674892, 40.438744064198112 ], [ -79.958072490713832, 40.438755364225386 ], [ -79.958081361067656, 40.438762480526321 ], [ -79.958104290714076, 40.438759364170863 ], [ -79.958143090791339, 40.438790364105401 ], [ -79.958107579196835, 40.438816066307929 ], [ -79.95852510551579, 40.438759319730757 ], [ -79.9580066, 40.4383487 ], [ -79.9582669, 40.4381584 ], [ -79.958689328570088, 40.438100985921999 ], [ -79.9586476, 40.4380681 ], [ -79.958726424917245, 40.438010242019274 ], [ -79.9586046, 40.43802680000001 ], [ -79.958592574583335, 40.438017057890924 ], [ -79.9585827, 40.4380184 ], [ -79.958582255027139, 40.438018029403239 ], [ -79.958533494217278, 40.438051131659101 ], [ -79.9584344, 40.4380646 ], [ -79.9583811, 40.4380191 ], [ -79.9584412, 40.4379783 ], [ -79.958521677086594, 40.437967361983638 ], [ -79.9584851, 40.4379366 ], [ -79.9586158, 40.4378467 ], [ -79.958855735204565, 40.437814088665959 ], [ -79.9588471, 40.4378071 ], [ -79.9587976, 40.4377669 ], [ -79.9587534, 40.4377311 ], [ -79.958843, 40.4376665 ], [ -79.958873459680191, 40.437662359959369 ], [ -79.958891, 40.4376497 ], [ -79.959043074713563, 40.437629030043979 ], [ -79.9589887, 40.4375854 ], [ -79.9590414, 40.4375473 ], [ -79.959091, 40.43751120000001 ], [ -79.9591428, 40.4374743 ], [ -79.959340986401187, 40.437447361990223 ], [ -79.959444086611796, 40.437531561816392 ], [ -79.959393386735911, 40.437567461905068 ], [ -79.959404986759111, 40.437576761885488 ], [ -79.959355386883132, 40.437612761972268 ], [ -79.959315733374012, 40.437618151799576 ], [ -79.959287086984773, 40.437638862090793 ], [ -79.959201577084045, 40.437650484785159 ], [ -79.959226749497631, 40.43766988300375 ], [ -79.959194702217999, 40.437692978682037 ], [ -79.959249849547732, 40.43768548295165 ], [ -79.959287749647999, 40.43771568286639 ], [ -79.959255966905616, 40.437738732923499 ], [ -79.959301949707111, 40.437732482834768 ], [ -79.959315581604926, 40.437743209516235 ], [ -79.959319348123344, 40.437742697561113 ], [ -79.9593158, 40.4377399 ], [ -79.9593331, 40.437727099999989 ], [ -79.959332184260703, 40.437726389512669 ], [ -79.9593196, 40.4377281 ], [ -79.9592679, 40.4376866 ], [ -79.9593101, 40.4376561 ], [ -79.959327690922066, 40.437653708991746 ], [ -79.959391, 40.437608 ], [ -79.95960239914659, 40.437579265661348 ], [ -79.959615279889931, 40.437589621854109 ], [ -79.9596643, 40.4375555 ], [ -79.959746877706394, 40.437544275498546 ], [ -79.959822877772595, 40.437607575445178 ], [ -79.959751477844378, 40.43765727549718 ], [ -79.959668900000011, 40.4376685 ], [ -79.959668469629946, 40.437668141547483 ], [ -79.959642216554627, 40.437687406125896 ], [ -79.959740318092841, 40.437674071564921 ], [ -79.959773418170926, 40.4377008714998 ], [ -79.959807618251645, 40.437728571432515 ], [ -79.959787448183633, 40.437743345207956 ], [ -79.959820787178543, 40.437770361178458 ], [ -79.95982951077994, 40.437777405210156 ], [ -79.9598912, 40.437733 ], [ -79.959973777889928, 40.437721775339035 ], [ -79.960023677931716, 40.437761975303964 ], [ -79.95995657800114, 40.437810275352859 ], [ -79.959882619775286, 40.437820328335739 ], [ -79.95990198734232, 40.437835961041515 ], [ -79.959933987406686, 40.437861760987559 ], [ -79.959911587461647, 40.437877661026732 ], [ -79.959918387475398, 40.437883161015279 ], [ -79.959888684501081, 40.437904228659761 ], [ -79.959975918743282, 40.437892371102734 ], [ -79.959995840914019, 40.437908091433371 ], [ -79.960015118771722, 40.43790547102472 ], [ -79.960042218834133, 40.43792697097139 ], [ -79.960030118869824, 40.437935870996085 ], [ -79.960055418927851, 40.43795587094629 ], [ -79.960007915775989, 40.437990731056004 ], [ -79.960090018994649, 40.437979570878007 ], [ -79.960133519101319, 40.438015970792485 ], [ -79.960176319205885, 40.438051670708333 ], [ -79.960108420040882, 40.438098713962226 ], [ -79.960174287991094, 40.438089760583701 ], [ -79.960192264016243, 40.438104272733518 ], [ -79.960223988003094, 40.438099960498668 ], [ -79.960235343553634, 40.438109068158205 ], [ -79.9602826, 40.438076599999988 ], [ -79.960381693899805, 40.43806313007024 ], [ -79.960413993934012, 40.438090330043025 ], [ -79.960356794002251, 40.438129630093002 ], [ -79.9602577, 40.438143099999984 ], [ -79.960243079763259, 40.438130788225479 ], [ -79.960233088111735, 40.438137960484575 ], [ -79.960259488164894, 40.438159260440045 ], [ -79.960252088183211, 40.438164560453004 ], [ -79.960279688238572, 40.438186760406452 ], [ -79.960210088411387, 40.4382368605282 ], [ -79.9600119, 40.4382638 ], [ -79.959989755750783, 40.438245925212712 ], [ -79.9599458, 40.4382519 ], [ -79.959937571440875, 40.438245286192512 ], [ -79.959876546499203, 40.438289923324042 ], [ -79.960010751481917, 40.4382716812392 ], [ -79.960073751647442, 40.438321581097476 ], [ -79.960061751688187, 40.43833048112549 ], [ -79.960076070019127, 40.438341811713393 ], [ -79.960104251697103, 40.438337981028447 ], [ -79.960138551786528, 40.438364980951278 ], [ -79.960075734587932, 40.438411223508574 ], [ -79.96024303176759, 40.438543687623898 ], [ -79.960644725455154, 40.438489085010943 ], [ -79.960706399922131, 40.438538473798964 ], [ -79.960719, 40.438529399999979 ], [ -79.96086791954842, 40.438509156757469 ], [ -79.960707700000015, 40.4383786 ], [ -79.9608606, 40.4382691 ], [ -79.961263656864858, 40.438214309618282 ], [ -79.9613341, 40.4381624 ], [ -79.961545500136594, 40.438133662121594 ], [ -79.961586300221327, 40.438165662048164 ], [ -79.961599100247795, 40.43817566202511 ], [ -79.96150950049045, 40.438241862192356 ], [ -79.96142019802015, 40.438254002031023 ], [ -79.961563176497762, 40.438370508282667 ], [ -79.96166, 40.4382998 ], [ -79.961690026693191, 40.438295718097883 ], [ -79.9616705, 40.43828 ], [ -79.9618441, 40.4381541 ], [ -79.961889311168193, 40.438147953791066 ], [ -79.9618651, 40.4381282 ], [ -79.9620634, 40.4379873 ], [ -79.96221268935814, 40.437967004515862 ], [ -79.9621615, 40.4379266 ], [ -79.962706, 40.4375291 ], [ -79.963178048685734, 40.437464922366715 ], [ -79.9633137, 40.4373718 ], [ -79.963873753898028, 40.43729565410932 ], [ -79.9638709, 40.43728560000001 ], [ -79.9638709, 40.437283899999976 ], [ -79.9638717, 40.43728140000001 ], [ -79.9638729, 40.4372799 ], [ -79.9638744, 40.4372786 ], [ -79.9638772, 40.437277199999983 ], [ -79.9638793, 40.437276699999984 ], [ -79.9639909, 40.4372581 ], [ -79.9639807, 40.43722240000001 ], [ -79.9639583, 40.4371437 ], [ -79.9639583, 40.4371419 ], [ -79.9639588, 40.4371403 ], [ -79.9639597, 40.4371387 ], [ -79.963961, 40.4371373 ], [ -79.9639627, 40.4371361 ], [ -79.9639657, 40.4371349 ], [ -79.9639667, 40.4371347 ], [ -79.964107400000017, 40.4371113 ], [ -79.964424493576857, 40.437068185337388 ], [ -79.96442679357456, 40.437067985331055 ], [ -79.964428993574231, 40.437068185325003 ], [ -79.964431193575308, 40.437068685318991 ], [ -79.964433993580272, 40.437070085311376 ], [ -79.96443479358264, 40.437070685309223 ], [ -79.964436093588475, 40.437072085305722 ], [ -79.964437093595436, 40.437073685303091 ], [ -79.964437393599042, 40.437074485302318 ], [ -79.964458893942805, 40.437150085248113 ], [ -79.964469201073044, 40.437186296421629 ], [ -79.964587693962727, 40.437170184895059 ], [ -79.964589893960508, 40.437169984888996 ], [ -79.964593293960405, 40.437170384879678 ], [ -79.964595293962546, 40.437171084874223 ], [ -79.964597193966156, 40.437172084869061 ], [ -79.964597993968539, 40.437172684866873 ], [ -79.964599293974388, 40.437174084863408 ], [ -79.964600493985003, 40.43717648486026 ], [ -79.964621686741481, 40.437250707105818 ], [ -79.964682894247673, 40.437242384637884 ], [ -79.964685094245453, 40.43724218463182 ], [ -79.96468849424538, 40.437242584622474 ], [ -79.964690494247506, 40.43724328461704 ], [ -79.964693194253471, 40.437244884609726 ], [ -79.964694494259334, 40.437246284606225 ], [ -79.964695694269935, 40.437248684603084 ], [ -79.964723994720956, 40.437347884531711 ], [ -79.964723994728971, 40.43734958453183 ], [ -79.964723794733345, 40.437350484532445 ], [ -79.964720594766774, 40.437357184541675 ], [ -79.96473349486908, 40.43738048450772 ], [ -79.964775194818472, 40.437374884392632 ], [ -79.964810395551538, 40.437534784306258 ], [ -79.964664934457247, 40.437558439334353 ], [ -79.964741795332714, 40.437620357933739 ], [ -79.964558298163539, 40.437720072354175 ], [ -79.964713490051906, 40.437842672891122 ], [ -79.964661250281068, 40.437882141097255 ], [ -79.964806960004935, 40.437878373748084 ], [ -79.964807277424384, 40.437885427408162 ], [ -79.965052617634811, 40.437852067897779 ], [ -79.965335317327046, 40.437840466802939 ], [ -79.965351318811685, 40.438066466761846 ], [ -79.965381618778963, 40.438065266644507 ], [ -79.965392619797854, 40.438220366616243 ], [ -79.965291295479773, 40.438234144224076 ], [ -79.965293383740629, 40.438263748389296 ], [ -79.965460299008214, 40.438256854946424 ], [ -79.96546879937911, 40.438375954936021 ], [ -79.965438300183948, 40.438380102094349 ], [ -79.965449199885313, 40.438534654978895 ], [ -79.965478099870339, 40.438533454925839 ], [ -79.96548430014127, 40.438620454918251 ], [ -79.9652729, 40.438649199999986 ], [ -79.9649999, 40.4386605 ], [ -79.96499470000002, 40.4385879 ], [ -79.965027285562883, 40.438583469289526 ], [ -79.965026, 40.4385653 ], [ -79.964950500000015, 40.4385684 ], [ -79.964938729397019, 40.438401238471805 ], [ -79.9648537, 40.4384128 ], [ -79.9647087, 40.4384188 ], [ -79.9647055, 40.4383745 ], [ -79.9646028, 40.4383788 ], [ -79.9645854, 40.4381339 ], [ -79.964622059565912, 40.438128915437062 ], [ -79.96461885152064, 40.438083756126765 ], [ -79.9644935, 40.4381008 ], [ -79.96440131070193, 40.438103219218853 ], [ -79.964312497718382, 40.438168677764551 ], [ -79.964302958374191, 40.438169974793233 ], [ -79.964282298131309, 40.438185178129302 ], [ -79.964287198198605, 40.438189078071957 ], [ -79.964173600191728, 40.438272679450115 ], [ -79.963908067071415, 40.438308782283208 ], [ -79.963934201180791, 40.43832952243217 ], [ -79.963601195195082, 40.438588750739051 ], [ -79.964082795376967, 40.438523271794452 ], [ -79.96417948030286, 40.438599183907797 ], [ -79.964312800471092, 40.438581057065328 ], [ -79.96461560109941, 40.438818356520272 ], [ -79.964536201314587, 40.438877056668488 ], [ -79.964324800000014, 40.4389058 ], [ -79.964298004684437, 40.438884784078517 ], [ -79.9642111, 40.4388966 ], [ -79.964045751644377, 40.438767083177808 ], [ -79.963978498237211, 40.438817072400518 ], [ -79.963955588629972, 40.438820187230668 ], [ -79.963906127356694, 40.438854350945718 ], [ -79.96404950137044, 40.438834857559343 ], [ -79.964073098489621, 40.43885395299359 ], [ -79.964096601402161, 40.438850757473659 ], [ -79.964383002017982, 40.439082056958469 ], [ -79.964369702052963, 40.439091556983257 ], [ -79.964466303026512, 40.439169497069884 ], [ -79.9645526, 40.4391283 ], [ -79.96476400192546, 40.439099556260366 ], [ -79.964802265357534, 40.439145930993867 ], [ -79.964844002022346, 40.439140256115401 ], [ -79.96503700268218, 40.439374055771616 ], [ -79.965004002744607, 40.439389855832843 ], [ -79.965039902867375, 40.439433355768898 ], [ -79.964920103093803, 40.439490655991115 ], [ -79.964783407739716, 40.439509242201758 ], [ -79.964792649505597, 40.43951629059562 ], [ -79.964987803064759, 40.439489755866902 ], [ -79.96511370300469, 40.439486155635819 ], [ -79.965121903536925, 40.439656555628204 ], [ -79.964960669786478, 40.439678478491111 ], [ -79.964954366153037, 40.439683304937965 ], [ -79.965077703623152, 40.439678555710252 ], [ -79.965093004348375, 40.439911255692337 ], [ -79.965027121610049, 40.439920213706053 ], [ -79.965031304600672, 40.439983955808678 ], [ -79.965073504579024, 40.439982255731195 ], [ -79.965081304944547, 40.440099555722021 ], [ -79.9648699, 40.4401283 ], [ -79.964749, 40.4401329 ], [ -79.9647428, 40.4400391 ], [ -79.9647061, 40.4400405 ], [ -79.964696703445085, 40.439898594947749 ], [ -79.964567648272919, 40.439997424448478 ], [ -79.964539945623599, 40.440001191021217 ], [ -79.964635948743634, 40.440074324181786 ], [ -79.96417175157957, 40.440429726078349 ], [ -79.963790205171335, 40.440481600449445 ], [ -79.963813706694395, 40.440500258064652 ], [ -79.963789431416686, 40.440518274514943 ], [ -79.963830006727363, 40.440512758035297 ], [ -79.96385610678135, 40.440533157988327 ], [ -79.963833206554341, 40.440550175705496 ], [ -79.963867906815437, 40.440545457967218 ], [ -79.963894206869668, 40.440565957919866 ], [ -79.963869882394604, 40.440583967486567 ], [ -79.96391040690267, 40.440578457890709 ], [ -79.963936606956622, 40.44059885784354 ], [ -79.963962807011839, 40.440619657796383 ], [ -79.963938554089879, 40.440637657654854 ], [ -79.963979007044841, 40.440632157767205 ], [ -79.964005407099023, 40.440652657719696 ], [ -79.964031707153268, 40.440673157672336 ], [ -79.964007382611953, 40.44069116728808 ], [ -79.96404790718627, 40.440685657643165 ], [ -79.964074107240251, 40.440706057595996 ], [ -79.964100307295439, 40.44072685754886 ], [ -79.964076054307526, 40.440744857456274 ], [ -79.964116507328455, 40.440739357519675 ], [ -79.964142707382408, 40.44075975747252 ], [ -79.964022807708787, 40.440848857696331 ], [ -79.9638114, 40.4408776 ], [ -79.963777, 40.4408507 ], [ -79.9637427, 40.4408239 ], [ -79.9637083, 40.440797 ], [ -79.963674200000014, 40.4407704 ], [ -79.9636395, 40.4407435 ], [ -79.9636052, 40.440716700000017 ], [ -79.9635708, 40.4406898 ], [ -79.9635367, 40.4406632 ], [ -79.963559466055074, 40.440646287015504 ], [ -79.9635248, 40.440651 ], [ -79.963512451615983, 40.440641343854502 ], [ -79.96349347324248, 40.440655978325829 ], [ -79.963475512540015, 40.440658420143329 ], [ -79.96347780732718, 40.440660258687799 ], [ -79.963512107399382, 40.440687458626066 ], [ -79.963545807471462, 40.440714558565446 ], [ -79.963579807544079, 40.440741858504268 ], [ -79.963613507615577, 40.440768758443625 ], [ -79.963590523009671, 40.440785395396084 ], [ -79.963628307645976, 40.440780258416964 ], [ -79.96366230771828, 40.440807458355799 ], [ -79.963696107790653, 40.440834658294989 ], [ -79.963730007863006, 40.440861858233994 ], [ -79.963763707934802, 40.440888858173388 ], [ -79.963798008006677, 40.440915958111631 ], [ -79.963831708079098, 40.440943158051006 ], [ -79.963865708151388, 40.440970357989819 ], [ -79.963899408223185, 40.440997357929184 ], [ -79.963778108546038, 40.441085158155524 ], [ -79.9635667, 40.4411139 ], [ -79.963540800000018, 40.4410932 ], [ -79.963566104220419, 40.441074884569446 ], [ -79.9635248, 40.4410805 ], [ -79.9634989, 40.4410598 ], [ -79.963473, 40.4410388 ], [ -79.963498378408829, 40.441020474503318 ], [ -79.963457, 40.4410261 ], [ -79.963431, 40.4410054 ], [ -79.9634051, 40.4409846 ], [ -79.963430234043031, 40.440966407745478 ], [ -79.9633891, 40.440972 ], [ -79.9633633, 40.4409513 ], [ -79.9633374, 40.440930299999984 ], [ -79.96336279450081, 40.440911858760529 ], [ -79.9633213, 40.4409175 ], [ -79.9632955, 40.440896899999977 ], [ -79.963318622725737, 40.440880157955434 ], [ -79.963280800000021, 40.440885299999984 ], [ -79.9632549, 40.4408646 ], [ -79.963280204076909, 40.440846284673306 ], [ -79.9632389, 40.4408519 ], [ -79.963213, 40.4408313 ], [ -79.9631871, 40.4408102 ], [ -79.963212478264637, 40.440791874607442 ], [ -79.9631711, 40.440797499999988 ], [ -79.9631451, 40.4407768 ], [ -79.9631192, 40.4407561 ], [ -79.963144504008795, 40.440737784722629 ], [ -79.9631032, 40.4407434 ], [ -79.9630774, 40.440722699999988 ], [ -79.963066673005244, 40.440714002438945 ], [ -79.962992551265486, 40.440724079225966 ], [ -79.96288927652904, 40.44080468355142 ], [ -79.963138977799247, 40.440921681428392 ], [ -79.963030931206902, 40.441045976181861 ], [ -79.963836160231438, 40.44147477299466 ], [ -79.963575863607161, 40.44176027465209 ], [ -79.963394736538774, 40.4417848990335 ], [ -79.9632782529835, 40.441910140658258 ], [ -79.963256148074763, 40.441913145789833 ], [ -79.963231353483607, 40.44194384101101 ], [ -79.963249653558918, 40.44195204087714 ], [ -79.963247153705979, 40.441963340897622 ], [ -79.963243853853001, 40.441974540923987 ], [ -79.96323995399969, 40.441985640954805 ], [ -79.963235354144942, 40.441996540990736 ], [ -79.963230054290051, 40.442007341031825 ], [ -79.963224054432402, 40.442017841078048 ], [ -79.963217454573183, 40.44202814112866 ], [ -79.963210154711263, 40.442038141184419 ], [ -79.963202254847729, 40.44204794124456 ], [ -79.963193754981333, 40.442057441309096 ], [ -79.963184655110808, 40.44206654137799 ], [ -79.963175755238723, 40.442075541445398 ], [ -79.963166155362657, 40.442084141517888 ], [ -79.96315595548117, 40.442092241594764 ], [ -79.963145255595421, 40.442099941675238 ], [ -79.96313395570553, 40.442107241760084 ], [ -79.963122155810069, 40.442114041848534 ], [ -79.963109855907817, 40.4421202419406 ], [ -79.96309725600095, 40.442126042034772 ], [ -79.963084156087277, 40.442131242132568 ], [ -79.963084156121482, 40.442133942133047 ], [ -79.963050216138654, 40.442138556148869 ], [ -79.963033456486897, 40.442156542511952 ], [ -79.963059056621759, 40.44217034232507 ], [ -79.96304982429011, 40.442180198209357 ], [ -79.963350847439159, 40.442139274877462 ], [ -79.963552748251999, 40.442286774109846 ], [ -79.963626948550655, 40.442340973827747 ], [ -79.963623093311924, 40.442344388506825 ], [ -79.963677035888239, 40.442337054955914 ], [ -79.96362, 40.442307 ], [ -79.9638546, 40.442049 ], [ -79.9638416, 40.442042200000024 ], [ -79.9640477, 40.4418155 ], [ -79.964681931176699, 40.441729270744474 ], [ -79.964825831723161, 40.441804969962533 ], [ -79.964799043644533, 40.441834420088021 ], [ -79.965009762943765, 40.441805769970493 ], [ -79.965109020473179, 40.44180139075587 ], [ -79.9651069, 40.441772 ], [ -79.965372757483493, 40.441735852270995 ], [ -79.965372598269411, 40.441733607866794 ], [ -79.9652616, 40.4417487 ], [ -79.9650998, 40.4417556 ], [ -79.9650957, 40.4416995 ], [ -79.965180894667085, 40.44168791643947 ], [ -79.965099, 40.4416914 ], [ -79.965096067718008, 40.441651219817061 ], [ -79.964886600000014, 40.4416797 ], [ -79.9647242, 40.4416869 ], [ -79.9647208, 40.4416412 ], [ -79.964886182725294, 40.441618714077237 ], [ -79.96474, 40.4416252 ], [ -79.964736, 40.441572 ], [ -79.964947409532726, 40.441543256030677 ], [ -79.965087440810123, 40.441537042782386 ], [ -79.965086306900815, 40.441521555236513 ], [ -79.9648771, 40.44155 ], [ -79.964735100000013, 40.4415562 ], [ -79.9647317, 40.4415114 ], [ -79.964841803706108, 40.441496429961141 ], [ -79.964716, 40.441502 ], [ -79.9647117, 40.4414457 ], [ -79.964845773381384, 40.441427470959802 ], [ -79.964709, 40.4414335 ], [ -79.9647046, 40.4413756 ], [ -79.964968861132789, 40.441339670038836 ], [ -79.965080064835846, 40.441334770961952 ], [ -79.9650779, 40.4413048 ], [ -79.965338971627475, 40.441269302789053 ], [ -79.96533876760887, 40.441266446529191 ], [ -79.9651979, 40.441285599999986 ], [ -79.9650761, 40.441290799999962 ], [ -79.965074237409951, 40.441265216784643 ], [ -79.964928330897436, 40.441285055037007 ], [ -79.965070208654367, 40.441278855793861 ], [ -79.965073608794143, 40.441323755789604 ], [ -79.9648622, 40.4413525 ], [ -79.9646996, 40.4413597 ], [ -79.9646963, 40.4413147 ], [ -79.964838856528061, 40.441295317536813 ], [ -79.9646923, 40.4413018 ], [ -79.964688, 40.4412453 ], [ -79.964952260629033, 40.441209370069785 ], [ -79.965070558851579, 40.441204140388557 ], [ -79.965069642142083, 40.441191673136309 ], [ -79.9648488, 40.4412217 ], [ -79.964696100000012, 40.4412284 ], [ -79.9646928, 40.4411854 ], [ -79.964957060391441, 40.441149470055507 ], [ -79.965063215592764, 40.441144812071009 ], [ -79.965062400899185, 40.441133732236906 ], [ -79.9648442, 40.4411634 ], [ -79.9646998, 40.4411698 ], [ -79.964696100000012, 40.4411215 ], [ -79.964960360138875, 40.44108557004445 ], [ -79.965059959466473, 40.441081224432416 ], [ -79.9650571, 40.441042 ], [ -79.965322286931581, 40.441005943131131 ], [ -79.9653202, 40.4409764 ], [ -79.965463278385258, 40.440956945678423 ], [ -79.965325, 40.4409627 ], [ -79.965323739252909, 40.440944802883457 ], [ -79.9651649, 40.4409664 ], [ -79.9650569, 40.440971 ], [ -79.965054650062385, 40.440940578981944 ], [ -79.964919928428912, 40.440958896557419 ], [ -79.965041707643252, 40.440953555831939 ], [ -79.965045307795819, 40.441002555827481 ], [ -79.9648339, 40.4410313 ], [ -79.9646835, 40.4410379 ], [ -79.9646798, 40.4409889 ], [ -79.964810395930229, 40.440971143671426 ], [ -79.9646803, 40.4409768 ], [ -79.964677, 40.4409331 ], [ -79.964824111708552, 40.440913098096402 ], [ -79.964672, 40.4409197 ], [ -79.9646685, 40.440873 ], [ -79.964932759176179, 40.440837070094169 ], [ -79.965041260816349, 40.44083236070928 ], [ -79.9650375, 40.4407806 ], [ -79.965248906929233, 40.440751855443075 ], [ -79.965306832513917, 40.440749376671747 ], [ -79.965306377562271, 40.440742953826813 ], [ -79.965166300000021, 40.440762 ], [ -79.9650356, 40.4407676 ], [ -79.9650316, 40.4407125 ], [ -79.96509722043676, 40.440703577764438 ], [ -79.9650324, 40.4407063 ], [ -79.9650282, 40.4406483 ], [ -79.965131931938927, 40.440634195815335 ], [ -79.965027067522641, 40.440638597165986 ], [ -79.965028106702079, 40.440652355843739 ], [ -79.9648167, 40.4406811 ], [ -79.964752, 40.440684 ], [ -79.964751846977634, 40.440681971972182 ], [ -79.9645332, 40.4407117 ], [ -79.9644651, 40.4407147 ], [ -79.9644577, 40.4406167 ], [ -79.964545164548085, 40.440604808099486 ], [ -79.9645448, 40.4406 ], [ -79.964756206552551, 40.440571256338934 ], [ -79.964795045123125, 40.440569524617416 ], [ -79.964913858071029, 40.440553370122025 ], [ -79.964945097088375, 40.440551971293218 ], [ -79.964955506410348, 40.440550555972472 ], [ -79.965020206376494, 40.440547755853679 ], [ -79.965024271328872, 40.44060157569335 ], [ -79.9650219, 40.4405694 ], [ -79.965248193120715, 40.440538631308343 ], [ -79.9652284, 40.4405391 ], [ -79.9652246, 40.4404443 ], [ -79.965436005800086, 40.440415555085195 ], [ -79.965637905642723, 40.440390354713756 ], [ -79.965642506002908, 40.44050555471037 ], [ -79.965489674830536, 40.440526335506497 ], [ -79.965490014584987, 40.440531044200611 ], [ -79.965597109146813, 40.440516482337046 ], [ -79.965762209018834, 40.440509681882332 ], [ -79.965766709316, 40.44057328187413 ], [ -79.965528214601534, 40.440605710667725 ], [ -79.965667706289764, 40.440599954668237 ], [ -79.965671606461058, 40.440654954663493 ], [ -79.965480653994774, 40.440680918849651 ], [ -79.965481076354138, 40.440686736475662 ], [ -79.965568358231423, 40.440674868627987 ], [ -79.965720158133195, 40.440668568279577 ], [ -79.965723558320093, 40.440716568274404 ], [ -79.9654593, 40.4407525 ], [ -79.965357094854085, 40.440756741737609 ], [ -79.96535815672722, 40.440771383782696 ], [ -79.965533406805548, 40.440747554921053 ], [ -79.965682606728606, 40.440741454647103 ], [ -79.965685806871903, 40.440787454643214 ], [ -79.9654744, 40.440816199999979 ], [ -79.965421452209142, 40.440818401741168 ], [ -79.965422154881949, 40.440827998262719 ], [ -79.965602558719965, 40.440803468556581 ], [ -79.96573995863109, 40.440797768241239 ], [ -79.965742958798899, 40.440840868236698 ], [ -79.965647238834322, 40.440853883533805 ], [ -79.965775985428081, 40.440848606681215 ], [ -79.9657735, 40.4408135 ], [ -79.965984906747565, 40.44078475409448 ], [ -79.966084906695968, 40.440780653910878 ], [ -79.966085428976356, 40.440788030800938 ], [ -79.96618380663881, 40.4407746537292 ], [ -79.966240606609247, 40.440772253624914 ], [ -79.966243506737911, 40.440813553621382 ], [ -79.966088726071732, 40.440834600217279 ], [ -79.96608890687196, 40.440837153905996 ], [ -79.9658775, 40.4408659 ], [ -79.965797620033428, 40.440869175085624 ] ], [ [ -79.957542365963747, 40.445093094776006 ], [ -79.95776, 40.4449414 ], [ -79.957953114605843, 40.444915156962182 ], [ -79.958063100000018, 40.4448343 ], [ -79.958119770561169, 40.444826598702619 ], [ -79.958161, 40.4447986 ], [ -79.9582018201111, 40.444793052677994 ], [ -79.9580654, 40.4446874 ], [ -79.9582072, 40.4445861 ], [ -79.9581911, 40.4445708 ], [ -79.9583493, 40.4444545 ], [ -79.958402445627414, 40.444447277546821 ], [ -79.9584958, 40.4443819 ], [ -79.958834945155417, 40.444335809467397 ], [ -79.9586752, 40.4442078 ], [ -79.9588947, 40.4440585 ], [ -79.9592263, 40.4438239 ], [ -79.959372908490565, 40.443803974593024 ], [ -79.9593624, 40.4437957 ], [ -79.9593707, 40.4437896 ], [ -79.9593348, 40.4437614 ], [ -79.9593665, 40.4437381 ], [ -79.9593584, 40.4437316 ], [ -79.9594384, 40.4436728 ], [ -79.959470959316263, 40.443668374841849 ], [ -79.9595603, 40.443602699999985 ], [ -79.959581914565334, 40.44359976232434 ], [ -79.9596118, 40.4435778 ], [ -79.9595932, 40.4435631 ], [ -79.9596515, 40.4435203 ], [ -79.959690667613586, 40.443514976614793 ], [ -79.959714, 40.4434978 ], [ -79.9596999, 40.4434867 ], [ -79.9598827, 40.4433523 ], [ -79.9599233, 40.443322399999985 ], [ -79.960333632035102, 40.443266628690786 ], [ -79.96031196238701, 40.443254356827914 ], [ -79.9602366, 40.4432646 ], [ -79.960011508387467, 40.443139944803335 ], [ -79.959875151403139, 40.443282697400988 ], [ -79.9592409, 40.44336890000001 ], [ -79.959066938888526, 40.443272694188671 ], [ -79.958981486338615, 40.443332803395229 ], [ -79.959000286509607, 40.443351203281281 ], [ -79.958519090735891, 40.443689506317668 ], [ -79.958338360580584, 40.443714067804798 ], [ -79.958346025619988, 40.443725954967704 ], [ -79.958313827522517, 40.443749556287855 ], [ -79.958316228482303, 40.443763756204859 ], [ -79.958293629840796, 40.443780657131747 ], [ -79.958263326355194, 40.44378477537277 ], [ -79.958134238069732, 40.443880263650193 ], [ -79.958133839274225, 40.443897663683082 ], [ -79.958110040663598, 40.443914864658616 ], [ -79.958082772974706, 40.443918570282676 ], [ -79.958082465321851, 40.443918788924293 ], [ -79.958119859389569, 40.443913707144091 ], [ -79.958307160609081, 40.444066106133377 ], [ -79.958044376949957, 40.444255994546765 ], [ -79.958221321104929, 40.444397268494029 ], [ -79.95783572212278, 40.44467366921355 ], [ -79.957743409552364, 40.444686213896382 ], [ -79.957724433461465, 40.444705104274554 ], [ -79.957796533658168, 40.444755704079469 ], [ -79.957596234493792, 40.444908304640727 ], [ -79.957538855551675, 40.444916101925422 ], [ -79.957641505804247, 40.444998811958342 ], [ -79.957503593431611, 40.44509836358484 ], [ -79.957542365963747, 40.445093094776006 ] ], [ [ -79.9579203, 40.4431479 ], [ -79.9577293, 40.4429986 ], [ -79.957852143088999, 40.442908873144511 ], [ -79.957404886391231, 40.442969653536117 ], [ -79.957416086510989, 40.442978653435361 ], [ -79.957104890624677, 40.443202156338899 ], [ -79.956982269500315, 40.44321881934367 ], [ -79.956932991772618, 40.443254057927007 ], [ -79.957000492507902, 40.443309157320002 ], [ -79.956976777133946, 40.443326107372151 ], [ -79.957833188503301, 40.44320972683721 ], [ -79.9579203, 40.4431479 ] ], [ [ -79.955852100000016, 40.4424964 ], [ -79.9560203, 40.4423762 ], [ -79.956147, 40.4422841 ], [ -79.9562162, 40.442235 ], [ -79.956389230242209, 40.442107541091929 ], [ -79.95574653620902, 40.442194872809708 ], [ -79.955830741476348, 40.442262458290806 ], [ -79.955928515240927, 40.442249172605649 ], [ -79.955972915335948, 40.442284872525768 ], [ -79.955953915386658, 40.442298672561222 ], [ -79.955882415577392, 40.442350572694686 ], [ -79.955890615594981, 40.442357172679941 ], [ -79.955845015723227, 40.44239237276512 ], [ -79.955836413115549, 40.442398482778501 ], [ -79.955835423699384, 40.442401809320593 ], [ -79.955826923793396, 40.442420709345257 ], [ -79.955815823884706, 40.442438709376994 ], [ -79.955802323972179, 40.442455609415255 ], [ -79.955800783539431, 40.442457140111252 ], [ -79.955936398132167, 40.442568329672262 ], [ -79.955939625401882, 40.442567891145281 ], [ -79.955852100000016, 40.4424964 ] ], [ [ -79.957718363058987, 40.442070565153735 ], [ -79.9574464, 40.4418458 ], [ -79.957276098094226, 40.441709247792211 ], [ -79.957260299883529, 40.441720865028842 ], [ -79.957200416361118, 40.441729002908573 ], [ -79.957392933427855, 40.441880743643843 ], [ -79.957310701756967, 40.441941190548576 ], [ -79.95733670042577, 40.441961665622792 ], [ -79.957370300491661, 40.441988165566109 ], [ -79.957234500834929, 40.442087965803772 ], [ -79.9570363, 40.4421149 ], [ -79.956763353632297, 40.441896401385904 ], [ -79.956566516088884, 40.442039133401714 ], [ -79.95678012130503, 40.442010106695299 ], [ -79.956957121654398, 40.442106006214587 ], [ -79.956898216172519, 40.442148694277797 ], [ -79.956947317573082, 40.442175346510574 ], [ -79.957718363058987, 40.442070565153735 ] ], [ [ -79.961433035482813, 40.44409237535686 ], [ -79.9613081, 40.4440232 ], [ -79.9611711, 40.4439473 ], [ -79.96155305815256, 40.443895381526019 ], [ -79.9615443, 40.4438078 ], [ -79.9615514, 40.443704899999986 ], [ -79.9615993, 40.4435884 ], [ -79.9616626, 40.4434927 ], [ -79.961739394051875, 40.44342295854112 ], [ -79.961699674180608, 40.443428357719661 ], [ -79.961491524544016, 40.443581445385341 ], [ -79.961545025325208, 40.443623544711251 ], [ -79.961530025607843, 40.443634544907226 ], [ -79.961557826014285, 40.443656444556964 ], [ -79.961497827146985, 40.443700545340953 ], [ -79.961283707718323, 40.443729650132745 ], [ -79.961168330545348, 40.443814449607025 ], [ -79.96046413097659, 40.443910166092351 ], [ -79.960526486088796, 40.443957092170997 ], [ -79.960700687752635, 40.444096190760405 ], [ -79.960680888453226, 40.444143290933155 ], [ -79.960748894891765, 40.444194490206854 ], [ -79.9608465, 40.4441721 ], [ -79.961433035482813, 40.44409237535686 ] ], [ [ -79.960645685792571, 40.44062964722341 ], [ -79.9605835, 40.4406381 ], [ -79.960565296534369, 40.440623463432523 ], [ -79.9605356, 40.4406275 ], [ -79.9604399, 40.4405508 ], [ -79.9604651, 40.4405324 ], [ -79.9604483, 40.4405189 ], [ -79.9605504, 40.440444 ], [ -79.96058446557754, 40.440439369541508 ], [ -79.960584465577554, 40.440439369541508 ], [ -79.9608102, 40.440278 ], [ -79.961115107426295, 40.440236553408113 ], [ -79.9611407, 40.44022 ], [ -79.961131961116891, 40.440211816697769 ], [ -79.960383120637715, 40.440313606494556 ], [ -79.96049738953873, 40.440405020588443 ], [ -79.960316790446285, 40.440536821220434 ], [ -79.959993527614799, 40.440580760347224 ], [ -79.960099721950002, 40.440665462940729 ], [ -79.960042322334658, 40.440707363208553 ], [ -79.959665806041329, 40.440758539592665 ], [ -79.959732463469607, 40.440814051189172 ], [ -79.959710261984114, 40.440829620686976 ], [ -79.959812425819251, 40.4409147332968 ], [ -79.959635826745014, 40.441038033965818 ], [ -79.9592064, 40.4410964 ], [ -79.9591541, 40.4410538 ], [ -79.9591225, 40.4410277 ], [ -79.959095103486248, 40.441005539680731 ], [ -79.959017371716214, 40.441062394260904 ], [ -79.959020497173512, 40.441064962690191 ], [ -79.959002243594284, 40.441077938602739 ], [ -79.959097562894442, 40.4410649834862 ], [ -79.959283163402134, 40.441217083068992 ], [ -79.958763221434211, 40.441583776910967 ], [ -79.958840964094392, 40.441647079453034 ], [ -79.95842206701559, 40.441945481528947 ], [ -79.95822386703108, 40.441972417773378 ], [ -79.95822386703108, 40.441972417773378 ], [ -79.958238367086253, 40.441984417728548 ], [ -79.958210990807373, 40.442003616550089 ], [ -79.958406489912534, 40.441977047405466 ], [ -79.958496414471611, 40.442050517422324 ], [ -79.959099871680252, 40.441968502457961 ], [ -79.959203671478519, 40.441962301812914 ], [ -79.959316771464415, 40.44197490111295 ], [ -79.959397652753935, 40.441991638859115 ], [ -79.959489, 40.4418891 ], [ -79.959553173567429, 40.441880377834757 ], [ -79.9595596, 40.441873200000018 ], [ -79.959693474784643, 40.441855004245561 ], [ -79.9596138, 40.4418119 ], [ -79.959676706625729, 40.44173715963074 ], [ -79.9592379, 40.4417968 ], [ -79.9590135, 40.4416148 ], [ -79.9594586, 40.441297 ], [ -79.959804129829919, 40.441250036422709 ], [ -79.9596574, 40.4411761 ], [ -79.9596732, 40.441158 ], [ -79.9596387, 40.4411376 ], [ -79.9597433, 40.4410184 ], [ -79.9601237, 40.4407486 ], [ -79.960606661324363, 40.440682953303686 ], [ -79.9605869, 40.440672300000017 ], [ -79.960645685792571, 40.44062964722341 ] ], [ [ -79.962284965953458, 40.439842750675204 ], [ -79.962468214503616, 40.439817838897085 ], [ -79.9624524, 40.4398054 ], [ -79.962418, 40.4397785 ], [ -79.9623838, 40.4397519 ], [ -79.962412177282161, 40.439730835995263 ], [ -79.9623661, 40.4397371 ], [ -79.962331600000013, 40.4397102 ], [ -79.9622974, 40.4396834 ], [ -79.962263, 40.4396565 ], [ -79.9622289, 40.4396299 ], [ -79.9621941, 40.439603 ], [ -79.9621599, 40.4395762 ], [ -79.9621255, 40.439549300000017 ], [ -79.9620914, 40.4395227 ], [ -79.962152212827121, 40.439477521901821 ], [ -79.962031, 40.439494 ], [ -79.9619368, 40.4394199 ], [ -79.9621055, 40.4392945 ], [ -79.962141985003285, 40.439289540074085 ], [ -79.9621712, 40.4392678 ], [ -79.9621681, 40.4392654 ], [ -79.9624763, 40.4390364 ], [ -79.962508485162132, 40.43903202448832 ], [ -79.9625158, 40.4390266 ], [ -79.962885837571164, 40.438976293379405 ], [ -79.963001732012444, 40.438886482490098 ], [ -79.962102, 40.4390088 ], [ -79.962100087558895, 40.439007350204164 ], [ -79.962046756443428, 40.439045750508576 ], [ -79.962121890277487, 40.439105857276338 ], [ -79.961977290640988, 40.439211457529339 ], [ -79.96177922265899, 40.439238383325595 ], [ -79.961700961957121, 40.439294733185569 ], [ -79.961817170921833, 40.439384032000909 ], [ -79.961690071386926, 40.439479832316103 ], [ -79.961596635163801, 40.439492533991107 ], [ -79.96160772358192, 40.439501367906111 ], [ -79.961367778924753, 40.439675765748838 ], [ -79.961582171567869, 40.439849934991571 ], [ -79.961565947365131, 40.439861501960301 ], [ -79.961619781104119, 40.439905217840803 ], [ -79.962255563157754, 40.439818788797922 ], [ -79.962284965953458, 40.439842750675204 ] ], [ [ -79.961578762340892, 40.438415220231676 ], [ -79.961446772200006, 40.438509746673098 ], [ -79.961222150245177, 40.438540281534685 ], [ -79.961278656550462, 40.438582232767565 ], [ -79.961713655412723, 40.438523098899509 ], [ -79.961578762340892, 40.438415220231676 ] ], [ [ -79.965192304683285, 40.441099574090295 ], [ -79.965106597140675, 40.441103200409948 ], [ -79.965107206994304, 40.441111144585335 ], [ -79.965192304683285, 40.441099574090295 ] ], [ [ -79.965424149136041, 40.440617463679693 ], [ -79.965419425095888, 40.440617661113066 ], [ -79.965419457000209, 40.440618101672776 ], [ -79.965424149136041, 40.440617463679693 ] ], [ [ -79.9651488, 40.4408284 ], [ -79.965103306634262, 40.440830304385734 ], [ -79.965103697671083, 40.440835521665335 ], [ -79.965302658884781, 40.44080846924448 ], [ -79.965324237166143, 40.440807552538928 ], [ -79.965324024025591, 40.440804575030462 ], [ -79.9651488, 40.4408284 ] ], [ [ -79.965100656209557, 40.44089949795773 ], [ -79.965340283725951, 40.440866916203923 ], [ -79.965340273536142, 40.440866774861703 ], [ -79.9651599, 40.4408913 ], [ -79.965100228381417, 40.440893832766314 ], [ -79.965100656209557, 40.44089949795773 ] ], [ [ -79.96504185022178, 40.44089279635606 ], [ -79.965041313529113, 40.44088526815721 ], [ -79.964959662908228, 40.440896369894269 ], [ -79.96504185022178, 40.44089279635606 ] ], [ [ -79.963225660312872, 40.443147365730809 ], [ -79.963208756053476, 40.443149663787224 ], [ -79.963221771631311, 40.443151106542587 ], [ -79.963225660312872, 40.443147365730809 ] ], [ [ -79.9627585, 40.442998899999978 ], [ -79.962612816013774, 40.442931471941336 ], [ -79.9625773, 40.4429363 ], [ -79.962406075140763, 40.442831379230327 ], [ -79.961930984085569, 40.443303842685715 ], [ -79.9619374, 40.4433007 ], [ -79.9621418, 40.4432423 ], [ -79.962845417495629, 40.44314665105032 ], [ -79.962949948903415, 40.443138002671482 ], [ -79.96292032933016, 40.443116840905866 ], [ -79.9628353, 40.4431284 ], [ -79.9627284, 40.4430701 ], [ -79.9627585, 40.442998899999978 ] ], [ [ -79.964964131839253, 40.442370976345146 ], [ -79.965084065063849, 40.442354669830081 ], [ -79.965157825347617, 40.44235139781928 ], [ -79.965155602812942, 40.442315420538151 ], [ -79.964995954550318, 40.442337126926851 ], [ -79.964964131839253, 40.442370976345146 ] ], [ [ -79.965409511315258, 40.442208279385049 ], [ -79.965263, 40.4422282 ], [ -79.9651463, 40.442233099999982 ], [ -79.9651419, 40.4421716 ], [ -79.96535331125969, 40.442142855312312 ], [ -79.965407592709823, 40.442140574101771 ], [ -79.965407175130437, 40.442134635196197 ], [ -79.9652927, 40.4421502 ], [ -79.965191490222921, 40.442153261937356 ], [ -79.96519176423476, 40.442156869572358 ], [ -79.9649275, 40.4421928 ], [ -79.964817471911715, 40.442197645299252 ], [ -79.964804846727532, 40.442211069258057 ], [ -79.964822828478319, 40.44222087262731 ], [ -79.964979611582564, 40.442199556000254 ], [ -79.96512791150441, 40.44219295572794 ], [ -79.96513091162673, 40.442232255724164 ], [ -79.9649195, 40.442261 ], [ -79.964898148475797, 40.442261935850702 ], [ -79.964934391673438, 40.442281695010664 ], [ -79.965044164737876, 40.442266769916777 ], [ -79.965153345422749, 40.442261943208408 ], [ -79.9651522, 40.4422463 ], [ -79.965409727720882, 40.442211285018047 ], [ -79.965409511315258, 40.442208279385049 ] ], [ [ -79.96540151445403, 40.442068652630574 ], [ -79.9652754, 40.4420858 ], [ -79.965102, 40.4420924 ], [ -79.9650993, 40.442051299999989 ], [ -79.965263816449777, 40.442028931453756 ], [ -79.9651285, 40.4420347 ], [ -79.9651243, 40.4419774 ], [ -79.965258477137326, 40.441959156517505 ], [ -79.9651254, 40.4419648 ], [ -79.965121544529254, 40.441911962531037 ], [ -79.9649043, 40.4419415 ], [ -79.9647486, 40.4419484 ], [ -79.9647457, 40.4419098 ], [ -79.965009963211145, 40.441873869973747 ], [ -79.965124076835565, 40.441868812670684 ], [ -79.96512305823731, 40.441855047040441 ], [ -79.9649057, 40.4418846 ], [ -79.9647492, 40.4418914 ], [ -79.964749049765572, 40.44188938198733 ], [ -79.96470203314999, 40.44194107066162 ], [ -79.964754963753549, 40.441968938715618 ], [ -79.964961510776661, 40.441940856022178 ], [ -79.965114310696123, 40.441934055741591 ], [ -79.965117210812835, 40.441971555737901 ], [ -79.9649058, 40.4420003 ], [ -79.964821546161801, 40.442003994401588 ], [ -79.964866133773853, 40.442027469769904 ], [ -79.964847049516379, 40.442048477778073 ], [ -79.964920245819982, 40.442088368800249 ], [ -79.96488302346846, 40.442127946293311 ], [ -79.965024064126993, 40.442108769954231 ], [ -79.965156892301906, 40.442102920349136 ], [ -79.965372763819929, 40.442073569152782 ], [ -79.965401800071533, 40.442072690670436 ], [ -79.96540151445403, 40.442068652630574 ] ], [ [ -79.965411245272662, 40.442271099799214 ], [ -79.9652818, 40.4422887 ], [ -79.965195867552225, 40.442292379913674 ], [ -79.965196679235561, 40.442303260285456 ], [ -79.965411456083288, 40.442274057947742 ], [ -79.965411245272662, 40.442271099799214 ] ], [ [ -79.965376830598856, 40.441666143738885 ], [ -79.965358932114313, 40.441668577358264 ], [ -79.965376948734502, 40.441667820139948 ], [ -79.965376830598856, 40.441666143738885 ] ], [ [ -79.96572270024501, 40.441318588116921 ], [ -79.965499011260292, 40.441349003290078 ], [ -79.965499358761392, 40.441353736569084 ], [ -79.965616060812408, 40.441337868554783 ], [ -79.965723746883583, 40.441333402082883 ], [ -79.96572270024501, 40.441318588116921 ] ], [ [ -79.9652311, 40.4413608 ], [ -79.96513016785859, 40.441365076231442 ], [ -79.965131137678682, 40.441378134282616 ], [ -79.965341960990671, 40.441349469183884 ], [ -79.965347864899101, 40.441349220350318 ], [ -79.965347560366638, 40.441344965128408 ], [ -79.9652311, 40.4413608 ] ], [ [ -79.96511183802302, 40.441169841810044 ], [ -79.965112494829214, 40.441178399756488 ], [ -79.965203850072641, 40.441165978445973 ], [ -79.96511183802302, 40.441169841810044 ] ], [ [ -79.965140629197307, 40.441504417901143 ], [ -79.965356654550817, 40.44147504553159 ], [ -79.965356523077162, 40.441473195162239 ], [ -79.9652116, 40.4414929 ], [ -79.965139998026771, 40.441496101730287 ], [ -79.965140629197307, 40.441504417901143 ] ], [ [ -79.965086580831226, 40.441471513181789 ], [ -79.96508617916561, 40.441466164686638 ], [ -79.965028043144144, 40.441474069183755 ], [ -79.965086580831226, 40.441471513181789 ] ], [ [ -79.965136423174201, 40.441433134111307 ], [ -79.965136988930595, 40.441440704074388 ], [ -79.965215065399093, 40.44143008827416 ], [ -79.965136423174201, 40.441433134111307 ] ], [ [ -79.96507862391023, 40.441397835338144 ], [ -79.964997877119643, 40.441408814119733 ], [ -79.965079176138275, 40.441405268030856 ], [ -79.96507862391023, 40.441397835338144 ] ], [ [ -79.96535873663953, 40.441604881378005 ], [ -79.965356, 40.4415665 ], [ -79.965485267847811, 40.441548923629547 ], [ -79.9653628, 40.441554 ], [ -79.965362189593435, 40.441545420401198 ], [ -79.9652454, 40.441561299999982 ], [ -79.965096230410154, 40.441567623185328 ], [ -79.965097909621207, 40.441589955756641 ], [ -79.964985379326762, 40.44160525595445 ], [ -79.965147462061282, 40.441598069643433 ], [ -79.965150079691739, 40.441633251836464 ], [ -79.96535873663953, 40.441604881378005 ] ], [ [ -79.965168474995266, 40.441829169461109 ], [ -79.965169181335042, 40.441838425754398 ], [ -79.965333710240358, 40.441816055333973 ], [ -79.96537220277736, 40.441814418499433 ], [ -79.965371874957754, 40.441809821576271 ], [ -79.9652573, 40.4418254 ], [ -79.965168474995266, 40.441829169461109 ] ], [ [ -79.965251557777236, 40.441886748611005 ], [ -79.965167418181352, 40.441890329030727 ], [ -79.965168002736419, 40.441898109254758 ], [ -79.965251557777236, 40.441886748611005 ] ], [ [ -79.965366486067765, 40.442015259615516 ], [ -79.965405844235477, 40.442013784182365 ], [ -79.965405573070711, 40.442009945061471 ], [ -79.965366486067765, 40.442015259615516 ] ], [ [ -79.965409311373818, 40.442340827692661 ], [ -79.9653014, 40.4423555 ], [ -79.965213294675877, 40.442358703850999 ], [ -79.965214327586409, 40.442372483104158 ], [ -79.965409628001538, 40.442345928914953 ], [ -79.965409311373818, 40.442340827692661 ] ], [ [ -79.965388411346453, 40.442683298858597 ], [ -79.965484700311819, 40.442679723183147 ], [ -79.965483900082546, 40.442670315612041 ], [ -79.965388411346453, 40.442683298858597 ] ], [ [ -79.965189680001131, 40.442709370724444 ], [ -79.965320417613867, 40.442691595038113 ], [ -79.965188950612159, 40.442696850214077 ], [ -79.965189680001131, 40.442709370724444 ] ], [ [ -79.9637327, 40.4402517 ], [ -79.96370416469081, 40.440229985330248 ], [ -79.9636739, 40.4402341 ], [ -79.9634256, 40.440044799999988 ], [ -79.9634477, 40.440027799999989 ], [ -79.9633749, 40.4399723 ], [ -79.963419636507425, 40.439938010983113 ], [ -79.963241666251193, 40.43996220667001 ], [ -79.963682567984321, 40.440322276631498 ], [ -79.963632123026017, 40.440358333997636 ], [ -79.963640647039128, 40.440364970986579 ], [ -79.9637496, 40.4402815 ], [ -79.9637217, 40.4402602 ], [ -79.9637327, 40.4402517 ] ], [ [ -79.96285455233236, 40.439779859221176 ], [ -79.962895004769209, 40.439774359718072 ], [ -79.962921204823147, 40.43979475967091 ], [ -79.962926944542176, 40.439799316376053 ], [ -79.963025761275773, 40.439785882168842 ], [ -79.963033201192175, 40.439791958194967 ], [ -79.963133645157413, 40.439717258204759 ], [ -79.9628679643411, 40.439753377798006 ], [ -79.962878804736206, 40.439761859747229 ], [ -79.96285455233236, 40.439779859221176 ] ], [ [ -79.9639859, 40.4395006 ], [ -79.9641063, 40.4394084 ], [ -79.96456566621913, 40.439345942826741 ], [ -79.964448935000178, 40.439204382006061 ], [ -79.964343402655729, 40.439280157039725 ], [ -79.964132, 40.4393089 ], [ -79.964063283866864, 40.439253527693268 ], [ -79.9640451, 40.439256 ], [ -79.964044352071141, 40.439255398266873 ], [ -79.963808713204827, 40.439430518274925 ], [ -79.963750204889024, 40.43943847298933 ], [ -79.963585362446864, 40.439561003117717 ], [ -79.963851241231268, 40.439524854793859 ], [ -79.963941945998158, 40.439596045942743 ], [ -79.9640264, 40.439531400000014 ], [ -79.9639859, 40.4395006 ] ], [ [ -79.963780054588412, 40.43890540300972 ], [ -79.963547715521841, 40.438936991552531 ], [ -79.963361816338761, 40.439080492095123 ], [ -79.963376116378228, 40.439090292054814 ], [ -79.963247816915839, 40.439183992428937 ], [ -79.96306068290238, 40.439209433980508 ], [ -79.963143249527789, 40.439274260049821 ], [ -79.9635044, 40.43900570000001 ], [ -79.963720836586631, 40.438976273672104 ], [ -79.9637023, 40.4389614 ], [ -79.963780054588412, 40.43890540300972 ] ], [ [ -79.964694759536243, 40.439869238329251 ], [ -79.964688577391811, 40.43977587637157 ], [ -79.964589866930481, 40.439789297598267 ], [ -79.964694759536243, 40.439869238329251 ] ], [ [ -79.963362429415199, 40.440887800850327 ], [ -79.963362429415199, 40.440887800850334 ], [ -79.963362429415199, 40.440887800850334 ], [ -79.963362429415213, 40.440887800850327 ], [ -79.963362429415199, 40.440887800850327 ] ], [ [ -79.962657704574099, 40.442342189447643 ], [ -79.962708216792521, 40.44236910083923 ], [ -79.962754850712869, 40.44232898314349 ], [ -79.962657704574099, 40.442342189447643 ] ], [ [ -79.962776320804792, 40.443166393523249 ], [ -79.962776320804821, 40.443166393523228 ], [ -79.962776320804807, 40.443166393523228 ], [ -79.962776320804764, 40.443166393523249 ], [ -79.962776320804792, 40.443166393523249 ] ], [ [ -79.958450123753607, 40.44069197050846 ], [ -79.95839350698779, 40.440699665183729 ], [ -79.958413914073162, 40.440715612584192 ], [ -79.958586858134439, 40.440692107972723 ], [ -79.958522331422756, 40.440639869957977 ], [ -79.958450123753607, 40.44069197050846 ] ], [ [ -79.959121599564071, 40.440319677452898 ], [ -79.9591291, 40.44031420000001 ], [ -79.959081791786787, 40.440276391084794 ], [ -79.958945748476992, 40.440376782189233 ], [ -79.958974408667416, 40.440372886879921 ], [ -79.9590302, 40.4403321 ], [ -79.959121599564071, 40.440319677452898 ] ], [ [ -79.9590754, 40.4401758 ], [ -79.959120756341093, 40.440169635380677 ], [ -79.9591326, 40.440161 ], [ -79.959269766953852, 40.440142356783852 ], [ -79.9591993, 40.440084 ], [ -79.959230810492215, 40.440061790866473 ], [ -79.95887874338311, 40.440109642094633 ], [ -79.958878795001723, 40.440115998325531 ], [ -79.958916383655904, 40.440110889515765 ], [ -79.959053581905152, 40.440215450998387 ], [ -79.9590624, 40.440209 ], [ -79.9590469, 40.4401966 ], [ -79.9590754, 40.4401758 ] ], [ [ -79.959083124494839, 40.437986409946767 ], [ -79.959135653092503, 40.437948413389044 ], [ -79.959049779759852, 40.437960085306457 ], [ -79.959083124494839, 40.437986409946767 ] ], [ [ -79.959019175163434, 40.437946543214835 ], [ -79.958988099653169, 40.437921389177575 ], [ -79.958937369201934, 40.437957662211332 ], [ -79.959019175163434, 40.437946543214835 ] ], [ [ -79.958929880169478, 40.437874222219556 ], [ -79.958928789847675, 40.437873338648764 ], [ -79.958926899832761, 40.437874627303557 ], [ -79.958929880169478, 40.437874222219556 ] ], [ [ -79.958926497626749, 40.437849846685644 ], [ -79.958941456506864, 40.437838890541656 ], [ -79.958917363978827, 40.437842165172995 ], [ -79.958926497626749, 40.437849846685644 ] ], [ [ -79.9604122, 40.4396539 ], [ -79.9602932, 40.439558 ], [ -79.960297837917025, 40.43955464150973 ], [ -79.960191375665218, 40.439569112589702 ], [ -79.960412128516325, 40.439751540124021 ], [ -79.960410805087932, 40.439752475455968 ], [ -79.96041555695561, 40.439751829544363 ], [ -79.9604797, 40.4397061 ], [ -79.960586143187399, 40.43963025608398 ], [ -79.9604122, 40.4396539 ] ], [ [ -79.960183768231005, 40.438901381960143 ], [ -79.960157597592982, 40.438920500812017 ], [ -79.96020037709917, 40.438914685891575 ], [ -79.960183768231005, 40.438901381960143 ] ], [ [ -79.96085494669687, 40.439507389281339 ], [ -79.96092589098761, 40.43945578211359 ], [ -79.960810368668589, 40.439471485368259 ], [ -79.96085494669687, 40.439507389281339 ] ], [ [ -79.960922967836723, 40.438858588025894 ], [ -79.960884874856006, 40.438886132734886 ], [ -79.96089089872784, 40.438885313885223 ], [ -79.9609255, 40.4388609 ], [ -79.960922967836723, 40.438858588025894 ] ], [ [ -79.960842700990881, 40.439536416088984 ], [ -79.9608375995372, 40.439540112240522 ], [ -79.960845920886399, 40.439538981100846 ], [ -79.960842700990881, 40.439536416088984 ] ], [ [ -79.959638195640878, 40.438174253828734 ], [ -79.959743502700533, 40.438159939963697 ], [ -79.9597419, 40.4381586 ], [ -79.959702823209312, 40.438126005997319 ], [ -79.959638195640878, 40.438174253828734 ] ], [ [ -79.959711149619437, 40.438113609206994 ], [ -79.959755696208404, 40.438082651736671 ], [ -79.959683934612102, 40.438092405964923 ], [ -79.959711149619437, 40.438113609206994 ] ], [ [ -79.959678106891275, 40.438091154030197 ], [ -79.959675939539352, 40.438089428565661 ], [ -79.9596607, 40.4380915 ], [ -79.959654820333142, 40.438086859196979 ], [ -79.959651054414707, 40.438089673968712 ], [ -79.959656862550503, 40.438094041666901 ], [ -79.959678106891275, 40.438091154030197 ] ], [ [ -79.9594805, 40.4378384 ], [ -79.9594407, 40.437806499999986 ], [ -79.959402836463951, 40.437776137732882 ], [ -79.9593678, 40.4377809 ], [ -79.959367038666869, 40.437780299718646 ], [ -79.959357149896803, 40.437787582711202 ], [ -79.959378149953039, 40.437804482663992 ], [ -79.959395849944471, 40.437804482623399 ], [ -79.959408949981722, 40.437815582593991 ], [ -79.95940705003251, 40.437828282599035 ], [ -79.959421550071468, 40.437839982566437 ], [ -79.959358801368637, 40.437885073681414 ], [ -79.959445550190622, 40.43787328251323 ], [ -79.959467450175325, 40.43787208246296 ], [ -79.959492799717097, 40.437892673727539 ], [ -79.95950745022904, 40.437890682372256 ], [ -79.959530550291689, 40.437909482320329 ], [ -79.959520650324365, 40.437916582343426 ], [ -79.959523414332978, 40.437918826055991 ], [ -79.959538450316543, 40.437916782302615 ], [ -79.959560850377585, 40.437935082252253 ], [ -79.959550950409863, 40.437942082275356 ], [ -79.959588650512202, 40.437972782190585 ], [ -79.959587850564418, 40.437985982193148 ], [ -79.959569950625308, 40.437999282234934 ], [ -79.959549913764661, 40.4380020057298 ], [ -79.959549550685452, 40.438012082282391 ], [ -79.959537750731982, 40.438022482310025 ], [ -79.95951618756088, 40.438025413259993 ], [ -79.959499764670241, 40.438037280441286 ], [ -79.959610538044004, 40.438022223667623 ], [ -79.95969664365677, 40.437959055065008 ], [ -79.9596404, 40.4379667 ], [ -79.9596014, 40.4379355 ], [ -79.9595605, 40.4379026 ], [ -79.9595211, 40.437871 ], [ -79.9594805, 40.4378384 ] ], [ [ -79.959850240002751, 40.43780235868816 ], [ -79.959839443215344, 40.437810228385324 ], [ -79.959857039640724, 40.437807836551954 ], [ -79.959850240002751, 40.43780235868816 ] ], [ [ -79.959651338983122, 40.440407889032073 ], [ -79.959614939189137, 40.440434489175352 ], [ -79.95963313927038, 40.440448989106279 ], [ -79.959598939463987, 40.440473989240935 ], [ -79.959561851340496, 40.440479030217787 ], [ -79.959553231268998, 40.440485314750802 ], [ -79.959565880896193, 40.44049555514605 ], [ -79.9595772, 40.4404873 ], [ -79.959689481764116, 40.440472038734143 ], [ -79.9597212, 40.440448899999978 ], [ -79.959749716057544, 40.440445024087545 ], [ -79.959669384427926, 40.440376462072116 ], [ -79.959620368046245, 40.440383124363436 ], [ -79.959651338983122, 40.440407889032073 ] ], [ [ -79.95946, 40.4428024 ], [ -79.9593904, 40.4427468 ], [ -79.9593279, 40.442688199999971 ], [ -79.9592649, 40.4426298 ], [ -79.9591968, 40.442573 ], [ -79.959116, 40.44252 ], [ -79.959064934232885, 40.442497023356331 ], [ -79.959056104903084, 40.442503334916822 ], [ -79.958917886893033, 40.442602121908124 ], [ -79.959318060994676, 40.442823508308365 ], [ -79.959353931583266, 40.442818633083093 ], [ -79.959445773279128, 40.44286946877849 ], [ -79.959534017783952, 40.442857475223192 ], [ -79.959509800000021, 40.442840399999987 ], [ -79.95946, 40.4428024 ] ], [ [ -79.961213086685802, 40.441963306379577 ], [ -79.961200250964353, 40.441978061176478 ], [ -79.961233563362214, 40.44197353301675 ], [ -79.961213086685802, 40.441963306379577 ] ], [ [ -79.957729437378347, 40.441499495486511 ], [ -79.957745202488184, 40.441488442687195 ], [ -79.957728400290051, 40.441490726109052 ], [ -79.957723198909264, 40.441494464938863 ], [ -79.957729437378347, 40.441499495486511 ] ], [ [ -79.957797096334133, 40.44103139731731 ], [ -79.95773936417244, 40.441073425457937 ], [ -79.957803901990545, 40.441124779205012 ], [ -79.9579796, 40.4409963 ], [ -79.958076516878052, 40.440925504142875 ], [ -79.957724192285767, 40.440973386058729 ], [ -79.957797096334133, 40.44103139731731 ] ], [ [ -79.957413700000018, 40.4407682 ], [ -79.9573878, 40.4407474 ], [ -79.95736406399331, 40.440728377926071 ], [ -79.9573146, 40.4407351 ], [ -79.957235868210205, 40.440671949702995 ], [ -79.957192091340275, 40.440703828790269 ], [ -79.957237831225441, 40.440740243790337 ], [ -79.957335831354925, 40.44081824368012 ], [ -79.957407231449238, 40.440875043599831 ], [ -79.957458757278815, 40.440868041298778 ], [ -79.9574027, 40.440823 ], [ -79.957461, 40.440781 ], [ -79.957440440801406, 40.440764565950964 ], [ -79.957413700000018, 40.4407682 ] ], [ [ -79.958037573013456, 40.441334790269927 ], [ -79.957966064747822, 40.441383823097915 ], [ -79.958206634432614, 40.441351128817054 ], [ -79.958221160782003, 40.441340778936578 ], [ -79.9580709, 40.44136120000001 ], [ -79.958037573013456, 40.441334790269927 ] ], [ [ -79.958487128112225, 40.441214161048521 ], [ -79.958698863560173, 40.441185384407021 ], [ -79.958740328756804, 40.441219341934023 ], [ -79.958753136263567, 40.441217601268285 ], [ -79.9587728, 40.4412036 ], [ -79.9587269, 40.441166 ], [ -79.958741183344415, 40.441155797616887 ], [ -79.958527163641207, 40.441184884800698 ], [ -79.958487128112225, 40.441214161048521 ] ], [ [ -79.9568313, 40.4444823 ], [ -79.956885714772795, 40.444442590403554 ], [ -79.9567495, 40.4444611 ], [ -79.956657794654546, 40.44438935927834 ], [ -79.955252312965584, 40.444580332770883 ], [ -79.955503858700652, 40.444777584469485 ], [ -79.955487478364489, 40.444789671471113 ], [ -79.95587149336454, 40.444737493613779 ], [ -79.956055694920096, 40.444883892287862 ], [ -79.95608599517621, 40.444907992069766 ], [ -79.956092449962327, 40.444913109854824 ], [ -79.956203722711834, 40.444897990292169 ], [ -79.9562298, 40.444879899999989 ], [ -79.9563438, 40.444799300000014 ], [ -79.9563515, 40.4447902 ], [ -79.956353, 40.4447774 ], [ -79.9563435, 40.4447641 ], [ -79.956340344994757, 40.444762811336126 ], [ -79.9562948, 40.444769 ], [ -79.9562847, 40.4447612 ], [ -79.9563384, 40.4447227 ], [ -79.9564906, 40.4446139 ], [ -79.956918985660892, 40.444555689209039 ], [ -79.9568313, 40.4444823 ] ], [ [ -79.956855454145042, 40.441775880953287 ], [ -79.956787689554858, 40.441785089576207 ], [ -79.956813741245966, 40.441806062234349 ], [ -79.956855454145042, 40.441775880953287 ] ], [ [ -79.951942590625379, 40.447834081658328 ], [ -79.95196426968154, 40.447831136895999 ], [ -79.951962437292082, 40.447827140370023 ], [ -79.951942590625379, 40.447834081658328 ] ], [ [ -79.952848541713792, 40.44760176801028 ], [ -79.9529688, 40.447513 ], [ -79.953037907670918, 40.447503612101087 ], [ -79.9530546, 40.4474908 ], [ -79.953121758300782, 40.447481676858196 ], [ -79.9531418, 40.4474686 ], [ -79.953239875593525, 40.447455276793058 ], [ -79.953211545529513, 40.447431049476798 ], [ -79.953163298423945, 40.447443634889645 ], [ -79.952788077018354, 40.44749460660438 ], [ -79.952792899418355, 40.447503536936239 ], [ -79.952497400632382, 40.447595938574885 ], [ -79.9518631, 40.44768209999998 ], [ -79.951859481021998, 40.447675404217499 ], [ -79.951658270345249, 40.447747917123095 ], [ -79.951916651010492, 40.447712820455585 ], [ -79.951944745976846, 40.447759328066283 ], [ -79.952213, 40.4476881 ], [ -79.952848541713792, 40.44760176801028 ] ], [ [ -79.9557257, 40.4408709 ], [ -79.955787420288686, 40.440825852396124 ], [ -79.955694655167036, 40.440838457676854 ], [ -79.955672196711944, 40.440855402787783 ], [ -79.955432005492057, 40.440888040466263 ], [ -79.95541129710567, 40.440912403464324 ], [ -79.955422997124941, 40.440918203434499 ], [ -79.955408297209388, 40.44093550347349 ], [ -79.955497597357024, 40.440979903245875 ], [ -79.955497522131409, 40.440979991697674 ], [ -79.955711597112526, 40.440950902692059 ], [ -79.955747506614074, 40.440969809492465 ], [ -79.9558008, 40.440930899999984 ], [ -79.9557257, 40.4408709 ] ], [ [ -79.954495259857907, 40.447630724204437 ], [ -79.95455148749555, 40.447623085239584 ], [ -79.954529479416465, 40.447605727925435 ], [ -79.954495259857907, 40.447630724204437 ] ], [ [ -79.954288365609358, 40.447528306390211 ], [ -79.954281531640532, 40.447522840266089 ], [ -79.954271199298532, 40.447530638534353 ], [ -79.954288365609358, 40.447528306390211 ] ], [ [ -79.954452411345628, 40.44739386951332 ], [ -79.954561922897142, 40.447378991468653 ], [ -79.954518343137522, 40.447344107562955 ], [ -79.954452411345628, 40.44739386951332 ] ], [ [ -79.953039559487294, 40.447196705169993 ], [ -79.953025171441354, 40.447185250853245 ], [ -79.952908784365604, 40.447201061444531 ], [ -79.952914372676489, 40.447213711168246 ], [ -79.953039559487294, 40.447196705169993 ] ], [ [ -79.950087599725961, 40.447647363411846 ], [ -79.950096345670318, 40.447664373478446 ], [ -79.9501097, 40.44765970000001 ], [ -79.950181529017087, 40.447634606064511 ], [ -79.950087599725961, 40.447647363411846 ] ], [ [ -79.950371551046885, 40.447862760781504 ], [ -79.950359471323566, 40.447842693360535 ], [ -79.950315099553478, 40.447848719933461 ], [ -79.950319793721604, 40.447857772703792 ], [ -79.950344058930753, 40.447854477005301 ], [ -79.950349841447448, 40.447865709382484 ], [ -79.950371551046885, 40.447862760781504 ] ], [ [ -79.950429807536722, 40.447959539099095 ], [ -79.95030336384977, 40.448005062699366 ], [ -79.950445583298759, 40.447985746456915 ], [ -79.950429807536722, 40.447959539099095 ] ], [ [ -79.949975282331081, 40.449704673861575 ], [ -79.950029407611822, 40.449809252070459 ], [ -79.950073289247271, 40.449803292371328 ], [ -79.950033, 40.4497376 ], [ -79.950310500000015, 40.4496452 ], [ -79.950303171701691, 40.449632451821991 ], [ -79.950172540815402, 40.449677883493166 ], [ -79.949975282331081, 40.449704673861575 ] ], [ [ -79.9487999, 40.4499463 ], [ -79.948771627161619, 40.449893622272327 ], [ -79.948747755390116, 40.449896864090682 ], [ -79.948797384849712, 40.44999347244967 ], [ -79.948428275765394, 40.450104235429336 ], [ -79.948722651148799, 40.450064259468277 ], [ -79.9489316, 40.45000120000001 ], [ -79.949326555957057, 40.449947563222572 ], [ -79.9493631, 40.4499366 ], [ -79.949280687916215, 40.449777459446544 ], [ -79.949227885029188, 40.449784630395456 ], [ -79.949228341518506, 40.449785485230315 ], [ -79.949191641568845, 40.449796985298157 ], [ -79.949218241714817, 40.449846685251551 ], [ -79.949042341955362, 40.449901585576697 ], [ -79.94904524197122, 40.449906985571637 ], [ -79.949011342017656, 40.449917585634303 ], [ -79.9487999, 40.4499463 ] ], [ [ -79.946541016020731, 40.447471801604195 ], [ -79.946538536920329, 40.447452980674058 ], [ -79.946418768011682, 40.447469243662617 ], [ -79.946420496121249, 40.447482735746263 ], [ -79.946453235337358, 40.447478290219685 ], [ -79.946541016020731, 40.447471801604195 ] ], [ [ -79.94695948932052, 40.450431749986706 ], [ -79.946959489320491, 40.450431749986706 ], [ -79.94695948932052, 40.450431749986713 ], [ -79.94695948932052, 40.450431749986713 ], [ -79.94695948932052, 40.450431749986706 ] ], [ [ -79.944969002651206, 40.448463744543091 ], [ -79.944962019565182, 40.448459201710527 ], [ -79.944962166952621, 40.448464672630365 ], [ -79.944969002651206, 40.448463744543091 ] ], [ [ -79.944904241658904, 40.448206502949802 ], [ -79.944904312712083, 40.448208222265592 ], [ -79.944890112786553, 40.448224522300741 ], [ -79.944930672278204, 40.448224667580341 ], [ -79.944928447363395, 40.448203216522067 ], [ -79.944904241658904, 40.448206502949802 ] ], [ [ -79.944922500612506, 40.448475527589821 ], [ -79.944878494965295, 40.448481502238472 ], [ -79.94487870233722, 40.448488936907033 ], [ -79.944922500612506, 40.448475527589821 ] ] ], [ [ [ -79.96678181781418, 40.441260196844162 ], [ -79.966726208090932, 40.441303652757355 ], [ -79.966677014223237, 40.44131034216943 ], [ -79.966694008165618, 40.441323452817265 ], [ -79.96663950831713, 40.441364952919066 ], [ -79.966559359326467, 40.441375851543185 ], [ -79.966594008456042, 40.441403553004207 ], [ -79.966543708590848, 40.441440253098051 ], [ -79.966577208662088, 40.44146705303779 ], [ -79.966521808810469, 40.441507453141178 ], [ -79.966354024392245, 40.441530268094411 ], [ -79.966338808989462, 40.441541853478356 ], [ -79.966212705879798, 40.441559000508263 ], [ -79.966305409216062, 40.441609853542595 ], [ -79.966264709368204, 40.44165325361913 ], [ -79.9660533, 40.441682 ], [ -79.9659595, 40.4416305 ], [ -79.9660003, 40.4415872 ], [ -79.966126644104506, 40.441570020447841 ], [ -79.9660511, 40.4415121 ], [ -79.9661101, 40.4414671 ], [ -79.966207596270777, 40.441453842903407 ], [ -79.9662023, 40.4414496 ], [ -79.966230400000015, 40.4414291 ], [ -79.9662226, 40.4414229 ], [ -79.9662453, 40.4414063 ], [ -79.966256185917061, 40.441404819772551 ], [ -79.9663043, 40.4413697 ], [ -79.966382852208199, 40.441359018683976 ], [ -79.9663583, 40.4413402 ], [ -79.9664129, 40.4412986 ], [ -79.966460769919522, 40.441292090731103 ], [ -79.9664388, 40.4412757 ], [ -79.9665202, 40.4412116 ], [ -79.966556508084892, 40.44120666284951 ], [ -79.9666151, 40.4411591 ], [ -79.966766477442647, 40.441138515564482 ], [ -79.9667621, 40.44112160000001 ], [ -79.9668618, 40.4411064 ], [ -79.967073207246372, 40.441077652111005 ], [ -79.967095307506142, 40.441163052074195 ], [ -79.966995607592537, 40.441178252257714 ], [ -79.966909203346219, 40.441190001776789 ], [ -79.966924107690929, 40.441200752389847 ], [ -79.966864507865481, 40.441248952501276 ], [ -79.96678181781418, 40.441260196844162 ] ] ], [ [ [ -79.967417483388715, 40.44151114896988 ], [ -79.967446308537504, 40.441534551446544 ], [ -79.967356308774413, 40.441598851614422 ], [ -79.967271890761467, 40.441610331232759 ], [ -79.967292208945992, 40.441645551734055 ], [ -79.967212709061016, 40.441672351881031 ], [ -79.967178535527253, 40.441676998941652 ], [ -79.967183309098473, 40.441680651935322 ], [ -79.967118009279631, 40.441730252057262 ], [ -79.967093887989947, 40.441733532149136 ], [ -79.967124709358728, 40.441756252046112 ], [ -79.967085709470936, 40.441787152118991 ], [ -79.967040603391737, 40.441793285768121 ], [ -79.966996709629839, 40.441826752283987 ], [ -79.96693796392637, 40.441834740631315 ], [ -79.966981109769122, 40.441869152314439 ], [ -79.966914409948288, 40.441917952438921 ], [ -79.96681002845952, 40.441932146303252 ], [ -79.966845610103476, 40.441958852566906 ], [ -79.966827510155113, 40.441973052600716 ], [ -79.966844510188736, 40.441985852570092 ], [ -79.96680401030342, 40.442017352645749 ], [ -79.966612995627372, 40.442043326641674 ], [ -79.966609910467525, 40.442045653003035 ], [ -79.966606827878678, 40.442046072167706 ], [ -79.966649710557377, 40.442079152931484 ], [ -79.966675510610855, 40.442099352885052 ], [ -79.966649610682808, 40.442119052933407 ], [ -79.966595410832326, 40.442159953034611 ], [ -79.966386229500714, 40.442188396841814 ], [ -79.966389411105382, 40.442221453415165 ], [ -79.966178, 40.442250199999989 ], [ -79.9661357, 40.4422526 ], [ -79.966132804903467, 40.442222519246037 ], [ -79.9659888, 40.4422421 ], [ -79.9658726, 40.4422486 ], [ -79.9658672, 40.4421928 ], [ -79.966078611045376, 40.442164053982779 ], [ -79.966194810979943, 40.442157553769349 ], [ -79.966198999660151, 40.442200835410716 ], [ -79.966343010997008, 40.442181253498532 ], [ -79.966372221377171, 40.442179596119082 ], [ -79.966288, 40.44211450000001 ], [ -79.9663683, 40.4420539 ], [ -79.96637145901822, 40.442053470449387 ], [ -79.96636620000001, 40.4420494 ], [ -79.966397, 40.4420261 ], [ -79.966540020028646, 40.442006652572985 ], [ -79.9664873, 40.4419671 ], [ -79.966546, 40.4419214 ], [ -79.96665307409377, 40.441906840241906 ], [ -79.9666043, 40.4418679 ], [ -79.9666709, 40.4418191 ], [ -79.966727758610546, 40.44181136839704 ], [ -79.9667042, 40.4417933 ], [ -79.96676650000002, 40.4417457 ], [ -79.966844897820209, 40.441735039419527 ], [ -79.9668452, 40.4417348 ], [ -79.966870627964525, 40.441731342278565 ], [ -79.9668218, 40.4416938 ], [ -79.9668867, 40.4416442 ], [ -79.966962487912468, 40.441633894218725 ], [ -79.9669484, 40.4416095 ], [ -79.9670279, 40.4415826 ], [ -79.967081029368146, 40.441575375301028 ], [ -79.9670747, 40.4415702 ], [ -79.9671642, 40.441505900000017 ], [ -79.967238317078568, 40.441495821216016 ], [ -79.9671998, 40.4414659 ], [ -79.9672532, 40.4414253 ], [ -79.967356626687192, 40.441411235444804 ], [ -79.9672998, 40.4413675 ], [ -79.9673459, 40.4413322 ], [ -79.967367217994038, 40.441329301042693 ], [ -79.9674086, 40.441299 ], [ -79.967425246489213, 40.441296736293637 ], [ -79.9674676, 40.4412644 ], [ -79.967679007508153, 40.441235651006672 ], [ -79.967759707670126, 40.441297150861338 ], [ -79.967711407804472, 40.441333950951524 ], [ -79.967701282848353, 40.44133532783939 ], [ -79.967705807822369, 40.441338950962013 ], [ -79.967663707935458, 40.441369751040583 ], [ -79.967646807861485, 40.44137204926438 ], [ -79.967654507964767, 40.441377951057817 ], [ -79.967608008093706, 40.44141325114466 ], [ -79.967504471724112, 40.441427330846885 ], [ -79.967547108264995, 40.441460251258405 ], [ -79.967493208413444, 40.441500851359052 ], [ -79.967417483388715, 40.44151114896988 ] ] ], [ [ [ -79.967512009729688, 40.4419220513429 ], [ -79.967466809854344, 40.44195615142732 ], [ -79.967338690333719, 40.441973573811772 ], [ -79.967380327075546, 40.44200641292403 ], [ -79.967499909948344, 40.441990151368067 ], [ -79.967577410114103, 40.442052451228619 ], [ -79.967509810294899, 40.442101651354776 ], [ -79.967471507257287, 40.442106860026882 ], [ -79.967440510415059, 40.442131351483198 ], [ -79.967297822229597, 40.442150754894627 ], [ -79.967332315967013, 40.442177377671364 ], [ -79.967285016163231, 40.44221317780385 ], [ -79.96716364342501, 40.442229682461758 ], [ -79.967227110939859, 40.442272051880757 ], [ -79.96718241108006, 40.442311151964454 ], [ -79.966981715423003, 40.442338442908614 ], [ -79.966954511315095, 40.442357852384539 ], [ -79.966917950165779, 40.442362823982656 ], [ -79.966947011411946, 40.442387752399604 ], [ -79.966890411554544, 40.442426152505078 ], [ -79.966679, 40.44245489999998 ], [ -79.9665694, 40.44236080000001 ], [ -79.9666259, 40.442322399999988 ], [ -79.966658887970468, 40.442317914367571 ], [ -79.9666292, 40.4422937 ], [ -79.9666819, 40.442256 ], [ -79.966893310928398, 40.442227252491101 ], [ -79.966900243860252, 40.442232913255175 ], [ -79.9669062, 40.4422277 ], [ -79.966927209052585, 40.442224843178913 ], [ -79.9668877, 40.442194300000011 ], [ -79.966908637835516, 40.442178497031946 ], [ -79.9668792, 40.4421825 ], [ -79.9668165, 40.442134099999983 ], [ -79.96686170000001, 40.4421002 ], [ -79.966895581705757, 40.442095592751187 ], [ -79.9669421, 40.442060500000011 ], [ -79.967070453387862, 40.442043046292078 ], [ -79.9669888, 40.4419828 ], [ -79.9670456, 40.4419379 ], [ -79.96717212533629, 40.441920694723201 ], [ -79.9671471, 40.4419014 ], [ -79.9671923, 40.4418673 ], [ -79.967245747703231, 40.441860031968197 ], [ -79.9672292, 40.441847 ], [ -79.9672663, 40.4418195 ], [ -79.967294329719493, 40.441815688388772 ], [ -79.9673021, 40.4418099 ], [ -79.967423279282926, 40.44179342138581 ], [ -79.9673741, 40.4417555 ], [ -79.9674728, 40.441681 ], [ -79.967684208815172, 40.441652251015284 ], [ -79.967750508950374, 40.441703450895901 ], [ -79.967651909222667, 40.441777951079992 ], [ -79.967530414423919, 40.441794472851662 ], [ -79.96760030946767, 40.441849551177775 ], [ -79.967538509635517, 40.441895351293155 ], [ -79.967486544777799, 40.441902417813743 ], [ -79.967512009729688, 40.4419220513429 ] ] ], [ [ [ -79.9664107, 40.4417736 ], [ -79.966425114251578, 40.441762737088226 ], [ -79.9662305, 40.4417892 ], [ -79.966203613127547, 40.441768546857581 ], [ -79.966201709853891, 40.441800053741112 ], [ -79.966117230372291, 40.44181154080978 ], [ -79.966168709910349, 40.441813953802239 ], [ -79.966164210090582, 40.441870753812964 ], [ -79.9659528, 40.4418995 ], [ -79.9658247, 40.441893499999985 ], [ -79.9658293, 40.4418367 ], [ -79.965908305082181, 40.441825957520379 ], [ -79.9658778, 40.4418249 ], [ -79.9658825, 40.441747 ], [ -79.966093909638616, 40.441718253935257 ], [ -79.966206409607608, 40.441722253729075 ], [ -79.96620514440751, 40.441743197950245 ], [ -79.9662527, 40.441707 ], [ -79.966464109369525, 40.441678253254466 ], [ -79.966506809455751, 40.441710953177555 ], [ -79.966464236571554, 40.441743424203828 ], [ -79.966658909415671, 40.441716952898823 ], [ -79.966707809514887, 40.441754552810757 ], [ -79.966670909616852, 40.441782452879657 ], [ -79.9664595, 40.441811199999989 ], [ -79.9664383, 40.4417949 ], [ -79.9664107, 40.4417736 ] ] ], [ [ [ -79.966082410833067, 40.442096953972886 ], [ -79.966183010776504, 40.442091353788101 ], [ -79.966188410949741, 40.442147153780624 ], [ -79.965977, 40.4421759 ], [ -79.9658764, 40.4421816 ], [ -79.965871, 40.4421257 ], [ -79.966082410833067, 40.442096953972886 ] ] ], [ [ [ -79.966058911747794, 40.442385154028592 ], [ -79.966151211695703, 40.442379953859025 ], [ -79.966156611868001, 40.442435453851544 ], [ -79.9659452, 40.4424642 ], [ -79.9658529, 40.4424694 ], [ -79.9658475, 40.442413900000027 ], [ -79.966058911747794, 40.442385154028592 ] ] ], [ [ [ -79.966045611959402, 40.442450854055814 ], [ -79.966144611903445, 40.442445253873991 ], [ -79.966150612094694, 40.442506853865652 ], [ -79.9659392, 40.4425356 ], [ -79.9658401, 40.4425411 ], [ -79.9658342, 40.4424796 ], [ -79.966045611959402, 40.442450854055814 ] ] ], [ [ [ -79.967151405916155, 40.442560425967486 ], [ -79.967185706000478, 40.442618325937275 ], [ -79.967076406080736, 40.442655926038341 ], [ -79.9669707, 40.4426703 ], [ -79.9669364, 40.4426124 ], [ -79.9670457, 40.4425748 ], [ -79.967151405916155, 40.442560425967486 ] ] ], [ [ [ -79.965975, 40.4430108 ], [ -79.965997, 40.4430024 ], [ -79.9659804, 40.4429771 ], [ -79.966054184996992, 40.442948883954855 ], [ -79.9659614, 40.442961499999988 ], [ -79.965946816920933, 40.44293928225148 ], [ -79.9659283, 40.4429418 ], [ -79.9658798, 40.4428676 ], [ -79.965902, 40.4428591 ], [ -79.9658892, 40.4428396 ], [ -79.965987, 40.4428022 ], [ -79.966031625900882, 40.442796132166912 ], [ -79.9660038, 40.4427748 ], [ -79.9660337, 40.442752 ], [ -79.966019, 40.44274080000001 ], [ -79.9660921, 40.4426851 ], [ -79.966134764773628, 40.442679298772774 ], [ -79.966137, 40.4426776 ], [ -79.966348412464313, 40.44264885350902 ], [ -79.966434412638094, 40.442714753354132 ], [ -79.966303913000687, 40.442814053597864 ], [ -79.966231405423102, 40.442823912697371 ], [ -79.966276613259524, 40.442893053651375 ], [ -79.966203621246621, 40.442920970829313 ], [ -79.966296413299929, 40.442908353615728 ], [ -79.966374613645158, 40.443027853477481 ], [ -79.966261913824255, 40.443070953686089 ], [ -79.9660505, 40.4430997 ], [ -79.966035747151452, 40.443077131655457 ], [ -79.9660198, 40.443079299999987 ], [ -79.965975, 40.4430108 ] ] ], [ [ [ -79.967270712948576, 40.44291665182886 ], [ -79.967299013159462, 40.442987251780039 ], [ -79.967216113253187, 40.443006851932964 ], [ -79.9670047, 40.4430356 ], [ -79.9669763, 40.4429651 ], [ -79.9670593, 40.442945399999985 ], [ -79.967270712948576, 40.44291665182886 ] ] ], [ [ [ -79.9669232, 40.4450334 ], [ -79.9670343, 40.4450016 ], [ -79.967245719420106, 40.444972851964351 ], [ -79.967294219542111, 40.445017651877329 ], [ -79.967415220259554, 40.445260851665942 ], [ -79.967280620431453, 40.445298951914538 ], [ -79.9670692, 40.4453277 ], [ -79.9669232, 40.4450334 ] ] ], [ [ [ -79.966712125856475, 40.446954953029618 ], [ -79.9665007, 40.4469837 ], [ -79.9664381, 40.4469266 ], [ -79.9664188, 40.446909 ], [ -79.9664383, 40.4468965 ], [ -79.9664574, 40.4468843 ], [ -79.9665133, 40.446848599999981 ], [ -79.9665608, 40.4468181 ], [ -79.9666163, 40.4467827 ], [ -79.9666603, 40.4467545 ], [ -79.9667095, 40.446723 ], [ -79.9667791, 40.4466784 ], [ -79.9668209, 40.446651699999983 ], [ -79.9668583, 40.446627800000023 ], [ -79.9669049, 40.4465981 ], [ -79.9669564, 40.446565 ], [ -79.9670052, 40.4465339 ], [ -79.9670505, 40.4465047 ], [ -79.9670981, 40.4464742 ], [ -79.967309524023619, 40.446445451911465 ], [ -79.967391424226975, 40.44652025176449 ], [ -79.967343924340952, 40.446550651852938 ], [ -79.967298624450265, 40.446579851937337 ], [ -79.967249824567247, 40.446611052028203 ], [ -79.967198324690912, 40.446644052124121 ], [ -79.967151624802355, 40.446673752211076 ], [ -79.967114224891958, 40.446697652280747 ], [ -79.967072124992825, 40.446724552359143 ], [ -79.967002925159193, 40.446768952488029 ], [ -79.966953625277611, 40.44680055257983 ], [ -79.966909625382982, 40.446828652661779 ], [ -79.966854225515704, 40.446864052764951 ], [ -79.966806725629965, 40.446894552853436 ], [ -79.966750825763867, 40.446930252957529 ], [ -79.966712125856475, 40.446954953029618 ] ] ], [ [ [ -79.9668897, 40.4471342 ], [ -79.9669539, 40.4470908 ], [ -79.9670119, 40.4470515 ], [ -79.9670818, 40.4470045 ], [ -79.9671587, 40.4469524 ], [ -79.967222, 40.4469097 ], [ -79.967644850516535, 40.446852203017215 ], [ -79.967765951079585, 40.446956702582014 ], [ -79.967702651396436, 40.446999302817964 ], [ -79.967625351784477, 40.44705150310611 ], [ -79.967555952133708, 40.447098503364856 ], [ -79.967497852425169, 40.447137703581433 ], [ -79.967433252748691, 40.447181203822254 ], [ -79.967348453175873, 40.447238704138378 ], [ -79.967299653421122, 40.447271704320301 ], [ -79.967248653676265, 40.447306004510423 ], [ -79.9668258, 40.4473635 ], [ -79.9667047, 40.4472589 ], [ -79.9667557, 40.4472247 ], [ -79.9668045, 40.4471917 ], [ -79.9668897, 40.4471342 ] ] ], [ [ [ -79.967537698999351, 40.447669367734242 ], [ -79.9672602, 40.4477071 ], [ -79.9671137, 40.4475833 ], [ -79.9671757, 40.4475402 ], [ -79.9671475, 40.4475166 ], [ -79.9672446, 40.4474495 ], [ -79.967305526925202, 40.447441215640801 ], [ -79.9673379, 40.4474188 ], [ -79.9672741, 40.4473648 ], [ -79.9673677, 40.4472997 ], [ -79.967645197263963, 40.447261967452064 ], [ -79.96770109742944, 40.447308967320168 ], [ -79.96767119752964, 40.447329567393346 ], [ -79.967690481146079, 40.447345828862638 ], [ -79.967748297525077, 40.447337967208185 ], [ -79.967833797778198, 40.447409867006421 ], [ -79.967795597906544, 40.447436267099889 ], [ -79.967834398022134, 40.447469067008356 ], [ -79.967791798165493, 40.447498567112632 ], [ -79.967748369614398, 40.447504472368408 ], [ -79.967674598460249, 40.447555567398076 ], [ -79.967703298546311, 40.447579967330384 ], [ -79.967620698824717, 40.447637267532507 ], [ -79.96757536160888, 40.447643432237896 ], [ -79.967537698999351, 40.447669367734242 ] ] ], [ [ [ -79.9664383, 40.4475182 ], [ -79.966444, 40.4475143 ], [ -79.966761141254679, 40.447471179589229 ], [ -79.966805041403632, 40.447508179470837 ], [ -79.96677604151526, 40.447528279551946 ], [ -79.966826841688004, 40.447571179414979 ], [ -79.96675544196286, 40.447620679614694 ], [ -79.96658824260696, 40.447736680082357 ], [ -79.9662711, 40.447779799999985 ], [ -79.9661841, 40.4477065 ], [ -79.9662534, 40.4476585 ], [ -79.9662321, 40.4476405 ], [ -79.9663394, 40.4475662 ], [ -79.966376242543305, 40.447561190755046 ], [ -79.9664383, 40.4475182 ] ] ], [ [ [ -79.966997528390863, 40.447796452542711 ], [ -79.967085728590547, 40.447870852384156 ], [ -79.96702692874095, 40.447911452493798 ], [ -79.9668155, 40.4479402 ], [ -79.9667272, 40.4478659 ], [ -79.9667861, 40.4478252 ], [ -79.966997528390863, 40.447796452542711 ] ] ], [ [ [ -79.966342823775889, 40.448299911445275 ], [ -79.966329630260887, 40.448309053790361 ], [ -79.966174543632405, 40.448330139519719 ], [ -79.966171530395073, 40.448332254081407 ], [ -79.965989685421945, 40.448356977612946 ], [ -79.966134230848652, 40.448471954155934 ], [ -79.966104130930091, 40.448494154212121 ], [ -79.965931225311266, 40.448517662195258 ], [ -79.96597063115658, 40.448549754459464 ], [ -79.965928318699852, 40.448580149205668 ], [ -79.965979031227192, 40.448573254445087 ], [ -79.966056131394737, 40.44863605430637 ], [ -79.965897531813582, 40.448749754602289 ], [ -79.9656861, 40.4487785 ], [ -79.9656093, 40.448716 ], [ -79.965619586634958, 40.448708621631795 ], [ -79.9655712, 40.4487152 ], [ -79.965488, 40.4486475 ], [ -79.9656773, 40.4485118 ], [ -79.965849338010685, 40.448488410363915 ], [ -79.965832393728803, 40.448474933059757 ], [ -79.9658091, 40.448478100000017 ], [ -79.965733700000015, 40.4484182 ], [ -79.9657781, 40.4483856 ], [ -79.965959951176032, 40.448360875980143 ], [ -79.9659001, 40.448311 ], [ -79.9659572, 40.448271 ], [ -79.966086905158065, 40.448253365409848 ], [ -79.96611, 40.448237399999982 ], [ -79.96629206382265, 40.448212646469599 ], [ -79.9662856, 40.4482072 ], [ -79.9663663, 40.4481513 ], [ -79.966502272570764, 40.448132812761671 ], [ -79.9664418, 40.4480815 ], [ -79.9664994, 40.4480417 ], [ -79.966710829182475, 40.44801295307812 ], [ -79.966779129337056, 40.448070552955322 ], [ -79.966721229484904, 40.448110453063286 ], [ -79.966585302573449, 40.448128934366096 ], [ -79.966640629720771, 40.448175553213986 ], [ -79.966559929927755, 40.448231453364485 ], [ -79.966377886487322, 40.448256204551335 ], [ -79.966383764086885, 40.448261154978184 ], [ -79.966561029944927, 40.448237053362696 ], [ -79.966602930039656, 40.448272353287393 ], [ -79.966577030106265, 40.448290353335672 ], [ -79.9663656, 40.4483191 ], [ -79.966342823775889, 40.448299911445275 ] ] ], [ [ [ -79.967420614910083, 40.448317025845981 ], [ -79.9673149, 40.4483314 ], [ -79.9672707, 40.4482594 ], [ -79.967380274177671, 40.448220048581661 ], [ -79.9672887, 40.44823250000001 ], [ -79.96728378113238, 40.448224317654095 ], [ -79.9672339, 40.4482311 ], [ -79.9671983, 40.4481728 ], [ -79.967228655286362, 40.448161932076879 ], [ -79.967162700000017, 40.4481709 ], [ -79.9671285, 40.4481155 ], [ -79.9672986, 40.4480545 ], [ -79.967615743304933, 40.448011377272856 ], [ -79.967649943546718, 40.44806687718237 ], [ -79.967561902963695, 40.448098398246131 ], [ -79.967590929097625, 40.448094451467092 ], [ -79.967616129217987, 40.44813585142267 ], [ -79.967529529349306, 40.448166951582891 ], [ -79.967542829412366, 40.448188651559441 ], [ -79.967500129476363, 40.448203751638445 ], [ -79.967492100766322, 40.448204843320902 ], [ -79.967535614822893, 40.448275725739606 ], [ -79.967420614910083, 40.448317025845981 ] ] ], [ [ [ -79.967060529801998, 40.448253152447066 ], [ -79.966976721252763, 40.44826454772398 ], [ -79.966939329928778, 40.448278552670516 ], [ -79.9667279, 40.44830730000001 ], [ -79.9667019, 40.4482668 ], [ -79.966813500000015, 40.448225 ], [ -79.9667825, 40.4481768 ], [ -79.9668724, 40.4481431 ], [ -79.967083829356667, 40.44811435239825 ], [ -79.967151129660323, 40.448219252279351 ], [ -79.967060529801998, 40.448253152447066 ] ] ], [ [ [ -79.9668235, 40.4483751 ], [ -79.9668012, 40.4483388 ], [ -79.9669708, 40.448278 ], [ -79.967182229742576, 40.448249252223619 ], [ -79.967224429941211, 40.448317652149193 ], [ -79.967104530122526, 40.448360552371035 ], [ -79.9668931, 40.448389300000017 ], [ -79.966879570654498, 40.448367476285533 ], [ -79.9668235, 40.4483751 ] ] ], [ [ [ -79.966692030322292, 40.448373253128317 ], [ -79.966715330431768, 40.448410953087219 ], [ -79.966635330552961, 40.448439653235233 ], [ -79.9664239, 40.4484684 ], [ -79.9664007, 40.4484306 ], [ -79.9664806, 40.448402 ], [ -79.966692030322292, 40.448373253128317 ] ] ], [ [ [ -79.967249430213812, 40.448407452107233 ], [ -79.967277930348288, 40.448453752056942 ], [ -79.967199319897247, 40.44848192099267 ], [ -79.96729323039078, 40.44846915202956 ], [ -79.967321230524206, 40.448515051980209 ], [ -79.967220930676561, 40.448551152165777 ], [ -79.9670095, 40.4485799 ], [ -79.966981, 40.4485339 ], [ -79.967076381565818, 40.448499835158309 ], [ -79.9669825, 40.4485126 ], [ -79.9669541, 40.4484662 ], [ -79.967038, 40.4484362 ], [ -79.967249430213812, 40.448407452107233 ] ] ], [ [ [ -79.9670794, 40.448697800000012 ], [ -79.9671922, 40.4486573 ], [ -79.967403630849034, 40.448628551833977 ], [ -79.967428730966006, 40.44866885178967 ], [ -79.967315531136848, 40.448709251999105 ], [ -79.9671041, 40.448738 ], [ -79.9670794, 40.448697800000012 ] ] ], [ [ [ -79.967367315616187, 40.448759725904516 ], [ -79.967405715706818, 40.448822125870649 ], [ -79.967267615811366, 40.448871625998414 ], [ -79.9671619, 40.448886 ], [ -79.9671235, 40.4488236 ], [ -79.9672616, 40.4487741 ], [ -79.967367315616187, 40.448759725904516 ] ] ], [ [ [ -79.967238, 40.448945499999986 ], [ -79.9672105, 40.4489002 ], [ -79.9673197, 40.4488611 ], [ -79.967531131440253, 40.448832351608949 ], [ -79.967571531631421, 40.448898151537691 ], [ -79.967388531908568, 40.448963751876271 ], [ -79.9671771, 40.4489925 ], [ -79.9671643, 40.448971899999989 ], [ -79.967238, 40.448945499999986 ] ] ], [ [ [ -79.9672301, 40.4490313 ], [ -79.9673788, 40.4489781 ], [ -79.967590231785138, 40.448949351505611 ], [ -79.96761493190381, 40.448990151462084 ], [ -79.967466632128506, 40.449043351736456 ], [ -79.9672552, 40.4490721 ], [ -79.9672301, 40.4490313 ] ] ], [ [ [ -79.9665959, 40.449981 ], [ -79.966657308048298, 40.449972650923236 ], [ -79.9666456, 40.4499549 ], [ -79.9666903, 40.4499377 ], [ -79.966897415729846, 40.449909540081713 ], [ -79.9668958, 40.449907 ], [ -79.96695, 40.449886899999981 ], [ -79.967161434808091, 40.449858152331871 ], [ -79.9672258351019, 40.449959552218161 ], [ -79.967171735186042, 40.449979652318277 ], [ -79.967147826935971, 40.449982903012511 ], [ -79.967150335216971, 40.44998685235786 ], [ -79.967104613400693, 40.450003924203365 ], [ -79.967107353015166, 40.450008078802377 ], [ -79.967000053272244, 40.450049379100378 ], [ -79.9666829, 40.4500925 ], [ -79.966660091698955, 40.450057886951477 ], [ -79.9665938, 40.4500669 ], [ -79.9665558, 40.449993 ], [ -79.9665959, 40.449981 ] ] ], [ [ [ -79.9668154, 40.4504548 ], [ -79.9667404, 40.450344 ], [ -79.9668237, 40.450311 ], [ -79.9667921, 40.4502644 ], [ -79.9668657, 40.4502352 ], [ -79.967070835999223, 40.450207309066982 ], [ -79.9670593, 40.4501914 ], [ -79.9672782, 40.4500984 ], [ -79.967489635345771, 40.450069651739 ], [ -79.967578535696731, 40.450192251581221 ], [ -79.967359636073923, 40.45028525198687 ], [ -79.967202703037998, 40.450306589506226 ], [ -79.967236695459889, 40.450356765330227 ], [ -79.967079695779944, 40.450418865693671 ], [ -79.9668154, 40.4504548 ] ] ], [ [ [ -79.967030437326912, 40.450643252606447 ], [ -79.967213838082614, 40.450906252281435 ], [ -79.967110938254535, 40.450948252472045 ], [ -79.9668995, 40.450977 ], [ -79.9667161, 40.450714 ], [ -79.966819, 40.450672 ], [ -79.967030437326912, 40.450643252606447 ] ] ], [ [ [ -79.966118629066784, 40.451660545022982 ], [ -79.966062340977544, 40.45168515442802 ], [ -79.965990504535739, 40.451694920696681 ], [ -79.966033041198273, 40.451751754484668 ], [ -79.965914741406948, 40.451803554703972 ], [ -79.965808787774094, 40.451817959070127 ], [ -79.965735641622231, 40.451849955034589 ], [ -79.9655242, 40.4518787 ], [ -79.9654855, 40.4518271 ], [ -79.9655662, 40.4517917 ], [ -79.96557208982982, 40.451790899294437 ], [ -79.965638, 40.4517599 ], [ -79.965647940265669, 40.451758548641997 ], [ -79.9656434, 40.451752499999976 ], [ -79.9657618, 40.4517006 ], [ -79.965833627480649, 40.451690835097168 ], [ -79.9658014, 40.4516478 ], [ -79.9658642, 40.4516203 ], [ -79.965882601309659, 40.451617798337438 ], [ -79.9658808, 40.4516154 ], [ -79.965946700000018, 40.4515866 ], [ -79.965965801314113, 40.451584003156078 ], [ -79.9659637, 40.4515812 ], [ -79.9660271, 40.4515535 ], [ -79.966047809212, 40.451550684544131 ], [ -79.9660434, 40.4515448 ], [ -79.9661036, 40.4515184 ], [ -79.966199514087791, 40.451505360195156 ], [ -79.9661859, 40.4514872 ], [ -79.9662421, 40.4514627 ], [ -79.966453540036227, 40.451433953699329 ], [ -79.966509740250231, 40.451508953599479 ], [ -79.9664536403493, 40.451533553703484 ], [ -79.966357706731728, 40.451546596375039 ], [ -79.966367640465322, 40.451559853862406 ], [ -79.96630744057164, 40.451586253974014 ], [ -79.966286729127219, 40.451589069779743 ], [ -79.966288440595036, 40.451591354009096 ], [ -79.966225140706968, 40.451619154126433 ], [ -79.966206040518287, 40.451621750860063 ], [ -79.966210840740786, 40.451628154153077 ], [ -79.96614504085683, 40.451656954275045 ], [ -79.966118629066784, 40.451660545022982 ] ] ], [ [ [ -79.966366040939391, 40.451710453871918 ], [ -79.966400741075603, 40.45175805381033 ], [ -79.966339541181057, 40.451784053923731 ], [ -79.9661281, 40.4518128 ], [ -79.9660935, 40.4517652 ], [ -79.9661546, 40.4517392 ], [ -79.966366040939391, 40.451710453871918 ] ] ], [ [ [ -79.966442041563255, 40.451918253741532 ], [ -79.966428257871982, 40.451920127697647 ], [ -79.966429641579992, 40.451922053764456 ], [ -79.966393741641383, 40.451937153830976 ], [ -79.966335939619242, 40.451945012242177 ], [ -79.966331541695979, 40.451946853945529 ], [ -79.9661201, 40.4519756 ], [ -79.966077, 40.4519156 ], [ -79.966120700000019, 40.4518972 ], [ -79.96613233274411, 40.451895618506491 ], [ -79.9661304, 40.4518929 ], [ -79.9661659, 40.451878 ], [ -79.966179636892733, 40.451876132437235 ], [ -79.9661776, 40.4518733 ], [ -79.9662331, 40.45185 ], [ -79.966248426569251, 40.45184791630674 ], [ -79.9662446, 40.4518426 ], [ -79.9662677, 40.4518329 ], [ -79.966296177042466, 40.451829028448685 ], [ -79.9663732, 40.4517967 ], [ -79.966388701011653, 40.451794592569534 ], [ -79.966382, 40.4517853 ], [ -79.9664374, 40.451762100000018 ], [ -79.966648840901797, 40.451733353354093 ], [ -79.966685141045559, 40.451783553289644 ], [ -79.966629641140003, 40.451806753392489 ], [ -79.966614142313603, 40.451808860558778 ], [ -79.966619041172109, 40.451815653412332 ], [ -79.966531841320958, 40.451852253573897 ], [ -79.966515374181498, 40.45185449237254 ], [ -79.966518441346579, 40.451858753598756 ], [ -79.966495341386022, 40.45186845364158 ], [ -79.966480029560145, 40.45187053536349 ], [ -79.966497541468186, 40.451894853638684 ], [ -79.966442041563255, 40.451918253741532 ] ] ], [ [ [ -79.966195742621665, 40.452224554206808 ], [ -79.965710343464011, 40.452432655106428 ], [ -79.9654989, 40.4524614 ], [ -79.9654461, 40.4523896 ], [ -79.9659315, 40.4521814 ], [ -79.965943378575261, 40.45217978511284 ], [ -79.9659296, 40.4521611 ], [ -79.9659475, 40.4521534 ], [ -79.9659239, 40.4521214 ], [ -79.9659855, 40.452094899999985 ], [ -79.966023127160199, 40.452089784574028 ], [ -79.9660154, 40.4520793 ], [ -79.9660783, 40.452052199999976 ], [ -79.966139348209751, 40.452043900410921 ], [ -79.9661317, 40.4520335 ], [ -79.9661937, 40.4520069 ], [ -79.966233999845485, 40.45200142113822 ], [ -79.9662256, 40.45199 ], [ -79.9662876, 40.4519633 ], [ -79.966495093033444, 40.451935090464424 ], [ -79.9664806, 40.4519149 ], [ -79.9665365, 40.4518915 ], [ -79.966642220656666, 40.451877126637598 ], [ -79.966668626041425, 40.451913912271991 ], [ -79.966685241448261, 40.451911653295042 ], [ -79.966738941662598, 40.451986453199801 ], [ -79.96660644188907, 40.452042153445312 ], [ -79.96660265957874, 40.452042667672444 ], [ -79.966604341898687, 40.452044953449281 ], [ -79.966407842240173, 40.45212935381349 ], [ -79.966396375055993, 40.452130912821062 ], [ -79.966397142252504, 40.452131953833238 ], [ -79.966202542591361, 40.452215754193908 ], [ -79.966190484145187, 40.452217393561369 ], [ -79.966195742621665, 40.452224554206808 ] ] ], [ [ [ -79.966627143257767, 40.45248005342642 ], [ -79.966592622655668, 40.452484746671303 ], [ -79.96659284328679, 40.452485053489582 ], [ -79.966517543415321, 40.452516653629118 ], [ -79.966486146558978, 40.452520922152637 ], [ -79.966492143464762, 40.452529253676254 ], [ -79.966422343583929, 40.452558553805588 ], [ -79.966393309383164, 40.452562501089915 ], [ -79.966420543717646, 40.452600853810758 ], [ -79.966310543903617, 40.452646454014562 ], [ -79.966272123255933, 40.452651677366227 ], [ -79.966277643957241, 40.45265945407548 ], [ -79.966229044039267, 40.452679554165535 ], [ -79.966057851455403, 40.45270282784314 ], [ -79.966098944332401, 40.452756754407595 ], [ -79.965925244640857, 40.452833454729635 ], [ -79.9657138, 40.4528622 ], [ -79.965665802942112, 40.452799188492747 ], [ -79.9656054, 40.4528074 ], [ -79.9655258, 40.452703 ], [ -79.9657495, 40.4526044 ], [ -79.965928037423666, 40.452580128235681 ], [ -79.9661287, 40.4524969 ], [ -79.966151285343827, 40.452493829507304 ], [ -79.9662152, 40.452467 ], [ -79.966246567257485, 40.452462735572652 ], [ -79.9662397, 40.4524532 ], [ -79.9663151, 40.4524216 ], [ -79.966349537750887, 40.452416918099644 ], [ -79.9663429, 40.4524077 ], [ -79.9664279, 40.452372 ], [ -79.966639342822944, 40.452343253398084 ], [ -79.966639428258262, 40.45234337199922 ], [ -79.966733944210091, 40.452330521997368 ], [ -79.9667079, 40.4522943 ], [ -79.9667867, 40.4522612 ], [ -79.966817265161495, 40.45225704444902 ], [ -79.966812, 40.45224970000001 ], [ -79.9669325, 40.4521991 ], [ -79.96710426636983, 40.452175746781791 ], [ -79.9670737, 40.4521333 ], [ -79.9672137, 40.4520746 ], [ -79.967425141583433, 40.452045851943417 ], [ -79.967502441892691, 40.452153751806293 ], [ -79.967362842131351, 40.452212452064984 ], [ -79.967190917769159, 40.452235827146339 ], [ -79.967234342444925, 40.452296352304387 ], [ -79.967113842651017, 40.452347052527692 ], [ -79.9669024, 40.4523758 ], [ -79.966899007312037, 40.452371067510228 ], [ -79.966806513660813, 40.45238364269715 ], [ -79.966834642997526, 40.452422853043259 ], [ -79.966755243133306, 40.452456253190363 ], [ -79.966649752403526, 40.452470595263271 ], [ -79.966627143257767, 40.45248005342642 ] ] ], [ [ [ -79.967174745931473, 40.453397952461756 ], [ -79.967115246032833, 40.453422852572004 ], [ -79.9669038, 40.4534516 ], [ -79.966870584572092, 40.453405459452007 ], [ -79.9667526, 40.4534215 ], [ -79.9666458, 40.453273 ], [ -79.9667426, 40.4532324 ], [ -79.966859698075368, 40.453216479936948 ], [ -79.9668577, 40.4532137 ], [ -79.9669203, 40.4531874 ], [ -79.966935639117025, 40.453185314552435 ], [ -79.9669316, 40.4531797 ], [ -79.9669892, 40.4531555 ], [ -79.967106241923418, 40.453139587293421 ], [ -79.9670851, 40.4531102 ], [ -79.9671664, 40.453076 ], [ -79.967377844750118, 40.45304725207383 ], [ -79.967427944949236, 40.453116751984929 ], [ -79.96734654508829, 40.453150952135779 ], [ -79.967335224961062, 40.453152491219498 ], [ -79.967402768114439, 40.453246378201129 ], [ -79.967345168262057, 40.453270578361227 ], [ -79.96732984192883, 40.453272662123879 ], [ -79.967331868292888, 40.453275478398162 ], [ -79.96726916845337, 40.453301778572424 ], [ -79.967015744405899, 40.45333623354496 ], [ -79.967024320480206, 40.45334814990504 ], [ -79.967128745748084, 40.453333952543346 ], [ -79.967174745931473, 40.453397952461756 ] ] ], [ [ [ -79.9650715, 40.4361335 ], [ -79.965282892315898, 40.43610475517783 ], [ -79.965361092413488, 40.436145455036183 ], [ -79.965476492556974, 40.436205354827159 ], [ -79.965252593431543, 40.43645615524877 ], [ -79.96512159550953, 40.436473968067844 ], [ -79.965174081491398, 40.436518667353418 ], [ -79.965083882169182, 40.436579467857698 ], [ -79.964881601214998, 40.436606973165361 ], [ -79.964694784169566, 40.436743770020207 ], [ -79.964649606255762, 40.436749912980957 ], [ -79.964644484322221, 40.436753770298289 ], [ -79.9645845151571, 40.436761924432361 ], [ -79.96457138456735, 40.436770770702758 ], [ -79.9639372, 40.436857 ], [ -79.9639027, 40.4368203 ], [ -79.963908, 40.4368141 ], [ -79.963889219272417, 40.436797804120488 ], [ -79.96376568660196, 40.436887375151379 ], [ -79.9631315, 40.4369736 ], [ -79.963084569030045, 40.43693516516899 ], [ -79.963067144273651, 40.436937534203686 ], [ -79.963099473996834, 40.436964505198823 ], [ -79.96309047408117, 40.436971205256583 ], [ -79.962948675397271, 40.437075606166324 ], [ -79.962833213767411, 40.437091303868108 ], [ -79.962846275816432, 40.437101806815882 ], [ -79.962565678302113, 40.437297408614505 ], [ -79.962593278522419, 40.437321208444068 ], [ -79.962419980121268, 40.437447909555779 ], [ -79.962427780190808, 40.437455309507712 ], [ -79.962368047765466, 40.437498492564487 ], [ -79.962438897765068, 40.437488860454678 ], [ -79.962481897863086, 40.437525360377386 ], [ -79.962489897881341, 40.43753216036302 ], [ -79.96237939816352, 40.437608360569023 ], [ -79.962168, 40.437637099999982 ], [ -79.9621617, 40.4376318 ], [ -79.962141393227938, 40.437614575513244 ], [ -79.9614961, 40.4377023 ], [ -79.9613956, 40.4376223 ], [ -79.9614189, 40.4376051 ], [ -79.961299845389135, 40.437505793449219 ], [ -79.96123872681811, 40.437514101943208 ], [ -79.961247098325842, 40.437520562642042 ], [ -79.961154598579697, 40.437589962814769 ], [ -79.960943200000017, 40.4376187 ], [ -79.9608639, 40.4375576 ], [ -79.9609564, 40.4374881 ], [ -79.961157309331369, 40.437460788634034 ], [ -79.9610425, 40.437368 ], [ -79.9610625, 40.4373522 ], [ -79.960968, 40.4372872 ], [ -79.9608277, 40.4372863 ], [ -79.960828012545505, 40.437206913650051 ], [ -79.9607494, 40.4372176 ], [ -79.9607378, 40.4372068 ], [ -79.9607255, 40.4371965 ], [ -79.9607127, 40.4371865 ], [ -79.9606994, 40.437177 ], [ -79.9606855, 40.4371679 ], [ -79.9606712, 40.4371593 ], [ -79.9606564, 40.4371511 ], [ -79.9606411, 40.4371435 ], [ -79.9606254, 40.4371363 ], [ -79.9606094, 40.4371297 ], [ -79.960593, 40.4371236 ], [ -79.960576300000014, 40.437118 ], [ -79.9605593, 40.4371129 ], [ -79.960542, 40.4371085 ], [ -79.9605245, 40.4371045 ], [ -79.960506800000019, 40.4371012 ], [ -79.960535005091998, 40.437027605262756 ], [ -79.9598369, 40.4371225 ], [ -79.9593138, 40.4366985 ], [ -79.959340600000019, 40.4366792 ], [ -79.959461, 40.43659250000001 ], [ -79.95957440114914, 40.436577085721183 ], [ -79.9598047, 40.436414300000017 ], [ -79.9597682, 40.4364123 ], [ -79.9597703, 40.4363623 ], [ -79.959818849045234, 40.43635570072918 ], [ -79.959820400000012, 40.4361059 ], [ -79.960253881800824, 40.436046975615589 ], [ -79.9602538, 40.436044099999975 ], [ -79.960980465809257, 40.435945318405579 ], [ -79.961238265506353, 40.435949016780746 ], [ -79.961238105778406, 40.435973816179128 ], [ -79.961301365597336, 40.435965216385348 ], [ -79.96155716527764, 40.435967114772843 ], [ -79.96155228332988, 40.43613639318086 ], [ -79.961665793766869, 40.43612096181279 ], [ -79.961682103481834, 40.436134690079818 ], [ -79.9617852937197, 40.436120661593584 ], [ -79.961893707260643, 40.436205594830717 ], [ -79.962027667267265, 40.436209311842838 ], [ -79.962048167256199, 40.436210811713821 ], [ -79.962068667250534, 40.43621281158488 ], [ -79.962088967251617, 40.436215411457269 ], [ -79.962109167259285, 40.436218611330411 ], [ -79.96212916727373, 40.436222411204888 ], [ -79.962148967294894, 40.436226811080694 ], [ -79.962168467321874, 40.436231710958495 ], [ -79.962187867355453, 40.436237210837007 ], [ -79.962206867394968, 40.436243210718111 ], [ -79.962225567441365, 40.436249810601204 ], [ -79.962243967493563, 40.43625691048625 ], [ -79.962261967552777, 40.436264610373918 ], [ -79.962279567616832, 40.436272710264184 ], [ -79.962296867686689, 40.43628131015641 ], [ -79.962313567763829, 40.436290510052487 ], [ -79.962329967845676, 40.436300109950551 ], [ -79.962345767933712, 40.436310209852437 ], [ -79.962361068026752, 40.436320709757567 ], [ -79.962375868124781, 40.436331609665885 ], [ -79.962688370466026, 40.436586907734004 ], [ -79.962662234215969, 40.436604764853875 ], [ -79.962756070431055, 40.436592007307937 ], [ -79.962806970810405, 40.436633406993231 ], [ -79.962815190892556, 40.436640104747703 ], [ -79.962932, 40.4365528 ], [ -79.962985831889711, 40.436545481134672 ], [ -79.9629988, 40.436536 ], [ -79.9629615, 40.4365052 ], [ -79.9630831, 40.436421 ], [ -79.9630936, 40.4364137 ], [ -79.9630865, 40.4364078 ], [ -79.9631128, 40.4363887 ], [ -79.9630932, 40.4363759 ], [ -79.9631418, 40.4363409 ], [ -79.96293470065504, 40.436174412243872 ], [ -79.9629267, 40.4361755 ], [ -79.9627868, 40.436063 ], [ -79.9628591, 40.436010700000011 ], [ -79.962919500000012, 40.4359675 ], [ -79.9628848, 40.4359397 ], [ -79.9629335, 40.4359046 ], [ -79.963023942736896, 40.435892303457351 ], [ -79.9630998, 40.4358377 ], [ -79.963311192149973, 40.435808958781251 ], [ -79.963451092449233, 40.435921458529585 ], [ -79.963447992457333, 40.435923658535366 ], [ -79.963447992457318, 40.435923658535366 ], [ -79.963867473855217, 40.435866623539688 ], [ -79.96404097495045, 40.436004822608005 ], [ -79.964314576678149, 40.436222821138841 ], [ -79.964467077641061, 40.436344320319932 ], [ -79.964323682616239, 40.436440451209265 ], [ -79.964884331570801, 40.436364218195138 ], [ -79.9648817, 40.436362 ], [ -79.9649835, 40.436248 ], [ -79.9649244, 40.4362068 ], [ -79.9649756, 40.4361681 ], [ -79.965049598798558, 40.436158037866072 ], [ -79.9650715, 40.4361335 ] ], [ [ -79.962965712576278, 40.436837855555225 ], [ -79.962955872894142, 40.436844706086212 ], [ -79.962985245222484, 40.436869209977921 ], [ -79.9629953, 40.4368621 ], [ -79.962965712576278, 40.436837855555225 ] ], [ [ -79.964056978208248, 40.436491199496558 ], [ -79.964132316654769, 40.436547251321933 ], [ -79.96424440916762, 40.436465714772325 ], [ -79.964056978208248, 40.436491199496558 ] ], [ [ -79.960607182209657, 40.436991715195518 ], [ -79.960624765403523, 40.436989325008142 ], [ -79.960617656998778, 40.43698402656878 ], [ -79.960607182209657, 40.436991715195518 ] ] ], [ [ [ -79.965843197439256, 40.437804654224351 ], [ -79.965844597499981, 40.43782415422266 ], [ -79.965922497459758, 40.437820954079626 ], [ -79.965927697686766, 40.437893854073273 ], [ -79.965868200800244, 40.437901944521109 ], [ -79.965870097817145, 40.437928254180413 ], [ -79.965925397788524, 40.437925954078899 ], [ -79.965928297913365, 40.437966054075318 ], [ -79.9657169, 40.4379948 ], [ -79.9655095, 40.4380034 ], [ -79.9654978, 40.4378389 ], [ -79.965709197508431, 40.437810154470384 ], [ -79.965843197439256, 40.437804654224351 ] ] ], [ [ [ -79.965900998916695, 40.438383281361276 ], [ -79.966096398765487, 40.438375280823145 ], [ -79.966101699115868, 40.43845028081347 ], [ -79.9657846, 40.4384934 ], [ -79.9655892, 40.4385015 ], [ -79.9655839, 40.4384264 ], [ -79.965900998916695, 40.438383281361276 ] ] ], [ [ [ -79.965343100439441, 40.438697955180622 ], [ -79.965485800365641, 40.438692054918619 ], [ -79.965492400653716, 40.438784554910562 ], [ -79.965281, 40.4388133 ], [ -79.9651382, 40.4388192 ], [ -79.9651317, 40.4387267 ], [ -79.965343100439441, 40.438697955180622 ] ] ], [ [ [ -79.9651004, 40.4390645 ], [ -79.965311801512868, 40.439035755252775 ], [ -79.96547990142578, 40.439028754944133 ], [ -79.965484501625411, 40.439092854938508 ], [ -79.9652731, 40.4391216 ], [ -79.965105, 40.4391285 ], [ -79.9651004, 40.4390645 ] ] ], [ [ [ -79.966217501349078, 40.439095253594125 ], [ -79.966223801623741, 40.439183453586431 ], [ -79.9660124, 40.4392122 ], [ -79.965683100000021, 40.4392259 ], [ -79.9656783, 40.4391578 ], [ -79.9656577, 40.4391587 ], [ -79.9656511, 40.4390648 ], [ -79.965862501300549, 40.439036054242699 ], [ -79.966169801141646, 40.439023353678486 ], [ -79.966175001370857, 40.439096953672141 ], [ -79.966217501349078, 40.439095253594125 ] ] ], [ [ [ -79.965311501790424, 40.439124055257189 ], [ -79.965484501701127, 40.43911695493955 ], [ -79.965487601840991, 40.439161854935847 ], [ -79.9652762, 40.4391906 ], [ -79.965103200000016, 40.4391978 ], [ -79.9651001, 40.4391528 ], [ -79.965311501790424, 40.439124055257189 ] ] ], [ [ [ -79.965103, 40.4392156 ], [ -79.965314401986618, 40.439186855254611 ], [ -79.965487401897306, 40.439179754936987 ], [ -79.96549060203715, 40.439224654933078 ], [ -79.965279200000012, 40.4392534 ], [ -79.9651062, 40.4392606 ], [ -79.965103, 40.4392156 ] ] ], [ [ [ -79.9652894, 40.4393934 ], [ -79.9651214, 40.4394004 ], [ -79.9651179, 40.4393513 ], [ -79.965280722236756, 40.43932916080314 ], [ -79.9651139, 40.4393361 ], [ -79.9651103, 40.439285 ], [ -79.965321702201834, 40.439256255244253 ], [ -79.96549960211, 40.439248954917623 ], [ -79.965503202268849, 40.439299954913245 ], [ -79.96534038842529, 40.439322093302764 ], [ -79.965497302320145, 40.439315554924761 ], [ -79.965500802473059, 40.439364654920468 ], [ -79.9652894, 40.4393934 ] ] ], [ [ [ -79.965843902183394, 40.439314754288972 ], [ -79.96595840212396, 40.43930995407873 ], [ -79.965961702270064, 40.439356854074745 ], [ -79.9657503, 40.4393856 ], [ -79.9656358, 40.4393904 ], [ -79.9656325, 40.4393435 ], [ -79.965843902183394, 40.439314754288972 ] ] ], [ [ [ -79.965336102607836, 40.439387255223551 ], [ -79.965492302526911, 40.439380754936757 ], [ -79.965496002687615, 40.439432354932244 ], [ -79.965337105849585, 40.439453960658106 ], [ -79.965501602731948, 40.439447154922618 ], [ -79.965505102882986, 40.439495654918311 ], [ -79.9652937, 40.4395244 ], [ -79.965124500000016, 40.4395314 ], [ -79.965121, 40.4394829 ], [ -79.965279884900553, 40.439461296214049 ], [ -79.9651284, 40.4394676 ], [ -79.9651247, 40.439416 ], [ -79.965336102607836, 40.439387255223551 ] ] ], [ [ [ -79.96533090305067, 40.439527555239216 ], [ -79.965505902960274, 40.43952035491791 ], [ -79.965509103101041, 40.439565554914019 ], [ -79.9652977, 40.4395943 ], [ -79.9651227, 40.4396015 ], [ -79.9651195, 40.4395563 ], [ -79.96533090305067, 40.439527555239216 ] ] ], [ [ [ -79.965343403260107, 40.439595755219273 ], [ -79.965521003168405, 40.43958845489319 ], [ -79.965524403317573, 40.439636354889053 ], [ -79.965313, 40.4396651 ], [ -79.9651354, 40.4396724 ], [ -79.965132, 40.4396245 ], [ -79.965343403260107, 40.439595755219273 ] ] ], [ [ [ -79.9651393, 40.4397018 ], [ -79.965350703500164, 40.439673055209255 ], [ -79.96552370341054, 40.439665854891622 ], [ -79.965526503533567, 40.439705354888204 ], [ -79.9653151, 40.4397341 ], [ -79.965142, 40.4397412 ], [ -79.9651393, 40.4397018 ] ] ], [ [ [ -79.965357203683354, 40.439732155199891 ], [ -79.965531003593398, 40.439724954880788 ], [ -79.965534303736362, 40.439770854876762 ], [ -79.9653229, 40.4397996 ], [ -79.965149, 40.439806800000014 ], [ -79.965145800000016, 40.439760899999982 ], [ -79.965357203683354, 40.439732155199891 ] ] ], [ [ [ -79.9651506, 40.4398332 ], [ -79.965362003908638, 40.43980445519427 ], [ -79.965529903821945, 40.439797554885992 ], [ -79.965533403977048, 40.439847354881749 ], [ -79.965322, 40.4398761 ], [ -79.9651541, 40.4398831 ], [ -79.9651506, 40.4398332 ] ] ], [ [ [ -79.965369204123917, 40.439873855184089 ], [ -79.96552830404157, 40.439867254891965 ], [ -79.965531304174249, 40.439909854888334 ], [ -79.965394152589511, 40.439928503751659 ], [ -79.965533104214089, 40.439922754885593 ], [ -79.965537204396938, 40.439981454880652 ], [ -79.9653258, 40.440010200000017 ], [ -79.9651566, 40.4400172 ], [ -79.9651525, 40.4399585 ], [ -79.965289815926184, 40.439939829095977 ], [ -79.9651608, 40.43994510000001 ], [ -79.9651578, 40.4399026 ], [ -79.965369204123917, 40.439873855184089 ] ] ], [ [ [ -79.965427104501472, 40.440001155083444 ], [ -79.965539304443254, 40.439996454877424 ], [ -79.965543204617063, 40.440052254872704 ], [ -79.965430550278512, 40.440067572769735 ], [ -79.96554340465029, 40.440062854872806 ], [ -79.965547104815698, 40.440115954868332 ], [ -79.9653357, 40.4401447 ], [ -79.9652138, 40.440149699999978 ], [ -79.96521, 40.4400967 ], [ -79.965322642420531, 40.440081383952574 ], [ -79.9652197, 40.4400857 ], [ -79.9652157, 40.4400299 ], [ -79.965427104501472, 40.440001155083444 ] ] ], [ [ [ -79.9652003, 40.4401702 ], [ -79.965411704948266, 40.440141455117811 ], [ -79.965554304874487, 40.440135554856006 ], [ -79.965557305008133, 40.440178454852351 ], [ -79.9653459, 40.440207199999982 ], [ -79.9652034, 40.4402131 ], [ -79.9652003, 40.4401702 ] ] ], [ [ [ -79.965407805140487, 40.440202155127629 ], [ -79.965556905063593, 40.440196054853878 ], [ -79.965560905238618, 40.440252254848964 ], [ -79.9653495, 40.440281 ], [ -79.9652004, 40.4402872 ], [ -79.9651964, 40.4402309 ], [ -79.965407805140487, 40.440202155127629 ] ] ], [ [ [ -79.965979306499946, 40.440705254101289 ], [ -79.966091406441748, 40.440700553895454 ], [ -79.966095606628045, 40.440760353890369 ], [ -79.9658842, 40.4407891 ], [ -79.9657722, 40.4407938 ], [ -79.9657679, 40.440734 ], [ -79.965979306499946, 40.440705254101289 ] ] ], [ [ [ -79.966006307447216, 40.44101005406506 ], [ -79.966112607392233, 40.44100565386988 ], [ -79.966117307600285, 40.441072453864166 ], [ -79.9659059, 40.4411012 ], [ -79.965799600000011, 40.4411056 ], [ -79.9657949, 40.4410388 ], [ -79.966006307447216, 40.44101005406506 ] ] ], [ [ [ -79.965626508170715, 40.446555524111332 ], [ -79.965645008364831, 40.446573123977615 ], [ -79.965587908897461, 40.446608124406069 ], [ -79.965531730444184, 40.44661576234995 ], [ -79.965381110486163, 40.446708025952987 ], [ -79.9652440142209, 40.446726665034603 ], [ -79.964677793983341, 40.446803644325577 ], [ -79.964708726239664, 40.446829956699418 ], [ -79.96461062648919, 40.446897256882309 ], [ -79.9643992, 40.446926 ], [ -79.9643376, 40.4468736 ], [ -79.96443570000001, 40.4468063 ], [ -79.964501016250935, 40.446797420357882 ], [ -79.964141, 40.4464543 ], [ -79.9641568, 40.4464446 ], [ -79.9641784, 40.4464314 ], [ -79.9642212, 40.4464052 ], [ -79.9645527, 40.4462022 ], [ -79.9645073, 40.446158799999985 ], [ -79.9647534, 40.4460081 ], [ -79.964905331408772, 40.445987444400998 ], [ -79.964905331408772, 40.445987444400998 ], [ -79.9650806, 40.4458801 ], [ -79.965118426220329, 40.445856937930444 ], [ -79.9652131, 40.4457989 ], [ -79.965019666412275, 40.445621757569924 ], [ -79.9649789, 40.4456273 ], [ -79.9649141, 40.445568 ], [ -79.9649669, 40.4455343 ], [ -79.9649851, 40.4455227 ], [ -79.9649494, 40.44549 ], [ -79.9650125, 40.4454498 ], [ -79.965864792320829, 40.445333922134154 ], [ -79.966003193709966, 40.445460621132959 ], [ -79.965939694322259, 40.445501121609652 ], [ -79.966102589109937, 40.445650262880662 ], [ -79.966123495888837, 40.445647420276181 ], [ -79.966208496782357, 40.445728419661812 ], [ -79.966156597266306, 40.44576022005122 ], [ -79.966455500409211, 40.446045117890883 ], [ -79.966318301689057, 40.446129218920298 ], [ -79.966353102055336, 40.446162418668791 ], [ -79.966298802562065, 40.446195719076186 ], [ -79.96625180845092, 40.446202108673127 ], [ -79.966226602951025, 40.446217519613967 ], [ -79.966166172892045, 40.446225735996123 ], [ -79.966041004315301, 40.446302321001433 ], [ -79.966087704806228, 40.446346820663898 ], [ -79.965839007124259, 40.446499122529907 ], [ -79.96570191139979, 40.446517762162145 ], [ -79.96568424108618, 40.446520164617922 ], [ -79.965626508170715, 40.446555524111332 ] ] ], [ [ [ -79.9639197, 40.4485576 ], [ -79.963825952402274, 40.44846867823108 ], [ -79.9637, 40.4484858 ], [ -79.9636466, 40.4484351 ], [ -79.9637321, 40.4483828 ], [ -79.9633448, 40.4480157 ], [ -79.9644462, 40.4473429 ], [ -79.965161419847462, 40.447245665623861 ], [ -79.965289295576241, 40.447366885584835 ], [ -79.9654579, 40.446972100000011 ], [ -79.965522954765135, 40.446963255337018 ], [ -79.9655193, 40.4466706 ], [ -79.965616458077236, 40.44665739052806 ], [ -79.9656166, 40.446623399999986 ], [ -79.966062574548189, 40.446562764792063 ], [ -79.96616727446262, 40.446562764386911 ], [ -79.96616877707757, 40.446957364417422 ], [ -79.966154591083139, 40.446959293190645 ], [ -79.966158477520253, 40.447022864463314 ], [ -79.965952781045175, 40.447529165305895 ], [ -79.965787815106083, 40.447551593960121 ], [ -79.965750282008258, 40.447649466100593 ], [ -79.965623535190574, 40.447666698268982 ], [ -79.965745524789838, 40.447782462078258 ], [ -79.964634933453382, 40.448460369070737 ], [ -79.9639197, 40.4485576 ] ] ], [ [ [ -79.965499532979933, 40.44907175534653 ], [ -79.96536633312742, 40.449102255592223 ], [ -79.9651549, 40.449131 ], [ -79.9651303, 40.4490684 ], [ -79.965211697023989, 40.449049775796375 ], [ -79.9651284, 40.4490611 ], [ -79.9651111, 40.4490171 ], [ -79.965146272049196, 40.44900904164674 ], [ -79.9651098, 40.449014 ], [ -79.965092, 40.4489718 ], [ -79.965170540951078, 40.448952485255845 ], [ -79.9650829, 40.4489644 ], [ -79.9650568, 40.4489013 ], [ -79.965134, 40.4488458 ], [ -79.965345432239019, 40.4488170556181 ], [ -79.965439032423745, 40.448887355449472 ], [ -79.965380032539954, 40.448917055558994 ], [ -79.965312450185465, 40.448931723521056 ], [ -79.96539533254473, 40.448920455531081 ], [ -79.965413132670463, 40.448962655500274 ], [ -79.965389792386006, 40.44896839538896 ], [ -79.965438632657765, 40.448961755453446 ], [ -79.965455832789416, 40.449005755423812 ], [ -79.965391456096768, 40.449020517817573 ], [ -79.965475032792654, 40.44900915538873 ], [ -79.965499532979933, 40.44907175534653 ] ] ], [ [ [ -79.965587350554458, 40.449298882938926 ], [ -79.9652702, 40.449342 ], [ -79.9652475, 40.4492841 ], [ -79.965316950214842, 40.449268186675674 ], [ -79.9652227, 40.449281 ], [ -79.9652044, 40.4492343 ], [ -79.965292227640859, 40.44921420391163 ], [ -79.9652187, 40.44922420000001 ], [ -79.9651981, 40.4491717 ], [ -79.9654268, 40.4491194 ], [ -79.96563823298564, 40.449090655092888 ], [ -79.965658833142371, 40.449143055057384 ], [ -79.965577816736953, 40.449161617858287 ], [ -79.965651833171805, 40.4491515550706 ], [ -79.965670133311519, 40.449198255039065 ], [ -79.965553192021773, 40.449225013108524 ], [ -79.965752749982101, 40.449197882477151 ], [ -79.965775550242341, 40.449255882418207 ], [ -79.965587350554458, 40.449298882938926 ] ] ], [ [ [ -79.964941134347114, 40.449437856386936 ], [ -79.964950734582914, 40.449514056372685 ], [ -79.964906100178851, 40.44952012426338 ], [ -79.964907134643497, 40.449527956453245 ], [ -79.9646957, 40.4495567 ], [ -79.96459659413344, 40.449563923722351 ], [ -79.96459823493511, 40.449582657022354 ], [ -79.9643868, 40.4496114 ], [ -79.9642751, 40.4496171 ], [ -79.964274862916312, 40.449614492079817 ], [ -79.9641446, 40.4496322 ], [ -79.9640769, 40.4496359 ], [ -79.9640724, 40.4495874 ], [ -79.964228036722858, 40.449566242835111 ], [ -79.964225, 40.449531199999981 ], [ -79.964265399450412, 40.449525708083769 ], [ -79.9642643, 40.4495133 ], [ -79.964475734674167, 40.449484557242812 ], [ -79.964572334465544, 40.449479616339687 ], [ -79.9645709, 40.4494683 ], [ -79.964782334413954, 40.44943955667835 ], [ -79.96489503434421, 40.449431256471215 ], [ -79.964896234374862, 40.449441156469462 ], [ -79.964941134347114, 40.449437856386936 ] ] ], [ [ [ -79.964959234705049, 40.449553956358812 ], [ -79.964968134931709, 40.449627156345684 ], [ -79.964923987757672, 40.449633157995002 ], [ -79.964925335000785, 40.449643856424906 ], [ -79.9647139, 40.4496726 ], [ -79.964610222459925, 40.449679973815563 ], [ -79.964611935284694, 40.449695557002144 ], [ -79.9644005, 40.4497243 ], [ -79.9642914, 40.4497313 ], [ -79.9642898, 40.4497166 ], [ -79.9642494, 40.4497192 ], [ -79.9642413, 40.4496459 ], [ -79.964279607815698, 40.449640692425966 ], [ -79.9642784, 40.4496295 ], [ -79.964489835033987, 40.449600757222022 ], [ -79.964588956751498, 40.449594411106261 ], [ -79.9645877, 40.4495842 ], [ -79.964799134771781, 40.449555456652597 ], [ -79.964910634703756, 40.449547556447683 ], [ -79.964911834734096, 40.449557356445908 ], [ -79.964959234705049, 40.449553956358812 ] ] ], [ [ [ -79.9647496, 40.4497459 ], [ -79.9645786, 40.4497564 ], [ -79.9645732, 40.4497046 ], [ -79.96478463515588, 40.449675856684458 ], [ -79.965002435029703, 40.449662556284288 ], [ -79.965009235231705, 40.449727656274653 ], [ -79.9647978, 40.4497564 ], [ -79.964751, 40.4497593 ], [ -79.9647496, 40.4497459 ] ] ], [ [ [ -79.965723937118909, 40.450416054993482 ], [ -79.965662337402122, 40.450498555110102 ], [ -79.9654509, 40.4505273 ], [ -79.9653541, 40.4504852 ], [ -79.9654157, 40.4504026 ], [ -79.965627137023745, 40.450373855169232 ], [ -79.965723937118909, 40.450416054993482 ] ] ], [ [ [ -79.965271, 40.4506323 ], [ -79.9653076, 40.450617 ], [ -79.965519037739625, 40.450588255376914 ], [ -79.965567037930398, 40.450654855291774 ], [ -79.965430938162314, 40.45071185554395 ], [ -79.9652195, 40.4507406 ], [ -79.9652128, 40.4507313 ], [ -79.965271, 40.4506323 ] ] ], [ [ [ -79.965877539868004, 40.451309454750671 ], [ -79.965961340137667, 40.451405554601102 ], [ -79.965915540228636, 40.451428854686156 ], [ -79.9657041, 40.4514576 ], [ -79.96562040000002, 40.45136140000001 ], [ -79.9656661, 40.4513382 ], [ -79.965877539868004, 40.451309454750671 ] ] ], [ [ [ -79.9651256, 40.451622200000017 ], [ -79.965365600000013, 40.4515311 ], [ -79.965419, 40.4515109 ], [ -79.965630440506686, 40.451482155211551 ], [ -79.965680540727774, 40.451558655122973 ], [ -79.965387141191357, 40.451669955666134 ], [ -79.9651757, 40.4516987 ], [ -79.9651256, 40.451622200000017 ] ] ], [ [ [ -79.964973242704531, 40.452100256444297 ], [ -79.964913642753103, 40.452108358513165 ], [ -79.964913642785774, 40.452118756554455 ], [ -79.964846083822877, 40.452127940536997 ], [ -79.964846042861339, 40.452134456679168 ], [ -79.9646346, 40.4521632 ], [ -79.9644997, 40.452162900000019 ], [ -79.9645, 40.4520829 ], [ -79.964711442661013, 40.452054156922607 ], [ -79.96497334256145, 40.452054756442116 ], [ -79.964973242704531, 40.452100256444297 ] ] ], [ [ [ -79.965139564672839, 40.452237684363659 ], [ -79.965003665107403, 40.452313084742606 ], [ -79.9646865, 40.4523562 ], [ -79.9646112, 40.4522769 ], [ -79.964743, 40.4522038 ], [ -79.964797589282028, 40.452196379181871 ], [ -79.964808, 40.4521906 ], [ -79.965125164255838, 40.452147484397379 ], [ -79.965177164484047, 40.452202284257865 ], [ -79.965130564632815, 40.452228084387798 ], [ -79.965139564672839, 40.452237684363659 ] ] ], [ [ [ -79.9647808, 40.4524862 ], [ -79.9647438, 40.4524477 ], [ -79.9649415, 40.4523375 ], [ -79.96525866487103, 40.452294384039583 ], [ -79.965281764970783, 40.452318383977598 ], [ -79.96522216516199, 40.452351584143798 ], [ -79.965236165222237, 40.452366084106195 ], [ -79.965097965665692, 40.452443084491591 ], [ -79.9647808, 40.4524862 ] ] ], [ [ [ -79.96527367423478, 40.452627071087768 ], [ -79.965169244425056, 40.452671656109622 ], [ -79.9649578, 40.4527004 ], [ -79.9648791, 40.4525929 ], [ -79.9650489, 40.4525204 ], [ -79.9650328, 40.4524984 ], [ -79.9651442, 40.4524509 ], [ -79.965355643568415, 40.452422155756736 ], [ -79.96546564399867, 40.452572555561481 ], [ -79.965367944167625, 40.452614255742567 ], [ -79.96527367423478, 40.452627071087768 ] ] ], [ [ [ -79.965012345685011, 40.453053056414156 ], [ -79.965138246036773, 40.453180456188718 ], [ -79.965055546218778, 40.453228156342547 ], [ -79.9648441, 40.4532569 ], [ -79.9647182, 40.4531295 ], [ -79.9648009, 40.4530818 ], [ -79.965012345685011, 40.453053056414156 ] ] ], [ [ [ -79.964915647500462, 40.453618556616263 ], [ -79.964980347687629, 40.453686056500509 ], [ -79.964918447820722, 40.453720756615603 ], [ -79.964707, 40.4537495 ], [ -79.9646422, 40.453682 ], [ -79.9647042, 40.4536473 ], [ -79.964915647500462, 40.453618556616263 ] ] ], [ [ [ -79.9648405, 40.4537803 ], [ -79.965051947865845, 40.453751556371984 ], [ -79.965120348063522, 40.453822856249595 ], [ -79.965046848221533, 40.453864056386259 ], [ -79.9648354, 40.4538928 ], [ -79.964767, 40.4538215 ], [ -79.9648405, 40.4537803 ] ] ], [ [ [ -79.9656738, 40.4540605 ], [ -79.9655054, 40.4540723 ], [ -79.9654977, 40.4540085 ], [ -79.965551581855863, 40.454001175202585 ], [ -79.9655457, 40.453953 ], [ -79.965862872138786, 40.453909882482513 ], [ -79.96597707203469, 40.453901882167699 ], [ -79.965990972571362, 40.454017382136996 ], [ -79.9656738, 40.4540605 ] ] ], [ [ [ -79.9647232, 40.4540479 ], [ -79.9648142, 40.4539884 ], [ -79.965025648530357, 40.453959656429319 ], [ -79.965077448655222, 40.454005756336308 ], [ -79.965029148773596, 40.454037456426306 ], [ -79.965068448868735, 40.454072556355719 ], [ -79.965025848972971, 40.454100456435114 ], [ -79.96492196902058, 40.454114577530198 ], [ -79.964833949276539, 40.454173356790399 ], [ -79.964730871667484, 40.45418736862468 ], [ -79.96476524944184, 40.454217456918357 ], [ -79.964672649672011, 40.454279257090946 ], [ -79.964568653516437, 40.454293393612957 ], [ -79.964604049840403, 40.454324357218788 ], [ -79.9645087500773, 40.454387957396442 ], [ -79.964397202753759, 40.454403120178178 ], [ -79.96443485025685, 40.454435957534123 ], [ -79.964342950485502, 40.454497357705421 ], [ -79.9641315, 40.4545261 ], [ -79.9640909, 40.454490500000013 ], [ -79.9641827, 40.4544292 ], [ -79.964294255075771, 40.454414036384541 ], [ -79.9642422, 40.4543685 ], [ -79.9643375, 40.4543049 ], [ -79.964441505123148, 40.454290762476241 ], [ -79.9644067, 40.4542603 ], [ -79.9644993, 40.4541985 ], [ -79.96460234013621, 40.454184493475125 ], [ -79.9645696, 40.4541559 ], [ -79.9646585, 40.4540966 ], [ -79.964762041467935, 40.454082525156878 ], [ -79.9647232, 40.4540479 ] ] ], [ [ [ -79.965752448808416, 40.45413765510358 ], [ -79.965827148756816, 40.454130454966204 ], [ -79.965835148904645, 40.454178454953627 ], [ -79.9656237, 40.4542072 ], [ -79.965549, 40.4542144 ], [ -79.965541, 40.4541664 ], [ -79.965752448808416, 40.45413765510358 ] ] ], [ [ [ -79.965774349109935, 40.454236255067691 ], [ -79.965894749026504, 40.454224554846284 ], [ -79.96590584923382, 40.454291854828838 ], [ -79.9656944, 40.4543206 ], [ -79.965574, 40.4543322 ], [ -79.9655629, 40.454265 ], [ -79.965774349109935, 40.454236255067691 ] ] ], [ [ [ -79.9655903, 40.4544496 ], [ -79.96580174967977, 40.454420855025475 ], [ -79.965936049606341, 40.454414054778788 ], [ -79.96594254983745, 40.454488354770078 ], [ -79.9657311, 40.4545171 ], [ -79.9655968, 40.454524 ], [ -79.9655903, 40.4544496 ] ] ], [ [ [ -79.964910307139547, 40.440777056065244 ], [ -79.965028007077635, 40.44077185584915 ], [ -79.965031207210245, 40.440814455845135 ], [ -79.9648198, 40.4408432 ], [ -79.9647021, 40.4408484 ], [ -79.9646989, 40.440805799999985 ], [ -79.964910307139547, 40.440777056065244 ] ] ], [ [ [ -79.96421541815468, 40.445829591694569 ], [ -79.964253718963704, 40.445885791355529 ], [ -79.963844822309113, 40.446048295141679 ], [ -79.9627877, 40.446192 ], [ -79.962778004992458, 40.44617778414937 ], [ -79.962644, 40.446196 ], [ -79.9626068, 40.4461383 ], [ -79.962625093147466, 40.446094420775928 ], [ -79.9623788, 40.4461279 ], [ -79.9623599, 40.4460754 ], [ -79.9622599, 40.4460632 ], [ -79.962103464629081, 40.445839270047031 ], [ -79.962081224213037, 40.445861461477243 ], [ -79.962098524238087, 40.445871561445955 ], [ -79.962042924433717, 40.445926961550363 ], [ -79.9618315, 40.445955699999978 ], [ -79.96182475759602, 40.445951753227781 ], [ -79.9617994, 40.4459552 ], [ -79.961793830355091, 40.445951942119017 ], [ -79.961662414125641, 40.446276487194865 ], [ -79.96225785610622, 40.44641618436637 ], [ -79.962782413386165, 40.446344880254429 ], [ -79.963076513734578, 40.4464138784395 ], [ -79.962961116915992, 40.446698879197818 ], [ -79.963554917619334, 40.446838175533365 ], [ -79.963541578444264, 40.446871149801737 ], [ -79.963827176735009, 40.446832325191252 ], [ -79.963921281572681, 40.44685563915619 ], [ -79.963939185450442, 40.446853205240124 ], [ -79.9639463, 40.4468358 ], [ -79.964157726381089, 40.446807057709243 ], [ -79.964330326443104, 40.446848057394405 ], [ -79.964297426708242, 40.446928357458255 ], [ -79.964320826716786, 40.446933957415567 ], [ -79.96424092735937, 40.447128557570643 ], [ -79.964213706515309, 40.447132258123311 ], [ -79.964184127619319, 40.447204257678145 ], [ -79.9639727, 40.447233 ], [ -79.963963864191328, 40.447230899902181 ], [ -79.963881582215976, 40.447423324970515 ], [ -79.9632506, 40.4475091 ], [ -79.963092610249547, 40.447469990884521 ], [ -79.9630153, 40.447480499999983 ], [ -79.9628827, 40.4474476 ], [ -79.962884374892781, 40.447443681077367 ], [ -79.962501183005514, 40.447495768771674 ], [ -79.962649529241418, 40.447531260507759 ], [ -79.962636629345411, 40.447562760532804 ], [ -79.962663653449269, 40.447569176277675 ], [ -79.962755729280119, 40.447556660314021 ], [ -79.963033374723082, 40.447621893236814 ], [ -79.96311012931514, 40.447611459666263 ], [ -79.963198646928035, 40.447632278969117 ], [ -79.96324292931024, 40.447626259423281 ], [ -79.963335629342865, 40.447648059254171 ], [ -79.963318429483735, 40.447690759287596 ], [ -79.963325429486062, 40.447692359274811 ], [ -79.963290729769838, 40.447778359342237 ], [ -79.963329029783296, 40.447787359272368 ], [ -79.96331452990205, 40.447823359300543 ], [ -79.9631031, 40.4478521 ], [ -79.963088969686382, 40.447848769730122 ], [ -79.9630527, 40.4478537 ], [ -79.9624889, 40.4477211 ], [ -79.96248890934001, 40.447721076916828 ], [ -79.9624137, 40.4477313 ], [ -79.962148325315994, 40.447667830064837 ], [ -79.9619683, 40.4476923 ], [ -79.9619024, 40.4476765 ], [ -79.9619938, 40.4474537 ], [ -79.962121798254046, 40.447436301775085 ], [ -79.962031509707202, 40.447415123457901 ], [ -79.9616447, 40.4474677 ], [ -79.961500736265123, 40.447433915185719 ], [ -79.961458129726552, 40.44753886269379 ], [ -79.9612467, 40.4475676 ], [ -79.9610275, 40.4475161 ], [ -79.961042487938144, 40.447479117521553 ], [ -79.9609867, 40.4474867 ], [ -79.960620266986055, 40.447400747732168 ], [ -79.9604742, 40.4474206 ], [ -79.960319, 40.4473841 ], [ -79.960358900000017, 40.4472859 ], [ -79.960388924526029, 40.447281819342187 ], [ -79.960429, 40.4471829 ], [ -79.9603773, 40.4471708 ], [ -79.9603905, 40.447138 ], [ -79.960450499788564, 40.447129845334835 ], [ -79.9604959, 40.4470177 ], [ -79.960692173925821, 40.446991023742918 ], [ -79.96078, 40.4467741 ], [ -79.960832259563233, 40.446766997098784 ], [ -79.9608799, 40.4466492 ], [ -79.9604876, 40.4465572 ], [ -79.9605536, 40.4463942 ], [ -79.9604475, 40.4463694 ], [ -79.9603805, 40.4463537 ], [ -79.960276900000011, 40.446329399999989 ], [ -79.9603016, 40.4462684 ], [ -79.9602835, 40.4462641 ], [ -79.9604316, 40.4458986 ], [ -79.9604514, 40.4458498 ], [ -79.9605147, 40.4456935 ], [ -79.960593477578655, 40.44568279286834 ], [ -79.9606083, 40.4456462 ], [ -79.960694531191692, 40.445634479719132 ], [ -79.9607042, 40.4456106 ], [ -79.96141940633035, 40.445513388589823 ], [ -79.961898306897268, 40.445625685634511 ], [ -79.961876707490092, 40.44567878577643 ], [ -79.961902007520749, 40.445684785620301 ], [ -79.961886095797567, 40.445724081674754 ], [ -79.961891593892346, 40.445727300133157 ], [ -79.961958823810022, 40.445718161695531 ], [ -79.962060348131288, 40.445777550492124 ], [ -79.9620469, 40.4457583 ], [ -79.9621263, 40.4457259 ], [ -79.9621153, 40.4457101 ], [ -79.962129, 40.4457045 ], [ -79.9621927, 40.4456785 ], [ -79.962276205528255, 40.445667149009125 ], [ -79.962309500000018, 40.4456536 ], [ -79.963366614774046, 40.445509899410268 ], [ -79.963401192302399, 40.445560391431066 ], [ -79.963574014796791, 40.44553689751379 ], [ -79.9635760657238, 40.445537301799462 ], [ -79.963623914604341, 40.445530797054765 ], [ -79.963656833738995, 40.445537227760774 ], [ -79.963705614443015, 40.445530596305332 ], [ -79.963812114565258, 40.445551495333042 ], [ -79.963801163873995, 40.445584009541037 ], [ -79.963827014992134, 40.445580495202698 ], [ -79.963879115053132, 40.445590794727067 ], [ -79.963873515326398, 40.445607494782102 ], [ -79.963911515369134, 40.445614894435153 ], [ -79.963906315618047, 40.445630094486162 ], [ -79.963935415652855, 40.445635894220523 ], [ -79.96392111634529, 40.445678194360923 ], [ -79.963894286076084, 40.445681841826811 ], [ -79.963891216602732, 40.445690894637956 ], [ -79.963910716626287, 40.445694794459961 ], [ -79.963904726614899, 40.445712459353167 ], [ -79.964111916071715, 40.445684292612171 ], [ -79.964147756550645, 40.445736937691777 ], [ -79.964167216750383, 40.445734292115851 ], [ -79.964209717647137, 40.445796591739644 ], [ -79.964228518046028, 40.445824291573246 ], [ -79.96421541815468, 40.445829591694569 ] ] ], [ [ [ -79.96386982433674, 40.446121158207426 ], [ -79.963934124547578, 40.446196158092739 ], [ -79.963893224627839, 40.446216658168673 ], [ -79.963791515166619, 40.446230484973505 ], [ -79.963839024723313, 40.446240358269122 ], [ -79.963804825038608, 40.446336458336077 ], [ -79.9635934, 40.446365200000017 ], [ -79.9635448, 40.4463551 ], [ -79.963579, 40.446259 ], [ -79.963681512169103, 40.446245064272318 ], [ -79.9636175, 40.4461704 ], [ -79.9636584, 40.4461499 ], [ -79.96386982433674, 40.446121158207426 ] ] ], [ [ [ -79.963981625516098, 40.446510158019336 ], [ -79.963921639441978, 40.446518312794005 ], [ -79.963913725627563, 40.446537258145085 ], [ -79.9637023, 40.446566 ], [ -79.9634745, 40.44651120000001 ], [ -79.9635093, 40.4464274 ], [ -79.96362253169076, 40.446412007144517 ], [ -79.9636358, 40.4463801 ], [ -79.963847225069017, 40.446351358258937 ], [ -79.964029425136459, 40.446395257926611 ], [ -79.963981625516098, 40.446510158019336 ] ] ], [ [ [ -79.963596433274489, 40.448930958831795 ], [ -79.963669533241145, 40.448929358697619 ], [ -79.963671633417306, 40.448985658696216 ], [ -79.9634602, 40.4490144 ], [ -79.9633871, 40.4490159 ], [ -79.963385, 40.4489597 ], [ -79.963596433274489, 40.448930958831795 ] ] ], [ [ [ -79.963052433488613, 40.448932059829851 ], [ -79.963117133458837, 40.448930559711108 ], [ -79.963119133616814, 40.448981059709638 ], [ -79.9629077, 40.449009799999985 ], [ -79.962843, 40.449011300000016 ], [ -79.962841, 40.448960799999981 ], [ -79.963052433488613, 40.448932059829851 ] ] ], [ [ [ -79.9634163, 40.4492056 ], [ -79.9632997, 40.4492061 ], [ -79.9632986, 40.449067499999977 ], [ -79.963510033646827, 40.449038758995002 ], [ -79.963633133597256, 40.449038158769135 ], [ -79.96363383389027, 40.449131458771951 ], [ -79.963627439639055, 40.449132327979399 ], [ -79.963627734035342, 40.449176858785115 ], [ -79.9634163, 40.4492056 ] ] ], [ [ [ -79.964504133299513, 40.449050757171769 ], [ -79.964504033351744, 40.449067357172666 ], [ -79.964602433318674, 40.449068956992221 ], [ -79.964614133729071, 40.449200956976519 ], [ -79.9644027, 40.4492297 ], [ -79.9641988, 40.4492289 ], [ -79.9641993, 40.44915180000001 ], [ -79.9641642, 40.449151599999986 ], [ -79.9641644, 40.4491207 ], [ -79.964196042321944, 40.449116398520516 ], [ -79.9641962, 40.4491 ], [ -79.964217014016668, 40.449097170522123 ], [ -79.964217100000013, 40.4490792 ], [ -79.964428533327876, 40.449050457310435 ], [ -79.964504133299513, 40.449050757171769 ] ] ], [ [ [ -79.962934855325543, 40.449202932772636 ], [ -79.962863, 40.4492127 ], [ -79.962849666208243, 40.449212769091794 ], [ -79.962849834522061, 40.449235860214849 ], [ -79.9626384, 40.4492646 ], [ -79.962558, 40.449265 ], [ -79.9625567, 40.4491073 ], [ -79.962576580865203, 40.449104597666988 ], [ -79.9625764, 40.44908 ], [ -79.962787833965777, 40.44905126032053 ], [ -79.962851233940299, 40.449050960204204 ], [ -79.962851488285665, 40.449082740900884 ], [ -79.962983033932943, 40.449064859962988 ], [ -79.963044533908203, 40.449064559850157 ], [ -79.963044548422559, 40.44906644594802 ], [ -79.963145233832094, 40.449052759664887 ], [ -79.963263333784795, 40.449052259448209 ], [ -79.963264734326515, 40.44922475945318 ], [ -79.9630533, 40.4492535 ], [ -79.9629353, 40.4492541 ], [ -79.962934855325543, 40.449202932772636 ] ] ], [ [ [ -79.964891959790478, 40.449404525814749 ], [ -79.964893134291188, 40.449414156473964 ], [ -79.9646817, 40.4494429 ], [ -79.964580344368315, 40.449450203311187 ], [ -79.964581834575554, 40.449466257047355 ], [ -79.9643704, 40.449495 ], [ -79.9642625, 40.4495009 ], [ -79.9642613, 40.449488 ], [ -79.9642198, 40.4494902 ], [ -79.9642131, 40.4494176 ], [ -79.964249528372221, 40.449412647908936 ], [ -79.964248, 40.4493966 ], [ -79.964459434313639, 40.449367857267617 ], [ -79.964562035701576, 40.449362303678043 ], [ -79.964560855683132, 40.449352655291527 ], [ -79.9643575, 40.4493803 ], [ -79.964244, 40.4493905 ], [ -79.9642416, 40.4493746 ], [ -79.9642005, 40.4493783 ], [ -79.9641944, 40.4493386 ], [ -79.964405834152075, 40.449309857363424 ], [ -79.964525977418774, 40.449298977427055 ], [ -79.9645211, 40.4492509 ], [ -79.964732533749839, 40.449222156760229 ], [ -79.964924233640062, 40.44921085640803 ], [ -79.964931533862938, 40.449282656397791 ], [ -79.964888750641308, 40.449288472641811 ], [ -79.9648897339288, 40.449298456475155 ], [ -79.9646783, 40.4493272 ], [ -79.964566237945618, 40.449333888909351 ], [ -79.96456886501997, 40.449351103612017 ], [ -79.964772234052901, 40.449323456691815 ], [ -79.964877633987868, 40.449315756498102 ], [ -79.96487943403308, 40.449330356495445 ], [ -79.964926234004253, 40.449326956409436 ], [ -79.964935134226181, 40.449398656396227 ], [ -79.964891959790478, 40.449404525814749 ] ] ], [ [ [ -79.96447, 40.4503629 ], [ -79.9643504, 40.4503698 ], [ -79.964349001740032, 40.450355690314574 ], [ -79.964307, 40.4503614 ], [ -79.9642318, 40.4503658 ], [ -79.964231606998169, 40.450363853706577 ], [ -79.9641886, 40.4503697 ], [ -79.9641309, 40.4503731 ], [ -79.964129603461728, 40.450359947353355 ], [ -79.9640814, 40.4503665 ], [ -79.9640272, 40.4503697 ], [ -79.964026984588131, 40.450367515110528 ], [ -79.9639859, 40.4503731 ], [ -79.9639259, 40.4503766 ], [ -79.9639182, 40.4502976 ], [ -79.964129637273743, 40.45026885791205 ], [ -79.964136901982926, 40.45026844554603 ], [ -79.964230237193618, 40.4502557577269 ], [ -79.964284437162874, 40.450252657627324 ], [ -79.964285123597804, 40.450259611654452 ], [ -79.964333337145177, 40.450253057537637 ], [ -79.964338799956963, 40.450252745097494 ], [ -79.964336050302052, 40.450224998544556 ], [ -79.9641308, 40.4502529 ], [ -79.9640935, 40.450255 ], [ -79.9640885, 40.4502041 ], [ -79.964299936913875, 40.450175357595505 ], [ -79.964337236892817, 40.450173257526991 ], [ -79.964340105247658, 40.450202456460573 ], [ -79.9645453368163, 40.45017455714526 ], [ -79.964664936748264, 40.450167656925544 ], [ -79.964681437265298, 40.450334156902528 ], [ -79.96447, 40.4503629 ] ] ], [ [ [ -79.964458111920678, 40.450488088357986 ], [ -79.96447893781874, 40.450485257280647 ], [ -79.964547337782193, 40.450482057155021 ], [ -79.964556538137955, 40.450596357143127 ], [ -79.964465764436156, 40.450608696951974 ], [ -79.96446983831018, 40.450640457304111 ], [ -79.9642584, 40.4506692 ], [ -79.9641825, 40.4506749 ], [ -79.9641777, 40.450637299999975 ], [ -79.9641656, 40.4506382 ], [ -79.9641497, 40.4505131 ], [ -79.964361137861545, 40.450484357496741 ], [ -79.964456737802195, 40.45047725732104 ], [ -79.964458111920678, 40.450488088357986 ] ] ], [ [ [ -79.964482938429896, 40.450680157281823 ], [ -79.964668838390921, 40.450690656941219 ], [ -79.964665138515272, 40.450729756949713 ], [ -79.964855038475335, 40.4507404566018 ], [ -79.964840938940725, 40.450886756634041 ], [ -79.9646295, 40.4509155 ], [ -79.964483393299545, 40.450907278975777 ], [ -79.964449400000021, 40.4509119 ], [ -79.9643211, 40.4509046 ], [ -79.9643233, 40.4508819 ], [ -79.9642551, 40.450878 ], [ -79.9642715, 40.4507089 ], [ -79.964482938429896, 40.450680157281823 ] ] ], [ [ [ -79.963083141392787, 40.451450159883663 ], [ -79.9628717, 40.4514789 ], [ -79.9628216, 40.451474 ], [ -79.9628416, 40.4513561 ], [ -79.963053041018384, 40.451327359933515 ], [ -79.963103141014386, 40.45133225984182 ], [ -79.963083141392787, 40.451450159883663 ] ] ], [ [ [ -79.963536241250011, 40.451460559052819 ], [ -79.963633441242536, 40.451470158874898 ], [ -79.963625241397551, 40.45151845889206 ], [ -79.96349598373375, 40.451536028861206 ], [ -79.963568241497285, 40.451543158997723 ], [ -79.963555641736392, 40.451617659024087 ], [ -79.963500338615461, 40.451625176338887 ], [ -79.963560041776816, 40.451631059016599 ], [ -79.963553041910004, 40.451672559031266 ], [ -79.9633416, 40.4517013 ], [ -79.9631811, 40.4516856 ], [ -79.9631819, 40.4516804 ], [ -79.9631855, 40.4516591 ], [ -79.963224796935393, 40.451653758511192 ], [ -79.9632258, 40.4516477 ], [ -79.963281141949054, 40.451640177545734 ], [ -79.9632307, 40.4516352 ], [ -79.9632433, 40.4515607 ], [ -79.963372573157855, 40.451543128223427 ], [ -79.963340864419408, 40.451539996493771 ], [ -79.9632246, 40.4515558 ], [ -79.963162, 40.4515496 ], [ -79.963166, 40.4515259 ], [ -79.9631032, 40.4515197 ], [ -79.9631129, 40.4514628 ], [ -79.963324341248764, 40.451434059440437 ], [ -79.963449641238938, 40.451446359211076 ], [ -79.963445161891329, 40.451472939407807 ], [ -79.963536241250011, 40.451460559052819 ] ] ], [ [ [ -79.9635838, 40.451669300000013 ], [ -79.963620884919592, 40.45166425905181 ], [ -79.9635857, 40.4516522 ], [ -79.963614, 40.451604 ], [ -79.963825441498599, 40.451575258527221 ], [ -79.963917641562233, 40.451606858359469 ], [ -79.963889341724723, 40.451655058413486 ], [ -79.963852274910451, 40.451660096990231 ], [ -79.963878141772767, 40.451668958434638 ], [ -79.963857741890081, 40.451703758473585 ], [ -79.9636463, 40.4517325 ], [ -79.963563300000018, 40.4517041 ], [ -79.9635838, 40.451669300000013 ] ] ], [ [ [ -79.9631835, 40.4519941 ], [ -79.9630846, 40.4519844 ], [ -79.963088016320057, 40.451964189799561 ], [ -79.9629614, 40.4519814 ], [ -79.962901, 40.4519751 ], [ -79.9629209, 40.4518641 ], [ -79.963132342584771, 40.451835359810246 ], [ -79.963192842581151, 40.451841659699511 ], [ -79.963189479198718, 40.45186032683943 ], [ -79.963315042538838, 40.451843259475389 ], [ -79.96348464252597, 40.451860059164957 ], [ -79.963469242818661, 40.451951259197195 ], [ -79.963395645078265, 40.451961263169224 ], [ -79.963394942891782, 40.451965359334132 ], [ -79.9631835, 40.4519941 ] ] ], [ [ [ -79.964142583871464, 40.452124953475014 ], [ -79.9641404431312, 40.452133357973686 ], [ -79.963929, 40.4521621 ], [ -79.9638066, 40.4521442 ], [ -79.9638144, 40.452113 ], [ -79.963764, 40.4521057 ], [ -79.9637824, 40.4520318 ], [ -79.963838880283831, 40.452024122582927 ], [ -79.9638431, 40.4520074 ], [ -79.964054542678113, 40.451978658124531 ], [ -79.964163542685881, 40.451994557925239 ], [ -79.964150442856322, 40.452047157951576 ], [ -79.964171442857932, 40.452050257913172 ], [ -79.964172642876008, 40.452056157911244 ], [ -79.964173642907383, 40.452066257909841 ], [ -79.964173142939643, 40.452076457911204 ], [ -79.964171342972108, 40.45208655791496 ], [ -79.964168143004471, 40.452096457921257 ], [ -79.964163543036435, 40.452106057930109 ], [ -79.964157743067275, 40.452115157941165 ], [ -79.964150643097383, 40.452123857954554 ], [ -79.964142583871464, 40.452124953475014 ] ] ], [ [ [ -79.962624958311707, 40.452195776662258 ], [ -79.9625777, 40.4522022 ], [ -79.9624756, 40.4521931 ], [ -79.962477029410522, 40.452183828160862 ], [ -79.9624456, 40.4521881 ], [ -79.9623526, 40.452179800000017 ], [ -79.9623675, 40.4520829 ], [ -79.962473221765009, 40.452068530466228 ], [ -79.962566221760227, 40.452076930381097 ], [ -79.962564671016267, 40.4520870051335 ], [ -79.962596121763539, 40.452082730353794 ], [ -79.962698221758075, 40.452091830260336 ], [ -79.962697185719904, 40.452098550588431 ], [ -79.962744421749605, 40.452092130217949 ], [ -79.962838421744607, 40.452100530131908 ], [ -79.962837005577697, 40.452109790504231 ], [ -79.963047643390354, 40.452081159976402 ], [ -79.963305043376806, 40.452108559505319 ], [ -79.963302872327333, 40.452120393478097 ], [ -79.96332004340087, 40.452118059478231 ], [ -79.963381043397987, 40.452124659366604 ], [ -79.963377281164966, 40.452144945563447 ], [ -79.963397043447131, 40.452142259338004 ], [ -79.963453343443248, 40.452147959234978 ], [ -79.96344204365198, 40.452212959258539 ], [ -79.963362666478304, 40.452223748748004 ], [ -79.963361143743057, 40.452231959407797 ], [ -79.9631497, 40.4522607 ], [ -79.963119289278296, 40.452257404260926 ], [ -79.9630509, 40.45226670000001 ], [ -79.962985, 40.4522597 ], [ -79.96298641193107, 40.452252022630297 ], [ -79.962952, 40.4522567 ], [ -79.9628808, 40.4522491 ], [ -79.962881380450625, 40.452245920142381 ], [ -79.9628521, 40.4522499 ], [ -79.9628115, 40.4522455 ], [ -79.962819476126825, 40.452201712096581 ], [ -79.9627173, 40.4522156 ], [ -79.9626232, 40.4522072 ], [ -79.962624958311707, 40.452195776662258 ] ] ], [ [ [ -79.9630362, 40.452509 ], [ -79.962916, 40.452497 ], [ -79.962916990083428, 40.452491209123643 ], [ -79.9628994, 40.4524936 ], [ -79.9627815, 40.452482 ], [ -79.962784545360265, 40.452463826108279 ], [ -79.9626707, 40.4524793 ], [ -79.9625688, 40.4524702 ], [ -79.962571131090456, 40.45245505902534 ], [ -79.9625311, 40.4524605 ], [ -79.9624394, 40.4524523 ], [ -79.962445306869057, 40.452413673726575 ], [ -79.9622781, 40.452436400000011 ], [ -79.9621548, 40.4524243 ], [ -79.962156903814403, 40.452411883379277 ], [ -79.9621016, 40.4524194 ], [ -79.9620328, 40.4523962 ], [ -79.962039009362599, 40.452385446678917 ], [ -79.961993, 40.4523917 ], [ -79.961905, 40.452362 ], [ -79.961910807611503, 40.452351934172228 ], [ -79.9618831, 40.4523557 ], [ -79.9617414, 40.452308 ], [ -79.961752906661999, 40.452288044169897 ], [ -79.9617135, 40.4522934 ], [ -79.9616264, 40.4522641 ], [ -79.961636565595526, 40.452246475974185 ], [ -79.9615996, 40.452251500000017 ], [ -79.9615238, 40.452226 ], [ -79.961526767811165, 40.452220857994362 ], [ -79.9615088, 40.4522233 ], [ -79.9614262, 40.4521955 ], [ -79.961434867874189, 40.452180474725495 ], [ -79.9614001, 40.4521852 ], [ -79.961335, 40.4521633 ], [ -79.961343313930911, 40.452148867490266 ], [ -79.9613107, 40.4521533 ], [ -79.9612677, 40.4521388 ], [ -79.9612157, 40.4521214 ], [ -79.9611702, 40.45210609999998 ], [ -79.9611248, 40.4520909 ], [ -79.961154489231504, 40.452039232265975 ], [ -79.9610473, 40.4520538 ], [ -79.9610019, 40.4520374 ], [ -79.961045694382548, 40.451966877290594 ], [ -79.9609381, 40.4519815 ], [ -79.96087545339212, 40.451959938282933 ], [ -79.9608257, 40.4519667 ], [ -79.9607367, 40.4519367 ], [ -79.960768503001972, 40.451881568038772 ], [ -79.9605902, 40.4519058 ], [ -79.9604096, 40.4518441 ], [ -79.960414094744038, 40.45183641576326 ], [ -79.9603914, 40.4518395 ], [ -79.9603445, 40.4518235 ], [ -79.9602951, 40.4518067 ], [ -79.96025, 40.4517914 ], [ -79.9602055, 40.4517763 ], [ -79.960210455453151, 40.451767784219641 ], [ -79.960189, 40.4517707 ], [ -79.960101, 40.4517406 ], [ -79.9600535, 40.451724400000018 ], [ -79.9600088, 40.4517091 ], [ -79.960024533244081, 40.451682206755805 ], [ -79.9600003, 40.451685500000011 ], [ -79.9599359, 40.45166 ], [ -79.959955553596402, 40.451623933754334 ], [ -79.9599065, 40.4516306 ], [ -79.9598263, 40.4516035 ], [ -79.959834757723016, 40.451588892691561 ], [ -79.9598141, 40.4515917 ], [ -79.9597355, 40.4515644 ], [ -79.9598138, 40.4514329 ], [ -79.960021885805901, 40.451404621652514 ], [ -79.9599567, 40.4513817 ], [ -79.95996647367177, 40.451365448444562 ], [ -79.959958, 40.4513666 ], [ -79.9598978, 40.4513459 ], [ -79.9599376, 40.4512781 ], [ -79.960149041897523, 40.451249365258107 ], [ -79.960209341939276, 40.451270065148385 ], [ -79.960201893484751, 40.451282722019137 ], [ -79.960264002441107, 40.45127428137117 ], [ -79.960349702517533, 40.451304281176235 ], [ -79.960348607499938, 40.4513061002949 ], [ -79.960374502498851, 40.4513025811193 ], [ -79.96046030257915, 40.451333580924214 ], [ -79.960452760569794, 40.451345749247572 ], [ -79.960606342188626, 40.451398264425606 ], [ -79.96060242296933, 40.451404964804411 ], [ -79.960617142199226, 40.451402964406007 ], [ -79.960800942324255, 40.45146536407151 ], [ -79.960796392307486, 40.451473191792083 ], [ -79.960820142331286, 40.451469964036491 ], [ -79.961002942454485, 40.451531663703811 ], [ -79.960956742723582, 40.451611563792078 ], [ -79.960943824594935, 40.451613319447347 ], [ -79.960931042808667, 40.451635463840283 ], [ -79.960900453050442, 40.451639621170493 ], [ -79.960903542835652, 40.451640663890949 ], [ -79.960880242970745, 40.451680763935478 ], [ -79.960860843083594, 40.451714263972512 ], [ -79.960841543196068, 40.451747664009403 ], [ -79.960803737409762, 40.451752801999852 ], [ -79.960850143258767, 40.451768663994535 ], [ -79.960832943357858, 40.451798064027379 ], [ -79.96084544336621, 40.45180226400462 ], [ -79.960832640709839, 40.451824128071472 ], [ -79.961063304091965, 40.451792779566439 ], [ -79.961152304166802, 40.451822779363965 ], [ -79.961146942192897, 40.451832074695538 ], [ -79.961175604176759, 40.451828179310837 ], [ -79.961255504246139, 40.451855679129096 ], [ -79.961227028641545, 40.451903889685035 ], [ -79.961283143492295, 40.451896263205683 ], [ -79.961328643526571, 40.451912763122934 ], [ -79.96127970112866, 40.45199139360674 ], [ -79.961385143706849, 40.451977063022063 ], [ -79.961459750090242, 40.452002177896858 ], [ -79.961504743720255, 40.451996062803474 ], [ -79.961538243742496, 40.452007262742491 ], [ -79.961571743765077, 40.452018562681523 ], [ -79.961560140350628, 40.452038779084987 ], [ -79.961605143796447, 40.452032662620887 ], [ -79.961670343840382, 40.452054662502221 ], [ -79.961661843849626, 40.452069378596008 ], [ -79.961696543861692, 40.452064662454582 ], [ -79.961774748051539, 40.452090982835117 ], [ -79.961798443894835, 40.452087762268647 ], [ -79.961874243945985, 40.452113362130689 ], [ -79.961856154231327, 40.45214467591363 ], [ -79.961893044021394, 40.452139662097338 ], [ -79.96189887667191, 40.452141624162408 ], [ -79.962043543907456, 40.452121961820424 ], [ -79.962185244002882, 40.452169761562544 ], [ -79.962145337614999, 40.452238927349903 ], [ -79.962173044213216, 40.452235161587787 ], [ -79.962261044272196, 40.452264761427635 ], [ -79.962254432247917, 40.452276228749284 ], [ -79.962300544273262, 40.452269961355391 ], [ -79.962337438643672, 40.452282402411818 ], [ -79.962399544247504, 40.452273961173923 ], [ -79.962497444239773, 40.452283560994715 ], [ -79.962490844365561, 40.452322761008553 ], [ -79.962503744364668, 40.452324060984914 ], [ -79.96249432428182, 40.452379521156878 ], [ -79.962661044406872, 40.452356860697762 ], [ -79.962752744397136, 40.452365060529864 ], [ -79.962750657249288, 40.45237870914179 ], [ -79.962790744408196, 40.452373260460512 ], [ -79.962799588876933, 40.452374050287744 ], [ -79.9628032, 40.4523525 ], [ -79.963014644165867, 40.452323760047541 ], [ -79.963049944163203, 40.45232725998293 ], [ -79.96304848802761, 40.452335897688016 ], [ -79.963093644154114, 40.452329759902867 ], [ -79.963095344154098, 40.452329959899757 ], [ -79.96313294415117, 40.452333659830934 ], [ -79.963132028651287, 40.452339094951206 ], [ -79.963149944154026, 40.452336659799862 ], [ -79.96319244415109, 40.452340959722086 ], [ -79.96319059135088, 40.452351778585133 ], [ -79.963236344148527, 40.452345559641735 ], [ -79.963270144145824, 40.452348859579878 ], [ -79.963247644567659, 40.452480259626888 ], [ -79.9630362, 40.452509 ] ], [ [ -79.960168123141571, 40.45144169630187 ], [ -79.9601497, 40.4514442 ], [ -79.960105455320075, 40.451428214171393 ], [ -79.960098203174084, 40.451440381760506 ], [ -79.960138803210242, 40.451454581668187 ], [ -79.960123818425416, 40.451479688870791 ], [ -79.96014300329665, 40.451477081659775 ], [ -79.960165187762797, 40.451484577857983 ], [ -79.960185929578259, 40.451481759051717 ], [ -79.9601557, 40.4514714 ], [ -79.9601723, 40.4514431 ], [ -79.960168123141571, 40.45144169630187 ] ], [ [ -79.9604546, 40.4515717 ], [ -79.960462063554189, 40.45155887374613 ], [ -79.9604214, 40.4515644 ], [ -79.9603563, 40.4515423 ], [ -79.960369726402902, 40.451519203392472 ], [ -79.960317287679459, 40.451526329872671 ], [ -79.960341703431951, 40.451535981207307 ], [ -79.960306329966016, 40.451588101332703 ], [ -79.960356042935686, 40.451605064893918 ], [ -79.960346176003739, 40.451621959471197 ], [ -79.960387342959095, 40.45161636483698 ], [ -79.960451443003123, 40.451638264720344 ], [ -79.960442764951779, 40.45165308982908 ], [ -79.960490043014588, 40.451646664649878 ], [ -79.960533126031393, 40.451661312792872 ], [ -79.9605472, 40.4516371 ], [ -79.960615175086744, 40.451627861983347 ], [ -79.9605595, 40.4516091 ], [ -79.96057376509151, 40.451584354433393 ], [ -79.9605153, 40.4515923 ], [ -79.9604546, 40.4515717 ] ] ], [ [ [ -79.9643753, 40.4527178 ], [ -79.964320149394524, 40.452671402515634 ], [ -79.964287844835056, 40.452693457727719 ], [ -79.964273157602662, 40.45269545421656 ], [ -79.964281344865867, 40.452702457740038 ], [ -79.964173945137929, 40.452775757940294 ], [ -79.964163816573787, 40.452777134740842 ], [ -79.964171545164007, 40.452783757945028 ], [ -79.96411624530397, 40.452821458048149 ], [ -79.9639048, 40.4528502 ], [ -79.9638174, 40.4527753 ], [ -79.96387270000001, 40.4527376 ], [ -79.96389687669074, 40.452734313662262 ], [ -79.9639952, 40.4526673 ], [ -79.964009971833178, 40.452665292046788 ], [ -79.9639829, 40.4526421 ], [ -79.9640432, 40.4526011 ], [ -79.964046604255287, 40.452600637253667 ], [ -79.9640962, 40.4525668 ], [ -79.964174298763069, 40.452556183829643 ], [ -79.9641365, 40.4525248 ], [ -79.9643193, 40.452396 ], [ -79.964530743715386, 40.452367257267824 ], [ -79.96456314381571, 40.452403157209943 ], [ -79.964649244082594, 40.45249865705614 ], [ -79.964592804820782, 40.45253843357424 ], [ -79.964607344217697, 40.452536457134656 ], [ -79.964697444421077, 40.452612256972671 ], [ -79.964586744705443, 40.452689057179121 ], [ -79.9643753, 40.4527178 ] ] ], [ [ [ -79.963650944665503, 40.452561058890481 ], [ -79.963652797106718, 40.452562651829865 ], [ -79.963860944500212, 40.452534358504025 ], [ -79.963894044582972, 40.452564758444609 ], [ -79.963816444768653, 40.452614258589165 ], [ -79.963726956749213, 40.452626422628953 ], [ -79.963769444939985, 40.452662958677529 ], [ -79.963570545441783, 40.45279805904832 ], [ -79.9633591, 40.452826799999983 ], [ -79.9632405, 40.4527249 ], [ -79.9634395, 40.4525898 ], [ -79.963650944665503, 40.452561058890481 ] ] ], [ [ [ -79.964441707596848, 40.453111369666125 ], [ -79.964475346166267, 40.453139957403224 ], [ -79.964421046303627, 40.453176957504439 ], [ -79.964389398339605, 40.453181259528186 ], [ -79.964401646356762, 40.453191457540676 ], [ -79.964297746626201, 40.453264357734511 ], [ -79.964270595104054, 40.453268048505805 ], [ -79.964283446677953, 40.453279057761364 ], [ -79.964232446807131, 40.453313857856465 ], [ -79.964218935671681, 40.453315694448889 ], [ -79.964223446828527, 40.453319557873222 ], [ -79.964160946986667, 40.453362157989773 ], [ -79.964157006329231, 40.453362693647506 ], [ -79.964163147004058, 40.453367957985982 ], [ -79.964111547134408, 40.453403058082188 ], [ -79.964090983186125, 40.453405853348933 ], [ -79.964101147174588, 40.453414558101755 ], [ -79.964044247318327, 40.453453258207865 ], [ -79.9638328, 40.453482 ], [ -79.963752, 40.4534129 ], [ -79.9638089, 40.4533741 ], [ -79.963829449301045, 40.453371306774564 ], [ -79.9638062, 40.4533514 ], [ -79.9638578, 40.4533162 ], [ -79.963861663314589, 40.453315674865479 ], [ -79.9638506, 40.4533062 ], [ -79.9639131, 40.4532636 ], [ -79.963946818726797, 40.453259016639102 ], [ -79.9639848, 40.4532331 ], [ -79.964023805155961, 40.453227798030248 ], [ -79.9641191, 40.453161 ], [ -79.964151776274221, 40.453156558271502 ], [ -79.964141, 40.4531474 ], [ -79.9641953, 40.4531104 ], [ -79.964305978025052, 40.45309535526436 ], [ -79.9642528, 40.4530498 ], [ -79.9642914, 40.4530235 ], [ -79.964334232483608, 40.453017677643729 ], [ -79.9643269, 40.4530114 ], [ -79.964366200000015, 40.4529846 ], [ -79.964405373933985, 40.452979274933185 ], [ -79.9643936, 40.4529696 ], [ -79.9644185, 40.4529519 ], [ -79.9643886, 40.4529273 ], [ -79.9644198, 40.452905199999975 ], [ -79.964511992472822, 40.452892667831797 ], [ -79.9644378, 40.4528291 ], [ -79.9645054, 40.4527831 ], [ -79.964716844860348, 40.452754356943274 ], [ -79.964799245050074, 40.452824856795168 ], [ -79.964731645221192, 40.45287095692121 ], [ -79.964639744660218, 40.452883449593159 ], [ -79.9647457455292, 40.452970656899723 ], [ -79.964689745676054, 40.453010457004176 ], [ -79.964648041848662, 40.453016126071823 ], [ -79.964663145744822, 40.453029057053818 ], [ -79.964623845844329, 40.453055857127055 ], [ -79.964580972846932, 40.453061685097673 ], [ -79.964590745901788, 40.453070057188427 ], [ -79.96455214599942, 40.453096357260392 ], [ -79.964441707596848, 40.453111369666125 ] ] ], [ [ [ -79.963684400954747, 40.453164174887611 ], [ -79.963695846575121, 40.453173958834881 ], [ -79.963661046663418, 40.453197758899769 ], [ -79.963529216072942, 40.453215678153704 ], [ -79.963524846781894, 40.453218659150593 ], [ -79.963474273783319, 40.453225533309954 ], [ -79.963489281745765, 40.453238381696963 ], [ -79.963520346832382, 40.453234159159514 ], [ -79.963636147099095, 40.453333258951382 ], [ -79.963589447217174, 40.45336505903844 ], [ -79.963378, 40.4533938 ], [ -79.963352420757161, 40.45337190968101 ], [ -79.963348541008301, 40.453372437031291 ], [ -79.963376347397812, 40.453396259430818 ], [ -79.963315747551135, 40.453437559543808 ], [ -79.963137082747991, 40.453461844117626 ], [ -79.963121247736836, 40.453472659902204 ], [ -79.963091130964088, 40.453476753416432 ], [ -79.963144247883875, 40.453522259862176 ], [ -79.963086248030535, 40.453561759970313 ], [ -79.963082715333982, 40.453562240138041 ], [ -79.963090448051219, 40.453568859962921 ], [ -79.963026948211962, 40.453612160081335 ], [ -79.9628155, 40.4536409 ], [ -79.9626939, 40.4535368 ], [ -79.9627574, 40.4534935 ], [ -79.962761006263207, 40.45349300984293 ], [ -79.9627373, 40.4534727 ], [ -79.9627953, 40.4534332 ], [ -79.962825353293283, 40.453429115190431 ], [ -79.9628237, 40.4534277 ], [ -79.9628726, 40.453394299999985 ], [ -79.962999964846844, 40.45337698855819 ], [ -79.9629661, 40.453348 ], [ -79.9630267, 40.4533066 ], [ -79.963048570783528, 40.453303627297352 ], [ -79.963042, 40.453298 ], [ -79.963094, 40.4532625 ], [ -79.96311123641037, 40.453260157195132 ], [ -79.9631037, 40.4532537 ], [ -79.9631578, 40.4532168 ], [ -79.963182478030873, 40.453213445698857 ], [ -79.9631633, 40.4531971 ], [ -79.9631921, 40.4531773 ], [ -79.963273293284033, 40.453166263947793 ], [ -79.9633049, 40.4531447 ], [ -79.963324223561187, 40.4531420734641 ], [ -79.9633115, 40.4531312 ], [ -79.9633611, 40.453097300000017 ], [ -79.96338168498788, 40.45309450199332 ], [ -79.9633773, 40.4530906 ], [ -79.9634302, 40.45305590000001 ], [ -79.963450078456731, 40.45305319801426 ], [ -79.9634477, 40.4530511 ], [ -79.963499400000018, 40.453016900000016 ], [ -79.963816568913103, 40.45297378805293 ], [ -79.963916069269828, 40.453061687784832 ], [ -79.963882769392924, 40.453083687877928 ], [ -79.963728678360496, 40.453104633241281 ], [ -79.963761846424418, 40.453134158712068 ], [ -79.963724246516321, 40.453158758782124 ], [ -79.963684400954747, 40.453164174887611 ] ] ], [ [ [ -79.9645726, 40.4536261 ], [ -79.9644966, 40.4535413 ], [ -79.964562981651241, 40.453506642200281 ], [ -79.9644706, 40.4535192 ], [ -79.9644022, 40.4534479 ], [ -79.964557, 40.4533612 ], [ -79.964662723350528, 40.453346828485572 ], [ -79.964731123449383, 40.453418128424374 ], [ -79.964614761725969, 40.453483300228577 ], [ -79.964816647027277, 40.453455856790811 ], [ -79.964849747130785, 40.453492856731678 ], [ -79.964833947162688, 40.453501056761027 ], [ -79.964876747296699, 40.453548956684585 ], [ -79.964784047484798, 40.453597356856775 ], [ -79.9645726, 40.4536261 ] ] ], [ [ [ -79.963633312698192, 40.453727991999145 ], [ -79.963679672736845, 40.453767688481719 ], [ -79.963632872914488, 40.453799588612625 ], [ -79.963493813792383, 40.453818490188581 ], [ -79.96350394870322, 40.453827159215535 ], [ -79.96345314883169, 40.453861759310257 ], [ -79.963333691763381, 40.453877996284625 ], [ -79.963378449032305, 40.4539163594497 ], [ -79.963323111505176, 40.453954054724591 ], [ -79.963356073936993, 40.453982289386396 ], [ -79.963312574101877, 40.45401188950806 ], [ -79.963081943467586, 40.45404323705268 ], [ -79.963132749663245, 40.454086759907952 ], [ -79.963085149783566, 40.454119159996715 ], [ -79.963053692207993, 40.454123435699138 ], [ -79.96310327494983, 40.454165890094188 ], [ -79.96304387517533, 40.45420639026036 ], [ -79.962917808423512, 40.454223525082163 ], [ -79.962922050186307, 40.45422716030069 ], [ -79.962880750290665, 40.454255260377685 ], [ -79.962873364086434, 40.454256264293029 ], [ -79.962879550310944, 40.454261560380182 ], [ -79.962821150458382, 40.454301260489061 ], [ -79.962793554131196, 40.454305011296242 ], [ -79.962798750492837, 40.454309460530524 ], [ -79.96274165063727, 40.454348360637006 ], [ -79.962736641047798, 40.454349041521297 ], [ -79.962738650645989, 40.454350760642605 ], [ -79.962664350833876, 40.454401360781148 ], [ -79.962650407262231, 40.454403255926401 ], [ -79.962652750850609, 40.454405260802588 ], [ -79.962592951002065, 40.454446060914101 ], [ -79.962574577107603, 40.454448558194265 ], [ -79.962588251048544, 40.454460260923355 ], [ -79.962520351220419, 40.454506561049953 ], [ -79.9625169554363, 40.45450702258411 ], [ -79.962518751227336, 40.454508561052968 ], [ -79.962456351385441, 40.454551161169334 ], [ -79.9622449, 40.4545799 ], [ -79.962153987934045, 40.454502001385222 ], [ -79.9619443, 40.4545305 ], [ -79.9618962, 40.4544902 ], [ -79.96194340000001, 40.4544574 ], [ -79.962154851117035, 40.454428661717181 ], [ -79.962193682451357, 40.454461195940695 ], [ -79.9622075, 40.4544518 ], [ -79.962210909744741, 40.454451336577414 ], [ -79.9622097, 40.4544503 ], [ -79.9622776, 40.4544041 ], [ -79.962296042541936, 40.454401593436685 ], [ -79.9622957, 40.454401299999979 ], [ -79.9623555, 40.4543606 ], [ -79.962369442105, 40.454358705089476 ], [ -79.962363820860602, 40.454353896330865 ], [ -79.9621644, 40.454381 ], [ -79.9621221, 40.4543455 ], [ -79.9621698, 40.4543124 ], [ -79.962241508830559, 40.45430265394404 ], [ -79.9622122, 40.4542781 ], [ -79.9622347, 40.4542625 ], [ -79.962258468007903, 40.454259269642847 ], [ -79.9622485, 40.4542509 ], [ -79.9622728, 40.454234 ], [ -79.962484250287005, 40.454205261103013 ], [ -79.962510066213611, 40.454226937357504 ], [ -79.9625569, 40.4541951 ], [ -79.96256428410517, 40.45419409638982 ], [ -79.9625602, 40.4541906 ], [ -79.962579416983587, 40.454177478480943 ], [ -79.9624299, 40.4541978 ], [ -79.9623845, 40.4541635 ], [ -79.9624346, 40.4541248 ], [ -79.962646049880973, 40.454096060801355 ], [ -79.962655598333342, 40.454103253661259 ], [ -79.9626595, 40.4541006 ], [ -79.962796714298577, 40.454081950290501 ], [ -79.9627579, 40.4540487 ], [ -79.9628055, 40.4540163 ], [ -79.962930345871953, 40.453999331186736 ], [ -79.9628942, 40.4539684 ], [ -79.9629378, 40.45393880000001 ], [ -79.962950556931077, 40.453937066091555 ], [ -79.9629318, 40.453921 ], [ -79.9629761, 40.4538908 ], [ -79.963023864394756, 40.453884307885275 ], [ -79.9630641, 40.4538569 ], [ -79.963183549697845, 40.45384066430929 ], [ -79.9631291, 40.453794 ], [ -79.9631798, 40.4537595 ], [ -79.963213228277823, 40.453754956375391 ], [ -79.9632009, 40.4537444 ], [ -79.9632477, 40.4537125 ], [ -79.963261444118146, 40.453710631869122 ], [ -79.9632537, 40.453704 ], [ -79.9633083, 40.4536668 ], [ -79.963334368083594, 40.453663256750282 ], [ -79.963328, 40.4536578 ], [ -79.9633857, 40.4536184 ], [ -79.963563615770397, 40.45359421690447 ], [ -79.9634984, 40.4535384 ], [ -79.9635718, 40.4534884 ], [ -79.963783247439537, 40.453459658687017 ], [ -79.96389624770012, 40.453556458483924 ], [ -79.963822947885745, 40.453606458620591 ], [ -79.963645020249146, 40.453630643736062 ], [ -79.963709748179852, 40.453686058831785 ], [ -79.963651948326131, 40.453725458939537 ], [ -79.963633312698192, 40.453727991999145 ] ], [ [ -79.962389549313826, 40.454290606314217 ], [ -79.962415327996496, 40.454312179868744 ], [ -79.9624338, 40.4542996 ], [ -79.96247671456446, 40.45429376731979 ], [ -79.9625094, 40.4542715 ], [ -79.962536988193605, 40.454267750366228 ], [ -79.962507010997143, 40.454242086406417 ], [ -79.962494250426829, 40.454250961086636 ], [ -79.962470473711235, 40.454254192677773 ], [ -79.962483650475889, 40.454265261106741 ], [ -79.962461250533622, 40.454280861148519 ], [ -79.962389549313826, 40.454290606314217 ] ] ], [ [ [ -79.964002144102139, 40.453966023402522 ], [ -79.964023749002763, 40.45398645826878 ], [ -79.963957349157383, 40.454027458392368 ], [ -79.963912755230723, 40.454033519936516 ], [ -79.963931049240855, 40.45405075844166 ], [ -79.963869049384982, 40.454088958557087 ], [ -79.963798303296485, 40.454098574827078 ], [ -79.963805749460718, 40.454105258673955 ], [ -79.963700049717687, 40.454173958870889 ], [ -79.9634886, 40.4542027 ], [ -79.9634075, 40.4541299 ], [ -79.9634228, 40.45412 ], [ -79.9633962, 40.454096 ], [ -79.9634702, 40.4540479 ], [ -79.963540402598497, 40.45403835780256 ], [ -79.9637338, 40.453919 ], [ -79.963785492275505, 40.45391197366223 ], [ -79.9637737, 40.453899 ], [ -79.9638789, 40.4538432 ], [ -79.963977, 40.453791 ], [ -79.964084886349937, 40.453776335118803 ], [ -79.9640496, 40.4537139 ], [ -79.9642054, 40.4536625 ], [ -79.964416847741504, 40.453633757532117 ], [ -79.964466347997117, 40.453721157445109 ], [ -79.964436548039487, 40.453730957500213 ], [ -79.964468948207099, 40.453788257443264 ], [ -79.964368048350892, 40.453821557629851 ], [ -79.964236713082357, 40.453839410203081 ], [ -79.964258648525004, 40.453863457832412 ], [ -79.964191848662523, 40.45389895795654 ], [ -79.964147986997091, 40.453904920070713 ], [ -79.964157648727962, 40.453915558019993 ], [ -79.964120648804226, 40.453935258088755 ], [ -79.964083548880552, 40.453954958157674 ], [ -79.964002144102139, 40.453966023402522 ] ] ], [ [ [ -79.964151949819339, 40.454261958045599 ], [ -79.964123321127445, 40.454265849511032 ], [ -79.964134149867732, 40.454275158078829 ], [ -79.964084649992543, 40.454308758171116 ], [ -79.964040550103974, 40.454338758253314 ], [ -79.963995050219069, 40.454369758338188 ], [ -79.963948150337231, 40.454401558425623 ], [ -79.9637367, 40.4544303 ], [ -79.9636669, 40.4543703 ], [ -79.9636838, 40.4543588 ], [ -79.9636515, 40.4543311 ], [ -79.9637113, 40.454290500000013 ], [ -79.963757462851234, 40.454284225304875 ], [ -79.9637453, 40.4542738 ], [ -79.9638097, 40.45423 ], [ -79.963883193177978, 40.454220010340784 ], [ -79.9638518, 40.4541925 ], [ -79.9639144, 40.4541509 ], [ -79.9639621082937, 40.454144415138586 ], [ -79.9639476, 40.4541317 ], [ -79.9640134, 40.454088 ], [ -79.964086292265904, 40.454078091865163 ], [ -79.9640604, 40.4540558 ], [ -79.9641233, 40.4540132 ], [ -79.964171525109222, 40.4540066447844 ], [ -79.9641546, 40.453992 ], [ -79.9642192, 40.4539483 ], [ -79.964301359712579, 40.453937131975231 ], [ -79.9642667, 40.4539076 ], [ -79.9643267, 40.4538665 ], [ -79.964376311072655, 40.453859756284466 ], [ -79.9643626, 40.4538481 ], [ -79.9644258, 40.4538048 ], [ -79.964637248103529, 40.453776057133943 ], [ -79.964670307758212, 40.453804145291748 ], [ -79.964689348163546, 40.453801557039469 ], [ -79.964750748304198, 40.453853856929094 ], [ -79.964562948781932, 40.45398265727929 ], [ -79.964534246121246, 40.453986558922381 ], [ -79.964545948832537, 40.453996657311095 ], [ -79.964358849302755, 40.454123157659907 ], [ -79.964332245719945, 40.454126773912179 ], [ -79.964342149347914, 40.454135457691095 ], [ -79.964196449709021, 40.454232357962638 ], [ -79.964151949819339, 40.454261958045599 ] ] ], [ [ [ -79.963808750621084, 40.45447465868456 ], [ -79.963608751071177, 40.454593159056728 ], [ -79.963397300000011, 40.4546219 ], [ -79.9633549, 40.4545802 ], [ -79.963408711218435, 40.454548316928985 ], [ -79.9633978, 40.4545498 ], [ -79.963317193696625, 40.454480246746044 ], [ -79.963284550911851, 40.454502559647608 ], [ -79.963262361289338, 40.454505575674645 ], [ -79.963274150957076, 40.454515659667265 ], [ -79.963220251093659, 40.454552459767768 ], [ -79.963180249648275, 40.454557896757954 ], [ -79.963208851192107, 40.454582359790002 ], [ -79.963124251406285, 40.454640059947742 ], [ -79.9629128, 40.4546688 ], [ -79.9627725, 40.4545488 ], [ -79.9628571, 40.4544911 ], [ -79.9628970221614, 40.454485673895313 ], [ -79.9628905, 40.4544801 ], [ -79.9629445, 40.4544433 ], [ -79.962966628175025, 40.454440292384653 ], [ -79.9629533, 40.4544289 ], [ -79.9630007, 40.4543965 ], [ -79.963117418490796, 40.454380635744791 ], [ -79.963064200000019, 40.4543354 ], [ -79.9631078, 40.4543054 ], [ -79.9631561, 40.4542722 ], [ -79.963247, 40.4542098 ], [ -79.96345844983361, 40.454181059314486 ], [ -79.963545650032813, 40.454255159157725 ], [ -79.963532050067329, 40.454264459183065 ], [ -79.96356915015231, 40.454296059116388 ], [ -79.963508650306551, 40.454337659229218 ], [ -79.963456361077846, 40.454344766529658 ], [ -79.963475650393235, 40.454361159290798 ], [ -79.963412550554139, 40.454404559408466 ], [ -79.963276791497023, 40.454423011976012 ], [ -79.963322867909312, 40.454462395942855 ], [ -79.9633856, 40.4544199 ], [ -79.963491325241804, 40.45440552958334 ], [ -79.963556277431564, 40.454461512775055 ], [ -79.963766350506376, 40.454432958760556 ], [ -79.963808750621084, 40.45447465868456 ] ] ], [ [ [ -79.961805999172739, 40.437858961631726 ], [ -79.961594600000012, 40.437887699999983 ], [ -79.9615401, 40.4378475 ], [ -79.961624, 40.4377812 ], [ -79.96183539882675, 40.437752461573162 ], [ -79.961889798932006, 40.437792661475136 ], [ -79.961805999172739, 40.437858961631726 ] ] ], [ [ [ -79.962094930401307, 40.447831961538363 ], [ -79.962089566404615, 40.447851663519948 ], [ -79.96215653041078, 40.44784256142583 ], [ -79.9622429304207, 40.447856361267917 ], [ -79.962238786030824, 40.447871445117435 ], [ -79.962299730420099, 40.447863161164008 ], [ -79.96237523042889, 40.44787526102602 ], [ -79.962370231347137, 40.447893591233019 ], [ -79.96243593043495, 40.447884660915072 ], [ -79.96251863044094, 40.447896760763904 ], [ -79.962517102419326, 40.447902812220178 ], [ -79.962532930447679, 40.447900660737822 ], [ -79.962567330451648, 40.447906160674947 ], [ -79.96255293062255, 40.447958760703678 ], [ -79.9623415, 40.4479875 ], [ -79.96231136321515, 40.447982681619301 ], [ -79.9622921, 40.4479853 ], [ -79.9622095, 40.4479731 ], [ -79.962213936587673, 40.447955442392818 ], [ -79.9621473, 40.4479645 ], [ -79.9620718, 40.4479524 ], [ -79.962075344765736, 40.447939402535411 ], [ -79.9620143, 40.4479477 ], [ -79.961928, 40.447934 ], [ -79.961934545297211, 40.447910000591612 ], [ -79.9618676, 40.4479191 ], [ -79.961855984714717, 40.447917248724202 ], [ -79.9617195, 40.44793580000001 ], [ -79.9616363, 40.4479226 ], [ -79.961648659839298, 40.447877324930552 ], [ -79.961615, 40.4478819 ], [ -79.9615542, 40.4478724 ], [ -79.9613124, 40.4478347 ], [ -79.961312593428246, 40.447833975859936 ], [ -79.9612668, 40.447840199999987 ], [ -79.961075400000013, 40.4478101 ], [ -79.961077492823776, 40.447802346675324 ], [ -79.9610668, 40.4478038 ], [ -79.9610056, 40.44779410000001 ], [ -79.96101540599993, 40.447758105786477 ], [ -79.9609095, 40.4477725 ], [ -79.960833500000021, 40.4477604 ], [ -79.960835325350558, 40.447753712301584 ], [ -79.9608104, 40.4477571 ], [ -79.9607534, 40.447748 ], [ -79.960754314017635, 40.447744656519887 ], [ -79.9607356, 40.4477472 ], [ -79.960665977910352, 40.447736134239321 ], [ -79.9605566, 40.447751 ], [ -79.9604782, 40.4477389 ], [ -79.960481890760207, 40.447724986905151 ], [ -79.9603832, 40.4477384 ], [ -79.9603234, 40.4477289 ], [ -79.960331236781272, 40.447700193810618 ], [ -79.9602738, 40.447708 ], [ -79.9602242, 40.4476996 ], [ -79.960234899939408, 40.447662573423678 ], [ -79.9601236, 40.4476777 ], [ -79.9600628, 40.4476679 ], [ -79.960078598926515, 40.44761061917778 ], [ -79.960032725116051, 40.447616853760735 ], [ -79.960057230526203, 40.44762076526743 ], [ -79.960031230835213, 40.447715865319317 ], [ -79.9598198, 40.4477446 ], [ -79.9597039, 40.4477261 ], [ -79.9597299, 40.447631 ], [ -79.959844470003645, 40.447615429384037 ], [ -79.9597564, 40.4476014 ], [ -79.9597615, 40.4475828 ], [ -79.959783828352798, 40.447579765469996 ], [ -79.959803, 40.4475095 ], [ -79.960067287601504, 40.447473581613984 ], [ -79.960254787627875, 40.447503381185648 ], [ -79.960244587779385, 40.447540681211066 ], [ -79.960254087780669, 40.447542181189363 ], [ -79.960252148860917, 40.447549306065632 ], [ -79.960385630117472, 40.447531164661044 ], [ -79.960460130124162, 40.447542464524851 ], [ -79.960458150424301, 40.447550115000382 ], [ -79.960471030138493, 40.447548364505124 ], [ -79.960519230145295, 40.447556464417019 ], [ -79.960514152783915, 40.447574235394903 ], [ -79.960571330156554, 40.447566464321909 ], [ -79.960631130163591, 40.447576064212612 ], [ -79.960630195002949, 40.447579487206411 ], [ -79.960650230158407, 40.447576764177619 ], [ -79.960716530166067, 40.447587364056417 ], [ -79.960715409493119, 40.447591468746559 ], [ -79.960721330174579, 40.44759066404778 ], [ -79.960799630182294, 40.447602763904655 ], [ -79.960797882516999, 40.447609373051833 ], [ -79.960822230183922, 40.447606063863354 ], [ -79.960883230190802, 40.447615763751863 ], [ -79.960882402822065, 40.447618802296319 ], [ -79.96089593018965, 40.447616963728613 ], [ -79.960971430198128, 40.447628963590624 ], [ -79.960969153246239, 40.447637315639682 ], [ -79.960987930209981, 40.447634763560615 ], [ -79.961044930216573, 40.447643863456435 ], [ -79.961043239992307, 40.447650046395879 ], [ -79.961068130216347, 40.447646663413998 ], [ -79.961144130224966, 40.447658763275093 ], [ -79.961136354180525, 40.447687253473227 ], [ -79.961242230231335, 40.447672863095761 ], [ -79.961303430238431, 40.447682662983894 ], [ -79.961301788664969, 40.447688682169769 ], [ -79.961312230249476, 40.447687262967946 ], [ -79.961407530259734, 40.447702262793776 ], [ -79.961503630270315, 40.44771746261813 ], [ -79.961498174233455, 40.44773765452782 ], [ -79.9615437302988, 40.447731462545185 ], [ -79.961846430329985, 40.447778661991933 ], [ -79.961841702467652, 40.447796273517454 ], [ -79.961875630359543, 40.447791661938929 ], [ -79.9619588303688, 40.447804861786878 ], [ -79.961952416156322, 40.447828357897734 ], [ -79.962017130392454, 40.447819561680532 ], [ -79.962094930401307, 40.447831961538363 ] ] ], [ [ [ -79.961572930969922, 40.447948562501125 ], [ -79.96136150000001, 40.4479773 ], [ -79.9612595, 40.447961099999986 ], [ -79.9612748, 40.447905 ], [ -79.961486230776217, 40.447876262657005 ], [ -79.961588230787953, 40.447892562470592 ], [ -79.961572930969922, 40.447948562501125 ] ] ], [ [ [ -79.961928722133507, 40.448277152537841 ], [ -79.961964589821719, 40.448272277306756 ], [ -79.962031376550726, 40.448285192484484 ], [ -79.962040431843192, 40.448283961658149 ], [ -79.962128031862719, 40.44830096149817 ], [ -79.962118441169878, 40.448329923370402 ], [ -79.962213689876791, 40.448316976737956 ], [ -79.962218897150876, 40.448317984811332 ], [ -79.962414031722147, 40.44829146097306 ], [ -79.962510131742761, 40.448309860797558 ], [ -79.962454932293483, 40.448478260906192 ], [ -79.9622435, 40.448507 ], [ -79.9621474, 40.4484886 ], [ -79.962148023551748, 40.448486697720377 ], [ -79.9621149, 40.4484912 ], [ -79.9620284, 40.4484745 ], [ -79.962033902910676, 40.448457872399409 ], [ -79.9619925, 40.44846350000001 ], [ -79.9619176, 40.448449 ], [ -79.961918514995318, 40.448446234876783 ], [ -79.9618761, 40.448452 ], [ -79.9617885, 40.4484351 ], [ -79.961793397250446, 40.448420299446163 ], [ -79.9617647, 40.4484242 ], [ -79.9616681, 40.4484055 ], [ -79.961672028124099, 40.448393630249832 ], [ -79.9616362, 40.4483985 ], [ -79.9615568, 40.4483831 ], [ -79.961558313960467, 40.448378532172327 ], [ -79.9615328, 40.448382 ], [ -79.9614329, 40.4483627 ], [ -79.961437420306183, 40.448349044927461 ], [ -79.961412, 40.4483525 ], [ -79.9613105, 40.4483329 ], [ -79.961311588842122, 40.448329613314797 ], [ -79.9612852, 40.4483332 ], [ -79.9612092, 40.4483185 ], [ -79.961213596474977, 40.448305232085168 ], [ -79.9611329, 40.4483162 ], [ -79.9610715, 40.4483048 ], [ -79.9610801, 40.4482777 ], [ -79.961067022250802, 40.448275295735563 ], [ -79.9609787, 40.4482873 ], [ -79.9609214, 40.448277 ], [ -79.9609299, 40.4482496 ], [ -79.960906732427404, 40.448245436139196 ], [ -79.9608268, 40.4482563 ], [ -79.9607665, 40.4482455 ], [ -79.960773334763402, 40.448223067957123 ], [ -79.9606929, 40.448234 ], [ -79.9606208, 40.448221 ], [ -79.9606297, 40.448192 ], [ -79.960614907352564, 40.448189335007733 ], [ -79.9605254, 40.4482015 ], [ -79.9604624, 40.4481902 ], [ -79.9604708, 40.4481627 ], [ -79.960461598460967, 40.448161065376993 ], [ -79.9603782, 40.4481724 ], [ -79.9603198, 40.448162 ], [ -79.9603282, 40.4481343 ], [ -79.960286, 40.4481267 ], [ -79.960286404919145, 40.448125373744482 ], [ -79.9602428, 40.4481313 ], [ -79.9601705, 40.4481173 ], [ -79.960173427388455, 40.44810846570828 ], [ -79.9601408, 40.4481129 ], [ -79.9600041, 40.4480865 ], [ -79.960006482273258, 40.448079323224626 ], [ -79.9599809, 40.448082799999987 ], [ -79.9599114, 40.4480698 ], [ -79.959842, 40.4480568 ], [ -79.959858131203092, 40.448006468169503 ], [ -79.9596217, 40.4480386 ], [ -79.9595515, 40.4480262 ], [ -79.9595542, 40.4480172 ], [ -79.9594982, 40.4480073 ], [ -79.9595214, 40.4479308 ], [ -79.959785689393087, 40.447894882282846 ], [ -79.959911889419672, 40.447917181994661 ], [ -79.9598951055425, 40.447972589043495 ], [ -79.960079231544952, 40.447947565241421 ], [ -79.960194511106963, 40.447969143647391 ], [ -79.960235461042515, 40.447963578228624 ], [ -79.9602108, 40.4479588 ], [ -79.9602241, 40.4479189 ], [ -79.960435531226608, 40.447890164585218 ], [ -79.960544431250483, 40.447911164386369 ], [ -79.96053687851493, 40.447933879625097 ], [ -79.960589231282185, 40.447926764304839 ], [ -79.960658731297414, 40.447940164177936 ], [ -79.960646231421052, 40.447977964202536 ], [ -79.96054127012475, 40.447992229619857 ], [ -79.96052811124332, 40.448031941198991 ], [ -79.960806831684536, 40.448081563912417 ], [ -79.960804603786485, 40.448088872340755 ], [ -79.96082453169214, 40.448086163880163 ], [ -79.961261531770035, 40.448164763081877 ], [ -79.961258924214846, 40.448173214457661 ], [ -79.961278431781736, 40.44817056305115 ], [ -79.961408036881778, 40.448194641456752 ], [ -79.961507089685142, 40.448181178350922 ], [ -79.961583089706139, 40.448195878177465 ], [ -79.961580808078551, 40.448202763904462 ], [ -79.961607189707436, 40.448199178122366 ], [ -79.96170868973573, 40.448218877890675 ], [ -79.961702604154951, 40.448237228810697 ], [ -79.961777831843648, 40.448251762138476 ], [ -79.961777675046463, 40.448252235802386 ], [ -79.961856089753567, 40.448241577553908 ], [ -79.961935389775718, 40.448256977372871 ], [ -79.961928722133507, 40.448277152537841 ] ] ], [ [ [ -79.962509534527769, 40.449195760837419 ], [ -79.9622981, 40.4492245 ], [ -79.962126, 40.4492254 ], [ -79.962125619513614, 40.449176431381581 ], [ -79.962028, 40.4491897 ], [ -79.9619018, 40.4491655 ], [ -79.961921798052344, 40.449104585898496 ], [ -79.9618312, 40.4491169 ], [ -79.9616954, 40.4490909 ], [ -79.9617355, 40.4489688 ], [ -79.961999792400363, 40.44893287726218 ], [ -79.962135492436857, 40.448958876952403 ], [ -79.962116747210814, 40.449016097573981 ], [ -79.962207392578478, 40.449003776789979 ], [ -79.962333592612495, 40.449027976501895 ], [ -79.962319720051227, 40.449070233007092 ], [ -79.962336434193062, 40.449067961149389 ], [ -79.962508534123899, 40.449067160833636 ], [ -79.962509534527769, 40.449195760837419 ] ] ], [ [ [ -79.961591617388422, 40.449175631211652 ], [ -79.96148681093635, 40.449189876188719 ], [ -79.961480517462576, 40.449209131314291 ], [ -79.9613748, 40.4492235 ], [ -79.9613243, 40.4492139 ], [ -79.961333992037382, 40.449184215134984 ], [ -79.9612723, 40.4491926 ], [ -79.9611876, 40.4491765 ], [ -79.961210375190007, 40.449106619372905 ], [ -79.9611546, 40.449114200000011 ], [ -79.9610502, 40.4490943 ], [ -79.961061981769504, 40.449058120330037 ], [ -79.9610224, 40.4490635 ], [ -79.960958292063609, 40.449051328368732 ], [ -79.9608577, 40.449065 ], [ -79.960821015336251, 40.449058050772898 ], [ -79.9607044, 40.4490739 ], [ -79.960683016672505, 40.44906983263553 ], [ -79.960674385152814, 40.449096279502832 ], [ -79.960755434859522, 40.449085264050716 ], [ -79.960832134875716, 40.449099863910632 ], [ -79.960824303798219, 40.449123882664686 ], [ -79.960902434890613, 40.449113263782245 ], [ -79.960973734907981, 40.44912756365207 ], [ -79.960956035077345, 40.449179263686808 ], [ -79.9607446, 40.449208 ], [ -79.9606733, 40.4491937 ], [ -79.960681981427655, 40.449168342394223 ], [ -79.9606043, 40.4491789 ], [ -79.9605276, 40.4491644 ], [ -79.960535675979585, 40.449139581145992 ], [ -79.9604546, 40.4491506 ], [ -79.9603772, 40.4491359 ], [ -79.960383014556243, 40.449118050674464 ], [ -79.9603076, 40.4491283 ], [ -79.960226, 40.4491128 ], [ -79.960236946477281, 40.449079301151038 ], [ -79.9601413, 40.4490923 ], [ -79.9600734, 40.4490794 ], [ -79.960079586118169, 40.449060459795582 ], [ -79.959993200000014, 40.44907220000001 ], [ -79.9599298, 40.449060199999984 ], [ -79.959949, 40.449001099999983 ], [ -79.960134241970408, 40.448975924865721 ], [ -79.960136326194785, 40.448969525538978 ], [ -79.9600828, 40.4489768 ], [ -79.9599825, 40.4489578 ], [ -79.960009187953958, 40.448875785965882 ], [ -79.9599642, 40.448881900000018 ], [ -79.9598437, 40.448859 ], [ -79.9598745, 40.4487643 ], [ -79.960085934019361, 40.448735565263668 ], [ -79.960206434044721, 40.448758465043596 ], [ -79.960200932414281, 40.448775380972734 ], [ -79.96024593406338, 40.448769264971595 ], [ -79.960346334084562, 40.448788364788243 ], [ -79.960342692339779, 40.448799527825024 ], [ -79.960396134077541, 40.448792264697055 ], [ -79.960504434100372, 40.448812864499274 ], [ -79.960502117059036, 40.448819978768242 ], [ -79.960545634088206, 40.448814064423736 ], [ -79.960648834110174, 40.44883376423526 ], [ -79.960646130830582, 40.448842066246939 ], [ -79.960742534058809, 40.448828964063139 ], [ -79.960792234069132, 40.448838363972371 ], [ -79.96078293416295, 40.44886706399069 ], [ -79.960807905548933, 40.448871780761699 ], [ -79.960859534126072, 40.448864763850047 ], [ -79.960967834148889, 40.448885363652295 ], [ -79.960956334998698, 40.448920701872943 ], [ -79.961002234227067, 40.448914463590441 ], [ -79.961102634248249, 40.448933563407067 ], [ -79.961100884077609, 40.448938928921088 ], [ -79.961152134224037, 40.448931963316198 ], [ -79.961260634246813, 40.448952563118034 ], [ -79.961257381866901, 40.448962538819096 ], [ -79.961296934247201, 40.448957163051638 ], [ -79.961401334269041, 40.448976962860975 ], [ -79.961388617865353, 40.449016049151894 ], [ -79.96144443435135, 40.449008462783262 ], [ -79.961529134368874, 40.449024462628593 ], [ -79.961521340762587, 40.449048393075991 ], [ -79.961528417199148, 40.449047431266841 ], [ -79.961627217209582, 40.449066231176587 ], [ -79.961591617388422, 40.449175631211652 ] ], [ [ -79.960454034812713, 40.449033264601383 ], [ -79.960535634829853, 40.449048764452364 ], [ -79.96053045741705, 40.449064608760622 ], [ -79.960603420494607, 40.449054692452243 ], [ -79.9605961, 40.4490533 ], [ -79.96060448615296, 40.449027528761718 ], [ -79.9605554, 40.4490342 ], [ -79.960486108194999, 40.449021128602773 ], [ -79.9603811, 40.4490354 ], [ -79.960362992266312, 40.449031964270965 ], [ -79.960358349052186, 40.449046268984354 ], [ -79.960454034812713, 40.449033264601383 ] ], [ [ -79.9602146105792, 40.449012810441673 ], [ -79.960281749350031, 40.449003685889878 ], [ -79.960282464277029, 40.449001492945193 ], [ -79.960239, 40.4490074 ], [ -79.960217690291728, 40.44900334663879 ], [ -79.9602146105792, 40.449012810441673 ] ] ], [ [ [ -79.963437500000012, 40.4500616 ], [ -79.963399612215284, 40.450056034574686 ], [ -79.9633263, 40.450066 ], [ -79.963326014495294, 40.45006595808519 ], [ -79.9628534, 40.4501302 ], [ -79.9626438, 40.4500995 ], [ -79.962659390131975, 40.450037516493111 ], [ -79.9624388, 40.4500675 ], [ -79.9622096, 40.4500338 ], [ -79.962226043323383, 40.449968369306859 ], [ -79.9620051, 40.4499984 ], [ -79.961792300000013, 40.4499671 ], [ -79.9618247, 40.449838099999987 ], [ -79.9615563, 40.4497986 ], [ -79.9615981, 40.4496325 ], [ -79.961645417927102, 40.449626068702166 ], [ -79.9616476, 40.4496173 ], [ -79.961895966916131, 40.449583542432862 ], [ -79.9619063, 40.449542399999977 ], [ -79.962410708443983, 40.449473839901955 ], [ -79.962488, 40.4494346 ], [ -79.962525700000015, 40.4494154 ], [ -79.963240944401306, 40.449318177848888 ], [ -79.963267144688103, 40.44934837769074 ], [ -79.963442846606014, 40.449550376630192 ], [ -79.963358222865736, 40.449593357612478 ], [ -79.963472846858096, 40.449577776448066 ], [ -79.963685446911356, 40.449608975133231 ], [ -79.963656748162308, 40.449723075328215 ], [ -79.963893548221108, 40.449757773863709 ], [ -79.963868949295474, 40.44985577403088 ], [ -79.963901711615193, 40.449860583682771 ], [ -79.964006249015611, 40.449846373177373 ], [ -79.96417614905782, 40.449871272126607 ], [ -79.96415275007854, 40.449964372285592 ], [ -79.963437500000012, 40.4500616 ] ] ], [ [ [ -79.9612034, 40.4511862 ], [ -79.961414841118582, 40.45115746293169 ], [ -79.961564441220062, 40.451208162659455 ], [ -79.961531841409055, 40.451264262721722 ], [ -79.9613204, 40.451293 ], [ -79.9611708, 40.4512424 ], [ -79.9612034, 40.4511862 ] ] ], [ [ [ -79.962185941603792, 40.451406761527878 ], [ -79.962153141794118, 40.451463261590511 ], [ -79.9619417, 40.451492 ], [ -79.9618581, 40.4514637 ], [ -79.9618909, 40.4514072 ], [ -79.962014618455271, 40.451390384714564 ], [ -79.9619984, 40.4513849 ], [ -79.9620625, 40.4512746 ], [ -79.962273941063856, 40.451245861359375 ], [ -79.962341847366346, 40.451268855950104 ], [ -79.962474241002027, 40.451250860992097 ], [ -79.962551041054041, 40.451276860852339 ], [ -79.962485341435027, 40.451389960977806 ], [ -79.9622739, 40.451418699999984 ], [ -79.962199450092825, 40.451393462744335 ], [ -79.962161780634958, 40.451398582693443 ], [ -79.962185941603792, 40.451406761527878 ] ] ], [ [ [ -79.962826620687551, 40.451426630127997 ], [ -79.9627209, 40.451441 ], [ -79.9625679, 40.451425899999983 ], [ -79.9625825, 40.4513399 ], [ -79.962688220555421, 40.451325530252745 ], [ -79.962841120549555, 40.451340630112803 ], [ -79.962826620687551, 40.451426630127997 ] ] ], [ [ [ -79.9612244, 40.45150970000001 ], [ -79.9610445, 40.4514488 ], [ -79.9610916, 40.4513676 ], [ -79.96130304173218, 40.45133886314477 ], [ -79.961482941853959, 40.451399762817367 ], [ -79.961482731594344, 40.451400125306179 ], [ -79.961488341850625, 40.451399362807443 ], [ -79.961664741966246, 40.451457862486357 ], [ -79.96162144222258, 40.451534062569131 ], [ -79.96141, 40.4515628 ], [ -79.9613512, 40.4515433 ], [ -79.9612924, 40.4515238 ], [ -79.961242293166862, 40.45150726815627 ], [ -79.9612244, 40.45150970000001 ] ] ], [ [ [ -79.962521842316917, 40.451674960923327 ], [ -79.9623104, 40.45170370000001 ], [ -79.9622457, 40.4516817 ], [ -79.9623051, 40.4515793 ], [ -79.962516541927855, 40.4515505609276 ], [ -79.962581341971614, 40.451572460809672 ], [ -79.962521842316917, 40.451674960923327 ] ] ], [ [ [ -79.9619308, 40.4517495 ], [ -79.961949459460854, 40.451717364299526 ], [ -79.9618793, 40.4517269 ], [ -79.9617703, 40.4516918 ], [ -79.9616613, 40.4516568 ], [ -79.961715, 40.4515595 ], [ -79.961926442094111, 40.451530762009412 ], [ -79.962144342230118, 40.45160086161269 ], [ -79.962129224922833, 40.451628304265995 ], [ -79.962201642263267, 40.451618461508318 ], [ -79.962247842294417, 40.451634061424244 ], [ -79.962188442639061, 40.451736361537712 ], [ -79.961977, 40.45176510000001 ], [ -79.9619308, 40.4517495 ] ] ], [ [ [ -79.9617922, 40.4520638 ], [ -79.9617362, 40.4520447 ], [ -79.9617591, 40.4520053 ], [ -79.9616977, 40.4519844 ], [ -79.961706, 40.4519701 ], [ -79.961702944485197, 40.451969061666738 ], [ -79.9616335, 40.45197850000001 ], [ -79.9616047, 40.451968699999988 ], [ -79.961618900070121, 40.451944180113586 ], [ -79.9615724, 40.4519505 ], [ -79.961534523536443, 40.451937605890045 ], [ -79.9615044, 40.4519417 ], [ -79.9614546, 40.4519248 ], [ -79.961475709340775, 40.451888422295141 ], [ -79.9614538, 40.4518914 ], [ -79.96137640000002, 40.4518631 ], [ -79.961418000360027, 40.451796774054458 ], [ -79.9612449, 40.4518203 ], [ -79.9611588, 40.4517912 ], [ -79.961199165607567, 40.451721380643725 ], [ -79.9611821, 40.4517237 ], [ -79.9611267, 40.451705 ], [ -79.961129270591186, 40.451700556267816 ], [ -79.9610745, 40.451708 ], [ -79.9609542, 40.4516674 ], [ -79.9609891, 40.4516071 ], [ -79.961200542524821, 40.451578363343316 ], [ -79.961320842605886, 40.451618963124375 ], [ -79.961309185047611, 40.451639105133033 ], [ -79.961363942629134, 40.451631663045859 ], [ -79.961419342666474, 40.451650362945031 ], [ -79.961402382677932, 40.451679681585382 ], [ -79.961472303412236, 40.451670178621718 ], [ -79.961558503484483, 40.451699178425606 ], [ -79.961513325254771, 40.451777255889176 ], [ -79.961633942930789, 40.451760862556135 ], [ -79.961711342989787, 40.451789162415359 ], [ -79.961709531126331, 40.451792051200634 ], [ -79.961727842984644, 40.451789562385116 ], [ -79.961838843060207, 40.451827262183102 ], [ -79.961903443104035, 40.451849162065528 ], [ -79.962077443222157, 40.451908161748889 ], [ -79.962003643649709, 40.452035061889831 ], [ -79.9617922, 40.4520638 ] ] ], [ [ [ -79.961714644782461, 40.452359762434298 ], [ -79.961759892451454, 40.452374766346765 ], [ -79.961776844798294, 40.452372462320717 ], [ -79.961828944832533, 40.452389762225891 ], [ -79.961827841976501, 40.452391703268461 ], [ -79.96183844483042, 40.452390262208489 ], [ -79.961903444872846, 40.452411762090158 ], [ -79.961844529897917, 40.452515418466255 ], [ -79.962089106304859, 40.452482177251568 ], [ -79.962142806348794, 40.452499977129378 ], [ -79.962133691268747, 40.452516071787144 ], [ -79.962173645137653, 40.452529261599572 ], [ -79.962171822819215, 40.45253246841451 ], [ -79.962183645138808, 40.452530861581295 ], [ -79.962253410096096, 40.45255395929842 ], [ -79.962268845171849, 40.452551861425874 ], [ -79.962334645215208, 40.452573761306112 ], [ -79.962326095200737, 40.452588819448749 ], [ -79.962343445251733, 40.452586461290508 ], [ -79.962400880705971, 40.452605518906928 ], [ -79.962484445221335, 40.452594161032152 ], [ -79.962535245214866, 40.452598360939128 ], [ -79.962529894331965, 40.452636092413485 ], [ -79.962763867782073, 40.452604290925848 ], [ -79.962822967774613, 40.452609990763563 ], [ -79.962809868157635, 40.452689590804852 ], [ -79.9624927, 40.4527327 ], [ -79.9624336, 40.452727 ], [ -79.96243930900674, 40.452692310182485 ], [ -79.962354912068236, 40.452703781145303 ], [ -79.962349245649719, 40.452713761285445 ], [ -79.9621378, 40.4527425 ], [ -79.9620721, 40.4527207 ], [ -79.962073581102061, 40.45271809138562 ], [ -79.961923290990484, 40.452738517793506 ], [ -79.961949045909407, 40.45274706202116 ], [ -79.96194481618592, 40.452754505494845 ], [ -79.961978245907218, 40.452749961967712 ], [ -79.962030945941521, 40.452767361871793 ], [ -79.962016259071348, 40.452793252872411 ], [ -79.962153045917177, 40.452774661648093 ], [ -79.962208445953266, 40.452792961547239 ], [ -79.962182849470352, 40.452838051121752 ], [ -79.96221514607862, 40.452833661536729 ], [ -79.962257491582676, 40.452847719818813 ], [ -79.962289505292787, 40.452843368663231 ], [ -79.9622929, 40.4528197 ], [ -79.962504345832386, 40.452790961004261 ], [ -79.962607745819369, 40.452799560814924 ], [ -79.96260614585681, 40.452811260818372 ], [ -79.962732545840851, 40.452821760586907 ], [ -79.962732045848284, 40.452824060587929 ], [ -79.962725845991855, 40.452868960601272 ], [ -79.9625144, 40.4528977 ], [ -79.962453043135696, 40.452892603126216 ], [ -79.962361406106666, 40.452905058106339 ], [ -79.962360115714333, 40.452907322341332 ], [ -79.962405446217161, 40.452901161190532 ], [ -79.962475346263034, 40.45292436106331 ], [ -79.962421746580901, 40.453018861165781 ], [ -79.9622103, 40.4530476 ], [ -79.9621404, 40.4530244 ], [ -79.962153042743523, 40.453002110115129 ], [ -79.9621075, 40.4530083 ], [ -79.9620637, 40.4529937 ], [ -79.9620707, 40.4529813 ], [ -79.962062247450447, 40.452978457328335 ], [ -79.9619913, 40.4529881 ], [ -79.9619417, 40.4529717 ], [ -79.961951340637185, 40.452954704515697 ], [ -79.961919, 40.4529591 ], [ -79.9618636, 40.4529407 ], [ -79.961870710673381, 40.45292818341759 ], [ -79.9618338, 40.4529332 ], [ -79.9617873, 40.452917699999986 ], [ -79.96179906356241, 40.452896982109486 ], [ -79.9617592, 40.4529024 ], [ -79.9617064, 40.4528849 ], [ -79.961714781438332, 40.452870163122583 ], [ -79.961681400000018, 40.4528747 ], [ -79.961620263645955, 40.452854417798022 ], [ -79.961602, 40.4528569 ], [ -79.9615897, 40.452852899999989 ], [ -79.9615486, 40.4528392 ], [ -79.961592017297789, 40.452762897032542 ], [ -79.9614235, 40.4527858 ], [ -79.9613568, 40.4527637 ], [ -79.961359884321979, 40.452758255954478 ], [ -79.9613316, 40.4527621 ], [ -79.9612583, 40.4527378 ], [ -79.961266472002492, 40.452723405299544 ], [ -79.9612334, 40.4527279 ], [ -79.9611719, 40.452707599999982 ], [ -79.961223700000019, 40.4526165 ], [ -79.961435145607552, 40.452587762957087 ], [ -79.961496545647577, 40.452608062845329 ], [ -79.961491155990885, 40.452617559979437 ], [ -79.961524245652583, 40.452613062794725 ], [ -79.961597545700585, 40.452637362661299 ], [ -79.961588161269702, 40.452653893172709 ], [ -79.961616345733262, 40.452650062627349 ], [ -79.96168314577686, 40.452672162505777 ], [ -79.96165537854516, 40.452721072379411 ], [ -79.961823945804099, 40.452698162248574 ], [ -79.961864675020124, 40.452711687630561 ], [ -79.9618837, 40.4526806 ], [ -79.961966615328208, 40.452669330757971 ], [ -79.961932432233226, 40.452658013379377 ], [ -79.9619031, 40.452662 ], [ -79.9618408, 40.4526413 ], [ -79.961860985107293, 40.452605753724399 ], [ -79.9618371, 40.452609 ], [ -79.9617833, 40.4525911 ], [ -79.961822614822879, 40.452521943809984 ], [ -79.9616309, 40.452548 ], [ -79.961584853319735, 40.452532745711991 ], [ -79.9613983, 40.4525581 ], [ -79.9613392, 40.4525385 ], [ -79.961350144278484, 40.452519249102394 ], [ -79.961313050653459, 40.452524290411411 ], [ -79.961331806861594, 40.452530578991045 ], [ -79.961290907160432, 40.452601579088729 ], [ -79.9610266, 40.4526375 ], [ -79.9609754, 40.4526203 ], [ -79.960979039344508, 40.452613966833766 ], [ -79.9609604, 40.4526165 ], [ -79.9609091, 40.4525993 ], [ -79.960913017360824, 40.452592490120878 ], [ -79.9608997, 40.4525943 ], [ -79.9608499, 40.4525773 ], [ -79.960855021576549, 40.452568555676926 ], [ -79.9608363, 40.4525711 ], [ -79.9607827, 40.452553 ], [ -79.960786267109654, 40.452546817450724 ], [ -79.960768, 40.4525493 ], [ -79.9607167, 40.4525321 ], [ -79.960720753270749, 40.452525046521657 ], [ -79.9607027, 40.452527499999981 ], [ -79.9606515, 40.4525103 ], [ -79.960651702039854, 40.452509948411439 ], [ -79.9606447, 40.4525109 ], [ -79.960588831367303, 40.452492375773311 ], [ -79.9605239, 40.4525012 ], [ -79.9604294, 40.4524691 ], [ -79.9604555, 40.4524247 ], [ -79.960591996146576, 40.45240615007544 ], [ -79.9606455, 40.4523119 ], [ -79.960856944873697, 40.452283164004605 ], [ -79.960898971844586, 40.452297098722156 ], [ -79.9609475, 40.4522117 ], [ -79.961158944441763, 40.452182963446113 ], [ -79.961222936970657, 40.452204155109825 ], [ -79.961253044459099, 40.452200063274219 ], [ -79.961328344508516, 40.452225063137156 ], [ -79.961288596625224, 40.452294987782572 ], [ -79.961438144621965, 40.452274662937867 ], [ -79.961524944678914, 40.452303462779881 ], [ -79.961519142376787, 40.452313616884275 ], [ -79.96156074467919, 40.452307962714386 ], [ -79.961638944730652, 40.452333962572048 ], [ -79.961634944754209, 40.452340962579683 ], [ -79.961616735654104, 40.452373069364 ], [ -79.961714644782461, 40.452359762434298 ] ], [ [ -79.961238671189037, 40.452500454577425 ], [ -79.9612273, 40.452502 ], [ -79.961202392283127, 40.452492841732571 ], [ -79.961192399984427, 40.452509902259138 ], [ -79.961212745470419, 40.452516763361999 ], [ -79.961209104966386, 40.452523083114102 ], [ -79.961266686061563, 40.452515257448077 ], [ -79.9612361, 40.4525049 ], [ -79.961238671189037, 40.452500454577425 ] ], [ [ -79.961310610841238, 40.452404744771464 ], [ -79.961269, 40.4524104 ], [ -79.9611822, 40.4523816 ], [ -79.96121203107424, 40.452329177775155 ], [ -79.9610625, 40.4523495 ], [ -79.96099758455837, 40.452327919072573 ], [ -79.9609705, 40.4523316 ], [ -79.960946176177799, 40.452323544921704 ], [ -79.960933245042554, 40.452346263867391 ], [ -79.960896182996507, 40.452411591666312 ], [ -79.960903745256147, 40.452410563924317 ], [ -79.960955045290362, 40.452427763830947 ], [ -79.960950989762821, 40.452434804045183 ], [ -79.960968945299456, 40.452432363805634 ], [ -79.960984465765534, 40.452437567520263 ], [ -79.961102106544374, 40.452421579511885 ], [ -79.961132946067096, 40.452431974136665 ], [ -79.961182206520149, 40.452425279328388 ], [ -79.961230307334176, 40.452441699161952 ], [ -79.961309466752766, 40.452430940816477 ], [ -79.9612979, 40.4524271 ], [ -79.961310610841238, 40.452404744771464 ] ], [ [ -79.961872869029946, 40.452723566226275 ], [ -79.961870254948877, 40.452728167539945 ], [ -79.961881423771473, 40.452726649561882 ], [ -79.961872869029946, 40.452723566226275 ] ] ], [ [ [ -79.961763147204763, 40.453136162379302 ], [ -79.9615517, 40.4531649 ], [ -79.9614787, 40.4531407 ], [ -79.961486116458175, 40.453127664165514 ], [ -79.9614601, 40.4531312 ], [ -79.9613868, 40.4531069 ], [ -79.961393220366688, 40.453095579255212 ], [ -79.9613629, 40.453099699999989 ], [ -79.961299301318917, 40.453078584569418 ], [ -79.9612234, 40.4530889 ], [ -79.96116, 40.4530562 ], [ -79.961160838397177, 40.453055251341354 ], [ -79.9611465, 40.4530572 ], [ -79.9610812, 40.4530235 ], [ -79.96110877773252, 40.452992314004007 ], [ -79.960986, 40.453009 ], [ -79.9609264, 40.4529782 ], [ -79.960930136381677, 40.45297396928671 ], [ -79.9609071, 40.4529771 ], [ -79.9608486, 40.4529469 ], [ -79.960894448062007, 40.452895039120456 ], [ -79.9607954, 40.4529085 ], [ -79.9607186, 40.4528829 ], [ -79.960728036432826, 40.452866396131746 ], [ -79.960679062092552, 40.452873051808851 ], [ -79.960702746812942, 40.452880964313707 ], [ -79.960632447226558, 40.4530038644481 ], [ -79.960421, 40.4530326 ], [ -79.960375050824368, 40.453017241128762 ], [ -79.960348735428752, 40.453063187834587 ], [ -79.960390847488625, 40.453057464893718 ], [ -79.960402033715425, 40.453061145400589 ], [ -79.960476947434856, 40.453050964735475 ], [ -79.960519047462256, 40.45306486465882 ], [ -79.960561147489344, 40.453078664582179 ], [ -79.96055258395009, 40.453093911970576 ], [ -79.960596347504961, 40.453087964518026 ], [ -79.960626547524413, 40.453097864463032 ], [ -79.960566047884882, 40.453205064578732 ], [ -79.9603546, 40.4532338 ], [ -79.9602483, 40.4531988 ], [ -79.9601366, 40.453162 ], [ -79.960142190820719, 40.453152098510614 ], [ -79.9600995, 40.4531579 ], [ -79.9599577, 40.4531106 ], [ -79.9600698, 40.4529146 ], [ -79.960281246991528, 40.452885865087289 ], [ -79.960334947230905, 40.45290380292937 ], [ -79.9603572, 40.4528649 ], [ -79.960568646724013, 40.452836164557802 ], [ -79.96060115744595, 40.452847025662045 ], [ -79.9606474, 40.4527662 ], [ -79.960858846301321, 40.45273746402102 ], [ -79.96093484635179, 40.452762863882676 ], [ -79.960926424893486, 40.452777552173885 ], [ -79.960977846359313, 40.45277056380413 ], [ -79.961054646410375, 40.452796263664347 ], [ -79.961031281612875, 40.45283707905314 ], [ -79.961145446454779, 40.452821563498858 ], [ -79.96120140603405, 40.452850451897852 ], [ -79.961228546501843, 40.452846763347495 ], [ -79.961288246575563, 40.452877563239305 ], [ -79.961255456371504, 40.452914651091135 ], [ -79.961378246604852, 40.452897963075067 ], [ -79.961443546685217, 40.452931562956749 ], [ -79.961441466951598, 40.452933917251997 ], [ -79.961455846681716, 40.45293196293418 ], [ -79.961505057040455, 40.452957344187404 ], [ -79.961552746703617, 40.452950862757213 ], [ -79.961628346753272, 40.452975962619597 ], [ -79.96162084067349, 40.45298916787042 ], [ -79.961651046773085, 40.452985062578357 ], [ -79.961724446821378, 40.453009462444747 ], [ -79.961716121033504, 40.453024099584717 ], [ -79.961742146849446, 40.45302056241276 ], [ -79.961815146897237, 40.453044762279887 ], [ -79.961763147204763, 40.453136162379302 ] ] ], [ [ [ -79.9618474, 40.4531524 ], [ -79.96205884705094, 40.453123661836202 ], [ -79.962121547196446, 40.453177661723529 ], [ -79.962091259399031, 40.45319820829404 ], [ -79.962125447244944, 40.45319356171705 ], [ -79.962175747361613, 40.453236861626685 ], [ -79.962084547591246, 40.453298661796701 ], [ -79.96187310000002, 40.4533274 ], [ -79.9618228, 40.4532842 ], [ -79.961836138802624, 40.453275146591977 ], [ -79.9618019, 40.4532798 ], [ -79.9617392, 40.4532259 ], [ -79.9618474, 40.4531524 ] ] ], [ [ [ -79.962590247501353, 40.453332360870334 ], [ -79.96267424770997, 40.453409060719558 ], [ -79.962635947801829, 40.453433560790906 ], [ -79.9624245, 40.4534623 ], [ -79.9623405, 40.4533856 ], [ -79.9623788, 40.4533611 ], [ -79.962590247501353, 40.453332360870334 ] ] ], [ [ [ -79.96233094812527, 40.453498861353374 ], [ -79.962428148350483, 40.453582461178684 ], [ -79.962371748492757, 40.453620761283858 ], [ -79.9621603, 40.4536495 ], [ -79.962063, 40.4535659 ], [ -79.9621195, 40.4535276 ], [ -79.96233094812527, 40.453498861353374 ] ] ], [ [ [ -79.961686, 40.4536428 ], [ -79.961738, 40.4536075 ], [ -79.961949448524237, 40.453578762056836 ], [ -79.961990848620133, 40.453614361982446 ], [ -79.961938848751259, 40.4536496620794 ], [ -79.9617274, 40.4536784 ], [ -79.961686, 40.4536428 ] ] ], [ [ [ -79.961246158599295, 40.453681395962455 ], [ -79.9611387, 40.453696 ], [ -79.9610787, 40.4536459 ], [ -79.961151167931959, 40.453602710588221 ], [ -79.9610291, 40.4536193 ], [ -79.9609666, 40.4535662 ], [ -79.96103879232372, 40.453521800051163 ], [ -79.9609424, 40.4535349 ], [ -79.9608815, 40.4534811 ], [ -79.9609816, 40.4534157 ], [ -79.961193048214056, 40.45338696343628 ], [ -79.961249948359608, 40.453440263334222 ], [ -79.96118374358177, 40.453485663126088 ], [ -79.961284548445875, 40.453471963272108 ], [ -79.96134214858111, 40.453522063168641 ], [ -79.961263652278902, 40.453574986663888 ], [ -79.961389648675294, 40.453557863083056 ], [ -79.961441648809213, 40.453606862989808 ], [ -79.961384076866935, 40.453644866985947 ], [ -79.961495948859891, 40.453629662891167 ], [ -79.961538748965623, 40.453668562814322 ], [ -79.961454949166281, 40.453722062970435 ], [ -79.9612435, 40.4537508 ], [ -79.9611983, 40.4537101 ], [ -79.961246158599295, 40.453681395962455 ] ] ], [ [ [ -79.961801849998196, 40.454029362347391 ], [ -79.961596840151998, 40.454057224740772 ], [ -79.96171047569662, 40.454152693926623 ], [ -79.961653575915506, 40.454192094085819 ], [ -79.9615060400142, 40.454212145124437 ], [ -79.961476650762719, 40.454232462952966 ], [ -79.96144818207388, 40.454236331991432 ], [ -79.96145645080577, 40.454243662990521 ], [ -79.961407550925941, 40.454275863081655 ], [ -79.961306508513772, 40.454289595149362 ], [ -79.96132955106367, 40.454310063226266 ], [ -79.96122915130978, 40.454375963413355 ], [ -79.961110794395566, 40.454392048366778 ], [ -79.96118575158755, 40.454458963496627 ], [ -79.961136851706797, 40.454490863587743 ], [ -79.961025171760326, 40.45450604101007 ], [ -79.960993851873795, 40.454526363851684 ], [ -79.9607824, 40.4545551 ], [ -79.960774811452623, 40.45454828662816 ], [ -79.9607416, 40.454552799999988 ], [ -79.9606918, 40.4545081 ], [ -79.9607496, 40.4544705 ], [ -79.960757656891445, 40.454469405083003 ], [ -79.9607026, 40.4544221 ], [ -79.9607409, 40.4543961 ], [ -79.960952351389906, 40.454367363920852 ], [ -79.960962638208997, 40.454376227373274 ], [ -79.960982561833788, 40.454373519745474 ], [ -79.960921373639991, 40.454319223606824 ], [ -79.9608097, 40.4543344 ], [ -79.9607499, 40.4542829 ], [ -79.9608292, 40.4542292 ], [ -79.961040650830924, 40.454200463751548 ], [ -79.961077779704837, 40.454232439158638 ], [ -79.96110995759075, 40.454228066127129 ], [ -79.961093, 40.454213 ], [ -79.9611326, 40.4541871 ], [ -79.961171243562902, 40.454181848247615 ], [ -79.961131014903742, 40.454147872692538 ], [ -79.9610381, 40.4541605 ], [ -79.9609936, 40.4541224 ], [ -79.96103, 40.4540975 ], [ -79.961163396447702, 40.454079371141766 ], [ -79.9611062, 40.454030400000015 ], [ -79.961139320438576, 40.454007817891863 ], [ -79.9609371, 40.4540353 ], [ -79.960879300000016, 40.4539917 ], [ -79.960963378794474, 40.453933890155945 ], [ -79.9608338, 40.4539515 ], [ -79.9607816, 40.4539031 ], [ -79.960864086808726, 40.453847628905201 ], [ -79.960737, 40.4538649 ], [ -79.9606843, 40.453819 ], [ -79.960772936240375, 40.453753481981565 ], [ -79.9606249, 40.4537736 ], [ -79.9605821, 40.4537357 ], [ -79.960624640277445, 40.453707744994276 ], [ -79.9605845, 40.4537132 ], [ -79.960583140422145, 40.453712033198357 ], [ -79.9605488, 40.4537167 ], [ -79.9605331, 40.4537032 ], [ -79.960619027712312, 40.453644995618241 ], [ -79.9604446, 40.4536687 ], [ -79.9604255, 40.4536523 ], [ -79.9604467, 40.4536379 ], [ -79.9604267, 40.4536207 ], [ -79.960472398565145, 40.453589768680438 ], [ -79.9603743, 40.4536031 ], [ -79.9603345, 40.4535897 ], [ -79.960355611113755, 40.453553023427268 ], [ -79.9602925, 40.4535616 ], [ -79.9601512, 40.4535166 ], [ -79.960153259074971, 40.453512966960226 ], [ -79.9601096, 40.4535189 ], [ -79.9600767, 40.4535075 ], [ -79.9600962, 40.453475 ], [ -79.96008236815436, 40.453470176083499 ], [ -79.9600167, 40.45347910000001 ], [ -79.9599469, 40.4534505 ], [ -79.95996007880251, 40.45343393747082 ], [ -79.9599059, 40.4534413 ], [ -79.9598392, 40.4534119 ], [ -79.959854461517295, 40.453392365281147 ], [ -79.9597946, 40.453400499999987 ], [ -79.9597248, 40.4533696 ], [ -79.959791, 40.4532912 ], [ -79.960002448283547, 40.453262465615332 ], [ -79.960021268293147, 40.453268985895562 ], [ -79.960030248289428, 40.453267765564576 ], [ -79.96007824834129, 40.453290165477476 ], [ -79.960066157370491, 40.453303830712848 ], [ -79.960118148346595, 40.453296765404566 ], [ -79.960173448384623, 40.45331566530389 ], [ -79.96017074841113, 40.453323765309243 ], [ -79.960181548430228, 40.453331165289732 ], [ -79.960170243215643, 40.45334549941694 ], [ -79.960224948435098, 40.45333806521041 ], [ -79.960290487318659, 40.45336120150877 ], [ -79.960327548452298, 40.453356165022953 ], [ -79.960388548495658, 40.453377464911966 ], [ -79.960381508122339, 40.453389219827471 ], [ -79.96042164850266, 40.453383764851495 ], [ -79.960563148613247, 40.453436364594197 ], [ -79.960553237825962, 40.453452679137214 ], [ -79.960612948619769, 40.453444564503179 ], [ -79.960680748665197, 40.453467364379783 ], [ -79.960637605056519, 40.453542486600988 ], [ -79.960729748843065, 40.45352996429262 ], [ -79.960768748933916, 40.453563664222521 ], [ -79.960688542203727, 40.453617965988954 ], [ -79.96086294899365, 40.453594264051034 ], [ -79.96089214906128, 40.453619363998556 ], [ -79.960866268455447, 40.453636877910114 ], [ -79.960909049091526, 40.453631063968054 ], [ -79.960951749194464, 40.453669063891361 ], [ -79.960838044575183, 40.453743750684914 ], [ -79.960985849352952, 40.453723663831191 ], [ -79.961036349480239, 40.453770363740595 ], [ -79.960961510701196, 40.453826386704705 ], [ -79.96109044958034, 40.453808863643012 ], [ -79.961145449701775, 40.453854263544088 ], [ -79.961053731646956, 40.453916965347688 ], [ -79.961183249828949, 40.453899363476708 ], [ -79.961233649959425, 40.453947063386337 ], [ -79.961171887543713, 40.453990246517712 ], [ -79.961374849953813, 40.453962663127939 ], [ -79.961450050126558, 40.454026862992762 ], [ -79.961408646393537, 40.454055115958106 ], [ -79.961562599125259, 40.454034192908082 ], [ -79.9614526, 40.4539396 ], [ -79.961503281143322, 40.453905270698584 ], [ -79.9614339, 40.453914700000013 ], [ -79.9613729, 40.4538622 ], [ -79.961424, 40.4538276 ], [ -79.961635449337862, 40.453798862642607 ], [ -79.961638795774476, 40.453801737276763 ], [ -79.9616896, 40.45376730000001 ], [ -79.961712167995387, 40.453764232823964 ], [ -79.9617105, 40.4537628 ], [ -79.9617651, 40.4537257 ], [ -79.961842589894019, 40.453715168407506 ], [ -79.961925, 40.4536609 ], [ -79.962136448619702, 40.453632161716065 ], [ -79.962215348808641, 40.453701961574374 ], [ -79.962157348951209, 40.453740161682454 ], [ -79.962174348991795, 40.453755161651927 ], [ -79.96211364914106, 40.453795161765051 ], [ -79.962086818370636, 40.453798808381038 ], [ -79.962036849289021, 40.453832761907613 ], [ -79.962003656472803, 40.453837273173633 ], [ -79.961941949471665, 40.453879162083751 ], [ -79.961751960026191, 40.45390498340506 ], [ -79.961854849864793, 40.453993462248562 ], [ -79.961801849998196, 40.454029362347391 ] ], [ [ -79.961678654769813, 40.453863346290426 ], [ -79.961647661193453, 40.453884392914453 ], [ -79.961695569165613, 40.453877881852129 ], [ -79.961678654769813, 40.453863346290426 ] ] ], [ [ [ -79.9623289, 40.453974100000011 ], [ -79.962298031524298, 40.453946757115816 ], [ -79.9622727, 40.4539502 ], [ -79.962198, 40.453884 ], [ -79.962253, 40.4538478 ], [ -79.962369940756304, 40.45383190617212 ], [ -79.9623299, 40.4537976 ], [ -79.962387, 40.4537588 ], [ -79.962598448748636, 40.45373006087268 ], [ -79.962677348930299, 40.453797560730877 ], [ -79.962620249074732, 40.453836460837344 ], [ -79.962555024815373, 40.453845325855589 ], [ -79.962631411666038, 40.453913076086096 ], [ -79.962593211783187, 40.453938176175079 ], [ -79.9623289, 40.453974100000011 ] ] ], [ [ [ -79.962142012547915, 40.454077177217506 ], [ -79.962252912867626, 40.454172176968342 ], [ -79.962197813042081, 40.454209777096793 ], [ -79.9619335, 40.4542457 ], [ -79.9618225, 40.4541506 ], [ -79.9618777, 40.4541131 ], [ -79.962142012547915, 40.454077177217506 ] ] ], [ [ [ -79.961952150990498, 40.454363462086256 ], [ -79.961829005539911, 40.454380198607275 ], [ -79.96191612562437, 40.454454831029516 ], [ -79.961800825770084, 40.454533331137029 ], [ -79.9616951, 40.4545477 ], [ -79.9616002, 40.454429 ], [ -79.96167422237302, 40.454378511706985 ], [ -79.9616022, 40.4543883 ], [ -79.9615146, 40.454313300000024 ], [ -79.9615801, 40.4542687 ], [ -79.961629291220689, 40.454262014605817 ], [ -79.9616531, 40.4542458 ], [ -79.961864550564115, 40.454217062240559 ], [ -79.961998550872849, 40.454331761999718 ], [ -79.961952150990498, 40.454363462086256 ] ] ], [ [ [ -79.960918097959834, 40.437741690932661 ], [ -79.960905215781708, 40.437751074231016 ], [ -79.960927898007853, 40.437747990879558 ], [ -79.961016398567722, 40.437818290401815 ], [ -79.96099424949783, 40.437834466425386 ], [ -79.961023498674464, 40.437830490364355 ], [ -79.96111549925854, 40.437903789867747 ], [ -79.961104929637472, 40.437911459779521 ], [ -79.961123099298732, 40.437908989826617 ], [ -79.961215999887415, 40.437982889325127 ], [ -79.961207618025952, 40.437988997779755 ], [ -79.961224599913237, 40.437986689278304 ], [ -79.9613102004501, 40.438054188816139 ], [ -79.961223201153373, 40.438118089303266 ], [ -79.960804564902958, 40.438174997409952 ], [ -79.960755801089377, 40.43821039550604 ], [ -79.9604387, 40.4382535 ], [ -79.9603888, 40.4382138 ], [ -79.96040523108519, 40.438201847880386 ], [ -79.9603688, 40.4382068 ], [ -79.9603152, 40.4381637 ], [ -79.9603796, 40.4381172 ], [ -79.960453703571389, 40.438107126980867 ], [ -79.9603971, 40.4380621 ], [ -79.960410583310349, 40.438052273940478 ], [ -79.960392, 40.4380548 ], [ -79.9603001, 40.4379815 ], [ -79.960318288658016, 40.437968286730708 ], [ -79.9602895, 40.4379722 ], [ -79.9602009, 40.4379019 ], [ -79.960216531369412, 40.437890496526705 ], [ -79.9601937, 40.4378936 ], [ -79.9601024, 40.437821 ], [ -79.960114821780166, 40.437811952218631 ], [ -79.9600924, 40.437815 ], [ -79.9600004, 40.437741 ], [ -79.960013264743992, 40.43773172214533 ], [ -79.9599943, 40.4377343 ], [ -79.959904, 40.4376622 ], [ -79.95991825492851, 40.437651839960246 ], [ -79.9598928, 40.4376553 ], [ -79.9598007, 40.4375828 ], [ -79.959817135375118, 40.437570718381892 ], [ -79.9597952, 40.4375737 ], [ -79.9597036, 40.4375026 ], [ -79.959721559043359, 40.437489185065758 ], [ -79.9596957, 40.4374927 ], [ -79.9596055, 40.4374213 ], [ -79.95961585839332, 40.437413718210493 ], [ -79.9595976, 40.4374162 ], [ -79.959504, 40.437341 ], [ -79.959517284888918, 40.437331429178954 ], [ -79.9594969, 40.4373342 ], [ -79.959405700000019, 40.43725890000001 ], [ -79.9594976, 40.4371945 ], [ -79.960131792902629, 40.437108295176074 ], [ -79.960222993506477, 40.437183594684157 ], [ -79.960213584496842, 40.437190188270698 ], [ -79.960231193536544, 40.437187794639584 ], [ -79.960324694136801, 40.437262994134969 ], [ -79.960314323228019, 40.43727047382044 ], [ -79.960331094178372, 40.43726819410044 ], [ -79.960421294746638, 40.437339593613487 ], [ -79.96040467488848, 40.437351758683398 ], [ -79.960428694821928, 40.43734849357395 ], [ -79.960520295385749, 40.437419593079255 ], [ -79.960502118834953, 40.437433170732824 ], [ -79.960525495477711, 40.437429993052 ], [ -79.960617596055073, 40.437502592554765 ], [ -79.960602221299979, 40.437513877748835 ], [ -79.960628596114901, 40.437510292495254 ], [ -79.960718996689522, 40.437582392007286 ], [ -79.960706098088195, 40.437591756123737 ], [ -79.960725696744888, 40.437589091971297 ], [ -79.960793441269132, 40.437643522276097 ], [ -79.960833598855004, 40.437638063405643 ], [ -79.960884698959944, 40.437677763313665 ], [ -79.960860518898386, 40.437695905800176 ], [ -79.960918097959834, 40.437741690932661 ] ], [ [ -79.960527435007904, 40.438155680937406 ], [ -79.960523885081486, 40.438152877488861 ], [ -79.960518282837128, 40.438156925014653 ], [ -79.960527435007904, 40.438155680937406 ] ] ], [ [ [ -79.960522123672149, 40.445497364321483 ], [ -79.960531423691805, 40.445504764304765 ], [ -79.96038052409186, 40.445613464586337 ], [ -79.960354483248892, 40.445617003913853 ], [ -79.960345224137569, 40.445623664651542 ], [ -79.960394024242206, 40.445662964563745 ], [ -79.960253424615019, 40.445764264826124 ], [ -79.960042, 40.445793 ], [ -79.960040624003867, 40.445791893220736 ], [ -79.9600082, 40.4457963 ], [ -79.9599539, 40.4457527 ], [ -79.959974, 40.4457383 ], [ -79.9599253, 40.445699099999985 ], [ -79.9600659, 40.4455978 ], [ -79.960088113211455, 40.445594780959681 ], [ -79.960099700000015, 40.4455864 ], [ -79.9600491, 40.4455458 ], [ -79.9602, 40.4454371 ], [ -79.960311768999205, 40.445421909040235 ], [ -79.9602704, 40.4453886 ], [ -79.9604185, 40.4452819 ], [ -79.960525707234027, 40.445267328803595 ], [ -79.9606275, 40.445194 ], [ -79.960838922505786, 40.445165263725755 ], [ -79.960884601374687, 40.445201935340236 ], [ -79.96091382257957, 40.445197963589791 ], [ -79.960960139518818, 40.445235205332985 ], [ -79.961157622517874, 40.445208363143003 ], [ -79.961317922768558, 40.445307862853284 ], [ -79.961243523015469, 40.445377262992807 ], [ -79.9610321, 40.445406 ], [ -79.960884143762328, 40.445314012244872 ], [ -79.960807723158396, 40.445369063791929 ], [ -79.960696610888888, 40.445384165998298 ], [ -79.960599223506861, 40.44545426417816 ], [ -79.960575146283219, 40.445457536677132 ], [ -79.960568323544578, 40.445462464235177 ], [ -79.960522032525446, 40.445468755943601 ], [ -79.960540823622495, 40.445483864286579 ], [ -79.960522123672149, 40.445497364321483 ] ] ], [ [ [ -79.960436930853305, 40.447771564577458 ], [ -79.96042653097642, 40.447809464598194 ], [ -79.9602151, 40.4478382 ], [ -79.9601822, 40.447833 ], [ -79.9601925, 40.447795 ], [ -79.960403930849395, 40.44776626463775 ], [ -79.960436930853305, 40.447771564577458 ] ] ], [ [ [ -79.960719531023955, 40.447860664062915 ], [ -79.9605081, 40.4478894 ], [ -79.9604435, 40.4478791 ], [ -79.9604551, 40.4478369 ], [ -79.96066653087945, 40.447808164157841 ], [ -79.960731030886862, 40.447818464039962 ], [ -79.960719531023955, 40.447860664062915 ] ] ], [ [ [ -79.961439138943092, 40.450468462856932 ], [ -79.9612277, 40.4504972 ], [ -79.9611515, 40.4504749 ], [ -79.961176, 40.4504261 ], [ -79.961387438739592, 40.450397362948678 ], [ -79.961473038717457, 40.450400862791788 ], [ -79.961439138943092, 40.450468462856932 ] ] ], [ [ [ -79.960536939355563, 40.450488564513087 ], [ -79.960596039394318, 40.450508164405505 ], [ -79.960593726547373, 40.450512233536372 ], [ -79.960625139382401, 40.450507964352106 ], [ -79.960681639419647, 40.450526764249283 ], [ -79.960668202710877, 40.450550353935718 ], [ -79.960711539463716, 40.450544464195197 ], [ -79.960765939499552, 40.450562564096167 ], [ -79.960761608277593, 40.450570177552756 ], [ -79.960791139501112, 40.450566164050088 ], [ -79.960850539540047, 40.450585863941988 ], [ -79.960813459119422, 40.450651036063917 ], [ -79.960997939609044, 40.450625963673296 ], [ -79.961077639661198, 40.450652363528235 ], [ -79.96103743989903, 40.450723063605082 ], [ -79.960826, 40.4507518 ], [ -79.9607463, 40.4507253 ], [ -79.960777373009662, 40.450670729007534 ], [ -79.9605929, 40.450695799999984 ], [ -79.9605335, 40.4506761 ], [ -79.960542326230794, 40.450660587247675 ], [ -79.9605128, 40.4506646 ], [ -79.9604584, 40.4506465 ], [ -79.960464485017994, 40.450635803804452 ], [ -79.9604211, 40.4506417 ], [ -79.9603646, 40.450623 ], [ -79.960373170215775, 40.450607936685479 ], [ -79.9603418, 40.4506122 ], [ -79.9602827, 40.4505926 ], [ -79.960289404885586, 40.450580803800193 ], [ -79.96026, 40.4505848 ], [ -79.9602028, 40.450565800000014 ], [ -79.960213335335766, 40.450547277792303 ], [ -79.960162400000016, 40.4505542 ], [ -79.960075, 40.4505252 ], [ -79.96008368568998, 40.450509893764483 ], [ -79.960013, 40.4505195 ], [ -79.9599503, 40.4504969 ], [ -79.9599735, 40.4504593 ], [ -79.9599253, 40.450442 ], [ -79.9599487, 40.450404 ], [ -79.960160139145216, 40.450375265199433 ], [ -79.960180538620591, 40.450382586867775 ], [ -79.960212339134443, 40.45037826510378 ], [ -79.960227108702455, 40.450383581264965 ], [ -79.960299339086646, 40.450373764943954 ], [ -79.960334539112623, 40.450386364879925 ], [ -79.960311801918508, 40.450423248269388 ], [ -79.96032933922308, 40.450420864890994 ], [ -79.960416839280725, 40.450449964731739 ], [ -79.960403445843212, 40.450473481301074 ], [ -79.960454339318375, 40.450466564663664 ], [ -79.960511539355963, 40.450485564559536 ], [ -79.960507562112085, 40.450492557027218 ], [ -79.960536939355563, 40.450488564513087 ] ] ], [ [ [ -79.960217164048657, 40.450848042820887 ], [ -79.960203140691036, 40.450872265142316 ], [ -79.960007349452155, 40.450898873248569 ], [ -79.960007414048206, 40.450898895089679 ], [ -79.960098140776665, 40.450886565335587 ], [ -79.960165140822085, 40.45090926521366 ], [ -79.960154169488703, 40.450928180889498 ], [ -79.960190340856329, 40.450923265168036 ], [ -79.960211340870529, 40.450930365129814 ], [ -79.960196233191837, 40.450956401950315 ], [ -79.960246540917254, 40.450949565066075 ], [ -79.960305940957767, 40.450969764957968 ], [ -79.960294418193953, 40.45098946003165 ], [ -79.96035104097804, 40.450981764875763 ], [ -79.960415041021491, 40.451003464759275 ], [ -79.960405133506441, 40.451020423141109 ], [ -79.960448241043537, 40.451014564698873 ], [ -79.960508841084533, 40.451035064588574 ], [ -79.960497202335674, 40.45105506882873 ], [ -79.960548741109946, 40.451048064515945 ], [ -79.960575641128145, 40.451057164466995 ], [ -79.960539267230018, 40.451119870113317 ], [ -79.960561620639055, 40.451116832199027 ], [ -79.960638920665289, 40.451143032128677 ], [ -79.960631651502467, 40.451155558290829 ], [ -79.960829541254668, 40.451128664004287 ], [ -79.960877741287561, 40.451145063916577 ], [ -79.96084144132459, 40.451207684943917 ], [ -79.960865141479161, 40.451204463942283 ], [ -79.960923341518878, 40.451224263836373 ], [ -79.960890095544286, 40.451281625261203 ], [ -79.96107744155951, 40.451256163555051 ], [ -79.961140141601888, 40.451277363440951 ], [ -79.961085141921203, 40.451372163546004 ], [ -79.9608737, 40.4514009 ], [ -79.960811, 40.4513797 ], [ -79.960856636068769, 40.451301040033592 ], [ -79.9606693, 40.4513265 ], [ -79.960614681693102, 40.45130801236121 ], [ -79.9605537, 40.4513163 ], [ -79.9604886, 40.4512953 ], [ -79.960512523744129, 40.451251954770306 ], [ -79.9604754, 40.451257 ], [ -79.9603981, 40.4512308 ], [ -79.960432863658284, 40.451170895881127 ], [ -79.9603048, 40.4511883 ], [ -79.9602079, 40.4511555 ], [ -79.9601125, 40.4511231 ], [ -79.9599582, 40.4510708 ], [ -79.9599178, 40.4510572 ], [ -79.959924191570295, 40.451046195218687 ], [ -79.9598881, 40.4510511 ], [ -79.9598211, 40.4510284 ], [ -79.959825042091722, 40.451021603509396 ], [ -79.9598052, 40.4510243 ], [ -79.9597286, 40.4509984 ], [ -79.959734091118818, 40.450988941740107 ], [ -79.9597057, 40.4509928 ], [ -79.9596213, 40.4509643 ], [ -79.959626332695606, 40.450955618408138 ], [ -79.9596066, 40.4509583 ], [ -79.9595141, 40.450927 ], [ -79.9595686, 40.4508331 ], [ -79.959643165071228, 40.450822966900347 ], [ -79.9596619, 40.4507911 ], [ -79.959867436213671, 40.450763168123004 ], [ -79.9598753, 40.4507499 ], [ -79.9598572, 40.4507437 ], [ -79.959877900135567, 40.450708714520715 ], [ -79.9597978, 40.4507196 ], [ -79.9597395, 40.4506998 ], [ -79.9597515, 40.4506792 ], [ -79.9597338, 40.4506732 ], [ -79.9597631, 40.4506226 ], [ -79.959974539904294, 40.450593865549521 ], [ -79.960070639969587, 40.45062646537464 ], [ -79.960059585444952, 40.4506454793 ], [ -79.960114139989216, 40.45063806529533 ], [ -79.960211440056867, 40.450671565118292 ], [ -79.960176602975451, 40.450730550178029 ], [ -79.960337640124663, 40.45070866488836 ], [ -79.960464740210952, 40.45075176465707 ], [ -79.960425240440031, 40.450819764732529 ], [ -79.960217164048657, 40.450848042820887 ] ], [ [ -79.959959959654697, 40.450890271503702 ], [ -79.959957026201181, 40.450895327068075 ], [ -79.959969786280098, 40.450893592984748 ], [ -79.959959959654697, 40.450890271503702 ] ], [ [ -79.960097805254662, 40.450786353994303 ], [ -79.9599113, 40.4508117 ], [ -79.959896129543324, 40.450806467077136 ], [ -79.95988174068529, 40.450830865730175 ], [ -79.959865056102231, 40.450833133139035 ], [ -79.959867047248878, 40.45083380689497 ], [ -79.959893840678404, 40.450830165707941 ], [ -79.959938718773969, 40.450845373132914 ], [ -79.959948, 40.450829399999989 ], [ -79.960097350608322, 40.450809103281678 ], [ -79.9600867, 40.450805499999987 ], [ -79.960097805254662, 40.450786353994303 ] ] ], [ [ [ -79.960649580312136, 40.450846648205108 ], [ -79.960599280531156, 40.450933348277161 ], [ -79.9604407, 40.4509549 ], [ -79.9603656, 40.4509295 ], [ -79.9604159, 40.4508427 ], [ -79.96057448027382, 40.450821148307611 ], [ -79.960649580312136, 40.450846648205108 ] ] ], [ [ [ -79.9608678, 40.4510892 ], [ -79.960906914278823, 40.451021704038467 ], [ -79.9607149, 40.4510478 ], [ -79.960608, 40.4510115 ], [ -79.9606442, 40.4509492 ], [ -79.96067785569042, 40.450944626016096 ], [ -79.960682800000015, 40.4509361 ], [ -79.960894240533889, 40.450907363875885 ], [ -79.960975240588951, 40.450934863728477 ], [ -79.960936450253996, 40.451001656565317 ], [ -79.961128440657603, 40.450975563449184 ], [ -79.961189240698815, 40.450996163338537 ], [ -79.961183521803179, 40.451006000383309 ], [ -79.961217640704177, 40.451001363286657 ], [ -79.961291340754244, 40.451026363152543 ], [ -79.961241641042278, 40.451111863247455 ], [ -79.9610302, 40.4511406 ], [ -79.9609566, 40.4511157 ], [ -79.960962775870883, 40.451105041655509 ], [ -79.9609285, 40.4511097 ], [ -79.9608678, 40.4510892 ] ] ], [ [ [ -79.960586843999849, 40.451971964486525 ], [ -79.960651244045039, 40.451994264369354 ], [ -79.960570144505596, 40.452130764524128 ], [ -79.9603587, 40.4521595 ], [ -79.9603095, 40.4521424 ], [ -79.9603272, 40.452112600000028 ], [ -79.9603121, 40.4521073 ], [ -79.960341363336781, 40.452058019293773 ], [ -79.9601443, 40.452084799999987 ], [ -79.9600957, 40.4520693 ], [ -79.9601144, 40.4520349 ], [ -79.9600958, 40.452029 ], [ -79.9601497, 40.4519302 ], [ -79.960361143865569, 40.451901464897546 ], [ -79.960428343906855, 40.451922864775192 ], [ -79.960386762157455, 40.451999155878575 ], [ -79.960586843999849, 40.451971964486525 ] ] ], [ [ [ -79.960413945300814, 40.452364464820981 ], [ -79.9602025, 40.452393200000017 ], [ -79.9601105, 40.45236220000001 ], [ -79.960114825314619, 40.452354745539559 ], [ -79.9600975, 40.4523571 ], [ -79.9600077, 40.4523274 ], [ -79.960026351298239, 40.452294436880685 ], [ -79.96002, 40.45229530000001 ], [ -79.9599724, 40.4522803 ], [ -79.9599185, 40.4522634 ], [ -79.9598232, 40.4522334 ], [ -79.959849090039782, 40.452185285795295 ], [ -79.9598144, 40.45219 ], [ -79.959791783268926, 40.452182321719832 ], [ -79.9597213, 40.4521919 ], [ -79.9596284, 40.452162 ], [ -79.959633537207907, 40.452152705292029 ], [ -79.9596115, 40.4521557 ], [ -79.9595503, 40.4521349 ], [ -79.959598, 40.452053 ], [ -79.959809444465222, 40.452024265915149 ], [ -79.959827753878102, 40.452030488689303 ], [ -79.959902244417052, 40.452020365744723 ], [ -79.959911334632636, 40.452023276973016 ], [ -79.959938644400424, 40.452019565677908 ], [ -79.959952743926493, 40.452024113884477 ], [ -79.959966344398183, 40.452022265627186 ], [ -79.96000384442172, 40.452034365558937 ], [ -79.959960466369168, 40.45211294696125 ], [ -79.960110444563426, 40.452092565365902 ], [ -79.960174744602057, 40.452112765248799 ], [ -79.960163433577506, 40.452133754936362 ], [ -79.96020824463595, 40.452127665188002 ], [ -79.960280544679648, 40.452150465056334 ], [ -79.9602615447983, 40.452185865092751 ], [ -79.960272944804885, 40.452189365071987 ], [ -79.960256090202918, 40.452220718944545 ], [ -79.960263844903665, 40.452219665090013 ], [ -79.96035364496197, 40.45224926492655 ], [ -79.960348665668064, 40.452258076232546 ], [ -79.960367144976559, 40.452255564902039 ], [ -79.960459245038365, 40.452286564734436 ], [ -79.960413945300814, 40.452364464820981 ] ] ], [ [ [ -79.960499946764429, 40.452840564684038 ], [ -79.9602885, 40.4528693 ], [ -79.9601691, 40.4528293 ], [ -79.960268282144014, 40.452656011986527 ], [ -79.9600822, 40.4526813 ], [ -79.9599991, 40.452653 ], [ -79.960002108107773, 40.452647863083754 ], [ -79.9599621, 40.4526533 ], [ -79.9599097, 40.4526354 ], [ -79.959920148152051, 40.45261753657104 ], [ -79.9599057, 40.4526195 ], [ -79.9598558, 40.4526025 ], [ -79.959875084471548, 40.45256941598592 ], [ -79.9598649, 40.4525708 ], [ -79.959808, 40.4525529 ], [ -79.959810082701566, 40.452549038536468 ], [ -79.9598008, 40.4525503 ], [ -79.9597289, 40.4525272 ], [ -79.95973349610577, 40.452518854448847 ], [ -79.9597155, 40.4525213 ], [ -79.959701492068206, 40.452516592421311 ], [ -79.959674546215226, 40.45256426618635 ], [ -79.959533279351845, 40.452583463245013 ], [ -79.959566046348712, 40.452593366386701 ], [ -79.959558404196841, 40.452608104939088 ], [ -79.959585761384318, 40.452604387321635 ], [ -79.959598, 40.4525834 ], [ -79.959809446132823, 40.452554665938422 ], [ -79.95986774617252, 40.452574465832321 ], [ -79.959842046320475, 40.452618365881392 ], [ -79.9596306, 40.4526471 ], [ -79.959625187767088, 40.452645258726598 ], [ -79.95961354655735, 40.452665566302706 ], [ -79.959428873320633, 40.452690661767825 ], [ -79.95942129785459, 40.452704249607287 ], [ -79.959461646720513, 40.45269876658287 ], [ -79.959503946747205, 40.452712466505851 ], [ -79.959491273526183, 40.452735243046128 ], [ -79.959504346813077, 40.452733466506039 ], [ -79.95955889709883, 40.452751903251411 ], [ -79.959560339019703, 40.45275170730681 ], [ -79.9595522, 40.4527491 ], [ -79.9595818, 40.4526952 ], [ -79.959793246490591, 40.452666465973046 ], [ -79.95983944651924, 40.452681265888934 ], [ -79.959809846700182, 40.45273516594559 ], [ -79.959686014400788, 40.45275199389615 ], [ -79.95969284680551, 40.452754266161087 ], [ -79.95969262030205, 40.452754640568827 ], [ -79.959725546779978, 40.452750166100934 ], [ -79.959764546805758, 40.452763166029925 ], [ -79.959735401200561, 40.452810017965454 ], [ -79.959860146862752, 40.45279306585585 ], [ -79.959981946945462, 40.452834365634189 ], [ -79.959966808197379, 40.452860419083635 ], [ -79.959980447022104, 40.452858565637996 ], [ -79.960038147061098, 40.452878065532985 ], [ -79.959976147421216, 40.452984965651417 ], [ -79.9597647, 40.4530137 ], [ -79.959707, 40.4529942 ], [ -79.959713651667428, 40.452982731256185 ], [ -79.9596999, 40.4529846 ], [ -79.9596186, 40.452957 ], [ -79.959578, 40.4529432 ], [ -79.959601371138973, 40.452903069131246 ], [ -79.9594731, 40.4529205 ], [ -79.9594305, 40.4529063 ], [ -79.959436615049356, 40.452896191997446 ], [ -79.9594108, 40.4528997 ], [ -79.9593732, 40.4528871 ], [ -79.959389196212825, 40.452857570487332 ], [ -79.9592992, 40.4528698 ], [ -79.9592514, 40.4528529 ], [ -79.9592418, 40.4528504 ], [ -79.959246380281513, 40.452842494319199 ], [ -79.9592353, 40.452844 ], [ -79.9591772, 40.4528251 ], [ -79.9590748, 40.4527918 ], [ -79.9589711, 40.4527581 ], [ -79.958997757480063, 40.452710265402906 ], [ -79.958854, 40.4527298 ], [ -79.958794929190958, 40.452711122662151 ], [ -79.958758300000014, 40.4527161 ], [ -79.958714, 40.4527002 ], [ -79.95873021329399, 40.452673985270451 ], [ -79.9586624, 40.4526832 ], [ -79.9586181, 40.4526673 ], [ -79.9586597, 40.4526002 ], [ -79.958871146548816, 40.452571467660732 ], [ -79.95891544658167, 40.452587367580144 ], [ -79.958899199923479, 40.452613573319447 ], [ -79.958966946615163, 40.452604367486387 ], [ -79.958979136681066, 40.452608760279929 ], [ -79.959025446586566, 40.452602467378981 ], [ -79.959105246634579, 40.452627567233662 ], [ -79.959092834020737, 40.452650490210495 ], [ -79.959212336736911, 40.452634251228375 ], [ -79.9591859, 40.4526257 ], [ -79.959192308967303, 40.4526141172555 ], [ -79.959163, 40.4526181 ], [ -79.9590775, 40.4525896 ], [ -79.9591032, 40.4525447 ], [ -79.959314646202671, 40.452515966844551 ], [ -79.959400046259233, 40.45254446668914 ], [ -79.959396232954276, 40.45255115491954 ], [ -79.959420813457044, 40.452547814663561 ], [ -79.9594345, 40.4525236 ], [ -79.959643138511822, 40.452495247754001 ], [ -79.959645153343942, 40.452491758200239 ], [ -79.9596316, 40.4524936 ], [ -79.9595632, 40.4524694 ], [ -79.959567588442454, 40.452462165265935 ], [ -79.9595482, 40.4524648 ], [ -79.959482, 40.4524412 ], [ -79.9595273, 40.4523672 ], [ -79.95973874548045, 40.452338466058656 ], [ -79.959784845514477, 40.452354965974799 ], [ -79.95980484552905, 40.452362065938409 ], [ -79.959801674453345, 40.452367257563338 ], [ -79.959820745531076, 40.452364665909343 ], [ -79.959889145580689, 40.452388865784911 ], [ -79.959885298703597, 40.452395207758208 ], [ -79.959896645592863, 40.452393665771361 ], [ -79.959969845641893, 40.452418265638137 ], [ -79.959966104226382, 40.452424745577872 ], [ -79.959982145650642, 40.452422565615755 ], [ -79.960054045695429, 40.452445665484852 ], [ -79.960052867987287, 40.452447803972817 ], [ -79.960061245695783, 40.452446665471683 ], [ -79.96011814573005, 40.452464565368082 ], [ -79.96010936649364, 40.452480842794934 ], [ -79.960228168596387, 40.452464697895273 ], [ -79.960277968647162, 40.452481597759352 ], [ -79.960238850270343, 40.452548901974296 ], [ -79.960256045934486, 40.452546565118645 ], [ -79.960339145991298, 40.452574864967417 ], [ -79.960300635327286, 40.452640629797308 ], [ -79.96048654606156, 40.452615364698751 ], [ -79.960606046140754, 40.452655264481244 ], [ -79.960499946764429, 40.452840564684038 ] ], [ [ -79.959366852920368, 40.452660591025491 ], [ -79.9593322, 40.4526653 ], [ -79.95932332405684, 40.452662630002855 ], [ -79.959320045777204, 40.452668511180107 ], [ -79.959360846646973, 40.452662966766248 ], [ -79.959364763721865, 40.452664235515357 ], [ -79.959366852920368, 40.452660591025491 ] ] ], [ [ [ -79.961033848326011, 40.45340296372909 ], [ -79.9608224, 40.4534317 ], [ -79.960781, 40.453396099999978 ], [ -79.960783895639253, 40.453394135919019 ], [ -79.9607665, 40.4533965 ], [ -79.9607198, 40.4533563 ], [ -79.960797646329809, 40.453303472498263 ], [ -79.9606569, 40.4533226 ], [ -79.9605872, 40.4532993 ], [ -79.9606578, 40.453175899999977 ], [ -79.960869247585464, 40.453147164019867 ], [ -79.960939047631683, 40.453170463892846 ], [ -79.960871265987663, 40.453288771019878 ], [ -79.961017747910603, 40.453268863752747 ], [ -79.961064548018882, 40.453309063668641 ], [ -79.96106402553751, 40.453309417824094 ], [ -79.96108134800609, 40.453307063637723 ], [ -79.96112264810202, 40.453342663563539 ], [ -79.961033848326011, 40.45340296372909 ] ] ], [ [ [ -79.9600948, 40.4539209 ], [ -79.960090532933521, 40.453919437237914 ], [ -79.9599922, 40.4539328 ], [ -79.9599355, 40.453913300000011 ], [ -79.9599451, 40.453897 ], [ -79.9598842, 40.453876 ], [ -79.959926333117593, 40.453804487965698 ], [ -79.9597305, 40.4538311 ], [ -79.959684625221186, 40.453808040390342 ], [ -79.9596209, 40.4538167 ], [ -79.9595917, 40.4538067 ], [ -79.959611376566443, 40.453773249845952 ], [ -79.9595801, 40.4537775 ], [ -79.9595143, 40.453755 ], [ -79.959529807719051, 40.453728556433319 ], [ -79.9594949, 40.4537333 ], [ -79.9594437, 40.4537157 ], [ -79.959502085509314, 40.453616360300202 ], [ -79.9592744, 40.4536473 ], [ -79.959217, 40.4536275 ], [ -79.95921752657523, 40.453626610348373 ], [ -79.9592073, 40.453628 ], [ -79.9591395, 40.4536047 ], [ -79.959145985240994, 40.45359434180088 ], [ -79.9591198, 40.4535979 ], [ -79.95906, 40.4535774 ], [ -79.959066211132537, 40.453567179065132 ], [ -79.9590403, 40.4535707 ], [ -79.9589696, 40.4535464 ], [ -79.958975614424347, 40.453536219402238 ], [ -79.95895, 40.4535397 ], [ -79.9588968, 40.4535214 ], [ -79.958902736768124, 40.453511216381337 ], [ -79.9588771, 40.4535147 ], [ -79.9587971, 40.4534872 ], [ -79.958803473659103, 40.453476957036131 ], [ -79.9587774, 40.4534805 ], [ -79.9587183, 40.4534602 ], [ -79.958724671350168, 40.45344985736665 ], [ -79.9586986, 40.4534534 ], [ -79.9586344, 40.4534314 ], [ -79.958640970592953, 40.453420742838347 ], [ -79.958617, 40.453424 ], [ -79.9585646, 40.4534061 ], [ -79.958565243139418, 40.45340500157134 ], [ -79.9585498, 40.4534071 ], [ -79.958497, 40.453389 ], [ -79.958500026428368, 40.453383867969976 ], [ -79.9584836, 40.4533861 ], [ -79.9584211, 40.4533646 ], [ -79.958424088950764, 40.453359546522755 ], [ -79.9584156, 40.4533607 ], [ -79.9583617, 40.4533423 ], [ -79.958362485133662, 40.453340952995859 ], [ -79.9583511, 40.4533425 ], [ -79.9582991, 40.453325 ], [ -79.958303371936594, 40.453317561812796 ], [ -79.9582869, 40.4533198 ], [ -79.9582189, 40.4532958 ], [ -79.9582709, 40.453209900000012 ], [ -79.958482348616272, 40.453181168400867 ], [ -79.958533274186806, 40.45319914203133 ], [ -79.958642610731971, 40.453184285194489 ], [ -79.958678710762058, 40.453196385112356 ], [ -79.958667656848277, 40.453215629247282 ], [ -79.9586686486536, 40.453215968060547 ], [ -79.958657890477099, 40.453234462585279 ], [ -79.958723348662616, 40.453225567960615 ], [ -79.95876454869132, 40.453239767885641 ], [ -79.958756746518361, 40.453252969949183 ], [ -79.958856848654321, 40.45323936771625 ], [ -79.958893248679544, 40.453251867650039 ], [ -79.958871219345554, 40.453289548398352 ], [ -79.959025373086106, 40.453268601258486 ], [ -79.959089573152582, 40.453290601083239 ], [ -79.959083263347267, 40.453300835400853 ], [ -79.959109273172743, 40.453297301029473 ], [ -79.959168973234796, 40.453317800866508 ], [ -79.959127773005875, 40.453384032060065 ], [ -79.959175348965601, 40.453377567137956 ], [ -79.959216048993866, 40.453391567063889 ], [ -79.959207149045099, 40.453406767080878 ], [ -79.959220249054184, 40.453411267057042 ], [ -79.959214237061374, 40.453421460946231 ], [ -79.959239949067609, 40.453417967021196 ], [ -79.959282449910731, 40.453432585816614 ], [ -79.959347349044293, 40.453423766824379 ], [ -79.959409149087023, 40.453444966711942 ], [ -79.9593998895418, 40.453459729808607 ], [ -79.959437149106677, 40.453454666660996 ], [ -79.959487892468587, 40.4534721229602 ], [ -79.959595749054088, 40.453457466370111 ], [ -79.959644249090658, 40.453475066281882 ], [ -79.959633772379405, 40.453491954589673 ], [ -79.959653873807369, 40.453498899543867 ], [ -79.959595517101306, 40.453597535575931 ], [ -79.959634333418677, 40.453592260827364 ], [ -79.9596738, 40.4535465 ], [ -79.959885249131631, 40.453517765841568 ], [ -79.959949949209076, 40.45355036572429 ], [ -79.959903549396202, 40.453604165811775 ], [ -79.95985908793098, 40.453610207783882 ], [ -79.959822415566023, 40.453672604415239 ], [ -79.959833949650786, 40.453676565942658 ], [ -79.959819023817332, 40.453701982296771 ], [ -79.95996484961772, 40.45368216570273 ], [ -79.960021149685218, 40.453710565600673 ], [ -79.959978981026524, 40.453759443224776 ], [ -79.96016204970617, 40.453734565343204 ], [ -79.96026767935318, 40.453770942690355 ], [ -79.9602889, 40.4537566 ], [ -79.96050034955411, 40.453727864722183 ], [ -79.960562949699366, 40.453781764609694 ], [ -79.960524349796373, 40.453807864681671 ], [ -79.960341122447701, 40.453832764687874 ], [ -79.960306250145862, 40.453892165085527 ], [ -79.9600948, 40.4539209 ] ] ], [ [ [ -79.960386198858018, 40.454156453560991 ], [ -79.9603498, 40.4541614 ], [ -79.9602998, 40.4541183 ], [ -79.9603932, 40.454055 ], [ -79.960604650451984, 40.454026264543892 ], [ -79.960676650619376, 40.45408836441451 ], [ -79.960657129682929, 40.454101592866266 ], [ -79.960758150586244, 40.454087864264949 ], [ -79.960829550757026, 40.454150964136709 ], [ -79.960733950992747, 40.454214164314891 ], [ -79.9605225, 40.4542429 ], [ -79.9604511, 40.4541798 ], [ -79.960494835341436, 40.454150887121301 ], [ -79.9603954, 40.4541644 ], [ -79.960386198858018, 40.454156453560991 ] ] ], [ [ [ -79.959532154331626, 40.437066651347799 ], [ -79.959439254524398, 40.437133751483202 ], [ -79.959410512192946, 40.43713765828322 ], [ -79.959373254619919, 40.437164551578832 ], [ -79.9592081, 40.437187 ], [ -79.95914334075448, 40.437134978685798 ], [ -79.959127595621382, 40.437145877126795 ], [ -79.959275316880706, 40.437264072478108 ], [ -79.959232017006585, 40.437295372566503 ], [ -79.959188517133569, 40.437326972655256 ], [ -79.959151017242561, 40.437354072731793 ], [ -79.959111217358696, 40.437382972813047 ], [ -79.95906791748493, 40.437414372901408 ], [ -79.958927255463976, 40.437433491753033 ], [ -79.958937893246784, 40.437441931298828 ], [ -79.958920289750353, 40.437454760183904 ], [ -79.95896725554941, 40.437493252171897 ], [ -79.958842455804088, 40.437581652353757 ], [ -79.958819215931797, 40.437584811085891 ], [ -79.958815755825924, 40.437587252392227 ], [ -79.958650600000013, 40.4376097 ], [ -79.9585996, 40.437568 ], [ -79.9586151, 40.437557 ], [ -79.9586083, 40.4375514 ], [ -79.958614353774379, 40.43754710940928 ], [ -79.9585769, 40.4375522 ], [ -79.9585249, 40.4375103 ], [ -79.9585421, 40.4374979 ], [ -79.9585352, 40.4374924 ], [ -79.958580916649098, 40.437459528239799 ], [ -79.9585127, 40.4374688 ], [ -79.958486847515999, 40.43744845494227 ], [ -79.9584512, 40.4374533 ], [ -79.9584168, 40.437426299999984 ], [ -79.958448150197142, 40.4374032292327 ], [ -79.9584285, 40.4374059 ], [ -79.9583588, 40.4373495 ], [ -79.958374376241451, 40.437338363592239 ], [ -79.9583513, 40.4373415 ], [ -79.9582826, 40.4372876 ], [ -79.958294808451157, 40.437278576773437 ], [ -79.958263, 40.4372829 ], [ -79.958245645398279, 40.437268922086631 ], [ -79.9582333, 40.4372706 ], [ -79.9581925, 40.4372377 ], [ -79.958200204430426, 40.437232157811259 ], [ -79.9581815, 40.437234699999983 ], [ -79.9581151, 40.4371811 ], [ -79.958137668320106, 40.437164870655451 ], [ -79.9581014, 40.4371698 ], [ -79.9580633, 40.437139 ], [ -79.9580302, 40.4371123 ], [ -79.9579913, 40.437080700000017 ], [ -79.958015996785747, 40.437063068909382 ], [ -79.957965, 40.43707 ], [ -79.9578969, 40.4370154 ], [ -79.957916936410868, 40.437000908861521 ], [ -79.9578964, 40.4370037 ], [ -79.9578394, 40.4369577 ], [ -79.9578604, 40.4369426 ], [ -79.9578526, 40.4369362 ], [ -79.957862814111706, 40.43692887533787 ], [ -79.9578126, 40.4369357 ], [ -79.95774440000001, 40.436880200000012 ], [ -79.9577627, 40.4368672 ], [ -79.957758, 40.4368634 ], [ -79.957789692460722, 40.43684082194568 ], [ -79.9577435, 40.4368471 ], [ -79.9576683, 40.4367874 ], [ -79.9577145, 40.4367537 ], [ -79.95772903953771, 40.436751723922647 ], [ -79.9577271, 40.4367502 ], [ -79.9577428, 40.4367387 ], [ -79.957767213938055, 40.43673538187884 ], [ -79.9578053, 40.4367075 ], [ -79.95797045386692, 40.436685053572575 ], [ -79.957994760412006, 40.436704373030238 ], [ -79.958024492320249, 40.436700332068909 ], [ -79.95807859237523, 40.436744332023295 ], [ -79.958031453058368, 40.436777844601785 ], [ -79.958045119094933, 40.4367889733808 ], [ -79.958116792419716, 40.436779231991167 ], [ -79.958147692452258, 40.436805131965137 ], [ -79.958087792524239, 40.436846632017499 ], [ -79.958081263597606, 40.436847519387634 ], [ -79.958078137899975, 40.436849740543373 ], [ -79.958131754204516, 40.436842453346827 ], [ -79.958156310194013, 40.436862295084907 ], [ -79.958212692513371, 40.436854631910258 ], [ -79.958275192575812, 40.43690473185756 ], [ -79.95821369265235, 40.436949131911355 ], [ -79.958188332938022, 40.436952578662734 ], [ -79.958204248109922, 40.436965290095841 ], [ -79.95827302354391, 40.436955942499644 ], [ -79.958294523573059, 40.436973442475463 ], [ -79.958261623627152, 40.436996942513836 ], [ -79.958266652604323, 40.4370010177092 ], [ -79.958323123605226, 40.436993342443238 ], [ -79.958346423636314, 40.437012042417045 ], [ -79.958371623670089, 40.437032342388719 ], [ -79.958337323727065, 40.437057142428699 ], [ -79.958350123744196, 40.437067442414317 ], [ -79.958341534000738, 40.437073660064812 ], [ -79.958390223733716, 40.437067042368341 ], [ -79.958446723809587, 40.43711264230479 ], [ -79.95842122769713, 40.437130940596333 ], [ -79.958487354783074, 40.437121952846859 ], [ -79.958497166538038, 40.437129865527467 ], [ -79.958536254774671, 40.437124552776879 ], [ -79.95857435483876, 40.437155352723309 ], [ -79.958555515866422, 40.437168895735368 ], [ -79.958583054860185, 40.437165152711202 ], [ -79.958598395716749, 40.437177220811954 ], [ -79.958616554873629, 40.437174752663552 ], [ -79.958662654948299, 40.437210852598717 ], [ -79.958643085497144, 40.437225335689313 ], [ -79.958671654971596, 40.437221452586179 ], [ -79.958715755045887, 40.43725715252419 ], [ -79.958705455066934, 40.437264452539225 ], [ -79.958731055109993, 40.437285152503222 ], [ -79.958722393253552, 40.437291349488859 ], [ -79.958782186639382, 40.437283222454909 ], [ -79.9587866, 40.43728 ], [ -79.958816, 40.437258499999984 ], [ -79.958858983227543, 40.43725265774367 ], [ -79.9588189, 40.4372209 ], [ -79.958844700000014, 40.437202 ], [ -79.958888, 40.4371706 ], [ -79.958998759732552, 40.437155545471477 ], [ -79.9589623, 40.437125 ], [ -79.9590368, 40.4370735 ], [ -79.959115122220197, 40.437062854288129 ], [ -79.959094, 40.4370455 ], [ -79.959117, 40.4370293 ], [ -79.959088355762773, 40.437005779807428 ], [ -79.959072858705554, 40.437007886201002 ], [ -79.959094592605297, 40.437025631155542 ], [ -79.959018792698132, 40.437079331221824 ], [ -79.9589197, 40.4370928 ], [ -79.9588614, 40.4370452 ], [ -79.9589372, 40.4369915 ], [ -79.959017924930833, 40.436980527763062 ], [ -79.9590089, 40.4369733 ], [ -79.9590293, 40.4369586 ], [ -79.9589837, 40.4369221 ], [ -79.959003956564743, 40.436907438949888 ], [ -79.9589601, 40.4369134 ], [ -79.9589322, 40.4368911 ], [ -79.9589479, 40.4368805 ], [ -79.958923001301315, 40.436860143638349 ], [ -79.958897363863386, 40.436863628303712 ], [ -79.958917492423296, 40.436880231304819 ], [ -79.958893426986933, 40.436897136318755 ], [ -79.958902292449181, 40.436895931318212 ], [ -79.958955892503653, 40.43693953127304 ], [ -79.958897592575511, 40.436981131324004 ], [ -79.958798500000015, 40.4369946 ], [ -79.9587448, 40.436951 ], [ -79.958750877112806, 40.436946671101559 ], [ -79.9587411, 40.436948 ], [ -79.958674300000013, 40.4368929 ], [ -79.9587516, 40.4368386 ], [ -79.958805180516507, 40.436831317344158 ], [ -79.9588483, 40.4368003 ], [ -79.9588027, 40.4367635 ], [ -79.958817260658151, 40.436753043260858 ], [ -79.9587933, 40.436756299999985 ], [ -79.9587026, 40.4366838 ], [ -79.958722998089698, 40.436669022038345 ], [ -79.9585922, 40.4366868 ], [ -79.9585202, 40.436628899999988 ], [ -79.958541617674328, 40.436613476383201 ], [ -79.9585076, 40.4366181 ], [ -79.9584385, 40.4365635 ], [ -79.9585838, 40.436457 ], [ -79.958748953016894, 40.436434552448404 ], [ -79.958818053129761, 40.43648905235127 ], [ -79.958795006762514, 40.436505960526809 ], [ -79.958831853154777, 40.436500952331912 ], [ -79.958903953275126, 40.436558852230576 ], [ -79.958828640734382, 40.436613050833266 ], [ -79.958958853348108, 40.436595352153162 ], [ -79.959049553498659, 40.436667852025671 ], [ -79.959031795830541, 40.436680717144753 ], [ -79.959056553519844, 40.43667735201597 ], [ -79.959146753671263, 40.436750151889214 ], [ -79.95912509046228, 40.436765679918246 ], [ -79.95915325369802, 40.436761851880284 ], [ -79.959232453833394, 40.436826751769011 ], [ -79.959220861740079, 40.436834959453272 ], [ -79.959242253843428, 40.436832051755175 ], [ -79.959334053996329, 40.436905651626141 ], [ -79.959319719340698, 40.436916005892385 ], [ -79.959341454012247, 40.436913051615797 ], [ -79.959433754170419, 40.436988851486134 ], [ -79.959425186791876, 40.436994899516527 ], [ -79.959440254178247, 40.436992851476951 ], [ -79.959532154331626, 40.437066651347799 ] ], [ [ -79.959162192711446, 40.437106031099084 ], [ -79.959170225561863, 40.437112750873851 ], [ -79.9591966, 40.4370937 ], [ -79.959189825584815, 40.437088299417958 ], [ -79.959172441329343, 40.437090662336011 ], [ -79.959177892692693, 40.437095231085365 ], [ -79.959162192711446, 40.437106031099084 ] ], [ [ -79.958781168209427, 40.437401065159357 ], [ -79.95876112982981, 40.437384922786244 ], [ -79.958729778654686, 40.437408049944281 ], [ -79.958781168209427, 40.437401065159357 ] ] ], [ [ [ -79.9592511, 40.447515 ], [ -79.9593446, 40.4472949 ], [ -79.9592042, 40.4472604 ], [ -79.9592656, 40.447115799999985 ], [ -79.959311052895032, 40.447109622883069 ], [ -79.9593145, 40.4471015 ], [ -79.959527214869169, 40.447072591464988 ], [ -79.9595402, 40.447042 ], [ -79.959634195532814, 40.447029225598577 ], [ -79.9596656, 40.4469553 ], [ -79.9595854, 40.4469356 ], [ -79.9596206, 40.4468527 ], [ -79.960066580965659, 40.446792088016011 ], [ -79.960292581149801, 40.446847687146558 ], [ -79.960257981717746, 40.446929087287984 ], [ -79.960211059568806, 40.44693546449389 ], [ -79.960171882441102, 40.447027587630288 ], [ -79.960211982474007, 40.447037487476017 ], [ -79.960177283044018, 40.447119187617872 ], [ -79.960041657159053, 40.447137620369304 ], [ -79.960034283398116, 40.447154988174567 ], [ -79.960116883465304, 40.447175287856801 ], [ -79.959979585341713, 40.44744138841272 ], [ -79.959903154802632, 40.447451775826792 ], [ -79.959891785659366, 40.447478488755941 ], [ -79.959853672148313, 40.447483668607042 ], [ -79.959850085783572, 40.447492088918558 ], [ -79.9594041, 40.4475527 ], [ -79.9592511, 40.447515 ] ] ], [ [ [ -79.959843134476102, 40.448850965714172 ], [ -79.9596317, 40.4488797 ], [ -79.959426600000015, 40.4488407 ], [ -79.9594753, 40.4486913 ], [ -79.95968673394438, 40.448662565992848 ], [ -79.959725933952484, 40.448669965921255 ], [ -79.959712734085215, 40.448710565947238 ], [ -79.959878634120045, 40.448742065644275 ], [ -79.959843134476102, 40.448850965714172 ] ] ], [ [ [ -79.959556516645421, 40.450317559170564 ], [ -79.9594348, 40.4503341 ], [ -79.9593247, 40.4503161 ], [ -79.9593372, 40.4502715 ], [ -79.959548638965359, 40.450242766315512 ], [ -79.959658738979329, 40.450260766114305 ], [ -79.959648805480384, 40.450296209274804 ], [ -79.9597705389955, 40.450279665910017 ], [ -79.959906939012797, 40.450301965660742 ], [ -79.959895939139969, 40.450341065682643 ], [ -79.9596845, 40.4503698 ], [ -79.9595481, 40.450347399999984 ], [ -79.959556516645421, 40.450317559170564 ] ] ], [ [ [ -79.9584861, 40.4505108 ], [ -79.9584062, 40.4504838 ], [ -79.958406394701129, 40.450483464231098 ], [ -79.9583686, 40.450488599999979 ], [ -79.9582893, 40.4504618 ], [ -79.958332479529702, 40.450387435304492 ], [ -79.958293, 40.4503928 ], [ -79.9581512, 40.4503448 ], [ -79.958190900000019, 40.4502764 ], [ -79.958402339424396, 40.450247668418854 ], [ -79.958544139520413, 40.450295668160798 ], [ -79.958527849795672, 40.450323734297442 ], [ -79.9585673395828, 40.450318368119227 ], [ -79.958646639636385, 40.450345167974923 ], [ -79.958623107844829, 40.450385695279493 ], [ -79.958660839742151, 40.450380567950404 ], [ -79.958740739796411, 40.450407667805017 ], [ -79.958715349370522, 40.450451396085299 ], [ -79.958868499800687, 40.450430584525336 ], [ -79.958907653196903, 40.450443797355952 ], [ -79.9589208, 40.4504209 ], [ -79.959036366887148, 40.450405195455161 ], [ -79.9590379, 40.4504026 ], [ -79.95924933949334, 40.4503738668704 ], [ -79.959304290368124, 40.450392744440073 ], [ -79.959365939481231, 40.45038436665692 ], [ -79.959494039566522, 40.450427266423787 ], [ -79.95959571817373, 40.450461330271594 ], [ -79.959669039574536, 40.450451366103792 ], [ -79.959758539636738, 40.450482165940926 ], [ -79.959691240020547, 40.450595966069379 ], [ -79.959681040078905, 40.450613266088865 ], [ -79.95946960000002, 40.450642 ], [ -79.9593802, 40.4506109 ], [ -79.959409276640585, 40.450561762798635 ], [ -79.9593597, 40.4505685 ], [ -79.959211600000017, 40.4505189 ], [ -79.959202347451523, 40.45051580957611 ], [ -79.95912, 40.450527 ], [ -79.95910133196135, 40.450520801347032 ], [ -79.959090871189815, 40.45053883259169 ], [ -79.95912140008744, 40.450534683951041 ], [ -79.959177100134752, 40.450553583824345 ], [ -79.959172033765938, 40.450562299548295 ], [ -79.959206000136888, 40.450557683758291 ], [ -79.959250300174403, 40.450572683657512 ], [ -79.959225565468842, 40.450615292435593 ], [ -79.95923164025659, 40.450614466913414 ], [ -79.959478540423532, 40.450697966464098 ], [ -79.959439240652515, 40.450765966539201 ], [ -79.9592278, 40.4507947 ], [ -79.959129, 40.450761299999989 ], [ -79.9589809, 40.4507112 ], [ -79.958988488094164, 40.450698070485231 ], [ -79.9589294, 40.4507061 ], [ -79.9588851, 40.4506911 ], [ -79.958892139054598, 40.450678974437366 ], [ -79.9588581, 40.450683599999984 ], [ -79.9588025, 40.4506648 ], [ -79.958814471649603, 40.450644145640901 ], [ -79.9587839, 40.4506483 ], [ -79.9587272, 40.4506291 ], [ -79.958734932945987, 40.450615795868302 ], [ -79.9586959, 40.4506211 ], [ -79.9586321, 40.45059950000001 ], [ -79.958638600782194, 40.450588295725055 ], [ -79.9586187, 40.450591 ], [ -79.9585462, 40.4505664 ], [ -79.958586392745758, 40.45049717149579 ], [ -79.9584861, 40.4505108 ] ], [ [ -79.959056254165887, 40.450505369612785 ], [ -79.959094192347493, 40.450518239003756 ], [ -79.959105405462282, 40.450498690339721 ], [ -79.959056254165887, 40.450505369612785 ] ], [ [ -79.959035848960397, 40.45050270049645 ], [ -79.958988433347571, 40.450486411456154 ], [ -79.958981649314509, 40.45048733334712 ], [ -79.959011199994166, 40.450497384201725 ], [ -79.959005734954744, 40.450506792735702 ], [ -79.959035848960397, 40.45050270049645 ] ], [ [ -79.958930198669691, 40.450473847356868 ], [ -79.958927565416602, 40.450478379677648 ], [ -79.958939087039468, 40.450476813994626 ], [ -79.958930198669691, 40.450473847356868 ] ] ], [ [ [ -79.95922414132869, 40.450954566942109 ], [ -79.959297641378228, 40.450979366808362 ], [ -79.959284438237702, 40.451002196996953 ], [ -79.959327341420178, 40.450996366754595 ], [ -79.959411341476965, 40.451024766601734 ], [ -79.959363241757131, 40.451107966693627 ], [ -79.9591518, 40.4511367 ], [ -79.959089694509345, 40.451115702437491 ], [ -79.959079846655243, 40.45113276240874 ], [ -79.959117341914236, 40.451127667145663 ], [ -79.959168941948974, 40.451145067051741 ], [ -79.95914184210659, 40.451191867103503 ], [ -79.959076951577885, 40.451200685130118 ], [ -79.95906558395329, 40.45122031385165 ], [ -79.959127742174928, 40.451211867130276 ], [ -79.959205042227069, 40.451237966989588 ], [ -79.959155642514361, 40.451323267083964 ], [ -79.9589442, 40.451352 ], [ -79.9588669, 40.4513259 ], [ -79.958883258549562, 40.45129765338158 ], [ -79.9588211, 40.4513061 ], [ -79.9587586, 40.451285 ], [ -79.958775856080322, 40.451255168086611 ], [ -79.958693200000013, 40.4512664 ], [ -79.958582, 40.4512289 ], [ -79.958601759852968, 40.451194750192293 ], [ -79.9585462, 40.4512023 ], [ -79.958489, 40.4511829 ], [ -79.9584448, 40.4511679 ], [ -79.95844723195485, 40.45116371911277 ], [ -79.9584172, 40.4511678 ], [ -79.9583358, 40.4511403 ], [ -79.9583892, 40.451048 ], [ -79.958600641773401, 40.451019268088892 ], [ -79.958626752136169, 40.451028089112576 ], [ -79.958646355200912, 40.450994215014845 ], [ -79.9585324, 40.451009699999986 ], [ -79.95846345229171, 40.450986387279016 ], [ -79.958437041876948, 40.45103206838963 ], [ -79.9582256, 40.4510608 ], [ -79.9581313, 40.451029 ], [ -79.958143778988187, 40.451007379441108 ], [ -79.958098, 40.4510136 ], [ -79.957998879356808, 40.450980040194608 ], [ -79.9578932, 40.450994400000013 ], [ -79.957726, 40.4509351 ], [ -79.9577876, 40.4508336 ], [ -79.957835413740256, 40.450827103066963 ], [ -79.9578106, 40.4508187 ], [ -79.9578614, 40.4507309 ], [ -79.957923415662307, 40.45072247325011 ], [ -79.9578724, 40.45070410000001 ], [ -79.9579168, 40.4506321 ], [ -79.958075380502663, 40.450610551739523 ], [ -79.958178980560774, 40.450647951598178 ], [ -79.958157280649829, 40.450683051629206 ], [ -79.958192029369698, 40.450695573101285 ], [ -79.958212920426917, 40.450692734344322 ], [ -79.95834112047018, 40.450736034227653 ], [ -79.958331889442107, 40.450751999823972 ], [ -79.958508740893166, 40.450727968244735 ], [ -79.958600840955327, 40.450759068077119 ], [ -79.958589426274528, 40.450778791927647 ], [ -79.958629340989219, 40.450773368025452 ], [ -79.958708141042351, 40.450799967882048 ], [ -79.958687030763272, 40.450836359754192 ], [ -79.958764241102088, 40.450825867780253 ], [ -79.958841241154005, 40.450851867640125 ], [ -79.958834749089831, 40.450863074895203 ], [ -79.958874541159361, 40.450857667579285 ], [ -79.958951041211179, 40.450883567440059 ], [ -79.958938314756082, 40.450905543529117 ], [ -79.959005841230223, 40.450896367340071 ], [ -79.959071541274568, 40.450918567220505 ], [ -79.959054154330204, 40.450948639764867 ], [ -79.959127541316107, 40.450938667118649 ], [ -79.959188330224094, 40.450959433392228 ], [ -79.95922414132869, 40.450954566942109 ] ], [ [ -79.958802941816472, 40.451057867719442 ], [ -79.9587863419125, 40.451086367751145 ], [ -79.958800177024742, 40.451091104745217 ], [ -79.958821715889115, 40.451053800320786 ], [ -79.958799760360975, 40.451056783823688 ], [ -79.958802941816472, 40.451057867719442 ] ], [ [ -79.958749657703748, 40.450970910306772 ], [ -79.958745585027685, 40.450977952993469 ], [ -79.95876531831351, 40.450975271473936 ], [ -79.958769401401241, 40.450968227371384 ], [ -79.958749657703748, 40.450970910306772 ] ], [ [ -79.957991620685235, 40.450829834550341 ], [ -79.957942179310919, 40.450836552714613 ], [ -79.958060620748455, 40.450878534488105 ], [ -79.958042274856496, 40.450908714658659 ], [ -79.958134120762054, 40.450896234421073 ], [ -79.95824222079851, 40.45093273432272 ], [ -79.958225714675493, 40.450961245015591 ], [ -79.958342257855207, 40.450945408663877 ], [ -79.9583236, 40.4509391 ], [ -79.9583513, 40.4508912 ], [ -79.958411984029297, 40.450882953950405 ], [ -79.958384886466135, 40.450873795174566 ], [ -79.9582281, 40.4508951 ], [ -79.9581893, 40.4508822 ], [ -79.958207942529526, 40.450849591599173 ], [ -79.9581755, 40.450854 ], [ -79.9581099, 40.4508318 ], [ -79.9581206, 40.4508133 ], [ -79.958058, 40.4507922 ], [ -79.958078806478014, 40.450756211588825 ], [ -79.958034, 40.4507623 ], [ -79.958031292290215, 40.45076132482501 ], [ -79.957991620685235, 40.450829834550341 ] ] ], [ [ [ -79.959738042057879, 40.451249766012197 ], [ -79.9595266, 40.4512785 ], [ -79.9594418, 40.4512499 ], [ -79.9595004, 40.4511488 ], [ -79.959711841660251, 40.451120066054571 ], [ -79.959796541717381, 40.451148665900426 ], [ -79.959738042057879, 40.451249766012197 ] ] ], [ [ [ -79.9593219, 40.45147450000001 ], [ -79.9593762, 40.4513806 ], [ -79.959640503019429, 40.451344682804965 ], [ -79.959729103094077, 40.451374582603407 ], [ -79.959725248535221, 40.451381248289209 ], [ -79.95975672122664, 40.451391532943433 ], [ -79.959696421407628, 40.451499233001101 ], [ -79.9595907, 40.4515136 ], [ -79.95951789396446, 40.451489805878879 ], [ -79.9594105, 40.4515044 ], [ -79.9593219, 40.45147450000001 ] ] ], [ [ [ -79.959449338261464, 40.451660044885585 ], [ -79.959544843381721, 40.451647066384091 ], [ -79.959907243634149, 40.451771965724653 ], [ -79.959902311118995, 40.451780315415306 ], [ -79.959951243622442, 40.451773665644019 ], [ -79.960021643670657, 40.45179766551589 ], [ -79.960005279046783, 40.451825788135032 ], [ -79.960087004650475, 40.451814681806688 ], [ -79.960153204706856, 40.451837181656124 ], [ -79.960082905215231, 40.451957881823972 ], [ -79.960057177393125, 40.451961378175447 ], [ -79.96003672212349, 40.451996532699823 ], [ -79.959931, 40.4520109 ], [ -79.959862913461464, 40.451987777996919 ], [ -79.959837551252974, 40.451991224610907 ], [ -79.959832544379594, 40.451999865871706 ], [ -79.959621100000021, 40.4520286 ], [ -79.9595882, 40.4520175 ], [ -79.959614, 40.4519728 ], [ -79.959641129761522, 40.451969113236039 ], [ -79.9596269, 40.4519644 ], [ -79.9596514, 40.4519211 ], [ -79.959757948019629, 40.451906620707362 ], [ -79.959734830529655, 40.451898772587498 ], [ -79.9596294, 40.4519131 ], [ -79.959573700000021, 40.4518939 ], [ -79.9595923, 40.4518625 ], [ -79.959577517897046, 40.451857413688664 ], [ -79.9595239, 40.4518647 ], [ -79.9594718, 40.4518468 ], [ -79.959481656018909, 40.451830099527385 ], [ -79.9594375, 40.451836099999987 ], [ -79.959386400000014, 40.4518185 ], [ -79.959396500611206, 40.45180136207874 ], [ -79.959364854944482, 40.451805662467883 ], [ -79.959279044448238, 40.451953566885209 ], [ -79.959292944457616, 40.451958266859911 ], [ -79.959281044526392, 40.451978666882646 ], [ -79.9590696, 40.4520074 ], [ -79.9589473, 40.451966 ], [ -79.9589843, 40.4519024 ], [ -79.959020479317914, 40.451840028686057 ], [ -79.958995444336026, 40.45188296740244 ], [ -79.958784, 40.451911699999989 ], [ -79.9586725, 40.4518741 ], [ -79.9586959, 40.4518339 ], [ -79.95870785521457, 40.451832275456646 ], [ -79.958741416504921, 40.451774725697021 ], [ -79.958512, 40.4518059 ], [ -79.958446, 40.4517836 ], [ -79.9585365, 40.4516273 ], [ -79.958852425735813, 40.451584370053737 ], [ -79.9588811, 40.4515352 ], [ -79.95909254311475, 40.451506467207786 ], [ -79.95919484318361, 40.451540967021579 ], [ -79.959169881649359, 40.451583780192244 ], [ -79.959380443156434, 40.451555166681686 ], [ -79.959500843238104, 40.451595966462591 ], [ -79.959487043317637, 40.45161956648893 ], [ -79.959471605505797, 40.451621664382088 ], [ -79.959471605505783, 40.451621664382088 ], [ -79.959449338261464, 40.451660044885585 ] ] ], [ [ [ -79.958823845125892, 40.452113067727375 ], [ -79.9586124, 40.4521418 ], [ -79.958565, 40.4521256 ], [ -79.958575635000628, 40.45210739854393 ], [ -79.9585403, 40.4521122 ], [ -79.9584831, 40.4520927 ], [ -79.9585113796618, 40.45204433862326 ], [ -79.958427661882496, 40.452055714462837 ], [ -79.958398945285907, 40.452111668506923 ], [ -79.9581875, 40.4521404 ], [ -79.958148617912897, 40.452128778102889 ], [ -79.958140045486076, 40.452143468983337 ], [ -79.957979174048148, 40.452165328082756 ], [ -79.958069707126882, 40.452196486454234 ], [ -79.958048961334839, 40.452231670535582 ], [ -79.958079145774065, 40.452227569098781 ], [ -79.958155345827265, 40.452253868960121 ], [ -79.958139659932343, 40.452280426475163 ], [ -79.958157745902113, 40.452277968956778 ], [ -79.9582082459373, 40.452295368864881 ], [ -79.958177870938627, 40.452346844418663 ], [ -79.958305746006744, 40.452329468687488 ], [ -79.958373546054077, 40.45235286856412 ], [ -79.958366046096927, 40.452365568578436 ], [ -79.958357765347188, 40.452379607887245 ], [ -79.958515546015803, 40.45235816830381 ], [ -79.958533646028286, 40.452364368270885 ], [ -79.958659546114433, 40.452407268041753 ], [ -79.958642546212204, 40.452436268074223 ], [ -79.958587614285335, 40.452443732423752 ], [ -79.958632146287925, 40.452459068094306 ], [ -79.958614346389751, 40.452489268128282 ], [ -79.958563042915088, 40.452496239412447 ], [ -79.95859944645683, 40.452508768156484 ], [ -79.958578746575213, 40.452543868196003 ], [ -79.9583673, 40.4525726 ], [ -79.9582318, 40.452526 ], [ -79.9582526, 40.4524909 ], [ -79.958303947072523, 40.452483922933283 ], [ -79.9582882, 40.4524785 ], [ -79.958306, 40.4524483 ], [ -79.958360466078503, 40.452440899089218 ], [ -79.958317914695883, 40.452426380156915 ], [ -79.9581198, 40.4524533 ], [ -79.9580704, 40.4524363 ], [ -79.9580818, 40.4524169 ], [ -79.9580634, 40.4524106 ], [ -79.958085381679069, 40.452373323634575 ], [ -79.9579575, 40.4523907 ], [ -79.957907, 40.4523733 ], [ -79.95791152144939, 40.45236563770402 ], [ -79.9578934, 40.4523681 ], [ -79.9578172, 40.4523418 ], [ -79.957829174916057, 40.452321525659293 ], [ -79.9577462, 40.4523328 ], [ -79.9576416, 40.4522968 ], [ -79.957655635156996, 40.452272997162886 ], [ -79.9576144, 40.4522786 ], [ -79.957524600000013, 40.4522477 ], [ -79.957529626814576, 40.452239184955708 ], [ -79.9574044, 40.4522562 ], [ -79.9573488, 40.4522372 ], [ -79.9574308, 40.4520969 ], [ -79.95764224544196, 40.452068169893401 ], [ -79.957689945474428, 40.452084369806578 ], [ -79.957680365292447, 40.452100800451262 ], [ -79.957740948171065, 40.452092568672633 ], [ -79.9577624, 40.4520562 ], [ -79.957973845185677, 40.452027469283202 ], [ -79.958023045219775, 40.452044369193651 ], [ -79.957992845392766, 40.452095669251307 ], [ -79.957894453831045, 40.452109038538062 ], [ -79.957904444737068, 40.452112480196242 ], [ -79.9579049, 40.4521117 ], [ -79.958116345305044, 40.452082969024175 ], [ -79.958157315216326, 40.452096958667852 ], [ -79.9581847, 40.4520436 ], [ -79.958346766500696, 40.452021578174126 ], [ -79.958355581993089, 40.452006512359937 ], [ -79.9581842, 40.4520298 ], [ -79.9581273, 40.4520116 ], [ -79.958133533169629, 40.452000230548002 ], [ -79.958108, 40.4520037 ], [ -79.958051, 40.4519857 ], [ -79.958079845297206, 40.451932353332168 ], [ -79.9579382, 40.4519516 ], [ -79.9578483, 40.4519222 ], [ -79.957863940082532, 40.451894404015484 ], [ -79.9578257, 40.4518996 ], [ -79.9577493, 40.4518731 ], [ -79.957750980350426, 40.451870275960012 ], [ -79.9577405, 40.4518717 ], [ -79.9576708, 40.4518466 ], [ -79.957684817882509, 40.451823811028163 ], [ -79.9576665, 40.4518263 ], [ -79.9576029, 40.4518028 ], [ -79.957643933858918, 40.451738061338084 ], [ -79.9575812305943, 40.451746581221563 ], [ -79.957585844457697, 40.451748169982821 ], [ -79.957531344768981, 40.451840470086864 ], [ -79.957443836669498, 40.451852360239961 ], [ -79.957454344847193, 40.451855870228812 ], [ -79.957442944914177, 40.451875770250602 ], [ -79.957510744958981, 40.451898370127196 ], [ -79.957488045092262, 40.451937970170604 ], [ -79.957397238552332, 40.451950308442726 ], [ -79.957405845172175, 40.451953270322079 ], [ -79.9573620454224, 40.45202747040571 ], [ -79.9571506, 40.4520562 ], [ -79.957055, 40.4520233 ], [ -79.9570988, 40.4519491 ], [ -79.957144036062957, 40.451942953712965 ], [ -79.9571029, 40.4519292 ], [ -79.9571468, 40.4518525 ], [ -79.957236147771056, 40.451840360117892 ], [ -79.9572049, 40.4518296 ], [ -79.9572594, 40.4517373 ], [ -79.957389005499607, 40.451719690022365 ], [ -79.9572322, 40.4516657 ], [ -79.9572922, 40.4515639 ], [ -79.95750364381982, 40.451535170124266 ], [ -79.957770944005645, 40.451627169637881 ], [ -79.957719327072908, 40.45171460126776 ], [ -79.957864544182286, 40.451694869469129 ], [ -79.957928144231559, 40.451718369353458 ], [ -79.957918121396332, 40.451734182393437 ], [ -79.957935144271289, 40.451731869341224 ], [ -79.957990574297753, 40.451751801804505 ], [ -79.958018044290142, 40.451748069189797 ], [ -79.958094344343621, 40.451774469050982 ], [ -79.958087396476998, 40.45178617848908 ], [ -79.958109544365087, 40.451783169023486 ], [ -79.958221644437103, 40.45181986881942 ], [ -79.958196436634992, 40.451864668511135 ], [ -79.958321544485869, 40.451847668637342 ], [ -79.958378544520073, 40.451865568533542 ], [ -79.958371476964771, 40.451878651399518 ], [ -79.958397844542461, 40.451875068498545 ], [ -79.958454744577665, 40.451893268394976 ], [ -79.958421660786954, 40.45195361460506 ], [ -79.958594944639103, 40.451930068139326 ], [ -79.958649644676726, 40.451948768039799 ], [ -79.958617140389279, 40.452004432875491 ], [ -79.958739044765068, 40.451987867877484 ], [ -79.958794053778107, 40.45200655734245 ], [ -79.958832244771443, 40.452001367707084 ], [ -79.958879644804043, 40.452017567620828 ], [ -79.958823845125892, 40.452113067727375 ] ], [ [ -79.957914453318665, 40.452167369428871 ], [ -79.957881186367743, 40.452156009979731 ], [ -79.957871008153859, 40.452173272661483 ], [ -79.957914453318665, 40.452167369428871 ] ] ], [ [ [ -79.959215184109354, 40.452280450226056 ], [ -79.9590566, 40.452302 ], [ -79.9589673, 40.45227160000001 ], [ -79.9590074, 40.4522028 ], [ -79.959165983889733, 40.452181250290494 ], [ -79.959255283935491, 40.452211650168621 ], [ -79.959215184109354, 40.452280450226056 ] ] ], [ [ [ -79.9589089, 40.4523491 ], [ -79.959120345662896, 40.452320367192485 ], [ -79.959241545755262, 40.452364666972052 ], [ -79.959211245909742, 40.452410067029632 ], [ -79.9589998, 40.4524388 ], [ -79.9588802, 40.452392799999984 ], [ -79.9589089, 40.4523491 ] ] ], [ [ [ -79.958920447422031, 40.452855267582734 ], [ -79.958981247463896, 40.45287606747209 ], [ -79.958943257740742, 40.45294096439887 ], [ -79.95911764754068, 40.452917267223619 ], [ -79.959195247592675, 40.452943367082383 ], [ -79.959121848021653, 40.453070767222641 ], [ -79.9589104, 40.4530995 ], [ -79.9588328, 40.4530735 ], [ -79.958885273193872, 40.45298235111494 ], [ -79.958827493002488, 40.452990202551099 ], [ -79.958825347894944, 40.452993967763277 ], [ -79.9586139, 40.453022699999984 ], [ -79.9585494, 40.4530012 ], [ -79.958578, 40.452951 ], [ -79.958590632992752, 40.452949283400933 ], [ -79.9585134, 40.4529236 ], [ -79.9585247, 40.4529038 ], [ -79.9584907, 40.4528925 ], [ -79.9585138, 40.4528519 ], [ -79.958548537878315, 40.452847179748773 ], [ -79.9585513, 40.4528423 ], [ -79.958762747351955, 40.452813567870237 ], [ -79.9588543474121, 40.452843967703501 ], [ -79.958841825291771, 40.452865951156085 ], [ -79.958920447422031, 40.452855267582734 ] ] ], [ [ [ -79.959377848371247, 40.453213466759195 ], [ -79.9591664, 40.453242199999984 ], [ -79.959087, 40.4532155 ], [ -79.9591906, 40.4530355 ], [ -79.959402047711976, 40.453006766705741 ], [ -79.959481447765185, 40.453033466561223 ], [ -79.959377848371247, 40.453213466759195 ] ] ], [ [ [ -79.9595415, 40.4532554 ], [ -79.959560510125797, 40.453222315558527 ], [ -79.9594576, 40.4532363 ], [ -79.9594032, 40.453215 ], [ -79.9594526, 40.4531419 ], [ -79.959664047945111, 40.453113166229677 ], [ -79.959718447991023, 40.453134466130791 ], [ -79.95969279505124, 40.453172426513149 ], [ -79.959791848039643, 40.453158965997197 ], [ -79.959849948078769, 40.453178565891477 ], [ -79.959811048306378, 40.453246165965801 ], [ -79.9595996, 40.4532749 ], [ -79.9595415, 40.4532554 ] ] ], [ [ [ -79.9576999, 40.4363638 ], [ -79.9576744, 40.4363644 ], [ -79.9576736, 40.4363404 ], [ -79.9576121, 40.436342 ], [ -79.957552743421232, 40.436343591943768 ], [ -79.957557153162455, 40.436347154153211 ], [ -79.957475271755129, 40.436405766620076 ], [ -79.957489422649232, 40.436403843382791 ], [ -79.957500660492485, 40.436413107833935 ], [ -79.957521, 40.4363985 ], [ -79.957620091929257, 40.436385032410108 ], [ -79.957673491982888, 40.436428032365086 ], [ -79.957622392046346, 40.436464832409754 ], [ -79.957618713975393, 40.436465332297637 ], [ -79.957636453463934, 40.436479754044143 ], [ -79.957657753501181, 40.436497554014238 ], [ -79.957637853542309, 40.436511854043232 ], [ -79.957654414350813, 40.436525295731059 ], [ -79.9576735, 40.4365116 ], [ -79.957682212763984, 40.436510415841724 ], [ -79.9576984, 40.4364988 ], [ -79.95779749204479, 40.436485332259643 ], [ -79.957846092094002, 40.436524732218679 ], [ -79.957824592120573, 40.436540132237489 ], [ -79.957828292124333, 40.436543132234362 ], [ -79.957796560023837, 40.436565903023272 ], [ -79.957806746313835, 40.436573888220771 ], [ -79.957819396672249, 40.436572168887551 ], [ -79.957845296727911, 40.436593068840949 ], [ -79.957842104830775, 40.436595363721338 ], [ -79.957846149257989, 40.436598634731205 ], [ -79.957883692188517, 40.436593532187771 ], [ -79.957908992213234, 40.436613432166425 ], [ -79.95795229225574, 40.436647632129898 ], [ -79.957897592324855, 40.436687832177768 ], [ -79.9577985, 40.43670130000001 ], [ -79.957796263256, 40.436699538500768 ], [ -79.957751354047474, 40.436731653888145 ], [ -79.9575862, 40.4367541 ], [ -79.9575293, 40.436708 ], [ -79.957536802447251, 40.436702630987732 ], [ -79.9575179, 40.4367052 ], [ -79.9574727, 40.436668399999988 ], [ -79.9574255, 40.4366304 ], [ -79.957454902723939, 40.43660924012233 ], [ -79.9574059, 40.4366159 ], [ -79.9573616, 40.4365805 ], [ -79.9573141, 40.4365419 ], [ -79.957318272174376, 40.436538918529671 ], [ -79.9573059, 40.4365406 ], [ -79.957257, 40.4365003 ], [ -79.9572783, 40.4364853 ], [ -79.9572732, 40.436481 ], [ -79.957288572064485, 40.436470179248907 ], [ -79.9572428, 40.436476400000018 ], [ -79.9571913, 40.4364347 ], [ -79.9572029, 40.436426499999989 ], [ -79.9571975, 40.4364221 ], [ -79.957208488807993, 40.436414231198889 ], [ -79.957173400000016, 40.436419 ], [ -79.9571202, 40.436376 ], [ -79.9571325, 40.4363672 ], [ -79.9571282, 40.4363638 ], [ -79.957140066785115, 40.43635530031662 ], [ -79.9570996, 40.4363608 ], [ -79.9570439, 40.4363162 ], [ -79.9571509, 40.4362389 ], [ -79.957254175712421, 40.436224864094321 ], [ -79.957299, 40.4361928 ], [ -79.957398091666576, 40.436179332596744 ], [ -79.957426691695559, 40.436202532572629 ], [ -79.957371891763202, 40.436241732620559 ], [ -79.957363180604958, 40.436242916541694 ], [ -79.957372898273292, 40.436250690648421 ], [ -79.957463091741829, 40.436238432542076 ], [ -79.957489891770379, 40.436261132519505 ], [ -79.957482400911488, 40.436266250599935 ], [ -79.957489891776419, 40.436265232519574 ], [ -79.957525591813251, 40.436294632489492 ], [ -79.957480804178346, 40.436326104962717 ], [ -79.95752385310648, 40.436320254200027 ], [ -79.957533059761317, 40.436327691385323 ], [ -79.9575308, 40.4362776 ], [ -79.957685579311899, 40.436256563839677 ], [ -79.9576833, 40.436203 ], [ -79.957894695393094, 40.436174268731939 ], [ -79.957929267165142, 40.436173444686986 ], [ -79.957929267165156, 40.436173444686986 ], [ -79.957990895326986, 40.436165068555098 ], [ -79.958296195185667, 40.436157667994792 ], [ -79.958296595214762, 40.43616696799446 ], [ -79.958405295164212, 40.436164267794979 ], [ -79.958407195309249, 40.436210667793524 ], [ -79.958396645610605, 40.436212101686209 ], [ -79.958397695391781, 40.436235767812065 ], [ -79.958408795386546, 40.436235467791668 ], [ -79.958412395655316, 40.436321467788829 ], [ -79.958304417567987, 40.436336143871422 ], [ -79.958305895849179, 40.436370067986346 ], [ -79.9580945, 40.4363988 ], [ -79.9579892, 40.4364014 ], [ -79.9579877, 40.4363669 ], [ -79.9577004, 40.436373899999985 ], [ -79.9576999, 40.4363638 ] ] ], [ [ [ -79.958705292249704, 40.436736231484311 ], [ -79.958777192326792, 40.436797431423742 ], [ -79.958728092384888, 40.436830831466644 ], [ -79.958629, 40.436844299999983 ], [ -79.9585571, 40.4367831 ], [ -79.9586062, 40.4367497 ], [ -79.958705292249704, 40.436736231484311 ] ] ], [ [ [ -79.958234117766864, 40.437393774573188 ], [ -79.958318706009123, 40.437461386643527 ], [ -79.958325417957454, 40.437460474393205 ], [ -79.958369818060646, 40.437495974305847 ], [ -79.958350618116881, 40.437509974345048 ], [ -79.958362418144191, 40.437519374321816 ], [ -79.958357513311142, 40.437522959113856 ], [ -79.958359686978824, 40.437522663680738 ], [ -79.958419087098349, 40.437570563580579 ], [ -79.958378964263275, 40.437599632355749 ], [ -79.958425087163334, 40.437593363571196 ], [ -79.958480387274648, 40.437637963477954 ], [ -79.958467789162626, 40.437647087279402 ], [ -79.95849518728518, 40.437643363452715 ], [ -79.958559887415177, 40.437695463343594 ], [ -79.958537719387778, 40.437711549974367 ], [ -79.958578087439804, 40.437706063312746 ], [ -79.958636287556843, 40.437752963214606 ], [ -79.958545787782896, 40.437818563372922 ], [ -79.958375917461765, 40.437841651263739 ], [ -79.958446350774281, 40.437898884805591 ], [ -79.958370751022144, 40.437952684981894 ], [ -79.95833736460429, 40.437957222649111 ], [ -79.958346751081635, 40.437964885037587 ], [ -79.958273951320649, 40.438016785207353 ], [ -79.958235787281509, 40.438021972178866 ], [ -79.958237651364527, 40.438023485290955 ], [ -79.958235651429902, 40.43803988529644 ], [ -79.958219951484622, 40.438051885333074 ], [ -79.958203951504913, 40.438055085369953 ], [ -79.958210651523274, 40.438060585354883 ], [ -79.958172051649939, 40.438088085444896 ], [ -79.958138568604369, 40.438092636175639 ], [ -79.958152051720475, 40.438103585491618 ], [ -79.9581144518435, 40.438130285579277 ], [ -79.958104340412262, 40.43813165983395 ], [ -79.958102951883632, 40.438139085606139 ], [ -79.958087451932784, 40.438149685642252 ], [ -79.957823200000021, 40.4381856 ], [ -79.9578012, 40.4381884 ], [ -79.9576834, 40.4380929 ], [ -79.957692357396454, 40.438086501867005 ], [ -79.9576313, 40.4380948 ], [ -79.95756, 40.438037 ], [ -79.957581031089319, 40.438021989555409 ], [ -79.9575449, 40.4380269 ], [ -79.9574687, 40.4379657 ], [ -79.9574905, 40.43795 ], [ -79.9574849, 40.4379455 ], [ -79.957565800416972, 40.437887127286096 ], [ -79.9574365, 40.4379047 ], [ -79.9573431, 40.437829599999986 ], [ -79.957385469735527, 40.437799084890131 ], [ -79.9573184, 40.4378082 ], [ -79.9572259, 40.4377334 ], [ -79.957267183696629, 40.437703828687816 ], [ -79.9571997, 40.437713 ], [ -79.9571033, 40.437635500000013 ], [ -79.957125181087576, 40.437619716950444 ], [ -79.9570841, 40.4376253 ], [ -79.9570425, 40.4375917 ], [ -79.9570525, 40.4375845 ], [ -79.957016109265567, 40.437555190223414 ], [ -79.957005, 40.4375567 ], [ -79.9569702, 40.4375286 ], [ -79.957005523503241, 40.437503277556509 ], [ -79.9569487, 40.437511 ], [ -79.9569168, 40.4374854 ], [ -79.9569232, 40.437480799999989 ], [ -79.956879656844293, 40.437445893506187 ], [ -79.9568671, 40.4374476 ], [ -79.9568316, 40.4374193 ], [ -79.956861574378394, 40.437397579203441 ], [ -79.9568158, 40.4374038 ], [ -79.9567231, 40.4373288 ], [ -79.95678165643686, 40.437286867503524 ], [ -79.9567174, 40.4372956 ], [ -79.956698271566964, 40.437280025839435 ], [ -79.9566705, 40.4372838 ], [ -79.9566325, 40.4372529 ], [ -79.9566499, 40.4372405 ], [ -79.9566188, 40.4372152 ], [ -79.956629594869383, 40.437207496997132 ], [ -79.9565788, 40.4372144 ], [ -79.9564748, 40.4371299 ], [ -79.95650548905401, 40.437108185020648 ], [ -79.9564627, 40.437114 ], [ -79.9563663, 40.4370366 ], [ -79.956380967586298, 40.437026029518229 ], [ -79.9563466, 40.4370307 ], [ -79.9562997, 40.4369937 ], [ -79.9562541, 40.4369571 ], [ -79.956351767201426, 40.436886502127372 ], [ -79.956288500000014, 40.4368951 ], [ -79.9561994, 40.4368245 ], [ -79.956242863880505, 40.436792772987538 ], [ -79.9560874, 40.4368139 ], [ -79.9560427, 40.4367773 ], [ -79.9560038, 40.4367455 ], [ -79.9559708, 40.4367184 ], [ -79.9559348, 40.436689 ], [ -79.9558986, 40.436659400000011 ], [ -79.9558556, 40.4366242 ], [ -79.9558195, 40.4365946 ], [ -79.9557793, 40.4365618 ], [ -79.9557369, 40.436527 ], [ -79.9557009, 40.4364976 ], [ -79.9557251, 40.4364806 ], [ -79.955721100000019, 40.4364772 ], [ -79.955745964680332, 40.436459661259256 ], [ -79.955665715948626, 40.436470566520391 ], [ -79.955728996048833, 40.436522009225243 ], [ -79.955688096262463, 40.436562309340424 ], [ -79.955582397551311, 40.436576672990867 ], [ -79.955549997664676, 40.436608773051702 ], [ -79.955514597788323, 40.436643773118192 ], [ -79.955478397914476, 40.436679473186153 ], [ -79.955442098040976, 40.4367152732543 ], [ -79.955411928969639, 40.436719372935492 ], [ -79.955396380665704, 40.436735187432681 ], [ -79.955439794020762, 40.436759710178812 ], [ -79.955466300000012, 40.4367338 ], [ -79.955598423718826, 40.436715845559142 ], [ -79.955804524009878, 40.436889445327665 ], [ -79.955753724090883, 40.436924445386857 ], [ -79.955852817114959, 40.436910979327287 ], [ -79.955900517229125, 40.43695007923349 ], [ -79.955952817354088, 40.436992879130621 ], [ -79.955997317460387, 40.437029279043095 ], [ -79.956045417575069, 40.437068578948491 ], [ -79.956035103811374, 40.437076150253361 ], [ -79.956051817590577, 40.437073878935884 ], [ -79.956099817705308, 40.4371131788415 ], [ -79.956147017817997, 40.437151778748657 ], [ -79.956198417940584, 40.437193778647575 ], [ -79.956186931332198, 40.437202218070901 ], [ -79.956205617957806, 40.437199678633412 ], [ -79.95625601807842, 40.437240978534284 ], [ -79.956235626227297, 40.437255763085219 ], [ -79.956288187070314, 40.437298767233671 ], [ -79.956333987164186, 40.437336267156446 ], [ -79.956322029740946, 40.43734480010184 ], [ -79.956339899664059, 40.437342371635133 ], [ -79.956380199747102, 40.437373771562591 ], [ -79.956413899817036, 40.437400171501942 ], [ -79.956405891485474, 40.437406020387002 ], [ -79.956441387412113, 40.437433666975792 ], [ -79.95642067062262, 40.437448903346507 ], [ -79.956467999929004, 40.437442471404559 ], [ -79.956507300012461, 40.437473871333872 ], [ -79.956507300012461, 40.437473871333879 ], [ -79.956527118754806, 40.437471178001474 ], [ -79.956564618842378, 40.437501277927687 ], [ -79.956544327190556, 40.437515977200391 ], [ -79.956572387673305, 40.437538466754845 ], [ -79.956529781503249, 40.437569314845277 ], [ -79.956611650323154, 40.437558188993485 ], [ -79.956628650307081, 40.437556188954396 ], [ -79.95664860242826, 40.437568325660706 ], [ -79.956681250311902, 40.437563888834227 ], [ -79.956722450413324, 40.437594788741464 ], [ -79.956689550521133, 40.437618188818192 ], [ -79.956708650521719, 40.437620688774523 ], [ -79.956725150565191, 40.437633788737415 ], [ -79.956726250622779, 40.437648588735705 ], [ -79.956711774664427, 40.437659227555358 ], [ -79.956738550644317, 40.437655588707891 ], [ -79.956759750636834, 40.437656288659348 ], [ -79.95677395067041, 40.437666588627337 ], [ -79.956773616280415, 40.437668650751171 ], [ -79.956806450645274, 40.437664188552695 ], [ -79.956842750742027, 40.43769328847106 ], [ -79.956812850839327, 40.437714388540762 ], [ -79.956818350854363, 40.437718888528401 ], [ -79.956838650845711, 40.437719188481857 ], [ -79.956851150880141, 40.437729488453783 ], [ -79.956851250945277, 40.43774608845446 ], [ -79.956834742343219, 40.437757988146416 ], [ -79.956857550976778, 40.437754888440516 ], [ -79.956878050970801, 40.437755888393546 ], [ -79.956891655465213, 40.437767456777813 ], [ -79.956928950971729, 40.437762388277193 ], [ -79.956968151076481, 40.43779388818907 ], [ -79.956935851185577, 40.437817688264431 ], [ -79.956941251199467, 40.43782188825228 ], [ -79.956958651183186, 40.437819888212282 ], [ -79.956972551220844, 40.437831188181022 ], [ -79.956972357929345, 40.437834836831925 ], [ -79.956979419809898, 40.437833877111501 ], [ -79.95702291991141, 40.437868777025919 ], [ -79.957072720027455, 40.437908676927933 ], [ -79.957120520138858, 40.437946976833864 ], [ -79.95710869306636, 40.437955249059399 ], [ -79.957127620155461, 40.437952676819904 ], [ -79.957177120270586, 40.43799227672249 ], [ -79.957225220382881, 40.438030876627856 ], [ -79.957197327176402, 40.438050698225567 ], [ -79.957237220427302, 40.43804527660447 ], [ -79.957272020510516, 40.438073776536037 ], [ -79.95725662055483, 40.438084776567464 ], [ -79.957297420652694, 40.438118276487202 ], [ -79.957220636584054, 40.438172599312693 ], [ -79.957367152292747, 40.438152687293915 ], [ -79.957463352543556, 40.43822838707753 ], [ -79.957370052858451, 40.438297087295233 ], [ -79.957345139688414, 40.438300473092447 ], [ -79.957350752898421, 40.43830488733991 ], [ -79.957248553243929, 40.438380287578383 ], [ -79.957200015025137, 40.438386884045165 ], [ -79.957210853322636, 40.438395687665647 ], [ -79.957240453402974, 40.438419787599116 ], [ -79.957229475555266, 40.438427610425009 ], [ -79.957271908828403, 40.43842184362969 ], [ -79.9572504, 40.4384045 ], [ -79.9573205, 40.4383542 ], [ -79.957617784423761, 40.438313797611897 ], [ -79.95774628481162, 40.438417397286862 ], [ -79.95771348493372, 40.438440997372894 ], [ -79.957718884950225, 40.438445397359267 ], [ -79.957609985355845, 40.438523797644997 ], [ -79.957596065485248, 40.438525689433312 ], [ -79.957569185471684, 40.438544997751571 ], [ -79.957550110817976, 40.438547590095467 ], [ -79.95755458550704, 40.438551197789607 ], [ -79.95751728564575, 40.438577997887457 ], [ -79.957522985662933, 40.438582597873051 ], [ -79.957420286044879, 40.438656398142506 ], [ -79.957410262439154, 40.438657760386882 ], [ -79.957379386170942, 40.438679898249468 ], [ -79.957220854751228, 40.438701443069476 ], [ -79.957179772693863, 40.438732299299531 ], [ -79.957235167558792, 40.438777692028417 ], [ -79.957169767782503, 40.438823892188523 ], [ -79.957083929880852, 40.438835557616642 ], [ -79.957131868009981, 40.438874392282699 ], [ -79.9569385686776, 40.439012492756007 ], [ -79.9566611, 40.4390502 ], [ -79.956556068995909, 40.438964958850548 ], [ -79.9565462, 40.4389663 ], [ -79.956536841906455, 40.438958741540965 ], [ -79.9565136, 40.4389619 ], [ -79.9564976, 40.438949 ], [ -79.95650950000001, 40.4389405 ], [ -79.956491, 40.4389256 ], [ -79.956492725864848, 40.438924357032469 ], [ -79.9564799, 40.4389261 ], [ -79.956477, 40.4389239 ], [ -79.9564595, 40.438923699999982 ], [ -79.9564461, 40.4389117 ], [ -79.9564475, 40.4389006 ], [ -79.956431093275256, 40.438887665598514 ], [ -79.9564095, 40.4388906 ], [ -79.9563602, 40.4388516 ], [ -79.956367278649466, 40.438846420625261 ], [ -79.9563586, 40.4388476 ], [ -79.956322100452851, 40.438818604358495 ], [ -79.956266551572099, 40.438857549036854 ], [ -79.956274904471712, 40.438864571821298 ], [ -79.956248378562677, 40.438883278984207 ], [ -79.956288904507787, 40.438877771796228 ], [ -79.95633370460358, 40.438913771715633 ], [ -79.956322076736583, 40.438922157465292 ], [ -79.956341104618943, 40.4389195717023 ], [ -79.956390304725275, 40.438959471613821 ], [ -79.956373549346765, 40.438971468795692 ], [ -79.956501307062737, 40.438954107260834 ], [ -79.956547007210133, 40.438991007137545 ], [ -79.956594507368763, 40.439030507009456 ], [ -79.956528269002661, 40.439078326563802 ], [ -79.956541205071943, 40.439088371342677 ], [ -79.956535517683221, 40.43909261114193 ], [ -79.956543905080636, 40.439091471337875 ], [ -79.95659426966003, 40.439131615510057 ], [ -79.956712807700754, 40.439115506689561 ], [ -79.956772107891652, 40.439163306529558 ], [ -79.956615308513278, 40.439275906968412 ], [ -79.956328078798634, 40.439314939700758 ], [ -79.956310972144706, 40.43932731746132 ], [ -79.956367070234492, 40.439319694149646 ], [ -79.956438170443406, 40.439379093981891 ], [ -79.956352170733652, 40.439438894192399 ], [ -79.956302594456631, 40.439445631220131 ], [ -79.95632317084528, 40.439462394263586 ], [ -79.956197371278222, 40.439551894571615 ], [ -79.955958604035317, 40.439584340571301 ], [ -79.956001474888239, 40.439618546182665 ], [ -79.955940370766726, 40.439662896866075 ], [ -79.956035675001715, 40.439649946101184 ], [ -79.956072782868631, 40.439679604796538 ], [ -79.956285300000019, 40.4395281 ], [ -79.9564834934868, 40.439501166988649 ], [ -79.956532393586883, 40.439541166906196 ], [ -79.956427892397542, 40.439615666961807 ], [ -79.956504258414867, 40.439605289352286 ], [ -79.956547558529053, 40.439639689254903 ], [ -79.956534332761009, 40.439649411337427 ], [ -79.956562458545022, 40.439645589221058 ], [ -79.956562778938121, 40.43964584826108 ], [ -79.956609424652967, 40.439639509386907 ], [ -79.956646, 40.4396124 ], [ -79.95667479681542, 40.439608486663552 ], [ -79.9566681, 40.439603 ], [ -79.956704723306927, 40.439576884650869 ], [ -79.9566531, 40.4395839 ], [ -79.9566185, 40.4395553 ], [ -79.956643749626153, 40.439537488780736 ], [ -79.9565951, 40.4395441 ], [ -79.956566, 40.4395199 ], [ -79.956609826134923, 40.439488963905838 ], [ -79.9565242, 40.4395006 ], [ -79.9564283, 40.4394212 ], [ -79.9565679, 40.4393228 ], [ -79.956832157005834, 40.439286888582942 ], [ -79.957041757585571, 40.439460288111881 ], [ -79.957030191254958, 40.439468442257976 ], [ -79.957050457602563, 40.439465688092241 ], [ -79.95714525786191, 40.439543387879127 ], [ -79.957140520202159, 40.439546764540914 ], [ -79.957152857864926, 40.439545087861809 ], [ -79.95720235799692, 40.439584787750483 ], [ -79.957188040985727, 40.439595195409048 ], [ -79.957232993605658, 40.43963376570521 ], [ -79.957260093664175, 40.439656965659545 ], [ -79.957120293995587, 40.439752265903905 ], [ -79.9569221, 40.4397792 ], [ -79.9568858, 40.4397482 ], [ -79.9569011, 40.4397378 ], [ -79.9568735, 40.4397141 ], [ -79.956881794943598, 40.439708437711495 ], [ -79.9568026, 40.4397192 ], [ -79.95679828097353, 40.439715736501149 ], [ -79.956747963803195, 40.439722574379608 ], [ -79.956672507183526, 40.439776571132121 ], [ -79.956634323330817, 40.43978176010107 ], [ -79.956659426710374, 40.439802477848183 ], [ -79.956653906170715, 40.439806373504965 ], [ -79.956731059053865, 40.439795888842731 ], [ -79.956801984777073, 40.439854454768124 ], [ -79.956847359203451, 40.439848288578958 ], [ -79.956861329866371, 40.439859834522558 ], [ -79.956969072096143, 40.439845192730637 ], [ -79.957027672246625, 40.43988889259208 ], [ -79.956921972612875, 40.439964692850936 ], [ -79.956890126566734, 40.439969020606434 ], [ -79.956885772661764, 40.439972092938497 ], [ -79.956898472692842, 40.439981192908448 ], [ -79.956793973056847, 40.440056593164407 ], [ -79.9565165, 40.4400943 ], [ -79.9564598, 40.4400497 ], [ -79.956480200000016, 40.440035 ], [ -79.9563845, 40.4399573 ], [ -79.956340836568017, 40.439921266346104 ], [ -79.956331140489425, 40.43992258395761 ], [ -79.956399359927445, 40.43997748961327 ], [ -79.956228260497184, 40.440101490012417 ], [ -79.955964, 40.4401374 ], [ -79.955910916709541, 40.440094676281632 ], [ -79.95589629327381, 40.440104902163249 ], [ -79.955909793316394, 40.440116202129111 ], [ -79.95580329370307, 40.44019060240845 ], [ -79.955506, 40.440231 ], [ -79.955457, 40.4401899 ], [ -79.9554118, 40.4401522 ], [ -79.955470694389575, 40.440111064739604 ], [ -79.955375500000017, 40.440124 ], [ -79.9552918, 40.4400573 ], [ -79.955354566376201, 40.440011290278214 ], [ -79.9552522, 40.4400252 ], [ -79.9551674, 40.4399578 ], [ -79.955227090882815, 40.439913993620486 ], [ -79.9551299, 40.4399272 ], [ -79.9550463, 40.4398614 ], [ -79.9551444, 40.4397886 ], [ -79.955408659523314, 40.439752691872506 ], [ -79.955492359741299, 40.439818491684221 ], [ -79.955430219478686, 40.439864559336982 ], [ -79.955560892315702, 40.439846803012458 ], [ -79.955625877491528, 40.439898453665627 ], [ -79.955706348265778, 40.439887518873448 ], [ -79.9555986, 40.4398014 ], [ -79.955622496345484, 40.439784077863941 ], [ -79.9555274, 40.439797 ], [ -79.9554302, 40.4397194 ], [ -79.955502247956559, 40.439667099311364 ], [ -79.9553764, 40.4396842 ], [ -79.955357607209891, 40.439669208351603 ], [ -79.955338759282924, 40.439682892028955 ], [ -79.955366159356501, 40.439704991967332 ], [ -79.955279659644575, 40.43976769216912 ], [ -79.95502064298806, 40.439802887584477 ], [ -79.955036916051867, 40.4398160486572 ], [ -79.954913116708781, 40.439905349119236 ], [ -79.95484616149713, 40.439914446873146 ], [ -79.954797018039486, 40.439949888704902 ], [ -79.955075092868356, 40.439912104269645 ], [ -79.955146093076749, 40.43996800408997 ], [ -79.95511249320549, 40.43999300417817 ], [ -79.955130561527156, 40.440007180039572 ], [ -79.955179693202112, 40.440000504005305 ], [ -79.955249393406788, 40.4400554038289 ], [ -79.95516821002046, 40.440115611638326 ], [ -79.955297793568718, 40.440098003706687 ], [ -79.955363693767964, 40.44015120353999 ], [ -79.955339493858446, 40.440168703603511 ], [ -79.955361879497232, 40.440186792902558 ], [ -79.955406693874934, 40.440180703430897 ], [ -79.955475994084722, 40.440236703255614 ], [ -79.955377994450828, 40.440307503512784 ], [ -79.955358628059926, 40.440310135050431 ], [ -79.955400294599116, 40.440343803457488 ], [ -79.955393065328579, 40.440349030386969 ], [ -79.955462696326535, 40.440339568778697 ], [ -79.955498796399468, 40.440368768717811 ], [ -79.955389847932551, 40.440447322565959 ], [ -79.955532363790866, 40.440427957195034 ], [ -79.955582863876515, 40.440469057124055 ], [ -79.955482664083547, 40.440541057270138 ], [ -79.95542674320285, 40.440548655906895 ], [ -79.955415864141514, 40.440556457366412 ], [ -79.9552507, 40.4405789 ], [ -79.9552214, 40.440555 ], [ -79.955337969273529, 40.440471370781971 ], [ -79.9551626, 40.4404952 ], [ -79.955157619336987, 40.440491171321824 ], [ -79.9549116, 40.4405246 ], [ -79.954859513877523, 40.440482549350307 ], [ -79.954761702370035, 40.440495839615771 ], [ -79.954756995641702, 40.440500605126651 ], [ -79.954764495657074, 40.440505005107589 ], [ -79.954740495777486, 40.44052930517099 ], [ -79.954634951841427, 40.440543645963338 ], [ -79.954608196032794, 40.440570805514838 ], [ -79.9543109, 40.4406112 ], [ -79.9542038, 40.4405495 ], [ -79.9542653, 40.4404872 ], [ -79.954324505644223, 40.440479155628019 ], [ -79.9543293, 40.4404743 ], [ -79.9542946, 40.4404543 ], [ -79.9543568, 40.4403913 ], [ -79.954423844510941, 40.440382190476299 ], [ -79.9544875, 40.4403176 ], [ -79.954784794639437, 40.440277205041099 ], [ -79.954860894792063, 40.440321104847506 ], [ -79.954837694908505, 40.440344604908809 ], [ -79.95485775311262, 40.44035616731702 ], [ -79.954873511927389, 40.440354026055175 ], [ -79.9548611, 40.440344 ], [ -79.9549704, 40.440265 ], [ -79.9549019, 40.4402097 ], [ -79.954988827253871, 40.440146840852179 ], [ -79.954974420578637, 40.440148798410803 ], [ -79.954972793975159, 40.440150004548265 ], [ -79.954850721295898, 40.440166591532112 ], [ -79.954833594180315, 40.440179304909158 ], [ -79.9545363, 40.4402197 ], [ -79.954522511674625, 40.44020883782914 ], [ -79.9543123, 40.4402374 ], [ -79.95431151926087, 40.440236556523089 ], [ -79.9542744, 40.4402416 ], [ -79.95426956690396, 40.440237593814444 ], [ -79.954258435110873, 40.440249258563675 ], [ -79.954300296464993, 40.440243570773731 ], [ -79.954380796567804, 40.440288370637141 ], [ -79.954224597106361, 40.440451970912513 ], [ -79.9540264, 40.4404789 ], [ -79.9539459, 40.4404341 ], [ -79.953966788186491, 40.440412222291549 ], [ -79.953925, 40.4404179 ], [ -79.9538426, 40.440372 ], [ -79.953854461164326, 40.440359571090355 ], [ -79.9538226, 40.4403639 ], [ -79.9537331, 40.440314 ], [ -79.953865326878088, 40.440175493498657 ], [ -79.953733231148476, 40.440269847795356 ], [ -79.9536011, 40.4402878 ], [ -79.953440870584672, 40.440156872903231 ], [ -79.9533575, 40.4401682 ], [ -79.9533146, 40.4401331 ], [ -79.953317497077506, 40.440131032573476 ], [ -79.9532986, 40.440133599999989 ], [ -79.9532529, 40.4400963 ], [ -79.953277022487597, 40.440079076117044 ], [ -79.9532187, 40.440087 ], [ -79.95317617314015, 40.440052223362436 ], [ -79.953155, 40.4400551 ], [ -79.9531033, 40.4400128 ], [ -79.9533078, 40.4398667 ], [ -79.953470449885245, 40.439844601569817 ], [ -79.9534168, 40.4398008 ], [ -79.9534792, 40.4397563 ], [ -79.953509737312373, 40.439752151011781 ], [ -79.953560700000011, 40.4397158 ], [ -79.953573686858661, 40.439714035515458 ], [ -79.9535635, 40.4397057 ], [ -79.9536316, 40.4396571 ], [ -79.953643512342694, 40.439655481497603 ], [ -79.9536373, 40.4396504 ], [ -79.9536977, 40.4396073 ], [ -79.953975172478735, 40.439569599922727 ], [ -79.95405977272118, 40.439638799723042 ], [ -79.953999372929573, 40.439681899870976 ], [ -79.953908287239628, 40.439694275723305 ], [ -79.953920653556111, 40.439704375185727 ], [ -79.9539349, 40.4396941 ], [ -79.954129820122944, 40.439667615978344 ], [ -79.9541166, 40.4396569 ], [ -79.954141941375951, 40.439638605668257 ], [ -79.9540912, 40.4396455 ], [ -79.9540581, 40.4396187 ], [ -79.954112749743473, 40.439579306702818 ], [ -79.9540576, 40.4395868 ], [ -79.9540147, 40.439552 ], [ -79.954034008959141, 40.439538086742623 ], [ -79.9539846, 40.4395448 ], [ -79.953976656386502, 40.439538390058026 ], [ -79.9538338, 40.4395578 ], [ -79.953794, 40.439525599999989 ], [ -79.9538246, 40.4395036 ], [ -79.953908425323547, 40.439492210646627 ], [ -79.9538775, 40.4394672 ], [ -79.954016, 40.4393673 ], [ -79.954280258413846, 40.439331394436643 ], [ -79.954316858512811, 40.439361094354354 ], [ -79.954272298922405, 40.439393203259201 ], [ -79.954335658596037, 40.439384594312536 ], [ -79.954375958704603, 40.439417194221939 ], [ -79.954336412381082, 40.439445726298992 ], [ -79.954385958785409, 40.439438994200216 ], [ -79.95442895890092, 40.439473694103526 ], [ -79.954411211045198, 40.43948648724551 ], [ -79.954466358903645, 40.439478994018067 ], [ -79.954499358992564, 40.439505693943865 ], [ -79.954457398245111, 40.439535991078969 ], [ -79.95450815908022, 40.439529093924975 ], [ -79.954566859238426, 40.439576593792999 ], [ -79.954457850054553, 40.439655228115868 ], [ -79.954740456624066, 40.439616828577826 ], [ -79.954749618324868, 40.439622953489497 ], [ -79.954783656603468, 40.439618328441739 ], [ -79.954822335845094, 40.439651674044519 ], [ -79.9549198, 40.4395811 ], [ -79.955200574983991, 40.4395429481294 ], [ -79.955256122354626, 40.43958771198627 ], [ -79.955303674120458, 40.439581250533379 ], [ -79.955294, 40.4395737 ], [ -79.9552819, 40.4395642 ], [ -79.95529470000001, 40.4395547 ], [ -79.9552725, 40.4395374 ], [ -79.9553147, 40.4395061 ], [ -79.9553009, 40.4394954 ], [ -79.95532924954469, 40.439474396762641 ], [ -79.9552652, 40.4394831 ], [ -79.955253797196988, 40.439473777438614 ], [ -79.9552448, 40.439475 ], [ -79.9552295, 40.4394634 ], [ -79.955208, 40.4394461 ], [ -79.9552141, 40.4394417 ], [ -79.9551986, 40.4394292 ], [ -79.955199320721491, 40.439428683140058 ], [ -79.9551624, 40.4394337 ], [ -79.955116218909311, 40.439396598913071 ], [ -79.955110173883156, 40.439397420319871 ], [ -79.955147671297027, 40.439427297091626 ], [ -79.955111571424212, 40.43945369718007 ], [ -79.955132071481458, 40.439470097131668 ], [ -79.955091471624527, 40.439499797231129 ], [ -79.955060517149334, 40.439504003352013 ], [ -79.955006171849263, 40.439543797439029 ], [ -79.9547287, 40.4395815 ], [ -79.9546133, 40.439489399999978 ], [ -79.9547251, 40.4394075 ], [ -79.954761217571445, 40.439402592412627 ], [ -79.954768498305981, 40.439397265979316 ], [ -79.9545585, 40.439425800000016 ], [ -79.9544964, 40.4393757 ], [ -79.95451425759984, 40.439362777870933 ], [ -79.9544876, 40.4393664 ], [ -79.9544323, 40.4393218 ], [ -79.954444931836974, 40.43931265098778 ], [ -79.9544247, 40.4393154 ], [ -79.954368, 40.4392697 ], [ -79.954378955598472, 40.439261767906409 ], [ -79.954364, 40.4392638 ], [ -79.9543205, 40.439228699999987 ], [ -79.954332168525042, 40.439220251491797 ], [ -79.9543193, 40.439222 ], [ -79.9542716, 40.4391835 ], [ -79.954292237367483, 40.43916856864498 ], [ -79.954253, 40.4391739 ], [ -79.954208547039642, 40.439138040182712 ], [ -79.9541691, 40.4391434 ], [ -79.9541082, 40.4390951 ], [ -79.95415193994657, 40.43906292268376 ], [ -79.9541131, 40.4390682 ], [ -79.9539307, 40.4389312 ], [ -79.9540106, 40.438869100000019 ], [ -79.954039479279757, 40.438865176088541 ], [ -79.954059579482561, 40.438849574499407 ], [ -79.9538489, 40.4388782 ], [ -79.953794200000019, 40.4388347 ], [ -79.953806477215494, 40.438825748680124 ], [ -79.9537509, 40.4388333 ], [ -79.9537008, 40.438794599999987 ], [ -79.9536507, 40.438755200000031 ], [ -79.953724956692881, 40.438700554212815 ], [ -79.9536731, 40.4387076 ], [ -79.9536673, 40.4387029 ], [ -79.9536491, 40.4387033 ], [ -79.9536362, 40.438692599999989 ], [ -79.9536236, 40.4386931 ], [ -79.9536031, 40.4386766 ], [ -79.9535794, 40.4386591 ], [ -79.9535783, 40.438647799999977 ], [ -79.9535634, 40.4386373 ], [ -79.9535637, 40.4386205 ], [ -79.9536524, 40.4385572 ], [ -79.953679253309915, 40.43855355143036 ], [ -79.9536983, 40.43854 ], [ -79.953956978140994, 40.438504852908018 ], [ -79.9538976, 40.4384557 ], [ -79.953931950301538, 40.438431616409275 ], [ -79.9538938, 40.43843679999997 ], [ -79.9538561, 40.4384066 ], [ -79.9539014, 40.4383738 ], [ -79.9538895, 40.4383643 ], [ -79.9539775, 40.4383005 ], [ -79.954254966947659, 40.438262799173508 ], [ -79.954304567086211, 40.438302499056398 ], [ -79.954290014841078, 40.438313044888154 ], [ -79.954313167112375, 40.438309899036113 ], [ -79.954402067370353, 40.438383398826346 ], [ -79.95439783966907, 40.438386355974082 ], [ -79.95441886736225, 40.438383498785903 ], [ -79.954432995117656, 40.438394868579458 ], [ -79.95444, 40.4383899 ], [ -79.9544168, 40.4383713 ], [ -79.954417427581504, 40.438364306949055 ], [ -79.9543954, 40.4383673 ], [ -79.9543546, 40.438335 ], [ -79.9543147, 40.4383034 ], [ -79.9542733, 40.438270599999981 ], [ -79.954230585984106, 40.438236846361796 ], [ -79.954214, 40.4382391 ], [ -79.95416, 40.4381954 ], [ -79.954196197133143, 40.438169537338382 ], [ -79.954195, 40.43816970000001 ], [ -79.9541676, 40.4381484 ], [ -79.954158297609212, 40.438148400000792 ], [ -79.9541031, 40.438155899999984 ], [ -79.9540519, 40.43811740000001 ], [ -79.9541189, 40.4380658 ], [ -79.9541098, 40.438059 ], [ -79.9541358, 40.438039 ], [ -79.9541313, 40.4380355 ], [ -79.9542083, 40.4379762 ], [ -79.954299413507115, 40.437963819775412 ], [ -79.9542997, 40.4379636 ], [ -79.954440459081368, 40.437944473935637 ], [ -79.9543991, 40.437910799999976 ], [ -79.9543262, 40.4378495 ], [ -79.9544192, 40.4377838 ], [ -79.954437890112942, 40.437781260407675 ], [ -79.9544655, 40.4377618 ], [ -79.95447844291057, 40.437760041325689 ], [ -79.954555, 40.4377059 ], [ -79.954832464202724, 40.43766819774882 ], [ -79.954840064224854, 40.437674497730868 ], [ -79.954857964215378, 40.437674397687786 ], [ -79.954870064250471, 40.437684397659226 ], [ -79.954869864311178, 40.437699097660555 ], [ -79.954883364349712, 40.437710097628674 ], [ -79.95484937333147, 40.437734162736582 ], [ -79.954852901470147, 40.43773427437992 ], [ -79.954868301494059, 40.437743774352086 ], [ -79.954867501539923, 40.437758274354202 ], [ -79.954876401559744, 40.437765674338202 ], [ -79.954808645515925, 40.437813038757675 ], [ -79.954970152031052, 40.437791092769977 ], [ -79.954978652053654, 40.437797892750858 ], [ -79.954994252048479, 40.437798492715125 ], [ -79.955006152075711, 40.437806892688307 ], [ -79.955006352126674, 40.437819892688559 ], [ -79.955011552140249, 40.437823992676861 ], [ -79.954987934161579, 40.437841198092343 ], [ -79.95499470176911, 40.437846874124787 ], [ -79.954993601807558, 40.43785897412733 ], [ -79.955001625881692, 40.437865348364248 ], [ -79.955029401801895, 40.437861574061785 ], [ -79.955081601911786, 40.437902973967844 ], [ -79.955067034841747, 40.437913598646638 ], [ -79.95509150193088, 40.43791027395001 ], [ -79.955141702041232, 40.437951573859749 ], [ -79.955221942175768, 40.437940670406924 ], [ -79.95522, 40.4379391 ], [ -79.955234912353163, 40.437928423476542 ], [ -79.9552108, 40.4379317 ], [ -79.95517820000002, 40.4379055 ], [ -79.9551651, 40.4379062 ], [ -79.955153, 40.4378961 ], [ -79.9551457, 40.4378901 ], [ -79.9551467, 40.4378801 ], [ -79.9551112, 40.4378514 ], [ -79.955123703847235, 40.437842441013849 ], [ -79.9551034, 40.4378452 ], [ -79.9550597, 40.43781 ], [ -79.9550635, 40.4378072 ], [ -79.9550552, 40.4378006 ], [ -79.955046338830101, 40.437793479417323 ], [ -79.9550403, 40.4377943 ], [ -79.9550014, 40.437763 ], [ -79.955013449907838, 40.437754343478147 ], [ -79.9549939, 40.437757 ], [ -79.9549418, 40.4377149 ], [ -79.954968799560234, 40.437695334763973 ], [ -79.9549249, 40.4377013 ], [ -79.9548639, 40.437652199999974 ], [ -79.9548786, 40.4376418 ], [ -79.9548753, 40.4376391 ], [ -79.954898675795505, 40.43762257364962 ], [ -79.954837400000017, 40.4376309 ], [ -79.9547857, 40.4375892 ], [ -79.954798399056131, 40.437579887358979 ], [ -79.9547777, 40.4375827 ], [ -79.9547294, 40.4375438 ], [ -79.9546756, 40.4375004 ], [ -79.9547837, 40.4374221 ], [ -79.954817565427462, 40.437417498262533 ], [ -79.9548434, 40.437398799999976 ], [ -79.954973336456121, 40.437381143704926 ], [ -79.9549733, 40.4373804 ], [ -79.954944700000013, 40.4373593 ], [ -79.9549327, 40.4373595 ], [ -79.9548743, 40.4373142 ], [ -79.9549133, 40.4372851 ], [ -79.9549498, 40.4372577 ], [ -79.9549375, 40.4372479 ], [ -79.9549818, 40.43721570000001 ], [ -79.955259261964827, 40.437177996692988 ], [ -79.955272176387254, 40.437188242076324 ], [ -79.955272179925828, 40.437188241595464 ], [ -79.9551219, 40.4370676 ], [ -79.955259, 40.4369312 ], [ -79.955384477589931, 40.436914149000273 ], [ -79.9553284, 40.4368686 ], [ -79.955344048510639, 40.43685330330478 ], [ -79.955307459070582, 40.436858275406813 ], [ -79.955267427600504, 40.436887788323467 ], [ -79.955176698966994, 40.436977373752654 ], [ -79.95497166480034, 40.437005235116146 ], [ -79.955065799330313, 40.437079373960557 ], [ -79.955002799557946, 40.437144074078951 ], [ -79.954974055160307, 40.437147980020974 ], [ -79.9549680620066, 40.437152297392529 ], [ -79.954907121278595, 40.437160578314547 ], [ -79.954888226780668, 40.43717952408003 ], [ -79.954931662279876, 40.437214097483754 ], [ -79.954883162450059, 40.437249397602542 ], [ -79.954772904336437, 40.437264379877881 ], [ -79.954787400056219, 40.437276174479905 ], [ -79.954745600166319, 40.437306074557895 ], [ -79.954707186012712, 40.437311294374169 ], [ -79.954701737252265, 40.437315188564028 ], [ -79.954793163074243, 40.437389697827321 ], [ -79.954750772510039, 40.437419903461056 ], [ -79.954763400888183, 40.437430111941936 ], [ -79.954706601112917, 40.437470812100891 ], [ -79.954562356448292, 40.437490412271892 ], [ -79.954433486203911, 40.437581826830268 ], [ -79.954502164239159, 40.437636398542168 ], [ -79.954494364266651, 40.43764209856127 ], [ -79.954495764304269, 40.437651398558422 ], [ -79.95445196445803, 40.437683298665718 ], [ -79.954374188637317, 40.437693866765578 ], [ -79.954395401560276, 40.437706675217882 ], [ -79.95429600189874, 40.437802175404421 ], [ -79.954258424326781, 40.437807281351603 ], [ -79.954236102007044, 40.437829275515483 ], [ -79.954242502016498, 40.43783307550391 ], [ -79.954241002071129, 40.437850275507436 ], [ -79.95422780211581, 40.437862875532197 ], [ -79.954208602137371, 40.437867375567606 ], [ -79.954195136929229, 40.437869205175694 ], [ -79.954184002187418, 40.437880275613296 ], [ -79.954148560719986, 40.437885091270637 ], [ -79.954099802386153, 40.437933175770063 ], [ -79.9538884, 40.4379619 ], [ -79.9538282, 40.4379265 ], [ -79.953897294209909, 40.437858322266649 ], [ -79.9538349, 40.4378668 ], [ -79.9537788, 40.4378345 ], [ -79.953723697786259, 40.437802349140178 ], [ -79.9536983, 40.4378058 ], [ -79.9536823, 40.4377942 ], [ -79.953687036484226, 40.43779036344813 ], [ -79.9536588, 40.4377942 ], [ -79.953643198801103, 40.437781507507395 ], [ -79.953628571597989, 40.437791995556097 ], [ -79.953654702179591, 40.437812676581196 ], [ -79.953630994622728, 40.437830045054618 ], [ -79.953641802234529, 40.437828576605561 ], [ -79.953680002297986, 40.437853476536581 ], [ -79.953717602360442, 40.437877976468712 ], [ -79.953756302424338, 40.437903076398825 ], [ -79.953792902484963, 40.437926876332739 ], [ -79.953833102551442, 40.437952976260149 ], [ -79.953821528596478, 40.437964182034165 ], [ -79.953848802568942, 40.437960476231673 ], [ -79.953902402682701, 40.438003276135248 ], [ -79.953888002721243, 40.43801377616213 ], [ -79.953893802733788, 40.438018476151697 ], [ -79.953881322868398, 40.43802752787132 ], [ -79.953918502736784, 40.438022476106561 ], [ -79.954003902918387, 40.438090775952929 ], [ -79.953878179834078, 40.438177099828707 ], [ -79.953910566851434, 40.438197099998838 ], [ -79.953896366913071, 40.438210300033809 ], [ -79.953899366954857, 40.43822080002721 ], [ -79.953880967045833, 40.438240600072639 ], [ -79.953841880076297, 40.438245910929773 ], [ -79.953868967138533, 40.438261600102742 ], [ -79.953812867398341, 40.438317700241051 ], [ -79.9535354, 40.4383554 ], [ -79.95347471927164, 40.438320250649262 ], [ -79.9534589, 40.4383224 ], [ -79.9533986, 40.4382874 ], [ -79.9534155, 40.4382706 ], [ -79.953412801217993, 40.438269034294976 ], [ -79.953408003723339, 40.438273677054056 ], [ -79.9531966, 40.4383024 ], [ -79.9531112, 40.4382514 ], [ -79.9531145, 40.4382482 ], [ -79.9530996, 40.4382394 ], [ -79.9531305, 40.4382095 ], [ -79.953166100000018, 40.438174 ], [ -79.9532013, 40.4381394 ], [ -79.9532221, 40.4381194 ], [ -79.953216578203495, 40.438116089169043 ], [ -79.953189103396014, 40.438142577449803 ], [ -79.9529777, 40.4381713 ], [ -79.952958834519961, 40.438160062736522 ], [ -79.9529512, 40.4381611 ], [ -79.952867500000011, 40.4381114 ], [ -79.952875301868076, 40.438103795153445 ], [ -79.9528208, 40.4381112 ], [ -79.9527718, 40.438082 ], [ -79.9527273, 40.4380556 ], [ -79.9526854, 40.4380307 ], [ -79.9526379, 40.4380025 ], [ -79.9525986, 40.4379791 ], [ -79.9525482, 40.4379492 ], [ -79.952641106308278, 40.437857893911939 ], [ -79.9524703, 40.4378811 ], [ -79.9522933, 40.4377783 ], [ -79.952314027506773, 40.437757572503543 ], [ -79.952280984230711, 40.437762061761319 ], [ -79.952276003947944, 40.437773418808476 ], [ -79.952218945204621, 40.437781170778692 ], [ -79.952264204043857, 40.437792318842206 ], [ -79.952252604180188, 40.437819818875951 ], [ -79.952286704200006, 40.437828218782684 ], [ -79.952266904431568, 40.437874918840265 ], [ -79.952237934603843, 40.43787885466034 ], [ -79.952228504576837, 40.437901018947613 ], [ -79.952058900391947, 40.437924061072856 ], [ -79.952116803168153, 40.437938179407688 ], [ -79.95210000330097, 40.437978379440288 ], [ -79.952120403308783, 40.437983379403079 ], [ -79.952107903406926, 40.438013079427321 ], [ -79.952085033159918, 40.438016186523882 ], [ -79.952071003536176, 40.438049679496643 ], [ -79.9518596, 40.4380784 ], [ -79.9516869, 40.4380362 ], [ -79.9516953, 40.4380162 ], [ -79.9516309, 40.4380005 ], [ -79.9516601, 40.437931 ], [ -79.951787974249171, 40.437913627711922 ], [ -79.9517186, 40.4378965 ], [ -79.9517636, 40.4377902 ], [ -79.951823934793651, 40.437782003192865 ], [ -79.9517758, 40.4377697 ], [ -79.9517889, 40.437739799999981 ], [ -79.9517752, 40.4377363 ], [ -79.951796501421498, 40.437687656477245 ], [ -79.9517476, 40.4376943 ], [ -79.951723804503956, 40.437688470291867 ], [ -79.951698004176876, 40.437750920397335 ], [ -79.951737504198761, 40.437760420289273 ], [ -79.95171740443898, 40.437808920347805 ], [ -79.951635734450591, 40.437820015565642 ], [ -79.951607504876861, 40.437888320655453 ], [ -79.9512904, 40.4379314 ], [ -79.9511588, 40.4378996 ], [ -79.95125237725874, 40.437673209774921 ], [ -79.9509477, 40.4377146 ], [ -79.9507936, 40.4376778 ], [ -79.9508137, 40.4376288 ], [ -79.950833, 40.4375821 ], [ -79.9508524, 40.4375351 ], [ -79.9508714, 40.4374889 ], [ -79.9508739, 40.4374829 ], [ -79.9508166, 40.4374692 ], [ -79.9508362, 40.4374215 ], [ -79.950983087138553, 40.437401545626443 ], [ -79.950934, 40.4373902 ], [ -79.9509514, 40.4373464 ], [ -79.951080380391446, 40.437328878084728 ], [ -79.951083873103343, 40.437320934190801 ], [ -79.951051, 40.4373254 ], [ -79.9509083, 40.4372916 ], [ -79.950914381464102, 40.437276711600269 ], [ -79.95087030000002, 40.4372827 ], [ -79.9507961, 40.4372645 ], [ -79.95080025930821, 40.437254708973711 ], [ -79.9507672, 40.4372592 ], [ -79.9506953, 40.4372412 ], [ -79.950699826020127, 40.437230779171905 ], [ -79.9506717, 40.437234599999975 ], [ -79.950594200000012, 40.4372165 ], [ -79.9506556, 40.4370644 ], [ -79.950867000815478, 40.437035681660333 ], [ -79.950944500842397, 40.437053781518969 ], [ -79.950939801155968, 40.437065423706521 ], [ -79.951078201216845, 40.437046622056002 ], [ -79.951150001260544, 40.437064721859663 ], [ -79.951147658565148, 40.437070120480975 ], [ -79.951179301248743, 40.437065821779107 ], [ -79.951253501291532, 40.437084021576162 ], [ -79.951246423277809, 40.437100683537039 ], [ -79.9512881013233, 40.437095021481696 ], [ -79.951430801399439, 40.437128721091298 ], [ -79.9514276464228, 40.437136450150291 ], [ -79.951465401391644, 40.437131320996279 ], [ -79.951538001436759, 40.43714982079775 ], [ -79.951502573331226, 40.43723040049116 ], [ -79.951710001584033, 40.437202220327983 ], [ -79.951784201623028, 40.437219620124964 ], [ -79.951859101663047, 40.437237319920037 ], [ -79.951848967454765, 40.437262255151467 ], [ -79.951914001707109, 40.437253419770059 ], [ -79.951989301746409, 40.437271019564065 ], [ -79.951984684126742, 40.43728241879419 ], [ -79.952017801762423, 40.437277919486107 ], [ -79.952095901809059, 40.43729741927249 ], [ -79.952092522166055, 40.437305262809609 ], [ -79.952126701806279, 40.43730061918798 ], [ -79.952201601851002, 40.437319318983128 ], [ -79.95226990189154, 40.437336318796341 ], [ -79.952264815311679, 40.437348128587345 ], [ -79.952295801912342, 40.437343918725581 ], [ -79.95236670195608, 40.437361918531693 ], [ -79.952361257716234, 40.437374356234059 ], [ -79.952397601973516, 40.437369418447162 ], [ -79.952441186932063, 40.437379916465105 ], [ -79.952532866376913, 40.437367460666529 ], [ -79.9524481, 40.437299300000014 ], [ -79.9524657, 40.4372866 ], [ -79.9524474, 40.4372719 ], [ -79.952506, 40.4372296 ], [ -79.952520419116752, 40.437227640974712 ], [ -79.9524811, 40.437196 ], [ -79.952515500000018, 40.4371003 ], [ -79.9525462, 40.437094 ], [ -79.95275760017806, 40.437065278193749 ], [ -79.952933500555289, 40.437206977877366 ], [ -79.952890916068071, 40.437237611968158 ], [ -79.953008050742753, 40.437221697237376 ], [ -79.953059450881298, 40.437263297121831 ], [ -79.953000019407938, 40.437305837178997 ], [ -79.953061038534216, 40.43729754666218 ], [ -79.953208, 40.4371579 ], [ -79.953345864449801, 40.4371391683501 ], [ -79.95330510846027, 40.437115031271212 ], [ -79.953286900320919, 40.437128115984393 ], [ -79.9529698, 40.4371712 ], [ -79.9529156, 40.4371272 ], [ -79.952928833460732, 40.437117697116847 ], [ -79.9529163, 40.4371194 ], [ -79.9528609, 40.4370744 ], [ -79.952873088565525, 40.437065637994287 ], [ -79.9528638, 40.4370669 ], [ -79.952811, 40.437024 ], [ -79.952815863861986, 40.437020500594642 ], [ -79.9528063, 40.4370218 ], [ -79.9527592, 40.4369835 ], [ -79.952841869044676, 40.436924143467351 ], [ -79.9527995, 40.43692990000001 ], [ -79.952758636166166, 40.436920165935625 ], [ -79.9527076, 40.4369271 ], [ -79.9526266, 40.4369078 ], [ -79.9527156, 40.43669 ], [ -79.9527638, 40.4365718 ], [ -79.952798309496416, 40.436567111301152 ], [ -79.952772, 40.4365608 ], [ -79.9527933, 40.4365089 ], [ -79.952835629361999, 40.436503148821544 ], [ -79.9528135, 40.4364975 ], [ -79.9528614, 40.4363876 ], [ -79.952867319701312, 40.436386795701651 ], [ -79.952861900000016, 40.4363855 ], [ -79.9528933, 40.4363087 ], [ -79.953316094981631, 40.436251254655886 ], [ -79.953620495007769, 40.436292853542916 ], [ -79.953603584295067, 40.436334226574189 ], [ -79.953638996352922, 40.436329414962792 ], [ -79.9536772963543, 40.436334414857754 ], [ -79.953675496393018, 40.436342414863226 ], [ -79.953917493159537, 40.436373875632228 ], [ -79.953941496371712, 40.436370614133253 ], [ -79.953998196373718, 40.436378013977723 ], [ -79.953982512909803, 40.43644823474645 ], [ -79.954203559367386, 40.43641819919057 ], [ -79.954250755748546, 40.436446356377886 ], [ -79.954273000880221, 40.436443333700275 ], [ -79.954294500000017, 40.4363542 ], [ -79.9543082, 40.4362968 ], [ -79.954332230292252, 40.436293534733508 ], [ -79.9543303, 40.4362917 ], [ -79.954331247924273, 40.436287735953599 ], [ -79.95408350000001, 40.4363214 ], [ -79.9539751, 40.436307 ], [ -79.953977534343807, 40.436296478686025 ], [ -79.9539369, 40.436302 ], [ -79.9538622, 40.4362921 ], [ -79.953863103309601, 40.436288315744164 ], [ -79.9538485, 40.4362903 ], [ -79.9537783, 40.436281 ], [ -79.95378039548757, 40.436272275930889 ], [ -79.9537471, 40.4362768 ], [ -79.9536719, 40.4362669 ], [ -79.953674584051967, 40.436255187774698 ], [ -79.9536296, 40.4362613 ], [ -79.9535623, 40.4362524 ], [ -79.953564536105034, 40.436242794913902 ], [ -79.9535277, 40.436247800000018 ], [ -79.953416, 40.436233 ], [ -79.9534203, 40.4362139 ], [ -79.9534144, 40.4362131 ], [ -79.95342650000002, 40.4361596 ], [ -79.9534199, 40.4361588 ], [ -79.953419949189197, 40.436158581972308 ], [ -79.9532763, 40.4361781 ], [ -79.9531439, 40.4361599 ], [ -79.9531538, 40.43611820000001 ], [ -79.9530002, 40.4360971 ], [ -79.9530018, 40.4360902 ], [ -79.9528889, 40.4360747 ], [ -79.9528954, 40.4360475 ], [ -79.953024598413293, 40.436029945850954 ], [ -79.9530372, 40.4359768 ], [ -79.953248596478474, 40.435948077243879 ], [ -79.953363202834637, 40.435963802300833 ], [ -79.953383996466684, 40.435960976996093 ], [ -79.953469096470556, 40.435972676840521 ], [ -79.953466896500927, 40.435982076844944 ], [ -79.953497131304431, 40.435986256006878 ], [ -79.9534975, 40.4359846 ], [ -79.953596592048797, 40.435971135860896 ], [ -79.953681327811765, 40.435982124362447 ], [ -79.9536887, 40.4359496 ], [ -79.9536763, 40.4359479 ], [ -79.9536827, 40.4359196 ], [ -79.953693557410574, 40.435918124733469 ], [ -79.953702, 40.4358812 ], [ -79.954019093817394, 40.435838113884536 ], [ -79.954413933424462, 40.435889977134174 ], [ -79.9544175, 40.4358736 ], [ -79.954734593366794, 40.435830511915469 ], [ -79.95489089332662, 40.435841211486149 ], [ -79.954919493419325, 40.435864411408993 ], [ -79.954953789999735, 40.435892282664618 ], [ -79.955127356632985, 40.435868696934854 ], [ -79.955166236843809, 40.435901121399667 ], [ -79.955331893247148, 40.435878610275303 ], [ -79.955435493217237, 40.435885009990699 ], [ -79.955400392549052, 40.435910905465022 ], [ -79.955504956556879, 40.435896696027434 ], [ -79.955667456526371, 40.435909295636961 ], [ -79.955666139065642, 40.435919298134415 ], [ -79.95568041378435, 40.435920479625487 ], [ -79.955743513773797, 40.435925179499122 ], [ -79.955789756503904, 40.435918895343086 ], [ -79.955981956466587, 40.435933494881226 ], [ -79.955978197280345, 40.435961618765816 ], [ -79.956148993055166, 40.435938408031184 ], [ -79.956284393019985, 40.435947607659266 ], [ -79.956295293105569, 40.435967107630546 ], [ -79.955989894690234, 40.436265808490496 ], [ -79.955990294746087, 40.436277708490195 ], [ -79.955980094797695, 40.436287408518893 ], [ -79.955963094828746, 40.43629190856597 ], [ -79.955944794923724, 40.436309808617501 ], [ -79.955945494977982, 40.436321408616337 ], [ -79.95593559503132, 40.436331508644237 ], [ -79.955917895063266, 40.43633610869324 ], [ -79.955872195299946, 40.436380708821929 ], [ -79.955873595346247, 40.436390708818735 ], [ -79.955863258587854, 40.436400501615879 ], [ -79.955874, 40.4363929 ], [ -79.956072184401208, 40.436365967566623 ], [ -79.956096684451822, 40.436386167525328 ], [ -79.956109896743243, 40.436384372014857 ], [ -79.956140996811968, 40.436410071958939 ], [ -79.956121296863557, 40.436424071995702 ], [ -79.956124596870765, 40.436426771989765 ], [ -79.956113800243401, 40.436434389653371 ], [ -79.95616249685925, 40.436427771920293 ], [ -79.956192996926632, 40.436452971865464 ], [ -79.956218796983578, 40.43647427181908 ], [ -79.956198797035611, 40.436488371856377 ], [ -79.956202697044461, 40.436491671849367 ], [ -79.956193159308611, 40.436498377690576 ], [ -79.956240297030874, 40.436491971780427 ], [ -79.956270297096864, 40.436516671726466 ], [ -79.956295397152516, 40.436537471681333 ], [ -79.956274997205313, 40.436551771719394 ], [ -79.956278397212813, 40.43655457171328 ], [ -79.956268720938652, 40.436561377944777 ], [ -79.956316597198978, 40.436554871643224 ], [ -79.956343297258087, 40.436576971595223 ], [ -79.956362397300339, 40.436592771560889 ], [ -79.956342097354678, 40.436607571598792 ], [ -79.956345997363229, 40.436610771591759 ], [ -79.956333686231247, 40.436619764121261 ], [ -79.956359748074121, 40.436641253639451 ], [ -79.95643241590912, 40.436631378151063 ], [ -79.956461615979563, 40.436655478093641 ], [ -79.956448043635589, 40.436665313183056 ], [ -79.956641746698779, 40.436638988873952 ], [ -79.956650640056068, 40.436646069317909 ], [ -79.956694646677533, 40.436640088752725 ], [ -79.956755946839166, 40.436688788614859 ], [ -79.956731546921247, 40.436706688671777 ], [ -79.956760546997543, 40.436729688606562 ], [ -79.956707347175254, 40.436768388730663 ], [ -79.956670180813347, 40.436773439689176 ], [ -79.95662954106794, 40.436803114756941 ], [ -79.956722447254734, 40.436790488697262 ], [ -79.956757147347133, 40.436818288619229 ], [ -79.956809996784315, 40.436811106270142 ], [ -79.956843596891574, 40.436838006179457 ], [ -79.956820996981051, 40.4368542062427 ], [ -79.956827206325485, 40.436859228474233 ], [ -79.956851047449803, 40.436855988406016 ], [ -79.95693034766164, 40.43691968822769 ], [ -79.95686319860468, 40.436968110494639 ], [ -79.956957547788292, 40.436955288167283 ], [ -79.957022076812066, 40.437007712613486 ], [ -79.957147347835573, 40.43699068773406 ], [ -79.957246148102769, 40.437070887511915 ], [ -79.95721979685031, 40.437089697224806 ], [ -79.957283148124944, 40.437081087427671 ], [ -79.957309848196886, 40.437102687367627 ], [ -79.95729574824334, 40.437112787400515 ], [ -79.95731922939045, 40.437131728285763 ], [ -79.957344548280631, 40.437128287289482 ], [ -79.957376148365896, 40.437153887218429 ], [ -79.957263866144331, 40.437234223944145 ], [ -79.957367148630595, 40.437220187242723 ], [ -79.957460248878164, 40.437294687033351 ], [ -79.95741769603103, 40.437325499934516 ], [ -79.957484748951543, 40.437316386978374 ], [ -79.957485453019473, 40.437316957697085 ], [ -79.957518348920004, 40.437312486901114 ], [ -79.957583049094112, 40.437364786755644 ], [ -79.95756714914657, 40.437376186792726 ], [ -79.957582049186485, 40.437388186759229 ], [ -79.957564837847102, 40.437400528423375 ], [ -79.957665949140434, 40.43738678656679 ], [ -79.95769744922417, 40.437411986495952 ], [ -79.957677149291698, 40.43742668654329 ], [ -79.957697048136808, 40.437442667719168 ], [ -79.957728549312804, 40.437438386426088 ], [ -79.957759149395017, 40.437463086357283 ], [ -79.957711442033371, 40.437497459185579 ], [ -79.957783349479939, 40.437487686303143 ], [ -79.957812549558497, 40.437511286237488 ], [ -79.957798149605907, 40.437521586271075 ], [ -79.957818223912085, 40.437537867951185 ], [ -79.95784604963184, 40.437534086161946 ], [ -79.957880149723337, 40.437561586085259 ], [ -79.957843679610519, 40.437587699674509 ], [ -79.957904849781315, 40.437579386029604 ], [ -79.957937049867468, 40.437605285957211 ], [ -79.957915049929539, 40.437618386008367 ], [ -79.957936227589727, 40.437634156523274 ], [ -79.957967649949296, 40.437629885888391 ], [ -79.957998350031446, 40.437654585819367 ], [ -79.957750000384237, 40.437833338800566 ], [ -79.9578130880668, 40.43782476463312 ], [ -79.957861577214601, 40.437863646429093 ], [ -79.957874688153765, 40.437861864528728 ], [ -79.957900788206146, 40.437882864484706 ], [ -79.957893788223402, 40.437887864496957 ], [ -79.957903188242085, 40.437895364481093 ], [ -79.957892630266088, 40.43790298181279 ], [ -79.957911888253662, 40.43790036446633 ], [ -79.957955139828684, 40.437935487287128 ], [ -79.95797, 40.4379249 ], [ -79.95801475817278, 40.437918816898168 ], [ -79.9580319, 40.4379066 ], [ -79.9580092, 40.437888200000017 ], [ -79.9580262, 40.4378761 ], [ -79.9580089, 40.437862 ], [ -79.9580535, 40.4378303 ], [ -79.958290014147224, 40.437798154828755 ], [ -79.958311575200639, 40.437782526061014 ], [ -79.9582713, 40.437788 ], [ -79.9582066, 40.4377359 ], [ -79.958220586287965, 40.437725750671426 ], [ -79.958193, 40.4377295 ], [ -79.958142548694852, 40.437688901756019 ], [ -79.9580837, 40.4376969 ], [ -79.9580243, 40.437649 ], [ -79.958084580780138, 40.437605327246828 ], [ -79.9580502, 40.43761 ], [ -79.957989, 40.4375611 ], [ -79.9579504, 40.4375302 ], [ -79.9579068, 40.4374954 ], [ -79.9578442, 40.4374454 ], [ -79.95785808206233, 40.437435232863166 ], [ -79.9578311, 40.4374389 ], [ -79.9576231, 40.4372713 ], [ -79.957630597117955, 40.437265868917393 ], [ -79.9575899, 40.4372714 ], [ -79.957582460636019, 40.437265465076116 ], [ -79.9574814, 40.4372792 ], [ -79.9574541, 40.4372564 ], [ -79.9575101, 40.4372174 ], [ -79.95755840387146, 40.437210835122137 ], [ -79.957566564790326, 40.437204436869962 ], [ -79.9574962, 40.437214 ], [ -79.9574576, 40.4371832 ], [ -79.957499, 40.437153 ], [ -79.9574855, 40.437142199999975 ], [ -79.957523388186956, 40.437114482044407 ], [ -79.9574666, 40.4371222 ], [ -79.9574151, 40.4370807 ], [ -79.957451274962409, 40.437054525647397 ], [ -79.9573926, 40.4370625 ], [ -79.9573336, 40.437015 ], [ -79.957367046446493, 40.436990790798852 ], [ -79.9573037, 40.4369994 ], [ -79.9572555, 40.4369605 ], [ -79.957280936640871, 40.436942095860758 ], [ -79.9572294, 40.436949099999978 ], [ -79.9571637, 40.4368961 ], [ -79.957188565110229, 40.436878060157333 ], [ -79.9571272, 40.4368864 ], [ -79.9570716, 40.4368417 ], [ -79.957107654612614, 40.436815551519189 ], [ -79.9570683, 40.4368209 ], [ -79.9570034, 40.4367686 ], [ -79.957023234142184, 40.436754229989546 ], [ -79.9569874, 40.4367591 ], [ -79.9569123, 40.4366986 ], [ -79.956940422587749, 40.436678222432029 ], [ -79.9568751, 40.4366871 ], [ -79.9568, 40.4366267 ], [ -79.956834018604866, 40.436602037220503 ], [ -79.9567872, 40.4366084 ], [ -79.956786027269715, 40.436607454985328 ], [ -79.9566687, 40.4366234 ], [ -79.9566219, 40.4365876 ], [ -79.956641456663462, 40.436572667370079 ], [ -79.9566265, 40.4365747 ], [ -79.956527713999932, 40.436496191908333 ], [ -79.9564136, 40.4365117 ], [ -79.9564097, 40.436508 ], [ -79.9563216, 40.4365163 ], [ -79.9562462, 40.4364681 ], [ -79.9562788, 40.4364388 ], [ -79.956490196676967, 40.436410071318434 ], [ -79.956490645185852, 40.436410284704948 ], [ -79.956563622935633, 40.436400366976535 ], [ -79.9566793, 40.4363154 ], [ -79.956844453244727, 40.436292955172647 ], [ -79.956988653482426, 40.436407554969946 ], [ -79.956898131186492, 40.436474045596981 ], [ -79.9570274843215, 40.436456465927648 ], [ -79.957089184445508, 40.436506165823609 ], [ -79.95707819447091, 40.436514138371329 ], [ -79.957125084437209, 40.436507765761952 ], [ -79.957200184588174, 40.436568265635287 ], [ -79.957157420251463, 40.436599235433924 ], [ -79.957222684645103, 40.436590365597525 ], [ -79.957297784796083, 40.43665086547086 ], [ -79.957267738322003, 40.436672637251078 ], [ -79.957303584843757, 40.436667765461578 ], [ -79.957368484974253, 40.436720065352148 ], [ -79.957351737153402, 40.43673219938966 ], [ -79.95739098498612, 40.43672686531373 ], [ -79.957446585097927, 40.436771665219979 ], [ -79.957403764590097, 40.436802685550362 ], [ -79.957464985158097, 40.436794365189265 ], [ -79.957530785290345, 40.436847365078307 ], [ -79.957487019650699, 40.436879086873063 ], [ -79.957538685360248, 40.436872065065756 ], [ -79.957586785457067, 40.436910864984625 ], [ -79.957555181456613, 40.436933795700142 ], [ -79.957618685487631, 40.436925164930358 ], [ -79.957677585606177, 40.436972664831025 ], [ -79.957642413682734, 40.436998152466799 ], [ -79.957701185649157, 40.436990164791155 ], [ -79.957752585752473, 40.437031564704498 ], [ -79.957718342593822, 40.437056408689664 ], [ -79.957787798176113, 40.437046968966371 ], [ -79.95783999828663, 40.437088568872433 ], [ -79.957816116661135, 40.43710601124053 ], [ -79.957864285911938, 40.4370994645152 ], [ -79.957920086014269, 40.43714106442097 ], [ -79.957879898736351, 40.437172544660022 ], [ -79.957962817082702, 40.437161275106284 ], [ -79.958170817570632, 40.437328874697052 ], [ -79.95813897878682, 40.437351910516561 ], [ -79.958192217615874, 40.437344674654895 ], [ -79.958244417736736, 40.437386274552139 ], [ -79.958234117766864, 40.437393774573188 ] ], [ [ -79.956322134099977, 40.438797863907432 ], [ -79.956318653665974, 40.438798336875934 ], [ -79.956319980709424, 40.438799433229363 ], [ -79.956322134099977, 40.438797863907432 ] ], [ [ -79.9562535, 40.4387622 ], [ -79.956278279565467, 40.438744008252037 ], [ -79.956257, 40.4387469 ], [ -79.956177681468134, 40.43867235250832 ], [ -79.9561295, 40.4386789 ], [ -79.9560758, 40.4386355 ], [ -79.956042457518478, 40.438608650179461 ], [ -79.956033030368232, 40.438615445061288 ], [ -79.956071767611874, 40.438647394821785 ], [ -79.956053297544244, 40.438660389364991 ], [ -79.956087323118439, 40.438686878942299 ], [ -79.95606992317046, 40.438699878977822 ], [ -79.956114906064457, 40.438735404609403 ], [ -79.956122504121552, 40.438734372095141 ], [ -79.956166004215319, 40.438769572016888 ], [ -79.956144695495439, 40.438784795598757 ], [ -79.956261919031476, 40.438768865794422 ], [ -79.9562535, 40.4387622 ] ], [ [ -79.9559792, 40.4385401 ], [ -79.9559337, 40.4385027 ], [ -79.9559473, 40.4384927 ], [ -79.9559406, 40.4384874 ], [ -79.9560364, 40.4384172 ], [ -79.956076845301098, 40.438411703805521 ], [ -79.956080709252831, 40.438408866637658 ], [ -79.9559561, 40.4384258 ], [ -79.955955294970124, 40.438425686699532 ], [ -79.9559368, 40.4384282 ], [ -79.9558992, 40.4383991 ], [ -79.9558634, 40.4383712 ], [ -79.955876219107566, 40.438361655419456 ], [ -79.955777766620017, 40.438375034137195 ], [ -79.955719903264225, 40.438416181804186 ], [ -79.955736903314218, 40.438429972789045 ], [ -79.955719903358812, 40.438442072820756 ], [ -79.955825604973725, 40.438427709085254 ], [ -79.955833490629601, 40.438434170901211 ], [ -79.955870004955059, 40.438429208963193 ], [ -79.955908605081589, 40.43846080885907 ], [ -79.955943605202208, 40.438490708764739 ], [ -79.955925805271917, 40.43850330881456 ], [ -79.955940805321191, 40.438515608774075 ], [ -79.955892447709402, 40.438549702065721 ], [ -79.955900269684861, 40.438555977806182 ], [ -79.955984693739438, 40.438544505360682 ], [ -79.9559792, 40.4385401 ] ], [ [ -79.956321502034754, 40.438094671701975 ], [ -79.956357502112553, 40.438123871637238 ], [ -79.956357502112553, 40.438123871637238 ], [ -79.956377321051789, 40.438121178333276 ], [ -79.956381516969856, 40.438124566522987 ], [ -79.956506002901463, 40.438032890154709 ], [ -79.95645810000002, 40.4380394 ], [ -79.9564407, 40.438036 ], [ -79.95642070000001, 40.4380209 ], [ -79.9564209, 40.4380097 ], [ -79.956412, 40.4380025 ], [ -79.956397, 40.438 ], [ -79.9563771, 40.437984899999989 ], [ -79.9563734, 40.4379716 ], [ -79.956429307019448, 40.437931103544933 ], [ -79.9563322, 40.4379443 ], [ -79.9563162, 40.4379448 ], [ -79.9562992, 40.4379317 ], [ -79.9562998, 40.4379183 ], [ -79.9562787, 40.4379014 ], [ -79.9562627, 40.4379011 ], [ -79.956246, 40.4378899 ], [ -79.9562467, 40.4378757 ], [ -79.956309633876373, 40.437830273262264 ], [ -79.9562307, 40.437841 ], [ -79.9562107, 40.4378431 ], [ -79.9561953, 40.4378311 ], [ -79.9561954, 40.4378172 ], [ -79.956186109122456, 40.437810244535342 ], [ -79.9560113, 40.437834 ], [ -79.9559734, 40.4378036 ], [ -79.9559345, 40.4377727 ], [ -79.9558935, 40.4377401 ], [ -79.955914510673523, 40.437724792843248 ], [ -79.9558784, 40.43772970000002 ], [ -79.9558409, 40.4376994 ], [ -79.9558031, 40.437668799999983 ], [ -79.9557601, 40.4376342 ], [ -79.9557248, 40.4376056 ], [ -79.9556875, 40.4375755 ], [ -79.9556517, 40.4375465 ], [ -79.9556795, 40.4375265 ], [ -79.955667143293596, 40.437516408691806 ], [ -79.9556363, 40.4375206 ], [ -79.9556091, 40.4374985 ], [ -79.955616900446543, 40.437492939286798 ], [ -79.955601, 40.4374951 ], [ -79.9555707, 40.4374713 ], [ -79.9555942, 40.437454 ], [ -79.955573056004525, 40.437437316067317 ], [ -79.9555614, 40.4374389 ], [ -79.955557124390523, 40.437435451008987 ], [ -79.9555288, 40.4374393 ], [ -79.955524567384117, 40.43743587266367 ], [ -79.955442009028147, 40.437494820406627 ], [ -79.955560100394052, 40.437478773071483 ], [ -79.955609100503295, 40.437519572983383 ], [ -79.955593320004141, 40.437530794747126 ], [ -79.955618500524167, 40.437527372966507 ], [ -79.955723300758251, 40.437614772778097 ], [ -79.955626545211516, 40.437682671835475 ], [ -79.95576930089284, 40.437663272695865 ], [ -79.955823601014188, 40.437708572598268 ], [ -79.955873401125004, 40.437749972508762 ], [ -79.95576790139701, 40.437823572705504 ], [ -79.955742462535895, 40.437827029609196 ], [ -79.955779702313578, 40.437857609173903 ], [ -79.955776302326854, 40.437860009183424 ], [ -79.955794102384388, 40.437874409135404 ], [ -79.955752202550542, 40.437904509252675 ], [ -79.955737078354034, 40.43790656448563 ], [ -79.955728907970339, 40.437912420986351 ], [ -79.95575020173689, 40.437929572742625 ], [ -79.955803052144233, 40.437922390867485 ], [ -79.955840152244519, 40.437952490784085 ], [ -79.9558072720029, 40.437976077412962 ], [ -79.955885575682117, 40.437965436635722 ], [ -79.9559013, 40.4379541 ], [ -79.956178764543125, 40.437916394521963 ], [ -79.956226864677888, 40.437954994408408 ], [ -79.956279664828429, 40.437997994283755 ], [ -79.956270864858865, 40.438004294305308 ], [ -79.956310502671656, 40.437998907722793 ], [ -79.956359902832475, 40.438039107589525 ], [ -79.956272514003757, 40.438101328925107 ], [ -79.956321502034754, 40.438094671701975 ] ], [ [ -79.957105238694112, 40.43850638665824 ], [ -79.9568579, 40.43854 ], [ -79.9568283, 40.4385159 ], [ -79.9568002, 40.4384932 ], [ -79.9569189, 40.4384091 ], [ -79.95696696642311, 40.438402567774553 ], [ -79.956962613323455, 40.438399144219318 ], [ -79.95673896735633, 40.438429537511389 ], [ -79.956705004821245, 40.438453769741699 ], [ -79.956720503048629, 40.438466470986434 ], [ -79.956679922924422, 40.438495236243362 ], [ -79.956690695218342, 40.438504033252876 ], [ -79.956745395273089, 40.438547933206735 ], [ -79.956700395329847, 40.438580933246108 ], [ -79.956918404922448, 40.438551306086644 ], [ -79.95694437156223, 40.438571884377161 ], [ -79.957020004912053, 40.438561605807799 ], [ -79.957023722069849, 40.438564570252069 ], [ -79.9570241, 40.43856430000001 ], [ -79.957079568993208, 40.438556761730702 ], [ -79.9570586, 40.4385397 ], [ -79.957105238694112, 40.43850638665824 ] ], [ [ -79.957070274355274, 40.438212647689298 ], [ -79.95705369170426, 40.438214901295801 ], [ -79.957060171420636, 40.43822009434848 ], [ -79.957070274355274, 40.438212647689298 ] ], [ [ -79.956483154380209, 40.438224975414748 ], [ -79.956456225778965, 40.438203719589545 ], [ -79.956413502810875, 40.438234440780803 ], [ -79.956483154380209, 40.438224975414748 ] ], [ [ -79.95658780262518, 40.438315371223219 ], [ -79.956638602733719, 40.438356171131822 ], [ -79.956608202813968, 40.438377971188551 ], [ -79.956662381424749, 40.438370608461916 ], [ -79.9566231, 40.4383391 ], [ -79.956636199241956, 40.438329635489602 ], [ -79.9566188, 40.438332 ], [ -79.9565776, 40.4382995 ], [ -79.956575300356576, 40.438297688160766 ], [ -79.956574178103423, 40.438298505023347 ], [ -79.956585902602342, 40.438307871226371 ], [ -79.956572718165759, 40.438317421154984 ], [ -79.95658780262518, 40.438315371223219 ] ], [ [ -79.955950013491687, 40.440040160903585 ], [ -79.9559328, 40.4400425 ], [ -79.955898131490628, 40.440014574631718 ], [ -79.9558089, 40.4400267 ], [ -79.95576490000002, 40.4399926 ], [ -79.955794805318206, 40.439966939811164 ], [ -79.955769786751759, 40.439970339487331 ], [ -79.955731892891279, 40.439998102580731 ], [ -79.955759492973925, 40.440020202510894 ], [ -79.955728334999193, 40.440042987193827 ], [ -79.95585259294937, 40.440026102271098 ], [ -79.955906890257566, 40.440071413222718 ], [ -79.955950013491687, 40.440040160903585 ] ], [ [ -79.956287714535023, 40.43986076311041 ], [ -79.9562558, 40.4398651 ], [ -79.9562149, 40.4398323 ], [ -79.956223619067998, 40.439825947548073 ], [ -79.9562041, 40.4398286 ], [ -79.9561524, 40.4397867 ], [ -79.956171154171429, 40.439773168212682 ], [ -79.9561459, 40.4397766 ], [ -79.956118358812461, 40.439754770124551 ], [ -79.956092282253749, 40.439773672866934 ], [ -79.956112759254509, 40.439770890259062 ], [ -79.956179259418775, 40.439820890109345 ], [ -79.956135930588658, 40.439851116769894 ], [ -79.956155259538761, 40.439848490165893 ], [ -79.956201290615567, 40.439885603585282 ], [ -79.956264692982799, 40.439876987815609 ], [ -79.956287714535023, 40.43986076311041 ] ], [ [ -79.9561646, 40.439245 ], [ -79.956201848899937, 40.439239938197595 ], [ -79.9561857, 40.439227099999989 ], [ -79.956202093601007, 40.439215162179366 ], [ -79.9561974, 40.4392158 ], [ -79.9561629, 40.4391891 ], [ -79.956177521055722, 40.439178199717205 ], [ -79.956126702584896, 40.439185105499355 ], [ -79.956158205604609, 40.4392107720506 ], [ -79.956150305625286, 40.439216372065339 ], [ -79.956097905762405, 40.439253572163118 ], [ -79.956089733103425, 40.439259400757123 ], [ -79.956110952592795, 40.439276159237352 ], [ -79.956121087858151, 40.439274781949514 ], [ -79.9561646, 40.439245 ] ], [ [ -79.9560562, 40.4391582 ], [ -79.9560863, 40.4391371 ], [ -79.9560512, 40.4391088 ], [ -79.956069, 40.4390961 ], [ -79.9560584, 40.4390875 ], [ -79.956093834490261, 40.439062064947649 ], [ -79.9560715, 40.4390651 ], [ -79.956056004992234, 40.439052566498411 ], [ -79.9560197, 40.4390575 ], [ -79.956008174581243, 40.439048167853699 ], [ -79.9559682, 40.4390536 ], [ -79.9559233, 40.4390176 ], [ -79.955941769443669, 40.439004292928132 ], [ -79.955786670857208, 40.439025369117729 ], [ -79.955822496185291, 40.439053734010699 ], [ -79.955806824922519, 40.439065190280544 ], [ -79.955849469423725, 40.43905939538076 ], [ -79.955883869520903, 40.439087195299564 ], [ -79.955833569694889, 40.439123195422702 ], [ -79.955844627081802, 40.439132183957234 ], [ -79.955958508143894, 40.439116708765077 ], [ -79.955991008246627, 40.439142508677342 ], [ -79.955962108362371, 40.439163508758242 ], [ -79.955937660194067, 40.439181278904847 ], [ -79.955952703850002, 40.439193542997245 ], [ -79.956078886692936, 40.439176396015824 ], [ -79.9560562, 40.4391582 ] ], [ [ -79.9523878, 40.437685100000017 ], [ -79.952430577699133, 40.437679288173989 ], [ -79.9523825, 40.437650400000017 ], [ -79.952429, 40.4376056 ], [ -79.952469888021199, 40.437600044885812 ], [ -79.9524106, 40.4375641 ], [ -79.9524562, 40.4375206 ], [ -79.952488273318764, 40.437516242453299 ], [ -79.952421440727321, 40.43747723799018 ], [ -79.952391402823977, 40.43754911847612 ], [ -79.952261823318693, 40.437566723232933 ], [ -79.952303001960729, 40.43757677905019 ], [ -79.952278502153362, 40.43763507909771 ], [ -79.952225663751946, 40.43764225771303 ], [ -79.952326003421774, 40.437667918663927 ], [ -79.952312103580638, 40.437699918704297 ], [ -79.952340003597925, 40.437707018628004 ], [ -79.95232084910333, 40.437750750906716 ], [ -79.9523396, 40.437732 ], [ -79.9523878, 40.437685100000017 ] ], [ [ -79.952019311139082, 40.43755931762955 ], [ -79.9519635, 40.4375669 ], [ -79.9519063, 40.4375523 ], [ -79.951934201457235, 40.437488596915472 ], [ -79.951904, 40.4374927 ], [ -79.951852766987159, 40.437479948010143 ], [ -79.951832901978989, 40.437524779910177 ], [ -79.951821801222579, 40.437526288017594 ], [ -79.951832703052574, 40.437528920012014 ], [ -79.951794634884024, 40.437620960714177 ], [ -79.951913002199717, 40.437604879766809 ], [ -79.951977802224619, 40.43762077964864 ], [ -79.951970661291057, 40.437637796496823 ], [ -79.951998728282831, 40.437633983387393 ], [ -79.9520183, 40.4375876 ], [ -79.952041990333285, 40.437584381479908 ], [ -79.9520119, 40.4375771 ], [ -79.952019311139082, 40.43755931762955 ] ], [ [ -79.9513732, 40.4374965 ], [ -79.951364414099189, 40.437494318844799 ], [ -79.951354788402057, 40.437517899574196 ], [ -79.951495153768533, 40.437498830557246 ], [ -79.951504061109645, 40.437478722140185 ], [ -79.9513732, 40.4374965 ] ], [ [ -79.954646664461862, 40.440007315524717 ], [ -79.954647362716869, 40.440008042493503 ], [ -79.954715439007302, 40.439998792544067 ], [ -79.954716794170892, 40.439997786564163 ], [ -79.954646664461862, 40.440007315524717 ] ], [ [ -79.954913335836295, 40.439697045941131 ], [ -79.9548835, 40.4397011 ], [ -79.954823335378151, 40.439652535747285 ], [ -79.954864156924785, 40.439687728193213 ], [ -79.954844157015287, 40.439702028257344 ], [ -79.954874057142888, 40.439729328165143 ], [ -79.954815857398103, 40.439769428351674 ], [ -79.95479267646823, 40.439772578126373 ], [ -79.954770257516969, 40.439785828496667 ], [ -79.954775557546384, 40.439791928480417 ], [ -79.954765062392198, 40.439799142804546 ], [ -79.954974579894639, 40.439770673902657 ], [ -79.9548975, 40.4397085 ], [ -79.954913335836295, 40.439697045941131 ] ], [ [ -79.9546554, 40.4390652 ], [ -79.954686309859866, 40.439042681392614 ], [ -79.954653478281003, 40.439047142490395 ], [ -79.954592386136198, 40.439091372440835 ], [ -79.954629805915204, 40.439121574850255 ], [ -79.954628926254742, 40.439122211299185 ], [ -79.954724759536063, 40.439109189648946 ], [ -79.954729067741297, 40.439106122690561 ], [ -79.9547101, 40.4391087 ], [ -79.9546554, 40.4390652 ] ], [ [ -79.954591326349274, 40.438999236477834 ], [ -79.95460926979483, 40.438996798362972 ], [ -79.95461368407895, 40.439000359310789 ], [ -79.954633873020313, 40.438985678782075 ], [ -79.954604296241484, 40.438989697613628 ], [ -79.954591326349274, 40.438999236477834 ] ], [ [ -79.954434947655869, 40.438878813660963 ], [ -79.954451975365146, 40.43887649999354 ], [ -79.954473528882986, 40.438860844203937 ], [ -79.954454849162431, 40.438863382345161 ], [ -79.954434947655869, 40.438878813660963 ] ], [ [ -79.954346932819021, 40.438788117082588 ], [ -79.954344369076395, 40.438789998988767 ], [ -79.954161534887731, 40.438814841598401 ], [ -79.954131891429626, 40.438836470457787 ], [ -79.954381807577334, 40.438802513082557 ], [ -79.954382806290681, 40.438803262762136 ], [ -79.954406424300672, 40.438786349607874 ], [ -79.9543538, 40.43879350000001 ], [ -79.954346932819021, 40.438788117082588 ] ], [ [ -79.954775229425252, 40.438516475695891 ], [ -79.954621376754133, 40.43853738114553 ], [ -79.954643267956058, 40.438555098255577 ], [ -79.95461963051855, 40.438572063974107 ], [ -79.954687052716949, 40.43856290270142 ], [ -79.9547399, 40.4385254 ], [ -79.954768029686065, 40.438521577733447 ], [ -79.954775229425252, 40.438516475695891 ] ], [ [ -79.9544965, 40.438433 ], [ -79.954481372904681, 40.438420883986495 ], [ -79.954467639762569, 40.438422750017054 ], [ -79.954473167514919, 40.438427198657713 ], [ -79.954453037683777, 40.438441658783162 ], [ -79.954499005779255, 40.438435412735835 ], [ -79.954507046731266, 40.438441761818382 ], [ -79.9545148, 40.4384363 ], [ -79.9545112, 40.4384334 ], [ -79.9544965, 40.438433 ] ], [ [ -79.954802826137339, 40.438080436993069 ], [ -79.9547847, 40.4380829 ], [ -79.954767803061685, 40.438068990640517 ], [ -79.954748153313503, 40.438083719497698 ], [ -79.954756204002777, 40.438090112005348 ], [ -79.954715006354732, 40.438120264961476 ], [ -79.954734482484113, 40.438117618529212 ], [ -79.954767, 40.4380946 ], [ -79.954812640956206, 40.438088398240538 ], [ -79.954802826137339, 40.438080436993069 ] ], [ [ -79.9546756, 40.4379943 ], [ -79.954708474929831, 40.437970290264452 ], [ -79.954651, 40.4379781 ], [ -79.9546195, 40.437953 ], [ -79.954596656698797, 40.437934812166588 ], [ -79.954575278122732, 40.437950044436022 ], [ -79.95462530236307, 40.437990474808679 ], [ -79.954609458197353, 40.438001932800262 ], [ -79.954643103971165, 40.438028068703609 ], [ -79.9546508, 40.4380223 ], [ -79.954702110901323, 40.438015327843765 ], [ -79.9546756, 40.4379943 ] ], [ [ -79.954581825733911, 40.437892185515445 ], [ -79.954592329105338, 40.437884544172078 ], [ -79.95457527701295, 40.437886861211638 ], [ -79.954581825733911, 40.437892185515445 ] ], [ [ -79.954511344647983, 40.437200602654983 ], [ -79.954524992428603, 40.437198748180684 ], [ -79.9545263, 40.4371978 ], [ -79.954520427232396, 40.437193126898038 ], [ -79.954511344647983, 40.437200602654983 ] ], [ [ -79.9545661, 40.4370899 ], [ -79.9546104, 40.437058 ], [ -79.954644260944832, 40.437053398896566 ], [ -79.954583467994794, 40.437004079486357 ], [ -79.9544089, 40.4370278 ], [ -79.9543571, 40.4369989 ], [ -79.9543651, 40.4369913 ], [ -79.9543509, 40.4369827 ], [ -79.954311164734449, 40.436960801811111 ], [ -79.954297234354542, 40.436975425378975 ], [ -79.954310218023807, 40.43698568242565 ], [ -79.954340218092923, 40.437009482366612 ], [ -79.954315518165913, 40.437027682417053 ], [ -79.954318337851717, 40.437029909958447 ], [ -79.954359018136174, 40.437024382329618 ], [ -79.954388218203206, 40.437047482272163 ], [ -79.95441911827433, 40.437071982211336 ], [ -79.954416361515769, 40.437073992131246 ], [ -79.954432893538581, 40.437085635164863 ], [ -79.954429887011528, 40.437088100648069 ], [ -79.954438118317867, 40.437086982173945 ], [ -79.954466918384014, 40.437109782117254 ], [ -79.954497818455138, 40.437134282056469 ], [ -79.95449334193556, 40.437138423601937 ], [ -79.954537552934241, 40.437132416161276 ], [ -79.9545241, 40.4371216 ], [ -79.9545661, 40.4370899 ] ], [ [ -79.954475268997385, 40.436613996707571 ], [ -79.95444950248725, 40.4365933947767 ], [ -79.954419405816552, 40.436621587490421 ], [ -79.954475268997385, 40.436613996707571 ] ], [ [ -79.9548907, 40.4363168 ], [ -79.954899328777273, 40.436315627466982 ], [ -79.954969587892251, 40.436266803366401 ], [ -79.9548136, 40.436288 ], [ -79.954800852864537, 40.436277565642214 ], [ -79.954743871162918, 40.436285308619546 ], [ -79.954735058701104, 40.436321997905459 ], [ -79.954688874727964, 40.436328273600509 ], [ -79.95468785876875, 40.436332598019696 ], [ -79.954633122657597, 40.436340035792881 ], [ -79.954632658835493, 40.436341998153125 ], [ -79.954640739632211, 40.436348371705662 ], [ -79.954710458783254, 40.436338897965683 ], [ -79.954721247334788, 40.43634738491361 ], [ -79.954762627585495, 40.436341761961643 ], [ -79.9547647, 40.4363403 ], [ -79.954879316439389, 40.436324725269557 ], [ -79.9548907, 40.4363168 ] ], [ [ -79.954371728971594, 40.436109383949088 ], [ -79.9543727, 40.4361051 ], [ -79.9543846, 40.43609750000001 ], [ -79.9543856, 40.4360929 ], [ -79.95440546463297, 40.436090200746193 ], [ -79.9544071, 40.4360829 ], [ -79.954465699726001, 40.436074937306152 ], [ -79.9544658, 40.4360745 ], [ -79.9544439, 40.4360716 ], [ -79.954436, 40.4360613 ], [ -79.9544138, 40.4360584 ], [ -79.954424108592846, 40.436013291272523 ], [ -79.9541569, 40.4360496 ], [ -79.953856240329443, 40.436010180838849 ], [ -79.953847036385255, 40.436051138678771 ], [ -79.953847496570617, 40.436051076149909 ], [ -79.953894596572539, 40.436057476063787 ], [ -79.953877092184868, 40.436132346448986 ], [ -79.95395474596603, 40.436121795006159 ], [ -79.953976005516537, 40.436124631742246 ], [ -79.954111096642166, 40.43610627566882 ], [ -79.9541848966457, 40.436116475533915 ], [ -79.954175178222854, 40.43615723949403 ], [ -79.954302058170299, 40.436139998937364 ], [ -79.954350953003981, 40.436146578157718 ], [ -79.9543512, 40.4361455 ], [ -79.9543591, 40.4361111 ], [ -79.954371728971594, 40.436109383949088 ] ], [ [ -79.9556789, 40.4361406 ], [ -79.955690734348792, 40.436138991785491 ], [ -79.955723909272237, 40.436107703623492 ], [ -79.955598294996136, 40.436124773803463 ], [ -79.955610194291665, 40.436134509526518 ], [ -79.955601853235024, 40.436140431733477 ], [ -79.955616014607372, 40.436152079765833 ], [ -79.955611214624525, 40.436156479775669 ], [ -79.955598855543414, 40.43616526871034 ], [ -79.955628596317325, 40.436189572889099 ], [ -79.955605612760834, 40.436205890772037 ], [ -79.95563403247435, 40.436202028730023 ], [ -79.955658, 40.4361797 ], [ -79.9556491, 40.436175299999988 ], [ -79.9556789, 40.4361406 ] ], [ [ -79.95586159783214, 40.436401676919843 ], [ -79.955855336974352, 40.436403437807087 ], [ -79.955860006237913, 40.436402803278717 ], [ -79.95586159783214, 40.436401676919843 ] ], [ [ -79.955849785391933, 40.436404999207909 ], [ -79.955846195434233, 40.436406008895126 ], [ -79.955840568028151, 40.436411509888316 ], [ -79.955849785391933, 40.436404999207909 ] ], [ [ -79.955506816235598, 40.437389286787194 ], [ -79.955555809938843, 40.437354221202938 ], [ -79.955476520497541, 40.437364995810761 ], [ -79.955478262630578, 40.437366396176628 ], [ -79.955506816235598, 40.437389286787194 ] ], [ [ -79.9553739, 40.4372699 ], [ -79.955343088143692, 40.437245165020336 ], [ -79.955327762252935, 40.437256296532588 ], [ -79.955333585088923, 40.437260906251772 ], [ -79.955354262246928, 40.437258096468888 ], [ -79.955386562336514, 40.43728379639262 ], [ -79.955357557673878, 40.437304920009005 ], [ -79.955395262398071, 40.437299796372592 ], [ -79.955419789086065, 40.437319441428087 ], [ -79.9554268, 40.4373145 ], [ -79.9553864, 40.4372814 ], [ -79.955409532809924, 40.437265057905172 ], [ -79.9553739, 40.4372699 ] ], [ [ -79.9556327239669, 40.437174895572966 ], [ -79.955610044710397, 40.437177977477859 ], [ -79.955555389887479, 40.437216842365252 ], [ -79.955564999761066, 40.437215536476835 ], [ -79.955654462955209, 40.437288868426684 ], [ -79.955704003830093, 40.437282136258382 ], [ -79.9557, 40.4372789 ], [ -79.955730987111338, 40.437256729479458 ], [ -79.9556819, 40.4372634 ], [ -79.9556433, 40.437232 ], [ -79.95564933586293, 40.43722768673647 ], [ -79.9556382, 40.4372292 ], [ -79.9555999, 40.437199 ], [ -79.9556327239669, 40.437174895572966 ] ], [ [ -79.95532211759965, 40.439581150660075 ], [ -79.955353665200732, 40.439606532003452 ], [ -79.955380680910835, 40.439586913969613 ], [ -79.9553381, 40.4395927 ], [ -79.955323291707529, 40.439580991118909 ], [ -79.95532211759965, 40.439581150660075 ] ], [ [ -79.955599906420588, 40.439401773083112 ], [ -79.955641556567016, 40.439434312121264 ], [ -79.955697054499069, 40.439426770711513 ], [ -79.955704951177935, 40.439420892732628 ], [ -79.9556865, 40.4394234 ], [ -79.9556423, 40.4393885 ], [ -79.955659180923845, 40.439376113467858 ], [ -79.9556269, 40.4393805 ], [ -79.955578, 40.4393403 ], [ -79.955585459335737, 40.439335037959765 ], [ -79.9555747, 40.4393365 ], [ -79.955565270718495, 40.43932878012599 ], [ -79.955561583094877, 40.439331438001979 ], [ -79.955572506238269, 40.439340373130676 ], [ -79.955619206340231, 40.439378573046696 ], [ -79.955583433761205, 40.439404011481777 ], [ -79.955599906420588, 40.439401773083112 ] ], [ [ -79.955294877017664, 40.439121617868736 ], [ -79.955306103440009, 40.439120092380733 ], [ -79.9553141, 40.4391143 ], [ -79.955286028892871, 40.439092018891813 ], [ -79.955270924892574, 40.439102680600236 ], [ -79.955294877017664, 40.439121617868736 ] ], [ [ -79.955503617980497, 40.438659254764431 ], [ -79.955502806254799, 40.438659809988728 ], [ -79.955371903630862, 40.438677597815733 ], [ -79.955403968184157, 40.438703996432785 ], [ -79.955400040477173, 40.438706750332827 ], [ -79.955409268187637, 40.438705496420106 ], [ -79.955450396686842, 40.43873812549397 ], [ -79.955564956549239, 40.438722558362414 ], [ -79.9555521, 40.4387122 ], [ -79.955586223619008, 40.438687620542488 ], [ -79.9555459, 40.4386931 ], [ -79.955503617980497, 40.438659254764431 ] ], [ [ -79.955378123411748, 40.43852727967537 ], [ -79.9552904, 40.4385392 ], [ -79.9552517, 40.438507699999988 ], [ -79.955333855901713, 40.438449333356118 ], [ -79.9552767, 40.4384571 ], [ -79.955242, 40.43842930000001 ], [ -79.955264679164728, 40.438412915084299 ], [ -79.9552486, 40.4384151 ], [ -79.955204724837188, 40.438379910331697 ], [ -79.955204323162363, 40.438379964913082 ], [ -79.955228095329659, 40.438399634508286 ], [ -79.955187324473968, 40.438428181776054 ], [ -79.955231203612783, 40.438462773718086 ], [ -79.955155503817053, 40.438518473859403 ], [ -79.955079255127444, 40.438528834791683 ], [ -79.955065590062489, 40.438538635588685 ], [ -79.955215267514106, 40.438518296876346 ], [ -79.955254867626394, 40.438550396782873 ], [ -79.955227281240667, 40.438570073468384 ], [ -79.955368305819533, 40.438550910351623 ], [ -79.955371435690992, 40.438553457403813 ], [ -79.955436493799041, 40.438544616923252 ], [ -79.9554368, 40.4385444 ], [ -79.955423778933365, 40.438533713745585 ], [ -79.9553915, 40.4385381 ], [ -79.955378123411748, 40.43852727967537 ] ], [ [ -79.955618498345046, 40.438242999877822 ], [ -79.9556001, 40.4382455 ], [ -79.955552, 40.438206699999981 ], [ -79.955576255346671, 40.438189265666558 ], [ -79.955537, 40.4381946 ], [ -79.955503754713988, 40.438167791733278 ], [ -79.95547212012363, 40.438190686810344 ], [ -79.955486702695225, 40.438202173237968 ], [ -79.955475085201911, 40.438210717078277 ], [ -79.955483502719716, 40.438209573244151 ], [ -79.955532402821149, 40.438247873156136 ], [ -79.955521428432618, 40.438255992295517 ], [ -79.955540702835222, 40.438253373141166 ], [ -79.955589802939713, 40.438292673052821 ], [ -79.955573637621043, 40.438304342553678 ], [ -79.955658764646543, 40.438292774781125 ], [ -79.9556583, 40.4382924 ], [ -79.955607, 40.4382511 ], [ -79.955618498345046, 40.438242999877822 ] ], [ [ -79.955373462769288, 40.438062802390853 ], [ -79.955338608293076, 40.438034742158358 ], [ -79.955302704844385, 40.438061297217175 ], [ -79.955314802348838, 40.43807077354748 ], [ -79.955373462769288, 40.438062802390853 ] ], [ [ -79.955248502292818, 40.437596671819897 ], [ -79.955261121501536, 40.437594957037163 ], [ -79.9552446, 40.4375815 ], [ -79.955298178623963, 40.43754341340253 ], [ -79.955199893274013, 40.437556769080096 ], [ -79.955248502292818, 40.437596671819897 ] ], [ [ -79.95587040804007, 40.438874344518197 ], [ -79.9558126, 40.4388822 ], [ -79.955811999350985, 40.438881714208875 ], [ -79.955781299162894, 40.438903119896104 ], [ -79.955820389047076, 40.438935940511399 ], [ -79.955883540921747, 40.438927358862408 ], [ -79.9558428, 40.4388937 ], [ -79.95587040804007, 40.438874344518197 ] ], [ [ -79.955636468784135, 40.438878095883091 ], [ -79.955524435612134, 40.438958854350552 ], [ -79.955525302507198, 40.438958736551598 ], [ -79.955527650505374, 40.438960593754004 ], [ -79.955569600000018, 40.4389316 ], [ -79.95566577970078, 40.438918530430421 ], [ -79.9556276, 40.4388868 ], [ -79.9556822, 40.4388488 ], [ -79.955781295871091, 40.43883533404162 ], [ -79.955794752794588, 40.438846543064699 ], [ -79.9558018, 40.438841600000011 ], [ -79.9557844, 40.4388278 ], [ -79.9557954, 40.438819799999976 ], [ -79.955762063680424, 40.438793477060607 ], [ -79.9557538, 40.438794599999987 ], [ -79.955724191441448, 40.438771600500615 ], [ -79.955703006789278, 40.438774479244437 ], [ -79.955739468425051, 40.438803695630838 ], [ -79.955636468784135, 40.438878095883091 ] ], [ [ -79.954907969595652, 40.436032645946092 ], [ -79.954900362248736, 40.436065980594741 ], [ -79.95494046174548, 40.436060531588915 ], [ -79.9549398, 40.43606 ], [ -79.954978, 40.4360317 ], [ -79.954968692681959, 40.436024394445298 ], [ -79.954907969595652, 40.436032645946092 ] ], [ [ -79.954891333864893, 40.436021022910815 ], [ -79.954869726247793, 40.436003642888664 ], [ -79.954849289607338, 40.436006419956776 ], [ -79.954847257379143, 40.436015197617614 ], [ -79.954891333864893, 40.436021022910815 ] ], [ [ -79.955136453241991, 40.436218150328607 ], [ -79.955132391566082, 40.436221026627365 ], [ -79.955138923685794, 40.436220138986045 ], [ -79.955136453241991, 40.436218150328607 ] ], [ [ -79.955006685171199, 40.438834331850281 ], [ -79.955010093850973, 40.438831849021845 ], [ -79.955004513859024, 40.43883260724089 ], [ -79.955006685171199, 40.438834331850281 ] ], [ [ -79.9549437, 40.43879230000001 ], [ -79.95492011794282, 40.438773060786041 ], [ -79.954860724983547, 40.438816235571004 ], [ -79.954883204915504, 40.438834574372805 ], [ -79.954979667814314, 40.438821466890261 ], [ -79.9549437, 40.43879230000001 ] ], [ [ -79.9549454, 40.4381587 ], [ -79.9549292, 40.438146 ], [ -79.954947246619355, 40.438132711656216 ], [ -79.9549098, 40.4381378 ], [ -79.954899010330436, 40.43812933426333 ], [ -79.954839395064141, 40.438171534837778 ], [ -79.954785315615467, 40.438178883232659 ], [ -79.954802904690382, 40.438192408560724 ], [ -79.95486350287959, 40.438184174380304 ], [ -79.954937125909169, 40.438243719597359 ], [ -79.954968289687685, 40.438239484982944 ], [ -79.954958, 40.4382313 ], [ -79.954971525189293, 40.438221430273067 ], [ -79.9549298, 40.438227099999985 ], [ -79.9549027, 40.4382058 ], [ -79.9549225, 40.4381912 ], [ -79.9549123, 40.438183099999989 ], [ -79.9549454, 40.4381587 ] ], [ [ -79.954770790356207, 40.438024938248013 ], [ -79.954780987882302, 40.438032797068686 ], [ -79.9547868, 40.4380287 ], [ -79.954780599546552, 40.438023605360733 ], [ -79.954770790356207, 40.438024938248013 ] ], [ [ -79.954889046974628, 40.43809370867676 ], [ -79.954882569929055, 40.43809458879263 ], [ -79.954885082031566, 40.438096640249924 ], [ -79.954889046974628, 40.43809370867676 ] ], [ [ -79.9551088, 40.4383158 ], [ -79.955099906135487, 40.438308700511961 ], [ -79.955056895802812, 40.438314544908145 ], [ -79.955037817307456, 40.438328538170047 ], [ -79.955060854171222, 40.43834719259263 ], [ -79.954959654503696, 40.438419392828642 ], [ -79.954967754525299, 40.438425892810429 ], [ -79.954871716541604, 40.438494332162513 ], [ -79.954917697456509, 40.43848808420686 ], [ -79.9549683, 40.4384509 ], [ -79.955060414331243, 40.438438383258649 ], [ -79.955033, 40.4384157 ], [ -79.9550867, 40.4383781 ], [ -79.955156679867287, 40.438368590870567 ], [ -79.9551369, 40.4383531 ], [ -79.95514981552148, 40.438343577836662 ], [ -79.9551158, 40.4383482 ], [ -79.9550911, 40.4383288 ], [ -79.9551088, 40.4383158 ] ], [ [ -79.954863056649032, 40.438286344776067 ], [ -79.954853297450327, 40.438287670871873 ], [ -79.954854034958828, 40.438288263017903 ], [ -79.954863804100867, 40.438286935570922 ], [ -79.954863056649032, 40.438286344776067 ] ], [ [ -79.9549572, 40.4393057 ], [ -79.954953672338448, 40.439302926196454 ], [ -79.954844790754592, 40.439381715852228 ], [ -79.955047025369922, 40.439354236212147 ], [ -79.9550211, 40.4393325 ], [ -79.9549938, 40.4393104 ], [ -79.955010470032505, 40.439298461641982 ], [ -79.9549572, 40.4393057 ] ], [ [ -79.954873977331388, 40.439249751936096 ], [ -79.954900870674976, 40.439246097675344 ], [ -79.954930220313273, 40.439269775763215 ], [ -79.9549377, 40.43926410000001 ], [ -79.9549081, 40.4392406 ], [ -79.954938110397833, 40.439218649169042 ], [ -79.9548899, 40.4392252 ], [ -79.954862943706999, 40.43920314485225 ], [ -79.954838589118339, 40.439206454141981 ], [ -79.954883570670148, 40.439242797716794 ], [ -79.954873977331388, 40.439249751936096 ] ], [ [ -79.955076700437616, 40.439370749688401 ], [ -79.955100562246074, 40.439353659478023 ], [ -79.955061852624681, 40.439358919389235 ], [ -79.955076700437616, 40.439370749688401 ] ], [ [ -79.9537036, 40.4376793 ], [ -79.953676947335865, 40.437660002780213 ], [ -79.9536674, 40.4376613 ], [ -79.953633805191387, 40.437636927296559 ], [ -79.953503, 40.4376547 ], [ -79.953487674562766, 40.437642908398836 ], [ -79.95342458489975, 40.437689392848483 ], [ -79.953567202712264, 40.437670015249012 ], [ -79.953615402867655, 40.437708915118947 ], [ -79.953638848711989, 40.437727508506136 ], [ -79.9536922, 40.4376897 ], [ -79.953710619666523, 40.43768719727133 ], [ -79.953726552974146, 40.437676181315531 ], [ -79.9537036, 40.4376793 ] ], [ [ -79.953457699360911, 40.437552657668824 ], [ -79.953436460860701, 40.437555543358009 ], [ -79.953446562522473, 40.437563574954183 ], [ -79.953457699360911, 40.437552657668824 ] ], [ [ -79.953289401777567, 40.437437515997956 ], [ -79.953239650074096, 40.437472978396201 ], [ -79.953297988831636, 40.437465051952096 ], [ -79.9532888, 40.4374596 ], [ -79.953323674188312, 40.437425589932829 ], [ -79.953281736751492, 40.437431287958027 ], [ -79.953289401777567, 40.437437515997956 ] ], [ [ -79.95373945329267, 40.4372699500504 ], [ -79.9536596, 40.4372808 ], [ -79.9536083, 40.4372504 ], [ -79.9536269, 40.4372322 ], [ -79.9535733, 40.437200899999972 ], [ -79.953575333140947, 40.437198883273325 ], [ -79.953548595879681, 40.437202516131315 ], [ -79.953549368564239, 40.437206352831396 ], [ -79.953599793911295, 40.437236235884299 ], [ -79.953544885816996, 40.437289968164187 ], [ -79.953571300617966, 40.437305376711791 ], [ -79.953535075619826, 40.437341447632107 ], [ -79.9536011006916, 40.437332476658348 ], [ -79.953623802680752, 40.437345973215962 ], [ -79.953670562513025, 40.437339619820875 ], [ -79.95373945329267, 40.4372699500504 ] ], [ [ -79.953658953692482, 40.436894803980685 ], [ -79.9536037, 40.4368607 ], [ -79.9536092, 40.4368555 ], [ -79.9535946, 40.43684660000001 ], [ -79.953644, 40.4368002 ], [ -79.953695266249753, 40.436793234232141 ], [ -79.9536784, 40.4367831 ], [ -79.9537012, 40.436761 ], [ -79.953711984042144, 40.436759534720956 ], [ -79.953653, 40.4367235 ], [ -79.9537521, 40.436629499999981 ], [ -79.9538045, 40.4365801 ], [ -79.953845096326134, 40.436574583924909 ], [ -79.9538195, 40.4365594 ], [ -79.953870386424541, 40.436509993439799 ], [ -79.95374807371762, 40.436526612826398 ], [ -79.953723398460212, 40.436637276403367 ], [ -79.953608249101535, 40.436652922281475 ], [ -79.953671598657408, 40.436693676500866 ], [ -79.953594298907831, 40.436763876645749 ], [ -79.95356397047486, 40.436767997479151 ], [ -79.953616398589361, 40.436801215056185 ], [ -79.953529099019804, 40.436881815301703 ], [ -79.953276782339316, 40.436916098006137 ], [ -79.953302099410095, 40.43693671592991 ], [ -79.953296455584919, 40.436940771886974 ], [ -79.953305699421207, 40.436939515920187 ], [ -79.95336099960123, 40.436984515771009 ], [ -79.953358578251766, 40.436986257793713 ], [ -79.953371399595213, 40.436984515742388 ], [ -79.95338854482435, 40.436998460023482 ], [ -79.9533992, 40.436988099999986 ], [ -79.9534342, 40.436953699999982 ], [ -79.953469100000021, 40.4369206 ], [ -79.953658953692482, 40.436894803980685 ] ], [ [ -79.953206500964825, 40.436771105826701 ], [ -79.953324594616745, 40.436755060346719 ], [ -79.953284752973275, 40.436729408446844 ], [ -79.953193693669192, 40.436741780732312 ], [ -79.95321629900144, 40.436747177338347 ], [ -79.953206500964825, 40.436771105826701 ] ], [ [ -79.953478288163993, 40.436520080444495 ], [ -79.953496568069923, 40.436517596692752 ], [ -79.95349002721639, 40.436516741494501 ], [ -79.953478899126864, 40.43651825350485 ], [ -79.953478288163993, 40.436520080444495 ] ], [ [ -79.953712920922442, 40.436069361880911 ], [ -79.9536752, 40.4360644 ], [ -79.953680653970594, 40.436040175291865 ], [ -79.9535951, 40.4360518 ], [ -79.953513383467708, 40.436041193294066 ], [ -79.953496855493327, 40.436110804143162 ], [ -79.953581942682646, 40.436099242945239 ], [ -79.9535831, 40.4360943 ], [ -79.953634341232018, 40.436087337578691 ], [ -79.9536361, 40.4360798 ], [ -79.953712920922442, 40.436069361880911 ] ], [ [ -79.954132105255098, 40.436812369305713 ], [ -79.954128177852908, 40.436810077270763 ], [ -79.954124698858365, 40.436813375675051 ], [ -79.954132105255098, 40.436812369305713 ] ], [ [ -79.953704966844413, 40.435990347224994 ], [ -79.953700719751865, 40.436009262986019 ], [ -79.953773654111316, 40.435999352905334 ], [ -79.953704966844413, 40.435990347224994 ] ], [ [ -79.954150086235913, 40.436692145634495 ], [ -79.954119509268864, 40.436696300393635 ], [ -79.954135879300097, 40.436706256394572 ], [ -79.954150086235913, 40.436692145634495 ] ], [ [ -79.9543855, 40.4372879 ], [ -79.954418788788701, 40.43726413603865 ], [ -79.9543381, 40.4372751 ], [ -79.954296701364669, 40.43724598448695 ], [ -79.954237296273902, 40.437254056371188 ], [ -79.954100201064364, 40.437385913763713 ], [ -79.953940586653403, 40.437407601552799 ], [ -79.953971600856931, 40.437430675983073 ], [ -79.95393750497945, 40.437457231573319 ], [ -79.953962200933447, 40.437453876001349 ], [ -79.954035201071434, 40.43750677586975 ], [ -79.953996901182379, 40.437537375941368 ], [ -79.954001901191774, 40.437540975932365 ], [ -79.953994401213507, 40.437546975946383 ], [ -79.95402400126963, 40.437568475893059 ], [ -79.953947940605985, 40.437629242531926 ], [ -79.953968301473367, 40.437626475997774 ], [ -79.954004251387772, 40.43765178894234 ], [ -79.954075318303182, 40.437642132671947 ], [ -79.9540417, 40.4376154 ], [ -79.9540986, 40.4375739 ], [ -79.954129186042806, 40.437569744073159 ], [ -79.9541076, 40.4375523 ], [ -79.9542662, 40.4374391 ], [ -79.954292541856532, 40.437435520711865 ], [ -79.9542559, 40.4374059 ], [ -79.9543127, 40.4373652 ], [ -79.954330675302188, 40.437362757535801 ], [ -79.954297700000012, 40.4373359 ], [ -79.9543541, 40.4372957 ], [ -79.954389247367601, 40.437290924193285 ], [ -79.9543855, 40.4372879 ] ], [ [ -79.953749881614087, 40.437070841927699 ], [ -79.953888762352278, 40.437051971495372 ], [ -79.9538753, 40.4370414 ], [ -79.9538294, 40.4370054 ], [ -79.953825602775822, 40.437002421954332 ], [ -79.953807899632068, 40.437020676265284 ], [ -79.953778499734241, 40.43704957632049 ], [ -79.953748519615303, 40.437053649857461 ], [ -79.953760299775823, 40.437060576354348 ], [ -79.953749881614087, 40.437070841927699 ] ], [ [ -79.9543375, 40.4369179 ], [ -79.954335229997866, 40.436916574657445 ], [ -79.954320798794598, 40.436931413126722 ], [ -79.954323048173336, 40.436932668585456 ], [ -79.9543375, 40.4369179 ] ], [ [ -79.953745113515453, 40.436929954080192 ], [ -79.953750545146292, 40.436933154971641 ], [ -79.953762899369224, 40.436931476343894 ], [ -79.953782299397858, 40.436942976308799 ], [ -79.953777199415555, 40.436947976318386 ], [ -79.953792499437895, 40.436956976290716 ], [ -79.953784199466867, 40.436965176306281 ], [ -79.953787972177608, 40.436967388864261 ], [ -79.953837308255302, 40.436917427106792 ], [ -79.953745113515453, 40.436929954080192 ] ], [ [ -79.953218405556342, 40.437916939268547 ], [ -79.95324576758928, 40.437896903970938 ], [ -79.953223522928226, 40.437899926308617 ], [ -79.953203722311031, 40.437918934248039 ], [ -79.953218405556342, 40.437916939268547 ] ], [ [ -79.953490076738518, 40.4382015982806 ], [ -79.953486016180491, 40.438199082967117 ], [ -79.953482272795242, 40.438202658599046 ], [ -79.953490076738518, 40.4382015982806 ] ], [ [ -79.953188829778711, 40.436496596437514 ], [ -79.953114974252031, 40.436506631215778 ], [ -79.953178738337854, 40.436521927172116 ], [ -79.953188829778711, 40.436496596437514 ] ], [ [ -79.953157866621154, 40.436574317634964 ], [ -79.953059051465203, 40.436587743631634 ], [ -79.953144412403589, 40.436608089256275 ], [ -79.953157866621154, 40.436574317634964 ] ], [ [ -79.953135367313806, 40.43687644778565 ], [ -79.9531277, 40.436871600000011 ], [ -79.9531334, 40.4368664 ], [ -79.9530955, 40.4368424 ], [ -79.953121561284817, 40.436818312521488 ], [ -79.953064523271522, 40.436826062227148 ], [ -79.953078399312972, 40.436829377594933 ], [ -79.95306529941918, 40.436861577620377 ], [ -79.953024779329752, 40.436867083028815 ], [ -79.953014268855824, 40.436892901292126 ], [ -79.953135367313806, 40.43687644778565 ] ], [ [ -79.953139616760623, 40.437782031655715 ], [ -79.953191959350278, 40.437744429231806 ], [ -79.953063879502736, 40.437761831104439 ], [ -79.953066721222214, 40.437763484957927 ], [ -79.953049415436936, 40.437780494299325 ], [ -79.953087021254518, 40.437775384917757 ], [ -79.953096153939811, 40.437780724373688 ], [ -79.953131394790958, 40.437775936298195 ], [ -79.953139616760623, 40.437782031655715 ] ], [ [ -79.952951658287404, 40.437696414941442 ], [ -79.95291614247769, 40.437732315601892 ], [ -79.952990434585544, 40.437722221839778 ], [ -79.9529638, 40.4377009 ], [ -79.952973841607403, 40.437693400981807 ], [ -79.952951658287404, 40.437696414941442 ] ], [ [ -79.952879128497671, 40.437649471930499 ], [ -79.952834880472281, 40.43765548369646 ], [ -79.952836785499414, 40.43765662821226 ], [ -79.952880685619917, 40.437650663713889 ], [ -79.952879128497671, 40.437649471930499 ] ], [ [ -79.951392595530649, 40.437418386041905 ], [ -79.951347, 40.4374076 ], [ -79.9513678, 40.4373564 ], [ -79.951349527943364, 40.437352030595171 ], [ -79.951344601659599, 40.43736308079874 ], [ -79.951255701230409, 40.437375158092479 ], [ -79.95125140176755, 40.437385980970689 ], [ -79.95120916794464, 40.437391718488307 ], [ -79.951347150333504, 40.437424559882047 ], [ -79.951392595530649, 40.437418386041905 ] ], [ [ -79.954160488360387, 40.438584828071079 ], [ -79.9541608, 40.438584 ], [ -79.954174861112179, 40.438573994734888 ], [ -79.9541314, 40.4385799 ], [ -79.95411642178334, 40.438568108643437 ], [ -79.95406593320169, 40.438574968736475 ], [ -79.954073468351936, 40.438580999628876 ], [ -79.954046825565996, 40.438600271913806 ], [ -79.954160488360387, 40.438584828071079 ] ], [ [ -79.954029602045594, 40.438501559248969 ], [ -79.954022343435028, 40.43850254550339 ], [ -79.954025107854818, 40.438504789621888 ], [ -79.954029602045594, 40.438501559248969 ] ], [ [ -79.953582235448536, 40.440061846138448 ], [ -79.9536411, 40.4400198 ], [ -79.95377323061247, 40.440001847742096 ], [ -79.953852430720417, 40.440066547653075 ], [ -79.953813357926094, 40.440094456909762 ], [ -79.953878930751316, 40.440085547623219 ], [ -79.953931330822726, 40.440128347564325 ], [ -79.953892550366163, 40.440156048055698 ], [ -79.954080796211386, 40.440130471146524 ], [ -79.954170296325643, 40.440180270994681 ], [ -79.954161390238085, 40.440189606078349 ], [ -79.954193296332036, 40.440185270955325 ], [ -79.95423338296672, 40.440207600686087 ], [ -79.954143103724434, 40.440132767402154 ], [ -79.9541252, 40.4401352 ], [ -79.9540729, 40.4400967 ], [ -79.9541038, 40.440074 ], [ -79.954095293885089, 40.440069139364738 ], [ -79.9540448, 40.440076 ], [ -79.9539824, 40.4400423 ], [ -79.9539889, 40.440034 ], [ -79.953908030185744, 40.439990566554819 ], [ -79.9538938, 40.4399925 ], [ -79.9538222, 40.4399576 ], [ -79.9538372, 40.4399393 ], [ -79.953819900000013, 40.4399307 ], [ -79.953851, 40.4398874 ], [ -79.953868257948926, 40.439885055177108 ], [ -79.9538989, 40.43985 ], [ -79.95393544295726, 40.439845034917418 ], [ -79.9539455, 40.4398331 ], [ -79.954189187921401, 40.439799989838953 ], [ -79.954233760946579, 40.439767265891987 ], [ -79.954129, 40.4397815 ], [ -79.954103405278047, 40.439761403408603 ], [ -79.9539106, 40.4397876 ], [ -79.953886164325297, 40.439767795288354 ], [ -79.953877795234163, 40.439773771480866 ], [ -79.953864904896477, 40.43977552288468 ], [ -79.953873895262376, 40.439782871487971 ], [ -79.95381669540329, 40.43982367158803 ], [ -79.9536185, 40.4398506 ], [ -79.953594652597729, 40.439831107371447 ], [ -79.953509545055297, 40.439842670636885 ], [ -79.953536812041889, 40.439864936836557 ], [ -79.953634408593999, 40.439851676708315 ], [ -79.953672508674472, 40.439881976639768 ], [ -79.953620708814213, 40.439920076736477 ], [ -79.953477284996566, 40.43993956319752 ], [ -79.953447055730209, 40.439961149309539 ], [ -79.953467495926617, 40.439958372194106 ], [ -79.953510296014215, 40.439993372121968 ], [ -79.953499757175933, 40.440000898299175 ], [ -79.953558095995717, 40.439992972039732 ], [ -79.95360369608909, 40.440030271962861 ], [ -79.953571643262464, 40.440053179830805 ], [ -79.953582235448536, 40.440061846138448 ] ] ], [ [ [ -79.95813099186644, 40.43915386414119 ], [ -79.958163791932591, 40.439180364085871 ], [ -79.958157691948074, 40.439184864096546 ], [ -79.958189298243781, 40.43921045431771 ], [ -79.958198792004751, 40.439209164026877 ], [ -79.95823099206936, 40.439235063972561 ], [ -79.958085892428329, 40.439339064226388 ], [ -79.9578877, 40.439366 ], [ -79.9578486, 40.4393345 ], [ -79.957876236154661, 40.439314656998043 ], [ -79.9578303, 40.4393209 ], [ -79.9577866, 40.4392855 ], [ -79.9579328, 40.4391808 ], [ -79.95813099186644, 40.43915386414119 ] ] ], [ [ [ -79.957736685228028, 40.439611455620884 ], [ -79.957785261089725, 40.439604853938171 ], [ -79.957793560417429, 40.439611546927658 ], [ -79.9578157, 40.4395955 ], [ -79.95804692530416, 40.439564075052999 ], [ -79.958163625577853, 40.439658074823392 ], [ -79.957857926468421, 40.439879575447357 ], [ -79.95762670000002, 40.439911 ], [ -79.9575101, 40.439817 ], [ -79.957571876941003, 40.439772224031778 ], [ -79.9575463, 40.4397757 ], [ -79.9574843, 40.4397258 ], [ -79.957503950504702, 40.439711546900583 ], [ -79.9574859, 40.439714 ], [ -79.9574192, 40.4396602 ], [ -79.957465094654765, 40.43962693347229 ], [ -79.9573844, 40.439637899999987 ], [ -79.9573426, 40.4396041 ], [ -79.957362700948423, 40.439589604605523 ], [ -79.957323, 40.439595 ], [ -79.9572773, 40.4395563 ], [ -79.9572303, 40.4395164 ], [ -79.957247942227056, 40.439504236738237 ], [ -79.9572151, 40.439508699999976 ], [ -79.9571179, 40.4394254 ], [ -79.957143464696259, 40.439407983435821 ], [ -79.9571014, 40.4394137 ], [ -79.957005400000014, 40.439333599999983 ], [ -79.957016191552228, 40.439326053951717 ], [ -79.9570004, 40.4393282 ], [ -79.956919032766876, 40.439259976054551 ], [ -79.9568438, 40.4392702 ], [ -79.9568029, 40.4392371 ], [ -79.956810027081929, 40.439231971456223 ], [ -79.9567951, 40.439234 ], [ -79.9567432, 40.4391914 ], [ -79.956845900000019, 40.4391183 ], [ -79.956883480224008, 40.439113192934364 ], [ -79.9569432, 40.4390707 ], [ -79.957087617085776, 40.439051073839686 ], [ -79.957085512576953, 40.439049400798453 ], [ -79.9570605, 40.4390528 ], [ -79.9570047, 40.4390085 ], [ -79.9570996, 40.43893880000001 ], [ -79.957264759556921, 40.438916354660435 ], [ -79.957368259727673, 40.43899865451494 ], [ -79.957288659895312, 40.439057154631016 ], [ -79.957143220496278, 40.439076919981154 ], [ -79.95714394596051, 40.439077516514345 ], [ -79.957162059977506, 40.439075054813074 ], [ -79.957202960046629, 40.439108254755595 ], [ -79.957146560208059, 40.439148810570025 ], [ -79.95721246012134, 40.439139854743054 ], [ -79.957243602963516, 40.439165954496517 ], [ -79.9572955, 40.439128599999989 ], [ -79.95746065996363, 40.439106154386231 ], [ -79.957497660026348, 40.43913625433423 ], [ -79.957453479185574, 40.439168024956722 ], [ -79.957531260068222, 40.4391574542868 ], [ -79.957567060128824, 40.439186554236507 ], [ -79.957465744411579, 40.439259383619188 ], [ -79.957613860244052, 40.439239254171241 ], [ -79.957721660417192, 40.439323054019646 ], [ -79.957636260600594, 40.439387254144229 ], [ -79.95747525769967, 40.43940913495836 ], [ -79.957483360717475, 40.439416054364344 ], [ -79.957466023986299, 40.439427858877181 ], [ -79.9575029285742, 40.439422843450224 ], [ -79.957536228621322, 40.439450943412822 ], [ -79.957569428668677, 40.439479143375529 ], [ -79.957533943116502, 40.439503596380078 ], [ -79.957587769461583, 40.439496281215732 ], [ -79.957690600000021, 40.4394246 ], [ -79.957855760570865, 40.439402153830194 ], [ -79.957957360748807, 40.439487153687502 ], [ -79.957794861076508, 40.439600653924259 ], [ -79.957733613253936, 40.439608977786904 ], [ -79.957736685228028, 40.439611455620884 ] ], [ [ -79.957389160432243, 40.439288254494947 ], [ -79.957346260518833, 40.439318254557463 ], [ -79.957357460538518, 40.439327654541728 ], [ -79.957352715551309, 40.439330974485195 ], [ -79.957367286973039, 40.439328994205169 ], [ -79.9573633, 40.4393259 ], [ -79.957437545914161, 40.439270085166534 ], [ -79.957377205083759, 40.439278285616993 ], [ -79.957389160432243, 40.439288254494947 ] ] ], [ [ [ -79.9574846, 40.446266699999988 ], [ -79.9573004, 40.4461233 ], [ -79.9573118, 40.446115 ], [ -79.957251414093207, 40.446066424588516 ], [ -79.9572435, 40.4460675 ], [ -79.9571719, 40.4460099 ], [ -79.9574757, 40.4457896 ], [ -79.957510515457471, 40.445784868981939 ], [ -79.9575557, 40.4457521 ], [ -79.9575316, 40.4457328 ], [ -79.9578679, 40.4454889 ], [ -79.958450625228366, 40.445409710476476 ], [ -79.9584588, 40.445390100000012 ], [ -79.958921289691858, 40.445327247616476 ], [ -79.958972736937284, 40.445338755373662 ], [ -79.959453579558442, 40.445273406524208 ], [ -79.959454507212754, 40.445274165903051 ], [ -79.95955207897795, 40.445260905164844 ], [ -79.959740282177421, 40.445419802627711 ], [ -79.959357089795503, 40.445695807990923 ], [ -79.959441691280261, 40.445769206851082 ], [ -79.959366692730754, 40.445821507900227 ], [ -79.959368293126872, 40.445838507883792 ], [ -79.959070299005617, 40.446051212053995 ], [ -79.958808568080457, 40.446086781474598 ], [ -79.958754995951722, 40.446217248369294 ], [ -79.9582925, 40.44628010000001 ], [ -79.9581048, 40.4462393 ], [ -79.958129934961619, 40.446179005257989 ], [ -79.9574846, 40.446266699999988 ] ] ], [ [ [ -79.957847929291461, 40.446955969291416 ], [ -79.957679729740008, 40.44707796960536 ], [ -79.957558623190025, 40.447094426370839 ], [ -79.957550829859315, 40.447100069842811 ], [ -79.957466663517792, 40.447111506839839 ], [ -79.95750133000422, 40.447140069935372 ], [ -79.957444863382563, 40.44718011874307 ], [ -79.957453187708353, 40.447178987592558 ], [ -79.957458275576897, 40.447182778856167 ], [ -79.95759743004183, 40.447163869760111 ], [ -79.957644372023324, 40.447199863463865 ], [ -79.957816529996677, 40.447176469358716 ], [ -79.957879930132776, 40.447227569244646 ], [ -79.957791430368502, 40.447291669409829 ], [ -79.957611912667431, 40.447316063517093 ], [ -79.957666446012027, 40.447360004609102 ], [ -79.957626901640609, 40.447388672591728 ], [ -79.957655718413235, 40.447410783909277 ], [ -79.957750475710824, 40.447397907652089 ], [ -79.9577455, 40.447393900000016 ], [ -79.9577792, 40.447369499999986 ], [ -79.957741, 40.4473387 ], [ -79.9577749, 40.4473141 ], [ -79.957913098694235, 40.447295320429959 ], [ -79.9578726, 40.4472627 ], [ -79.9579041, 40.4472399 ], [ -79.957883, 40.4472229 ], [ -79.9579387, 40.4471825 ], [ -79.95815012979628, 40.447153768745679 ], [ -79.95817201847133, 40.447171326017909 ], [ -79.958188629829465, 40.447169068675713 ], [ -79.958228629915524, 40.447201368603757 ], [ -79.958173430062601, 40.447241368706798 ], [ -79.958221330165401, 40.447279968620606 ], [ -79.958179130277912, 40.447310568699393 ], [ -79.9581060734196, 40.447320496456392 ], [ -79.958121330370062, 40.44733276880639 ], [ -79.958093830443573, 40.447352768857719 ], [ -79.958110630479496, 40.447366268827501 ], [ -79.958030430693157, 40.447424368977181 ], [ -79.957908172619611, 40.447440982507047 ], [ -79.957863330912147, 40.447473469285889 ], [ -79.957764874832506, 40.447486848239336 ], [ -79.95779393105623, 40.447510769414848 ], [ -79.9577463311809, 40.447544569503684 ], [ -79.95780193130399, 40.447590569403687 ], [ -79.957687831622565, 40.447677869616861 ], [ -79.957476400000019, 40.4477066 ], [ -79.95737, 40.4476192 ], [ -79.95742425019543, 40.447580692558766 ], [ -79.9573403, 40.4475921 ], [ -79.9572664, 40.4475354 ], [ -79.9572919, 40.447516 ], [ -79.957286, 40.4475115 ], [ -79.95734975285805, 40.447463005579856 ], [ -79.9572475, 40.4474769 ], [ -79.9571574, 40.4474043 ], [ -79.957208905353781, 40.44736696118008 ], [ -79.957071, 40.4473857 ], [ -79.9569959, 40.4473298 ], [ -79.95709306640417, 40.447253656153045 ], [ -79.9569956, 40.4472669 ], [ -79.9569235, 40.4472089 ], [ -79.956974493514394, 40.447171913992293 ], [ -79.9568252, 40.4471922 ], [ -79.9567295, 40.4471115 ], [ -79.956824402867014, 40.447045798102344 ], [ -79.9567243, 40.4470594 ], [ -79.9566267, 40.4469828 ], [ -79.956674313662447, 40.446947371859672 ], [ -79.956588, 40.4469591 ], [ -79.95657119129028, 40.446945856778576 ], [ -79.9565223, 40.4469525 ], [ -79.9564726, 40.4469127 ], [ -79.956595408941084, 40.446822565698653 ], [ -79.9564671, 40.44684 ], [ -79.95637, 40.4467618 ], [ -79.956439941964675, 40.446711066244667 ], [ -79.9563109, 40.4467286 ], [ -79.9562296, 40.44666320000001 ], [ -79.956328736025014, 40.446591302920694 ], [ -79.9561823, 40.4466112 ], [ -79.9560847, 40.4465327 ], [ -79.9561568, 40.4464804 ], [ -79.956283739522334, 40.446463152022574 ], [ -79.9562845, 40.4464626 ], [ -79.956484932039999, 40.446435365881918 ], [ -79.956387127744151, 40.446355624513039 ], [ -79.956322629343205, 40.446364388362312 ], [ -79.956327806869041, 40.446368533727046 ], [ -79.956252906963087, 40.446423133792578 ], [ -79.956162308877794, 40.446435443855592 ], [ -79.956161028310746, 40.446436372363316 ], [ -79.9559496, 40.446465099999976 ], [ -79.9559053, 40.4464294 ], [ -79.9559543, 40.4463939 ], [ -79.9558729, 40.4463284 ], [ -79.9559603, 40.446265 ], [ -79.956089088660761, 40.44624750093282 ], [ -79.9560057, 40.446174300000017 ], [ -79.9561677, 40.4460576 ], [ -79.956247378469598, 40.446046773578672 ], [ -79.9564109, 40.4459305 ], [ -79.956728039613509, 40.445887407094382 ], [ -79.957154841005632, 40.446235205942841 ], [ -79.957067848488663, 40.446297032827218 ], [ -79.957093327501312, 40.446293570646674 ], [ -79.957183327694068, 40.446365970484756 ], [ -79.957120254799719, 40.446411737923647 ], [ -79.957189927805629, 40.446402270474238 ], [ -79.957277627993591, 40.446472870316448 ], [ -79.957219969268152, 40.446514668025031 ], [ -79.95733622805264, 40.446498870210092 ], [ -79.957403428196699, 40.446552970089186 ], [ -79.957358438854669, 40.446585535232757 ], [ -79.957447228244192, 40.446573470009731 ], [ -79.957521328402862, 40.446633069876405 ], [ -79.957429628647361, 40.446699570047549 ], [ -79.9572182, 40.4467283 ], [ -79.9571441, 40.446668699999982 ], [ -79.957191428603295, 40.446634377756254 ], [ -79.9570404, 40.4466549 ], [ -79.9569972, 40.4466201 ], [ -79.957097759379366, 40.446547202364201 ], [ -79.9569815, 40.446563 ], [ -79.956912, 40.446507 ], [ -79.9569555, 40.446475500000012 ], [ -79.9569374, 40.4464609 ], [ -79.956953452509623, 40.446449221901858 ], [ -79.9568837, 40.4464587 ], [ -79.956863341245636, 40.446442320469565 ], [ -79.9565463, 40.4464854 ], [ -79.956537509306784, 40.446478232836824 ], [ -79.956410699945607, 40.446570168019889 ], [ -79.956455346041366, 40.446564101631765 ], [ -79.9564716, 40.4465523 ], [ -79.956603329447347, 40.446534400836939 ], [ -79.9565986, 40.446530599999981 ], [ -79.9566467, 40.4464957 ], [ -79.956858128137299, 40.446466971085805 ], [ -79.956901928231005, 40.446502171006983 ], [ -79.956853828359328, 40.446537071096778 ], [ -79.95672201356723, 40.446554982150218 ], [ -79.956710261769473, 40.446563509189993 ], [ -79.956730807107633, 40.446580033384834 ], [ -79.956691207157064, 40.446608733419488 ], [ -79.956637963867152, 40.446615968075271 ], [ -79.956533582859848, 40.446691706024893 ], [ -79.956662628864223, 40.446674171453559 ], [ -79.95669027013696, 40.44669643632114 ], [ -79.956741528881764, 40.446689471309483 ], [ -79.95679122898828, 40.446729471220067 ], [ -79.956743400956142, 40.446764186018939 ], [ -79.956743493500667, 40.446764173444024 ], [ -79.9567957, 40.4467263 ], [ -79.957007128804491, 40.446697570822593 ], [ -79.957061728921701, 40.446741570724356 ], [ -79.957047782095202, 40.446751688573073 ], [ -79.957193628840173, 40.446731870481933 ], [ -79.957230642446902, 40.446763178586281 ], [ -79.9572564, 40.4467445 ], [ -79.957362114363264, 40.446730135037747 ], [ -79.957414308674956, 40.446772107237159 ], [ -79.957502414383285, 40.446760134909709 ], [ -79.957572714458465, 40.446816634846471 ], [ -79.957459314609594, 40.446898834952293 ], [ -79.957432525800911, 40.446902475163867 ], [ -79.957396814668044, 40.44692833501027 ], [ -79.957404014675774, 40.446934135003787 ], [ -79.957335519497192, 40.446983738074515 ], [ -79.957348529566374, 40.446981970208768 ], [ -79.95741292970429, 40.447033770092887 ], [ -79.957397942947253, 40.447044636212603 ], [ -79.957431731490658, 40.447040044858362 ], [ -79.9574154, 40.447026899999983 ], [ -79.9575593, 40.4469225 ], [ -79.957770729125812, 40.446893769430318 ], [ -79.957847929291461, 40.446955969291416 ] ], [ [ -79.956943629388547, 40.446875570946894 ], [ -79.956971937224154, 40.44689777678046 ], [ -79.957013929413208, 40.44689207081867 ], [ -79.957066529522379, 40.446933270723981 ], [ -79.957008209113226, 40.446976699199702 ], [ -79.957072423558927, 40.446967973628176 ], [ -79.9570757, 40.4469656 ], [ -79.957168570024919, 40.446952980587561 ], [ -79.9571869, 40.4469397 ], [ -79.9570923, 40.4468635 ], [ -79.957151900428428, 40.446820279778052 ], [ -79.957098103663057, 40.446827589835372 ], [ -79.957082529219477, 40.446838870690456 ], [ -79.956940409995056, 40.446858182102609 ], [ -79.956910788507017, 40.446880033397271 ], [ -79.956943629388547, 40.446875570946894 ] ], [ [ -79.957418210940645, 40.447308893013989 ], [ -79.957544381951593, 40.447291748271262 ], [ -79.9575166, 40.4472694 ], [ -79.957516772941986, 40.447269274543963 ], [ -79.957458690428638, 40.447277167090789 ], [ -79.957418210940645, 40.447308893013989 ] ], [ [ -79.957296566789196, 40.447083223106119 ], [ -79.9571444, 40.4471039 ], [ -79.957144049913936, 40.447103618409344 ], [ -79.957111663766455, 40.44712603969522 ], [ -79.957232130012784, 40.447109670427899 ], [ -79.95724538230283, 40.447120331041404 ], [ -79.957316806148881, 40.447110625713186 ], [ -79.9572893, 40.4470885 ], [ -79.957296566789196, 40.447083223106119 ] ] ], [ [ [ -79.9575036, 40.4480046 ], [ -79.9575632, 40.4479625 ], [ -79.9575269, 40.447932500000014 ], [ -79.957576, 40.4478979 ], [ -79.95760007300089, 40.447894628850278 ], [ -79.9576076, 40.4478893 ], [ -79.957819032146077, 40.44786056938419 ], [ -79.9578435322004, 40.447880869340132 ], [ -79.957817132269085, 40.447899469389377 ], [ -79.957839932319672, 40.447918369348379 ], [ -79.957807532404203, 40.447941269408815 ], [ -79.957855532510408, 40.447980969322501 ], [ -79.957802332649194, 40.448018569421762 ], [ -79.957725949323802, 40.448028948836573 ], [ -79.957784132836665, 40.448075969457669 ], [ -79.957685133099389, 40.448147369642427 ], [ -79.95763494560812, 40.448154189352628 ], [ -79.957636033142592, 40.448155069732856 ], [ -79.957585433276904, 40.448191569827301 ], [ -79.957630833375021, 40.448228369745607 ], [ -79.957575033523298, 40.44826866984976 ], [ -79.957508875161579, 40.448277659668499 ], [ -79.957474233670112, 40.448302970036174 ], [ -79.957442843338384, 40.448307235433496 ], [ -79.957428333734711, 40.448317870121059 ], [ -79.957375002921381, 40.44832511681723 ], [ -79.957410333854199, 40.448353670155647 ], [ -79.95737483394872, 40.448379370221936 ], [ -79.957389633980412, 40.448391270195287 ], [ -79.957304034208121, 40.448453170355045 ], [ -79.95723492136807, 40.448462561441609 ], [ -79.957267934335533, 40.448489270422861 ], [ -79.957159434623648, 40.448567570625364 ], [ -79.957042830999328, 40.4485834145772 ], [ -79.957067534771738, 40.448603370795546 ], [ -79.956996050246019, 40.448654937194789 ], [ -79.957014526066331, 40.448669828785057 ], [ -79.956975126256353, 40.448698328918347 ], [ -79.957054726566881, 40.448762628658763 ], [ -79.956919827217007, 40.44886012911514 ], [ -79.95658170276603, 40.448906071745363 ], [ -79.956608935969854, 40.448928071651189 ], [ -79.956515936216761, 40.448995171824762 ], [ -79.956435628528808, 40.449006083406708 ], [ -79.956492136403881, 40.44905177187092 ], [ -79.956414436610302, 40.449107872015944 ], [ -79.956428636640965, 40.449119371990392 ], [ -79.956352336843679, 40.449174472132789 ], [ -79.956307305791171, 40.449180590524392 ], [ -79.956212737131253, 40.449248772392188 ], [ -79.956157044951453, 40.449256339235113 ], [ -79.95612783725403, 40.449277372549226 ], [ -79.956053733236502, 40.449287440923669 ], [ -79.956123037463641, 40.44934347256094 ], [ -79.956022637730413, 40.449415972748326 ], [ -79.956003137887279, 40.449463472786192 ], [ -79.955948442647568, 40.449470904047601 ], [ -79.955943237973614, 40.449483572896973 ], [ -79.9557318, 40.4495123 ], [ -79.9556526, 40.4494933 ], [ -79.9557173, 40.449335699999985 ], [ -79.9557962, 40.4492789 ], [ -79.955870280016072, 40.449268835055477 ], [ -79.9558664, 40.4492657 ], [ -79.9558919, 40.4492473 ], [ -79.9558641, 40.449224799999982 ], [ -79.9560089, 40.4491202 ], [ -79.956034029644385, 40.449116785688531 ], [ -79.9560338, 40.4491166 ], [ -79.9561198, 40.44905450000001 ], [ -79.956148238659566, 40.449050636066922 ], [ -79.9561987, 40.4490142 ], [ -79.956279016474838, 40.449003287395463 ], [ -79.9562255, 40.44896 ], [ -79.9563184, 40.4488929 ], [ -79.956494785244189, 40.44886893421134 ], [ -79.9565663, 40.4488173 ], [ -79.956541582952994, 40.448797279964474 ], [ -79.9565223, 40.448799899999983 ], [ -79.9564902, 40.448774 ], [ -79.9564994, 40.4487674 ], [ -79.9564651, 40.4487397 ], [ -79.9565198, 40.4487002 ], [ -79.956660659312263, 40.448681060894671 ], [ -79.956634, 40.4486595 ], [ -79.9567692, 40.448561899999987 ], [ -79.956885934185053, 40.448546038587146 ], [ -79.9568644, 40.4485286 ], [ -79.956902, 40.4485015 ], [ -79.9568751, 40.4484797 ], [ -79.956946, 40.4484286 ], [ -79.95701684230491, 40.448418974089677 ], [ -79.95707130000001, 40.44837960000001 ], [ -79.9570453, 40.4483586 ], [ -79.9571108, 40.4483112 ], [ -79.957163499710461, 40.448304039182126 ], [ -79.9571499, 40.4482932 ], [ -79.9572404, 40.448227 ], [ -79.957271397858719, 40.44822278798344 ], [ -79.957253, 40.4482079 ], [ -79.9573595, 40.448131099999976 ], [ -79.957409594197571, 40.44812429308756 ], [ -79.9573976, 40.4481146 ], [ -79.9574966, 40.4480432 ], [ -79.957542748588594, 40.448036929161148 ], [ -79.9575036, 40.4480046 ] ], [ [ -79.9576170677405, 40.447955180210947 ], [ -79.9576170677405, 40.447955180210947 ], [ -79.957617067740486, 40.447955180210961 ], [ -79.9576170677405, 40.447955180210947 ] ] ], [ [ [ -79.958066634645178, 40.448686068966175 ], [ -79.958001752005615, 40.448694885660281 ], [ -79.958019934739013, 40.448710169052923 ], [ -79.95793773495032, 40.448767269206229 ], [ -79.957897451556718, 40.448772743138527 ], [ -79.95792793505187, 40.448798369225592 ], [ -79.957869635201732, 40.448838869334317 ], [ -79.95780792434681, 40.448847254896151 ], [ -79.957806035256823, 40.448848569451421 ], [ -79.957739838080641, 40.448857564595343 ], [ -79.957768135374621, 40.44888136952239 ], [ -79.957652035672908, 40.448961969738953 ], [ -79.957520096553068, 40.448979897913212 ], [ -79.957563335877907, 40.449016269904078 ], [ -79.957459436145072, 40.449088470097855 ], [ -79.957391127450535, 40.449097751915069 ], [ -79.957409036240961, 40.449112770191405 ], [ -79.957301836516621, 40.449187270391349 ], [ -79.957219627272707, 40.449198440882647 ], [ -79.957244036639906, 40.449219370498803 ], [ -79.957124536941691, 40.449300670721627 ], [ -79.957083217819232, 40.449306285045303 ], [ -79.95711463704896, 40.449333570741231 ], [ -79.956989237362464, 40.449417870974969 ], [ -79.9567778, 40.44944659999998 ], [ -79.9566653, 40.4493489 ], [ -79.9567907, 40.4492646 ], [ -79.956831150866236, 40.449259103754493 ], [ -79.9568266, 40.4492552 ], [ -79.9569183, 40.4491928 ], [ -79.9569109, 40.4491864 ], [ -79.9569386, 40.4491675 ], [ -79.957049290147864, 40.449152459813845 ], [ -79.9571375, 40.4490911 ], [ -79.957205880488686, 40.449081808581127 ], [ -79.9571566, 40.4490404 ], [ -79.9572606, 40.4489682 ], [ -79.957392475613446, 40.448950280757167 ], [ -79.9573669, 40.4489288 ], [ -79.957483, 40.4488481 ], [ -79.95754913268587, 40.448839113769516 ], [ -79.9575078, 40.4488044 ], [ -79.9576073, 40.4487353 ], [ -79.957647489277221, 40.448729838957526 ], [ -79.9576316, 40.4487165 ], [ -79.9577138, 40.4486593 ], [ -79.957746390427019, 40.448654871477281 ], [ -79.9577061, 40.4486208 ], [ -79.9577701, 40.4485766 ], [ -79.957834149027036, 40.448567896698655 ], [ -79.9578385, 40.4485649 ], [ -79.957904774911725, 40.448555894191443 ], [ -79.957888, 40.4485418 ], [ -79.9579639, 40.4484891 ], [ -79.958049524988922, 40.44847746467596 ], [ -79.9580197, 40.4484524 ], [ -79.9580995, 40.448397 ], [ -79.958188930422068, 40.448384847438845 ], [ -79.9581582, 40.448359 ], [ -79.9582362, 40.4483048 ], [ -79.958447633208948, 40.448276068249186 ], [ -79.958542033422006, 40.448355468079484 ], [ -79.958464033622562, 40.448409668224954 ], [ -79.958374649614669, 40.448421814693518 ], [ -79.958403033759339, 40.448445668338451 ], [ -79.95832323396435, 40.448501068487289 ], [ -79.958237556695266, 40.44851271112033 ], [ -79.958257834079888, 40.448529768608523 ], [ -79.95818203427487, 40.448582468749912 ], [ -79.958115379401221, 40.448591526350725 ], [ -79.958155034419221, 40.448625068801327 ], [ -79.958066634645178, 40.448686068966175 ] ] ], [ [ [ -79.9584933, 40.448976 ], [ -79.9584005, 40.4489589 ], [ -79.9584266, 40.448876500000011 ], [ -79.958599032074616, 40.448853068087935 ], [ -79.9584633, 40.4488072 ], [ -79.958515, 40.4487179 ], [ -79.958726434399637, 40.448689167755823 ], [ -79.958871434497553, 40.448738167491953 ], [ -79.958819734798283, 40.448827467590725 ], [ -79.958651757626868, 40.448850294466915 ], [ -79.958748834953653, 40.44886816772258 ], [ -79.958730735140776, 40.448925467758308 ], [ -79.958710741372016, 40.448928184759502 ], [ -79.958704735219371, 40.448947267806965 ], [ -79.9584933, 40.448976 ] ] ], [ [ [ -79.957920072007198, 40.449270238971728 ], [ -79.957873836776301, 40.449340269348625 ], [ -79.9576624, 40.449369 ], [ -79.9576158, 40.449351 ], [ -79.9577168, 40.4491983 ], [ -79.957809921283612, 40.449185646376158 ], [ -79.957748, 40.4491503 ], [ -79.9577725, 40.4491252 ], [ -79.9577523, 40.4491136 ], [ -79.9577787, 40.4490865 ], [ -79.957762500000015, 40.4490773 ], [ -79.957894700000011, 40.4489421 ], [ -79.957924090853936, 40.448938106220069 ], [ -79.957984, 40.4488768 ], [ -79.958261508539479, 40.448839090137497 ], [ -79.958318708644939, 40.448871690001639 ], [ -79.958109109635984, 40.449086090518705 ], [ -79.95814330969948, 40.44910569043747 ], [ -79.958096809919482, 40.449153290552189 ], [ -79.957940861988504, 40.449174481631246 ], [ -79.957957536243129, 40.44918096918807 ], [ -79.957944636309136, 40.449200369212591 ], [ -79.957965936326957, 40.449208669173856 ], [ -79.957925736533667, 40.449269469250289 ], [ -79.957920072007198, 40.449270238971728 ] ] ], [ [ [ -79.958441136820227, 40.449424068311494 ], [ -79.958388575538422, 40.449431210788006 ], [ -79.958376736931911, 40.449451668430868 ], [ -79.958313499026048, 40.449460261695023 ], [ -79.958428937061356, 40.449499268337178 ], [ -79.958383937323021, 40.449576968423159 ], [ -79.95826895125812, 40.449592593582111 ], [ -79.958271837418579, 40.44959356862956 ], [ -79.958261037481549, 40.449612268650199 ], [ -79.958328537527109, 40.449635068527357 ], [ -79.958288037762827, 40.449705068604722 ], [ -79.9580766, 40.4497338 ], [ -79.9579572, 40.4496935 ], [ -79.9580086, 40.4496048 ], [ -79.958123592957961, 40.449589174174733 ], [ -79.9580485, 40.4495638 ], [ -79.9580935, 40.4494861 ], [ -79.95815673616859, 40.449477507099729 ], [ -79.9580833, 40.4494527 ], [ -79.9581398, 40.449355 ], [ -79.958171230123327, 40.449350729073551 ], [ -79.9581528, 40.449344499999981 ], [ -79.9581712, 40.449312599999985 ], [ -79.958197680900312, 40.44930900159634 ], [ -79.9582362, 40.4492425 ], [ -79.958278449785141, 40.449236758779556 ], [ -79.9582188, 40.4492171 ], [ -79.9582668, 40.4491322 ], [ -79.958425501856098, 40.449110634223508 ], [ -79.9583298, 40.449078299999989 ], [ -79.9583798, 40.448992 ], [ -79.958591235313577, 40.448963268015888 ], [ -79.958694135383155, 40.448998067828647 ], [ -79.958644235673773, 40.44908436792398 ], [ -79.958485664000179, 40.449105916329124 ], [ -79.958619935890013, 40.449150167971446 ], [ -79.958571936175474, 40.449235068063224 ], [ -79.958528226728475, 40.449241007747951 ], [ -79.958547636224182, 40.449247568108376 ], [ -79.958503636480103, 40.449323568192447 ], [ -79.958468354661747, 40.449328362618068 ], [ -79.958457436572502, 40.449347268278238 ], [ -79.958426053709189, 40.449351532863112 ], [ -79.95847383663029, 40.449367668249039 ], [ -79.958441136820227, 40.449424068311494 ] ] ], [ [ [ -79.9578331, 40.4499352 ], [ -79.9577976, 40.4499224 ], [ -79.9578214, 40.4498776 ], [ -79.958017772780352, 40.44985091624622 ], [ -79.957938500000012, 40.4498242 ], [ -79.9579816, 40.4497498 ], [ -79.958193037849881, 40.449721068779731 ], [ -79.958283537911058, 40.449751668615036 ], [ -79.958240438161312, 40.449825968697368 ], [ -79.95804613406257, 40.449852371751 ], [ -79.958198338386651, 40.449892468777534 ], [ -79.95812283880035, 40.45001476892142 ], [ -79.9579114, 40.4500435 ], [ -79.9577927, 40.4500007 ], [ -79.9578331, 40.4499352 ] ] ], [ [ [ -79.957955339882176, 40.450338269242955 ], [ -79.957890314003791, 40.4503471050973 ], [ -79.95792123995605, 40.450357569306355 ], [ -79.95789144012916, 40.450408969363295 ], [ -79.957850183651715, 40.450414575355502 ], [ -79.957880640183319, 40.450424869383788 ], [ -79.95785204034938, 40.450474169438436 ], [ -79.957801027320144, 40.450481101137918 ], [ -79.957857140428828, 40.450500069430227 ], [ -79.957816940663179, 40.450569669507026 ], [ -79.957748799538479, 40.450578928547372 ], [ -79.957789540746106, 40.450592669558304 ], [ -79.957736541054572, 40.450684269659575 ], [ -79.957694992776112, 40.450689915219158 ], [ -79.957725641107842, 40.450699869680264 ], [ -79.957662641488724, 40.450813269800825 ], [ -79.957591006563121, 40.450823003441393 ], [ -79.957644141582961, 40.450840969835994 ], [ -79.957601141833194, 40.450915269918148 ], [ -79.957485573708368, 40.450930973019297 ], [ -79.957579341990638, 40.450962669960219 ], [ -79.957523042318016, 40.45105987006778 ], [ -79.957482967769892, 40.451065315267975 ], [ -79.957538442388142, 40.451084070040601 ], [ -79.957442642945523, 40.451249570223638 ], [ -79.957368648658772, 40.451259624232421 ], [ -79.957368043009282, 40.451260670361002 ], [ -79.9571566, 40.4512894 ], [ -79.9569855, 40.45123169999998 ], [ -79.9569995, 40.451207599999982 ], [ -79.956906, 40.451176 ], [ -79.9569158, 40.4511591 ], [ -79.956891, 40.4511507 ], [ -79.9569301, 40.4510833 ], [ -79.956978243039472, 40.451076758716972 ], [ -79.9569915, 40.4510539 ], [ -79.957158409904252, 40.451031221451437 ], [ -79.957175348359698, 40.45100197782336 ], [ -79.9570773, 40.4510153 ], [ -79.957075834019861, 40.451014803745203 ], [ -79.9569662, 40.4510297 ], [ -79.9569057, 40.4510093 ], [ -79.9569231, 40.4509793 ], [ -79.956962767742624, 40.450973910265922 ], [ -79.9570132, 40.4508868 ], [ -79.957145910438413, 40.450868768181117 ], [ -79.9570059, 40.4508215 ], [ -79.957062500000021, 40.4507237 ], [ -79.957095641871163, 40.450719196889793 ], [ -79.9570658, 40.4507091 ], [ -79.957126, 40.4506051 ], [ -79.957181493347022, 40.450597559859155 ], [ -79.957110700000015, 40.4505736 ], [ -79.9571319, 40.450533 ], [ -79.957343340640818, 40.450504270373081 ], [ -79.957373025071945, 40.450512614334436 ], [ -79.957513682365942, 40.450493502175057 ], [ -79.9575182, 40.4504857 ], [ -79.95756908202496, 40.450478786230498 ], [ -79.957519, 40.4504619 ], [ -79.95752036799071, 40.450459537108848 ], [ -79.9573315, 40.4504852 ], [ -79.9571969, 40.4504397 ], [ -79.957244, 40.4503582 ], [ -79.957331204694313, 40.450346350937366 ], [ -79.9572567, 40.450321199999983 ], [ -79.9573063, 40.4502355 ], [ -79.957517739638078, 40.450206770040033 ], [ -79.957651339728486, 40.450251969796895 ], [ -79.957646171231971, 40.450260889694661 ], [ -79.957671460925013, 40.450257453332398 ], [ -79.9576636, 40.4502548 ], [ -79.957691, 40.450207399999989 ], [ -79.957757810355787, 40.450198321764582 ], [ -79.9576949, 40.4501771 ], [ -79.9577262, 40.450123 ], [ -79.957760551233406, 40.450118332319533 ], [ -79.957785800000011, 40.4500747 ], [ -79.957997238947058, 40.45004596915323 ], [ -79.958092739011306, 40.450078168979438 ], [ -79.958050439257491, 40.45015126906025 ], [ -79.957989508583864, 40.450159548527758 ], [ -79.957981339354646, 40.450173669188018 ], [ -79.957914523924302, 40.450182748249958 ], [ -79.9580135394758, 40.450216169130805 ], [ -79.957986139635409, 40.450263569183157 ], [ -79.957952656794092, 40.450268118922338 ], [ -79.957988939687141, 40.450280369178763 ], [ -79.957955339882176, 40.450338269242955 ] ], [ [ -79.957432940851703, 40.450582370212125 ], [ -79.957324666509209, 40.450597082174198 ], [ -79.957404280729008, 40.450623952663413 ], [ -79.957348623568734, 40.450720197534643 ], [ -79.957366692174205, 40.450726300940914 ], [ -79.957390108122439, 40.450723119265902 ], [ -79.957392, 40.4507197 ], [ -79.957363, 40.4507102 ], [ -79.9573775, 40.4506842 ], [ -79.957421845378221, 40.450678174496417 ], [ -79.9573899, 40.4506674 ], [ -79.957441712576866, 40.450577852228712 ], [ -79.957435178491622, 40.450578740062397 ], [ -79.957432940851703, 40.450582370212125 ] ], [ [ -79.957662141580585, 40.450339375770312 ], [ -79.95761075415821, 40.450322013138795 ], [ -79.957601740016784, 40.450337569891666 ], [ -79.957514404680808, 40.450349436917961 ], [ -79.957568840124765, 40.450367869953361 ], [ -79.957546440254774, 40.450406469996153 ], [ -79.957559453078005, 40.450410889419508 ], [ -79.957588757234348, 40.450406907604084 ], [ -79.9575674, 40.4503997 ], [ -79.9575972, 40.4503482 ], [ -79.957662141580585, 40.450339375770312 ] ], [ [ -79.957264127477984, 40.450871402927426 ], [ -79.957307052268376, 40.450885896441626 ], [ -79.957319787342271, 40.450863840125479 ], [ -79.957264127477984, 40.450871402927426 ] ], [ [ -79.957325330551129, 40.450923301214488 ], [ -79.957327625894933, 40.450922989333492 ], [ -79.957325857128765, 40.450922390645871 ], [ -79.957325330551129, 40.450923301214488 ] ] ], [ [ [ -79.957989364556127, 40.451266788502629 ], [ -79.9581499426574, 40.451244968925721 ], [ -79.958181042680238, 40.451256068869156 ], [ -79.958179416166942, 40.451258719863119 ], [ -79.958373342531317, 40.451232368515285 ], [ -79.958452942579754, 40.451257568370359 ], [ -79.95839444294225, 40.451365668482417 ], [ -79.958183, 40.4513944 ], [ -79.958115556204319, 40.451373075241271 ], [ -79.958078768213582, 40.451438145618361 ], [ -79.95813894324327, 40.451429968954031 ], [ -79.958204043287239, 40.451451968835542 ], [ -79.958189067713676, 40.451477862127334 ], [ -79.958224343345719, 40.451473068799231 ], [ -79.958294243392857, 40.451496668672036 ], [ -79.9582454436771, 40.451581068765257 ], [ -79.958034, 40.4516098 ], [ -79.9579641, 40.4515862 ], [ -79.957970688586485, 40.451574804999531 ], [ -79.9579354, 40.4515796 ], [ -79.957870200000016, 40.4515576 ], [ -79.957880750467552, 40.451539389880722 ], [ -79.9578218, 40.45154740000001 ], [ -79.957806485186538, 40.451542330091378 ], [ -79.9577206, 40.451554 ], [ -79.9576478, 40.4515305 ], [ -79.9576703, 40.4514897 ], [ -79.957794754593834, 40.451472789372801 ], [ -79.957812435974674, 40.451441498943055 ], [ -79.9576174, 40.451468 ], [ -79.9574604, 40.45141490000001 ], [ -79.9575071, 40.4513343 ], [ -79.957580644486796, 40.451324307029502 ], [ -79.9575362, 40.4513093 ], [ -79.9575824, 40.4512295 ], [ -79.957793842656216, 40.451200769577135 ], [ -79.957989364556127, 40.451266788502629 ] ], [ [ -79.957866002788037, 40.451375135322479 ], [ -79.95806004301852, 40.451348769095212 ], [ -79.9581061569572, 40.451363929751771 ], [ -79.95813403411168, 40.45131250452819 ], [ -79.957994709531519, 40.45133143611983 ], [ -79.957978943081017, 40.451358669244463 ], [ -79.957866707025886, 40.451373919861844 ], [ -79.957866002788037, 40.451375135322479 ] ] ], [ [ [ -79.9575176, 40.4519665 ], [ -79.957729044998388, 40.45193776972841 ], [ -79.957846545080258, 40.451978269514591 ], [ -79.957811145282605, 40.452038269582189 ], [ -79.9575997, 40.452067 ], [ -79.9574822, 40.4520265 ], [ -79.9575176, 40.4519665 ] ] ], [ [ [ -79.958444745460298, 40.452172768425569 ], [ -79.9582333, 40.4522015 ], [ -79.9581864, 40.4521858 ], [ -79.9582139, 40.452137699999987 ], [ -79.958425345267202, 40.452108968458369 ], [ -79.958472345298063, 40.452124568372824 ], [ -79.958444745460298, 40.452172768425569 ] ] ], [ [ [ -79.958620545335663, 40.45215476810224 ], [ -79.958773645440559, 40.452206967823621 ], [ -79.958753545556164, 40.452241267861986 ], [ -79.9585421, 40.45227 ], [ -79.9583891, 40.4522179 ], [ -79.9584091, 40.4521835 ], [ -79.958620545335663, 40.45215476810224 ] ] ], [ [ [ -79.9575548, 40.4526354 ], [ -79.957470749828531, 40.452607512041851 ], [ -79.9574046, 40.4526165 ], [ -79.9573823, 40.452609 ], [ -79.957393030388602, 40.45259022182195 ], [ -79.9573402, 40.4525974 ], [ -79.9572903, 40.4525808 ], [ -79.95730113196889, 40.452561804809832 ], [ -79.9572548, 40.452568099999986 ], [ -79.9572068, 40.452552 ], [ -79.9572236, 40.4525227 ], [ -79.9572058, 40.4525167 ], [ -79.957226171659187, 40.452481166843981 ], [ -79.9571906, 40.452486 ], [ -79.957173724813785, 40.452480334063345 ], [ -79.957112356266947, 40.452488672231709 ], [ -79.957115223463973, 40.452489635390791 ], [ -79.957076323577624, 40.452557135427938 ], [ -79.95707139734067, 40.45255780475383 ], [ -79.957185547279053, 40.452596270754526 ], [ -79.957148447495584, 40.452660570825437 ], [ -79.957108936570791, 40.452665939169393 ], [ -79.957142647550327, 40.452677270836801 ], [ -79.957110247739891, 40.452733570898722 ], [ -79.957037295815198, 40.452743482818761 ], [ -79.957079147827372, 40.452757570956841 ], [ -79.957069708777894, 40.452773955342046 ], [ -79.957258747728645, 40.452748270626898 ], [ -79.957311147763718, 40.45276587053155 ], [ -79.957301347820945, 40.452782870550266 ], [ -79.957322847835286, 40.452790070511142 ], [ -79.957316656420517, 40.452800301965695 ], [ -79.957342647848691, 40.452796770475111 ], [ -79.95741244789555, 40.452820270348063 ], [ -79.957409947908786, 40.452824170352827 ], [ -79.957406413499584, 40.452830366900137 ], [ -79.957432147908676, 40.452826870312215 ], [ -79.957507747959298, 40.452852270174617 ], [ -79.957501810659977, 40.452862453553976 ], [ -79.957527447972751, 40.452858970138756 ], [ -79.957629648041348, 40.452893369952747 ], [ -79.95762246412275, 40.452905829889261 ], [ -79.95768104803561, 40.45289786985866 ], [ -79.957757748087062, 40.452923669719041 ], [ -79.957701548414732, 40.45302096982644 ], [ -79.9574901, 40.4530497 ], [ -79.9574134, 40.453024 ], [ -79.957427049088508, 40.453000344847219 ], [ -79.9573685, 40.4530083 ], [ -79.9572658, 40.4529737 ], [ -79.957271681438954, 40.452963624240873 ], [ -79.9572461, 40.4529671 ], [ -79.9571712, 40.4529419 ], [ -79.957176970618818, 40.452931839317756 ], [ -79.9571515, 40.4529353 ], [ -79.9570794, 40.452911 ], [ -79.957085533328268, 40.452900876469052 ], [ -79.9570596, 40.4529044 ], [ -79.9569878, 40.452880200000024 ], [ -79.957001026032586, 40.452857260088471 ], [ -79.9569735, 40.452861 ], [ -79.9569137, 40.4528407 ], [ -79.956916427995651, 40.452835996938532 ], [ -79.9568325, 40.4528474 ], [ -79.9566803, 40.4527962 ], [ -79.9567156, 40.4527351 ], [ -79.956788393455255, 40.452725209818809 ], [ -79.9567327, 40.452706500000012 ], [ -79.9567652, 40.4526502 ], [ -79.956804791764895, 40.452644820792393 ], [ -79.9567542, 40.4526278 ], [ -79.9567913, 40.4525634 ], [ -79.95688393949429, 40.452550813303354 ], [ -79.9568839, 40.4525508 ], [ -79.956889700000019, 40.452540699999986 ], [ -79.9568437, 40.4525252 ], [ -79.9568809, 40.4524608 ], [ -79.956944609273563, 40.452452143923153 ], [ -79.9568889, 40.4524334 ], [ -79.9569061, 40.4524037 ], [ -79.9569225, 40.4523752 ], [ -79.957133946513636, 40.452346470838236 ], [ -79.957223150874697, 40.452376484306754 ], [ -79.957378546446961, 40.452355370389853 ], [ -79.957447346492984, 40.45237847026462 ], [ -79.957420830265093, 40.452424595969433 ], [ -79.957456346619367, 40.452419770249925 ], [ -79.957671146761655, 40.452491469858963 ], [ -79.957664164195876, 40.452503673610629 ], [ -79.957698046775135, 40.452499069809932 ], [ -79.95780694684619, 40.452535069611699 ], [ -79.957766247087065, 40.45260666968953 ], [ -79.9575548, 40.4526354 ] ] ], [ [ [ -79.958121146940627, 40.452603769038255 ], [ -79.958074247215322, 40.452685369127863 ], [ -79.9578628, 40.4527141 ], [ -79.9577901, 40.4526897 ], [ -79.957837, 40.4526081 ], [ -79.958048446892036, 40.452579369170557 ], [ -79.958121146940627, 40.452603769038255 ] ] ], [ [ [ -79.957852247809953, 40.452847169542295 ], [ -79.9576408, 40.4528759 ], [ -79.9575711, 40.4528524 ], [ -79.9576001, 40.4528022 ], [ -79.957811547593991, 40.452773469613739 ], [ -79.957881247640898, 40.452796969486883 ], [ -79.957852247809953, 40.452847169542295 ] ] ], [ [ [ -79.958032447947119, 40.452912969214559 ], [ -79.957821, 40.4529417 ], [ -79.9577334, 40.4529122 ], [ -79.9577624, 40.4528619 ], [ -79.957973847718876, 40.452833169318573 ], [ -79.958061547777703, 40.452862669158954 ], [ -79.958032447947119, 40.452912969214559 ] ] ], [ [ [ -79.958377847777911, 40.452901668580338 ], [ -79.958339847999511, 40.452967468652922 ], [ -79.9581284, 40.4529962 ], [ -79.958054, 40.4529712 ], [ -79.9580919, 40.4529054 ], [ -79.958303347728148, 40.452876668715909 ], [ -79.958377847777911, 40.452901668580338 ] ] ], [ [ [ -79.9578689, 40.4531709 ], [ -79.9578528, 40.4531658 ], [ -79.957874201618694, 40.453126081695089 ], [ -79.9577438, 40.4531438 ], [ -79.9576478, 40.4531115 ], [ -79.9576976, 40.453025299999986 ], [ -79.957909048257719, 40.452996569444629 ], [ -79.958004948322156, 40.453028869270113 ], [ -79.957968050916747, 40.453092864835597 ], [ -79.958097548432207, 40.453075269102236 ], [ -79.958247248522369, 40.453122368829632 ], [ -79.958206648774848, 40.453197668907421 ], [ -79.9579952, 40.453226399999984 ], [ -79.9578617, 40.4531843 ], [ -79.9578689, 40.4531709 ] ] ], [ [ [ -79.95797707385664, 40.453390689551675 ], [ -79.958012549441705, 40.453385869271834 ], [ -79.958136149524378, 40.453427369046864 ], [ -79.958075849877218, 40.453532169162123 ], [ -79.957970689420279, 40.45354645793347 ], [ -79.958050950010431, 40.453571469209528 ], [ -79.958027250159518, 40.453615969254969 ], [ -79.9578158, 40.4536447 ], [ -79.9577298, 40.4536179 ], [ -79.9577535, 40.45357340000001 ], [ -79.957858963541781, 40.453559070257384 ], [ -79.95782966828483, 40.453549210379691 ], [ -79.957829050029957, 40.453550369615748 ], [ -79.9576176, 40.4535791 ], [ -79.9575623, 40.4535619 ], [ -79.9575719, 40.4535439 ], [ -79.957744294832494, 40.453520476256806 ], [ -79.95774080000001, 40.4535193 ], [ -79.957750309320545, 40.453502788816017 ], [ -79.9577149, 40.4535076 ], [ -79.957706014902911, 40.45350461882208 ], [ -79.957696549993187, 40.453522369857637 ], [ -79.9574851, 40.4535511 ], [ -79.9574098, 40.453527699999981 ], [ -79.9574378, 40.453475 ], [ -79.957601381720337, 40.453452773895087 ], [ -79.957609609181461, 40.453438494845251 ], [ -79.9575713, 40.4534437 ], [ -79.9574955, 40.4534182 ], [ -79.957498649859019, 40.453412731755336 ], [ -79.9574665, 40.4534171 ], [ -79.957417436570978, 40.453400599696195 ], [ -79.957416624840036, 40.453402035134339 ], [ -79.9573109, 40.4534164 ], [ -79.9572531, 40.4533973 ], [ -79.957253539481059, 40.453396521914485 ], [ -79.9571249, 40.453414 ], [ -79.9570572, 40.4533912 ], [ -79.9570781, 40.453355 ], [ -79.957211185955714, 40.453336917812905 ], [ -79.9571796, 40.4533261 ], [ -79.957185648612509, 40.453315810798543 ], [ -79.9571688, 40.4533181 ], [ -79.95707130000001, 40.4532855 ], [ -79.957076015964546, 40.453277284835636 ], [ -79.9570472, 40.4532812 ], [ -79.9569395, 40.453245 ], [ -79.956945970181863, 40.453233743819943 ], [ -79.9569117, 40.453238399999989 ], [ -79.9568076, 40.4532034 ], [ -79.956813343035151, 40.453193420018778 ], [ -79.956734, 40.4532042 ], [ -79.9566391, 40.4531724 ], [ -79.956660368759216, 40.453135459579975 ], [ -79.9565769, 40.4531468 ], [ -79.9564822, 40.453115 ], [ -79.9565507, 40.452996 ], [ -79.956762148609357, 40.452967271547713 ], [ -79.9568568486727, 40.452999071375338 ], [ -79.956841167356899, 40.453026313600205 ], [ -79.956924648696472, 40.453014971251648 ], [ -79.957019448760093, 40.453046871079103 ], [ -79.957003002910156, 40.453075451545708 ], [ -79.957082348791715, 40.453064670964473 ], [ -79.957186448861492, 40.453099670775011 ], [ -79.957177444648366, 40.453115318040219 ], [ -79.957211648886314, 40.453110670729245 ], [ -79.95731944895843, 40.453146870533054 ], [ -79.957310298696527, 40.453162763227425 ], [ -79.957338948988621, 40.453158870497809 ], [ -79.957436349053438, 40.453191470320519 ], [ -79.957428056254443, 40.453205942188738 ], [ -79.957446249087326, 40.453203470302896 ], [ -79.957508149130049, 40.453224670190238 ], [ -79.957486141105122, 40.453262108046474 ], [ -79.957528624620451, 40.453276135028823 ], [ -79.957525598146887, 40.453281494647761 ], [ -79.957656049195762, 40.453263769920596 ], [ -79.957734549248386, 40.453290169777716 ], [ -79.957726731403525, 40.453303733713753 ], [ -79.957758849267904, 40.453299369733529 ], [ -79.957834649318443, 40.453324769595575 ], [ -79.957826873439103, 40.453338283855445 ], [ -79.957865249332698, 40.453333069539802 ], [ -79.957986749413962, 40.453373869318646 ], [ -79.95797707385664, 40.453390689551675 ] ] ], [ [ [ -79.9575407, 40.4538384 ], [ -79.9576019, 40.4537234 ], [ -79.957707625266394, 40.453709034874109 ], [ -79.957802125294336, 40.45373843478805 ], [ -79.957746046814634, 40.45384371978632 ], [ -79.957769350997594, 40.453850769738473 ], [ -79.957741851174887, 40.45390376979126 ], [ -79.9575304, 40.4539325 ], [ -79.957459, 40.453911 ], [ -79.9574865, 40.453857900000017 ], [ -79.957567914956854, 40.45384683808706 ], [ -79.9575407, 40.4538384 ] ] ], [ [ [ -79.9574535, 40.4540003 ], [ -79.9574863, 40.45393880000001 ], [ -79.957697751211768, 40.453910069872478 ], [ -79.957801251272642, 40.453942169683963 ], [ -79.95777119846403, 40.453998783345419 ], [ -79.957859077335357, 40.454026004518269 ], [ -79.957827477633884, 40.454085404609188 ], [ -79.9575103, 40.4541285 ], [ -79.9574099, 40.4540973 ], [ -79.9574415, 40.454038 ], [ -79.957534250161345, 40.454025398033707 ], [ -79.9574535, 40.4540003 ] ] ], [ [ [ -79.958071252744105, 40.454443369210566 ], [ -79.958057152863404, 40.454479569238046 ], [ -79.9578457, 40.4545083 ], [ -79.9577992, 40.4544977 ], [ -79.9578133, 40.4544615 ], [ -79.95802475272879, 40.454432769295437 ], [ -79.958071252744105, 40.454443369210566 ] ] ], [ [ [ -79.957212029398789, 40.439806943794274 ], [ -79.957293329505418, 40.439871243702846 ], [ -79.957242729590902, 40.439908543761867 ], [ -79.9571106, 40.4399265 ], [ -79.9570294, 40.4398623 ], [ -79.9570799, 40.4398249 ], [ -79.957212029398789, 40.439806943794274 ] ] ], [ [ [ -79.957636907336251, 40.439943869370431 ], [ -79.957591107455144, 40.439976069455859 ], [ -79.9573797, 40.4400048 ], [ -79.9573559, 40.4399851 ], [ -79.9574017, 40.4399529 ], [ -79.957613107283564, 40.439924169413217 ], [ -79.957636907336251, 40.439943869370431 ] ] ], [ [ [ -79.957087, 40.4479994 ], [ -79.957058278522695, 40.447976760723229 ], [ -79.957049587222286, 40.447977941693964 ], [ -79.957071909130804, 40.447995133120664 ], [ -79.957036809176358, 40.448021733151393 ], [ -79.957017910249377, 40.448024301124327 ], [ -79.956991392579923, 40.448043427749901 ], [ -79.957064833194465, 40.448101270778416 ], [ -79.957051333231107, 40.448111270803636 ], [ -79.957076533283612, 40.448131070758272 ], [ -79.956924233697109, 40.448243871042649 ], [ -79.9567128, 40.4482726 ], [ -79.9565939, 40.448179 ], [ -79.956680316225729, 40.448114995789233 ], [ -79.9566192, 40.4481233 ], [ -79.9565398, 40.4480607 ], [ -79.956587605226943, 40.448025312382498 ], [ -79.9564957, 40.4480378 ], [ -79.9563984, 40.4479612 ], [ -79.956486844228721, 40.447895632080204 ], [ -79.9563811, 40.44791 ], [ -79.9562983, 40.4478447 ], [ -79.956353871648687, 40.447803555632952 ], [ -79.9562483, 40.4478179 ], [ -79.9562076, 40.4477839 ], [ -79.9562187, 40.4477762 ], [ -79.9561496, 40.4477187 ], [ -79.956212, 40.447675 ], [ -79.956242925211384, 40.447670798100638 ], [ -79.9562576, 40.4476605 ], [ -79.956469031949084, 40.447631771850858 ], [ -79.956490436528583, 40.447649644392477 ], [ -79.9565267, 40.4476228 ], [ -79.9566867313264, 40.44760105551002 ], [ -79.9567399, 40.4475616 ], [ -79.956951331451663, 40.447532870961673 ], [ -79.957043831645024, 40.447605770795171 ], [ -79.957015915772573, 40.44762645519684 ], [ -79.957142989548657, 40.447609188327576 ], [ -79.957236489793033, 40.447682888117207 ], [ -79.957192085872762, 40.447715780165488 ], [ -79.957256789877903, 40.447706988071971 ], [ -79.957353890131543, 40.447783487853492 ], [ -79.957349295157101, 40.447786891404135 ], [ -79.957440448097543, 40.447774505258366 ], [ -79.957541848414962, 40.447854304984581 ], [ -79.957404148975812, 40.447956305370255 ], [ -79.957087, 40.4479994 ] ], [ [ -79.9568423, 40.4479585 ], [ -79.956850702775199, 40.447952823661709 ], [ -79.956767812598784, 40.44796408657124 ], [ -79.956756637489107, 40.447972371258835 ], [ -79.956844530322655, 40.44796042860915 ], [ -79.9568423, 40.4479585 ] ], [ [ -79.9567722, 40.4478219 ], [ -79.956911420303044, 40.447802983008245 ], [ -79.956920839100846, 40.4477960033446 ], [ -79.9568561, 40.4478048 ], [ -79.956848625574821, 40.44779891896188 ], [ -79.9568024, 40.4478052 ], [ -79.956767186646516, 40.447777424637593 ], [ -79.956763132302143, 40.447780271317825 ], [ -79.956663239172059, 40.447793844498584 ], [ -79.956686132431244, 40.447811871460473 ], [ -79.956613884725243, 40.447865440038221 ], [ -79.956650186713375, 40.447860507464711 ], [ -79.9566728, 40.4478452 ], [ -79.956756044657794, 40.447833888972845 ], [ -79.9567722, 40.4478219 ] ], [ [ -79.956703704323971, 40.447668286242092 ], [ -79.956585760552016, 40.447684312047308 ], [ -79.95659663209338, 40.447693371619472 ], [ -79.956500498950362, 40.44776064415251 ], [ -79.956561101207456, 40.447752409792983 ], [ -79.9565661, 40.4477489 ], [ -79.956591417027226, 40.447745460025928 ], [ -79.9566395, 40.4477131 ], [ -79.956742809032974, 40.447699062678218 ], [ -79.956703704323971, 40.447668286242092 ] ], [ [ -79.957052555956508, 40.447887879765844 ], [ -79.956984874522149, 40.447897076286075 ], [ -79.956990832595963, 40.447901770905432 ], [ -79.95698073548327, 40.447909253120535 ], [ -79.956997809014268, 40.447906933182573 ], [ -79.957011184349554, 40.447918503890207 ], [ -79.957052555956508, 40.447887879765844 ] ] ], [ [ [ -79.9573407, 40.4493859 ], [ -79.957439811093565, 40.449372432832654 ], [ -79.957481911135744, 40.449406232797131 ], [ -79.957432411197772, 40.44944223284044 ], [ -79.9573333, 40.4494557 ], [ -79.9572911, 40.4494219 ], [ -79.9573407, 40.4493859 ] ] ], [ [ [ -79.9571767, 40.4494836 ], [ -79.957388137324472, 40.449454870244772 ], [ -79.95746943749829, 40.449520170098495 ], [ -79.957349037820279, 40.449607770323233 ], [ -79.95713760000001, 40.4496365 ], [ -79.9570563, 40.4495712 ], [ -79.9571767, 40.4494836 ] ] ], [ [ [ -79.957016239356449, 40.45005547095348 ], [ -79.956892737720395, 40.450072251627148 ], [ -79.956872339511463, 40.450087071218896 ], [ -79.956775471014836, 40.450100233019377 ], [ -79.956827240743721, 40.450141805477259 ], [ -79.956877539660042, 40.450134971211455 ], [ -79.956906139721283, 40.450157971159996 ], [ -79.956877739797335, 40.450178671213003 ], [ -79.95670024299605, 40.450202788118794 ], [ -79.956728740002745, 40.450225671488454 ], [ -79.956659340188352, 40.450276171618 ], [ -79.956601229372637, 40.450284067176632 ], [ -79.956625640287839, 40.450303671681034 ], [ -79.956595279478961, 40.450325742975487 ], [ -79.956725340263105, 40.450308071498306 ], [ -79.956763640344789, 40.450338771429386 ], [ -79.956723140453207, 40.450368271504999 ], [ -79.9565117, 40.450397 ], [ -79.956507480655134, 40.450393617916163 ], [ -79.956471661929982, 40.450419654138692 ], [ -79.956620940590511, 40.450399371693884 ], [ -79.956655740664772, 40.45042727163127 ], [ -79.956631640729427, 40.45044487167624 ], [ -79.9564202, 40.4504736 ], [ -79.956413338470298, 40.450468098948662 ], [ -79.956387785524399, 40.450486672783164 ], [ -79.956511440854499, 40.45046987189788 ], [ -79.956554740947155, 40.450504671819964 ], [ -79.95652424102876, 40.450526871876889 ], [ -79.9563128, 40.4505556 ], [ -79.956302882859475, 40.450547648011693 ], [ -79.956242841340369, 40.450591372396012 ], [ -79.956183377498903, 40.450599451528035 ], [ -79.956187641397889, 40.450602872497811 ], [ -79.956124485428219, 40.450648780958154 ], [ -79.956296041427009, 40.450625472299912 ], [ -79.956327641494326, 40.450650772243044 ], [ -79.956300541566748, 40.450670472293631 ], [ -79.9560891, 40.4506992 ], [ -79.9560575, 40.4506739 ], [ -79.956074156743966, 40.450661791594172 ], [ -79.956037668073961, 40.450666749117893 ], [ -79.956085641759273, 40.450705272689454 ], [ -79.95604399846998, 40.450735521892348 ], [ -79.956166541770742, 40.450718872541621 ], [ -79.956199241840778, 40.450745172482769 ], [ -79.956149241974231, 40.450781472576111 ], [ -79.9559378, 40.4508102 ], [ -79.955922197228176, 40.450797736813982 ], [ -79.955887442205977, 40.45082297305828 ], [ -79.955833063874437, 40.450830361041611 ], [ -79.955851442289372, 40.450845073125279 ], [ -79.955796342437068, 40.450885273228167 ], [ -79.955762320630996, 40.450889895491152 ], [ -79.955753142489314, 40.450896573307929 ], [ -79.955694577518869, 40.450904530018107 ], [ -79.955731442618131, 40.450934873349418 ], [ -79.955695083756368, 40.45096064299095 ], [ -79.955843542592362, 40.450940473144001 ], [ -79.955887442686048, 40.450975673064995 ], [ -79.955845842797075, 40.451005873142648 ], [ -79.9556344, 40.4510346 ], [ -79.9555906, 40.4509994 ], [ -79.955609796913038, 40.450985430203502 ], [ -79.955518829986346, 40.450997788936007 ], [ -79.955550842931942, 40.451012473684187 ], [ -79.955499471485155, 40.451077824735783 ], [ -79.955642643040747, 40.451058373517775 ], [ -79.955708743110733, 40.451088773397849 ], [ -79.955672843268317, 40.451134473465721 ], [ -79.955504933119201, 40.451157285654659 ], [ -79.955474843649881, 40.451231473833275 ], [ -79.955366774442183, 40.451246155877307 ], [ -79.955399649750518, 40.451253954933613 ], [ -79.955587943596356, 40.451228373625625 ], [ -79.955655543620523, 40.451244373502306 ], [ -79.95561654393741, 40.451340373578084 ], [ -79.9554051, 40.4513691 ], [ -79.9553376, 40.4513531 ], [ -79.955338689072263, 40.451350412319258 ], [ -79.95531719780125, 40.451353332052669 ], [ -79.955416244129339, 40.451376773947189 ], [ -79.955387444363694, 40.451447774003157 ], [ -79.95527443945555, 40.451463126455366 ], [ -79.955295286406312, 40.451468066058673 ], [ -79.955460844328385, 40.451445573868376 ], [ -79.955520744349542, 40.451459673759103 ], [ -79.955499344523517, 40.451512373800696 ], [ -79.955347146812343, 40.451533050952847 ], [ -79.955337444726368, 40.451556974099695 ], [ -79.955234498876848, 40.451570959897118 ], [ -79.955331267807807, 40.451593881080669 ], [ -79.955301868068858, 40.451666181143167 ], [ -79.955225347638489, 40.451676576858823 ], [ -79.955288645168423, 40.451691574195159 ], [ -79.955254945443045, 40.451774774260663 ], [ -79.955206403607903, 40.451781368906531 ], [ -79.955247745497388, 40.451791174274589 ], [ -79.955236245590811, 40.451819474296926 ], [ -79.955188161869899, 40.451826006693032 ], [ -79.955240045648452, 40.451838274290793 ], [ -79.955229945730636, 40.451863174310432 ], [ -79.955129312061331, 40.451876845820451 ], [ -79.955113745939073, 40.451915174525915 ], [ -79.954976256091882, 40.45193385292184 ], [ -79.954994593872328, 40.451939583444634 ], [ -79.955053546013914, 40.451931574637079 ], [ -79.955127246053635, 40.451953274502827 ], [ -79.955115146133153, 40.451977074526049 ], [ -79.955019414958457, 40.451990079891203 ], [ -79.954979946457712, 40.452063674777932 ], [ -79.9547685, 40.4520924 ], [ -79.9546917, 40.4520684 ], [ -79.9547508, 40.4519582 ], [ -79.954885415531123, 40.451939912368267 ], [ -79.9547884, 40.451917 ], [ -79.9548189, 40.4518418 ], [ -79.954985313664736, 40.451819192396684 ], [ -79.9549895, 40.4518088 ], [ -79.955038038306697, 40.451802205930413 ], [ -79.9549038, 40.4517704 ], [ -79.9549375, 40.451687199999981 ], [ -79.954994229753325, 40.451679493107477 ], [ -79.954966, 40.4516728 ], [ -79.9549953, 40.4516005 ], [ -79.955118070605366, 40.451583821152205 ], [ -79.9550015, 40.4515562 ], [ -79.9550307, 40.4514842 ], [ -79.955143681620427, 40.451468850962691 ], [ -79.9550315, 40.4514423 ], [ -79.9550603, 40.4513713 ], [ -79.955173353813919, 40.451355941096566 ], [ -79.9550642, 40.451330099999986 ], [ -79.9550926, 40.45126 ], [ -79.955200584485183, 40.451245329733808 ], [ -79.9550995, 40.4512214 ], [ -79.9551358, 40.4511319 ], [ -79.955271052694613, 40.451113525094883 ], [ -79.955181400000015, 40.4510724 ], [ -79.9552413, 40.4509962 ], [ -79.955366837710145, 40.450979144784348 ], [ -79.9553055, 40.4509287 ], [ -79.9553979, 40.4508631 ], [ -79.95545441388883, 40.450855422097298 ], [ -79.9554349, 40.4508398 ], [ -79.955478, 40.4508083 ], [ -79.955486171365479, 40.450807189844006 ], [ -79.9555232, 40.450780300000027 ], [ -79.955577829955175, 40.450772877975368 ], [ -79.9555593, 40.450758 ], [ -79.9556377, 40.450701 ], [ -79.955704794094473, 40.450691884513354 ], [ -79.9556738, 40.450667 ], [ -79.9557351, 40.4506223 ], [ -79.955811335707381, 40.450611942439643 ], [ -79.9557902, 40.450595 ], [ -79.9558639, 40.4505415 ], [ -79.955923447501362, 40.450533409663507 ], [ -79.9558999, 40.4505145 ], [ -79.9559757, 40.4504594 ], [ -79.956027014922569, 40.450452428112456 ], [ -79.9560089, 40.4504379 ], [ -79.956077, 40.4503884 ], [ -79.956141704011372, 40.450379608934924 ], [ -79.9561235, 40.450365 ], [ -79.9561938, 40.4503139 ], [ -79.956267117080714, 40.45030393862146 ], [ -79.9562398, 40.450282 ], [ -79.9562984, 40.4502394 ], [ -79.956356501639476, 40.450231505839419 ], [ -79.956355, 40.4502303 ], [ -79.9564244, 40.4501798 ], [ -79.956487091026545, 40.450171282207847 ], [ -79.9564642, 40.4501529 ], [ -79.9565322, 40.45010340000001 ], [ -79.956629059514242, 40.450090239630995 ], [ -79.9565813, 40.4500519 ], [ -79.9566888, 40.4499738 ], [ -79.956788796714122, 40.449960213207376 ], [ -79.9567057, 40.4499037 ], [ -79.9567671, 40.449851 ], [ -79.956978538637898, 40.449822271012401 ], [ -79.956992340709874, 40.449831673065198 ], [ -79.957163838522533, 40.449808370671846 ], [ -79.957204638576854, 40.449830670597962 ], [ -79.957174638689068, 40.449862670654404 ], [ -79.957060592828356, 40.44987816674832 ], [ -79.957067938794779, 40.449883170851052 ], [ -79.95700653898389, 40.449935770966022 ], [ -79.956905718541208, 40.449949469881666 ], [ -79.956911862017606, 40.449954401625952 ], [ -79.957056338961479, 40.449934770874627 ], [ -79.957092939016491, 40.449956770808427 ], [ -79.95705143915923, 40.449997070886333 ], [ -79.957033463586299, 40.449999513317877 ], [ -79.957061839234427, 40.450022270868374 ], [ -79.957016239356449, 40.45005547095348 ] ], [ [ -79.956392377424976, 40.450440604454613 ], [ -79.95638979240988, 40.450440955676036 ], [ -79.956390795221935, 40.450441759922164 ], [ -79.956392377424976, 40.450440604454613 ] ], [ [ -79.955407332230735, 40.45111739881542 ], [ -79.955422651546002, 40.451097951794189 ], [ -79.955360723482016, 40.451106365207039 ], [ -79.955407332230735, 40.45111739881542 ] ] ], [ [ [ -79.957632239523349, 40.450184369828982 ], [ -79.9574208, 40.4502131 ], [ -79.95732, 40.450179 ], [ -79.9573721, 40.450089 ], [ -79.957583539152054, 40.450060269912868 ], [ -79.957684339220251, 40.450094369729428 ], [ -79.957632239523349, 40.450184369828982 ] ] ], [ [ [ -79.9565534, 40.4507874 ], [ -79.9566325, 40.450707699999981 ], [ -79.956718763504441, 40.450695979361264 ], [ -79.956657, 40.450661399999987 ], [ -79.9567571, 40.450557 ], [ -79.956968540861268, 40.450528271061806 ], [ -79.957027340941949, 40.450561170955339 ], [ -79.956994541062173, 40.45059537101703 ], [ -79.957026041105308, 40.450612970960009 ], [ -79.956958641352074, 40.450683171086766 ], [ -79.956871629557767, 40.45069499358425 ], [ -79.956901141465181, 40.450712071193522 ], [ -79.956879441542426, 40.4507339712343 ], [ -79.956901741574683, 40.450746971193958 ], [ -79.956863441711164, 40.450785671265926 ], [ -79.956731638142429, 40.450803579557977 ], [ -79.956835441960934, 40.450861671320652 ], [ -79.95676244222841, 40.450937771457923 ], [ -79.956701542443327, 40.450946045921341 ], [ -79.956761442360218, 40.450979571461588 ], [ -79.956710042548622, 40.451033171558258 ], [ -79.956673230792134, 40.451038173156469 ], [ -79.956656742639026, 40.451055371657027 ], [ -79.9564453, 40.4510841 ], [ -79.9563426, 40.4510266 ], [ -79.9563614, 40.4510069 ], [ -79.9563214, 40.4509845 ], [ -79.9563576, 40.4509467 ], [ -79.956414386845722, 40.450938984537814 ], [ -79.9564185, 40.4509347 ], [ -79.956479441382413, 40.450926420037156 ], [ -79.9564312, 40.4508994 ], [ -79.9565041, 40.450823300000025 ], [ -79.956594281502078, 40.450811047147177 ], [ -79.9565534, 40.4507874 ] ] ], [ [ [ -79.9566142, 40.451437 ], [ -79.956825643683175, 40.451408271362666 ], [ -79.956878108710455, 40.45143382291338 ], [ -79.9569131, 40.4513919 ], [ -79.957124543425735, 40.45136317081225 ], [ -79.957231843548669, 40.45141547061769 ], [ -79.957179343766725, 40.451478370716778 ], [ -79.957145545457777, 40.451482962987647 ], [ -79.957172443825044, 40.451496070730215 ], [ -79.957090544165155, 40.451594170884796 ], [ -79.9568791, 40.4516229 ], [ -79.956809985602888, 40.451589263789671 ], [ -79.956783344368887, 40.451621171449638 ], [ -79.9565719, 40.451649900000014 ], [ -79.9564779, 40.4516041 ], [ -79.9565725, 40.4514908 ], [ -79.956611546470569, 40.451485494846168 ], [ -79.9565847, 40.4514724 ], [ -79.9566142, 40.451437 ] ] ], [ [ [ -79.9566849, 40.4517869 ], [ -79.956634728407536, 40.451762421821186 ], [ -79.95661704497337, 40.451792971762309 ], [ -79.9564056, 40.4518217 ], [ -79.956305, 40.4517877 ], [ -79.9563355, 40.451735 ], [ -79.956370338144751, 40.451730266715032 ], [ -79.9563887, 40.4516985 ], [ -79.956600144592556, 40.451669771787884 ], [ -79.956672198077086, 40.451694082369649 ], [ -79.9567037, 40.4516563 ], [ -79.956761733648847, 40.451648415050471 ], [ -79.9567645, 40.4516451 ], [ -79.956975944279293, 40.451616371096037 ], [ -79.95697602377551, 40.451616409727464 ], [ -79.957032244233616, 40.451608770992401 ], [ -79.95707974428818, 40.451631970906277 ], [ -79.95703864445845, 40.451681070983867 ], [ -79.957064144487902, 40.451693570937607 ], [ -79.95702924463248, 40.451735271003464 ], [ -79.956979541296718, 40.451742024236161 ], [ -79.956938444843686, 40.451791271172524 ], [ -79.956727, 40.45182 ], [ -79.9566774, 40.451795799999985 ], [ -79.9566849, 40.4517869 ] ], [ [ -79.956686997675305, 40.451718824279261 ], [ -79.9566973, 40.4517065 ], [ -79.956673751156103, 40.451695005921721 ], [ -79.956657656718164, 40.451722810773177 ], [ -79.956686997675305, 40.451718824279261 ] ], [ [ -79.956888988386481, 40.451701404837792 ], [ -79.956888988386481, 40.451701404837785 ], [ -79.956888988386481, 40.451701404837792 ], [ -79.956888988386481, 40.451701404837792 ] ] ], [ [ [ -79.956929845394697, 40.451965471195976 ], [ -79.956847156216071, 40.451976706113612 ], [ -79.956917945514363, 40.452002071219411 ], [ -79.956869445781521, 40.452081071311888 ], [ -79.956753137491262, 40.452096873922706 ], [ -79.956832345930763, 40.452123971381816 ], [ -79.956780246230736, 40.452212971481337 ], [ -79.956690080420003, 40.452225222070219 ], [ -79.95676364635726, 40.452251171513474 ], [ -79.956708246667006, 40.452342871619152 ], [ -79.956639512189355, 40.452352210332549 ], [ -79.956694646762813, 40.452371671645359 ], [ -79.956690646784807, 40.452378171652988 ], [ -79.95663124711686, 40.452476471766303 ], [ -79.956513203230472, 40.452492509833704 ], [ -79.95661664728506, 40.452528171795358 ], [ -79.956573247532603, 40.452601571878233 ], [ -79.956431385199807, 40.452620845917302 ], [ -79.956532947721442, 40.452656671954585 ], [ -79.956492547946795, 40.452723372031635 ], [ -79.956482401702814, 40.452724750540987 ], [ -79.956526710010749, 40.452740390022974 ], [ -79.956487610284356, 40.452805190116209 ], [ -79.9562233, 40.4528411 ], [ -79.956117377739801, 40.452803682267373 ], [ -79.9560142, 40.4528177 ], [ -79.9559528, 40.452796 ], [ -79.9559712, 40.4527656 ], [ -79.956050904933434, 40.452754771313934 ], [ -79.9560774, 40.452711 ], [ -79.95616312652605, 40.452699353128274 ], [ -79.9561979, 40.4526418 ], [ -79.956339408157916, 40.452622574382424 ], [ -79.956239940288143, 40.452588255974618 ], [ -79.9562352, 40.4525889 ], [ -79.9561855, 40.4525718 ], [ -79.95623, 40.4524965 ], [ -79.956349154429489, 40.45248031134998 ], [ -79.956326260892538, 40.452472245873935 ], [ -79.9562, 40.4524894 ], [ -79.9561489, 40.4524714 ], [ -79.9561722, 40.4524328 ], [ -79.956294578363199, 40.452416173381394 ], [ -79.9563356, 40.4523483 ], [ -79.956404288847807, 40.452338967671906 ], [ -79.9563508, 40.4523201 ], [ -79.9564062, 40.45222840000001 ], [ -79.956494764539997, 40.452216367197202 ], [ -79.9564104, 40.4521875 ], [ -79.956416061340988, 40.452177827819078 ], [ -79.9563618, 40.45218520000001 ], [ -79.956321, 40.4521714 ], [ -79.9563476, 40.4521257 ], [ -79.956455123620742, 40.452111091347874 ], [ -79.9564742, 40.4520785 ], [ -79.956544113983071, 40.452069001091452 ], [ -79.9565282, 40.4520633 ], [ -79.9565321, 40.4520569 ], [ -79.9564979, 40.4520446 ], [ -79.9565355, 40.4519835 ], [ -79.956645763635507, 40.451968518855622 ], [ -79.9565849, 40.451947 ], [ -79.956638, 40.4518591 ], [ -79.956849445001041, 40.45183037133755 ], [ -79.956983045097431, 40.451877471094484 ], [ -79.956929845394697, 40.451965471195976 ] ] ], [ [ [ -79.957163450115814, 40.453495770834621 ], [ -79.957113750398548, 40.453579570929513 ], [ -79.9569023, 40.453608300000013 ], [ -79.9567708, 40.4535646 ], [ -79.9568165, 40.453482399999977 ], [ -79.957027950035879, 40.453453671081377 ], [ -79.957163450115814, 40.453495770834621 ] ] ], [ [ [ -79.957155300000011, 40.4537353 ], [ -79.957059, 40.4537035 ], [ -79.9571066, 40.453619099999969 ], [ -79.957318050353464, 40.453590370555091 ], [ -79.957394859359752, 40.453615714271187 ], [ -79.957423150380393, 40.453611870363218 ], [ -79.957460050404151, 40.453623970296036 ], [ -79.957431624088215, 40.453674288544626 ], [ -79.957452625256622, 40.453671435107232 ], [ -79.957532525282659, 40.45369783503449 ], [ -79.957475625451863, 40.453798435088906 ], [ -79.957369900000018, 40.4538128 ], [ -79.9572389, 40.4537697 ], [ -79.957248777732786, 40.453752201476732 ], [ -79.9571877, 40.4537605 ], [ -79.9571484, 40.4537476 ], [ -79.957155300000011, 40.4537353 ] ] ], [ [ [ -79.957669052029075, 40.454166469936396 ], [ -79.957621252329616, 40.454256170028032 ], [ -79.9574098, 40.4542849 ], [ -79.9572927, 40.4542485 ], [ -79.9573405, 40.4541589 ], [ -79.957551951960255, 40.454130170149668 ], [ -79.957669052029075, 40.454166469936396 ] ] ], [ [ [ -79.957474953291509, 40.454544070309147 ], [ -79.9572635, 40.454572800000022 ], [ -79.9571763, 40.4545457 ], [ -79.95721, 40.4544823 ], [ -79.957421453027649, 40.454453570403324 ], [ -79.957508653079117, 40.454480670244507 ], [ -79.957474953291509, 40.454544070309147 ] ] ], [ [ [ -79.9560205, 40.436318 ], [ -79.9560919, 40.4362494 ], [ -79.956264087864056, 40.436226000018316 ], [ -79.9561724, 40.4361544 ], [ -79.9562801, 40.4360746 ], [ -79.956577374918155, 40.436034200154573 ], [ -79.956698074884343, 40.436041399843681 ], [ -79.956790575153022, 40.436113599609563 ], [ -79.956675275593881, 40.436199199912259 ], [ -79.956625775782911, 40.436235900042206 ], [ -79.956383272182578, 40.436268856488709 ], [ -79.956447696371683, 40.43630767139188 ], [ -79.956387096578268, 40.436365971505609 ], [ -79.9561757, 40.4363947 ], [ -79.956154478830214, 40.436381890827917 ], [ -79.9561316, 40.436385 ], [ -79.9560205, 40.436318 ] ] ], [ [ [ -79.956655797367233, 40.440456488240763 ], [ -79.956768014585847, 40.440546988774898 ], [ -79.956594314839634, 40.440673288952169 ], [ -79.9564787, 40.440689 ], [ -79.956464358828825, 40.440677609369423 ], [ -79.956428195628348, 40.440703200828189 ], [ -79.9561309, 40.4407436 ], [ -79.955913, 40.4405679 ], [ -79.9560967, 40.4404349 ], [ -79.956299537977458, 40.440407336583995 ], [ -79.956291959359788, 40.440401228442376 ], [ -79.9561862, 40.4404156 ], [ -79.956142, 40.44038 ], [ -79.956274033330232, 40.440284341054877 ], [ -79.956223899226885, 40.4402911537573 ], [ -79.956202309027873, 40.440305672017871 ], [ -79.9559909, 40.4403344 ], [ -79.955958, 40.4403058 ], [ -79.9560156, 40.440267 ], [ -79.956160439405679, 40.440247318031631 ], [ -79.9561265, 40.44022 ], [ -79.9561465, 40.440205499999983 ], [ -79.9561071, 40.4401737 ], [ -79.9561978, 40.440108 ], [ -79.956462060268706, 40.440072089474704 ], [ -79.956591160614792, 40.440176089184398 ], [ -79.956581832108725, 40.440182847561751 ], [ -79.956624315247154, 40.440177074401277 ], [ -79.956595900000011, 40.4401536 ], [ -79.956686, 40.4400887 ], [ -79.956727999010781, 40.44008299258131 ], [ -79.9567527, 40.4400653 ], [ -79.956884829949971, 40.440047344175994 ], [ -79.956908254691982, 40.440066367404292 ], [ -79.956929029971107, 40.440063544125771 ], [ -79.956976530035433, 40.440102144072384 ], [ -79.956959130064206, 40.44011464409266 ], [ -79.95703840807046, 40.440103870475312 ], [ -79.957083508165198, 40.440139570394159 ], [ -79.956945908531992, 40.44023937065095 ], [ -79.9567345, 40.4402681 ], [ -79.956673750612495, 40.440217913885455 ], [ -79.956648018766288, 40.440236556976764 ], [ -79.956795395889685, 40.440355266487472 ], [ -79.956655797367233, 40.440456488240763 ] ], [ [ -79.956452210839998, 40.440502419722421 ], [ -79.956367445591496, 40.440563822968763 ], [ -79.956402483702675, 40.440559061633252 ], [ -79.956487650110788, 40.440497603841536 ], [ -79.956452210839998, 40.440502419722421 ] ] ], [ [ [ -79.956369198857274, 40.447144691364699 ], [ -79.956459130383479, 40.447132471847063 ], [ -79.956553930581606, 40.447207171676432 ], [ -79.956514018402075, 40.447236712423511 ], [ -79.956592330626165, 40.447226071606828 ], [ -79.956644530735474, 40.447267271512857 ], [ -79.956621730797409, 40.447284171555424 ], [ -79.956643230841905, 40.447300971516718 ], [ -79.956562233410565, 40.447360911890314 ], [ -79.956711930939804, 40.447340571392409 ], [ -79.956788731100588, 40.447401171254192 ], [ -79.956731691168656, 40.447443391161777 ], [ -79.956842231165396, 40.44742837115723 ], [ -79.95690933130571, 40.447481271036452 ], [ -79.956814931561965, 40.447551171212716 ], [ -79.956607942612678, 40.447579296353233 ], [ -79.956607031732887, 40.447579971595388 ], [ -79.9563956, 40.4476087 ], [ -79.956369937744938, 40.447588476461242 ], [ -79.956284532078627, 40.44765027219016 ], [ -79.956073100000012, 40.447679 ], [ -79.9559295, 40.4475631 ], [ -79.956027, 40.4474926 ], [ -79.956236144038101, 40.447464183073393 ], [ -79.9562245, 40.447455 ], [ -79.956275, 40.4474176 ], [ -79.956471337054381, 40.447390922734684 ], [ -79.956498801646021, 40.447370559237491 ], [ -79.9563491, 40.4473909 ], [ -79.9562755, 40.4473329 ], [ -79.956334677149712, 40.447289050552691 ], [ -79.9562563, 40.4472997 ], [ -79.956201, 40.4472562 ], [ -79.9562078, 40.4472512 ], [ -79.9561683, 40.44722 ], [ -79.956240149087904, 40.447166791866174 ], [ -79.9561503, 40.447179 ], [ -79.9560769, 40.4471216 ], [ -79.9560935, 40.4471092 ], [ -79.956080697743758, 40.44709924269123 ], [ -79.956055530493657, 40.447117872586858 ], [ -79.956010051917147, 40.447124051871576 ], [ -79.956033430579538, 40.447142472628506 ], [ -79.955987430704212, 40.447176472714382 ], [ -79.955956117767798, 40.447180727258086 ], [ -79.95598464665818, 40.447203207634594 ], [ -79.956112230685477, 40.447185872485825 ], [ -79.956172730815169, 40.447234572376992 ], [ -79.956149044955993, 40.447251751233665 ], [ -79.956183064210435, 40.44727917967559 ], [ -79.956209346459531, 40.447275608613346 ], [ -79.956265146639325, 40.447320608462782 ], [ -79.956119747219688, 40.447425808869838 ], [ -79.9558026, 40.447468899999983 ], [ -79.9556766, 40.4473671 ], [ -79.955701158480977, 40.447349365462713 ], [ -79.9556538, 40.4473558 ], [ -79.9555723, 40.4472916 ], [ -79.955634957611736, 40.447245145027523 ], [ -79.9555374, 40.4472584 ], [ -79.9554398, 40.4471816 ], [ -79.955495260524017, 40.447140485439419 ], [ -79.9554164, 40.4471512 ], [ -79.9553236, 40.4470781 ], [ -79.955379911949606, 40.44703634760932 ], [ -79.9552809, 40.4470498 ], [ -79.955227, 40.4470053 ], [ -79.955250372002055, 40.44698877693736 ], [ -79.9551766, 40.4469988 ], [ -79.9550411, 40.446887 ], [ -79.9551566, 40.4468053 ], [ -79.95543410142858, 40.446767596826191 ], [ -79.955581064092769, 40.446888916177933 ], [ -79.955615801817373, 40.446884196395388 ], [ -79.955637966894827, 40.446902479578753 ], [ -79.955656686958562, 40.44689993609343 ], [ -79.9556706, 40.4468899 ], [ -79.9556395, 40.4468647 ], [ -79.9557799, 40.4467634 ], [ -79.955991329314003, 40.446734672687796 ], [ -79.956072929489892, 40.446800672540995 ], [ -79.956008611365164, 40.446847051939528 ], [ -79.956101929584619, 40.44683437248927 ], [ -79.956193129775031, 40.446906172325122 ], [ -79.956145877790576, 40.446941133527083 ], [ -79.956230229834546, 40.446929672258094 ], [ -79.956324930032395, 40.447004272087632 ], [ -79.956284588504388, 40.447034124174458 ], [ -79.956329130105587, 40.447028072080968 ], [ -79.956425030303933, 40.447102971908315 ], [ -79.956369198857274, 40.447144691364699 ] ], [ [ -79.955996931923764, 40.446974628061703 ], [ -79.955937723109528, 40.446982672891373 ], [ -79.955919230164483, 40.44699637283157 ], [ -79.9557078, 40.4470251 ], [ -79.955668827395158, 40.446994282247907 ], [ -79.955659639027331, 40.446995530666122 ], [ -79.95572723040344, 40.447048773186125 ], [ -79.955724329207285, 40.44705092428903 ], [ -79.955896930270868, 40.447027472873849 ], [ -79.955923838272952, 40.447048626209302 ], [ -79.955941518738214, 40.447046223934414 ], [ -79.9559345, 40.4470407 ], [ -79.9559685, 40.4470155 ], [ -79.9559556, 40.4470053 ], [ -79.955996931923764, 40.446974628061703 ] ], [ [ -79.9564984, 40.4474883 ], [ -79.956473202933196, 40.447468450765598 ], [ -79.956451812343175, 40.447471357222483 ], [ -79.956485131527302, 40.44749957181552 ], [ -79.956441341738838, 40.447529745156466 ], [ -79.956553358591151, 40.447514524790144 ], [ -79.956608988756926, 40.447473273611287 ], [ -79.9564984, 40.4474883 ] ] ], [ [ [ -79.956732007590304, 40.448420793796366 ], [ -79.956598508043825, 40.448514294123221 ], [ -79.956321, 40.448552 ], [ -79.956311261967628, 40.448543884975194 ], [ -79.9562692, 40.4485496 ], [ -79.956250738037326, 40.448534194664916 ], [ -79.956223544963521, 40.44855319216002 ], [ -79.95626343490801, 40.448547772268348 ], [ -79.956322235038684, 40.448596572162607 ], [ -79.956256435209355, 40.448642772285375 ], [ -79.95613552279255, 40.448659200713237 ], [ -79.956188835421912, 40.44870207241199 ], [ -79.955922336128239, 40.448893972909374 ], [ -79.955932736167284, 40.448907672890904 ], [ -79.955891936275506, 40.448937072967048 ], [ -79.955680500000014, 40.4489658 ], [ -79.9556324, 40.4489271 ], [ -79.9556515, 40.4489134 ], [ -79.9555223, 40.4488094 ], [ -79.955658417562859, 40.448711406811917 ], [ -79.9554487, 40.4487399 ], [ -79.9553454, 40.4486573 ], [ -79.9554996, 40.4485449 ], [ -79.955700586188144, 40.448517592925938 ], [ -79.9556726, 40.4484947 ], [ -79.9557373, 40.4484485 ], [ -79.955772361422021, 40.448443736309876 ], [ -79.9557537, 40.4484288 ], [ -79.955791108630223, 40.448401567894756 ], [ -79.9555973, 40.4484279 ], [ -79.9555457, 40.4483866 ], [ -79.9556015, 40.4483459 ], [ -79.955650685385947, 40.448339217374489 ], [ -79.9555961, 40.4482972 ], [ -79.9556622, 40.4482471 ], [ -79.955807206372555, 40.448227398378208 ], [ -79.955756834919981, 40.44818754307034 ], [ -79.955726934051754, 40.448209373237745 ], [ -79.9555155, 40.4482381 ], [ -79.9554646, 40.4481974 ], [ -79.9555261, 40.4481525 ], [ -79.955737533778574, 40.448123773214533 ], [ -79.955785473902239, 40.448162106310626 ], [ -79.9558228, 40.44813460000001 ], [ -79.9557945, 40.4481123 ], [ -79.95588211057877, 40.448047726479928 ], [ -79.9557248, 40.4480691 ], [ -79.9556661, 40.4480222 ], [ -79.9556941, 40.4480017 ], [ -79.9556563, 40.4479714 ], [ -79.955685394466897, 40.447950179911153 ], [ -79.9555535, 40.4479681 ], [ -79.9555026, 40.4479273 ], [ -79.9555273, 40.4479093 ], [ -79.9554542, 40.4478509 ], [ -79.9555118, 40.4478089 ], [ -79.95553871541901, 40.447805243099673 ], [ -79.9555871, 40.44777 ], [ -79.95579853255262, 40.447741273085789 ], [ -79.955912032794146, 40.447832072881546 ], [ -79.955814531600936, 40.44790319417082 ], [ -79.955946432948082, 40.447885272820777 ], [ -79.956043033153691, 40.447962572646951 ], [ -79.955949208172015, 40.448030921180909 ], [ -79.956172406140723, 40.448000595119609 ], [ -79.956257506375991, 40.448068094918582 ], [ -79.956238757871731, 40.448081917910727 ], [ -79.95633460634015, 40.448068894732977 ], [ -79.956407306542559, 40.448126894561277 ], [ -79.956378406644262, 40.448147994632087 ], [ -79.956409406730444, 40.448172694558849 ], [ -79.956386906809939, 40.448189194613988 ], [ -79.956404906859788, 40.448203494571466 ], [ -79.956365755839258, 40.44823211046009 ], [ -79.956516650694539, 40.448211607829428 ], [ -79.95661135097815, 40.44828340757357 ], [ -79.956540179920268, 40.448337768935716 ], [ -79.956654807222677, 40.448322193976566 ], [ -79.956745907489562, 40.448398093761583 ], [ -79.9567235075653, 40.448413693816434 ], [ -79.956732007590304, 40.448420793796366 ] ], [ [ -79.956212734269656, 40.448496437928299 ], [ -79.956238, 40.4484787 ], [ -79.9562315, 40.4484732 ], [ -79.9562692, 40.4484468 ], [ -79.9562618, 40.4484407 ], [ -79.956289153818986, 40.448421564196494 ], [ -79.9561439, 40.4484413 ], [ -79.956138670009466, 40.448437309487801 ], [ -79.9561093, 40.4484413 ], [ -79.956064527798276, 40.448407344873416 ], [ -79.956017234670014, 40.448441772715384 ], [ -79.955981555456376, 40.448446620421009 ], [ -79.956000934741397, 40.448462472746186 ], [ -79.955936234911647, 40.448508672866915 ], [ -79.955801829599864, 40.448526934228525 ], [ -79.955828208573934, 40.448547995980043 ], [ -79.955795808687725, 40.448571596059423 ], [ -79.955828145828065, 40.448597478045258 ], [ -79.955937758443909, 40.448582585218134 ], [ -79.9558998, 40.4485509 ], [ -79.9559718, 40.4485005 ], [ -79.95618323470012, 40.448471772412141 ], [ -79.956212734269656, 40.448496437928299 ] ], [ [ -79.955990128816055, 40.448206061981764 ], [ -79.955877517607291, 40.448221362366738 ], [ -79.955947034172524, 40.448274872836826 ], [ -79.955880934355577, 40.4483249729603 ], [ -79.955831103248158, 40.448331743421292 ], [ -79.955864434467259, 40.448358472992048 ], [ -79.955836995231209, 40.448378522961427 ], [ -79.95603093438308, 40.448352172686299 ], [ -79.956050866645938, 40.448368126087104 ], [ -79.95615591158078, 40.448287963548502 ], [ -79.9560423, 40.4483034 ], [ -79.9559537, 40.4482327 ], [ -79.955990128816055, 40.448206061981764 ] ] ], [ [ [ -79.956628438361534, 40.449691271648973 ], [ -79.956484767429245, 40.449710792413534 ], [ -79.956532538586927, 40.449751171827579 ], [ -79.956479238723247, 40.449787971926959 ], [ -79.956415680207485, 40.449796607633935 ], [ -79.956398038820026, 40.449808772076857 ], [ -79.9561866, 40.449837499999987 ], [ -79.9561291, 40.4497889 ], [ -79.9561391, 40.4497819 ], [ -79.9560992, 40.4497482 ], [ -79.956179600000013, 40.4496926 ], [ -79.956297960347527, 40.449676518550362 ], [ -79.9562827, 40.4496636 ], [ -79.9563907, 40.4495891 ], [ -79.956446574376614, 40.449581508327014 ], [ -79.956428, 40.4495659 ], [ -79.9565199, 40.449502099999989 ], [ -79.956731337636725, 40.449473371450594 ], [ -79.956807737808987, 40.449537571313265 ], [ -79.956715838045099, 40.449601371484675 ], [ -79.956659605898793, 40.44960901190052 ], [ -79.956699138180767, 40.449642471517102 ], [ -79.956628438361534, 40.449691271648973 ] ] ], [ [ [ -79.956148339527758, 40.450003172543546 ], [ -79.956025263710416, 40.45001989442062 ], [ -79.956067939724235, 40.450055772693375 ], [ -79.955941840048382, 40.450143372928579 ], [ -79.9557304, 40.4501721 ], [ -79.9556356, 40.4500924 ], [ -79.9557617, 40.4500048 ], [ -79.955883893937951, 40.449988198224595 ], [ -79.9558429, 40.4499544 ], [ -79.9559526, 40.4498768 ], [ -79.956164039034093, 40.449848072507905 ], [ -79.956276439282036, 40.449940772305759 ], [ -79.95622533941561, 40.44997697240111 ], [ -79.95617586240725, 40.449983694721375 ], [ -79.956148339527758, 40.450003172543546 ] ] ], [ [ [ -79.9560078, 40.4513864 ], [ -79.956055163099819, 40.451379965110853 ], [ -79.9560454, 40.4513745 ], [ -79.9560736, 40.4513451 ], [ -79.956048, 40.4513308 ], [ -79.9561166, 40.4512593 ], [ -79.956328043316987, 40.451230572267825 ], [ -79.956493343543869, 40.451323071968588 ], [ -79.956396543898535, 40.451423972150657 ], [ -79.956305820304905, 40.451436298372563 ], [ -79.956254944139431, 40.451483172413056 ], [ -79.956234657607538, 40.451485928634597 ], [ -79.956203444258065, 40.451514572508906 ], [ -79.956132843434503, 40.45152416460779 ], [ -79.956131744319151, 40.451525172640935 ], [ -79.956040838064027, 40.451537523444848 ], [ -79.956059844422725, 40.45154927277391 ], [ -79.956037644492312, 40.451568672815483 ], [ -79.956126944647991, 40.451629172654322 ], [ -79.956064844850886, 40.451686072770769 ], [ -79.956105744914595, 40.451711372696842 ], [ -79.95607084503186, 40.451744372762306 ], [ -79.956003212016796, 40.451753561529571 ], [ -79.955996745108649, 40.451759672898952 ], [ -79.9557853, 40.4517884 ], [ -79.9557078, 40.4517405 ], [ -79.9557376, 40.451712500000021 ], [ -79.9557065, 40.4516933 ], [ -79.9557401, 40.4516615 ], [ -79.9557136, 40.4516451 ], [ -79.95580990000002, 40.4515542 ], [ -79.955901219521849, 40.451541793239855 ], [ -79.9558467, 40.4515072 ], [ -79.955891500000021, 40.4514661 ], [ -79.955926411169131, 40.45146135691099 ], [ -79.9560078, 40.4513864 ] ] ], [ [ [ -79.956418345794432, 40.452029672137272 ], [ -79.9562069, 40.4520584 ], [ -79.9561247, 40.4520306 ], [ -79.9561898, 40.4519181 ], [ -79.956401245359942, 40.451889372162476 ], [ -79.956483445415557, 40.451917172012884 ], [ -79.956418345794432, 40.452029672137272 ] ] ], [ [ [ -79.955981247623598, 40.452557672962499 ], [ -79.95593914500148, 40.452563393010529 ], [ -79.95597344768008, 40.452574672977555 ], [ -79.955845948441549, 40.452801173221459 ], [ -79.955800607674533, 40.452807333122699 ], [ -79.955838148502721, 40.45281967323659 ], [ -79.955723249189219, 40.453023873456374 ], [ -79.955691044110083, 40.453028248721402 ], [ -79.955661549391678, 40.453080673572103 ], [ -79.9554501, 40.4531094 ], [ -79.9553357, 40.453071799999989 ], [ -79.9553668, 40.4530168 ], [ -79.955392271749929, 40.453013339574476 ], [ -79.9553818, 40.4530099 ], [ -79.9554968, 40.4528057 ], [ -79.955542165541161, 40.452799536855821 ], [ -79.955501, 40.452786 ], [ -79.9556285, 40.4525595 ], [ -79.955670623482519, 40.452553777234328 ], [ -79.9556485, 40.4525465 ], [ -79.9557608, 40.4523471 ], [ -79.955920121512833, 40.452325454723727 ], [ -79.9558648, 40.4523075 ], [ -79.9559054, 40.4522345 ], [ -79.956054709193182, 40.452214214765128 ], [ -79.9559413, 40.4521774 ], [ -79.955982300000016, 40.452103800000017 ], [ -79.956193746024084, 40.452075072551395 ], [ -79.956331346111369, 40.452119772300883 ], [ -79.956290446358594, 40.452193372379156 ], [ -79.956141140812491, 40.452213657439621 ], [ -79.956295246577781, 40.452263672373427 ], [ -79.956254646822998, 40.452336672451139 ], [ -79.956093371863943, 40.452358583596912 ], [ -79.956079747035602, 40.452382772774065 ], [ -79.955981247623598, 40.452557672962499 ] ] ], [ [ [ -79.956217249530127, 40.453193072557418 ], [ -79.9560058, 40.4532218 ], [ -79.9559084, 40.4531874 ], [ -79.9559546, 40.4531109 ], [ -79.95599537676577, 40.453105360126749 ], [ -79.9559785, 40.4530994 ], [ -79.9560419, 40.4529945 ], [ -79.956079629165259, 40.452989374130745 ], [ -79.9560303, 40.4529731 ], [ -79.9560885, 40.4528702 ], [ -79.95629994839264, 40.452841472390212 ], [ -79.956387548449598, 40.452870372230784 ], [ -79.956329348795663, 40.452973272342071 ], [ -79.956289891021456, 40.45297863314849 ], [ -79.956335748860781, 40.45299477233128 ], [ -79.956272349215453, 40.453099772452219 ], [ -79.956231568814474, 40.453105312920684 ], [ -79.956263449271731, 40.453116572469305 ], [ -79.956217249530127, 40.453193072557418 ] ] ], [ [ [ -79.956577050036771, 40.453398471906297 ], [ -79.9563656, 40.4534272 ], [ -79.9562446, 40.4533865 ], [ -79.956293, 40.4533024 ], [ -79.956504449672451, 40.453273672034001 ], [ -79.956625449753602, 40.453314371813782 ], [ -79.956577050036771, 40.453398471906297 ] ] ], [ [ [ -79.956396451390461, 40.453806772255611 ], [ -79.956364351613871, 40.453873872317459 ], [ -79.9561529, 40.4539026 ], [ -79.9560521, 40.4538745 ], [ -79.9560842, 40.4538074 ], [ -79.956295651341108, 40.453778672439348 ], [ -79.956396451390461, 40.453806772255611 ] ] ], [ [ [ -79.955902000661794, 40.446639295692115 ], [ -79.955826000932632, 40.446695595878374 ], [ -79.9555485, 40.4467333 ], [ -79.9554372, 40.446645599999989 ], [ -79.955562, 40.44655310000001 ], [ -79.955839500182364, 40.446515395835462 ], [ -79.955914700388419, 40.446574595657793 ], [ -79.955865800562577, 40.446610795777637 ], [ -79.955902000661794, 40.446639295692115 ] ] ], [ [ [ -79.955173823337276, 40.447490917703213 ], [ -79.9550503, 40.4475077 ], [ -79.955001777406835, 40.447469474578888 ], [ -79.9549589, 40.4474753 ], [ -79.954905700000012, 40.447433299999979 ], [ -79.9549541, 40.4473975 ], [ -79.9549243, 40.447374 ], [ -79.9550003, 40.4473177 ], [ -79.955211731357807, 40.447288974142445 ], [ -79.955228625988539, 40.447302274115266 ], [ -79.955257331369737, 40.447298374059187 ], [ -79.955377531621252, 40.447393173842855 ], [ -79.955300757936342, 40.447450058307801 ], [ -79.955425031728595, 40.44743317375746 ], [ -79.95556723203164, 40.447547073501596 ], [ -79.955465344278082, 40.447621380594569 ], [ -79.955621432177594, 40.447600173404474 ], [ -79.955726832402121, 40.447684573214829 ], [ -79.955643832624403, 40.447745073369774 ], [ -79.9554324, 40.4477738 ], [ -79.955327, 40.4476894 ], [ -79.955386272698973, 40.447646195218752 ], [ -79.9552302, 40.4476674 ], [ -79.9550879, 40.4475536 ], [ -79.955173823337276, 40.447490917703213 ] ] ], [ [ [ -79.955310074198479, 40.448168114888539 ], [ -79.955322990171027, 40.448166360076634 ], [ -79.955431690358807, 40.448253259917706 ], [ -79.95523348231383, 40.448397791291498 ], [ -79.95540363469641, 40.448374673838153 ], [ -79.9554341696211, 40.448398566333474 ], [ -79.955512134696249, 40.44838797363969 ], [ -79.955543134760674, 40.448412273583891 ], [ -79.955498334883288, 40.448445773667551 ], [ -79.955539334968336, 40.448477873593745 ], [ -79.955448735215867, 40.448545473762941 ], [ -79.9552373, 40.4485742 ], [ -79.9551036, 40.4484694 ], [ -79.955186363277122, 40.448407747903531 ], [ -79.9550557, 40.4484255 ], [ -79.954947100000012, 40.4483385 ], [ -79.955043275336777, 40.448268383077497 ], [ -79.9548849, 40.4482899 ], [ -79.9547736, 40.4482008 ], [ -79.954898, 40.4481101 ], [ -79.955159143678387, 40.448074620679677 ], [ -79.9551289, 40.448049800000014 ], [ -79.9551916, 40.4480053 ], [ -79.955403033445222, 40.447976573821727 ], [ -79.955419141813323, 40.44798978708581 ], [ -79.955553933370837, 40.447971473544669 ], [ -79.955597689437923, 40.448008090750484 ], [ -79.955620633450366, 40.448004973423778 ], [ -79.955667433555149, 40.448044073339638 ], [ -79.955586233764478, 40.448100673491112 ], [ -79.9553748, 40.4481294 ], [ -79.955301501633201, 40.448067959839314 ], [ -79.955228702799076, 40.448077850540585 ], [ -79.955326551123264, 40.448156111100872 ], [ -79.955310074198479, 40.448168114888539 ] ] ], [ [ [ -79.955392437270277, 40.449192073894693 ], [ -79.955183488576182, 40.449220461901639 ], [ -79.955135737568554, 40.449255374368448 ], [ -79.955036392719421, 40.44926887128112 ], [ -79.955196755835871, 40.449403227786391 ], [ -79.955162756132395, 40.449426928000939 ], [ -79.955184956301153, 40.449445527865947 ], [ -79.955131956762884, 40.449482428200369 ], [ -79.955150856907252, 40.449498328085426 ], [ -79.955035557912055, 40.449578628813001 ], [ -79.955095658369402, 40.449629028447497 ], [ -79.955033758908741, 40.449672128838081 ], [ -79.95494062188925, 40.449684782191333 ], [ -79.954950725959435, 40.449693229198765 ], [ -79.955201577796942, 40.449659148920055 ], [ -79.95525367771323, 40.44965224872827 ], [ -79.955313477749357, 40.449665348509988 ], [ -79.955361577920883, 40.449698548336407 ], [ -79.955380178147948, 40.44973694827155 ], [ -79.955374678357799, 40.449769648294605 ], [ -79.955205281071727, 40.450180448952366 ], [ -79.95524998110443, 40.450191148789294 ], [ -79.955161082528164, 40.450406649134472 ], [ -79.955110643471258, 40.45041350163828 ], [ -79.954972385375967, 40.450836349864765 ], [ -79.954913385665577, 40.45087515008467 ], [ -79.954859785796941, 40.450889450282602 ], [ -79.954714127544804, 40.450909238377342 ], [ -79.954869381533669, 40.451165069404638 ], [ -79.95503304154667, 40.451142835571545 ], [ -79.955048441558105, 40.451146735520645 ], [ -79.955071741769714, 40.451186735446349 ], [ -79.954944943604602, 40.451493135892484 ], [ -79.954700044085115, 40.451547336711229 ], [ -79.954557530985625, 40.451566697117848 ], [ -79.954564080450382, 40.451579135483641 ], [ -79.954711744974958, 40.451559075247815 ], [ -79.954734944983912, 40.45156477520549 ], [ -79.954655687666317, 40.451753110114325 ], [ -79.954677468507882, 40.451794474770665 ], [ -79.954243569857823, 40.451926776625157 ], [ -79.9537546, 40.4519932 ], [ -79.953543620309631, 40.451592513777861 ], [ -79.952261974598997, 40.451766605271295 ], [ -79.952245820537911, 40.451797518747263 ], [ -79.952237220562139, 40.451800118780788 ], [ -79.95224132061054, 40.45180791876566 ], [ -79.952217720677524, 40.451815118857667 ], [ -79.952163007679744, 40.451822550396464 ], [ -79.952035021132914, 40.451861319569069 ], [ -79.952040021196495, 40.451871519550657 ], [ -79.951993021328988, 40.451885719733909 ], [ -79.951947221458497, 40.451899619912453 ], [ -79.9515012, 40.4519602 ], [ -79.9514846, 40.4519265 ], [ -79.951467, 40.4518909 ], [ -79.9514801, 40.451887 ], [ -79.951366701023744, 40.451671419200956 ], [ -79.950781500000019, 40.4517509 ], [ -79.9507258, 40.451641 ], [ -79.9508861, 40.451594 ], [ -79.950968770797743, 40.451582771907944 ], [ -79.9511043, 40.451543 ], [ -79.951738637925189, 40.451456843262726 ], [ -79.951745633648059, 40.451470641461178 ], [ -79.95184591860577, 40.451457020263298 ], [ -79.95184826309999, 40.451461472374014 ], [ -79.952101918198082, 40.451427019269708 ], [ -79.952132212920318, 40.451486321460237 ], [ -79.9524779, 40.4513645 ], [ -79.9524647, 40.4513437 ], [ -79.952352111726512, 40.451165939487808 ], [ -79.952325544691249, 40.451175379609069 ], [ -79.952377244937253, 40.451259979517907 ], [ -79.952052445424044, 40.451374880118941 ], [ -79.951841, 40.4514036 ], [ -79.9517649, 40.451279 ], [ -79.951919317673259, 40.451224362596925 ], [ -79.9518491, 40.4512339 ], [ -79.9518074, 40.451165700000011 ], [ -79.9519519, 40.4511146 ], [ -79.9519559, 40.451089 ], [ -79.951961693604787, 40.451086953817288 ], [ -79.9510565, 40.4512099 ], [ -79.950852266385354, 40.450855595389598 ], [ -79.950758344378656, 40.450883282471644 ], [ -79.9505469, 40.450912 ], [ -79.950542716092684, 40.45090377165473 ], [ -79.950540644529127, 40.450904382872004 ], [ -79.9503292, 40.450933099999986 ], [ -79.9502504, 40.4507782 ], [ -79.9503433, 40.4507508 ], [ -79.950452203680598, 40.450736009348731 ], [ -79.9504267, 40.4506859 ], [ -79.9505808, 40.4506405 ], [ -79.95079224351197, 40.450611782397431 ], [ -79.950799608522104, 40.450626257744894 ], [ -79.950899186630409, 40.450596465987658 ], [ -79.9507399, 40.4506181 ], [ -79.950718022240039, 40.450575672960731 ], [ -79.950411543834534, 40.450667583098415 ], [ -79.9502001, 40.4506963 ], [ -79.950118406558502, 40.450538359350297 ], [ -79.9500916, 40.450542 ], [ -79.950055702931039, 40.450472556079767 ], [ -79.950018165179145, 40.450484125864051 ], [ -79.949950628474397, 40.450493298087451 ], [ -79.949955065298241, 40.450501626038907 ], [ -79.949813465586416, 40.450545326431495 ], [ -79.9494963, 40.4505884 ], [ -79.949480795050917, 40.450559283317297 ], [ -79.949289544110258, 40.450617385154828 ], [ -79.9490781, 40.4506461 ], [ -79.948973, 40.450445699999989 ], [ -79.949297, 40.4503474 ], [ -79.949363179399697, 40.450338412478466 ], [ -79.9493628, 40.4503377 ], [ -79.9497138, 40.4502294 ], [ -79.949909874142165, 40.450202771169238 ], [ -79.9498832, 40.450151 ], [ -79.9500205, 40.450109800000014 ], [ -79.950110095196194, 40.450097631850603 ], [ -79.9501034, 40.4500849 ], [ -79.950247, 40.4500412 ], [ -79.95033078544148, 40.450029820708075 ], [ -79.9503231, 40.4500158 ], [ -79.9506825, 40.4499117 ], [ -79.950923079033316, 40.449879024659801 ], [ -79.9509188, 40.4498599 ], [ -79.950923, 40.4498336 ], [ -79.9509317, 40.4498109 ], [ -79.9509466, 40.4497887 ], [ -79.9509521, 40.4497831 ], [ -79.95096310000001, 40.449772 ], [ -79.9509816, 40.449757 ], [ -79.950984, 40.4497419 ], [ -79.9512105, 40.449661 ], [ -79.951493131465554, 40.449622611571947 ], [ -79.9516405, 40.449570799999989 ], [ -79.9517186, 40.4495433 ], [ -79.952418044407821, 40.449448293239705 ], [ -79.9525219, 40.4494198 ], [ -79.952799413552526, 40.449382103321717 ], [ -79.952805814044368, 40.449395619864802 ], [ -79.952881515796719, 40.449385336621383 ], [ -79.952900771103245, 40.449416962678583 ], [ -79.952914216242434, 40.449415136298654 ], [ -79.952958317400501, 40.449487535871206 ], [ -79.952945817503178, 40.449491935998402 ], [ -79.952972427598155, 40.449535715669292 ], [ -79.9530172, 40.4495274 ], [ -79.953147544781615, 40.449509693866617 ], [ -79.9534646, 40.449433 ], [ -79.953453, 40.4494246 ], [ -79.9535126, 40.4493831 ], [ -79.9533872, 40.449278 ], [ -79.953426806829754, 40.449250411104813 ], [ -79.9527165, 40.4493469 ], [ -79.952698947125867, 40.449308506127963 ], [ -79.952474839014556, 40.449388079256273 ], [ -79.9522634, 40.4494168 ], [ -79.9522314, 40.4493646 ], [ -79.9522403, 40.4493615 ], [ -79.9522288, 40.4493426 ], [ -79.952210368856313, 40.449312553396581 ], [ -79.9522034, 40.4493135 ], [ -79.9521718, 40.4492619 ], [ -79.9522331, 40.4492401 ], [ -79.952247557699195, 40.449238136154896 ], [ -79.9523781, 40.4491918 ], [ -79.9523765, 40.4491892 ], [ -79.952413, 40.4491763 ], [ -79.952624438200672, 40.449147578971179 ], [ -79.952628127465417, 40.449153599924529 ], [ -79.952591788516614, 40.449074114243388 ], [ -79.952575912413678, 40.449078603842324 ], [ -79.952401412706038, 40.449128004265411 ], [ -79.9521239, 40.4491657 ], [ -79.952108914183839, 40.449136383998052 ], [ -79.9520926, 40.4491386 ], [ -79.9520606, 40.4490787 ], [ -79.95205, 40.44905880000001 ], [ -79.9520306, 40.4490224 ], [ -79.9522071, 40.448912699999987 ], [ -79.952484611619923, 40.448875004050407 ], [ -79.952564835208449, 40.449011390144165 ], [ -79.9528034, 40.448947699999984 ], [ -79.953239696510693, 40.448888432806207 ], [ -79.9532169, 40.4488693 ], [ -79.953253700000019, 40.4488437 ], [ -79.953208700000019, 40.448806 ], [ -79.9532937, 40.4487468 ], [ -79.953317826736253, 40.448743522516288 ], [ -79.95338030000002, 40.4487 ], [ -79.9533162, 40.4486463 ], [ -79.9534275, 40.4485711 ], [ -79.953561249193783, 40.448552930631784 ], [ -79.9535569, 40.4485493 ], [ -79.9536503, 40.448484199999989 ], [ -79.953942141860551, 40.448444553436673 ], [ -79.9539641, 40.4484285 ], [ -79.954175535250215, 40.448399776092423 ], [ -79.954175787270884, 40.448399977141939 ], [ -79.9542164, 40.448371 ], [ -79.954186205081342, 40.448346352944149 ], [ -79.954099, 40.4483582 ], [ -79.9540535, 40.4483219 ], [ -79.9540877, 40.4482969 ], [ -79.9540247, 40.4482466 ], [ -79.9541221, 40.4481753 ], [ -79.954399607605779, 40.448137599396375 ], [ -79.954508107908026, 40.448224199140128 ], [ -79.954405381154743, 40.448299371322548 ], [ -79.95441933483437, 40.448297475640608 ], [ -79.954425324328341, 40.448302348730607 ], [ -79.95449873478762, 40.448292375494731 ], [ -79.954581234967279, 40.448359675346339 ], [ -79.954472635253211, 40.448437275549011 ], [ -79.954432088517578, 40.448442784041383 ], [ -79.954434987217937, 40.448445212657766 ], [ -79.954642835123593, 40.448416975235837 ], [ -79.954701035247254, 40.448463475131113 ], [ -79.95458543555759, 40.448547975346905 ], [ -79.954561519096686, 40.448551224546918 ], [ -79.954577068690085, 40.448564252391783 ], [ -79.954765335458774, 40.448538675016437 ], [ -79.954770633873949, 40.448542905009759 ], [ -79.954819435430309, 40.448536274917096 ], [ -79.954884735568839, 40.448588374799584 ], [ -79.954778140771282, 40.44866634323018 ], [ -79.955008894611098, 40.44863499327812 ], [ -79.955124094916144, 40.448726793018977 ], [ -79.954993595354907, 40.44882239332351 ], [ -79.954729300000011, 40.4488583 ], [ -79.95470306753424, 40.448837396012756 ], [ -79.954639, 40.4488461 ], [ -79.954591459567212, 40.448808141946387 ], [ -79.95455536899469, 40.448813045054202 ], [ -79.954694051452819, 40.448929230835752 ], [ -79.954603452242338, 40.448992331407453 ], [ -79.954642578248809, 40.449025163950452 ], [ -79.954731152296489, 40.449013130618013 ], [ -79.954938735716908, 40.449187051265717 ], [ -79.955109572070754, 40.449163841635134 ], [ -79.9550645, 40.4491279 ], [ -79.9551978, 40.4490303 ], [ -79.95540923666492, 40.449001573855483 ], [ -79.955525736912236, 40.449094573645823 ], [ -79.955392437270277, 40.449192073894693 ] ], [ [ -79.9523902, 40.451060700000014 ], [ -79.9523083, 40.450923299999985 ], [ -79.9527211, 40.4507808 ], [ -79.953051361398991, 40.450735938533235 ], [ -79.9530464, 40.4507247 ], [ -79.9531428, 40.4507001 ], [ -79.953149897490547, 40.450693925183529 ], [ -79.9530507, 40.4507074 ], [ -79.95303044481787, 40.450661710777588 ], [ -79.953011725209336, 40.450668184911713 ], [ -79.952982978201391, 40.450672089831365 ], [ -79.952931525505477, 40.450689885353711 ], [ -79.9523005, 40.4507756 ], [ -79.952286932136829, 40.450752898665243 ], [ -79.95224123085697, 40.450769240405165 ], [ -79.952085043986798, 40.450790455226887 ], [ -79.95211324841145, 40.450839380639621 ], [ -79.952235597633006, 40.450822761978515 ], [ -79.952323599638888, 40.450975361282246 ], [ -79.952082828568564, 40.451055697226991 ], [ -79.952307320582108, 40.451025204601905 ], [ -79.952361120917914, 40.451113204477437 ], [ -79.952355883230013, 40.451115058352464 ], [ -79.952360144486391, 40.451114479542888 ], [ -79.952383730235795, 40.451152890398006 ], [ -79.952796799667269, 40.451005470341165 ], [ -79.9523902, 40.451060700000014 ] ], [ [ -79.952175803794617, 40.450638838245737 ], [ -79.952246592081323, 40.450629223037907 ], [ -79.95223886803727, 40.450616286917253 ], [ -79.952175803794617, 40.450638838245737 ] ], [ [ -79.9521889, 40.4504352 ], [ -79.9521793, 40.4504192 ], [ -79.9522028, 40.450411 ], [ -79.9521903, 40.4503901 ], [ -79.952214, 40.4503819 ], [ -79.952209300000021, 40.450374 ], [ -79.9523095, 40.450339300000017 ], [ -79.952797579944701, 40.450273002012871 ], [ -79.9527942, 40.450266 ], [ -79.952885345226818, 40.450240471526051 ], [ -79.9527379, 40.4502605 ], [ -79.9527233, 40.4502263 ], [ -79.9527551, 40.4502161 ], [ -79.952735300000015, 40.4501732 ], [ -79.952877357177201, 40.450135245032307 ], [ -79.9527253, 40.450155899999984 ], [ -79.9526925, 40.4500859 ], [ -79.9528265, 40.4500496 ], [ -79.95300235723299, 40.450025711887953 ], [ -79.952998612239369, 40.450017633833951 ], [ -79.952941016163521, 40.450032303018361 ], [ -79.9526635, 40.45007 ], [ -79.9526303, 40.449994599999982 ], [ -79.952754155348941, 40.449963016434232 ], [ -79.9526225, 40.4499809 ], [ -79.952616122674016, 40.449967133660884 ], [ -79.952467041410515, 40.449987384100091 ], [ -79.952511916508726, 40.450063204053492 ], [ -79.952354516811411, 40.450117204435657 ], [ -79.952077, 40.4501549 ], [ -79.9520427, 40.450097 ], [ -79.9520638, 40.4500898 ], [ -79.9520443, 40.4500568 ], [ -79.952102094169391, 40.450036955808216 ], [ -79.951818937510652, 40.450075416847589 ], [ -79.951801344261625, 40.450081695243242 ], [ -79.951848589016905, 40.450166165043328 ], [ -79.951762689512933, 40.450190665757432 ], [ -79.951543992399834, 40.450220370613835 ], [ -79.951470390772528, 40.45024376818133 ], [ -79.95141049061165, 40.450251904089129 ], [ -79.951423591323604, 40.450276968574336 ], [ -79.951285592153582, 40.450318669722016 ], [ -79.951277692338522, 40.450330769789666 ], [ -79.951255092474, 40.450337569977584 ], [ -79.951175590334898, 40.450348368137185 ], [ -79.951135493004557, 40.450360370969598 ], [ -79.95114659328803, 40.450381770882188 ], [ -79.951119840691533, 40.450389784019258 ], [ -79.951119942687995, 40.450389981786387 ], [ -79.950990039435212, 40.450428796752846 ], [ -79.951286563993037, 40.450388522366879 ], [ -79.951339264444442, 40.450490722228615 ], [ -79.951189347459305, 40.450535506693832 ], [ -79.951348264548614, 40.450513922205381 ], [ -79.951398564978319, 40.450611222073391 ], [ -79.951130065512658, 40.450691522817664 ], [ -79.950852028858208, 40.45072928559798 ], [ -79.950886515929511, 40.450797066914738 ], [ -79.9510344, 40.450747699999987 ], [ -79.951485413615671, 40.45068644251154 ], [ -79.951476, 40.4506711 ], [ -79.9517976, 40.4505561 ], [ -79.952146822786929, 40.450508665562779 ], [ -79.9521177, 40.4504599 ], [ -79.9521889, 40.4504352 ] ], [ [ -79.953159440671314, 40.450929904540097 ], [ -79.953158670277119, 40.450928241575212 ], [ -79.953150224423183, 40.450931156459156 ], [ -79.953159440671314, 40.450929904540097 ] ], [ [ -79.9538521177478, 40.450528300853051 ], [ -79.95386191783281, 40.450550100830718 ], [ -79.953884018025832, 40.450599600780357 ], [ -79.953861018062256, 40.450605600836091 ], [ -79.953863818086418, 40.450611800829698 ], [ -79.953731218295246, 40.450646101151008 ], [ -79.953576090264605, 40.450667174257227 ], [ -79.953577321164985, 40.450669950654579 ], [ -79.9535828, 40.4506685 ], [ -79.953966039294954, 40.450616439077841 ], [ -79.953993339617725, 40.45067643899182 ], [ -79.953790840065651, 40.450730139669545 ], [ -79.953555836786549, 40.450762063288884 ], [ -79.95356182803323, 40.450776279298218 ], [ -79.9536255, 40.4507595 ], [ -79.953903018520421, 40.450721800741675 ], [ -79.953942618861376, 40.450809300651386 ], [ -79.953831710074027, 40.450838582524142 ], [ -79.954258741762928, 40.450780571776143 ], [ -79.9540163, 40.4502283 ], [ -79.9540069, 40.4501932 ], [ -79.9540222, 40.4501533 ], [ -79.9540447, 40.4501278 ], [ -79.954558295499794, 40.449840075593158 ], [ -79.954475854560584, 40.449851275428102 ], [ -79.9539869, 40.4499177 ], [ -79.953986650221708, 40.449917490635052 ], [ -79.954043464126229, 40.450040935039368 ], [ -79.953943564518525, 40.450065535663093 ], [ -79.9532283, 40.450162700000014 ], [ -79.953220989023009, 40.450150132767796 ], [ -79.953213156450701, 40.450151196748699 ], [ -79.953221016582603, 40.450168302351997 ], [ -79.953069498409349, 40.45020846693496 ], [ -79.953211316673787, 40.450189202376556 ], [ -79.953218065977367, 40.45020326329729 ], [ -79.953245016699583, 40.450199602295989 ], [ -79.953271516912679, 40.450254502235353 ], [ -79.953196076417498, 40.450275592889732 ], [ -79.953293916933475, 40.450262302181876 ], [ -79.953354017373783, 40.450376402043744 ], [ -79.953207039414266, 40.450421247110633 ], [ -79.953367117462463, 40.450399502013539 ], [ -79.953391871074444, 40.450455680557177 ], [ -79.95341011766223, 40.450453201913092 ], [ -79.953424917794194, 40.450487001879409 ], [ -79.953408117820445, 40.450491301920124 ], [ -79.953414617877826, 40.45050600190531 ], [ -79.953290818070613, 40.450537502205258 ], [ -79.953294618104991, 40.450546302196628 ], [ -79.953269264386904, 40.450552753889504 ], [ -79.953274657330581, 40.450561776206236 ], [ -79.953487217951974, 40.450532901732032 ], [ -79.953509361919487, 40.450582870117671 ], [ -79.9535746, 40.450566 ], [ -79.9538521177478, 40.450528300853051 ] ], [ [ -79.953069054943498, 40.450100256962934 ], [ -79.953003344258534, 40.450118059886037 ], [ -79.953073013458578, 40.450108596089208 ], [ -79.953069054943498, 40.450100256962934 ] ], [ [ -79.952957017775304, 40.449927913298268 ], [ -79.952909957031792, 40.449940536551253 ], [ -79.952959735149847, 40.449933774766158 ], [ -79.952957017775304, 40.449927913298268 ] ], [ [ -79.95471811309892, 40.448682422661967 ], [ -79.954723119918938, 40.448686617480959 ], [ -79.954731301340829, 40.448680630943315 ], [ -79.95471811309892, 40.448682422661967 ] ], [ [ -79.954264606868108, 40.451384338947079 ], [ -79.95428281169896, 40.451381865871191 ], [ -79.954281419207277, 40.45137848907909 ], [ -79.954264606868108, 40.451384338947079 ] ], [ [ -79.954424796439326, 40.451328600705089 ], [ -79.954353121643265, 40.451353540115122 ], [ -79.954432318584765, 40.451342781339491 ], [ -79.954424796439326, 40.451328600705089 ] ], [ [ -79.953430982041169, 40.450643333576679 ], [ -79.953397543570148, 40.450651913720584 ], [ -79.953437049741908, 40.450646547153859 ], [ -79.953435348328497, 40.450642740454185 ], [ -79.953430982041169, 40.450643333576679 ] ], [ [ -79.953595961738642, 40.450697426911951 ], [ -79.953595961738642, 40.450697426911951 ], [ -79.953595961738642, 40.450697426911958 ], [ -79.953595961738642, 40.450697426911958 ], [ -79.953595961738642, 40.450697426911951 ] ], [ [ -79.950908176390371, 40.450449889057438 ], [ -79.950728316246611, 40.450474317381996 ], [ -79.95074145047704, 40.450499694134081 ], [ -79.950908176390371, 40.450449889057438 ] ], [ [ -79.950208, 40.450341799999983 ], [ -79.9502394, 40.4503324 ], [ -79.950208270331871, 40.450272162112455 ], [ -79.950085584099796, 40.450288824479912 ], [ -79.95012278356522, 40.450358631550223 ], [ -79.9501486, 40.450350899999989 ], [ -79.950208496867901, 40.450342765227283 ], [ -79.950208, 40.450341799999983 ] ] ], [ [ [ -79.955826738582985, 40.449663073118614 ], [ -79.9556153, 40.449691799999982 ], [ -79.9555653, 40.4496792 ], [ -79.9555885, 40.4496254 ], [ -79.955799938384601, 40.449596673164862 ], [ -79.955849938404882, 40.449609273073683 ], [ -79.955826738582985, 40.449663073118614 ] ] ], [ [ [ -79.955659846127773, 40.452042373529515 ], [ -79.955646546197684, 40.452062973554824 ], [ -79.955684446227991, 40.452077273485926 ], [ -79.955651546400745, 40.45212817354853 ], [ -79.955601191168995, 40.452135014691393 ], [ -79.955596246467721, 40.452142673650634 ], [ -79.9553848, 40.4521714 ], [ -79.9552353, 40.452115 ], [ -79.9552591, 40.4520781 ], [ -79.955278723678347, 40.452075434033631 ], [ -79.9553143, 40.4520205 ], [ -79.955525746020555, 40.451991773773344 ], [ -79.955659846127773, 40.452042373529515 ] ] ], [ [ [ -79.955733849355866, 40.453078173439323 ], [ -79.955790349392487, 40.453096773336483 ], [ -79.95576134956562, 40.453148273391946 ], [ -79.9555499, 40.453177 ], [ -79.955531149931275, 40.453170827415171 ], [ -79.955486924973115, 40.4532492369013 ], [ -79.9553812, 40.4532636 ], [ -79.95525090000001, 40.4532207 ], [ -79.9552845, 40.453161 ], [ -79.955325025453376, 40.453155494516665 ], [ -79.9553401, 40.4531288 ], [ -79.955445824769143, 40.45311443693604 ], [ -79.955506851752858, 40.453134511553309 ], [ -79.9555224, 40.4531069 ], [ -79.955733849355866, 40.453078173439323 ] ] ], [ [ [ -79.9552849, 40.4532946 ], [ -79.955390625040465, 40.453280236990338 ], [ -79.955476325229995, 40.453411336914591 ], [ -79.95538142530512, 40.453447437002467 ], [ -79.9552757, 40.4534618 ], [ -79.9551901, 40.4533308 ], [ -79.9552849, 40.4532946 ] ] ], [ [ [ -79.9546434, 40.4544472 ], [ -79.9547082, 40.4544365 ], [ -79.9547668, 40.4544268 ], [ -79.9546863, 40.4541175 ], [ -79.9546675, 40.4540451 ], [ -79.954599, 40.4540502 ], [ -79.9545576, 40.4540533 ], [ -79.954512, 40.4539369 ], [ -79.9545619, 40.4539285 ], [ -79.9546327, 40.453916499999984 ], [ -79.9546246, 40.453892 ], [ -79.9551101, 40.4538247 ], [ -79.955744454800595, 40.453738521514538 ], [ -79.955859758824914, 40.454179320938039 ], [ -79.955878559438901, 40.454246720843464 ], [ -79.956015359106573, 40.454228320088006 ], [ -79.956044860324127, 40.454361019943114 ], [ -79.955604961469504, 40.454428322373502 ], [ -79.95570956483283, 40.454797721846461 ], [ -79.955916164381748, 40.45477532070624 ], [ -79.955950965496029, 40.454897720530845 ], [ -79.955572766493418, 40.454956922620518 ], [ -79.9549384, 40.4550431 ], [ -79.954793600000016, 40.4545472 ], [ -79.9547401, 40.4545524 ], [ -79.954689, 40.45455739999997 ], [ -79.9546434, 40.4544472 ] ] ], [ [ [ -79.955290332822727, 40.447764674019176 ], [ -79.955231832977361, 40.447806674128351 ], [ -79.9550204, 40.4478354 ], [ -79.955015759055016, 40.447831640926715 ], [ -79.9548821, 40.447849799999986 ], [ -79.9548001, 40.4477841 ], [ -79.9548612, 40.4477395 ], [ -79.955072632737469, 40.447710774416208 ], [ -79.955109020955277, 40.447739929261488 ], [ -79.955238232709902, 40.4477223741129 ], [ -79.955290332822727, 40.447764674019176 ] ] ], [ [ [ -79.955226409979772, 40.448814697444597 ], [ -79.955272410104541, 40.448850597335891 ], [ -79.955265310130429, 40.448855997353306 ], [ -79.95535331036838, 40.448924497145356 ], [ -79.955345710395761, 40.448930197163996 ], [ -79.955378310483596, 40.448955497086949 ], [ -79.955347010596441, 40.448978997163678 ], [ -79.9550695, 40.4490167 ], [ -79.955059452923379, 40.449008879987119 ], [ -79.9549857, 40.4490189 ], [ -79.954933305480935, 40.448978117254164 ], [ -79.9548797, 40.4489854 ], [ -79.9548266, 40.4489441 ], [ -79.9549489, 40.4488524 ], [ -79.955226409979772, 40.448814697444597 ] ] ], [ [ [ -79.955147802186175, 40.45290213985492 ], [ -79.955214696429124, 40.452893052141022 ], [ -79.955228097169609, 40.452933952004301 ], [ -79.955203997300984, 40.452937952270673 ], [ -79.95522809824682, 40.452991052019392 ], [ -79.955211998631327, 40.453009452201513 ], [ -79.955233499466203, 40.453056351977182 ], [ -79.95504310075512, 40.453101254085176 ], [ -79.954971701415914, 40.453110953681268 ], [ -79.954935850065738, 40.453205774909136 ], [ -79.9547244, 40.4532345 ], [ -79.9545886, 40.4532045 ], [ -79.954605141770287, 40.453160750047097 ], [ -79.9537744, 40.4532736 ], [ -79.953751214836004, 40.453235937436091 ], [ -79.953747550623405, 40.45323697709086 ], [ -79.953713014192161, 40.4532416684591 ], [ -79.953720550697042, 40.453257077141288 ], [ -79.953623150822111, 40.453284877321238 ], [ -79.953593550773135, 40.45328889810461 ], [ -79.953597650870961, 40.45329727736857 ], [ -79.953346851192748, 40.453368777831898 ], [ -79.9531354, 40.4533975 ], [ -79.9530756, 40.453275 ], [ -79.953534200000021, 40.4531443 ], [ -79.953682409251627, 40.453124167641903 ], [ -79.9534176, 40.452694 ], [ -79.9539165, 40.452545 ], [ -79.955027513296656, 40.452394072641525 ], [ -79.9549967, 40.452373 ], [ -79.9550877, 40.4522953 ], [ -79.955193423507623, 40.452280937149268 ], [ -79.955247499388577, 40.452317858975903 ], [ -79.955273423544654, 40.452314337076608 ], [ -79.955369923629732, 40.452380336989535 ], [ -79.955294725382274, 40.452444595688576 ], [ -79.955308447557798, 40.452453974192395 ], [ -79.955253728838358, 40.452500670280003 ], [ -79.955273689593156, 40.452537951397687 ], [ -79.955224744296757, 40.4525536859583 ], [ -79.955274547991607, 40.452587774260479 ], [ -79.955206248201335, 40.452646074388362 ], [ -79.955111131703561, 40.452658996183651 ], [ -79.955131548301281, 40.452668674526421 ], [ -79.95507146159882, 40.452742613479678 ], [ -79.955147802186175, 40.45290213985492 ] ] ], [ [ [ -79.954105254660192, 40.454564776493037 ], [ -79.953905844843106, 40.454591863867741 ], [ -79.954108883732061, 40.45492081489909 ], [ -79.953750084562387, 40.45505271589537 ], [ -79.95343290000001, 40.4550958 ], [ -79.95333650000002, 40.4549594 ], [ -79.953281604692563, 40.45488171935299 ], [ -79.953113784476741, 40.454956317640317 ], [ -79.9527966, 40.4549994 ], [ -79.9527223, 40.4549019 ], [ -79.952655883969001, 40.454814792206363 ], [ -79.952593664862533, 40.454842587750711 ], [ -79.9519626, 40.4549283 ], [ -79.951767138293135, 40.454674960729335 ], [ -79.9514392, 40.454719500000017 ], [ -79.9509863, 40.4541329 ], [ -79.951432336288718, 40.45407232210767 ], [ -79.952001335704693, 40.454054219903675 ], [ -79.952312156008617, 40.454452454273444 ], [ -79.952370451818112, 40.454444536352781 ], [ -79.9523688, 40.4544424 ], [ -79.9522238, 40.4542551 ], [ -79.9521934, 40.454216 ], [ -79.9521236, 40.4541258 ], [ -79.952137, 40.4541118 ], [ -79.952348453824811, 40.454083079695351 ], [ -79.952539853752384, 40.454083579344157 ], [ -79.952816353648004, 40.454084378836853 ], [ -79.952819338744519, 40.454088738148535 ], [ -79.953046980277477, 40.454057817764742 ], [ -79.953520879962056, 40.454049216459843 ], [ -79.953531479963473, 40.454050816430779 ], [ -79.953541479968507, 40.454053116403415 ], [ -79.953551579977756, 40.454056316375826 ], [ -79.953560879991684, 40.454060416350494 ], [ -79.953566280001752, 40.454063216335804 ], [ -79.953570980013183, 40.454066216323085 ], [ -79.953577480030162, 40.454070616305486 ], [ -79.95358478005376, 40.45407651628576 ], [ -79.953591080081225, 40.454083116268869 ], [ -79.953594680100835, 40.454087716259274 ], [ -79.953743781147764, 40.45432801586481 ], [ -79.953804988443537, 40.454428012984557 ], [ -79.9539413, 40.4543785 ], [ -79.954095238107939, 40.454357589308941 ], [ -79.9540768, 40.4543256 ], [ -79.9542402, 40.4542707 ], [ -79.954451653511185, 40.45424197584321 ], [ -79.954546353991191, 40.454406275676675 ], [ -79.954447611845666, 40.454439451856395 ], [ -79.954574054030786, 40.45442227562657 ], [ -79.954614854237633, 40.454493075554822 ], [ -79.954451854472694, 40.454547775856305 ], [ -79.9542404, 40.4545765 ], [ -79.954211500122568, 40.454526227011087 ], [ -79.954105254660192, 40.454564776493037 ] ], [ [ -79.952888497418328, 40.454326753917343 ], [ -79.952801360990378, 40.454366122997946 ], [ -79.952906158486655, 40.454351888571288 ], [ -79.952888497418328, 40.454326753917343 ] ], [ [ -79.954207925710634, 40.454484951947286 ], [ -79.954217190814902, 40.454499826795157 ], [ -79.954297878739993, 40.454472732714422 ], [ -79.954207925710634, 40.454484951947286 ] ], [ [ -79.954157657840199, 40.454465884564456 ], [ -79.954148431932893, 40.454449878079402 ], [ -79.954072345423839, 40.454477473312132 ], [ -79.954157657840199, 40.454465884564456 ] ], [ [ -79.953931442588313, 40.454507998730428 ], [ -79.953860065412201, 40.454517694383689 ], [ -79.953868236057943, 40.454530932057629 ], [ -79.953931442588313, 40.454507998730428 ] ], [ [ -79.95253445079797, 40.454419900616756 ], [ -79.952534450797984, 40.454419900616742 ], [ -79.95253445079797, 40.454419900616756 ], [ -79.95253445079797, 40.454419900616756 ] ] ], [ [ [ -79.95397720614325, 40.439113876047003 ], [ -79.953883715445983, 40.43918152880476 ], [ -79.954089270705268, 40.439153599623964 ], [ -79.954181570966085, 40.43922819940606 ], [ -79.954060271389281, 40.439315899703153 ], [ -79.9537828, 40.4393536 ], [ -79.95372192148163, 40.439304461894174 ], [ -79.953685402923242, 40.439309423636068 ], [ -79.953719106944007, 40.439336976530278 ], [ -79.953658507103171, 40.439380176643347 ], [ -79.953571579553213, 40.439391987323013 ], [ -79.953557307211412, 40.439402176829937 ], [ -79.9533459, 40.4394309 ], [ -79.953318178505967, 40.439408231907493 ], [ -79.953169, 40.4394285 ], [ -79.953129771534066, 40.439404611386017 ], [ -79.953113019686228, 40.439406887352945 ], [ -79.953132407427461, 40.439418677610071 ], [ -79.953109243405649, 40.439440905837863 ], [ -79.953269907375571, 40.439419077357904 ], [ -79.953324507458788, 40.439452277259178 ], [ -79.953280707607689, 40.439494277341382 ], [ -79.9530693, 40.439523 ], [ -79.9530147, 40.4394898 ], [ -79.953042050267484, 40.439463573724339 ], [ -79.9528814, 40.4394854 ], [ -79.9527732, 40.4394196 ], [ -79.9528128, 40.4393816 ], [ -79.952817263383452, 40.439380993600459 ], [ -79.9528153, 40.4393798 ], [ -79.9528648, 40.4393323 ], [ -79.952874370635698, 40.439330999718585 ], [ -79.9528673, 40.4393267 ], [ -79.9529143, 40.4392816 ], [ -79.952925964662612, 40.439280015214244 ], [ -79.9529238, 40.4392787 ], [ -79.9529657, 40.4392384 ], [ -79.952981626058858, 40.439236236242799 ], [ -79.9529712, 40.4392299 ], [ -79.9530259, 40.4391774 ], [ -79.953040873798869, 40.439175365609366 ], [ -79.9530314, 40.4391696 ], [ -79.9530737, 40.439129 ], [ -79.953095261625165, 40.439126070552973 ], [ -79.9530879, 40.4391216 ], [ -79.9531241, 40.4390868 ], [ -79.953335506215936, 40.439058077221624 ], [ -79.953415206337212, 40.439106477077559 ], [ -79.953379006460551, 40.439141277145495 ], [ -79.953357267196779, 40.43914423078148 ], [ -79.953401506545802, 40.439171177105536 ], [ -79.953371003565437, 40.439200523738648 ], [ -79.953418496249142, 40.439194071072109 ], [ -79.9534163, 40.4391923 ], [ -79.9534564, 40.4391633 ], [ -79.953557034172988, 40.439149627073533 ], [ -79.9535414, 40.439137 ], [ -79.953565781325267, 40.439119357045335 ], [ -79.9534742, 40.4391318 ], [ -79.9534356, 40.4391007 ], [ -79.953514444710692, 40.439043653922269 ], [ -79.9534118, 40.4390576 ], [ -79.9533173, 40.4389813 ], [ -79.9534494, 40.4388857 ], [ -79.953660805458341, 40.438856976616051 ], [ -79.953755405661525, 40.43893327644588 ], [ -79.953685101080211, 40.438984117294851 ], [ -79.953787705764981, 40.438970176388288 ], [ -79.953826205847818, 40.439001276319026 ], [ -79.953775861233012, 40.439037728072044 ], [ -79.953867505907269, 40.439025276244315 ], [ -79.95397720614325, 40.439113876047003 ] ], [ [ -79.953567847141073, 40.439239364945585 ], [ -79.953508226593456, 40.439247465453143 ], [ -79.953521406764338, 40.439255476889322 ], [ -79.953490406869946, 40.439285276947508 ], [ -79.953279, 40.439314 ], [ -79.953266003104019, 40.439306117104223 ], [ -79.953260526459715, 40.439311384643744 ], [ -79.953229086810367, 40.439315656189855 ], [ -79.953244107089247, 40.43932477740104 ], [ -79.953222150257318, 40.43934589345627 ], [ -79.953378307037056, 40.439324677154879 ], [ -79.953386510687722, 40.439329662687655 ], [ -79.9534277, 40.4393003 ], [ -79.953534979358622, 40.439285724264842 ], [ -79.9535202, 40.4392738 ], [ -79.953567847141073, 40.439239364945585 ] ] ], [ [ [ -79.953545007996979, 40.439650676863465 ], [ -79.953519484492219, 40.439654144659151 ], [ -79.953537508057067, 40.439668876878024 ], [ -79.953497908160983, 40.439697076951916 ], [ -79.953390351708876, 40.439711690200646 ], [ -79.953437308350942, 40.439750077065391 ], [ -79.953329208635282, 40.439827277267099 ], [ -79.9531178, 40.439856 ], [ -79.953106188189338, 40.439846495475329 ], [ -79.9529192, 40.4398719 ], [ -79.9528106, 40.4398128 ], [ -79.9528128288906, 40.439810412422531 ], [ -79.9527533, 40.4398185 ], [ -79.9526554, 40.4397651 ], [ -79.952699507019446, 40.439717852866586 ], [ -79.952646900000019, 40.439725 ], [ -79.9525791, 40.4396881 ], [ -79.952592512144761, 40.439673733515775 ], [ -79.9525589, 40.4396783 ], [ -79.952498, 40.4396452 ], [ -79.9525835, 40.4395535 ], [ -79.952755435850506, 40.439530140916098 ], [ -79.9527651, 40.439519799999985 ], [ -79.952976507715192, 40.439491077899234 ], [ -79.953006007754382, 40.439507177845847 ], [ -79.952970307888222, 40.439545377913028 ], [ -79.952918713188822, 40.439552387658495 ], [ -79.952887965345269, 40.439585329478383 ], [ -79.952936908110701, 40.439612077977237 ], [ -79.952936396778341, 40.439612625744289 ], [ -79.953055073056376, 40.439596502139487 ], [ -79.953152973226551, 40.439649801906889 ], [ -79.95312116567041, 40.43968390033266 ], [ -79.953180773319659, 40.439675801841467 ], [ -79.953228991913349, 40.439702110837587 ], [ -79.953253452740796, 40.43969878749057 ], [ -79.953183, 40.4396412 ], [ -79.9532226, 40.439613 ], [ -79.953248122798399, 40.439609532365587 ], [ -79.9532197, 40.4395863 ], [ -79.9532584, 40.439558599999984 ], [ -79.95328926002901, 40.439554407212661 ], [ -79.9532709, 40.4395394 ], [ -79.9533165, 40.4395068 ], [ -79.953345020749879, 40.439502925020271 ], [ -79.9534361, 40.4394378 ], [ -79.953540837441295, 40.439423569653229 ], [ -79.9535482, 40.439418300000014 ], [ -79.95375960709363, 40.439389576458311 ], [ -79.953827407241491, 40.439444976336382 ], [ -79.953768207397275, 40.439487276446833 ], [ -79.953746716173995, 40.439490196440566 ], [ -79.953753907430468, 40.439496076473453 ], [ -79.95365880768091, 40.43956407665091 ], [ -79.953636682299361, 40.439567082781714 ], [ -79.953641807710085, 40.439571276682393 ], [ -79.953596207829818, 40.43960377676747 ], [ -79.953565347795902, 40.439607969636604 ], [ -79.953583707894978, 40.439622976791242 ], [ -79.953545007996979, 40.439650676863465 ] ] ], [ [ [ -79.9529387, 40.4410245 ], [ -79.9528696, 40.4407375 ], [ -79.9534252, 40.4406592 ], [ -79.9537228, 40.4406172 ], [ -79.954020096378983, 40.440576807032258 ], [ -79.954091797620606, 40.440866606865285 ], [ -79.953410298404194, 40.440960108629085 ], [ -79.953235998604981, 40.440984109080205 ], [ -79.9529387, 40.4410245 ] ] ], [ [ [ -79.954061234931956, 40.448284476297033 ], [ -79.95399103512068, 40.448335876428089 ], [ -79.9537796, 40.4483646 ], [ -79.9536714, 40.4482783 ], [ -79.953712314041709, 40.448248343010029 ], [ -79.953642700000017, 40.4482578 ], [ -79.9536036, 40.4482274 ], [ -79.9536208, 40.4482145 ], [ -79.953455, 40.4480855 ], [ -79.953549, 40.448015 ], [ -79.953676161068515, 40.447997725314352 ], [ -79.9536187, 40.4479533 ], [ -79.9537585, 40.447847799999984 ], [ -79.954036006439097, 40.447810100252966 ], [ -79.954191106855063, 40.447929999886455 ], [ -79.954152806993747, 40.447958899980343 ], [ -79.954186807084994, 40.447985199899982 ], [ -79.954085307452544, 40.448061800148842 ], [ -79.953934973883364, 40.448082223303643 ], [ -79.95392390765285, 40.448090500539138 ], [ -79.953968707774109, 40.448125400433291 ], [ -79.953935507893675, 40.448150300514683 ], [ -79.953973707996823, 40.448180000424401 ], [ -79.953948666606109, 40.448198769903975 ], [ -79.953953034702508, 40.448198176491765 ], [ -79.954061234931956, 40.448284476297033 ] ] ], [ [ [ -79.953016, 40.4518024 ], [ -79.9532639, 40.4517149 ], [ -79.953541422646353, 40.451677201667728 ], [ -79.953583922911989, 40.451746801569413 ], [ -79.953548322982058, 40.451759401655863 ], [ -79.953604674337925, 40.451851656730909 ], [ -79.953616123321922, 40.451850101497847 ], [ -79.953697123829244, 40.451983001310474 ], [ -79.953634023952873, 40.45200520146372 ], [ -79.953643724013986, 40.452021201441276 ], [ -79.953572324154194, 40.452046401614687 ], [ -79.9532948, 40.4520841 ], [ -79.953292988891604, 40.452081112605356 ], [ -79.9532202, 40.452091 ], [ -79.9531392, 40.4519582 ], [ -79.9531514, 40.4519539 ], [ -79.953095126488805, 40.451861503733987 ], [ -79.9530554, 40.4518669 ], [ -79.953016, 40.4518024 ] ] ], [ [ [ -79.953790747296779, 40.452184276965205 ], [ -79.953753947351572, 40.452197177033305 ], [ -79.953765447406241, 40.452215977013026 ], [ -79.953607047642606, 40.452271677306108 ], [ -79.9533956, 40.4523004 ], [ -79.9533485, 40.4522228 ], [ -79.9535069, 40.4521671 ], [ -79.953718347180455, 40.45213837709602 ], [ -79.953724795842462, 40.452148967039882 ], [ -79.953765947177772, 40.452143377008909 ], [ -79.953790747296779, 40.452184276965205 ] ] ], [ [ [ -79.9537966, 40.4535848 ], [ -79.953882, 40.4535561 ], [ -79.95419917703957, 40.453513014557515 ], [ -79.954234177306503, 40.453573914465217 ], [ -79.954216577344539, 40.453579814514029 ], [ -79.954388778654902, 40.453878814059856 ], [ -79.954345978747639, 40.453893214178592 ], [ -79.954375178970309, 40.453944014101594 ], [ -79.9542365792705, 40.453990614486138 ], [ -79.9539194, 40.4540337 ], [ -79.953724010304839, 40.453694375227364 ], [ -79.9536907, 40.453698899999978 ], [ -79.9536582, 40.4536424 ], [ -79.9537316, 40.4536178 ], [ -79.953781297157505, 40.453611049255244 ], [ -79.9538068, 40.4536025 ], [ -79.9537966, 40.4535848 ] ] ], [ [ [ -79.9542604, 40.4541354 ], [ -79.954471853077933, 40.454106675800183 ], [ -79.954514353293874, 40.454180575725459 ], [ -79.954389153474665, 40.454222675957041 ], [ -79.9541777, 40.4542514 ], [ -79.9541351, 40.4541774 ], [ -79.9542604, 40.4541354 ] ] ], [ [ [ -79.9523702, 40.4360963 ], [ -79.9522946, 40.4360894 ], [ -79.952300718760512, 40.43605002398612 ], [ -79.95214780000002, 40.4360708 ], [ -79.951973800000019, 40.436046 ], [ -79.952038900000019, 40.4357793 ], [ -79.952250296243761, 40.435750579066259 ], [ -79.952425096254444, 40.435775478746727 ], [ -79.952418496342744, 40.435802778760056 ], [ -79.952356469501254, 40.435811206043191 ], [ -79.952354296422214, 40.435820178878586 ], [ -79.952409796425584, 40.435828078777106 ], [ -79.952394596626533, 40.435890178807739 ], [ -79.952337492909791, 40.435897937188031 ], [ -79.952333696723898, 40.435913678920492 ], [ -79.952390796727286, 40.435921778816081 ], [ -79.952374896937627, 40.435986778848132 ], [ -79.952315295120471, 40.435994876608127 ], [ -79.952314197000703, 40.435999378960027 ], [ -79.952367797003845, 40.436006978862054 ], [ -79.952362998951997, 40.436026561881725 ], [ -79.952514496944019, 40.436005978592924 ], [ -79.952534031526767, 40.436007759125253 ], [ -79.952654596844027, 40.435991378335302 ], [ -79.952848096849053, 40.4360167779815 ], [ -79.952829997108623, 40.436097178018244 ], [ -79.9526186, 40.4361259 ], [ -79.9524251, 40.4361004 ], [ -79.952427787759618, 40.436088475863876 ], [ -79.9523702, 40.4360963 ] ] ], [ [ [ -79.952759689797361, 40.436277102388836 ], [ -79.952789197711866, 40.436284178101346 ], [ -79.952764597909251, 40.436343978149111 ], [ -79.952725452134501, 40.436349296771645 ], [ -79.952747097949, 40.436354478181677 ], [ -79.952730973010958, 40.43639377073783 ], [ -79.952813797227989, 40.436413617238777 ], [ -79.952793297475509, 40.4364636172985 ], [ -79.952759710196801, 40.436468180704864 ], [ -79.952792397534481, 40.436476017301786 ], [ -79.952767097838944, 40.436537517375477 ], [ -79.952714258339554, 40.436544696499581 ], [ -79.952753597924996, 40.436554117413714 ], [ -79.952731098196764, 40.436609017479249 ], [ -79.952680887609489, 40.436615839398435 ], [ -79.952722898281138, 40.436625917502937 ], [ -79.952698498576154, 40.43668551757402 ], [ -79.952677714404487, 40.436688341432635 ], [ -79.952689698608125, 40.436691217598593 ], [ -79.95266079895616, 40.436761517682783 ], [ -79.95245955410094, 40.436788859711619 ], [ -79.952451462869249, 40.436808989395686 ], [ -79.952527799208085, 40.436798618051171 ], [ -79.952590599245198, 40.436814217879395 ], [ -79.952569093144987, 40.436864953061814 ], [ -79.952569199621564, 40.436864978530501 ], [ -79.952522000000783, 40.436979878622147 ], [ -79.9523106, 40.4370086 ], [ -79.9522459, 40.4369931 ], [ -79.952253230983274, 40.436975216164186 ], [ -79.9522217, 40.4369795 ], [ -79.9521589, 40.4369639 ], [ -79.952162988336013, 40.436954255332914 ], [ -79.9521104, 40.4369614 ], [ -79.951971, 40.4369287 ], [ -79.951973941178437, 40.436921386571179 ], [ -79.9519444, 40.436925399999978 ], [ -79.9518775, 40.4369088 ], [ -79.951885920578164, 40.436888949514511 ], [ -79.9518274, 40.4368969 ], [ -79.9517615, 40.4368811 ], [ -79.95177521237845, 40.436847715061177 ], [ -79.9516973, 40.4368583 ], [ -79.9515577, 40.4368223 ], [ -79.951586983790889, 40.436755957971684 ], [ -79.9513791, 40.4367842 ], [ -79.9513132, 40.4367679 ], [ -79.951322946644723, 40.436744934195936 ], [ -79.9512702, 40.4367521 ], [ -79.9511343, 40.436718800000016 ], [ -79.951138843269277, 40.436707978938273 ], [ -79.9511063, 40.4367124 ], [ -79.9510298, 40.4366935 ], [ -79.9511025, 40.4365221 ], [ -79.951313898939091, 40.436493380816628 ], [ -79.951390498968863, 40.436512280676958 ], [ -79.951388157763546, 40.436517792862638 ], [ -79.951517798881682, 40.436500180442927 ], [ -79.951574698903997, 40.436514280339182 ], [ -79.951563526756559, 40.436540539897919 ], [ -79.951617698946762, 40.436533180261144 ], [ -79.951681098971591, 40.436548880145537 ], [ -79.951663051502493, 40.436591363941261 ], [ -79.951688398701592, 40.436587920346696 ], [ -79.951754298740681, 40.436604320166474 ], [ -79.951750719349448, 40.436612748188111 ], [ -79.951852799062351, 40.436598879832815 ], [ -79.951930599093231, 40.436618279690954 ], [ -79.951928715335384, 40.436622705549951 ], [ -79.951945099094559, 40.436620479664462 ], [ -79.951960561614086, 40.436624332484726 ], [ -79.95197151613668, 40.436598903920725 ], [ -79.9519053, 40.4366079 ], [ -79.951860832626053, 40.43659664385595 ], [ -79.9518192, 40.4366023 ], [ -79.9517204, 40.4365772 ], [ -79.9519026, 40.4361582 ], [ -79.952219696165642, 40.436115118853607 ], [ -79.952308229910784, 40.436137548560197 ], [ -79.95236909738756, 40.436129278865067 ], [ -79.952435397388015, 40.436137578743825 ], [ -79.952428760932037, 40.436153408706339 ], [ -79.95251509737011, 40.436141678597814 ], [ -79.952590797374455, 40.436152378459454 ], [ -79.952584808505279, 40.436177439037472 ], [ -79.952669897386329, 40.436165878314945 ], [ -79.95285869738656, 40.43618917796968 ], [ -79.952848797537101, 40.43623587798988 ], [ -79.952819947259343, 40.436239797823184 ], [ -79.952813597657212, 40.436269778055944 ], [ -79.952759689797361, 40.436277102388836 ] ], [ [ -79.952240368374078, 40.436694788582628 ], [ -79.952239871184105, 40.436695953507147 ], [ -79.952243289986754, 40.436695489022398 ], [ -79.952240368374078, 40.436694788582628 ] ], [ [ -79.95223679455782, 40.436592058681583 ], [ -79.952225498979288, 40.436618279150039 ], [ -79.952150867519222, 40.436628418692464 ], [ -79.95222939866801, 40.436647318862164 ], [ -79.952213121767727, 40.436686909361775 ], [ -79.952225863687744, 40.436690072009618 ], [ -79.9522499, 40.4366316 ], [ -79.95230012674439, 40.436624776080556 ], [ -79.9522523, 40.4366133 ], [ -79.952262500429484, 40.436588566227186 ], [ -79.95223679455782, 40.436592058681583 ] ], [ [ -79.952393226878314, 40.436414660209572 ], [ -79.9523512, 40.4364046 ], [ -79.9523757, 40.4363449 ], [ -79.952414999761999, 40.43633956057792 ], [ -79.9523793, 40.436331 ], [ -79.952388082435277, 40.43630965084126 ], [ -79.952373, 40.4363117 ], [ -79.952279163764828, 40.43628802807212 ], [ -79.952275032239697, 40.436288589393705 ], [ -79.952328596984231, 40.436302218566368 ], [ -79.952317304959422, 40.436328205049257 ], [ -79.952344498043601, 40.436335078919264 ], [ -79.952330098153794, 40.436368378947165 ], [ -79.952297950055112, 40.436372746690409 ], [ -79.952297397340672, 40.436374018656956 ], [ -79.95224227021491, 40.43638150838153 ], [ -79.952243757532386, 40.436381886212899 ], [ -79.952249698224733, 40.436381079095185 ], [ -79.952318398256011, 40.436399478969982 ], [ -79.952304598356221, 40.436429678996625 ], [ -79.952275664130198, 40.436433610082787 ], [ -79.95227517919237, 40.436434728707411 ], [ -79.952300698393856, 40.436441179004291 ], [ -79.952284398518913, 40.436478979035861 ], [ -79.95222235059056, 40.43648740901623 ], [ -79.952252697937269, 40.436495118787974 ], [ -79.952247240759462, 40.43650767226876 ], [ -79.952309370659819, 40.436499231140466 ], [ -79.9523168, 40.4364811 ], [ -79.95235034628277, 40.436476542297235 ], [ -79.9523268, 40.4364709 ], [ -79.9523473, 40.4364209 ], [ -79.952393226878314, 40.436414660209572 ] ] ], [ [ [ -79.952622695427138, 40.438145336743226 ], [ -79.952611657481498, 40.438155991627056 ], [ -79.952615805564989, 40.438158317899017 ], [ -79.95259562474196, 40.438179102309277 ], [ -79.952883305323695, 40.4381400171618 ], [ -79.952906005372739, 40.438153217100215 ], [ -79.952912405437374, 40.438167717083587 ], [ -79.952930034906004, 40.438178432963284 ], [ -79.952953705448778, 40.438175216970428 ], [ -79.952975605501123, 40.438189016911082 ], [ -79.952979105584404, 40.438207116902646 ], [ -79.952954708328321, 40.438231459168001 ], [ -79.953005805650918, 40.438224516830338 ], [ -79.953029705626221, 40.43822221676443 ], [ -79.953053005671151, 40.438234616701159 ], [ -79.953052405750242, 40.438251316703912 ], [ -79.95307160580083, 40.438264416651947 ], [ -79.953093705784255, 40.43826361659108 ], [ -79.953116505832782, 40.438276716529217 ], [ -79.953117405901537, 40.438291416527704 ], [ -79.953071006146629, 40.438337716658424 ], [ -79.953082806171849, 40.438344516626408 ], [ -79.953079819486561, 40.438347498339795 ], [ -79.953194506047723, 40.438331916318255 ], [ -79.953217306096704, 40.438345116256393 ], [ -79.953223606160904, 40.438359516240027 ], [ -79.953241253846244, 40.438370329700362 ], [ -79.953264906172805, 40.438367116126869 ], [ -79.953286806224668, 40.4383808160675 ], [ -79.953290406307886, 40.438398916058802 ], [ -79.953265960795463, 40.438423251414278 ], [ -79.953317006374462, 40.438416315986771 ], [ -79.953340906350249, 40.438414115920885 ], [ -79.953364206394724, 40.438426415857577 ], [ -79.953363706473709, 40.438443115860025 ], [ -79.953382806524374, 40.438456215808365 ], [ -79.953404906507799, 40.438455415747519 ], [ -79.953427706556809, 40.438468615685643 ], [ -79.953428606625081, 40.438483215684151 ], [ -79.953382206870188, 40.438529515814871 ], [ -79.9533941068958, 40.438536415782593 ], [ -79.953274607526396, 40.438655516119262 ], [ -79.953087551737255, 40.438680930605628 ], [ -79.953123307833252, 40.438702016538628 ], [ -79.953109161182397, 40.438715912920792 ], [ -79.953310807660912, 40.438688516021841 ], [ -79.953380907815884, 40.438730015831688 ], [ -79.953294608264173, 40.438814516074736 ], [ -79.953324708330626, 40.43883231599311 ], [ -79.953252408707158, 40.438903316196736 ], [ -79.953203665440725, 40.438909938734675 ], [ -79.953178008900153, 40.438935116403563 ], [ -79.953154905689459, 40.438938255323173 ], [ -79.953113909142331, 40.438978616582808 ], [ -79.953129409176242, 40.438987716540765 ], [ -79.952933110201528, 40.439181117093668 ], [ -79.95295231024366, 40.439192417041575 ], [ -79.952889910569695, 40.43925391721735 ], [ -79.9525728, 40.439297 ], [ -79.952501901167267, 40.439255349040003 ], [ -79.9524765, 40.4392588 ], [ -79.9524537, 40.4392454 ], [ -79.9524642, 40.4392351 ], [ -79.9524159, 40.4392068 ], [ -79.9524352, 40.4391877 ], [ -79.952423947447741, 40.439181108021401 ], [ -79.9523953, 40.439185 ], [ -79.95235947209062, 40.439163986021605 ], [ -79.952325271782684, 40.439197903873485 ], [ -79.952195472379273, 40.43932660419344 ], [ -79.951971139524559, 40.439357080823868 ], [ -79.95202681169539, 40.439386619600988 ], [ -79.952011395101536, 40.439403461588064 ], [ -79.952040411748314, 40.439399519564411 ], [ -79.952095143220362, 40.439428559249116 ], [ -79.9521864, 40.4393332 ], [ -79.952397807352497, 40.439304478952565 ], [ -79.952429676148626, 40.43932209578783 ], [ -79.952458507372086, 40.439318178841809 ], [ -79.952475007511069, 40.43932733216289 ], [ -79.952683707224736, 40.439298978427878 ], [ -79.952757707329056, 40.439341278294002 ], [ -79.952697407542445, 40.439401778407266 ], [ -79.952643607732625, 40.439455678508331 ], [ -79.952593507909697, 40.439505878602468 ], [ -79.95253720810932, 40.439562478708247 ], [ -79.952325800000011, 40.4395912 ], [ -79.9522534, 40.4395498 ], [ -79.952283936849426, 40.439518771517321 ], [ -79.9522138, 40.4395283 ], [ -79.9521539, 40.4394942 ], [ -79.952167370731146, 40.439480469240515 ], [ -79.9521642, 40.4394809 ], [ -79.952116398861378, 40.439454452912848 ], [ -79.952067926786427, 40.439507337721054 ], [ -79.952098908158945, 40.439524379510551 ], [ -79.952089154782826, 40.43953474611547 ], [ -79.952115408173938, 40.439531179480575 ], [ -79.952163108238139, 40.439557479394246 ], [ -79.952158725935377, 40.439562138183931 ], [ -79.952225260277316, 40.43955309916084 ], [ -79.952286860380724, 40.439586999021479 ], [ -79.95226257693858, 40.439612838023479 ], [ -79.952338708475736, 40.439654679076412 ], [ -79.95231697832817, 40.439677765706392 ], [ -79.952426373649104, 40.439662903656995 ], [ -79.952517673809425, 40.43971300344009 ], [ -79.952433874219381, 40.439802103647004 ], [ -79.9521564, 40.4398398 ], [ -79.952141078261633, 40.439831392353085 ], [ -79.952179309164165, 40.439854179377612 ], [ -79.95213520931695, 40.439897379460426 ], [ -79.9519238, 40.4399261 ], [ -79.9518734, 40.439896 ], [ -79.9519174, 40.4398528 ], [ -79.952127961435536, 40.439824194625913 ], [ -79.952066998661607, 40.439790741873836 ], [ -79.952019509172814, 40.439837279670002 ], [ -79.9518081, 40.439866 ], [ -79.9517561, 40.439835 ], [ -79.9518458, 40.439747 ], [ -79.951987205880741, 40.439727789708257 ], [ -79.951972278563716, 40.439719585772551 ], [ -79.9519258, 40.4397259 ], [ -79.951874777431854, 40.439697866535404 ], [ -79.9517332, 40.4397171 ], [ -79.951692713602526, 40.439694885252912 ], [ -79.9516028, 40.4397071 ], [ -79.9515178, 40.439662 ], [ -79.951536767195876, 40.439641254654177 ], [ -79.9515011, 40.4396461 ], [ -79.9514161, 40.439601 ], [ -79.951433906785184, 40.439581572334632 ], [ -79.9513888, 40.4395877 ], [ -79.9513038, 40.4395426 ], [ -79.9513806, 40.4394587 ], [ -79.951496119707244, 40.439443006819602 ], [ -79.9514292, 40.4394075 ], [ -79.951450853981626, 40.439383874941484 ], [ -79.951359108248084, 40.439461780864825 ], [ -79.951304806590642, 40.439469157610887 ], [ -79.951316508349692, 40.439488880944189 ], [ -79.951284208469644, 40.439523081004936 ], [ -79.951224460920045, 40.439531197512395 ], [ -79.95124370861285, 40.43956368108104 ], [ -79.951119108988721, 40.439667981314201 ], [ -79.9509077, 40.4396967 ], [ -79.9508728, 40.439629700000012 ], [ -79.950983627274454, 40.439540587682096 ], [ -79.9508341, 40.4395609 ], [ -79.950804, 40.4395079 ], [ -79.950969742962997, 40.439452977527289 ], [ -79.9507745, 40.4394795 ], [ -79.9507514, 40.4394389 ], [ -79.950818021432013, 40.439416830320688 ], [ -79.9507542, 40.4394255 ], [ -79.9507256, 40.439375099999985 ], [ -79.950824885181646, 40.439342134756025 ], [ -79.9507184, 40.4393566 ], [ -79.9506949, 40.4393153 ], [ -79.9508348, 40.439268900000023 ], [ -79.951046207672661, 40.439240181429042 ], [ -79.951055930909604, 40.439257269402525 ], [ -79.9510643, 40.43925440000001 ], [ -79.9510604, 40.4392479 ], [ -79.951075, 40.4392431 ], [ -79.9510424, 40.4391881 ], [ -79.9510952, 40.43916990000001 ], [ -79.951326426682897, 40.439138488515837 ], [ -79.951330394736488, 40.439145190074655 ], [ -79.951379726660377, 40.439138488408879 ], [ -79.951397177218254, 40.439167991494998 ], [ -79.951490007234753, 40.439155380611176 ], [ -79.951518146720986, 40.439204718210753 ], [ -79.951646210976634, 40.439187320635014 ], [ -79.951663336948414, 40.439191346833155 ], [ -79.9516889, 40.439165 ], [ -79.9516683, 40.4391534 ], [ -79.951711, 40.4391092 ], [ -79.9516905, 40.439097699999984 ], [ -79.9517332, 40.439053699999988 ], [ -79.9517141, 40.4390429 ], [ -79.9517567, 40.4389991 ], [ -79.951739500000016, 40.4389893 ], [ -79.951781700000012, 40.4389461 ], [ -79.9517588, 40.4389333 ], [ -79.9518015, 40.4388892 ], [ -79.9517838, 40.438879199999988 ], [ -79.9518265, 40.438835499999989 ], [ -79.952128172965516, 40.438794516297797 ], [ -79.952149668356668, 40.438773467031048 ], [ -79.952053, 40.4387866 ], [ -79.9519252, 40.438711699999978 ], [ -79.951922, 40.4387068 ], [ -79.9519212, 40.438699 ], [ -79.951938, 40.4386824 ], [ -79.9518938, 40.4386565 ], [ -79.9520567, 40.4384955 ], [ -79.952101801980291, 40.438489372608764 ], [ -79.9519674, 40.4384108 ], [ -79.95201, 40.4383686 ], [ -79.9519904, 40.4383571 ], [ -79.9520168, 40.4383309 ], [ -79.9520029, 40.4383228 ], [ -79.9520486, 40.4382776 ], [ -79.9520464, 40.438267 ], [ -79.9520618, 40.4382514 ], [ -79.952074607674561, 40.438249659990205 ], [ -79.9520546, 40.4382381 ], [ -79.9520967, 40.4381959 ], [ -79.9520797, 40.4381876 ], [ -79.9521185, 40.438147699999988 ], [ -79.9520991, 40.4381375 ], [ -79.9521387, 40.4380965 ], [ -79.952111, 40.43808210000001 ], [ -79.9521291, 40.438064099999977 ], [ -79.952148593758423, 40.438061451619738 ], [ -79.9521593, 40.4380508 ], [ -79.952204832574793, 40.438044614022871 ], [ -79.9522502, 40.4379991 ], [ -79.952461603136101, 40.437970378776647 ], [ -79.952483730246186, 40.437983132540204 ], [ -79.952495903157725, 40.437981478714221 ], [ -79.952550403235321, 40.438012878615638 ], [ -79.952567203226323, 40.438012078584784 ], [ -79.952591003257979, 40.438025078541706 ], [ -79.95259250330011, 40.438038678539549 ], [ -79.952633803359248, 40.438062578464844 ], [ -79.952611903437145, 40.438084678505987 ], [ -79.952620603449489, 40.43808967849025 ], [ -79.952614503471324, 40.43809587850172 ], [ -79.952630503494049, 40.43810507847278 ], [ -79.952602535100098, 40.438133266672146 ], [ -79.952622695427138, 40.438145336743226 ] ], [ [ -79.9522409, 40.4388968 ], [ -79.952236509493858, 40.438894197436447 ], [ -79.952217930675133, 40.438896721495126 ], [ -79.952214309295186, 40.438900419052878 ], [ -79.952233109332823, 40.438910719001825 ], [ -79.952190609563914, 40.438954519121665 ], [ -79.952201388789334, 40.438960573166483 ], [ -79.952270068061168, 40.438892837313432 ], [ -79.9522409, 40.4388968 ] ], [ [ -79.952536790866361, 40.438416414522138 ], [ -79.952537637017741, 40.438416910352601 ], [ -79.952538346214993, 40.438416203211489 ], [ -79.952536790866361, 40.438416414522138 ] ], [ [ -79.952471610912596, 40.438243317022497 ], [ -79.952471628593372, 40.438243327234623 ], [ -79.952471643232926, 40.43824331263145 ], [ -79.952471610912596, 40.438243317022497 ] ], [ [ -79.952753681383555, 40.438591819888941 ], [ -79.952752804978815, 40.43859267826997 ], [ -79.952698346271575, 40.438600077133664 ], [ -79.952698346271575, 40.438600077133664 ], [ -79.952493605731263, 40.43880027875457 ], [ -79.952511005756904, 40.438810578723107 ], [ -79.952481266252676, 40.438839710437733 ], [ -79.952576270124993, 40.438826803247679 ], [ -79.95265337027476, 40.438872603064716 ], [ -79.952545170772126, 40.438979903331429 ], [ -79.952456205209799, 40.439068068064181 ], [ -79.952520622696696, 40.439059316385134 ], [ -79.9525854, 40.43899540000001 ], [ -79.9525556, 40.4389778 ], [ -79.9526193, 40.438915 ], [ -79.952663290945409, 40.438909023370385 ], [ -79.952745593762501, 40.438827995300066 ], [ -79.9526933, 40.4388351 ], [ -79.952585, 40.438771199999984 ], [ -79.9526327, 40.4387244 ], [ -79.952652460914052, 40.438721715264791 ], [ -79.9526953, 40.4386797 ], [ -79.952865700480899, 40.438656549009771 ], [ -79.9528639, 40.43865550000001 ], [ -79.9528717, 40.4386478 ], [ -79.9528325, 40.438625 ], [ -79.952851402207216, 40.438606179875727 ], [ -79.9528093, 40.4386119 ], [ -79.952779098173011, 40.43859439058896 ], [ -79.9527621, 40.4385967 ], [ -79.952753681383555, 40.438591819888941 ] ], [ [ -79.951067961854221, 40.439282060460968 ], [ -79.950983621690412, 40.439310033403764 ], [ -79.951076963203576, 40.439297353407383 ], [ -79.951067961854221, 40.439282060460968 ] ], [ [ -79.951423507736493, 40.439306880739871 ], [ -79.95140280776647, 40.439313880778165 ], [ -79.951354404120011, 40.43932045633013 ], [ -79.951320407855505, 40.439332080930129 ], [ -79.951284705174814, 40.439336931052168 ], [ -79.951292936329139, 40.439351397797417 ], [ -79.951455007795033, 40.439329380683077 ], [ -79.951463918895726, 40.439369620769419 ], [ -79.9515061, 40.4393236 ], [ -79.951823211313311, 40.439280520154171 ], [ -79.951848570719278, 40.439293975474655 ], [ -79.951887016391197, 40.439255826033879 ], [ -79.9517606, 40.439273 ], [ -79.95169902681171, 40.439238301028098 ], [ -79.951676211289168, 40.439257320557097 ], [ -79.951646011351428, 40.439266820640839 ], [ -79.951421200664853, 40.439297361113844 ], [ -79.951418507711395, 40.439298280748666 ], [ -79.951423507736493, 40.439306880739871 ] ], [ [ -79.951890794488861, 40.439348450650947 ], [ -79.951888507143991, 40.439347118092122 ], [ -79.951886786742236, 40.439348995114401 ], [ -79.951890794488861, 40.439348450650947 ] ], [ [ -79.951147210991891, 40.439418003867956 ], [ -79.951095771646763, 40.439435044354944 ], [ -79.95115015232669, 40.439427656971169 ], [ -79.951147210991891, 40.439418003867956 ] ] ], [ [ [ -79.953564405125746, 40.440384238381476 ], [ -79.953564405128247, 40.440385838381502 ], [ -79.953564005130374, 40.440387138381901 ], [ -79.953563505132365, 40.440388338382398 ], [ -79.953562705134402, 40.440389538383151 ], [ -79.95356180513599, 40.440390438383993 ], [ -79.953560605137483, 40.440391238385125 ], [ -79.953559705138275, 40.440391638385954 ], [ -79.953558805139082, 40.44039203838679 ], [ -79.953557305139995, 40.440392438388166 ], [ -79.9534516, 40.4404068 ], [ -79.9534501, 40.440407 ], [ -79.9534489, 40.4404071 ], [ -79.9534475, 40.440407 ], [ -79.9530878, 40.4404046 ], [ -79.9530422, 40.440379199999981 ], [ -79.95304986856604, 40.440371166284514 ], [ -79.9529267, 40.4403879 ], [ -79.9528704, 40.4403573 ], [ -79.952888144335574, 40.440338278089527 ], [ -79.9528475, 40.4403438 ], [ -79.952833632206506, 40.440336263717789 ], [ -79.952806710523646, 40.440363978249245 ], [ -79.9525953, 40.440392700000011 ], [ -79.9525422, 40.4403966 ], [ -79.9524355, 40.4401539 ], [ -79.9524731, 40.4401152 ], [ -79.9524447, 40.4400304 ], [ -79.9525348, 40.4399377 ], [ -79.952746209117294, 40.439908978340149 ], [ -79.952762937462396, 40.439918462466188 ], [ -79.952858509062906, 40.43990547813398 ], [ -79.953112309416994, 40.440049377674782 ], [ -79.953091235731847, 40.440071072225905 ], [ -79.953122109468197, 40.440066877657557 ], [ -79.953359509782118, 40.440195977227781 ], [ -79.953315893960905, 40.440242768924094 ], [ -79.953560805118741, 40.440379338384673 ], [ -79.953562305120187, 40.440380438383315 ], [ -79.953563105121617, 40.440381438382602 ], [ -79.953563905123488, 40.440382738381906 ], [ -79.953564405125746, 40.440384238381476 ] ] ], [ [ [ -79.953063115847087, 40.442089577855 ], [ -79.9530764160789, 40.442164977833919 ], [ -79.953056631706332, 40.442167665679328 ], [ -79.95306351623158, 40.442211977859664 ], [ -79.95302297563525, 40.442217485570424 ], [ -79.953031016405347, 40.442263277921562 ], [ -79.9528196, 40.442292 ], [ -79.9527391, 40.4422991 ], [ -79.9527164, 40.4421661 ], [ -79.952757935660699, 40.442160457211813 ], [ -79.9527524, 40.4421287 ], [ -79.952963815918153, 40.442099978037611 ], [ -79.953063115847087, 40.442089577855 ] ] ], [ [ [ -79.952839800000021, 40.4424255 ], [ -79.9528258, 40.4424179 ], [ -79.9528159, 40.4424073 ], [ -79.9528113, 40.4423947 ], [ -79.9528123, 40.4423817 ], [ -79.952819, 40.4423697 ], [ -79.9528306, 40.44236 ], [ -79.9528457, 40.4423538 ], [ -79.953057116589477, 40.442325077876404 ], [ -79.953074016576679, 40.442323077845309 ], [ -79.953090216577309, 40.442325277815691 ], [ -79.953104616590608, 40.442331277789549 ], [ -79.953115816614869, 40.442340377769391 ], [ -79.953122516648094, 40.442351777757608 ], [ -79.953124216686732, 40.442364277755047 ], [ -79.953120516726514, 40.442376477762366 ], [ -79.953112016763427, 40.442387177778429 ], [ -79.953099416793435, 40.442395177801899 ], [ -79.953084116813798, 40.442399777830161 ], [ -79.9528727, 40.4424285 ], [ -79.9528563, 40.4424291 ], [ -79.952839800000021, 40.4424255 ] ] ], [ [ [ -79.9527277, 40.4426273 ], [ -79.9526769, 40.4425837 ], [ -79.952684450046661, 40.442578605992679 ], [ -79.9525439, 40.4425977 ], [ -79.9524953, 40.442597700000022 ], [ -79.9524437, 40.4425813 ], [ -79.9523991, 40.442551 ], [ -79.95238, 40.4425219 ], [ -79.9523733, 40.4424757 ], [ -79.9523907, 40.442435899999985 ], [ -79.9524199, 40.4424142 ], [ -79.9524645, 40.442405 ], [ -79.952675916897704, 40.442376278577946 ], [ -79.952737616892406, 40.442382178465024 ], [ -79.95278151694049, 40.44240287838538 ], [ -79.952817717028339, 40.442435278320438 ], [ -79.952838217161514, 40.442480178284789 ], [ -79.952830117304174, 40.442524578301636 ], [ -79.95282884178674, 40.442525765248369 ], [ -79.952875335773953, 40.442519448840926 ], [ -79.952925335846132, 40.44256234878479 ], [ -79.952907035874702, 40.442574648806115 ], [ -79.952926835903327, 40.442591648783868 ], [ -79.952907235934163, 40.442604948806718 ], [ -79.9527751, 40.4426229 ], [ -79.952773054350018, 40.442621138468574 ], [ -79.9527277, 40.4426273 ] ] ], [ [ [ -79.952959, 40.442806 ], [ -79.952918525021246, 40.442715649420926 ], [ -79.9528416, 40.4427261 ], [ -79.9527717, 40.4426615 ], [ -79.952817, 40.4426332 ], [ -79.952922708760795, 40.442618839019332 ], [ -79.952933838240853, 40.442629162724209 ], [ -79.952940809622234, 40.442628215628524 ], [ -79.952937, 40.4426197 ], [ -79.9531061, 40.4425758 ], [ -79.953211808614739, 40.44256143875289 ], [ -79.953334709022627, 40.442836138646221 ], [ -79.953176609117605, 40.442877138792142 ], [ -79.9530709, 40.4428915 ], [ -79.953050598307726, 40.442846085789121 ], [ -79.9530343, 40.4428483 ], [ -79.953012048691747, 40.442798793077728 ], [ -79.952959, 40.442806 ] ] ], [ [ [ -79.953282218755433, 40.443041977495071 ], [ -79.9530708, 40.4430707 ], [ -79.9530612, 40.4430709 ], [ -79.9530518, 40.4430692 ], [ -79.9530433, 40.4430659 ], [ -79.9530361, 40.443061 ], [ -79.9530308, 40.4430549 ], [ -79.9530276, 40.443048 ], [ -79.9530267, 40.4430408 ], [ -79.9530283, 40.4430335 ], [ -79.9530322, 40.4430269 ], [ -79.9530381, 40.4430211 ], [ -79.9530457, 40.4430167 ], [ -79.9530546, 40.44301380000001 ], [ -79.95326601858288, 40.442985077522295 ], [ -79.953275418575785, 40.442983977504987 ], [ -79.95328501857459, 40.442984777487403 ], [ -79.953294018578973, 40.442987277471019 ], [ -79.953301918588807, 40.4429913774567 ], [ -79.953308218603652, 40.442996877445395 ], [ -79.953312518622724, 40.443003477437784 ], [ -79.953314518644277, 40.443010577434443 ], [ -79.953314218667316, 40.443017877435317 ], [ -79.953311418690404, 40.443024877440763 ], [ -79.953306518712097, 40.44303117745001 ], [ -79.953299718730761, 40.44303627746271 ], [ -79.953291418745593, 40.443039977478115 ], [ -79.953282218755433, 40.443041977495071 ] ] ], [ [ [ -79.953370218921606, 40.443105677336447 ], [ -79.95336101893146, 40.44310767735341 ], [ -79.9531496, 40.4431364 ], [ -79.95314, 40.4431366 ], [ -79.9531306, 40.4431349 ], [ -79.9531221, 40.4431316 ], [ -79.9531149, 40.4431267 ], [ -79.9531096, 40.4431206 ], [ -79.9531064, 40.4431137 ], [ -79.9531055, 40.4431065 ], [ -79.9531071, 40.4430993 ], [ -79.953111, 40.4430926 ], [ -79.9531169, 40.44308680000001 ], [ -79.9531245, 40.4430824 ], [ -79.9531334, 40.4430795 ], [ -79.953344818758893, 40.443050777380634 ], [ -79.953354218751784, 40.443049677363341 ], [ -79.953363818750603, 40.443050477345757 ], [ -79.953372818754971, 40.443052977329373 ], [ -79.953380718764834, 40.443057077315039 ], [ -79.953387018779665, 40.443062577303728 ], [ -79.953391318798737, 40.443069177296124 ], [ -79.953393418820241, 40.443076277292612 ], [ -79.953393018843329, 40.443083577293649 ], [ -79.953390318866397, 40.443090577298918 ], [ -79.95338531888811, 40.443096877308371 ], [ -79.953378518906774, 40.443101977321049 ], [ -79.953370218921606, 40.443105677336447 ] ] ], [ [ [ -79.952189136783602, 40.448643279747579 ], [ -79.952206236877245, 40.448675179717618 ], [ -79.952186236907636, 40.448682379754608 ], [ -79.952181136939785, 40.448691979764398 ], [ -79.952148536987266, 40.44870307982471 ], [ -79.952146330380401, 40.448703379557443 ], [ -79.951685668910727, 40.448866227907693 ], [ -79.951636866946259, 40.448872856654887 ], [ -79.951646260546283, 40.448888306030845 ], [ -79.951894670381733, 40.448854564402133 ], [ -79.951982372270535, 40.448998863706741 ], [ -79.951564175081643, 40.449146167188744 ], [ -79.9506127, 40.4492754 ], [ -79.9505746, 40.4492128 ], [ -79.9503943, 40.4489163 ], [ -79.9505911, 40.448847 ], [ -79.951112872737681, 40.448776131563285 ], [ -79.951093678559246, 40.448744704182893 ], [ -79.9509818, 40.4487599 ], [ -79.950970924951847, 40.448742076555185 ], [ -79.950934294373539, 40.448755205866682 ], [ -79.950938394421428, 40.448761805848612 ], [ -79.950853894741215, 40.448792106239544 ], [ -79.9503253, 40.4488639 ], [ -79.9502543, 40.4487492 ], [ -79.9503388, 40.4487189 ], [ -79.950376110575107, 40.448713832544101 ], [ -79.9506672, 40.4486095 ], [ -79.950663, 40.448602800000018 ], [ -79.9507469, 40.4485727 ], [ -79.95127549204534, 40.448500904273608 ], [ -79.951289843146753, 40.448524120775105 ], [ -79.9513779, 40.448493 ], [ -79.951972564584864, 40.44841222637087 ], [ -79.952020828989703, 40.448491351957401 ], [ -79.9522152, 40.4484231 ], [ -79.952239400000011, 40.4484148 ], [ -79.952450835873918, 40.448386079256082 ], [ -79.952461822380926, 40.448405580186019 ], [ -79.952472135922591, 40.448404179217803 ], [ -79.952507136088855, 40.448461379156129 ], [ -79.952495536106227, 40.448465479177578 ], [ -79.952504336152174, 40.448481179162115 ], [ -79.9523422363865, 40.448535779461935 ], [ -79.952358436470433, 40.448564479433486 ], [ -79.95229843656908, 40.448588479544618 ], [ -79.952308536614538, 40.448604179526789 ], [ -79.952278636660353, 40.448615079582119 ], [ -79.952253136699113, 40.448624279629321 ], [ -79.952233013870114, 40.448627013018879 ], [ -79.952189136783602, 40.448643279747579 ] ], [ [ -79.951792166487351, 40.448605227325729 ], [ -79.951806280447059, 40.448628405221747 ], [ -79.951837570164329, 40.448624155092766 ], [ -79.951820137040528, 40.448595352533545 ], [ -79.951792166487351, 40.448605227325729 ] ] ], [ [ [ -79.953095472885607, 40.448618956556508 ], [ -79.953139173443432, 40.448713056404429 ], [ -79.952863874122144, 40.448787157421158 ], [ -79.952441, 40.4488446 ], [ -79.9523981, 40.4487526 ], [ -79.9524308, 40.4487438 ], [ -79.9524236, 40.4487356 ], [ -79.9526461, 40.4486758 ], [ -79.953068972902301, 40.448618356653675 ], [ -79.953070805197441, 40.448622307483383 ], [ -79.953095472885607, 40.448618956556508 ] ] ], [ [ [ -79.952608524002528, 40.45227783952059 ], [ -79.9525028, 40.4522922 ], [ -79.952463, 40.452217599999983 ], [ -79.952627207295819, 40.452166492205833 ], [ -79.952495123912044, 40.452206339623054 ], [ -79.9523894, 40.4522207 ], [ -79.9523259, 40.4520962 ], [ -79.952604676859025, 40.452005108708121 ], [ -79.9524494, 40.4520262 ], [ -79.952421966328416, 40.45197667492311 ], [ -79.952323823633591, 40.452008139775828 ], [ -79.95221810000001, 40.4520225 ], [ -79.9521658, 40.451928 ], [ -79.9523516, 40.4518684 ], [ -79.952370829617493, 40.451865788058676 ], [ -79.9524245, 40.4518485 ], [ -79.952487, 40.4518285 ], [ -79.952600747655936, 40.451813049562965 ], [ -79.9526764, 40.4517905 ], [ -79.95278212318027, 40.451776139350272 ], [ -79.9529522236069, 40.452068439200673 ], [ -79.952852471848772, 40.452098533079237 ], [ -79.952945923635454, 40.452085839206823 ], [ -79.952985723745186, 40.452160539171985 ], [ -79.952608524002528, 40.45227783952059 ] ] ], [ [ [ -79.952358748079661, 40.45225717959589 ], [ -79.952207148281332, 40.452302679876055 ], [ -79.9519957, 40.4523314 ], [ -79.9519414, 40.4522384 ], [ -79.951940276084201, 40.452236474535205 ], [ -79.951911724085647, 40.452245040159113 ], [ -79.951806, 40.4522594 ], [ -79.951801112014692, 40.45225104969338 ], [ -79.951761689129754, 40.452256404229736 ], [ -79.951772824160287, 40.452275440287238 ], [ -79.95171822419664, 40.452291840337679 ], [ -79.951706800049593, 40.452293391992129 ], [ -79.951715455285608, 40.452308350440944 ], [ -79.951695755301955, 40.452314250463679 ], [ -79.951697138218194, 40.452316618176198 ], [ -79.951706248514924, 40.452315380795682 ], [ -79.951754648782938, 40.4524065807109 ], [ -79.951555549045082, 40.452465481078818 ], [ -79.9513441, 40.4524942 ], [ -79.9512976, 40.4524024 ], [ -79.95149480000002, 40.4523441 ], [ -79.951504996459107, 40.452342715113517 ], [ -79.9514867, 40.4523114 ], [ -79.9515001, 40.4523074 ], [ -79.9514086, 40.4521507 ], [ -79.9515049, 40.4521218 ], [ -79.9515595, 40.4521054 ], [ -79.9516133, 40.4520893 ], [ -79.9516633, 40.4520742 ], [ -79.9518088, 40.4520305 ], [ -79.951938, 40.4519917 ], [ -79.952109800892003, 40.451968365002784 ], [ -79.952149300909994, 40.451980264944318 ], [ -79.952264801357316, 40.45216956477892 ], [ -79.95230444780826, 40.452164179691408 ], [ -79.952358748079661, 40.45225717959589 ] ], [ [ -79.952004836600608, 40.451999886993086 ], [ -79.952004836600636, 40.451999886993086 ], [ -79.952004836600665, 40.451999886993079 ], [ -79.952004836600636, 40.451999886993079 ], [ -79.952004836600608, 40.451999886993086 ] ] ], [ [ [ -79.9526917, 40.4523089 ], [ -79.9527905, 40.4522812 ], [ -79.952831183699544, 40.452275673844397 ], [ -79.9528259, 40.4522647 ], [ -79.952932600000011, 40.4522348 ], [ -79.953144047615396, 40.452206078152741 ], [ -79.953221948093997, 40.452367878016943 ], [ -79.953118448225496, 40.452396978208149 ], [ -79.953077415044135, 40.452402551928671 ], [ -79.95308074827939, 40.452409478277858 ], [ -79.95307804828262, 40.452410178282825 ], [ -79.952982348404205, 40.452437078459631 ], [ -79.952941191222735, 40.452442668969951 ], [ -79.952944748459643, 40.452450078529175 ], [ -79.952840748591626, 40.452479278721306 ], [ -79.9526293, 40.452508 ], [ -79.9525533, 40.4523499 ], [ -79.9526557, 40.4523211 ], [ -79.952695000411808, 40.452315761790409 ], [ -79.9526917, 40.4523089 ] ] ], [ [ [ -79.952251448722947, 40.452448579801199 ], [ -79.9520693172081, 40.452473317990446 ], [ -79.9520719488835, 40.452477580131834 ], [ -79.952017948965391, 40.452496980231771 ], [ -79.951980307384261, 40.452502092878525 ], [ -79.951982149004706, 40.452505080297804 ], [ -79.951935749075133, 40.452521780383705 ], [ -79.951893924627896, 40.452527461132121 ], [ -79.951895849118245, 40.452530580457278 ], [ -79.951841149201329, 40.45255028055854 ], [ -79.951817670261462, 40.452553469534145 ], [ -79.951818849225972, 40.452555380599662 ], [ -79.951767449304015, 40.452573880694786 ], [ -79.951594860927514, 40.452597321891844 ], [ -79.951617149549193, 40.452633380973197 ], [ -79.951502049723857, 40.452674781186225 ], [ -79.9512906, 40.4527035 ], [ -79.951259300000018, 40.4526528 ], [ -79.951340626501874, 40.452623451757908 ], [ -79.9512475, 40.452636099999985 ], [ -79.9512119, 40.4525784 ], [ -79.9513343, 40.4525343 ], [ -79.951499895313674, 40.452511808977825 ], [ -79.9514968, 40.4525068 ], [ -79.9515483, 40.4524883 ], [ -79.951575526024328, 40.45248460214588 ], [ -79.9516269, 40.4524661 ], [ -79.951669205709081, 40.452460353979802 ], [ -79.9517152, 40.4524438 ], [ -79.951752731287655, 40.45243870241773 ], [ -79.9517476, 40.4524304 ], [ -79.9518016, 40.4524109 ], [ -79.952013048606332, 40.452382180235702 ], [ -79.95201933392832, 40.452392361833752 ], [ -79.9521698, 40.4523377 ], [ -79.952381248233834, 40.452308979556904 ], [ -79.952428448452338, 40.452384279473605 ], [ -79.952251448722947, 40.452448579801199 ] ], [ [ -79.951540743449385, 40.452577911218583 ], [ -79.951492709322906, 40.452595217744907 ], [ -79.951546890629459, 40.452587858842087 ], [ -79.951540743449385, 40.452577911218583 ] ] ], [ [ [ -79.9526901, 40.4525797 ], [ -79.9529816, 40.4524942 ], [ -79.9530442, 40.4524759 ], [ -79.953255648330298, 40.452447177958611 ], [ -79.953317848692663, 40.452570077849899 ], [ -79.952963749155941, 40.452673878504186 ], [ -79.9527523, 40.452702599999988 ], [ -79.9526901, 40.4525797 ] ] ], [ [ [ -79.9521169, 40.4525326 ], [ -79.9521104, 40.452519700000011 ], [ -79.9522231, 40.452486299999983 ], [ -79.952500626357804, 40.452448604218816 ], [ -79.952553526756844, 40.452551804097411 ], [ -79.952215627341815, 40.452652004916949 ], [ -79.9519381, 40.4526897 ], [ -79.9518919, 40.4525993 ], [ -79.9521169, 40.4525326 ] ] ], [ [ [ -79.9522319, 40.4528386 ], [ -79.95220221182484, 40.45279089791692 ], [ -79.9521271, 40.4528011 ], [ -79.952096, 40.452751 ], [ -79.952169, 40.4527245 ], [ -79.9521508, 40.4526952 ], [ -79.9523018, 40.452640299999985 ], [ -79.952513249134242, 40.452611579328021 ], [ -79.952600949543665, 40.45275257917335 ], [ -79.952443349784744, 40.452809879465029 ], [ -79.9522319, 40.4528386 ] ] ], [ [ [ -79.9529942, 40.4527846 ], [ -79.953205649320239, 40.452755878063961 ], [ -79.953240949510644, 40.452820778002064 ], [ -79.953094449712552, 40.452866978272887 ], [ -79.952883, 40.4528957 ], [ -79.9528476, 40.4528308 ], [ -79.9529942, 40.4527846 ] ] ], [ [ [ -79.952777074034103, 40.453090286278638 ], [ -79.95281727424134, 40.453155486201119 ], [ -79.952784434763529, 40.453167292880593 ], [ -79.952813250753238, 40.453163378801932 ], [ -79.952856050954907, 40.453232778726459 ], [ -79.952783711918329, 40.453258828608988 ], [ -79.952879050987207, 40.453245878684832 ], [ -79.952913551149948, 40.453301878623989 ], [ -79.952835907206691, 40.453329821085262 ], [ -79.952903951212463, 40.453320578642447 ], [ -79.952944051401346, 40.453385578571719 ], [ -79.952864357898349, 40.453414285315077 ], [ -79.952960851443891, 40.45340117854159 ], [ -79.953003151642918, 40.453469678466995 ], [ -79.952914216606089, 40.453501690895003 ], [ -79.953010751699395, 40.453488578453886 ], [ -79.953051851892937, 40.453555178381407 ], [ -79.952980318926748, 40.453580926583214 ], [ -79.953105775523852, 40.453563885641834 ], [ -79.953138975694827, 40.45361768557779 ], [ -79.953015003185399, 40.453662337371746 ], [ -79.953121452157504, 40.453647878257797 ], [ -79.953170452388221, 40.453727278171371 ], [ -79.953102230199107, 40.453751879578817 ], [ -79.953193476090689, 40.453739485474294 ], [ -79.953232876293086, 40.4538031853983 ], [ -79.953213848727927, 40.453810044382969 ], [ -79.953312252551612, 40.453796677914255 ], [ -79.953354552770136, 40.453871377839924 ], [ -79.953314152886691, 40.453903477915489 ], [ -79.9531027, 40.4539322 ], [ -79.9528739, 40.4539426 ], [ -79.9528538, 40.4539071 ], [ -79.95294722019419, 40.453876199560241 ], [ -79.9528493, 40.4538895 ], [ -79.95281, 40.453825699999989 ], [ -79.952871299274349, 40.453803629074301 ], [ -79.9528001, 40.4538133 ], [ -79.9527511, 40.4537338 ], [ -79.95287123868539, 40.453690553126854 ], [ -79.952745, 40.4537077 ], [ -79.9527118, 40.4536539 ], [ -79.95279830996985, 40.453622741564374 ], [ -79.9526926, 40.4536371 ], [ -79.9526515, 40.4535705 ], [ -79.952727933860544, 40.45354298798172 ], [ -79.9526314, 40.4535561 ], [ -79.9525891, 40.4534876 ], [ -79.952677710144258, 40.453455704810295 ], [ -79.9525813, 40.4534688 ], [ -79.952541200000013, 40.4534038 ], [ -79.952608270080333, 40.453379640621343 ], [ -79.9525401, 40.4533889 ], [ -79.9525056, 40.4533329 ], [ -79.95258795791905, 40.453303261358094 ], [ -79.9524927, 40.4533162 ], [ -79.9524499, 40.4532468 ], [ -79.952508881128338, 40.453225560615721 ], [ -79.95246, 40.4532322 ], [ -79.9524198, 40.453167 ], [ -79.952471175531443, 40.453148529297366 ], [ -79.9524228, 40.4531551 ], [ -79.9523814, 40.453088 ], [ -79.952424214019715, 40.453072582152124 ], [ -79.9523777, 40.4530789 ], [ -79.9523428, 40.4530224 ], [ -79.952397561462618, 40.453002681235965 ], [ -79.952323800000016, 40.4530127 ], [ -79.9522914, 40.4529602 ], [ -79.952369017669952, 40.452932234845306 ], [ -79.9522743, 40.4529451 ], [ -79.9522378, 40.452886 ], [ -79.9524027, 40.4528266 ], [ -79.95271987445696, 40.452783518580702 ], [ -79.952756374714525, 40.452842618484183 ], [ -79.952653699764824, 40.452879604291041 ], [ -79.952684850069318, 40.452930079027233 ], [ -79.95262120864632, 40.452953008844688 ], [ -79.952695050105945, 40.452942979009066 ], [ -79.952729950270097, 40.452999478947525 ], [ -79.952688248512032, 40.453014495260589 ], [ -79.952754573751989, 40.453005486319711 ], [ -79.952795973965237, 40.453072586239855 ], [ -79.952728502683215, 40.45309688371772 ], [ -79.952777074034103, 40.453090286278638 ] ] ], [ [ [ -79.952405351599865, 40.453382479560034 ], [ -79.952450751813743, 40.453456079479963 ], [ -79.952391851903158, 40.453477279588981 ], [ -79.9521804, 40.453506 ], [ -79.952142581752796, 40.453444825880595 ], [ -79.952106156276528, 40.453457949398903 ], [ -79.952144951921269, 40.45345268004094 ], [ -79.952187834790791, 40.453522216983842 ], [ -79.9522521, 40.4534991 ], [ -79.952463551853754, 40.453470379457123 ], [ -79.952504352045821, 40.453536479385185 ], [ -79.952434852151612, 40.45356157951381 ], [ -79.952227678351548, 40.453589718897042 ], [ -79.952239752377025, 40.453609279873881 ], [ -79.952151917959029, 40.453640926320283 ], [ -79.952259752422748, 40.453626279837941 ], [ -79.95230185262092, 40.453694479763698 ], [ -79.952238556655374, 40.453717243775124 ], [ -79.952312652656673, 40.453707179744448 ], [ -79.95234875282668, 40.453765679680814 ], [ -79.95227321686086, 40.453792859338336 ], [ -79.952362152868972, 40.453780779656867 ], [ -79.952364928018639, 40.45378527486654 ], [ -79.952447352814957, 40.453774079500235 ], [ -79.952522152774407, 40.453770379362837 ], [ -79.952524152846891, 40.453793679360182 ], [ -79.952552252831637, 40.453792279308558 ], [ -79.952560853149052, 40.453894279297288 ], [ -79.9523494, 40.453923 ], [ -79.9522277, 40.453929 ], [ -79.95222550529131, 40.453903055432747 ], [ -79.9520713, 40.453924 ], [ -79.9520279, 40.4538537 ], [ -79.952114254560243, 40.453822618003841 ], [ -79.9520253, 40.4538347 ], [ -79.9519892, 40.4537763 ], [ -79.952053226074554, 40.45375320489962 ], [ -79.9519789, 40.4537633 ], [ -79.951936800000013, 40.4536952 ], [ -79.952027357322976, 40.453662550645291 ], [ -79.9519195, 40.4536772 ], [ -79.9518787, 40.4536111 ], [ -79.95193747258368, 40.453589924602355 ], [ -79.9518655, 40.4535997 ], [ -79.9518181, 40.453523 ], [ -79.951858264118457, 40.453508521446018 ], [ -79.9518194, 40.45351380000001 ], [ -79.9517766, 40.4534445 ], [ -79.951840969324721, 40.453421308962824 ], [ -79.951765200000011, 40.4534316 ], [ -79.9517211, 40.4533607 ], [ -79.9518203, 40.4533247 ], [ -79.952031751472305, 40.453295980241734 ], [ -79.95203719166723, 40.453304717475127 ], [ -79.95207575146631, 40.453299480161149 ], [ -79.952110051625993, 40.453354480100607 ], [ -79.952025529934289, 40.453385146371126 ], [ -79.952101851692987, 40.453374780116569 ], [ -79.952136977221201, 40.453431653609407 ], [ -79.9521939, 40.4534112 ], [ -79.952405351599865, 40.453382479560034 ] ], [ [ -79.952126867649383, 40.45355297072463 ], [ -79.95219471401073, 40.453543755591106 ], [ -79.952187018006867, 40.453531268439576 ], [ -79.952126867649383, 40.45355297072463 ] ] ], [ [ [ -79.9513123, 40.436354 ], [ -79.9513429, 40.436283099999983 ], [ -79.951408685639052, 40.436274162690545 ], [ -79.9514088, 40.4362739 ], [ -79.9513525, 40.4362597 ], [ -79.9513836, 40.4361876 ], [ -79.951446264872132, 40.436179086627234 ], [ -79.9513945, 40.4361661 ], [ -79.951425, 40.4360955 ], [ -79.951542197441526, 40.436079577976372 ], [ -79.9515503, 40.4360608 ], [ -79.95186739591081, 40.436017719816448 ], [ -79.951925195945677, 40.436032219658372 ], [ -79.95174129806162, 40.436458620192596 ], [ -79.9514242, 40.4365017 ], [ -79.951327600000013, 40.4364774 ], [ -79.9513341, 40.4364622 ], [ -79.9512753, 40.4364474 ], [ -79.9513048, 40.436379 ], [ -79.951367833564149, 40.436370436609479 ], [ -79.9513688, 40.4363682 ], [ -79.9513123, 40.436354 ] ] ], [ [ [ -79.95194380455932, 40.438359679743634 ], [ -79.951883905029874, 40.438502079859788 ], [ -79.9516725, 40.4385308 ], [ -79.9515839, 40.4385091 ], [ -79.9516437, 40.438366600000016 ], [ -79.951855104525094, 40.438337879905397 ], [ -79.95194380455932, 40.438359679743634 ] ] ], [ [ [ -79.9510048, 40.438539 ], [ -79.951216205313614, 40.438510281084938 ], [ -79.951281605660981, 40.438628880970221 ], [ -79.951130905870642, 40.438677081248763 ], [ -79.9509195, 40.4387058 ], [ -79.950854, 40.4385872 ], [ -79.9510048, 40.438539 ] ] ], [ [ [ -79.950889610839127, 40.439065122708719 ], [ -79.9505725, 40.4391082 ], [ -79.9505441, 40.43905860000001 ], [ -79.9505157, 40.4390089 ], [ -79.9506277, 40.4389718 ], [ -79.950657850706492, 40.43896770425313 ], [ -79.9506606, 40.4389668 ], [ -79.950757216038298, 40.438953675378315 ], [ -79.9507366, 40.4389162 ], [ -79.9509184, 40.4388582 ], [ -79.951129806349925, 40.438829481257528 ], [ -79.951152306469737, 40.438870381218052 ], [ -79.951007032893443, 40.438916728487669 ], [ -79.95118110652993, 40.438893081166242 ], [ -79.951213206685622, 40.438946581109718 ], [ -79.951001134271849, 40.439020155967739 ], [ -79.951005210594445, 40.439027422388158 ], [ -79.950889610839127, 40.439065122708719 ] ] ], [ [ [ -79.9512636, 40.4398501 ], [ -79.951464781865042, 40.439822770048877 ], [ -79.9514874, 40.4398006 ], [ -79.951698809091226, 40.439771880255407 ], [ -79.951756609177295, 40.439806380150905 ], [ -79.951660809509363, 40.439900280330782 ], [ -79.951500234689689, 40.439922094220236 ], [ -79.951569509741972, 40.43996308050103 ], [ -79.951566267476281, 40.439966278425217 ], [ -79.951722309626376, 40.43994508021995 ], [ -79.951769130816643, 40.439972992728748 ], [ -79.95178320968455, 40.439971080109387 ], [ -79.951804051872543, 40.43998347142707 ], [ -79.952004209552669, 40.439956279703338 ], [ -79.952137609733953, 40.440030379461895 ], [ -79.952026810140012, 40.440145979670241 ], [ -79.95189078521048, 40.440164458872957 ], [ -79.951962210347517, 40.440204079791314 ], [ -79.951851310753938, 40.440319779999868 ], [ -79.9516399, 40.4403485 ], [ -79.951606145350382, 40.440329761514533 ], [ -79.951590110932472, 40.440344480480093 ], [ -79.9513787, 40.4403732 ], [ -79.951205, 40.4402627 ], [ -79.951252009225072, 40.440219614279314 ], [ -79.951152, 40.4402332 ], [ -79.9510588, 40.4401942 ], [ -79.9510958, 40.4401426 ], [ -79.951121674589587, 40.440139085091396 ], [ -79.9511011, 40.4401305 ], [ -79.951114692587453, 40.440111535500883 ], [ -79.951112415651394, 40.440113522165156 ], [ -79.950888287829471, 40.440143968381705 ], [ -79.950929710649035, 40.440173081683945 ], [ -79.95089411075547, 40.440202581750555 ], [ -79.950890685142639, 40.440203047092538 ], [ -79.950966010885438, 40.440252781620877 ], [ -79.950894611111309, 40.440315881754628 ], [ -79.950806833711923, 40.440327805553068 ], [ -79.950797216882307, 40.440335923047201 ], [ -79.9504801, 40.440379 ], [ -79.9504285, 40.4403822 ], [ -79.9503803, 40.4403489 ], [ -79.9504242, 40.4403118 ], [ -79.950441734940085, 40.440309418095403 ], [ -79.9504389, 40.4403074 ], [ -79.9504777, 40.440275499999984 ], [ -79.950491500308146, 40.440273625391441 ], [ -79.9504848, 40.4402688 ], [ -79.9505205, 40.44024 ], [ -79.950524048318428, 40.440239518001462 ], [ -79.950501, 40.4402243 ], [ -79.9505724, 40.4401612 ], [ -79.950626233681419, 40.440153887262355 ], [ -79.9506372, 40.4401448 ], [ -79.950752592549136, 40.440129125035924 ], [ -79.9506896, 40.440088599999982 ], [ -79.9507873, 40.4400034 ], [ -79.950827835020334, 40.439997893655637 ], [ -79.9508156, 40.4399897 ], [ -79.9508541, 40.4399561 ], [ -79.950909734653237, 40.439948542453585 ], [ -79.9508929, 40.439941099999984 ], [ -79.9509145, 40.4399126 ], [ -79.951125909664484, 40.439883881311253 ], [ -79.951157038748192, 40.439897643134607 ], [ -79.951224535440204, 40.439888474025032 ], [ -79.9512636, 40.4398501 ] ], [ [ -79.9514188, 40.4400641 ], [ -79.951425856048701, 40.440057181865875 ], [ -79.951369101713226, 40.440064891760059 ], [ -79.951443110208103, 40.440095880738752 ], [ -79.951409810367082, 40.440142380801909 ], [ -79.951383771246896, 40.440145918127776 ], [ -79.951400410403707, 40.44015288081961 ], [ -79.951374382583339, 40.440189179309314 ], [ -79.951481110441023, 40.440174680672548 ], [ -79.951556336823145, 40.440222563687563 ], [ -79.9516174, 40.4401588 ], [ -79.95175342502074, 40.440140321115067 ], [ -79.951745810370312, 40.440136097096229 ], [ -79.9515809, 40.4401585 ], [ -79.9515306, 40.4401285 ], [ -79.951538730902428, 40.440120525641433 ], [ -79.951516100000021, 40.4401236 ], [ -79.9514722, 40.4400975 ], [ -79.951475383371886, 40.4400943773609 ], [ -79.9514708, 40.440095 ], [ -79.9514188, 40.4400641 ] ], [ [ -79.951252738205497, 40.440067837938571 ], [ -79.951246423086744, 40.440064097141715 ], [ -79.951240193651188, 40.440069542058872 ], [ -79.951252738205497, 40.440067837938571 ] ] ], [ [ [ -79.95076, 40.4415732 ], [ -79.9507083, 40.4415482 ], [ -79.9508104, 40.4414197 ], [ -79.950893984572161, 40.441408345963083 ], [ -79.9509604, 40.4413189 ], [ -79.951056491513739, 40.441305846878045 ], [ -79.9511381, 40.441204 ], [ -79.951349513636089, 40.441175280958142 ], [ -79.951420313703011, 40.4412052808296 ], [ -79.951312114186962, 40.441345981034289 ], [ -79.951342514228315, 40.44136288097927 ], [ -79.951339414260943, 40.441372880985412 ], [ -79.951719314696462, 40.441558180296667 ], [ -79.951645615024731, 40.441653580436082 ], [ -79.951582247448414, 40.441662188614764 ], [ -79.951550615217627, 40.441703280612558 ], [ -79.951490015488332, 40.441781980727185 ], [ -79.951525415538143, 40.441802180663153 ], [ -79.951447915882653, 40.441902280809735 ], [ -79.9512365, 40.441931 ], [ -79.950979486593937, 40.441811136489882 ], [ -79.9507751, 40.4418389 ], [ -79.9506112, 40.4417641 ], [ -79.95076, 40.4415732 ] ] ], [ [ [ -79.951546093731253, 40.442948958039175 ], [ -79.951559662665034, 40.442985020581808 ], [ -79.951675414245713, 40.443241007594295 ], [ -79.951720964189519, 40.443234819980901 ], [ -79.951794065270875, 40.443406919714064 ], [ -79.951703365496584, 40.443429820067173 ], [ -79.951734865905792, 40.443495419951383 ], [ -79.951446866655644, 40.443573121073094 ], [ -79.951098135706346, 40.443620491916171 ], [ -79.951072699813352, 40.443627352518817 ], [ -79.951103100490172, 40.443694752340235 ], [ -79.950818301652347, 40.443769054118761 ], [ -79.950216743874364, 40.443850764061487 ], [ -79.950202803404025, 40.443858157951816 ], [ -79.950153883793092, 40.443864802577288 ], [ -79.950155903585468, 40.443869458244542 ], [ -79.949960004368833, 40.44391905946771 ], [ -79.949527006102016, 40.444028862171301 ], [ -79.949059222101525, 40.444092396170689 ], [ -79.949070307718358, 40.444124765019922 ], [ -79.948413409628145, 40.44422366911143 ], [ -79.9476982, 40.4443208 ], [ -79.947170377912457, 40.444106119767859 ], [ -79.947132150027628, 40.444249978051104 ], [ -79.947018331384371, 40.444265434493126 ], [ -79.947022109137492, 40.444342761307944 ], [ -79.9461698, 40.4444585 ], [ -79.94598, 40.444463800000023 ], [ -79.9459761, 40.4443821 ], [ -79.94596, 40.444382599999983 ], [ -79.945912760878088, 40.444383932426696 ], [ -79.9451515, 40.4444873 ], [ -79.9449552, 40.4444928 ], [ -79.944931620681331, 40.444010437458516 ], [ -79.9447382, 40.4440367 ], [ -79.9445593, 40.4440338 ], [ -79.9441672, 40.4440274 ], [ -79.944167853466951, 40.443996251416657 ], [ -79.944156893509103, 40.443997739487877 ], [ -79.944133478154257, 40.444064410378353 ], [ -79.944292925543735, 40.444097194032999 ], [ -79.944275125708387, 40.44414739406789 ], [ -79.944359625730456, 40.444164793913622 ], [ -79.944485525762957, 40.4441905936838 ], [ -79.944475425856737, 40.444219193703596 ], [ -79.944576125882918, 40.444239893519779 ], [ -79.944518526415294, 40.444402193632662 ], [ -79.9443071, 40.4444309 ], [ -79.944276060786081, 40.44442454973229 ], [ -79.9441932, 40.4444358 ], [ -79.944165916864037, 40.444430180577129 ], [ -79.9440796, 40.4444419 ], [ -79.94404654879105, 40.444435089654796 ], [ -79.9439684, 40.4444457 ], [ -79.943938715643228, 40.444439616689387 ], [ -79.9438534, 40.4444512 ], [ -79.943830448700822, 40.444446481478181 ], [ -79.943743400000017, 40.4444583 ], [ -79.9436228, 40.4444335 ], [ -79.94363, 40.4444134 ], [ -79.9436094, 40.44440920000001 ], [ -79.9435886, 40.4444049 ], [ -79.943620909843034, 40.444313774460603 ], [ -79.9434329, 40.4443393 ], [ -79.9432478, 40.4443017 ], [ -79.9432968, 40.4441601 ], [ -79.9433486, 40.444014699999983 ], [ -79.943982875915808, 40.443928584950406 ], [ -79.944092837664641, 40.44395092128039 ], [ -79.9441299, 40.443789700000011 ], [ -79.9441061, 40.4437865 ], [ -79.9441244, 40.4436947 ], [ -79.944391616590934, 40.443658418664398 ], [ -79.9443929, 40.4436559 ], [ -79.9442565, 40.4436266 ], [ -79.9441455, 40.4436022 ], [ -79.9442868, 40.4434617 ], [ -79.9443339, 40.4434162 ], [ -79.9443404, 40.4433979 ], [ -79.9443875, 40.4432656 ], [ -79.944569177060643, 40.443240932266441 ], [ -79.9444251, 40.4431634 ], [ -79.9444463, 40.4431362 ], [ -79.9444533, 40.4431273 ], [ -79.9444932, 40.4430765 ], [ -79.9454445980369, 40.442947316475411 ], [ -79.945507998266208, 40.442971315956804 ], [ -79.945509240195747, 40.442971836112221 ], [ -79.94567509766479, 40.442949314572914 ], [ -79.945693838919681, 40.442957634238823 ], [ -79.9457282, 40.4428648 ], [ -79.945455203248557, 40.442806153701206 ], [ -79.9449607, 40.4428733 ], [ -79.9440867, 40.4426898 ], [ -79.9441484, 40.4424882 ], [ -79.944156471558415, 40.442461812219648 ], [ -79.9440726, 40.4424732 ], [ -79.9440133, 40.4424614 ], [ -79.943868, 40.4424306 ], [ -79.9438872, 40.44237219999998 ], [ -79.9438735, 40.44236930000001 ], [ -79.943899, 40.4422973 ], [ -79.943923, 40.4422311 ], [ -79.943939766614548, 40.442228823507556 ], [ -79.9439602, 40.442174 ], [ -79.944812483632475, 40.442058277240463 ], [ -79.944983390010833, 40.442094177894255 ], [ -79.945336182665613, 40.442046273365349 ], [ -79.945975183352459, 40.44217896866342 ], [ -79.945955884094488, 40.442235168816225 ], [ -79.945927116532374, 40.442318616051637 ], [ -79.946094446472046, 40.442295893698969 ], [ -79.946307606084488, 40.442338464942011 ], [ -79.9463285, 40.442283 ], [ -79.9463608, 40.4421886 ], [ -79.946407864074956, 40.442182208825145 ], [ -79.9464257, 40.4421317 ], [ -79.946486853764242, 40.442123395436063 ], [ -79.946496, 40.4420971 ], [ -79.946510591872638, 40.442055080463206 ], [ -79.9464265, 40.4420665 ], [ -79.946198879772254, 40.442020995573422 ], [ -79.9461635, 40.4420258 ], [ -79.9461094, 40.442015 ], [ -79.945976500000015, 40.4419842 ], [ -79.9460349, 40.44182150000001 ], [ -79.945993522369406, 40.441813037900289 ], [ -79.945982426780489, 40.441844136396142 ], [ -79.9456653, 40.4418872 ], [ -79.9455259, 40.4418587 ], [ -79.9454766, 40.4418468 ], [ -79.945511740031137, 40.441753920660105 ], [ -79.945221, 40.4417934 ], [ -79.9450864, 40.44176550000001 ], [ -79.9450334, 40.4417544 ], [ -79.9450684437505, 40.441664269334673 ], [ -79.944781, 40.4417033 ], [ -79.9446431, 40.4416727 ], [ -79.944591, 40.4416611 ], [ -79.9446422, 40.4415177 ], [ -79.944516025009264, 40.441488363301104 ], [ -79.944339, 40.4415124 ], [ -79.9441308, 40.4414709 ], [ -79.9441531, 40.4414058 ], [ -79.9441402, 40.4414014 ], [ -79.9441604, 40.4413193 ], [ -79.94416842220852, 40.441306671988919 ], [ -79.94404711533825, 40.441323142906327 ], [ -79.94397657793975, 40.441506283323385 ], [ -79.943866082337919, 40.441839884200355 ], [ -79.9430138, 40.4419556 ], [ -79.9427989, 40.4419101 ], [ -79.9425651, 40.441862599999972 ], [ -79.9426153, 40.441715399999985 ], [ -79.9427885, 40.4412292 ], [ -79.9428078, 40.4411782 ], [ -79.943381371659527, 40.441100326014109 ], [ -79.9434563, 40.4408936 ], [ -79.943879131081673, 40.44083618968348 ], [ -79.944552231460293, 40.440979087226623 ], [ -79.944482341649149, 40.441172288615277 ], [ -79.944534240919438, 40.44116524158531 ], [ -79.9445438, 40.4411353 ], [ -79.9448609238855, 40.441092239432137 ], [ -79.945065523987637, 40.441139038872265 ], [ -79.945031711769545, 40.441234161716302 ], [ -79.945325724097188, 40.441194238159923 ], [ -79.945511924203871, 40.441239737650598 ], [ -79.94547721256103, 40.441330917098306 ], [ -79.945769424297538, 40.441291236945467 ], [ -79.945941024350901, 40.441323636475417 ], [ -79.9459228641267, 40.441387128399086 ], [ -79.946230624285505, 40.441345335679976 ], [ -79.946458624388228, 40.441395135055885 ], [ -79.946456724441646, 40.441406235061855 ], [ -79.9466382244822, 40.441437134564474 ], [ -79.946674224525935, 40.441450834466302 ], [ -79.946672758862036, 40.44145623087573 ], [ -79.946719124495701, 40.441449934342714 ], [ -79.947174524680705, 40.441545133095921 ], [ -79.947155705809323, 40.441598490162768 ], [ -79.947374501664598, 40.441568776260482 ], [ -79.947402, 40.4415014 ], [ -79.94782483185557, 40.441443975260867 ], [ -79.948178631979559, 40.441507173968375 ], [ -79.948093133616879, 40.441757174304243 ], [ -79.9476703, 40.441814600000015 ], [ -79.947659387353497, 40.441812185356397 ], [ -79.9473942, 40.441848199999988 ], [ -79.947188247837786, 40.44181074592889 ], [ -79.947183234733728, 40.441823077648451 ], [ -79.947170834948224, 40.441855677696843 ], [ -79.947154109552002, 40.441857949089083 ], [ -79.947106035776983, 40.441979577945574 ], [ -79.947113986960517, 40.44203292261026 ], [ -79.947313135782366, 40.442005877188059 ], [ -79.947463435843545, 40.442034076639118 ], [ -79.947502335851212, 40.442040076496944 ], [ -79.947498969411981, 40.442049980987498 ], [ -79.947686035611923, 40.442024575821542 ], [ -79.947714836012693, 40.442091875721836 ], [ -79.947896236056749, 40.442121175058887 ], [ -79.947661440221111, 40.442754875976519 ], [ -79.947297855058551, 40.442804252937123 ], [ -79.947541165275027, 40.442884836122708 ], [ -79.947448167035944, 40.443139036506345 ], [ -79.9470022, 40.4431996 ], [ -79.946878602926546, 40.443173402413443 ], [ -79.946865245287739, 40.443209955877009 ], [ -79.946974932749328, 40.443232233757328 ], [ -79.946966332939127, 40.443271433783615 ], [ -79.94713803299382, 40.443304133313298 ], [ -79.947103633475265, 40.443402033414465 ], [ -79.947055214665639, 40.443408608727417 ], [ -79.946983534376429, 40.443578433756677 ], [ -79.946910826040337, 40.443588307492007 ], [ -79.947231246222316, 40.443656777634892 ], [ -79.947286646253744, 40.443668577432668 ], [ -79.947171401852856, 40.444102266490262 ], [ -79.9475243, 40.4435912 ], [ -79.948239502098332, 40.443494070081371 ], [ -79.948595209820994, 40.443638318614404 ], [ -79.9485329, 40.4435008 ], [ -79.949155200000021, 40.4433346 ], [ -79.949635, 40.4432214 ], [ -79.9496295, 40.4432035 ], [ -79.949695, 40.443188699999986 ], [ -79.9496249, 40.4430402 ], [ -79.949591600000019, 40.4429542 ], [ -79.9496186, 40.4429482 ], [ -79.949596586845686, 40.442899299360079 ], [ -79.9494832, 40.44291470000001 ], [ -79.9494142, 40.4427696 ], [ -79.9497313, 40.4426803 ], [ -79.949707864369358, 40.442619860758441 ], [ -79.949688359631011, 40.442622510007403 ], [ -79.949705418951766, 40.442664684040011 ], [ -79.949606719070985, 40.442690484222219 ], [ -79.9493953, 40.4427192 ], [ -79.9493378, 40.4425878 ], [ -79.94944, 40.442559899999985 ], [ -79.949523863228436, 40.4425485093494 ], [ -79.9494979, 40.4424861 ], [ -79.9496874, 40.442435 ], [ -79.9496848, 40.4423918 ], [ -79.949675, 40.4423893 ], [ -79.9496703, 40.4423879 ], [ -79.9496609, 40.4423849 ], [ -79.9496515, 40.4423777 ], [ -79.9496465, 40.4423711 ], [ -79.9496435, 40.4423616 ], [ -79.9496435, 40.4423522 ], [ -79.9496475, 40.4423446 ], [ -79.9496532, 40.4423387 ], [ -79.9496619, 40.4423341 ], [ -79.9496703, 40.4423313 ], [ -79.949701928984553, 40.442327003946993 ], [ -79.9497174, 40.4423093 ], [ -79.9497503, 40.4422902 ], [ -79.9498161, 40.4422746 ], [ -79.950531285106749, 40.442177455661863 ], [ -79.950570885054987, 40.442177455416115 ], [ -79.95057231514042, 40.442177687441102 ], [ -79.950632184890893, 40.442169555034525 ], [ -79.950644284869782, 40.442169054959365 ], [ -79.950652984872221, 40.442170354905578 ], [ -79.950663384888372, 40.442173154841448 ], [ -79.95067008493703, 40.442178554800684 ], [ -79.950676185020484, 40.442187154764106 ], [ -79.950687885097693, 40.442195854692798 ], [ -79.950700885161496, 40.442203454613249 ], [ -79.950712185232831, 40.44221155454435 ], [ -79.950721885338169, 40.442222654485811 ], [ -79.950727546306766, 40.442231967510978 ], [ -79.950960284789531, 40.442200353003059 ], [ -79.951022913166923, 40.442338132036411 ], [ -79.951277485472062, 40.442303551050031 ], [ -79.951308085391673, 40.442299750859576 ], [ -79.951338285409605, 40.442305150672972 ], [ -79.95136056493935, 40.442317126832286 ], [ -79.951565784943199, 40.442289249258778 ], [ -79.951632086424638, 40.442436748869397 ], [ -79.95151368690999, 40.442467849608811 ], [ -79.951542487558072, 40.442532349439709 ], [ -79.951545587616721, 40.442538249421361 ], [ -79.951558828133145, 40.442563704215843 ], [ -79.951590887781819, 40.442559349143394 ], [ -79.951611288260125, 40.44260684902391 ], [ -79.951632788763575, 40.442656848897947 ], [ -79.951596588897004, 40.442664949123817 ], [ -79.951641054707622, 40.442749034394375 ], [ -79.951763889394869, 40.44273234809566 ], [ -79.951828890865215, 40.442878647714139 ], [ -79.951806391000929, 40.442888647855241 ], [ -79.951546093731253, 40.442948958039175 ] ], [ [ -79.946365621845359, 40.443640466831731 ], [ -79.9459493, 40.443697 ], [ -79.9457261, 40.4436507 ], [ -79.9457375, 40.4436181 ], [ -79.945623796999726, 40.443594944141473 ], [ -79.94532551249236, 40.443635447003551 ], [ -79.945322708058129, 40.443640917620328 ], [ -79.945444108343679, 40.443676016625105 ], [ -79.945466908393158, 40.443682316438135 ], [ -79.945694108943286, 40.443749114575809 ], [ -79.945692851825697, 40.443793387355385 ], [ -79.945778403965221, 40.443781770405586 ], [ -79.945978803581156, 40.443776068922496 ], [ -79.94598126248961, 40.443826361935194 ], [ -79.946088348152713, 40.443823481843118 ], [ -79.946274247977755, 40.443818481160584 ], [ -79.946274337184917, 40.443820423237291 ], [ -79.946324761775898, 40.443813575934882 ], [ -79.9463316, 40.4437979 ], [ -79.9462973, 40.443784800000024 ], [ -79.946365621845359, 40.443640466831731 ] ], [ [ -79.946445328178115, 40.442974579470643 ], [ -79.946472112874645, 40.442900931205052 ], [ -79.946342, 40.4429186 ], [ -79.945994675090816, 40.442844118106265 ], [ -79.945945522457066, 40.442980559824306 ], [ -79.946174492803877, 40.442949467327338 ], [ -79.94634966718921, 40.442987569817411 ], [ -79.946445328178115, 40.442974579470643 ] ] ], [ [ [ -79.95211611081676, 40.443828039785849 ], [ -79.952134210880359, 40.443870739770198 ], [ -79.9520510109285, 40.443891139846976 ], [ -79.9519453, 40.4439055 ], [ -79.9519272, 40.4438628 ], [ -79.9520104, 40.4438424 ], [ -79.95211611081676, 40.443828039785849 ] ] ], [ [ [ -79.9497623, 40.4450322 ], [ -79.9497085, 40.4447267 ], [ -79.949699338991948, 40.444571421197729 ], [ -79.949646675545367, 40.444585053865623 ], [ -79.949188130837882, 40.444647332933613 ], [ -79.949235184079043, 40.44473556903101 ], [ -79.949282925603072, 40.444729084906413 ], [ -79.949312325885913, 40.444822684856632 ], [ -79.949299111773058, 40.444824479564481 ], [ -79.949299111773072, 40.444824479564481 ], [ -79.949376211730424, 40.444819479431679 ], [ -79.949391212111564, 40.44495067941132 ], [ -79.949402211493705, 40.445051653012889 ], [ -79.949415526562973, 40.445050784677392 ], [ -79.949476226526926, 40.445046784565854 ], [ -79.949478326586146, 40.445065884562858 ], [ -79.949467511470473, 40.445067353455187 ], [ -79.949469126640309, 40.445081984580433 ], [ -79.949444225708717, 40.445085366581999 ], [ -79.94944822677158, 40.445121184620518 ], [ -79.949406053031055, 40.445126912570288 ], [ -79.949409726908101, 40.445159884692856 ], [ -79.9491983, 40.4451886 ], [ -79.9488682, 40.4452101 ], [ -79.948856, 40.4451022 ], [ -79.948848793300968, 40.445033096543128 ], [ -79.948808485231666, 40.445038570893914 ], [ -79.948800713068266, 40.445202780437384 ], [ -79.9486025, 40.4452297 ], [ -79.9484361, 40.4452406 ], [ -79.9484357, 40.4452371 ], [ -79.9483814, 40.4452406 ], [ -79.948379438194721, 40.44522332275168 ], [ -79.9482964, 40.445234599999978 ], [ -79.9481546, 40.4452438 ], [ -79.9481436, 40.4451452 ], [ -79.948158385406558, 40.445143192045869 ], [ -79.9481536, 40.4451011 ], [ -79.94825847423671, 40.445086857335156 ], [ -79.9482057, 40.4450896 ], [ -79.9481962, 40.4449507 ], [ -79.9481902, 40.4448849 ], [ -79.948248889062356, 40.444876929574313 ], [ -79.948245058002456, 40.444844909492843 ], [ -79.9479771, 40.4448813 ], [ -79.947938, 40.4448823 ], [ -79.9479375, 40.4448691 ], [ -79.947838767973067, 40.444871583145918 ], [ -79.947846154283127, 40.445014675499067 ], [ -79.947816678440375, 40.445018678433996 ], [ -79.947819254681704, 40.445074775603103 ], [ -79.947802175241591, 40.445077095052575 ], [ -79.947810555410712, 40.44518967564521 ], [ -79.9473877, 40.4452471 ], [ -79.9470491, 40.4452574 ], [ -79.9470382, 40.4450712 ], [ -79.947048216582559, 40.445069839780501 ], [ -79.947049, 40.4450292 ], [ -79.9470337, 40.4449872 ], [ -79.94701786686764, 40.444726184861715 ], [ -79.946976664786575, 40.444731779985432 ], [ -79.94698111543893, 40.444835061699138 ], [ -79.946980715562461, 40.44484476170382 ], [ -79.946479330493005, 40.444912846986036 ], [ -79.946351119943202, 40.445113166408191 ], [ -79.946118424631209, 40.445454568190243 ], [ -79.9452661, 40.4455703 ], [ -79.9452198, 40.4455715 ], [ -79.9451528, 40.4455733 ], [ -79.9449341, 40.4455808 ], [ -79.9447895, 40.445585800000011 ], [ -79.9446134, 40.445591899999982 ], [ -79.9445439, 40.44559430000001 ], [ -79.9446348, 40.4454623 ], [ -79.944720300000014, 40.4453381 ], [ -79.94488776208749, 40.445315362632961 ], [ -79.94488776208749, 40.445315362632961 ], [ -79.944953, 40.4452219 ], [ -79.9450321, 40.4451084 ], [ -79.9448591, 40.445039 ], [ -79.9448825, 40.4450047 ], [ -79.9450589, 40.4447466 ], [ -79.945911214516826, 40.444630869575334 ], [ -79.945986096371698, 40.444628144032691 ], [ -79.946502912672244, 40.444557965186249 ], [ -79.946522926678711, 40.444572027260158 ], [ -79.946679512306147, 40.444550763878851 ], [ -79.946962812118613, 40.44457076178724 ], [ -79.946967212958128, 40.44463756176664 ], [ -79.94704641280191, 40.444634961180412 ], [ -79.94703829313336, 40.444702354128047 ], [ -79.947067406575073, 40.444698400590369 ], [ -79.9470661, 40.4446117 ], [ -79.947488951664909, 40.444554276768905 ], [ -79.947659951527811, 40.444553476141415 ], [ -79.947671143012684, 40.444587464483902 ], [ -79.948025251157006, 40.44453937479981 ], [ -79.948423350787309, 40.444529473338235 ], [ -79.948423417382671, 40.444531025898854 ], [ -79.948541937888749, 40.444514929530442 ], [ -79.948743337789992, 40.444518728976483 ], [ -79.948743443872104, 40.444525058033783 ], [ -79.948806004816149, 40.444523269328393 ], [ -79.9488072, 40.4445134 ], [ -79.9489059, 40.4444891 ], [ -79.9489111, 40.4444878 ], [ -79.949122524816417, 40.444459085188754 ], [ -79.949124401979631, 40.444464485962506 ], [ -79.9493313, 40.4444131 ], [ -79.94937221611444, 40.444407542820855 ], [ -79.9493719, 40.4444068 ], [ -79.9494028, 40.4443981 ], [ -79.9493983, 40.4443863 ], [ -79.9494302, 40.444367 ], [ -79.949449, 40.4443598 ], [ -79.949660424206328, 40.444331084196278 ], [ -79.949717524168562, 40.444326084091294 ], [ -79.949720505679508, 40.444331982258404 ], [ -79.949753624159001, 40.444327484025138 ], [ -79.949766668058473, 40.44435396802352 ], [ -79.949965572742173, 40.44432695207626 ], [ -79.949993800567739, 40.444380404735291 ], [ -79.95013647294698, 40.444361026217422 ], [ -79.950367247089744, 40.444345539426209 ], [ -79.9503644, 40.4443227 ], [ -79.9507194, 40.4442644 ], [ -79.951247958216811, 40.444192603923973 ], [ -79.951605364021546, 40.444975302371226 ], [ -79.9510768, 40.4450471 ], [ -79.9504601, 40.4450904 ], [ -79.950442596561331, 40.444949989608091 ], [ -79.9500236, 40.4450069 ], [ -79.9497623, 40.4450322 ] ], [ [ -79.948815299038728, 40.444607292066273 ], [ -79.948816352197483, 40.444607273575549 ], [ -79.94881481841135, 40.444593209527916 ], [ -79.948815299038728, 40.444607292066273 ] ], [ [ -79.94882462587438, 40.444759085748537 ], [ -79.948830233495144, 40.444813878554783 ], [ -79.9488294, 40.4447708 ], [ -79.948828690811382, 40.444758533675724 ], [ -79.94882462587438, 40.444759085748537 ] ] ], [ [ [ -79.952377952735247, 40.445325458898601 ], [ -79.952370052833757, 40.445340158928879 ], [ -79.952347752944007, 40.445354959012008 ], [ -79.952325953052636, 40.445369559093294 ], [ -79.9519031, 40.445427 ], [ -79.9518857, 40.4454278 ], [ -79.951862, 40.4454081 ], [ -79.951863532153524, 40.445400172771386 ], [ -79.951708, 40.4454213 ], [ -79.95170353913646, 40.445417579371266 ], [ -79.951746054393539, 40.445511561233573 ], [ -79.951323200000019, 40.445569 ], [ -79.950530300000011, 40.4456291 ], [ -79.95052961271864, 40.445623921916088 ], [ -79.9503251, 40.4456517 ], [ -79.9496287, 40.4457022 ], [ -79.949626706440355, 40.445687158435568 ], [ -79.9494681, 40.4457087 ], [ -79.9490304, 40.4457414 ], [ -79.9490046, 40.44553890000001 ], [ -79.9489188, 40.4455455 ], [ -79.9488931, 40.4453234 ], [ -79.949315954727467, 40.445265970128339 ], [ -79.949762254177088, 40.445233268487875 ], [ -79.949767254827506, 40.445266306505552 ], [ -79.950420107325897, 40.445177633694968 ], [ -79.951120505588406, 40.445125528545994 ], [ -79.951123016576588, 40.445146848786202 ], [ -79.951569052022137, 40.445112561847765 ], [ -79.951649653128428, 40.44529846156847 ], [ -79.951658032294091, 40.44531698417547 ], [ -79.9516646, 40.4453005 ], [ -79.9519236, 40.4451143 ], [ -79.951946, 40.44511090000001 ], [ -79.9519533, 40.4450856 ], [ -79.9519788, 40.4450804 ], [ -79.952401650815389, 40.445022958784925 ], [ -79.952418950903208, 40.445039058722877 ], [ -79.952432350922408, 40.445043758674132 ], [ -79.952465851053034, 40.44506865855341 ], [ -79.952500951198118, 40.445096058427055 ], [ -79.952505951275981, 40.445109058409848 ], [ -79.952523651327041, 40.445119358345814 ], [ -79.952510551477985, 40.44514175839587 ], [ -79.95248372701144, 40.445145402372994 ], [ -79.952478651617028, 40.445159958514516 ], [ -79.952307052519728, 40.445282459154939 ], [ -79.95233355263754, 40.445304459059656 ], [ -79.952351752620331, 40.445303958992838 ], [ -79.952377952735247, 40.445325458898601 ] ] ], [ [ [ -79.952027226787223, 40.44635082464967 ], [ -79.951593128358127, 40.446421427872743 ], [ -79.95130478715167, 40.446460594133107 ], [ -79.95130722957137, 40.446482029998009 ], [ -79.951281829963207, 40.446509830190813 ], [ -79.950809131776623, 40.446594833701951 ], [ -79.9499568, 40.446710599999982 ], [ -79.9499126, 40.4467076 ], [ -79.949906809363227, 40.446702942314538 ], [ -79.9495029, 40.4467578 ], [ -79.9491633, 40.4468023 ], [ -79.949152569094252, 40.446799775789053 ], [ -79.9488343, 40.446843 ], [ -79.948748897055836, 40.446849290551789 ], [ -79.9484646, 40.4468879 ], [ -79.9477699, 40.446941 ], [ -79.947766853949815, 40.446904242079945 ], [ -79.9477598, 40.4469052 ], [ -79.9476236, 40.4469145 ], [ -79.947620832115035, 40.446891063942196 ], [ -79.9470528, 40.4469682 ], [ -79.9465508, 40.447004 ], [ -79.946537299873171, 40.446902727808371 ], [ -79.946534897360564, 40.446903819878628 ], [ -79.9459039, 40.4469895 ], [ -79.9458909, 40.4469907 ], [ -79.9458795, 40.446988 ], [ -79.945875053718936, 40.446985035812816 ], [ -79.9457619, 40.4470004 ], [ -79.9457508, 40.446996899999988 ], [ -79.9457421, 40.4469923 ], [ -79.9457369, 40.4469851 ], [ -79.9457362, 40.4469774 ], [ -79.9457384, 40.4469701 ], [ -79.9454047, 40.4469929 ], [ -79.945404058088698, 40.446988005430462 ], [ -79.9449946, 40.4470436 ], [ -79.9448483, 40.4470462 ], [ -79.944848099703947, 40.447039304095611 ], [ -79.9447951, 40.4470465 ], [ -79.944674500000019, 40.447048599999981 ], [ -79.9445047, 40.4470515 ], [ -79.9444982, 40.4468309 ], [ -79.944526502048944, 40.446827057423576 ], [ -79.9445234, 40.4467212 ], [ -79.944551601394366, 40.446717371076232 ], [ -79.9445492, 40.44663629999998 ], [ -79.9444933, 40.4466373 ], [ -79.9444919, 40.4465877 ], [ -79.9444573, 40.4465883 ], [ -79.9444562, 40.44655 ], [ -79.9444149, 40.4465508 ], [ -79.9444127490939, 40.446478331050542 ], [ -79.9441353, 40.446516 ], [ -79.9439519, 40.446518299999987 ], [ -79.9439494, 40.4464009 ], [ -79.944226905443131, 40.446363223789255 ], [ -79.94431050539626, 40.446362123587868 ], [ -79.944311505595834, 40.446410623588299 ], [ -79.944411405540279, 40.446409423347674 ], [ -79.944411606626005, 40.446419317638224 ], [ -79.944856990493136, 40.44635884683526 ], [ -79.945220590155301, 40.446352545427537 ], [ -79.945220734057102, 40.446357229224745 ], [ -79.945276590090472, 40.446349645210539 ], [ -79.945418389959087, 40.446347244661538 ], [ -79.945420090323708, 40.446402444660123 ], [ -79.945420381713049, 40.446412330259385 ], [ -79.945972792693937, 40.446337322881313 ], [ -79.946174392301245, 40.446320221775231 ], [ -79.946174692326238, 40.446322921773948 ], [ -79.946184786840263, 40.446398417987368 ], [ -79.946308504464326, 40.446381618777814 ], [ -79.946317904458354, 40.446381318755151 ], [ -79.946326904465323, 40.446384118733661 ], [ -79.94633340448101, 40.446388718718275 ], [ -79.946337104508004, 40.446395718709766 ], [ -79.946357765423144, 40.446394211212343 ], [ -79.9463588, 40.4463931 ], [ -79.9463699, 40.4463885 ], [ -79.9463828, 40.4463866 ], [ -79.946594526936849, 40.446357849829418 ], [ -79.946554847558986, 40.4462686778541 ], [ -79.9465267, 40.4462725 ], [ -79.9465197, 40.446272799999981 ], [ -79.9465123, 40.4462714 ], [ -79.9465069, 40.4462683 ], [ -79.9464877, 40.4462283 ], [ -79.9464878, 40.4462231 ], [ -79.9464903, 40.446217499999989 ], [ -79.9464954, 40.4462134 ], [ -79.9466787, 40.446164 ], [ -79.946890130947097, 40.446135289358566 ], [ -79.946935970029216, 40.446240728348521 ], [ -79.946945831252791, 40.446239389260988 ], [ -79.946961231355615, 40.446273989234264 ], [ -79.946952031366706, 40.446276389251231 ], [ -79.946994526456834, 40.446373324327709 ], [ -79.947005831645811, 40.446371789156785 ], [ -79.947021331747322, 40.446405989129843 ], [ -79.94701013176109, 40.446408989150534 ], [ -79.947056732077229, 40.446515289069758 ], [ -79.946930332227865, 40.446547689303088 ], [ -79.946908932253422, 40.446553189342602 ], [ -79.9466975, 40.4465819 ], [ -79.9466923, 40.4465755 ], [ -79.946686384186947, 40.446575930512786 ], [ -79.94668730510449, 40.446583317877398 ], [ -79.946695805104312, 40.446584317856988 ], [ -79.946704205114898, 40.446587917836986 ], [ -79.946710105137072, 40.446594017823124 ], [ -79.946711905169167, 40.446602017819245 ], [ -79.946711005194786, 40.446608117821775 ], [ -79.946706305221937, 40.446614117833434 ], [ -79.946699405245639, 40.446619017850338 ], [ -79.946691005259382, 40.446621317870708 ], [ -79.9464135, 40.446659 ], [ -79.946404, 40.4466576 ], [ -79.946397808076696, 40.44665426588746 ], [ -79.9462974, 40.4466679 ], [ -79.9462871, 40.4466672 ], [ -79.946279, 40.4466631 ], [ -79.9462729, 40.4466578 ], [ -79.9462695, 40.4466511 ], [ -79.94627, 40.4466437 ], [ -79.9462735, 40.4466374 ], [ -79.9462797, 40.446633199999987 ], [ -79.9462863, 40.4466307 ], [ -79.946283934575433, 40.446612586269339 ], [ -79.946216229774791, 40.446621779649483 ], [ -79.946220695371736, 40.446653221565811 ], [ -79.946206224159781, 40.446655186551318 ], [ -79.946208195467747, 40.446661921635403 ], [ -79.946207795503852, 40.446665721638091 ], [ -79.94620739553433, 40.446668921640715 ], [ -79.946205595610522, 40.446676821651607 ], [ -79.946338495356059, 40.446666020922507 ], [ -79.94634434092734, 40.446669774909601 ], [ -79.94635799535142, 40.446667920815983 ], [ -79.946367495332026, 40.446667020763847 ], [ -79.94637649532541, 40.44666742071464 ], [ -79.946383495342673, 40.446670120676657 ], [ -79.946387586162615, 40.446671882848825 ], [ -79.946485995115737, 40.446658520113886 ], [ -79.946496695094964, 40.446657620055184 ], [ -79.946505995089879, 40.446658220004345 ], [ -79.946516095111079, 40.446661719949503 ], [ -79.946523395147707, 40.446666519910174 ], [ -79.946525995212227, 40.446673719896886 ], [ -79.946528595388415, 40.446692819885186 ], [ -79.946857694761519, 40.446666418079758 ], [ -79.946863878712719, 40.446720909692836 ], [ -79.94715359820313, 40.446681567865795 ], [ -79.947584897404496, 40.446649865487693 ], [ -79.947595077334341, 40.446672994000167 ], [ -79.947584, 40.4465792 ], [ -79.947795431902577, 40.446550487716053 ], [ -79.947805183430049, 40.446549821849956 ], [ -79.9477995, 40.4465103 ], [ -79.948750940858616, 40.446381089864616 ], [ -79.948909140353067, 40.446364788555293 ], [ -79.94891162380253, 40.446386425447862 ], [ -79.949125439872418, 40.446357386768078 ], [ -79.949286439390278, 40.446343085436027 ], [ -79.949292038355395, 40.446379127105708 ], [ -79.9497107918518, 40.446322253743347 ], [ -79.950130440585866, 40.446292904189306 ], [ -79.9501273, 40.4462761 ], [ -79.9501236, 40.4462435 ], [ -79.9499169, 40.446254 ], [ -79.949914119066989, 40.44622556787526 ], [ -79.949693, 40.4462556 ], [ -79.9495077, 40.4462692 ], [ -79.949503427168622, 40.446235613744996 ], [ -79.9494218, 40.4462467 ], [ -79.949111596039458, 40.446272556870795 ], [ -79.9491117458508, 40.446273728079177 ], [ -79.9487946, 40.4463168 ], [ -79.948455, 40.4463419 ], [ -79.948450624259507, 40.446307296459118 ], [ -79.9483858, 40.4463161 ], [ -79.9482875, 40.4463226 ], [ -79.9482725, 40.4461904 ], [ -79.948483930414554, 40.446161686435673 ], [ -79.948537809304227, 40.446158116061447 ], [ -79.9485332, 40.4461178 ], [ -79.948617106999706, 40.446106404748505 ], [ -79.9485184, 40.446113099999984 ], [ -79.948516824633032, 40.44609961899797 ], [ -79.9482239, 40.4461394 ], [ -79.9478462, 40.4461655 ], [ -79.947839554120733, 40.44611652229208 ], [ -79.9478272, 40.4461182 ], [ -79.947783, 40.4461214 ], [ -79.947782830926343, 40.446120010656323 ], [ -79.9477564, 40.4461236 ], [ -79.9476875, 40.4461285 ], [ -79.947685060682204, 40.446108359002096 ], [ -79.947546518656821, 40.446127172945396 ], [ -79.947553230840029, 40.44618268814412 ], [ -79.9473418, 40.4462114 ], [ -79.9472874, 40.4462152 ], [ -79.9472767, 40.4461267 ], [ -79.947406189562031, 40.446109115694163 ], [ -79.947404822818257, 40.446097813090859 ], [ -79.9473762, 40.4461017 ], [ -79.947342, 40.4461041 ], [ -79.947341030532314, 40.446096071603499 ], [ -79.9472635, 40.4461066 ], [ -79.9471983, 40.4461112 ], [ -79.94718690000002, 40.446017 ], [ -79.947398330288806, 40.445988288419677 ], [ -79.947463530248825, 40.445983588299853 ], [ -79.947466047599249, 40.446004411129671 ], [ -79.94751056172592, 40.445998366170862 ], [ -79.9475092, 40.4459872 ], [ -79.947720630070634, 40.445958487827063 ], [ -79.947792930026722, 40.445953387694196 ], [ -79.947793789631561, 40.445960480615362 ], [ -79.947880629978059, 40.445948687533068 ], [ -79.948020329892984, 40.445938787276347 ], [ -79.948021545496076, 40.445948797496854 ], [ -79.948243359659159, 40.445918674121735 ], [ -79.948249707112424, 40.445918235367444 ], [ -79.9482496, 40.4459173 ], [ -79.948461029564967, 40.445888586465614 ], [ -79.948658529447499, 40.445875486102686 ], [ -79.948659377729967, 40.445882941869208 ], [ -79.948768029382279, 40.445868185901467 ], [ -79.948957029269025, 40.445855385554161 ], [ -79.94896322943228, 40.445908085545092 ], [ -79.948969329593368, 40.445960085536235 ], [ -79.948975829763427, 40.44601498552673 ], [ -79.948896543622283, 40.446025753499818 ], [ -79.948896543622283, 40.446025753499818 ], [ -79.948902548664051, 40.446077238490069 ], [ -79.948988720896068, 40.446071525391908 ], [ -79.9489798, 40.4460094 ], [ -79.949466243616286, 40.445943334049367 ], [ -79.949465556373596, 40.445937931986087 ], [ -79.9493848, 40.4459489 ], [ -79.9492688, 40.4459572 ], [ -79.949266056190453, 40.445934657740359 ], [ -79.9491553, 40.4459497 ], [ -79.9489929, 40.4459612 ], [ -79.9489822, 40.445872799999989 ], [ -79.94919362914213, 40.445844085119589 ], [ -79.94935602904323, 40.445832584821105 ], [ -79.949359313772916, 40.445859721537587 ], [ -79.949453971049053, 40.445846865554259 ], [ -79.9494518, 40.4458298 ], [ -79.949874657479157, 40.445772368123151 ], [ -79.950060057250411, 40.445758767441689 ], [ -79.950070955528702, 40.445844582702435 ], [ -79.950731721253419, 40.445754834124763 ], [ -79.950815991547884, 40.445750402059957 ], [ -79.9512538, 40.4456751 ], [ -79.952106116635292, 40.445559323925281 ], [ -79.952194517072797, 40.44560472327958 ], [ -79.952480524467973, 40.446223521274511 ], [ -79.952427625337251, 40.446285621676793 ], [ -79.952027226787223, 40.44635082464967 ] ], [ [ -79.9453882, 40.4468154 ], [ -79.94539540000001, 40.4468133 ], [ -79.945456630896672, 40.446804986163464 ], [ -79.945451, 40.4467482 ], [ -79.945434129555764, 40.446749417207677 ], [ -79.945435892996869, 40.446807544636926 ], [ -79.945362158977915, 40.446817556109757 ], [ -79.945363993524879, 40.446878344921807 ], [ -79.945389696380673, 40.446877890218857 ], [ -79.9453828, 40.4468246 ], [ -79.9453836, 40.4468192 ], [ -79.9453882, 40.4468154 ] ], [ [ -79.9453106, 40.4466813 ], [ -79.945372097878177, 40.446672949941501 ], [ -79.945367721406129, 40.446637458900192 ], [ -79.945288496622396, 40.446648215879037 ], [ -79.945289903837576, 40.446694978757371 ], [ -79.9452939, 40.4466893 ], [ -79.9453013, 40.4466843 ], [ -79.9453106, 40.4466813 ] ], [ [ -79.945300532142923, 40.446469781821065 ], [ -79.945281488702321, 40.4464723675014 ], [ -79.945283091251483, 40.446525545201858 ], [ -79.945353769156213, 40.44652431276829 ], [ -79.9453514, 40.4465051 ], [ -79.9453035, 40.4465073 ], [ -79.945300532142923, 40.446469781821065 ] ], [ [ -79.948952452001791, 40.446212593621297 ], [ -79.94889651182848, 40.4462201909122 ], [ -79.949008875642477, 40.446211883265406 ], [ -79.948998199248081, 40.446137532806652 ], [ -79.948877473236749, 40.446153928760445 ], [ -79.948944351786579, 40.44614899363448 ], [ -79.948952452001791, 40.446212593621297 ] ], [ [ -79.948602991875305, 40.446179272111699 ], [ -79.948603613297124, 40.446184763299094 ], [ -79.948683168698395, 40.446173958993469 ], [ -79.948602991875305, 40.446179272111699 ] ], [ [ -79.94630035243874, 40.446383702096291 ], [ -79.946300352438712, 40.446383702096291 ], [ -79.946300352438698, 40.446383702096298 ], [ -79.946300352438698, 40.446383702096298 ], [ -79.94630035243874, 40.446383702096291 ] ] ], [ [ [ -79.952146113855918, 40.449375304894524 ], [ -79.952148418167781, 40.449378977364006 ], [ -79.952156313861494, 40.449377904870104 ], [ -79.952172413961009, 40.449404004832857 ], [ -79.952165413974882, 40.449406504849833 ], [ -79.952167713989368, 40.449410304844534 ], [ -79.952174114028651, 40.449420604829726 ], [ -79.952185614099548, 40.449439204803092 ], [ -79.952093914281818, 40.449472105025826 ], [ -79.952058280940165, 40.449476945169259 ], [ -79.952058114320195, 40.449477005112321 ], [ -79.951979837719975, 40.449487637528058 ], [ -79.951965714431864, 40.449492705335736 ], [ -79.9516882, 40.4495304 ], [ -79.9516616, 40.4494872 ], [ -79.9516349, 40.4494441 ], [ -79.9517028, 40.4494197 ], [ -79.9516976, 40.449411400000017 ], [ -79.9517096, 40.4493999 ], [ -79.951726, 40.449394 ], [ -79.95174329302499, 40.449391651105614 ], [ -79.951737664422893, 40.449382586862953 ], [ -79.9517118, 40.449386099999963 ], [ -79.951692327938346, 40.449379359671127 ], [ -79.9516162, 40.4493897 ], [ -79.9515668, 40.4493053 ], [ -79.9516345, 40.4492824 ], [ -79.9516281, 40.4492715 ], [ -79.9516346, 40.4492541 ], [ -79.9516702, 40.4492421 ], [ -79.951726779826146, 40.449234414817305 ], [ -79.9517284, 40.4492268 ], [ -79.9517389, 40.4492192 ], [ -79.952016413122095, 40.449181505195625 ], [ -79.952030913113092, 40.449181105160676 ], [ -79.952034714084064, 40.449183447605925 ], [ -79.952057113096899, 40.449180405097557 ], [ -79.952089013305596, 40.449234905023872 ], [ -79.952121413517332, 40.449290204949065 ], [ -79.952030813689959, 40.44932090516901 ], [ -79.952030458092167, 40.449321849354369 ], [ -79.952106613612742, 40.449311504985943 ], [ -79.952126026791433, 40.449342776224789 ], [ -79.952133913723486, 40.449341704921949 ], [ -79.952150013823001, 40.449367804884702 ], [ -79.95214301383686, 40.449370304901684 ], [ -79.952146113855918, 40.449375304894524 ] ] ], [ [ [ -79.95174204513971, 40.451246280682803 ], [ -79.951357645650162, 40.451361381393163 ], [ -79.951331145685259, 40.451369281442133 ], [ -79.95127544285252, 40.451376847042191 ], [ -79.951330546046407, 40.451484081448314 ], [ -79.951257946142391, 40.451505681582475 ], [ -79.9510465, 40.4515344 ], [ -79.951046462126243, 40.451534326294826 ], [ -79.950926446479599, 40.451572182193658 ], [ -79.950715, 40.4516009 ], [ -79.9506664, 40.4515105 ], [ -79.950804980967163, 40.451467499292619 ], [ -79.9506452, 40.4514892 ], [ -79.9504617, 40.4511553 ], [ -79.950608700000018, 40.4511086 ], [ -79.950925867394844, 40.451065523404452 ], [ -79.951102777472869, 40.451387604799422 ], [ -79.951113575037724, 40.451386138285294 ], [ -79.9510913, 40.451343 ], [ -79.9515022, 40.45122 ], [ -79.951713644977772, 40.451191280732473 ], [ -79.95174204513971, 40.451246280682803 ] ] ], [ [ [ -79.951596, 40.4526694 ], [ -79.951807449498588, 40.452640680624349 ], [ -79.951851949759956, 40.45272928054662 ], [ -79.951658205012791, 40.452786072155 ], [ -79.951869449841539, 40.452757380515735 ], [ -79.951916250109903, 40.452848480433893 ], [ -79.95167915042542, 40.452919680872078 ], [ -79.9514677, 40.4529484 ], [ -79.9514194, 40.4528577 ], [ -79.951653366706879, 40.452787490382484 ], [ -79.951591650100497, 40.452805581027597 ], [ -79.9513802, 40.4528343 ], [ -79.9513357, 40.4527457 ], [ -79.951596, 40.4526694 ] ] ], [ [ [ -79.95144822957711, 40.453099306790961 ], [ -79.95134522171675, 40.453135870142198 ], [ -79.951464229653155, 40.453119706753625 ], [ -79.95151932999994, 40.453210506626178 ], [ -79.951454462053434, 40.453233522145339 ], [ -79.951542930033355, 40.453221506569982 ], [ -79.951567176856116, 40.453261320114869 ], [ -79.951580530171114, 40.453259506481629 ], [ -79.951602330308205, 40.453295406431209 ], [ -79.951586230339913, 40.453301106470327 ], [ -79.951593730386435, 40.453313306452955 ], [ -79.951404890629647, 40.453380275356238 ], [ -79.951596830553655, 40.45335420644787 ], [ -79.951631430767634, 40.453410306367786 ], [ -79.951536465392437, 40.45344450467843 ], [ -79.951581552094126, 40.453438381074065 ], [ -79.951613252245679, 40.453490481018186 ], [ -79.951510406490485, 40.453527043229599 ], [ -79.951616152314358, 40.453512681013862 ], [ -79.951650652479302, 40.453569380953077 ], [ -79.951547752633857, 40.453605881143474 ], [ -79.9513363, 40.4536346 ], [ -79.9513018, 40.4535779 ], [ -79.951381161334083, 40.453549749489852 ], [ -79.9512755, 40.453564100000015 ], [ -79.951243854048641, 40.453512088830806 ], [ -79.9511348, 40.453526900000021 ], [ -79.951117, 40.453498 ], [ -79.951157200000011, 40.453483499999983 ], [ -79.9511469, 40.4534668 ], [ -79.9512594, 40.4534263 ], [ -79.9512529, 40.4534158 ], [ -79.951262224946802, 40.453412443584241 ], [ -79.9510689, 40.4534387 ], [ -79.9510139, 40.4533484 ], [ -79.951070853010464, 40.453328200432843 ], [ -79.9509825, 40.453340199999985 ], [ -79.9509273, 40.4532495 ], [ -79.951035375354934, 40.453211127934885 ], [ -79.9509163, 40.4532273 ], [ -79.9508575, 40.4531306 ], [ -79.950940981943504, 40.453100967936983 ], [ -79.950837473423931, 40.453115025758144 ], [ -79.950857551465873, 40.453149582389763 ], [ -79.950812551531371, 40.453164882473018 ], [ -79.950817651556761, 40.453173582464025 ], [ -79.950768503809599, 40.453190230167642 ], [ -79.950817451588264, 40.453183582464845 ], [ -79.950820834543663, 40.453189522269525 ], [ -79.950876351560495, 40.453181982356703 ], [ -79.950908651726905, 40.453238882299935 ], [ -79.950856751801055, 40.453256082395939 ], [ -79.950863016617561, 40.453267045757805 ], [ -79.95092975177883, 40.453257982262066 ], [ -79.950965051960125, 40.453319982200028 ], [ -79.950910952037333, 40.45333788230009 ], [ -79.950915152058968, 40.453345282292716 ], [ -79.95080865221081, 40.453380482489692 ], [ -79.9505972, 40.4534092 ], [ -79.9505518, 40.4533291 ], [ -79.9505045, 40.4532459 ], [ -79.95054784370484, 40.453231551754193 ], [ -79.9505011, 40.4532379 ], [ -79.9504537, 40.453156100000022 ], [ -79.9504074, 40.4530764 ], [ -79.9503577, 40.4529909 ], [ -79.95035789763287, 40.452990833165764 ], [ -79.9502742, 40.4530022 ], [ -79.950122286811663, 40.452708402866605 ], [ -79.9500877, 40.4527131 ], [ -79.9500197, 40.4525815 ], [ -79.950151135686923, 40.452541827800495 ], [ -79.9501468, 40.4525349 ], [ -79.9507585, 40.4523585 ], [ -79.951075673202666, 40.452315423075007 ], [ -79.951143673783918, 40.452447022896557 ], [ -79.95068007471248, 40.45258692418178 ], [ -79.950797775717689, 40.452814523872931 ], [ -79.950822612643094, 40.452862577465901 ], [ -79.9509568, 40.452815 ], [ -79.951234328356776, 40.452777307287434 ], [ -79.951292328720626, 40.452872607153274 ], [ -79.951201664862893, 40.452904753236574 ], [ -79.951316128777066, 40.452889207096916 ], [ -79.951373629138715, 40.452983906963915 ], [ -79.951278590458116, 40.453017660754206 ], [ -79.951389429207865, 40.453002606926965 ], [ -79.95144822957711, 40.453099306790961 ] ], [ [ -79.950814210501619, 40.453089547329625 ], [ -79.950801146687155, 40.453068069155627 ], [ -79.950762151287989, 40.453081282561783 ], [ -79.950770406561858, 40.453095496445584 ], [ -79.950814210501619, 40.453089547329625 ] ], [ [ -79.950713251066034, 40.453004682648128 ], [ -79.950718298604841, 40.453013539595965 ], [ -79.950776151044877, 40.453005682532762 ], [ -79.950783083942213, 40.453017613502297 ], [ -79.950864231952053, 40.452988804363422 ], [ -79.9507494, 40.4530044 ], [ -79.950743377256984, 40.452994504023842 ], [ -79.950713251066034, 40.453004682648128 ] ], [ [ -79.950705172289531, 40.452931729323062 ], [ -79.950701598984011, 40.452925858007127 ], [ -79.950669102314293, 40.452935665900839 ], [ -79.950669622768331, 40.452936557366293 ], [ -79.950705172289531, 40.452931729323062 ] ] ], [ [ [ -79.95194995113637, 40.453179080386661 ], [ -79.951952851149727, 40.453183680381528 ], [ -79.951902271444666, 40.453202097543723 ], [ -79.951974551168362, 40.453192280342101 ], [ -79.952017351370017, 40.453261680266642 ], [ -79.951918951519389, 40.453297080448749 ], [ -79.9517075, 40.4533258 ], [ -79.9516646, 40.4532564 ], [ -79.951718557302328, 40.45323700825368 ], [ -79.9516472, 40.4532467 ], [ -79.9515879, 40.45315140000001 ], [ -79.951635896679662, 40.453133958602422 ], [ -79.9515708, 40.4531428 ], [ -79.9515432, 40.4530985 ], [ -79.951645471251467, 40.453061350174806 ], [ -79.9515354, 40.4530763 ], [ -79.9514974, 40.4530153 ], [ -79.9517951, 40.4529071 ], [ -79.952006550169003, 40.452878380269524 ], [ -79.952044550346116, 40.452939380202494 ], [ -79.951949697555776, 40.45297385509727 ], [ -79.952059950401463, 40.452958880175082 ], [ -79.952087450530129, 40.453003180126586 ], [ -79.951916970713341, 40.45306512764072 ], [ -79.952076350661159, 40.453043480148743 ], [ -79.952118050894043, 40.453122680075744 ], [ -79.95194995113637, 40.453179080386661 ] ] ], [ [ [ -79.9514464, 40.4539586 ], [ -79.95144021092743, 40.453944863923098 ], [ -79.951345700000019, 40.4539577 ], [ -79.9511539, 40.453956599999984 ], [ -79.9510376, 40.4537566 ], [ -79.9511125, 40.4537312 ], [ -79.951323953024101, 40.453702481558402 ], [ -79.951360375528267, 40.453765045016631 ], [ -79.951398301739715, 40.453759894026661 ], [ -79.9513764, 40.4537239 ], [ -79.9514975, 40.453681 ], [ -79.951814679011648, 40.453637921128653 ], [ -79.951851879278721, 40.453699121030319 ], [ -79.951795737648396, 40.453719072411801 ], [ -79.951870479314167, 40.453708920979778 ], [ -79.951906379571639, 40.453767920884857 ], [ -79.951777533316076, 40.453813566435308 ], [ -79.951941432182736, 40.453791305643293 ], [ -79.951995232649026, 40.453910905520665 ], [ -79.9517177, 40.4539486 ], [ -79.9515617, 40.4539549 ], [ -79.951556612443554, 40.453943631302344 ], [ -79.9514464, 40.4539586 ] ], [ [ -79.951655332615161, 40.453831245655358 ], [ -79.951511646491099, 40.453850760780412 ], [ -79.951520807281938, 40.453866506899367 ], [ -79.951655332615161, 40.453831245655358 ] ], [ [ -79.951471155310287, 40.453781162005278 ], [ -79.951488333939693, 40.453775063464875 ], [ -79.951469125101198, 40.453777672350775 ], [ -79.951471155310287, 40.453781162005278 ] ] ], [ [ [ -79.9503743, 40.438205299999979 ], [ -79.950585704508669, 40.438176582226717 ], [ -79.950624604702597, 40.438243082158323 ], [ -79.950507404872596, 40.438282782375055 ], [ -79.9504920397776, 40.4382848696116 ], [ -79.950494004894423, 40.438288082399865 ], [ -79.950365505087348, 40.438333682637598 ], [ -79.9501541, 40.4383624 ], [ -79.9501225, 40.4383109 ], [ -79.9502303, 40.4382727 ], [ -79.9502239, 40.4382624 ], [ -79.9502448, 40.438255 ], [ -79.950321682733289, 40.438244556181928 ], [ -79.9503112, 40.4382267 ], [ -79.9503743, 40.438205299999979 ] ] ], [ [ [ -79.949351462828744, 40.438388141236274 ], [ -79.94952553357686, 40.438537974320006 ], [ -79.949572747603682, 40.438531561064408 ], [ -79.949627673570049, 40.438578673259791 ], [ -79.949674147904872, 40.438572360441299 ], [ -79.949731408144075, 40.438617693992221 ], [ -79.949780248177603, 40.43861105978872 ], [ -79.949886849002354, 40.438701759140812 ], [ -79.949840375608659, 40.438736383697908 ], [ -79.949864849363806, 40.438733059281994 ], [ -79.949891949586686, 40.438757359117467 ], [ -79.949866949784095, 40.438772859274913 ], [ -79.94990225005472, 40.438802659060336 ], [ -79.949788251083746, 40.438885459780131 ], [ -79.949860951644581, 40.438947159338241 ], [ -79.949724652853689, 40.439044160198527 ], [ -79.949742052977641, 40.439057960092626 ], [ -79.94970995326193, 40.439080760295226 ], [ -79.949664675110085, 40.439086910594213 ], [ -79.949532254560197, 40.439181061412917 ], [ -79.949024671378993, 40.439250006314396 ], [ -79.949021256218415, 40.439274264597806 ], [ -79.948989856500759, 40.439296964796043 ], [ -79.949001356604754, 40.439308164726363 ], [ -79.94898615673516, 40.439318564822244 ], [ -79.948969956897699, 40.439331864924768 ], [ -79.948935721033138, 40.43933651506547 ], [ -79.948922257110951, 40.439346065222885 ], [ -79.948863560630002, 40.439354037732208 ], [ -79.948706458679013, 40.439467066580121 ], [ -79.948679358836642, 40.439478566749997 ], [ -79.9479642, 40.439575699999978 ], [ -79.9479393, 40.439576099999989 ], [ -79.947913, 40.4395685 ], [ -79.9478906, 40.43955 ], [ -79.9478836, 40.4395316 ], [ -79.9478867, 40.4395096 ], [ -79.947903, 40.4394929 ], [ -79.9480792, 40.4393683 ], [ -79.9480759, 40.4393643 ], [ -79.9480779, 40.4393351 ], [ -79.9480862, 40.4393282 ], [ -79.947847295285342, 40.439132576546143 ], [ -79.947518, 40.4391773 ], [ -79.9474845, 40.4391765 ], [ -79.947450500000016, 40.4391641 ], [ -79.947425600000017, 40.4391431 ], [ -79.9474134, 40.4391192 ], [ -79.9474153, 40.4390915 ], [ -79.9474313, 40.4390661 ], [ -79.9474559, 40.4390476 ], [ -79.9474897, 40.4390379 ], [ -79.947539322867215, 40.439031160499084 ], [ -79.9475089, 40.4390065 ], [ -79.9475594, 40.4389714 ], [ -79.9475659, 40.4389661 ], [ -79.9474892, 40.4389048 ], [ -79.947491, 40.4388669 ], [ -79.9475072, 40.4388545 ], [ -79.947366691948588, 40.438738669211901 ], [ -79.9470042, 40.4387879 ], [ -79.9469767, 40.4387888 ], [ -79.9469499, 40.4387816 ], [ -79.94693, 40.4387647 ], [ -79.9469227, 40.4387409 ], [ -79.9469268, 40.4387228 ], [ -79.9469425, 40.4387033 ], [ -79.9471176, 40.43858 ], [ -79.9471128, 40.4385762 ], [ -79.9471154, 40.4385471 ], [ -79.9471477, 40.43852279999998 ], [ -79.9471374, 40.4385131 ], [ -79.947152, 40.4385016 ], [ -79.9471689, 40.4384909 ], [ -79.94719864810024, 40.438486859830675 ], [ -79.9472128, 40.4384763 ], [ -79.947272091330731, 40.438468247452015 ], [ -79.9474297, 40.438355 ], [ -79.9474549, 40.438343500000016 ], [ -79.947755026463668, 40.438302737780518 ], [ -79.947816081847293, 40.438258644526634 ], [ -79.947664, 40.4382793 ], [ -79.9476346, 40.438278 ], [ -79.947607, 40.4382669 ], [ -79.9475646, 40.4382332 ], [ -79.947549949236929, 40.438221479391814 ], [ -79.9475255, 40.4382248 ], [ -79.9474767, 40.4381764 ], [ -79.9475939, 40.4380946 ], [ -79.947805305234596, 40.438065887322026 ], [ -79.947872105333545, 40.438105587201242 ], [ -79.947859105365907, 40.438114287225474 ], [ -79.947914405484681, 40.438158887126001 ], [ -79.947929105556923, 40.438183687100135 ], [ -79.947923162185873, 40.438213130129093 ], [ -79.948436998237526, 40.438143339751306 ], [ -79.9484387, 40.4381412 ], [ -79.9484916, 40.4380749 ], [ -79.948937531853943, 40.438014330264338 ], [ -79.948961031906364, 40.438025130174438 ], [ -79.949439832975756, 40.438245328342383 ], [ -79.949357033733804, 40.438349528672482 ], [ -79.949375433775145, 40.43835802860206 ], [ -79.949351462828744, 40.438388141236274 ] ] ], [ [ [ -79.950648904860046, 40.438296182116098 ], [ -79.950658245559126, 40.438312419120948 ], [ -79.950672504895863, 40.438310482073426 ], [ -79.950691052486661, 40.438342656271033 ], [ -79.950701904980974, 40.438341182020871 ], [ -79.950711405029452, 40.438357782004175 ], [ -79.950572705227557, 40.438403782260636 ], [ -79.9503613, 40.4384325 ], [ -79.950331, 40.4383798 ], [ -79.950418, 40.4383509 ], [ -79.9504086, 40.4383345 ], [ -79.9504375, 40.4383249 ], [ -79.950648904860046, 40.438296182116098 ] ] ], [ [ [ -79.9506978, 40.4390913 ], [ -79.950909207167555, 40.439062581672488 ], [ -79.95092289384587, 40.439088175608802 ], [ -79.951121607081092, 40.43906118128281 ], [ -79.951146907212404, 40.439106081238357 ], [ -79.95104980734952, 40.439137781417898 ], [ -79.9510276152524, 40.439140796117528 ], [ -79.951024607371835, 40.439141781464308 ], [ -79.950970306672517, 40.439149157956805 ], [ -79.950980807472021, 40.439168281545832 ], [ -79.950845107659845, 40.439211381796646 ], [ -79.9506337, 40.4392401 ], [ -79.9506063, 40.4391902 ], [ -79.950643259778374, 40.439178461138226 ], [ -79.950615, 40.4391823 ], [ -79.950585, 40.4391262 ], [ -79.9506978, 40.4390913 ] ] ], [ [ [ -79.950201980061451, 40.440944209086844 ], [ -79.949907981682514, 40.441301109815427 ], [ -79.9496305, 40.4413388 ], [ -79.9495517, 40.4413012 ], [ -79.9495768, 40.4412707 ], [ -79.9495144, 40.4412409 ], [ -79.9498066, 40.4408864 ], [ -79.950084079727333, 40.440848709365156 ], [ -79.950158179835356, 40.440884009188814 ], [ -79.950134979963437, 40.440912209246306 ], [ -79.950201980061451, 40.440944209086844 ] ] ], [ [ [ -79.949078414871664, 40.441289285129379 ], [ -79.949177415009387, 40.441345284950245 ], [ -79.94907141538971, 40.441453285149457 ], [ -79.94886, 40.441482 ], [ -79.948762, 40.441426 ], [ -79.948867, 40.441318 ], [ -79.949078414871664, 40.441289285129379 ] ] ], [ [ [ -79.949078815693895, 40.441550985140225 ], [ -79.948975816080917, 40.441661485334059 ], [ -79.9487644, 40.441690199999989 ], [ -79.9486665, 40.441637299999982 ], [ -79.9487695, 40.4415268 ], [ -79.948980915565457, 40.441498085317477 ], [ -79.949078815693895, 40.441550985140225 ] ] ], [ [ [ -79.949531060304935, 40.442379628375292 ], [ -79.949492360832977, 40.442454528532046 ], [ -79.9490464, 40.4425151 ], [ -79.948863, 40.4424663 ], [ -79.9490179, 40.4421679 ], [ -79.9488664, 40.4421263 ], [ -79.9488992, 40.4420506 ], [ -79.949086403011819, 40.442025173914452 ], [ -79.9491405, 40.4419187 ], [ -79.9491496, 40.4418994 ], [ -79.9491565, 40.441886499999988 ], [ -79.949434305946028, 40.441848767284753 ], [ -79.949355, 40.4418174 ], [ -79.9494362, 40.4416985 ], [ -79.94964761584751, 40.441669784102039 ], [ -79.949741415927875, 40.441706883931595 ], [ -79.949660216332887, 40.441825784085815 ], [ -79.949621856117247, 40.441830994445503 ], [ -79.949824156779513, 40.441883827194857 ], [ -79.949638159426826, 40.442260327949725 ], [ -79.949595665545957, 40.442266099723128 ], [ -79.949531060304935, 40.442379628375292 ] ] ], [ [ [ -79.948868128314217, 40.445540685703321 ], [ -79.948913228287054, 40.445537585620457 ], [ -79.948924128575172, 40.445630585604562 ], [ -79.948823626518845, 40.44564423497367 ], [ -79.94883052884046, 40.445703485779532 ], [ -79.948939028775612, 40.445696185580132 ], [ -79.948945628952217, 40.445753185570538 ], [ -79.9487342, 40.4457819 ], [ -79.9484973, 40.4457978 ], [ -79.948494980432301, 40.445777924494983 ], [ -79.948423, 40.4457877 ], [ -79.9483399, 40.4457942 ], [ -79.948339475068835, 40.445791009479017 ], [ -79.9483204, 40.4457936 ], [ -79.9482362, 40.4458001 ], [ -79.9482247, 40.4457138 ], [ -79.94842212886067, 40.445686987821006 ], [ -79.9484193, 40.4456627 ], [ -79.9482067, 40.44567560000003 ], [ -79.948183782528517, 40.445474888655042 ], [ -79.9481432, 40.4454804 ], [ -79.9480644, 40.4454865 ], [ -79.9480533, 40.44540270000001 ], [ -79.948173673413024, 40.445386352617199 ], [ -79.9481724, 40.4453752 ], [ -79.948595255609845, 40.445317772777322 ], [ -79.948801255368352, 40.445304672020299 ], [ -79.948804852154666, 40.445326655472996 ], [ -79.94884292764317, 40.445324085739983 ], [ -79.948868128314217, 40.445540685703321 ] ] ], [ [ [ -79.950549810092383, 40.448266908674256 ], [ -79.950627710604934, 40.448400708494411 ], [ -79.950387111061588, 40.448481809078508 ], [ -79.950109600000019, 40.4485195 ], [ -79.9500317, 40.4483858 ], [ -79.9502723, 40.4483046 ], [ -79.950549810092383, 40.448266908674256 ] ] ], [ [ [ -79.948257541316337, 40.449601887003375 ], [ -79.948292041513668, 40.449668886943037 ], [ -79.948227641599516, 40.449688287062074 ], [ -79.948140085174273, 40.449700176930442 ], [ -79.948174241866312, 40.449766587163495 ], [ -79.948094841971795, 40.449790387310237 ], [ -79.948095202679482, 40.449791086035312 ], [ -79.9481711, 40.4497683 ], [ -79.948382541700951, 40.449739586780126 ], [ -79.948441142036742, 40.449853586677655 ], [ -79.948448942081185, 40.449868686664011 ], [ -79.948389242160516, 40.449886586774362 ], [ -79.9481778, 40.4499153 ], [ -79.948177279777866, 40.449914292903536 ], [ -79.948023342534199, 40.449960487448955 ], [ -79.9478119, 40.4499892 ], [ -79.9477697, 40.449907099999983 ], [ -79.9478155, 40.4498933 ], [ -79.947808328573572, 40.449879344793509 ], [ -79.9477549, 40.449886599999985 ], [ -79.947752935433243, 40.449882749450104 ], [ -79.9476421, 40.4498978 ], [ -79.947587, 40.4497907 ], [ -79.9476631, 40.4497679 ], [ -79.947700511441511, 40.449762819825516 ], [ -79.9476585, 40.4496811 ], [ -79.9478443, 40.4496253 ], [ -79.947916918819018, 40.449615438792968 ], [ -79.9479151, 40.4496119 ], [ -79.9480603, 40.4495683 ], [ -79.948271741114993, 40.449539586974559 ], [ -79.948297541263173, 40.449589886929466 ], [ -79.948257541316337, 40.449601887003375 ] ] ], [ [ [ -79.950068043534358, 40.450529883722581 ], [ -79.95012704386366, 40.450641883619276 ], [ -79.949881044187904, 40.450714784073867 ], [ -79.9496696, 40.4507435 ], [ -79.9496121, 40.4506303 ], [ -79.9498566, 40.4505586 ], [ -79.950068043534358, 40.450529883722581 ] ] ], [ [ [ -79.948091565075643, 40.450983593908774 ], [ -79.948096968803725, 40.45099409556957 ], [ -79.948054568865331, 40.451006795655289 ], [ -79.948069257805813, 40.451035348954328 ], [ -79.9486446, 40.4508627 ], [ -79.948750322500842, 40.450848343028561 ], [ -79.948848522782299, 40.451039442942694 ], [ -79.948686122890237, 40.451088143092761 ], [ -79.9485804, 40.4511025 ], [ -79.948541444105686, 40.451026757079916 ], [ -79.948249023016174, 40.451114543494363 ], [ -79.948269523074629, 40.451154243476424 ], [ -79.948203587603629, 40.451174014867476 ], [ -79.948220346375777, 40.451206587142693 ], [ -79.948153646464419, 40.45122658726595 ], [ -79.9479422, 40.4512553 ], [ -79.9479156, 40.4512036 ], [ -79.9479823, 40.4511836 ], [ -79.948082886839018, 40.451169941113356 ], [ -79.948026028035898, 40.451059382311634 ], [ -79.947998069098944, 40.451067795771628 ], [ -79.947865114958532, 40.451085849788178 ], [ -79.947853107712618, 40.45108920982495 ], [ -79.947738360835899, 40.451104791309042 ], [ -79.947751206648945, 40.451129819344814 ], [ -79.9477678, 40.4511248 ], [ -79.947979246121491, 40.451096087580162 ], [ -79.948003946261949, 40.451143787536964 ], [ -79.947947746337078, 40.451160787640823 ], [ -79.947747885871451, 40.451187926761847 ], [ -79.947710608213328, 40.45119911015788 ], [ -79.9474463, 40.451235 ], [ -79.947437253773401, 40.451217411236406 ], [ -79.94743625599537, 40.451217546721267 ], [ -79.947446508491382, 40.451237410765707 ], [ -79.947403508563227, 40.45125041086505 ], [ -79.947299280698374, 40.451264563521363 ], [ -79.947269808718175, 40.451273411172977 ], [ -79.947277908776357, 40.451289211155284 ], [ -79.947228708858276, 40.451304011268945 ], [ -79.947148629699186, 40.451314884750097 ], [ -79.947171309102146, 40.451359011403646 ], [ -79.947077609257818, 40.4513871116201 ], [ -79.9468133, 40.451423 ], [ -79.946801135735086, 40.451399264854992 ], [ -79.946751909520785, 40.451414012368602 ], [ -79.946766109622004, 40.45144151233756 ], [ -79.946674109775287, 40.451469212550094 ], [ -79.946555247776445, 40.451485351473103 ], [ -79.946438710089765, 40.451520313092828 ], [ -79.9461744, 40.4515562 ], [ -79.9461082, 40.4514274 ], [ -79.9462452, 40.4513863 ], [ -79.946462783231539, 40.451356757295237 ], [ -79.9465149, 40.4513411 ], [ -79.946571722208134, 40.451333384775133 ], [ -79.9465503, 40.451291699999985 ], [ -79.9466351, 40.4512663 ], [ -79.946756611436214, 40.451249801192539 ], [ -79.9468223, 40.4512301 ], [ -79.94691327808566, 40.451217746860493 ], [ -79.9470017, 40.4511912 ], [ -79.947035038526778, 40.451186673197924 ], [ -79.9470316, 40.45118 ], [ -79.947171, 40.4511382 ], [ -79.947231667860507, 40.451129962235079 ], [ -79.9472175, 40.451102400000011 ], [ -79.9473152, 40.4510731 ], [ -79.947359909639175, 40.451067029056034 ], [ -79.9473529, 40.4510534 ], [ -79.9474676, 40.4510189 ], [ -79.947533502068296, 40.451009951316372 ], [ -79.9475305, 40.4510037 ], [ -79.9476495, 40.4509703 ], [ -79.947697148577078, 40.450963829835608 ], [ -79.9476871, 40.450944300000018 ], [ -79.9478056, 40.4509087 ], [ -79.947879099166428, 40.450898719482296 ], [ -79.9478471, 40.4508355 ], [ -79.9481177, 40.4507555 ], [ -79.948166342746703, 40.45074889461128 ], [ -79.9481619, 40.4507403 ], [ -79.9485613, 40.45062 ], [ -79.948878466277293, 40.450576929006893 ], [ -79.948928766708448, 40.450674528874934 ], [ -79.948662867240287, 40.450754629612064 ], [ -79.9485992673672, 40.450773729788374 ], [ -79.948529467506688, 40.450794729981865 ], [ -79.94847994803537, 40.450801454579683 ], [ -79.948482467589116, 40.450806430111996 ], [ -79.94841966771321, 40.450825030286083 ], [ -79.948423767748096, 40.450832930275325 ], [ -79.9482810680298, 40.450875130670859 ], [ -79.948316068335401, 40.450944230579125 ], [ -79.948260668444846, 40.450960630732688 ], [ -79.948091565075643, 40.450983593908774 ] ] ], [ [ [ -79.949506144221488, 40.45067938476015 ], [ -79.949539244448587, 40.450755684702813 ], [ -79.949425244583495, 40.450784584913237 ], [ -79.9492138, 40.4508133 ], [ -79.9491807, 40.450737 ], [ -79.9492947, 40.4507081 ], [ -79.949506144221488, 40.45067938476015 ] ] ], [ [ [ -79.9497956, 40.450804 ], [ -79.9497796, 40.4507729 ], [ -79.9499269, 40.450729 ], [ -79.950138344042898, 40.45070028360113 ], [ -79.95025034468469, 40.450918183405264 ], [ -79.950100044883627, 40.450962983682999 ], [ -79.9498886, 40.450991699999982 ], [ -79.949859539079682, 40.450935204996995 ], [ -79.949718200000021, 40.4509544 ], [ -79.949713668943261, 40.45094558519412 ], [ -79.949606567721901, 40.450972727029281 ], [ -79.9492894, 40.4510158 ], [ -79.9492544, 40.450935 ], [ -79.9493786, 40.4509035 ], [ -79.949671583430657, 40.450863711103693 ], [ -79.9496614, 40.4508439 ], [ -79.9497956, 40.450804 ] ] ], [ [ [ -79.949332, 40.4508058 ], [ -79.949543444514234, 40.45077708469605 ], [ -79.949577444747277, 40.450855384637123 ], [ -79.94946004488601, 40.450885084853844 ], [ -79.9492486, 40.4509138 ], [ -79.9492146, 40.4508355 ], [ -79.949332, 40.4508058 ] ] ], [ [ [ -79.950297844839582, 40.450973283320543 ], [ -79.950356045174544, 40.451086983218772 ], [ -79.950110245498436, 40.451159783672999 ], [ -79.9498988, 40.4511885 ], [ -79.9498407, 40.4510748 ], [ -79.9500864, 40.451002 ], [ -79.950297844839582, 40.450973283320543 ] ] ], [ [ [ -79.94885674933964, 40.45133915166376 ], [ -79.948860731603588, 40.451348393338648 ], [ -79.9488997, 40.4513367 ], [ -79.949177223299657, 40.451299012155616 ], [ -79.94923712375045, 40.451415612018131 ], [ -79.949097923993548, 40.451457412355794 ], [ -79.9488204, 40.4514951 ], [ -79.94881561094931, 40.451485793293827 ], [ -79.948807008818122, 40.451487707659211 ], [ -79.948726134183005, 40.451498690259321 ], [ -79.948726647101708, 40.451499686226683 ], [ -79.948594847276823, 40.451539186470264 ], [ -79.948567519209305, 40.451542897514457 ], [ -79.948513109241048, 40.451559208337237 ], [ -79.948404119167563, 40.451574008635518 ], [ -79.948407447479056, 40.451580486815942 ], [ -79.948296161898526, 40.451613825388421 ], [ -79.948303509613069, 40.45162810882178 ], [ -79.948208309771047, 40.451656609041706 ], [ -79.948067486831661, 40.4516757316471 ], [ -79.948072147936543, 40.451684787435774 ], [ -79.947966248077407, 40.451716587631502 ], [ -79.94793423017245, 40.451720935344191 ], [ -79.947939848137622, 40.451732487680658 ], [ -79.947815948295826, 40.451767587909551 ], [ -79.947755329303419, 40.451775819268946 ], [ -79.947763948394538, 40.451792588006064 ], [ -79.947655848538474, 40.451825088205858 ], [ -79.947585171583128, 40.451834685207146 ], [ -79.947591748633656, 40.451847488324447 ], [ -79.947494148763496, 40.451876788504833 ], [ -79.947398952976485, 40.451889714681975 ], [ -79.947331548930379, 40.45190988880465 ], [ -79.947244084340042, 40.451921765069599 ], [ -79.947128549154968, 40.451956389179188 ], [ -79.946994715658178, 40.451974561300425 ], [ -79.94692734935343, 40.451994789550064 ], [ -79.946899470892689, 40.451998574892187 ], [ -79.94690931181745, 40.452017712041048 ], [ -79.946804811990916, 40.452049012282465 ], [ -79.94672548496294, 40.452059783204589 ], [ -79.946729449660637, 40.452068189916439 ], [ -79.94655974987333, 40.452114990229894 ], [ -79.94639526691715, 40.452137323066147 ], [ -79.946439150258229, 40.452222590455946 ], [ -79.94626005049625, 40.452276290786962 ], [ -79.9460486, 40.452305 ], [ -79.9459924, 40.4521958 ], [ -79.9461715, 40.4521421 ], [ -79.9463369385482, 40.452119637748744 ], [ -79.9463237, 40.4520916 ], [ -79.9463511, 40.4520841 ], [ -79.946341925164631, 40.452064711679654 ], [ -79.9462006, 40.4520839 ], [ -79.9461727, 40.4520296 ], [ -79.9462656, 40.4520017 ], [ -79.946359214801731, 40.451988989468248 ], [ -79.9463544, 40.4519788 ], [ -79.946449900000019, 40.4519525 ], [ -79.946470946945851, 40.45194964232509 ], [ -79.9464664, 40.4519408 ], [ -79.9465709, 40.4519095 ], [ -79.946718828912552, 40.451889414509708 ], [ -79.9467675, 40.4518748 ], [ -79.946854262948207, 40.451863019366883 ], [ -79.9468524, 40.451859399999989 ], [ -79.9470099, 40.451812100000012 ], [ -79.94705215429137, 40.451806362643161 ], [ -79.9470513, 40.4518047 ], [ -79.9471511, 40.4517747 ], [ -79.947211243342053, 40.451766533552785 ], [ -79.9471795, 40.4517048 ], [ -79.9472772, 40.4516755 ], [ -79.947488648042466, 40.451646788504739 ], [ -79.947501352902975, 40.451671520373175 ], [ -79.947541226861688, 40.451666106034843 ], [ -79.9475091, 40.4516 ], [ -79.9475604, 40.4515854 ], [ -79.947771847649776, 40.451556687981117 ], [ -79.947787478544356, 40.45158882769001 ], [ -79.947821647716992, 40.451584187890944 ], [ -79.947836585453317, 40.45161492082557 ], [ -79.947899737088079, 40.451606345493403 ], [ -79.9478656, 40.4515399 ], [ -79.9479607, 40.4515114 ], [ -79.948016520336282, 40.451503820108734 ], [ -79.9481251, 40.4514712 ], [ -79.948336547072572, 40.451442486939932 ], [ -79.94833714284681, 40.451443646551709 ], [ -79.94838126362653, 40.451437655200728 ], [ -79.9484568, 40.451415 ], [ -79.948499761657942, 40.451409166002762 ], [ -79.9484797, 40.4513557 ], [ -79.9485751, 40.4513348 ], [ -79.948749025201579, 40.451311181430931 ], [ -79.948717597483977, 40.451250061965922 ], [ -79.948645746416105, 40.45127168636504 ], [ -79.9484343, 40.4513004 ], [ -79.9484041, 40.4512417 ], [ -79.9484875, 40.4512167 ], [ -79.948674656604922, 40.45119128472804 ], [ -79.948654, 40.4511511 ], [ -79.9487932, 40.4511094 ], [ -79.949070722415712, 40.451071712398885 ], [ -79.949112822731934, 40.451153512302234 ], [ -79.948977859481488, 40.451194040461345 ], [ -79.949112822823537, 40.451175712303531 ], [ -79.949165323217812, 40.451277712183028 ], [ -79.949047023424697, 40.451313312469992 ], [ -79.94885674933964, 40.45133915166376 ] ], [ [ -79.948831058259017, 40.451214672883594 ], [ -79.948720440980949, 40.451229694546029 ], [ -79.948728552177982, 40.451245433377117 ], [ -79.948831058259017, 40.451214672883594 ] ] ], [ [ [ -79.9494121, 40.4510126 ], [ -79.949729267635703, 40.450969526691374 ], [ -79.949857868959938, 40.451266126357119 ], [ -79.949683669268893, 40.451310226839482 ], [ -79.9493665, 40.4513533 ], [ -79.9492378, 40.4510567 ], [ -79.9494121, 40.4510126 ] ] ], [ [ [ -79.948251346407503, 40.451220487086424 ], [ -79.948280646575085, 40.451277387035184 ], [ -79.948211146667646, 40.451298287163617 ], [ -79.9479997, 40.451327 ], [ -79.9479704, 40.45127 ], [ -79.9480399, 40.4512492 ], [ -79.948251346407503, 40.451220487086424 ] ] ], [ [ [ -79.949559142999178, 40.451482151968108 ], [ -79.9494476, 40.4514973 ], [ -79.9493925, 40.4513879 ], [ -79.9496346, 40.4513174 ], [ -79.949912122847323, 40.451279710384703 ], [ -79.949924233897889, 40.45130375646437 ], [ -79.9499566, 40.451243699999985 ], [ -79.950067837143962, 40.451228592936509 ], [ -79.9500793, 40.4512073 ], [ -79.950290745487791, 40.45117858334266 ], [ -79.950405545555981, 40.451214383133589 ], [ -79.95036964577956, 40.451281083202396 ], [ -79.950459645833121, 40.451309183038525 ], [ -79.950408746150217, 40.451403783136108 ], [ -79.95030631842188, 40.451417694072873 ], [ -79.950293446313609, 40.451441583349315 ], [ -79.950082, 40.4514703 ], [ -79.949973396122459, 40.451436426523429 ], [ -79.950002808305399, 40.451504204917512 ], [ -79.949775508641565, 40.451561805441997 ], [ -79.9495112, 40.451597699999986 ], [ -79.9494708, 40.4515045 ], [ -79.949559142999178, 40.451482151968108 ] ], [ [ -79.9499799, 40.4513664 ], [ -79.949951311118269, 40.451357517300494 ], [ -79.949967223270818, 40.451389110258376 ], [ -79.949829892877503, 40.451429101623447 ], [ -79.949955327373686, 40.451412066609812 ], [ -79.9499799, 40.4513664 ] ] ], [ [ [ -79.950219447054977, 40.451668283495124 ], [ -79.950060022786488, 40.451689934853086 ], [ -79.950063747212937, 40.451699383782156 ], [ -79.949978947314548, 40.451721283938731 ], [ -79.949989047362223, 40.451737683920932 ], [ -79.949894147488806, 40.451766284096308 ], [ -79.9496827, 40.451795 ], [ -79.949678688885626, 40.451786576660645 ], [ -79.9496174, 40.4517949 ], [ -79.9495767, 40.4517137 ], [ -79.949632, 40.451697 ], [ -79.9496218, 40.4516773 ], [ -79.9497123, 40.45165 ], [ -79.949923747021472, 40.451621284035589 ], [ -79.949927077462519, 40.451627718535924 ], [ -79.949968680280492, 40.451622068536999 ], [ -79.9499571, 40.4516 ], [ -79.9500779, 40.4515633 ], [ -79.9500689, 40.4515462 ], [ -79.9501844, 40.451511 ], [ -79.950301143838203, 40.451495144904214 ], [ -79.9503194, 40.4514896 ], [ -79.950530846282547, 40.451460882914589 ], [ -79.950582746573446, 40.451559782823722 ], [ -79.95045264674792, 40.451599283064205 ], [ -79.950458246779391, 40.451609983054361 ], [ -79.950390826882611, 40.451630504844957 ], [ -79.950586846710522, 40.451603882818162 ], [ -79.950618246887345, 40.451663982763201 ], [ -79.950474347080032, 40.451707583029155 ], [ -79.9502629, 40.4517363 ], [ -79.9502314, 40.4516762 ], [ -79.950326049127895, 40.451647542374133 ], [ -79.950256809349952, 40.451656945903714 ], [ -79.950219447054977, 40.451668283495124 ] ] ], [ [ [ -79.949404031015121, 40.451759757051803 ], [ -79.949459025495315, 40.451865711509896 ], [ -79.949339725704789, 40.451901811799281 ], [ -79.9490622, 40.4519395 ], [ -79.9490064, 40.4518318 ], [ -79.949017520601615, 40.451828432106559 ], [ -79.949002235120744, 40.451830507863463 ], [ -79.949023648156881, 40.451871785698202 ], [ -79.948984548209083, 40.451883585770474 ], [ -79.948991948251503, 40.45189798575754 ], [ -79.948917748350624, 40.451920385894667 ], [ -79.948885500081019, 40.45192476514778 ], [ -79.948896910579023, 40.451946807478414 ], [ -79.948781910771345, 40.451981607744074 ], [ -79.948690127319225, 40.451994071611686 ], [ -79.948699148721516, 40.452011486299803 ], [ -79.948563748902387, 40.452052386550065 ], [ -79.94850335658856, 40.452060587493939 ], [ -79.948390649102279, 40.452094686869515 ], [ -79.948351921371341, 40.452099945822653 ], [ -79.948389449347047, 40.452172386875176 ], [ -79.94828274948982, 40.452204687072388 ], [ -79.9480713, 40.4522334 ], [ -79.948058773058619, 40.452209245976029 ], [ -79.947956064159769, 40.452223192760393 ], [ -79.947944849689236, 40.45222658769336 ], [ -79.947856729155063, 40.452238553444701 ], [ -79.947879649891107, 40.452282787815484 ], [ -79.947738950079412, 40.452325388075543 ], [ -79.947622755874363, 40.452341165653138 ], [ -79.94763265023019, 40.452360288272125 ], [ -79.947580410793293, 40.452376006451559 ], [ -79.94758041290163, 40.452376010521668 ], [ -79.947478313072395, 40.452406910757539 ], [ -79.947420124807067, 40.45241481179464 ], [ -79.947433413250096, 40.452446610862744 ], [ -79.947294413450464, 40.452480511183424 ], [ -79.9470301, 40.4525164 ], [ -79.947023887205688, 40.452501542051898 ], [ -79.946885537082309, 40.452520327147532 ], [ -79.946893225511303, 40.452535144769662 ], [ -79.946891343676583, 40.45253571360896 ], [ -79.946897413905077, 40.452547412097672 ], [ -79.946758014138254, 40.452589612419757 ], [ -79.94671276606293, 40.452595756079091 ], [ -79.946596514378527, 40.452630912792465 ], [ -79.946497452629345, 40.452644362948057 ], [ -79.946521451698288, 40.452690690325689 ], [ -79.946368451902956, 40.452736990608486 ], [ -79.946157, 40.4527657 ], [ -79.946148071513505, 40.452748488949631 ], [ -79.946136430833391, 40.45275101956306 ], [ -79.946178831280321, 40.452864519467546 ], [ -79.946065531439686, 40.452889219741863 ], [ -79.945788, 40.4529269 ], [ -79.945740248801954, 40.452799048437058 ], [ -79.945701582830566, 40.45280429802829 ], [ -79.945707452405699, 40.452815691824846 ], [ -79.945660752467759, 40.452829691911163 ], [ -79.945680852582612, 40.452868691876006 ], [ -79.945618952665001, 40.452887291990415 ], [ -79.945595207149182, 40.452890515836479 ], [ -79.945605852745203, 40.452911192015513 ], [ -79.945508053640395, 40.452940560710417 ], [ -79.945522079497991, 40.452967838403588 ], [ -79.945373579794364, 40.453012438815286 ], [ -79.945088320197343, 40.453051166469884 ], [ -79.945103316865683, 40.45308031624225 ], [ -79.944955317112033, 40.453124816584172 ], [ -79.944691, 40.4531607 ], [ -79.9446886224748, 40.453156075035892 ], [ -79.944629613274927, 40.453164085974734 ], [ -79.9446627541071, 40.453228493760108 ], [ -79.944635002740668, 40.453236821135327 ], [ -79.944671603095216, 40.453231852372269 ], [ -79.9446649, 40.4532188 ], [ -79.9447468, 40.453194299999971 ], [ -79.944958253795221, 40.453165593215083 ], [ -79.944992353990528, 40.453231893155468 ], [ -79.944910454099514, 40.453256493306839 ], [ -79.944808501392316, 40.453270334305827 ], [ -79.944812854207299, 40.453278793486923 ], [ -79.944730654316714, 40.453303493638856 ], [ -79.944568474769582, 40.453325510651894 ], [ -79.944583854536589, 40.453355393910527 ], [ -79.944521054620296, 40.453374294026595 ], [ -79.944309600000011, 40.453403 ], [ -79.944278, 40.4533416 ], [ -79.9443408, 40.4533227 ], [ -79.944502982465352, 40.453300682919355 ], [ -79.944490335120548, 40.453276104107232 ], [ -79.944304, 40.4533014 ], [ -79.944300020010346, 40.453293654591981 ], [ -79.9441391, 40.4533155 ], [ -79.9440736, 40.4531828 ], [ -79.9441681, 40.4531558 ], [ -79.944288006535899, 40.453139522251782 ], [ -79.944377, 40.4531128 ], [ -79.944417870644671, 40.453107251596158 ], [ -79.9444092, 40.4530904 ], [ -79.9445776, 40.4530398 ], [ -79.944625506555113, 40.453033296339392 ], [ -79.9446252, 40.4530327 ], [ -79.9447732, 40.4529883 ], [ -79.945005622622986, 40.452956746321178 ], [ -79.9449857, 40.452918 ], [ -79.945134200000012, 40.4528734 ], [ -79.945198506773082, 40.452864669543239 ], [ -79.9451977, 40.4528631 ], [ -79.945207, 40.4528601 ], [ -79.9452219, 40.452855799999988 ], [ -79.9453338, 40.4528222 ], [ -79.945357600903705, 40.452818968686003 ], [ -79.9453552, 40.4528143 ], [ -79.9454637, 40.452781700000017 ], [ -79.945552710999536, 40.452769615342355 ], [ -79.945547, 40.45275860000001 ], [ -79.9456547, 40.4527261 ], [ -79.94571018967531, 40.45271856630189 ], [ -79.9457015, 40.4526953 ], [ -79.9458424, 40.4526646 ], [ -79.946087303748385, 40.452631349356508 ], [ -79.9460865, 40.4526298 ], [ -79.9462396, 40.4525835 ], [ -79.946285793106014, 40.452577228220619 ], [ -79.9462821, 40.4525701 ], [ -79.9464104, 40.4525313 ], [ -79.946442555624046, 40.452526934081824 ], [ -79.946436, 40.4525143 ], [ -79.9465359, 40.452484099999985 ], [ -79.9465754, 40.4524721 ], [ -79.946631720870613, 40.452464452957614 ], [ -79.9466195, 40.4524409 ], [ -79.946716, 40.4524117 ], [ -79.946774281829306, 40.452403786624267 ], [ -79.9467698, 40.4523939 ], [ -79.9469146, 40.4523556 ], [ -79.947059963219459, 40.452335862574657 ], [ -79.9470828, 40.4523303 ], [ -79.947150849142801, 40.452321060202209 ], [ -79.9471434, 40.4523067 ], [ -79.9472456, 40.452275800000017 ], [ -79.947326918161039, 40.452264758385311 ], [ -79.9474053, 40.4522411 ], [ -79.947464680105128, 40.452233037114645 ], [ -79.9474575, 40.4522192 ], [ -79.9475983, 40.4521766 ], [ -79.947628713997574, 40.452172470204246 ], [ -79.9476212, 40.452158 ], [ -79.9477443, 40.45212080000001 ], [ -79.947844852459966, 40.452107146205392 ], [ -79.9479104, 40.4520873 ], [ -79.947989928007146, 40.452076500952899 ], [ -79.9479822, 40.4520616 ], [ -79.948089, 40.4520293 ], [ -79.948127725101699, 40.452024041488684 ], [ -79.9481233, 40.4520155 ], [ -79.9482607, 40.451973899999984 ], [ -79.94829430497029, 40.451969336700394 ], [ -79.9482933, 40.4519674 ], [ -79.9484288, 40.4519265 ], [ -79.948467754791949, 40.451921210171776 ], [ -79.9484619, 40.4519099 ], [ -79.9485769, 40.4518751 ], [ -79.948628340281815, 40.4518681146399 ], [ -79.948618, 40.4518482 ], [ -79.9487624, 40.451804500000023 ], [ -79.948784389173468, 40.451801513931784 ], [ -79.9487784, 40.4517891 ], [ -79.9488247, 40.4517761 ], [ -79.948885494405587, 40.451767844241239 ], [ -79.9488777, 40.4517528 ], [ -79.9490788, 40.451692 ], [ -79.949462048282811, 40.451639954138074 ], [ -79.949507948754416, 40.451728353992486 ], [ -79.949404031015121, 40.451759757051803 ] ] ], [ [ [ -79.9496549, 40.451979799999989 ], [ -79.9496109, 40.4518855 ], [ -79.9498444, 40.4518226 ], [ -79.949973553023554, 40.451805060074733 ], [ -79.9499478, 40.4517549 ], [ -79.9500252, 40.4517317 ], [ -79.950236647157425, 40.45170298346509 ], [ -79.9502653473224, 40.451758983414919 ], [ -79.950187947424951, 40.451782083557937 ], [ -79.950058536009408, 40.451799658828833 ], [ -79.950099747792621, 40.451888183724463 ], [ -79.94986634808059, 40.451951084155496 ], [ -79.9496549, 40.451979799999989 ] ] ], [ [ [ -79.9505476, 40.451814 ], [ -79.950759047214291, 40.451785282510215 ], [ -79.95079764744716, 40.451864082442867 ], [ -79.950618647676052, 40.451914882773544 ], [ -79.9504072, 40.4519436 ], [ -79.9503686, 40.4518648 ], [ -79.9505476, 40.451814 ] ] ], [ [ [ -79.9491316, 40.4521687 ], [ -79.9490961, 40.4520914 ], [ -79.949215117897026, 40.452059491736108 ], [ -79.9490803, 40.4520778 ], [ -79.9490317, 40.451984 ], [ -79.9491945, 40.4519348 ], [ -79.949472025618306, 40.451897111480413 ], [ -79.949520625980341, 40.451990811368802 ], [ -79.949381732682383, 40.452032872238362 ], [ -79.949522826073704, 40.452013711364827 ], [ -79.949558226374748, 40.452091011284068 ], [ -79.949409126615436, 40.452131011645463 ], [ -79.9491316, 40.4521687 ] ] ], [ [ [ -79.949912769750767, 40.451990234645514 ], [ -79.9499118, 40.451988 ], [ -79.9500362, 40.4519565 ], [ -79.950247647859982, 40.451927783454842 ], [ -79.950279848080839, 40.452001983399043 ], [ -79.95015544822796, 40.452033483628703 ], [ -79.950099574901643, 40.452041071716245 ], [ -79.950104848309735, 40.452053283722407 ], [ -79.949964648475543, 40.45208878398121 ], [ -79.9497532, 40.4521175 ], [ -79.9497222, 40.452046 ], [ -79.949775, 40.4520327 ], [ -79.949768400000011, 40.4520175 ], [ -79.949833500000011, 40.452001 ], [ -79.949912769750767, 40.451990234645514 ] ] ], [ [ [ -79.9505957, 40.4519587 ], [ -79.9505889, 40.4519455 ], [ -79.950635600000012, 40.4519315 ], [ -79.950952771260091, 40.451888423384958 ], [ -79.951078072332535, 40.452131223056192 ], [ -79.950893772699246, 40.452186323567084 ], [ -79.9505766, 40.452229400000014 ], [ -79.9504514, 40.4519865 ], [ -79.950494, 40.4519738 ], [ -79.950587769674101, 40.451961064895613 ], [ -79.9505957, 40.4519587 ] ] ], [ [ [ -79.9493026, 40.4521551 ], [ -79.949580126472583, 40.452117411232869 ], [ -79.94961462681411, 40.452204411154824 ], [ -79.949492936117451, 40.45223258404917 ], [ -79.949628226847665, 40.452214211122651 ], [ -79.949664027169149, 40.452296511041212 ], [ -79.949503227419058, 40.452337311430824 ], [ -79.9492257, 40.452375 ], [ -79.9491899, 40.4522927 ], [ -79.949314496681581, 40.452261085940577 ], [ -79.9491708, 40.4522806 ], [ -79.949136300000021, 40.4521936 ], [ -79.9493026, 40.4521551 ] ] ], [ [ [ -79.950418824423849, 40.452276641529451 ], [ -79.95042552444346, 40.452289941523595 ], [ -79.95025041225729, 40.452340996667587 ], [ -79.950258527117683, 40.452357109613018 ], [ -79.950067327430915, 40.452409510076528 ], [ -79.9497898, 40.4524472 ], [ -79.9496996, 40.4522567 ], [ -79.9498167, 40.4522246 ], [ -79.9497891, 40.4521663 ], [ -79.9498557, 40.452146 ], [ -79.9501908, 40.4520483 ], [ -79.950296524065919, 40.45203394163628 ], [ -79.950418824423849, 40.452276641529451 ] ] ], [ [ [ -79.949736227956222, 40.452496110878919 ], [ -79.949700793765516, 40.452505124960851 ], [ -79.949701975379966, 40.452507497388964 ], [ -79.949590577144534, 40.452539628032518 ], [ -79.949591928221736, 40.45254271122915 ], [ -79.949595828256477, 40.452551611220251 ], [ -79.949559672814857, 40.452560801678679 ], [ -79.949560276171383, 40.452561998307388 ], [ -79.949517776364232, 40.452574298582242 ], [ -79.949428053806457, 40.452586483059349 ], [ -79.949358676933755, 40.452606499608962 ], [ -79.94907388776727, 40.452645173784653 ], [ -79.949017603572486, 40.452659245312176 ], [ -79.949067804961402, 40.452775844964357 ], [ -79.948859705934524, 40.452827646500893 ], [ -79.948600318127987, 40.452862869936453 ], [ -79.948614081059503, 40.452889904434741 ], [ -79.948473981703458, 40.452931205340882 ], [ -79.94788441970492, 40.453011261549307 ], [ -79.947914778626327, 40.453076931825279 ], [ -79.947557579353543, 40.453187232815743 ], [ -79.9472404, 40.4532303 ], [ -79.9471621, 40.4530357 ], [ -79.9470732, 40.4528267 ], [ -79.9474168, 40.4527289 ], [ -79.947637175718967, 40.452698976492911 ], [ -79.9477141, 40.4526763 ], [ -79.947817724467257, 40.452662229219115 ], [ -79.9477414, 40.4524847 ], [ -79.9480835, 40.4523995 ], [ -79.948088513869251, 40.452398819167996 ], [ -79.9480812, 40.4523847 ], [ -79.9481474, 40.452364700000011 ], [ -79.948358849873259, 40.452335986938586 ], [ -79.948371492633797, 40.452360393179482 ], [ -79.948929298997598, 40.452284645893933 ], [ -79.949006846904652, 40.452465132462983 ], [ -79.949244908988135, 40.452432803891739 ], [ -79.9492286, 40.4523952 ], [ -79.9493893, 40.4523545 ], [ -79.949666827251505, 40.452316811035644 ], [ -79.949702727569615, 40.45239831095391 ], [ -79.949653577888625, 40.452410325473977 ], [ -79.949658498531946, 40.45242020509734 ], [ -79.949700427637637, 40.452414510960395 ], [ -79.94971462776455, 40.452447010928083 ], [ -79.949736227956222, 40.452496110878919 ] ] ], [ [ [ -79.949541925575218, 40.452901242347728 ], [ -79.949440525642004, 40.452931242441437 ], [ -79.949334800000017, 40.4529456 ], [ -79.9492643, 40.4528065 ], [ -79.9495627, 40.4527182 ], [ -79.949668425240446, 40.452703842227315 ], [ -79.949708025355577, 40.452781942192715 ], [ -79.949511025485293, 40.452840242374762 ], [ -79.949541925575218, 40.452901242347728 ] ] ], [ [ [ -79.949795636754217, 40.453941328430332 ], [ -79.949498637345854, 40.453994029584798 ], [ -79.949253672333995, 40.45402729526085 ], [ -79.949254054855487, 40.454030485370971 ], [ -79.9491228549807, 40.454054185612769 ], [ -79.948935055160177, 40.454088185958867 ], [ -79.9487236, 40.45411690000001 ], [ -79.948686148547338, 40.453994340618607 ], [ -79.9486592, 40.453998 ], [ -79.9486389, 40.4539317 ], [ -79.9486641, 40.453927200000017 ], [ -79.9486463, 40.4538692 ], [ -79.948834500000018, 40.4538356 ], [ -79.948881, 40.4538273 ], [ -79.9488726, 40.4537999 ], [ -79.9489713, 40.4537823 ], [ -79.949013031703501, 40.453776633053728 ], [ -79.9490006, 40.4536893 ], [ -79.948999007086428, 40.453685668157483 ], [ -79.948802981132573, 40.453717429423172 ], [ -79.9484858, 40.4537605 ], [ -79.948466700152764, 40.453678156273362 ], [ -79.948002227208733, 40.453751043779143 ], [ -79.9478965, 40.453765399999988 ], [ -79.9478367, 40.4535446 ], [ -79.9480023, 40.4535186 ], [ -79.9479605, 40.4533644 ], [ -79.9479266, 40.4532396 ], [ -79.94801, 40.4532265 ], [ -79.948115726339537, 40.45321214366308 ], [ -79.948117646149214, 40.45321920852173 ], [ -79.9483332, 40.4531854 ], [ -79.948391363813627, 40.453177501908932 ], [ -79.9483909, 40.4531766 ], [ -79.948732, 40.4530742 ], [ -79.949577806481088, 40.452959341253681 ], [ -79.949633707760555, 40.453067940862617 ], [ -79.949535108285247, 40.453097541591518 ], [ -79.949607709946449, 40.453238541083621 ], [ -79.949521424590827, 40.453264445117092 ], [ -79.949612380096482, 40.45359722718743 ], [ -79.949612380096397, 40.453597227187451 ], [ -79.949741234400136, 40.45357972860716 ], [ -79.949767821018128, 40.453756444142719 ], [ -79.949798753775866, 40.453754084359254 ], [ -79.949822754338555, 40.453935984323266 ], [ -79.949795391787845, 40.453939700203861 ], [ -79.949795636754217, 40.453941328430332 ] ], [ [ -79.948520022095451, 40.453459140331667 ], [ -79.9488255, 40.4534101 ], [ -79.9488157, 40.4533741 ], [ -79.948868, 40.4533659 ], [ -79.948913995438232, 40.453359654059767 ], [ -79.948913237213702, 40.453357001291678 ], [ -79.948615, 40.453397499999987 ], [ -79.948548296200045, 40.453267773258965 ], [ -79.948469178619391, 40.453278516758978 ], [ -79.948520022095451, 40.453459140331667 ] ] ], [ [ [ -79.948179, 40.4543788 ], [ -79.948195095530167, 40.454376614448606 ], [ -79.9481949, 40.4543759 ], [ -79.9484904, 40.4543287 ], [ -79.948728942365591, 40.454296308296733 ], [ -79.948725, 40.4542825 ], [ -79.9488115, 40.4542681 ], [ -79.949022955601677, 40.454239385804257 ], [ -79.949118056609535, 40.454571585644466 ], [ -79.948922656787559, 40.454604186004424 ], [ -79.948895849102172, 40.454607826278149 ], [ -79.948911985547028, 40.454666729186201 ], [ -79.948823785664175, 40.454680729429867 ], [ -79.9485066, 40.4547238 ], [ -79.948500129337845, 40.454700157197649 ], [ -79.9482914, 40.4547285 ], [ -79.948247780063113, 40.454569118173303 ], [ -79.948135294580069, 40.454584392107705 ], [ -79.948165657340112, 40.454686887397173 ], [ -79.9479542, 40.4547156 ], [ -79.947849, 40.454709699999981 ], [ -79.9477751, 40.4544453 ], [ -79.9478693, 40.454429 ], [ -79.948080756471654, 40.454400287540253 ], [ -79.948102091328963, 40.454472307844483 ], [ -79.948103131827835, 40.454472166560052 ], [ -79.9480815, 40.4543947 ], [ -79.948179, 40.4543788 ] ] ], [ [ [ -79.9495088, 40.4547202 ], [ -79.949566103069955, 40.454712418384659 ], [ -79.949528500000014, 40.4541565 ], [ -79.950243811834852, 40.454059359223585 ], [ -79.950597811223091, 40.45404535702415 ], [ -79.950638817618881, 40.454651656860293 ], [ -79.950938017447854, 40.454672355006181 ], [ -79.950896021280187, 40.45502745531995 ], [ -79.95095202124844, 40.455031354972931 ], [ -79.950946521746033, 40.455077455013956 ], [ -79.950868740323003, 40.455088018426821 ], [ -79.950862722507694, 40.455138755543288 ], [ -79.9501474, 40.4552359 ], [ -79.9494357, 40.4551868 ], [ -79.9494741, 40.4548622 ], [ -79.949492345519658, 40.454859722318211 ], [ -79.9495088, 40.4547202 ] ] ], [ [ [ -79.948546203995889, 40.437762685949522 ], [ -79.948461504406254, 40.437882886110224 ], [ -79.9482501, 40.4379116 ], [ -79.948046955989227, 40.437818851509185 ], [ -79.948041404389357, 40.437825886878308 ], [ -79.94783, 40.4378546 ], [ -79.9475988, 40.4377468 ], [ -79.9476786, 40.4376452 ], [ -79.947890003789908, 40.437616487146734 ], [ -79.947938808939782, 40.437637161489292 ], [ -79.947957, 40.4376154 ], [ -79.948168403588781, 40.437586686634738 ], [ -79.948546203995889, 40.437762685949522 ] ] ], [ [ [ -79.94641296997726, 40.438405858343785 ], [ -79.9463972, 40.438408 ], [ -79.9463837, 40.4384055 ], [ -79.9463713, 40.4383992 ], [ -79.9463634, 40.438390500000011 ], [ -79.9463606, 40.4383832 ], [ -79.9463624, 40.4383724 ], [ -79.946369, 40.4383625 ], [ -79.9463782, 40.438356 ], [ -79.9463907, 40.4383527 ], [ -79.946399120074332, 40.438351556503818 ], [ -79.9464142, 40.4383184 ], [ -79.9464741, 40.43827659999998 ], [ -79.9465178, 40.4382685 ], [ -79.9465203, 40.4382607 ], [ -79.9465264, 40.4382528 ], [ -79.9465354, 40.4382475 ], [ -79.9465487, 40.4382438 ], [ -79.946760106106893, 40.438215089245887 ], [ -79.946777506103942, 40.438216289214033 ], [ -79.946790306121969, 40.438223589190869 ], [ -79.94679900615408, 40.438234889175398 ], [ -79.946799806192104, 40.438247089174482 ], [ -79.946795206226867, 40.438257589183394 ], [ -79.946834906315871, 40.438290789112045 ], [ -79.946775806467514, 40.438331789222268 ], [ -79.946780706478492, 40.438335889213448 ], [ -79.9467279066142, 40.438372589311946 ], [ -79.946715809216499, 40.438374232245231 ], [ -79.946664006757004, 40.438410189430833 ], [ -79.9464526, 40.4384389 ], [ -79.94641296997726, 40.438405858343785 ] ] ], [ [ [ -79.947729429129325, 40.445660087797684 ], [ -79.947518, 40.4456888 ], [ -79.9473959, 40.4456962 ], [ -79.9473885, 40.445624 ], [ -79.947460946381383, 40.445583092804924 ], [ -79.9473659, 40.445596 ], [ -79.94729580000002, 40.4456017 ], [ -79.9472824, 40.4455052 ], [ -79.947347695694191, 40.445496332960268 ], [ -79.9473441, 40.445470899999989 ], [ -79.947661242702907, 40.445427832014687 ], [ -79.947689816865307, 40.445425527570762 ], [ -79.9476885, 40.4454147 ], [ -79.94789992820192, 40.445385987472754 ], [ -79.948044128113864, 40.445375687207743 ], [ -79.948054928388814, 40.445464487191863 ], [ -79.9478435, 40.4454932 ], [ -79.94774037280753, 40.445500566246714 ], [ -79.947744643141633, 40.445531131792045 ], [ -79.947716464460484, 40.445534958509562 ], [ -79.947719441810975, 40.445563694625541 ], [ -79.947744528809793, 40.445560287765552 ], [ -79.947808128769523, 40.445555287648659 ], [ -79.94781172885331, 40.445582387643256 ], [ -79.947722632228505, 40.445594487149393 ], [ -79.947729429129325, 40.445660087797684 ] ] ], [ [ [ -79.947121348441556, 40.445646966089221 ], [ -79.947180829274544, 40.445638888803238 ], [ -79.947201283819496, 40.44568162545054 ], [ -79.947251629360053, 40.445674788674935 ], [ -79.947271629484007, 40.445716688640104 ], [ -79.947163274398918, 40.445746827404157 ], [ -79.947176389121296, 40.445778064634872 ], [ -79.947356629567167, 40.445753588485786 ], [ -79.947449729508278, 40.445746288314652 ], [ -79.947451677588248, 40.445760936540893 ], [ -79.94761992941676, 40.445738088002045 ], [ -79.947703829363931, 40.445731587847838 ], [ -79.947704251005376, 40.445734758799652 ], [ -79.947766629323013, 40.44572628773237 ], [ -79.947881529250367, 40.445717287521177 ], [ -79.94789332952179, 40.445805087503423 ], [ -79.9476819, 40.4458338 ], [ -79.947569059185099, 40.445842532898929 ], [ -79.9475045, 40.4458513 ], [ -79.947464111746214, 40.445854432748213 ], [ -79.947465129866316, 40.445862088291541 ], [ -79.9472537, 40.4458908 ], [ -79.947205365193881, 40.445894584796783 ], [ -79.947211887258661, 40.445910116040345 ], [ -79.947186287347236, 40.445916416181333 ], [ -79.947201187663069, 40.445951916104462 ], [ -79.947154287824063, 40.445963316362771 ], [ -79.947159587935218, 40.445975816335391 ], [ -79.947053688298325, 40.446001516918621 ], [ -79.9464227, 40.4460872 ], [ -79.946417773519642, 40.446075490685232 ], [ -79.946369100000013, 40.4460821 ], [ -79.946356316357409, 40.44605156130006 ], [ -79.946317, 40.4460569 ], [ -79.946298901911092, 40.446013728518821 ], [ -79.9462726, 40.4460173 ], [ -79.9461266, 40.4456697 ], [ -79.9464327, 40.4455953 ], [ -79.946848300570352, 40.445538864741465 ], [ -79.9468406, 40.4454812 ], [ -79.947052028738383, 40.445452489031268 ], [ -79.947233228623787, 40.445438288698206 ], [ -79.947241828823195, 40.445502788685282 ], [ -79.947167925435153, 40.445512824560794 ], [ -79.947190728868691, 40.445510988779404 ], [ -79.947198829047878, 40.445568988767107 ], [ -79.947153573284226, 40.445575134356467 ], [ -79.947188229063926, 40.44557278878672 ], [ -79.94719132914571, 40.445599188782211 ], [ -79.947243229114662, 40.445595688686844 ], [ -79.947246929215055, 40.445628088681481 ], [ -79.947120623977796, 40.445645240522992 ], [ -79.947121348441556, 40.445646966089221 ] ] ], [ [ [ -79.947740982888661, 40.446365583863823 ], [ -79.947729996411766, 40.446367075827986 ], [ -79.947730131354774, 40.446368187827787 ], [ -79.9475187, 40.446396900000018 ], [ -79.9474752, 40.4464 ], [ -79.947473503242605, 40.446386017485118 ], [ -79.9473536, 40.4464023 ], [ -79.9472708, 40.4464081 ], [ -79.9472607, 40.4463244 ], [ -79.947401736677236, 40.446305247704274 ], [ -79.9473994, 40.4462859 ], [ -79.947460349775895, 40.446277623171881 ], [ -79.947459, 40.4462665 ], [ -79.947670430967932, 40.446237787931537 ], [ -79.947713930941404, 40.446234687851579 ], [ -79.94771471645889, 40.446241160942485 ], [ -79.947846330854432, 40.446223287608177 ], [ -79.947858005214371, 40.446222458640456 ], [ -79.9478551, 40.4461985 ], [ -79.947930763644592, 40.446188224737469 ], [ -79.9479307, 40.4461877 ], [ -79.948142130538088, 40.446158987062645 ], [ -79.948220030490702, 40.446153486919492 ], [ -79.948239230980874, 40.446311786891265 ], [ -79.948177464117023, 40.446320175102329 ], [ -79.948179446687064, 40.446336530648999 ], [ -79.948154235488815, 40.446339954429732 ], [ -79.948156131150625, 40.446355587045659 ], [ -79.9479447, 40.4463843 ], [ -79.9478782, 40.446389 ], [ -79.94787682103285, 40.446377628025971 ], [ -79.9478623, 40.4463796 ], [ -79.9477437, 40.446388 ], [ -79.947740982888661, 40.446365583863823 ] ] ], [ [ [ -79.947558834833387, 40.447453788190167 ], [ -79.947568435059154, 40.447526788175765 ], [ -79.947357, 40.4475555 ], [ -79.947248400000021, 40.4475638 ], [ -79.9472463, 40.4475476 ], [ -79.9470448, 40.447563 ], [ -79.947028, 40.4474349 ], [ -79.947239434807116, 40.447406188774053 ], [ -79.947505134640693, 40.447385888285666 ], [ -79.94751453486117, 40.447457188271557 ], [ -79.947558834833387, 40.447453788190167 ] ] ], [ [ [ -79.9456278, 40.4491643 ], [ -79.9456856, 40.4491094 ], [ -79.946002760819738, 40.44906633682092 ], [ -79.946007361679875, 40.449069134382455 ], [ -79.946009889378999, 40.449068791174959 ], [ -79.9459127, 40.4490087 ], [ -79.9459769, 40.4489481 ], [ -79.946188339969908, 40.448919390769625 ], [ -79.94644534037019, 40.449078290305124 ], [ -79.946408985220884, 40.449112607049294 ], [ -79.946441060876154, 40.449132135619031 ], [ -79.946416061002864, 40.449155935689411 ], [ -79.946361461279707, 40.449207935843134 ], [ -79.946241961885562, 40.449321736179591 ], [ -79.946209262051639, 40.449352936271673 ], [ -79.9458921, 40.449396 ], [ -79.9458546, 40.449373199999982 ], [ -79.9455824, 40.4492076 ], [ -79.9456011, 40.4491898 ], [ -79.9456278, 40.4491643 ] ] ], [ [ [ -79.9464282, 40.4500074 ], [ -79.9462445, 40.4498321 ], [ -79.9463807, 40.4497489 ], [ -79.946592142331511, 40.449720190064269 ], [ -79.946708942637258, 40.449831789854905 ], [ -79.946687242687133, 40.449844989895304 ], [ -79.946754042861912, 40.449908789775556 ], [ -79.946639643125849, 40.449978689988555 ], [ -79.9464282, 40.4500074 ] ] ], [ [ [ -79.946232143171613, 40.449943190734672 ], [ -79.946391343417915, 40.450041090446923 ], [ -79.946304743709788, 40.450123290609454 ], [ -79.9460933, 40.450152 ], [ -79.9459341, 40.450054099999988 ], [ -79.9460207, 40.4499719 ], [ -79.946232143171613, 40.449943190734672 ] ] ], [ [ [ -79.945856728016921, 40.450627981312621 ], [ -79.9457741, 40.4506392 ], [ -79.9457, 40.4505418 ], [ -79.9457781, 40.450507099999982 ], [ -79.9456951, 40.4503982 ], [ -79.9458272, 40.4503395 ], [ -79.945781200000013, 40.4502791 ], [ -79.9459928, 40.450185 ], [ -79.94620424385235, 40.450156290795306 ], [ -79.946249744022154, 40.450215890714475 ], [ -79.946129944236006, 40.450269190936659 ], [ -79.946145144292998, 40.450289190909643 ], [ -79.946037244485254, 40.450337091109724 ], [ -79.946066844595819, 40.450375891057149 ], [ -79.946058844610221, 40.450379491071999 ], [ -79.9461638450029, 40.45051729088545 ], [ -79.946146245034541, 40.450525190918093 ], [ -79.946229445345736, 40.450634390770276 ], [ -79.946128945525075, 40.450679090956662 ], [ -79.9459175, 40.4507078 ], [ -79.945856728016921, 40.450627981312621 ] ] ], [ [ [ -79.947924446866097, 40.451326187690917 ], [ -79.947944643829942, 40.451365602967535 ], [ -79.948132546829427, 40.451340087309717 ], [ -79.948163047004414, 40.45139948725636 ], [ -79.948089847101528, 40.451421387391647 ], [ -79.9478784, 40.4514501 ], [ -79.947857274199237, 40.451409025913868 ], [ -79.9476601, 40.4514358 ], [ -79.947633644268308, 40.451384439393813 ], [ -79.947574047241048, 40.451402388337215 ], [ -79.947556374713457, 40.451404788042183 ], [ -79.947560147278182, 40.451412488363175 ], [ -79.947534637774226, 40.451419791690235 ], [ -79.947562647288208, 40.451415988358725 ], [ -79.947600247503516, 40.451489088292981 ], [ -79.947474247671039, 40.451526888525855 ], [ -79.947368351959014, 40.451541267652786 ], [ -79.947323147816178, 40.451554488804305 ], [ -79.9471117, 40.4515832 ], [ -79.947089151744635, 40.451538363666288 ], [ -79.946970340284864, 40.451554496149008 ], [ -79.946982948024598, 40.451578989429613 ], [ -79.946935524637439, 40.451593238569089 ], [ -79.947036048005984, 40.451579589332205 ], [ -79.947067348185058, 40.451640389277465 ], [ -79.946960648326893, 40.451672389474666 ], [ -79.946920031701481, 40.451677904445816 ], [ -79.946856248444874, 40.45169708966732 ], [ -79.9466448, 40.4517258 ], [ -79.9466126, 40.4516631 ], [ -79.9467017, 40.4516363 ], [ -79.946755673443846, 40.451628971521842 ], [ -79.94678569160186, 40.451619968887954 ], [ -79.9466853, 40.4516336 ], [ -79.9466626, 40.4515895 ], [ -79.9467488, 40.4515636 ], [ -79.946941803877507, 40.451537393826207 ], [ -79.946914, 40.4514834 ], [ -79.9470018, 40.451457 ], [ -79.947056318608347, 40.451449597331816 ], [ -79.9470534, 40.451444 ], [ -79.9470889, 40.4514333 ], [ -79.947259801060014, 40.451410094408089 ], [ -79.9473244, 40.4513916 ], [ -79.947341136372742, 40.45138932744721 ], [ -79.947331, 40.4513696 ], [ -79.9473994, 40.451349 ], [ -79.947577072007803, 40.451324874491867 ], [ -79.9475665, 40.4513043 ], [ -79.9476419, 40.4512817 ], [ -79.947853346663422, 40.451252987818123 ], [ -79.947883046833383, 40.451310687766181 ], [ -79.947807646933867, 40.451333387905528 ], [ -79.947629974380206, 40.45135751385007 ], [ -79.947639911484998, 40.451376853330515 ], [ -79.947713, 40.4513549 ], [ -79.947924446866097, 40.451326187690917 ] ] ], [ [ [ -79.946257, 40.4516778 ], [ -79.946468448443738, 40.451649090376748 ], [ -79.946501948635472, 40.451714190318178 ], [ -79.946395048777362, 40.451746190515721 ], [ -79.9461836, 40.451774899999982 ], [ -79.9461502, 40.45170980000001 ], [ -79.946257, 40.4516778 ] ] ], [ [ [ -79.946385527289692, 40.451922918914953 ], [ -79.946189127632735, 40.451981919391372 ], [ -79.9459116, 40.4520196 ], [ -79.9458843, 40.4519664 ], [ -79.9459174, 40.4519565 ], [ -79.9458804, 40.4518846 ], [ -79.9459679, 40.4518583 ], [ -79.946245426938546, 40.451820619246384 ], [ -79.946274465816842, 40.451877120125332 ], [ -79.946356227069728, 40.451866018982201 ], [ -79.946385527289692, 40.451922918914953 ] ] ], [ [ [ -79.947615250866093, 40.452560388312918 ], [ -79.947641151013613, 40.452610488267609 ], [ -79.947545351141812, 40.452639488444682 ], [ -79.9473339, 40.4526682 ], [ -79.947308, 40.4526181 ], [ -79.9474038, 40.4525891 ], [ -79.947615250866093, 40.452560388312918 ] ] ], [ [ [ -79.946769518040398, 40.452774242080082 ], [ -79.946800718123484, 40.452834442054503 ], [ -79.946702418185055, 40.452864142139653 ], [ -79.9466033, 40.4528776 ], [ -79.9465721, 40.4528175 ], [ -79.9466704, 40.4527877 ], [ -79.946769518040398, 40.452774242080082 ] ] ], [ [ [ -79.9456521, 40.453015 ], [ -79.94592830000002, 40.4529317 ], [ -79.946245478705407, 40.452888636407259 ], [ -79.946293379113925, 40.452981136281572 ], [ -79.946034879631569, 40.453059136998256 ], [ -79.946054412764781, 40.453096867738189 ], [ -79.946323479470024, 40.453060336204011 ], [ -79.946376079919233, 40.45316203606599 ], [ -79.946112580446851, 40.45324153679654 ], [ -79.9457954, 40.4532846 ], [ -79.945789443429049, 40.45327310111653 ], [ -79.945595, 40.4532995 ], [ -79.9454961, 40.4531083 ], [ -79.9455579, 40.4530897 ], [ -79.945682024003943, 40.45307284815474 ], [ -79.9456521, 40.453015 ] ] ], [ [ [ -79.946894631435796, 40.452990117751007 ], [ -79.946897169075186, 40.452995611558663 ], [ -79.947030431314985, 40.452977517423221 ], [ -79.947055251481771, 40.453031387958077 ], [ -79.947085231492693, 40.453027317294143 ], [ -79.947109631698225, 40.45308011723845 ], [ -79.947081131744042, 40.453087717307525 ], [ -79.947092731842162, 40.453112917281054 ], [ -79.946773632354336, 40.453197818054491 ], [ -79.9464961, 40.4532355 ], [ -79.946487371298304, 40.453216502238398 ], [ -79.9464594, 40.4532203 ], [ -79.9464074, 40.4531072 ], [ -79.9465055, 40.453081 ], [ -79.9464959, 40.45306 ], [ -79.9466171, 40.4530278 ], [ -79.946894631435796, 40.452990117751007 ] ] ], [ [ [ -79.946621908313062, 40.453457480740035 ], [ -79.946503608628959, 40.453493181177336 ], [ -79.946328361671817, 40.453516974871654 ], [ -79.946340791301893, 40.453541319135311 ], [ -79.946192091986049, 40.453585220097125 ], [ -79.945452, 40.4536857 ], [ -79.945451149996231, 40.453684035758599 ], [ -79.945406138229899, 40.453690146697767 ], [ -79.945324535221744, 40.453714621574512 ], [ -79.945047, 40.4537523 ], [ -79.945006375440968, 40.453673304054256 ], [ -79.944969535278673, 40.453684822427746 ], [ -79.945005935537566, 40.453752022343998 ], [ -79.945007935584826, 40.453763722339858 ], [ -79.945003035636859, 40.453775722352347 ], [ -79.944996535670697, 40.453783122368442 ], [ -79.944981935699545, 40.453788322403902 ], [ -79.944951872520619, 40.453792403744949 ], [ -79.944938435830537, 40.453814722510209 ], [ -79.944941635872254, 40.453825222503113 ], [ -79.944936535916113, 40.453835222515991 ], [ -79.944770036212219, 40.453886522919973 ], [ -79.9444925, 40.4539242 ], [ -79.944471, 40.4538822 ], [ -79.9444874, 40.4538773 ], [ -79.944482072657323, 40.453867000471035 ], [ -79.9444725, 40.4538683 ], [ -79.944436, 40.4537968 ], [ -79.9444508, 40.4537924 ], [ -79.944439699465647, 40.453770673313528 ], [ -79.9444314, 40.4537718 ], [ -79.9443975, 40.4537055 ], [ -79.944395733152049, 40.453681117499308 ], [ -79.944203674801855, 40.453735971655249 ], [ -79.944258535819344, 40.453728524142647 ], [ -79.944316436256358, 40.453841524009796 ], [ -79.944183236486907, 40.453881024332887 ], [ -79.9439057, 40.4539187 ], [ -79.943881507898027, 40.453871432357246 ], [ -79.943856700000012, 40.4538748 ], [ -79.9438248, 40.453812599999985 ], [ -79.943858959727095, 40.453802452703954 ], [ -79.9436494, 40.4538309 ], [ -79.943642905957134, 40.453817725050001 ], [ -79.943459485844144, 40.453871768312567 ], [ -79.943963223278189, 40.454092958657583 ], [ -79.9441466, 40.4540397 ], [ -79.944127, 40.4540007 ], [ -79.9442076, 40.453977299999977 ], [ -79.94441905646552, 40.453948594239264 ], [ -79.944488556874845, 40.454087294117897 ], [ -79.944169157289679, 40.454179994708113 ], [ -79.944017149364328, 40.454200629800383 ], [ -79.943954160997293, 40.454283631048256 ], [ -79.9430026, 40.4544128 ], [ -79.9421716, 40.4540479 ], [ -79.9422824, 40.4539019 ], [ -79.942680462159032, 40.453847868465438 ], [ -79.9426558, 40.4537994 ], [ -79.9432226, 40.453632399999982 ], [ -79.943601908862476, 40.453580910592756 ], [ -79.943768258276194, 40.453532352161567 ], [ -79.9437075, 40.4535406 ], [ -79.943703426850945, 40.453532837961504 ], [ -79.9436875, 40.453535 ], [ -79.943682478108272, 40.453525483781469 ], [ -79.943672355432525, 40.453528395590766 ], [ -79.943460900000019, 40.4535571 ], [ -79.9434346, 40.4535037 ], [ -79.943566238523005, 40.453465933225814 ], [ -79.9434965, 40.4534754 ], [ -79.943488245485426, 40.453459106596704 ], [ -79.943377070044775, 40.453474198198677 ], [ -79.943380166734514, 40.453484189542714 ], [ -79.943245067120202, 40.453508490289657 ], [ -79.9426107, 40.4535946 ], [ -79.942586919367272, 40.453517784786769 ], [ -79.9424763, 40.4535328 ], [ -79.942459392653276, 40.453478228327597 ], [ -79.942406665116494, 40.453618243374528 ], [ -79.9417756, 40.4537039 ], [ -79.941381, 40.4536173 ], [ -79.941446942564809, 40.45344201020594 ], [ -79.9411862, 40.4534774 ], [ -79.9404594, 40.4533192 ], [ -79.9404499, 40.4533005 ], [ -79.9406263, 40.452845600000011 ], [ -79.940640281125823, 40.452840972917947 ], [ -79.9405944, 40.4528472 ], [ -79.940572760205669, 40.452810252322166 ], [ -79.9404361, 40.4528288 ], [ -79.9403644, 40.4527065 ], [ -79.9404423, 40.4526799 ], [ -79.940550566899987, 40.452665205866019 ], [ -79.9405423, 40.4526511 ], [ -79.9406124, 40.4526271 ], [ -79.940677866759842, 40.452618214666302 ], [ -79.9406751, 40.4526135 ], [ -79.940753200000017, 40.4525868 ], [ -79.940852659959319, 40.452573300863641 ], [ -79.9408438, 40.4525582 ], [ -79.940929200000014, 40.452529 ], [ -79.941002280559104, 40.452519081074755 ], [ -79.9409921, 40.4525017 ], [ -79.941073, 40.452474100000018 ], [ -79.941168544277048, 40.45246113202203 ], [ -79.9411646, 40.4524544 ], [ -79.9412562, 40.4524231 ], [ -79.941303576603417, 40.452416669623645 ], [ -79.9414024, 40.452385 ], [ -79.941613852541479, 40.452356299315852 ], [ -79.941640652684256, 40.452404999268829 ], [ -79.941617452716486, 40.45241239931174 ], [ -79.941629652781273, 40.452434499290334 ], [ -79.941627752783887, 40.452435099293837 ], [ -79.941636852832573, 40.452451699277873 ], [ -79.941570675137527, 40.45247291612931 ], [ -79.941578816233616, 40.452486824293246 ], [ -79.941579516237212, 40.452487824291715 ], [ -79.94154191903489, 40.452500712538608 ], [ -79.941628952952584, 40.452488899294018 ], [ -79.941631552965106, 40.452493199289464 ], [ -79.941657553090579, 40.452536299243675 ], [ -79.941597553180102, 40.45255739935471 ], [ -79.941585054678583, 40.452559095794008 ], [ -79.941588153206368, 40.45256459937228 ], [ -79.941549253261627, 40.452577399444223 ], [ -79.9413378, 40.4526061 ], [ -79.941314423086581, 40.452564577847674 ], [ -79.94126675338164, 40.452580899962754 ], [ -79.941246536281213, 40.452583643996931 ], [ -79.941252616812307, 40.452594025047411 ], [ -79.941206514513794, 40.452609806988967 ], [ -79.94128245343407, 40.452599499934763 ], [ -79.941316353592981, 40.452654199874999 ], [ -79.941239453710082, 40.45268200001734 ], [ -79.941028, 40.4527107 ], [ -79.941014506194406, 40.45268882248071 ], [ -79.941006317314717, 40.452691625617788 ], [ -79.940940856657946, 40.452700510304361 ], [ -79.940946617417026, 40.45271032575576 ], [ -79.940922066156176, 40.452718719428162 ], [ -79.940975253904782, 40.452711500503447 ], [ -79.940997091870742, 40.452748790385947 ], [ -79.941579708371322, 40.452669712794979 ], [ -79.941767613621934, 40.452711265576788 ], [ -79.9417619, 40.4526976 ], [ -79.9418291, 40.4526812 ], [ -79.942040553308161, 40.452652498546072 ], [ -79.942059953446588, 40.45269889851253 ], [ -79.941992753524076, 40.452715298636576 ], [ -79.941864546005405, 40.4527327007632 ], [ -79.942124608941711, 40.452790209430788 ], [ -79.942116124366265, 40.45281265207236 ], [ -79.942734660355157, 40.452728692995279 ], [ -79.942759899677981, 40.452808175635134 ], [ -79.942865860817335, 40.452793792281746 ], [ -79.94289736171379, 40.452892692121551 ], [ -79.942787562031498, 40.452912892728669 ], [ -79.942838768055708, 40.453073973504488 ], [ -79.942947663226164, 40.45305919186687 ], [ -79.942978364100014, 40.45315559171074 ], [ -79.942869864413368, 40.453175492310663 ], [ -79.942896165163049, 40.453258192176932 ], [ -79.942763465547841, 40.45328269291069 ], [ -79.942520614111885, 40.453315657356271 ], [ -79.942480850422996, 40.453421248231791 ], [ -79.9425552, 40.4534079 ], [ -79.9425294, 40.4533248 ], [ -79.9426621, 40.4533009 ], [ -79.942874687599456, 40.453272043295847 ], [ -79.9428721, 40.4532637 ], [ -79.9430079, 40.4532393 ], [ -79.943290456713257, 40.453200944665369 ], [ -79.9433498, 40.4531844 ], [ -79.943530110541744, 40.453159923466551 ], [ -79.943571608839747, 40.453147531309057 ], [ -79.9434746, 40.4531607 ], [ -79.943473573694632, 40.453158674759671 ], [ -79.9432627, 40.453187300000025 ], [ -79.9432354, 40.4531303 ], [ -79.9433119, 40.453109 ], [ -79.943439615115579, 40.453091663166774 ], [ -79.9434371, 40.4530867 ], [ -79.943615972745249, 40.453033914833803 ], [ -79.943505319682032, 40.45304893575652 ], [ -79.943512554034228, 40.45306409586334 ], [ -79.94343615413068, 40.453085396004489 ], [ -79.9432247, 40.4531141 ], [ -79.9431975, 40.4530571 ], [ -79.9432739, 40.4530358 ], [ -79.943414499739575, 40.453016714145271 ], [ -79.943394600000019, 40.4529774 ], [ -79.943499130145199, 40.45294675151311 ], [ -79.9433868, 40.452962 ], [ -79.943379924941965, 40.452948407931963 ], [ -79.9433542, 40.4529519 ], [ -79.9433229, 40.4528901 ], [ -79.9433527, 40.4528813 ], [ -79.9433399, 40.4528561 ], [ -79.9433408, 40.4528558 ], [ -79.9435075, 40.4528065 ], [ -79.943785032098504, 40.452768825227025 ], [ -79.943838032503365, 40.452873425105508 ], [ -79.943733476708189, 40.452904063851811 ], [ -79.943845732563005, 40.452888825087825 ], [ -79.943886632874921, 40.452969424994052 ], [ -79.943726013688391, 40.453016916914088 ], [ -79.943906432959807, 40.452992424947695 ], [ -79.943943933246203, 40.453066424861696 ], [ -79.943830620781114, 40.453099863646607 ], [ -79.943925933339926, 40.453086924906252 ], [ -79.943983733772455, 40.453198824773587 ], [ -79.943832934034575, 40.453243825139374 ], [ -79.943783891740694, 40.453250482614521 ], [ -79.943791384244946, 40.453274580026338 ], [ -79.943861034108252, 40.453265125072939 ], [ -79.943863420906908, 40.453269863786232 ], [ -79.944025033954162, 40.453247924676958 ], [ -79.944075934343587, 40.453348524560248 ], [ -79.944028933308999, 40.453362411789172 ], [ -79.94406493438629, 40.453357524587254 ], [ -79.944114334747951, 40.45345122447376 ], [ -79.944066399951268, 40.453466013016055 ], [ -79.944356809868154, 40.453426589049883 ], [ -79.944400410379103, 40.453513188897574 ], [ -79.944248810774127, 40.453557389457856 ], [ -79.94425491084553, 40.453569489436546 ], [ -79.944126411180591, 40.453606989911478 ], [ -79.944021184815995, 40.453621274518781 ], [ -79.944000211406333, 40.453627390376433 ], [ -79.943904824276743, 40.453640339188127 ], [ -79.943911085836106, 40.453652644735499 ], [ -79.943941025170986, 40.453648580476198 ], [ -79.9440068, 40.4536298 ], [ -79.944429710728784, 40.453572388795315 ], [ -79.944445153081105, 40.453603706061067 ], [ -79.9444667, 40.4535948 ], [ -79.9445007, 40.4535888 ], [ -79.944778234823829, 40.453551122880661 ], [ -79.944813134820578, 40.453554622796815 ], [ -79.944843834849607, 40.453565422723521 ], [ -79.944871134903039, 40.453581722658726 ], [ -79.944883347125455, 40.453592521836327 ], [ -79.944971734847087, 40.45358052241636 ], [ -79.944993935030652, 40.45362772236566 ], [ -79.944988735039061, 40.453629122378253 ], [ -79.94499713505337, 40.453633622358289 ], [ -79.944997201793939, 40.453633690210815 ], [ -79.9451182, 40.4535974 ], [ -79.945188368217686, 40.453587873899437 ], [ -79.9451367, 40.4534875 ], [ -79.9452796, 40.45344450000001 ], [ -79.945325617797749, 40.453438252505435 ], [ -79.945307, 40.4534018 ], [ -79.9454557, 40.4533578 ], [ -79.946195788372322, 40.453257320022459 ], [ -79.946204773331274, 40.453274917811932 ], [ -79.946381807199245, 40.453250881602827 ], [ -79.946387043776937, 40.453260993484449 ], [ -79.946511607056237, 40.453244081125902 ], [ -79.946621908313062, 40.453457480740035 ] ], [ [ -79.940719499332673, 40.452763252030223 ], [ -79.940724756189823, 40.452762538552747 ], [ -79.940720617669427, 40.452755471688505 ], [ -79.940715353453939, 40.452756186164571 ], [ -79.940719499332673, 40.452763252030223 ] ], [ [ -79.942065686685211, 40.45316566730984 ], [ -79.942027750852532, 40.453046408844102 ], [ -79.941978173226531, 40.453177545852171 ], [ -79.942065686685211, 40.45316566730984 ] ] ], [ [ [ -79.947061527451766, 40.453790044643078 ], [ -79.947064827461162, 40.453796444640183 ], [ -79.946966527526854, 40.453826144731025 ], [ -79.9468608, 40.4538405 ], [ -79.9468208, 40.4537638 ], [ -79.9468295, 40.45376120000001 ], [ -79.946766039693273, 40.453639518324252 ], [ -79.9467566, 40.4536408 ], [ -79.9467174, 40.4535656 ], [ -79.9468149, 40.4535362 ], [ -79.946859386320952, 40.453530159822435 ], [ -79.9471112, 40.4534541 ], [ -79.9471078, 40.4534476 ], [ -79.9472065, 40.4534178 ], [ -79.947312226795503, 40.453403444404486 ], [ -79.947351226905411, 40.453478144370365 ], [ -79.947343026910929, 40.453480644377947 ], [ -79.947407651716375, 40.453604549420632 ], [ -79.947416527089644, 40.45360334431323 ], [ -79.947455627200014, 40.45367834427902 ], [ -79.94735852726501, 40.453707744368749 ], [ -79.947252800000015, 40.4537221 ], [ -79.947250671565072, 40.453717972126313 ], [ -79.947235, 40.4537201 ], [ -79.947177926046137, 40.453610693646887 ], [ -79.947153927163328, 40.453617944554473 ], [ -79.947218927346682, 40.453742544497601 ], [ -79.947061527451766, 40.453790044643078 ] ] ], [ [ [ -79.945968456974725, 40.454300791411804 ], [ -79.945800457196839, 40.45435079172232 ], [ -79.945589, 40.4543795 ], [ -79.9453907, 40.4539936 ], [ -79.9455587, 40.453943599999988 ], [ -79.945702247481975, 40.453924111362078 ], [ -79.9457436, 40.4539128 ], [ -79.94579460970705, 40.453905874631772 ], [ -79.9457847, 40.4538868 ], [ -79.945875, 40.4538594 ], [ -79.945954461834802, 40.45384861169584 ], [ -79.9459509, 40.4538416 ], [ -79.946069, 40.453806899999989 ], [ -79.94645849460818, 40.45375401816306 ], [ -79.9464788, 40.453747899999989 ], [ -79.946756334477797, 40.45371021812597 ], [ -79.946822234966888, 40.453836817974619 ], [ -79.946692035194687, 40.453876018290472 ], [ -79.946684077128239, 40.453877098788737 ], [ -79.94676298381134, 40.454034735059146 ], [ -79.946647784035605, 40.454068135378435 ], [ -79.94661768782619, 40.454072221632373 ], [ -79.946532812404968, 40.454097181123743 ], [ -79.94610990000001, 40.4541546 ], [ -79.946083220540473, 40.454102080271966 ], [ -79.946013336554827, 40.454122219939364 ], [ -79.945885605943545, 40.45413956151689 ], [ -79.945968456974725, 40.454300791411804 ] ] ], [ [ [ -79.947079719713315, 40.45394734183764 ], [ -79.947166519683151, 40.453937541762791 ], [ -79.947179719782028, 40.454006241752865 ], [ -79.9470806, 40.454019700000018 ], [ -79.9469938, 40.4540295 ], [ -79.9469806, 40.4539608 ], [ -79.947079719713315, 40.45394734183764 ] ] ], [ [ [ -79.948052755374349, 40.454047887576031 ], [ -79.948065355488353, 40.454085687554588 ], [ -79.948081455635261, 40.454134387527205 ], [ -79.948127455600826, 40.454129087442553 ], [ -79.948161055871822, 40.454219387384896 ], [ -79.947964856046028, 40.454250687746288 ], [ -79.9477534, 40.4542794 ], [ -79.9477251, 40.4541892 ], [ -79.9477636, 40.4541837 ], [ -79.947746, 40.4541328 ], [ -79.9477332, 40.4540953 ], [ -79.9478413, 40.4540766 ], [ -79.948052755374349, 40.454047887576031 ] ] ], [ [ [ -79.946141428901726, 40.454599245505172 ], [ -79.946064706974923, 40.454609661820562 ], [ -79.946078928974174, 40.454637645563373 ], [ -79.945877529106312, 40.454696945749454 ], [ -79.9457718, 40.4547113 ], [ -79.945770300001513, 40.454708358103971 ], [ -79.94566553927271, 40.454738020812876 ], [ -79.945388, 40.4547757 ], [ -79.9452677, 40.4545296 ], [ -79.9454178, 40.4544871 ], [ -79.945695338066471, 40.454449420724281 ], [ -79.945715248559679, 40.454490151760695 ], [ -79.9458681, 40.454445200000016 ], [ -79.945973828669324, 40.454430845655217 ], [ -79.946004801790906, 40.454491789848909 ], [ -79.9460856, 40.4544677 ], [ -79.9460757, 40.4544484 ], [ -79.9461949, 40.4544129 ], [ -79.946278143969963, 40.454401598069808 ], [ -79.946239593778216, 40.454307814692982 ], [ -79.9462316, 40.4543089 ], [ -79.9462032, 40.4542401 ], [ -79.9464427, 40.454183 ], [ -79.947129932181213, 40.454089691554749 ], [ -79.947131892758378, 40.454094469149425 ], [ -79.947440331412366, 40.454052589698321 ], [ -79.947479812741349, 40.454148518084807 ], [ -79.947582727892737, 40.454134544172504 ], [ -79.947625228106205, 40.454275544136642 ], [ -79.947483639445224, 40.454300231542128 ], [ -79.947484033898135, 40.454301189473512 ], [ -79.947065335441692, 40.454400791984817 ], [ -79.9463781, 40.4544941 ], [ -79.946355937871871, 40.4544402387668 ], [ -79.946324119633672, 40.454444558716297 ], [ -79.946368528751435, 40.45453154529531 ], [ -79.946141428901726, 40.454599245505172 ] ] ], [ [ [ -79.947694328709503, 40.454667744081931 ], [ -79.947749328974822, 40.454843244035352 ], [ -79.947461829112257, 40.45489534430029 ], [ -79.9473561, 40.4549097 ], [ -79.947310917527673, 40.454765135489872 ], [ -79.947288228947528, 40.454769244456763 ], [ -79.9471825, 40.454783599999985 ], [ -79.9471124, 40.4545586 ], [ -79.9474479, 40.4544979 ], [ -79.947553628447068, 40.454483544206944 ], [ -79.947614669567685, 40.454678560265464 ], [ -79.947694328709503, 40.454667744081931 ] ] ], [ [ [ -79.944598106831663, 40.438180193210243 ], [ -79.944550307029843, 40.438237393300469 ], [ -79.9443389, 40.4382661 ], [ -79.9442725, 40.4382339 ], [ -79.9443203, 40.4381767 ], [ -79.944531706756109, 40.438147993330617 ], [ -79.944598106831663, 40.438180193210243 ] ] ], [ [ [ -79.9433336, 40.4439619 ], [ -79.943171151978916, 40.443927586902234 ], [ -79.943153010510514, 40.443975989857016 ], [ -79.943204110570377, 40.443986989481061 ], [ -79.94317361162004, 40.444066089720828 ], [ -79.9423213, 40.4441818 ], [ -79.94222292950947, 40.444159454182952 ], [ -79.9417401, 40.444225 ], [ -79.9414055, 40.4441505 ], [ -79.941412533314974, 40.444132412141272 ], [ -79.9410244, 40.4441851 ], [ -79.940684733826615, 40.444117648652963 ], [ -79.940621, 40.4441263 ], [ -79.9392992, 40.4438324 ], [ -79.9393078, 40.4438063 ], [ -79.9390972, 40.4437626 ], [ -79.9389301, 40.4437279 ], [ -79.939044100000018, 40.4434219 ], [ -79.939759311369087, 40.443324822684261 ], [ -79.940028396276119, 40.443382323263279 ], [ -79.940188771431593, 40.443360554155021 ], [ -79.94131947248718, 40.44361184799768 ], [ -79.941310972706148, 40.443634148047181 ], [ -79.941295773099768, 40.443674248135736 ], [ -79.941291973192321, 40.443683648157787 ], [ -79.941376212953031, 40.443672212701927 ], [ -79.941754700323884, 40.443764083267986 ], [ -79.9417729, 40.4437181 ], [ -79.9417179, 40.443705799999989 ], [ -79.9413846, 40.4436321 ], [ -79.9414525, 40.4434477 ], [ -79.941517482127608, 40.443271673723054 ], [ -79.9414753, 40.4432774 ], [ -79.9414358, 40.4432761 ], [ -79.941398, 40.4432563 ], [ -79.9413829, 40.443229 ], [ -79.9413891, 40.4431956 ], [ -79.9414194, 40.4431676 ], [ -79.9414658, 40.4431597 ], [ -79.941513842687201, 40.443153178134864 ], [ -79.9415503, 40.443054099999976 ], [ -79.9414842, 40.4430372 ], [ -79.9415823, 40.4427693 ], [ -79.942434594873333, 40.442653594932906 ], [ -79.943084895711635, 40.442799590149747 ], [ -79.943045408398234, 40.442903957146108 ], [ -79.943353796085233, 40.442862088172269 ], [ -79.943379370210693, 40.442867798116303 ], [ -79.943398596054806, 40.442865187841512 ], [ -79.94355329624112, 40.442898886703446 ], [ -79.943612396308822, 40.442911486268628 ], [ -79.943587897115975, 40.4429721864607 ], [ -79.943581697322017, 40.442987686509348 ], [ -79.943524552278078, 40.44299544510605 ], [ -79.943471003223209, 40.443135933727135 ], [ -79.943518207867768, 40.443129524780403 ], [ -79.943563, 40.4431096 ], [ -79.943880133760103, 40.44306654226267 ], [ -79.943936533694, 40.443059442106978 ], [ -79.944000633678598, 40.443064041930889 ], [ -79.944053833741123, 40.443083841785842 ], [ -79.944096133925953, 40.44312824167239 ], [ -79.944111634181908, 40.443184441633456 ], [ -79.944104234294159, 40.443207341655352 ], [ -79.944273534361628, 40.443242441191828 ], [ -79.944068237087976, 40.443795541793634 ], [ -79.9437511, 40.4438386 ], [ -79.943745359941175, 40.443837376906757 ], [ -79.943729237723147, 40.443888642732738 ], [ -79.943656833348825, 40.443898473037358 ], [ -79.943650737910957, 40.443918842950772 ], [ -79.9433336, 40.4439619 ] ], [ [ -79.943469179018166, 40.443792944086674 ], [ -79.943469179018166, 40.443792944086667 ], [ -79.943469179018166, 40.443792944086667 ], [ -79.943469179018166, 40.443792944086674 ], [ -79.943469179018166, 40.443792944086674 ] ] ], [ [ [ -79.9435049, 40.4447948 ], [ -79.9435208, 40.444775 ], [ -79.943732227800282, 40.444746295090511 ], [ -79.943810427870375, 40.444778194948455 ], [ -79.943799027936052, 40.444797694970248 ], [ -79.9435876, 40.4448264 ], [ -79.9435049, 40.4447948 ] ] ], [ [ [ -79.944379829846298, 40.445065625689402 ], [ -79.944531030300809, 40.445116324451227 ], [ -79.944367634455901, 40.445390025854948 ], [ -79.944401834549268, 40.445400825574765 ], [ -79.944352335802165, 40.445483325999938 ], [ -79.944227644732067, 40.445500255462541 ], [ -79.944174337603556, 40.445588827490575 ], [ -79.94419383767152, 40.44559602733105 ], [ -79.94418293793656, 40.445613427424497 ], [ -79.944159148278999, 40.445616657344281 ], [ -79.944094139708938, 40.445727828180509 ], [ -79.94406541598859, 40.44573172796683 ], [ -79.944021440952653, 40.44580682879652 ], [ -79.94307, 40.445936 ], [ -79.943001607470109, 40.445912806054338 ], [ -79.9428698, 40.4459307 ], [ -79.942816133987506, 40.44591415910719 ], [ -79.9427186, 40.4459274 ], [ -79.9425953, 40.4458853 ], [ -79.9426489, 40.445794300000017 ], [ -79.9426307, 40.4457882 ], [ -79.9426365, 40.4457775 ], [ -79.942648686480482, 40.445775845613213 ], [ -79.9426802, 40.4457167 ], [ -79.943075257907893, 40.445663067647516 ], [ -79.9431108, 40.4456009 ], [ -79.9430832, 40.4455915 ], [ -79.9431249, 40.4455216 ], [ -79.9431171, 40.4455187 ], [ -79.9431088, 40.4455024 ], [ -79.943113, 40.4454947 ], [ -79.942928148796156, 40.445425965674175 ], [ -79.9428837, 40.445432 ], [ -79.9428433, 40.445418400000015 ], [ -79.9429113, 40.4453053 ], [ -79.943017812225861, 40.445290839915842 ], [ -79.9430519, 40.4452291 ], [ -79.943378672367814, 40.445184736633671 ], [ -79.943398, 40.4451518 ], [ -79.9430589, 40.4450358 ], [ -79.9431218, 40.444930400000011 ], [ -79.943419121198474, 40.444890034648992 ], [ -79.943502203136774, 40.444918303522051 ], [ -79.943792920946109, 40.444878833683894 ], [ -79.943826639558438, 40.444890116607937 ], [ -79.943850820950033, 40.444886833535023 ], [ -79.943861720962246, 40.444890933507153 ], [ -79.943871020972665, 40.444894433483377 ], [ -79.943865121015648, 40.444903433499157 ], [ -79.943871421021527, 40.444905533483045 ], [ -79.943859621114981, 40.444925233514716 ], [ -79.943909021164217, 40.444942433388334 ], [ -79.943852621624458, 40.445039633539913 ], [ -79.943940321707231, 40.445069133315506 ], [ -79.943934678027674, 40.445078937089711 ], [ -79.944349429290895, 40.445022625931756 ], [ -79.944395129433587, 40.445038325557597 ], [ -79.944379829846298, 40.445065625689402 ] ] ], [ [ [ -79.944324604954275, 40.446256723547783 ], [ -79.94434200494419, 40.446256423505879 ], [ -79.944343305197691, 40.446318023506329 ], [ -79.9440658, 40.4463557 ], [ -79.9439352, 40.44635730000001 ], [ -79.9439327, 40.4462389 ], [ -79.943962616509353, 40.44623483833918 ], [ -79.943962, 40.4462078 ], [ -79.944239504640095, 40.446170123747656 ], [ -79.944322804593355, 40.446169023546993 ], [ -79.944324604954275, 40.446256723547783 ] ] ], [ [ [ -79.9434453, 40.4463489 ], [ -79.9434437, 40.446272599999986 ], [ -79.94350234417027, 40.446264638336757 ], [ -79.9435015, 40.4462253 ], [ -79.943779004945569, 40.446187624857565 ], [ -79.943885904886059, 40.446186324600077 ], [ -79.943888505391371, 40.446309124600972 ], [ -79.943611, 40.4463468 ], [ -79.9434453, 40.4463489 ] ] ], [ [ [ -79.943920505738618, 40.446397224529058 ], [ -79.943922606131139, 40.446492624529562 ], [ -79.9436451, 40.4465303 ], [ -79.9435331, 40.4465317 ], [ -79.9435326, 40.4465073 ], [ -79.9434179, 40.4465087 ], [ -79.9434168, 40.4464556 ], [ -79.94353836471835, 40.446439096146406 ], [ -79.9435383, 40.4464362 ], [ -79.94381580579703, 40.446398524781259 ], [ -79.943920505738618, 40.446397224529058 ] ] ], [ [ [ -79.944271905995038, 40.446502523689013 ], [ -79.944345005954304, 40.44650162351293 ], [ -79.944346706298759, 40.446585323513723 ], [ -79.944358406292423, 40.446585223485556 ], [ -79.944359706550429, 40.446647923486076 ], [ -79.9440822, 40.4466856 ], [ -79.9439593, 40.446687099999984 ], [ -79.9439579, 40.4466184 ], [ -79.943995904048222, 40.446613240344213 ], [ -79.9439944, 40.4465402 ], [ -79.944271905995038, 40.446502523689013 ] ] ], [ [ [ -79.943661400000011, 40.4467163 ], [ -79.9434298, 40.4467191 ], [ -79.943429638272065, 40.446711569546622 ], [ -79.9432681, 40.4467335 ], [ -79.943078912741086, 40.446738901499856 ], [ -79.943093809096638, 40.447053481216976 ], [ -79.94310593092419, 40.44705183559222 ], [ -79.943180330878491, 40.447050635400203 ], [ -79.943583530631372, 40.44704423435951 ], [ -79.943585098891205, 40.447082956603353 ], [ -79.943693608621928, 40.447068225114577 ], [ -79.943959008473882, 40.447064924475278 ], [ -79.943960508771397, 40.447137224475902 ], [ -79.943683, 40.4471749 ], [ -79.943500521751503, 40.447177169011333 ], [ -79.9432911, 40.4472056 ], [ -79.9428119, 40.447212499999978 ], [ -79.9428116, 40.4472077 ], [ -79.9427735, 40.447208 ], [ -79.9427731, 40.4471378 ], [ -79.94280913563172, 40.447132908011262 ], [ -79.942808696014865, 40.447099497129642 ], [ -79.942777, 40.4471038 ], [ -79.942604, 40.447108900000018 ], [ -79.9426029, 40.4470291 ], [ -79.9425936, 40.447024 ], [ -79.9425876, 40.4470175 ], [ -79.942583, 40.447009399999985 ], [ -79.9425808, 40.4470013 ], [ -79.9425796, 40.4469921 ], [ -79.9425814, 40.4469834 ], [ -79.9425875, 40.446976 ], [ -79.942596100000017, 40.4469698 ], [ -79.9425957, 40.4468801 ], [ -79.9425859, 40.4468757 ], [ -79.9425795, 40.446870799999985 ], [ -79.9425754, 40.4468659 ], [ -79.9425727, 40.4468587 ], [ -79.942572, 40.4468524 ], [ -79.9425732, 40.4468441 ], [ -79.9425775, 40.44683460000001 ], [ -79.942583, 40.4468273 ], [ -79.9425892, 40.446823 ], [ -79.9425872, 40.44674 ], [ -79.942788520197738, 40.44671266993749 ], [ -79.9427885, 40.4467123 ], [ -79.9427492, 40.446713 ], [ -79.9427459, 40.4466335 ], [ -79.942787437833701, 40.446627861026521 ], [ -79.942792, 40.4466257 ], [ -79.943089328871039, 40.446585335605874 ], [ -79.943559528565018, 40.446573834392005 ], [ -79.943560840869296, 40.446600367299048 ], [ -79.943838106463161, 40.446562724737149 ], [ -79.943936406408426, 40.44656152450036 ], [ -79.943938906890281, 40.446678624501153 ], [ -79.943661400000011, 40.4467163 ] ] ], [ [ [ -79.943719707394507, 40.446773925034556 ], [ -79.943948207267184, 40.446771124484137 ], [ -79.94394843099569, 40.446781519296955 ], [ -79.943991889646455, 40.446775619110241 ], [ -79.9439905, 40.4467066 ], [ -79.944268006683544, 40.44666892370811 ], [ -79.944366506628683, 40.446667723470853 ], [ -79.944367906913882, 40.44673702347152 ], [ -79.944348855378337, 40.446739610081032 ], [ -79.944350307216141, 40.446808123518053 ], [ -79.9440728, 40.4468458 ], [ -79.943949848579265, 40.446847382641685 ], [ -79.94394990759227, 40.446850124484669 ], [ -79.9436724, 40.4468878 ], [ -79.9435342, 40.4468895 ], [ -79.9435334, 40.4468499 ], [ -79.943443, 40.446851 ], [ -79.9434422, 40.4468116 ], [ -79.943719707394507, 40.446773925034556 ] ] ], [ [ [ -79.9439916, 40.4468895 ], [ -79.944203034265016, 40.446860794320713 ], [ -79.944300334223669, 40.446859594142154 ], [ -79.944302534549422, 40.446963494142729 ], [ -79.9440911, 40.4469922 ], [ -79.9439938, 40.4469934 ], [ -79.9439916, 40.4468895 ] ] ], [ [ [ -79.944212434772808, 40.447023494310699 ], [ -79.944320234726788, 40.447022094112853 ], [ -79.944322135011163, 40.447112794113409 ], [ -79.9441107, 40.4471415 ], [ -79.9440029, 40.4471428 ], [ -79.944001, 40.447052199999987 ], [ -79.944212434772808, 40.447023494310699 ] ] ], [ [ [ -79.944729817330199, 40.447711076240189 ], [ -79.9447046, 40.447714499999989 ], [ -79.944648182411356, 40.447656182072905 ], [ -79.9445906, 40.447664 ], [ -79.9444718, 40.4476731 ], [ -79.9444697, 40.4476416 ], [ -79.9444163, 40.4476447 ], [ -79.9444091, 40.4475779 ], [ -79.944458903016681, 40.447571138349275 ], [ -79.9444553, 40.4475424 ], [ -79.944665379058208, 40.447513877749877 ], [ -79.9446574, 40.4475054 ], [ -79.9446822, 40.4474911 ], [ -79.9447054, 40.4474778 ], [ -79.944751193475881, 40.447471582585706 ], [ -79.9447586, 40.4474676 ], [ -79.944922767164485, 40.447445310730572 ], [ -79.9450237, 40.4473911 ], [ -79.945235135443326, 40.447362392449399 ], [ -79.945329935723933, 40.447463292279934 ], [ -79.945106436194024, 40.447585392695423 ], [ -79.945148736311936, 40.447628092619702 ], [ -79.945103636406358, 40.447652592703548 ], [ -79.945116036440865, 40.447665092681326 ], [ -79.94507353653178, 40.447688792760374 ], [ -79.945024793235362, 40.447695410789969 ], [ -79.945018336584525, 40.447698792862099 ], [ -79.9448069, 40.4477275 ], [ -79.944805868745206, 40.447726581245988 ], [ -79.9447527, 40.4477338 ], [ -79.944729817330199, 40.447711076240189 ] ] ], [ [ [ -79.944917237369822, 40.447936193058133 ], [ -79.944916497375431, 40.44797517261906 ], [ -79.945029037401156, 40.447959892854058 ], [ -79.945075240253843, 40.447960405272674 ], [ -79.9450573, 40.4478225 ], [ -79.945268736786488, 40.447793792406905 ], [ -79.945432636684231, 40.447781392105639 ], [ -79.945460737354907, 40.4479981920637 ], [ -79.9452493, 40.4480269 ], [ -79.945144851911024, 40.448034806964522 ], [ -79.945144637627834, 40.448046192645791 ], [ -79.9449332, 40.4480749 ], [ -79.944816, 40.4480736 ], [ -79.944816549286131, 40.44804441921238 ], [ -79.944704, 40.4480597 ], [ -79.944508521481566, 40.448057502883714 ], [ -79.944165938432818, 40.448104013980718 ], [ -79.944168956597736, 40.448119596038708 ], [ -79.94422715647282, 40.448114995676775 ], [ -79.944244657508079, 40.44821449558313 ], [ -79.944182444561761, 40.448222941892155 ], [ -79.944165557882542, 40.448239996077895 ], [ -79.9434503, 40.4483371 ], [ -79.9433698, 40.4483402 ], [ -79.9433524, 40.4483248 ], [ -79.9432969, 40.4483295 ], [ -79.943284, 40.4482289 ], [ -79.943339988129139, 40.448221299251429 ], [ -79.943336300000013, 40.4481799 ], [ -79.9430239, 40.4481973 ], [ -79.9430131, 40.4481197 ], [ -79.942787800000019, 40.4481309 ], [ -79.9427797, 40.4480901 ], [ -79.9427624, 40.4480911 ], [ -79.9427435, 40.4479268 ], [ -79.942764845295216, 40.447923902330913 ], [ -79.9427569, 40.4478778 ], [ -79.943157967411423, 40.44782335345414 ], [ -79.9431539, 40.4477896 ], [ -79.943320080901074, 40.44776703981978 ], [ -79.9432974, 40.4475615 ], [ -79.9433322, 40.4475426 ], [ -79.9433228, 40.4474732 ], [ -79.944038048862183, 40.447376096739369 ], [ -79.944303648325018, 40.447358195088235 ], [ -79.94431104902678, 40.44742509505236 ], [ -79.944352549200161, 40.447446494797994 ], [ -79.94435754965194, 40.447489594773451 ], [ -79.944366850478815, 40.447568494727584 ], [ -79.944376751366605, 40.447653194678871 ], [ -79.944349351678852, 40.447679194852824 ], [ -79.944281290223898, 40.447688435324629 ], [ -79.94428355209017, 40.447709795265823 ], [ -79.944661051326079, 40.447684292919021 ], [ -79.944675152311518, 40.447778692845681 ], [ -79.944683852294844, 40.447778192791617 ], [ -79.944696828194779, 40.447894904583926 ], [ -79.944829837278448, 40.447896393216716 ], [ -79.944829037400737, 40.447935193219919 ], [ -79.944917237369822, 40.447936193058133 ] ] ], [ [ [ -79.94361652657139, 40.448702339063836 ], [ -79.943638140634107, 40.448817495444118 ], [ -79.9434267, 40.4488462 ], [ -79.9433436, 40.4488553 ], [ -79.9433189, 40.4487237 ], [ -79.943530340290593, 40.448694995636465 ], [ -79.94354043620821, 40.44869389005062 ], [ -79.9435381, 40.4486779 ], [ -79.943465300000014, 40.4486842 ], [ -79.9434504, 40.4485829 ], [ -79.943661839797201, 40.44855419538893 ], [ -79.943767439727836, 40.448545095194781 ], [ -79.943771315587142, 40.448571243784038 ], [ -79.943891739710651, 40.448554894967145 ], [ -79.944030539619362, 40.448542894711942 ], [ -79.944035939731407, 40.448579194703669 ], [ -79.944198639624588, 40.448565194404516 ], [ -79.944237740441977, 40.448829994344543 ], [ -79.944056647255366, 40.448854580010057 ], [ -79.944058840635194, 40.448869494674561 ], [ -79.9438474, 40.4488982 ], [ -79.9437049, 40.4489105 ], [ -79.9436933, 40.4488323 ], [ -79.943777896127798, 40.448820815325185 ], [ -79.943770400958527, 40.448770116928536 ], [ -79.943757704409649, 40.448684235493175 ], [ -79.9436379, 40.4487005 ], [ -79.94361652657139, 40.448702339063836 ] ] ], [ [ [ -79.944964814935517, 40.448754522151738 ], [ -79.944976300439052, 40.448784511745167 ], [ -79.945012315014992, 40.448779622038828 ], [ -79.945030637384477, 40.448827468524719 ], [ -79.945061915169759, 40.448823221921906 ], [ -79.94507094275879, 40.448846760266889 ], [ -79.945214115109565, 40.44882732155564 ], [ -79.945241515391103, 40.448898921493829 ], [ -79.945031715690931, 40.448945822001782 ], [ -79.945048315861598, 40.448989221964325 ], [ -79.945057415954366, 40.449012821943782 ], [ -79.945000416036066, 40.449025622081813 ], [ -79.9447229, 40.4490633 ], [ -79.94471470000002, 40.4490419 ], [ -79.944697369054595, 40.448996636735622 ], [ -79.9446505, 40.449003 ], [ -79.944579, 40.4488164 ], [ -79.9446873, 40.4487922 ], [ -79.944964814935517, 40.448754522151738 ] ] ], [ [ [ -79.945524450801059, 40.44895565253352 ], [ -79.9455142, 40.4489495 ], [ -79.9455902, 40.4488761 ], [ -79.945801639892878, 40.448847391475923 ], [ -79.945901940043399, 40.448907591294571 ], [ -79.945825940303493, 40.448980991437267 ], [ -79.9456145, 40.4490097 ], [ -79.945573643077154, 40.448985177722662 ], [ -79.945577540439317, 40.448993691893584 ], [ -79.945501740532407, 40.449013992033557 ], [ -79.9452903, 40.4490427 ], [ -79.9452707, 40.4490002 ], [ -79.9453466, 40.448979799999982 ], [ -79.945524450801059, 40.44895565253352 ] ] ], [ [ [ -79.944375087463015, 40.449005404651189 ], [ -79.944390416253128, 40.449003323549483 ], [ -79.944415016464305, 40.44905752349338 ], [ -79.944339916584894, 40.449077523675413 ], [ -79.944354016705233, 40.449108423643253 ], [ -79.944254116865608, 40.44913502388539 ], [ -79.9439766, 40.4491727 ], [ -79.943913, 40.4490334 ], [ -79.944014, 40.4490065 ], [ -79.9439976, 40.4489706 ], [ -79.9440573, 40.4489547 ], [ -79.944334815925203, 40.448917023678334 ], [ -79.944375087463015, 40.449005404651189 ] ] ], [ [ [ -79.943427694846079, 40.449076565479523 ], [ -79.9432094, 40.4491062 ], [ -79.9429739, 40.4491314 ], [ -79.9429605, 40.4491297 ], [ -79.9429515, 40.4491242 ], [ -79.942943700000015, 40.4491167 ], [ -79.9429403, 40.4491078 ], [ -79.942942500000015, 40.449098199999987 ], [ -79.9429474, 40.4490906 ], [ -79.9429566, 40.4490853 ], [ -79.9429701, 40.449080800000019 ], [ -79.9429541, 40.4489943 ], [ -79.942968464829391, 40.448992349951588 ], [ -79.9429823, 40.4489824 ], [ -79.9429997, 40.4489788 ], [ -79.943277216560446, 40.448941126226607 ], [ -79.94329601655339, 40.448941726181367 ], [ -79.943314116569397, 40.448947826138131 ], [ -79.943389916497594, 40.448939725955121 ], [ -79.9433997167109, 40.448992625934601 ], [ -79.943425716686178, 40.448989825871827 ], [ -79.943426118353614, 40.448991983353366 ], [ -79.943511113038937, 40.448980444803603 ], [ -79.943583313014102, 40.448972444741344 ], [ -79.943607913200623, 40.449102044722892 ], [ -79.9435088, 40.4491155 ], [ -79.9434366, 40.4491234 ], [ -79.9434296, 40.4490866 ], [ -79.943427694846079, 40.449076565479523 ] ] ], [ [ [ -79.94387064152049, 40.449127995031333 ], [ -79.943894341770388, 40.44921039499151 ], [ -79.943798641857626, 40.44922639516782 ], [ -79.9435872, 40.4492551 ], [ -79.9435635, 40.4491727 ], [ -79.9436592, 40.4491567 ], [ -79.94387064152049, 40.449127995031333 ] ] ], [ [ [ -79.944285217316533, 40.449248123817092 ], [ -79.9440077, 40.4492858 ], [ -79.944003187528182, 40.449273205490265 ], [ -79.9439141, 40.4492853 ], [ -79.9438914, 40.4492221 ], [ -79.9439678, 40.4492061 ], [ -79.944021744650101, 40.449198776455596 ], [ -79.9440154, 40.449181 ], [ -79.9441834, 40.4491458 ], [ -79.944460916649845, 40.449108123385805 ], [ -79.944495317028114, 40.44920402330856 ], [ -79.944285217316533, 40.449248123817092 ] ] ], [ [ [ -79.9447967, 40.449391 ], [ -79.9447665, 40.4493276 ], [ -79.9449854, 40.4492779 ], [ -79.9450688, 40.4492299 ], [ -79.945280241206433, 40.449201192448278 ], [ -79.945335241378544, 40.449262692350104 ], [ -79.945253741564059, 40.449311692501787 ], [ -79.945008141817951, 40.449362292954667 ], [ -79.9447967, 40.449391 ] ] ], [ [ [ -79.944528217242919, 40.449260123232591 ], [ -79.944568217700493, 40.44937592314303 ], [ -79.944399117926849, 40.44941002355224 ], [ -79.9441216, 40.4494477 ], [ -79.9440816, 40.4493319 ], [ -79.9442507, 40.449297799999989 ], [ -79.944528217242919, 40.449260123232591 ] ] ], [ [ [ -79.945329041850314, 40.449411992368084 ], [ -79.945283642037609, 40.44946599245381 ], [ -79.9450722, 40.44949470000001 ], [ -79.945070589811849, 40.449493910290862 ], [ -79.9448114, 40.4495291 ], [ -79.9447695, 40.449434099999984 ], [ -79.9449064, 40.4493988 ], [ -79.945183917327412, 40.449361121659472 ], [ -79.945192784761105, 40.449381247807395 ], [ -79.94525064175923, 40.449373392510232 ], [ -79.945329041850314, 40.449411992368084 ] ] ], [ [ [ -79.943938642223287, 40.449359894916867 ], [ -79.943966642512393, 40.449455294869743 ], [ -79.943893542580241, 40.449467895004425 ], [ -79.9436821, 40.449496599999989 ], [ -79.9436541, 40.4494012 ], [ -79.9437272, 40.4493886 ], [ -79.943938642223287, 40.449359894916867 ] ] ], [ [ [ -79.945668041610645, 40.449377391744548 ], [ -79.945851241881002, 40.449485891413254 ], [ -79.945787942103507, 40.449548891532174 ], [ -79.945800042290927, 40.449609991512702 ], [ -79.945628434146897, 40.449633291567153 ], [ -79.945563842647488, 40.449694391949834 ], [ -79.945655742790251, 40.449751091783732 ], [ -79.94560064297562, 40.449803291887129 ], [ -79.945503634183353, 40.449816463051512 ], [ -79.945555043134704, 40.449848291972792 ], [ -79.945504643303508, 40.449895792067373 ], [ -79.945453403543198, 40.449902748994241 ], [ -79.945444743374097, 40.449910892177954 ], [ -79.945457343393784, 40.44991869215518 ], [ -79.945411643546905, 40.449961792240963 ], [ -79.945365810750673, 40.449968015009631 ], [ -79.945443619898541, 40.45001612107221 ], [ -79.945338520360735, 40.450115221331082 ], [ -79.945061, 40.4501529 ], [ -79.945003, 40.450117 ], [ -79.9450498, 40.4500729 ], [ -79.9449261, 40.4499963 ], [ -79.9449843, 40.4499414 ], [ -79.945113641119192, 40.449923839598299 ], [ -79.945199, 40.4498434 ], [ -79.9452349, 40.449809700000024 ], [ -79.945331727980374, 40.449796553615862 ], [ -79.945239576154179, 40.449739718013113 ], [ -79.9450541, 40.4497649 ], [ -79.945040757254048, 40.449756653074637 ], [ -79.9449233, 40.4497726 ], [ -79.9448817, 40.4497469 ], [ -79.9449398, 40.4496921 ], [ -79.9449085, 40.4496727 ], [ -79.9449616, 40.4496226 ], [ -79.945173042482395, 40.449593892662399 ], [ -79.945260419642821, 40.449647923654908 ], [ -79.9452766, 40.4496326 ], [ -79.9452408, 40.4496105 ], [ -79.9452868, 40.449567 ], [ -79.945425953660418, 40.449548106869848 ], [ -79.945410232484065, 40.449538601040182 ], [ -79.9453933, 40.4495409 ], [ -79.9453181, 40.4494954 ], [ -79.9453093, 40.4494472 ], [ -79.945430272307618, 40.449430775336722 ], [ -79.9454566, 40.449406099999983 ], [ -79.945668041610645, 40.449377391744548 ] ], [ [ -79.945350208493963, 40.449923727298994 ], [ -79.945350208493949, 40.449923727298994 ], [ -79.945350208493963, 40.449923727299002 ], [ -79.945350208493977, 40.449923727299002 ], [ -79.945350208493963, 40.449923727298994 ] ] ], [ [ [ -79.944121, 40.4495918 ], [ -79.9441912, 40.4495755 ], [ -79.9441803, 40.4495483 ], [ -79.9442288, 40.449537 ], [ -79.944218, 40.4495098 ], [ -79.9442556, 40.449501 ], [ -79.9442527, 40.4494939 ], [ -79.9443445, 40.4494725 ], [ -79.944622017916245, 40.449434823016901 ], [ -79.944643624038747, 40.449488837745214 ], [ -79.944655518115482, 40.449487222939283 ], [ -79.944673418291288, 40.449532022898786 ], [ -79.944665918302491, 40.449533822916948 ], [ -79.944677218412735, 40.449561922891384 ], [ -79.944622918492655, 40.44957462302289 ], [ -79.944657718834421, 40.449661722944171 ], [ -79.944542819003217, 40.449688523222434 ], [ -79.9442653, 40.4497262 ], [ -79.944255461712558, 40.449701588484054 ], [ -79.9440646, 40.4497275 ], [ -79.9440427, 40.4496726 ], [ -79.9441439, 40.449649 ], [ -79.944121, 40.4495918 ] ] ], [ [ [ -79.9430624, 40.4496202 ], [ -79.943273843208019, 40.449591496146937 ], [ -79.943488743052129, 40.449568295751611 ], [ -79.943491443097614, 40.449583095747322 ], [ -79.943641942988279, 40.449566795470453 ], [ -79.9436515431468, 40.449618395455133 ], [ -79.9436896431192, 40.449614295385054 ], [ -79.943694543200294, 40.449640695377219 ], [ -79.9434831, 40.4496694 ], [ -79.9432297, 40.4496968 ], [ -79.943227, 40.4496825 ], [ -79.9430899, 40.4496973 ], [ -79.9430825, 40.4496571 ], [ -79.9430696, 40.4496585 ], [ -79.943066, 40.4496394 ], [ -79.9430624, 40.4496202 ] ] ], [ [ [ -79.9445772, 40.4499803 ], [ -79.944682921899187, 40.449965946740434 ], [ -79.944723722077583, 40.450084446705652 ], [ -79.944668322105883, 40.450095646756736 ], [ -79.9445626, 40.45011 ], [ -79.944556932714434, 40.450093643784982 ], [ -79.944535022135383, 40.450098046879063 ], [ -79.9444293, 40.4501124 ], [ -79.944408369934834, 40.450051702842728 ], [ -79.9441992, 40.450080099999987 ], [ -79.94418595241433, 40.450044504863264 ], [ -79.944150344316512, 40.450051694559178 ], [ -79.9439389, 40.4500804 ], [ -79.9439178, 40.4500193 ], [ -79.9439911, 40.4500045 ], [ -79.94416464684447, 40.449980939397172 ], [ -79.944154730337459, 40.449951652293954 ], [ -79.943977787193859, 40.449975673969178 ], [ -79.943911667118286, 40.449989903920049 ], [ -79.943700955500574, 40.450018509471356 ], [ -79.943715520953262, 40.450059525236355 ], [ -79.943535121197741, 40.45009662567297 ], [ -79.9432576, 40.4501343 ], [ -79.9432076, 40.4499935 ], [ -79.943388, 40.4499564 ], [ -79.943472028637871, 40.449944992806685 ], [ -79.9434607, 40.4499144 ], [ -79.9435054, 40.4499048 ], [ -79.9435502, 40.4498952 ], [ -79.943781466739637, 40.449863804175209 ], [ -79.943785452225782, 40.449874621820484 ], [ -79.943871766698422, 40.449862903993953 ], [ -79.943872576728623, 40.449865120897535 ], [ -79.943984666606056, 40.449849903766747 ], [ -79.943999051404091, 40.449888678388632 ], [ -79.9441148, 40.449864 ], [ -79.944326243568241, 40.449835294226823 ], [ -79.944353743795006, 40.449910794179722 ], [ -79.944282066657919, 40.449926076397517 ], [ -79.944377281672416, 40.44991314984172 ], [ -79.9443479, 40.449828 ], [ -79.9445175, 40.44979390000001 ], [ -79.944834664724155, 40.449750840081308 ], [ -79.94487586526337, 40.449870239975866 ], [ -79.944706265522399, 40.449904340444903 ], [ -79.944468850540133, 40.449936572861397 ], [ -79.944476543900066, 40.449959293956567 ], [ -79.944384643992763, 40.449977494125974 ], [ -79.944211259890437, 40.450001032976942 ], [ -79.944215855642383, 40.450014340930458 ], [ -79.9442612, 40.4500045 ], [ -79.944472643953461, 40.449975793964462 ], [ -79.944481488644271, 40.449999558710047 ], [ -79.9445772, 40.4499803 ] ] ], [ [ [ -79.9446711, 40.450295299999986 ], [ -79.944948621145912, 40.450257622278336 ], [ -79.944967521362059, 40.45031232223603 ], [ -79.944942021396031, 40.450317422297729 ], [ -79.944956021555626, 40.450357822266376 ], [ -79.944773421800036, 40.450394622708266 ], [ -79.944644960121082, 40.450412063185638 ], [ -79.944649145299778, 40.450425693660591 ], [ -79.944576045369189, 40.4504387937953 ], [ -79.9443646, 40.4504675 ], [ -79.944345442071736, 40.450404817385277 ], [ -79.9440664, 40.4504427 ], [ -79.9440088, 40.450275900000022 ], [ -79.944165, 40.4502444 ], [ -79.944417758097458, 40.450210085381237 ], [ -79.9444099, 40.4501874 ], [ -79.9445576, 40.4501576 ], [ -79.944835120635219, 40.450119922543657 ], [ -79.944837527090272, 40.450126841018403 ], [ -79.944911320583842, 40.450116822359981 ], [ -79.944942820944604, 40.450208122289432 ], [ -79.944782521159112, 40.450240422677354 ], [ -79.944634429371703, 40.450260528267194 ], [ -79.944644144891726, 40.450295293663991 ], [ -79.944564944962863, 40.450308193809875 ], [ -79.944521120912938, 40.450314143484228 ], [ -79.944524786937947, 40.450324759522417 ], [ -79.9446711, 40.450295299999986 ] ] ], [ [ [ -79.94383204610412, 40.450581195166748 ], [ -79.943714746223591, 40.450604795383015 ], [ -79.943560302465485, 40.45062576174238 ], [ -79.943560346349841, 40.450625995667259 ], [ -79.9433489, 40.4506547 ], [ -79.9431973, 40.4506713 ], [ -79.94319252150369, 40.450645827864392 ], [ -79.943079636009585, 40.450661152007967 ], [ -79.943091137143355, 40.450721239241552 ], [ -79.9424601, 40.4508069 ], [ -79.942407676149372, 40.450812720826157 ], [ -79.942424847536088, 40.450863897761316 ], [ -79.942333147628062, 40.450881897930365 ], [ -79.9421217, 40.4509106 ], [ -79.942086, 40.4508042 ], [ -79.9421777, 40.4507862 ], [ -79.942306500902617, 40.450768716411815 ], [ -79.942293107595802, 40.450699060427368 ], [ -79.942285247076541, 40.450700598010201 ], [ -79.9420738, 40.4507293 ], [ -79.9420414, 40.4506327 ], [ -79.942137, 40.450614 ], [ -79.942273197639736, 40.450595512362447 ], [ -79.9422676, 40.4505664 ], [ -79.94255035892742, 40.450528017399591 ], [ -79.9425278, 40.4504109 ], [ -79.943158833349699, 40.450325238818294 ], [ -79.943331132971096, 40.450306037872252 ], [ -79.943331782825737, 40.450309435743449 ], [ -79.943444599342243, 40.450297077860668 ], [ -79.943461899572341, 40.450389277838219 ], [ -79.943406144187904, 40.450396846781537 ], [ -79.943419734385301, 40.450467637408529 ], [ -79.943431134360907, 40.450466437345952 ], [ -79.943445034400256, 40.450472337270611 ], [ -79.94344703449552, 40.450482737261041 ], [ -79.943435834581635, 40.450490537323397 ], [ -79.943442934919673, 40.450527437289423 ], [ -79.943409746611437, 40.450531942679092 ], [ -79.943412723059083, 40.450547847918664 ], [ -79.943396906124022, 40.450549995100495 ], [ -79.943402178807361, 40.450577490152156 ], [ -79.943480934126356, 40.450568866419417 ], [ -79.9434797, 40.4505653 ], [ -79.943597, 40.4505417 ], [ -79.943637746057348, 40.450536168559751 ], [ -79.9436014, 40.4504307 ], [ -79.9437312, 40.4504046 ], [ -79.943798102939908, 40.450395517549666 ], [ -79.9437962, 40.45039 ], [ -79.9439176, 40.4503655 ], [ -79.94402332263202, 40.45035114735412 ], [ -79.944081022884035, 40.45051854730491 ], [ -79.943997708775782, 40.450535292580909 ], [ -79.943998745904878, 40.450538294858966 ], [ -79.943868846037404, 40.450564495098476 ], [ -79.943828177640967, 40.450570016077293 ], [ -79.94383204610412, 40.450581195166748 ] ] ], [ [ [ -79.945205822565498, 40.450633221680832 ], [ -79.945234322892318, 40.450715921617025 ], [ -79.945015323184862, 40.450759922147 ], [ -79.9447378, 40.4507976 ], [ -79.9447094, 40.4507149 ], [ -79.9449283, 40.4506709 ], [ -79.945205822565498, 40.450633221680832 ] ] ], [ [ [ -79.944874, 40.4508606 ], [ -79.9448553, 40.4508064 ], [ -79.9449387, 40.4507896 ], [ -79.945150146160216, 40.450760892756215 ], [ -79.945190946516746, 40.450879292686615 ], [ -79.945052746657481, 40.450907092941442 ], [ -79.9448413, 40.4509358 ], [ -79.9448193, 40.4508716 ], [ -79.944874, 40.4508606 ] ] ], [ [ [ -79.944155179411808, 40.450965262021008 ], [ -79.944168147300218, 40.451002894568795 ], [ -79.94415869877713, 40.451004800633086 ], [ -79.944163323654777, 40.45101894724052 ], [ -79.94410552368322, 40.451029947293812 ], [ -79.94410335006063, 40.451030242378827 ], [ -79.944114747510739, 40.451063294669453 ], [ -79.944037747588865, 40.451078694811414 ], [ -79.9438263, 40.4511074 ], [ -79.943815201894012, 40.45107505203471 ], [ -79.9437294, 40.4510867 ], [ -79.943696, 40.450989599999986 ], [ -79.9438146, 40.4509658 ], [ -79.9438052, 40.4509386 ], [ -79.9439169, 40.4509161 ], [ -79.943956222385708, 40.450910761749654 ], [ -79.9439532, 40.4509015 ], [ -79.9440288, 40.45088710000001 ], [ -79.9440147, 40.450844 ], [ -79.9440887, 40.4508299 ], [ -79.944194423329023, 40.45081554720749 ], [ -79.944203624378304, 40.450843576195233 ], [ -79.944298123332914, 40.450830747112683 ], [ -79.944300837164846, 40.450838985492105 ], [ -79.9444239, 40.4508142 ], [ -79.944449393209283, 40.450810739024028 ], [ -79.9444479, 40.4508064 ], [ -79.9445072, 40.4507945 ], [ -79.944612923192608, 40.450780146822751 ], [ -79.944615719173427, 40.450788158347109 ], [ -79.944635346436328, 40.450785493701893 ], [ -79.944635786542761, 40.450786772329835 ], [ -79.94470742316949, 40.450777046735979 ], [ -79.944769223439906, 40.450956646683267 ], [ -79.944620523515439, 40.450986446820345 ], [ -79.9445148, 40.4510008 ], [ -79.944488051545292, 40.450923073684017 ], [ -79.944365421524012, 40.450939721978472 ], [ -79.944375923539724, 40.450971847044435 ], [ -79.944319923567178, 40.450982447096045 ], [ -79.9442142, 40.4509968 ], [ -79.944201070122176, 40.450956529169943 ], [ -79.944155179411808, 40.450965262021008 ] ] ], [ [ [ -79.9449432, 40.451026 ], [ -79.9449199, 40.4509583 ], [ -79.9450196, 40.4509383 ], [ -79.945231046596504, 40.450909592614387 ], [ -79.945271046946388, 40.451025792546154 ], [ -79.945118447101848, 40.451056492827512 ], [ -79.944907, 40.4510852 ], [ -79.9448902, 40.4510366 ], [ -79.9449432, 40.451026 ] ] ], [ [ [ -79.9454623, 40.451027 ], [ -79.9455756, 40.4509933 ], [ -79.945670697873851, 40.450980388475713 ], [ -79.9456667, 40.4509736 ], [ -79.9457967, 40.4509289 ], [ -79.946008146266877, 40.450900191188119 ], [ -79.946098146712231, 40.45105289102974 ], [ -79.946000246855988, 40.451086591210881 ], [ -79.945866076002076, 40.451104808047667 ], [ -79.945877447030739, 40.451127091438011 ], [ -79.945757347189357, 40.451162791659932 ], [ -79.9455459, 40.451191499999986 ], [ -79.9454623, 40.451027 ] ] ], [ [ [ -79.943636500950163, 40.450950077598165 ], [ -79.943665101153726, 40.451033277558537 ], [ -79.943516201276793, 40.451063177781606 ], [ -79.9433444, 40.4510865 ], [ -79.9433157, 40.4510033 ], [ -79.9434647, 40.4509734 ], [ -79.943636500950163, 40.450950077598165 ] ] ], [ [ [ -79.945010350576553, 40.451146620092523 ], [ -79.9449501, 40.4511548 ], [ -79.9449314, 40.4511007 ], [ -79.945079, 40.451071 ], [ -79.945290446990796, 40.451042292511275 ], [ -79.945326147303362, 40.451146092450387 ], [ -79.945237647393171, 40.451163792613556 ], [ -79.9450262, 40.4511925 ], [ -79.945010350576553, 40.451146620092523 ] ] ], [ [ [ -79.943621501303042, 40.451086377625458 ], [ -79.943655401544547, 40.451185077578479 ], [ -79.943551301630592, 40.451205977734439 ], [ -79.9433795, 40.4512293 ], [ -79.9433455, 40.4511307 ], [ -79.9434497, 40.4511097 ], [ -79.943621501303042, 40.451086377625458 ] ] ], [ [ [ -79.9443692, 40.4514421 ], [ -79.944343069737116, 40.451375755082537 ], [ -79.944256874928371, 40.451387456735809 ], [ -79.944283286523827, 40.451468570747181 ], [ -79.944202586593647, 40.451488270858889 ], [ -79.944137725772336, 40.451497076156926 ], [ -79.944142648906947, 40.451510794638153 ], [ -79.944010649045012, 40.451538494881575 ], [ -79.943820297646297, 40.451564335922178 ], [ -79.943826824605921, 40.451582647561764 ], [ -79.943624424710691, 40.45162444774838 ], [ -79.9435187, 40.4516388 ], [ -79.9434791, 40.4515277 ], [ -79.943681500000011, 40.4514859 ], [ -79.943765935706395, 40.451474437612148 ], [ -79.943760411509359, 40.451459032549181 ], [ -79.943588824508311, 40.451491347778067 ], [ -79.9434831, 40.4515057 ], [ -79.943469246956596, 40.451462579964179 ], [ -79.943447, 40.4514656 ], [ -79.943423, 40.4513911 ], [ -79.94359, 40.4513596 ], [ -79.943695724258006, 40.45134524767677 ], [ -79.943708587479065, 40.451385094450771 ], [ -79.943732722711033, 40.451381818019698 ], [ -79.943710466310236, 40.451319752447858 ], [ -79.943605301958272, 40.451340877658801 ], [ -79.9434335, 40.4513642 ], [ -79.9433966, 40.451257 ], [ -79.9434908, 40.4512381 ], [ -79.943662601618172, 40.451214777568822 ], [ -79.943675281808382, 40.451251699020027 ], [ -79.943718901679702, 40.451245777486001 ], [ -79.943740982531224, 40.451309839903779 ], [ -79.9437935, 40.4512988 ], [ -79.944004948203315, 40.451270094880108 ], [ -79.944009574326174, 40.451282990615177 ], [ -79.9441613, 40.4512455 ], [ -79.944192269310605, 40.451241295686216 ], [ -79.9441905, 40.4512369 ], [ -79.9443713, 40.4511984 ], [ -79.944418784173152, 40.451191953573442 ], [ -79.9444545, 40.4511839 ], [ -79.944665947586884, 40.451155193662167 ], [ -79.944688747764516, 40.451214493622956 ], [ -79.94462754783153, 40.451228293735866 ], [ -79.944550211005591, 40.451238793070168 ], [ -79.944565899452826, 40.451286589255602 ], [ -79.944630700000019, 40.4512735 ], [ -79.944842147800586, 40.451244793342838 ], [ -79.9448841481654, 40.451365993271168 ], [ -79.944778248273607, 40.451387393466405 ], [ -79.944566800000018, 40.4514161 ], [ -79.944565796085385, 40.451413234280565 ], [ -79.944527786339819, 40.451420570409105 ], [ -79.9443692, 40.4514421 ] ] ], [ [ [ -79.94537314742827, 40.451191592366193 ], [ -79.945395847626074, 40.451257292327448 ], [ -79.945191747833803, 40.451298292703754 ], [ -79.944980300000012, 40.451327 ], [ -79.9449577, 40.4512613 ], [ -79.9451617, 40.45122030000001 ], [ -79.94537314742827, 40.451191592366193 ] ] ], [ [ [ -79.946077225637637, 40.4514847196319 ], [ -79.946100425812006, 40.451529819578674 ], [ -79.946043325911504, 40.451546919717174 ], [ -79.946072426130726, 40.451603619650392 ], [ -79.945995226265623, 40.451626819837657 ], [ -79.9457177, 40.4516645 ], [ -79.945628, 40.4514902 ], [ -79.9458125, 40.4514348 ], [ -79.946090025269669, 40.451397119595995 ], [ -79.946127325549938, 40.45146961951037 ], [ -79.946077225637637, 40.4514847196319 ] ] ], [ [ [ -79.945507348587867, 40.451576892137041 ], [ -79.945534448826436, 40.451656092090836 ], [ -79.945310849053001, 40.451700692503074 ], [ -79.9450994, 40.4517294 ], [ -79.945091537442451, 40.451706336517148 ], [ -79.945058511512954, 40.451712916269116 ], [ -79.9447942, 40.4517488 ], [ -79.94477, 40.4516778 ], [ -79.9449361, 40.4516447 ], [ -79.94520041103533, 40.451608815937867 ], [ -79.945205496578268, 40.451623640294819 ], [ -79.9452959, 40.4516056 ], [ -79.945507348587867, 40.451576892137041 ] ] ], [ [ [ -79.944373, 40.4519897 ], [ -79.944344137601135, 40.451905244193988 ], [ -79.944315912651092, 40.451911317983338 ], [ -79.944155770673348, 40.451933058287601 ], [ -79.944186428817289, 40.452023024216828 ], [ -79.944009829052035, 40.452058224644176 ], [ -79.9437323, 40.452095899999982 ], [ -79.9436986, 40.4519974 ], [ -79.9438753, 40.4519621 ], [ -79.944048414208524, 40.451938599066125 ], [ -79.944036128331049, 40.451905429887731 ], [ -79.944035835821111, 40.451905469597328 ], [ -79.943951628520281, 40.451922224776425 ], [ -79.9436741, 40.4519599 ], [ -79.9436454, 40.4518761 ], [ -79.9438013, 40.451845099999986 ], [ -79.944065648155032, 40.451809213693835 ], [ -79.9440843, 40.4518052 ], [ -79.944170581792562, 40.45179348675115 ], [ -79.9441735, 40.4517929 ], [ -79.944312672082248, 40.451774006442001 ], [ -79.9443086, 40.451761099999985 ], [ -79.9444335, 40.4517382 ], [ -79.944711027220578, 40.451700522934644 ], [ -79.94471763420421, 40.451721646388918 ], [ -79.944752427267275, 40.451716922835899 ], [ -79.944768827473965, 40.451769022799446 ], [ -79.944609727675086, 40.451798223184298 ], [ -79.944406318199171, 40.451825837874054 ], [ -79.94442437785834, 40.451877935921495 ], [ -79.944491, 40.4518647 ], [ -79.944702449713319, 40.451835993625437 ], [ -79.944734849999492, 40.451930993570208 ], [ -79.944584450151908, 40.451960993847493 ], [ -79.944373, 40.4519897 ] ] ], [ [ [ -79.945034624634971, 40.451749446457399 ], [ -79.945072824803518, 40.451861346424842 ], [ -79.94495372486378, 40.451885046534628 ], [ -79.944848, 40.4518994 ], [ -79.9448098, 40.4517876 ], [ -79.9449289, 40.4517638 ], [ -79.945034624634971, 40.451749446457399 ] ] ], [ [ [ -79.945122449726924, 40.451891892857255 ], [ -79.945272349742282, 40.451915192583243 ], [ -79.945267361243822, 40.451933939943174 ], [ -79.9452866, 40.4519291 ], [ -79.9452595, 40.4518662 ], [ -79.945335, 40.4518472 ], [ -79.945546449332397, 40.451818492076029 ], [ -79.945569249924219, 40.451871188479842 ], [ -79.945597949465963, 40.451867291983682 ], [ -79.945644549787843, 40.451975391902984 ], [ -79.945574349870611, 40.451993092032566 ], [ -79.945582449927201, 40.452012092018549 ], [ -79.945486150040495, 40.452036292196325 ], [ -79.9452747, 40.452065 ], [ -79.945248596136665, 40.4520044613081 ], [ -79.945247550044911, 40.452008392632898 ], [ -79.9450361, 40.4520371 ], [ -79.9448862, 40.4520139 ], [ -79.944911, 40.4519206 ], [ -79.945122449726924, 40.451891892857255 ] ] ], [ [ [ -79.9443967, 40.4520414 ], [ -79.9444929, 40.4520059 ], [ -79.944704350156542, 40.45197719362821 ], [ -79.944758650405348, 40.452062993532387 ], [ -79.944734550442632, 40.452071893576999 ], [ -79.944741219902582, 40.452082396003078 ], [ -79.9448237, 40.452066 ], [ -79.945035150217791, 40.452037293023906 ], [ -79.94505075035481, 40.452082792997295 ], [ -79.9449862504203, 40.452095693116227 ], [ -79.944995250499503, 40.452121993100874 ], [ -79.944859550637105, 40.452149093351068 ], [ -79.9446481, 40.4521778 ], [ -79.944632549210141, 40.452132401732349 ], [ -79.9444683, 40.4521547 ], [ -79.9443967, 40.4520414 ] ] ], [ [ [ -79.945522617229784, 40.452220689999315 ], [ -79.9455654, 40.4522079 ], [ -79.945671125210282, 40.452193545883276 ], [ -79.945722525358192, 40.452293945838377 ], [ -79.945493725509735, 40.452362246049766 ], [ -79.945437543173938, 40.452369873724592 ], [ -79.945454639588021, 40.452403290356031 ], [ -79.9456409, 40.4523476 ], [ -79.94574662541531, 40.452333245817123 ], [ -79.945783025520214, 40.452404445785305 ], [ -79.945555025671311, 40.452472545995995 ], [ -79.9454493, 40.4524869 ], [ -79.945442570088559, 40.452473790513189 ], [ -79.945340414487305, 40.452504315666459 ], [ -79.945218713779425, 40.452520838294511 ], [ -79.945221551683673, 40.452526392703582 ], [ -79.945105551837571, 40.452561092917968 ], [ -79.945035894732811, 40.452570549737445 ], [ -79.945045351953269, 40.45259049302976 ], [ -79.944917752113525, 40.452625793265447 ], [ -79.944870800215966, 40.452632167489725 ], [ -79.944872652163326, 40.452636093348659 ], [ -79.94476225230153, 40.452666493552584 ], [ -79.944676458980069, 40.452678140775006 ], [ -79.944684652423007, 40.452695593696255 ], [ -79.944528352618249, 40.45273849398496 ], [ -79.944466893173512, 40.452746837531386 ], [ -79.944489216023413, 40.452790617634676 ], [ -79.944427216125661, 40.452809017777909 ], [ -79.944388552467359, 40.452814266601123 ], [ -79.944424453118074, 40.452884694182103 ], [ -79.944207053405123, 40.45294929458391 ], [ -79.9439956, 40.452978 ], [ -79.943959, 40.4529062 ], [ -79.944111, 40.452861 ], [ -79.944167279536529, 40.452844305461497 ], [ -79.9441629, 40.4528449 ], [ -79.944156228818642, 40.452831816217895 ], [ -79.9439744, 40.45285650000001 ], [ -79.9439741, 40.4528558 ], [ -79.9439731, 40.4528538 ], [ -79.9439354, 40.4527799 ], [ -79.9440738, 40.4527388 ], [ -79.944285252622791, 40.452710094429754 ], [ -79.944311052669448, 40.452760701896437 ], [ -79.944313683547563, 40.452760344740902 ], [ -79.944281156961694, 40.452691020402767 ], [ -79.944224879018293, 40.452706841956605 ], [ -79.9439077, 40.4527499 ], [ -79.943893, 40.4527197 ], [ -79.9438767, 40.4526862 ], [ -79.9438818, 40.452684799999986 ], [ -79.9438653, 40.4526509 ], [ -79.9438508, 40.4526211 ], [ -79.943997941029025, 40.452579734300542 ], [ -79.9438435, 40.4526007 ], [ -79.943841887649086, 40.452600416006504 ], [ -79.943713838173096, 40.452641132703974 ], [ -79.9427623, 40.4527703 ], [ -79.942745263291457, 40.452721961974575 ], [ -79.9423118, 40.4527808 ], [ -79.94224020143335, 40.452596937269725 ], [ -79.9418478, 40.4526502 ], [ -79.9417539, 40.4523706 ], [ -79.9418799, 40.4523417 ], [ -79.942682505202839, 40.452232755832895 ], [ -79.9426608, 40.4521693 ], [ -79.9428144, 40.4521387 ], [ -79.942928528904815, 40.452123207709491 ], [ -79.9429099, 40.4520702 ], [ -79.9430199, 40.452049799999983 ], [ -79.9430133, 40.452032 ], [ -79.9431969, 40.4519968 ], [ -79.943514075877943, 40.451953743862759 ], [ -79.943652364717977, 40.452334900439183 ], [ -79.943756733565053, 40.452320732285678 ], [ -79.943826659270968, 40.452503561882743 ], [ -79.9438471, 40.4524976 ], [ -79.9438423, 40.4524879 ], [ -79.9439536, 40.4524554 ], [ -79.944058399118205, 40.452441173183018 ], [ -79.9440513, 40.4524201 ], [ -79.944096761936422, 40.452411113341455 ], [ -79.9438081, 40.4524503 ], [ -79.9437734, 40.4523563 ], [ -79.9439455, 40.4523193 ], [ -79.944328755451281, 40.452267271260254 ], [ -79.944363455962701, 40.452361271152434 ], [ -79.94420287316936, 40.452395795665993 ], [ -79.944322951568765, 40.452379494345912 ], [ -79.944341951739048, 40.452435994313547 ], [ -79.944297824379092, 40.452444643956028 ], [ -79.944315830638942, 40.452480323931852 ], [ -79.944293430677106, 40.452486823986163 ], [ -79.94430033072932, 40.452500323970362 ], [ -79.94424933081666, 40.45251522409405 ], [ -79.944250230823229, 40.452516924091988 ], [ -79.944148030998406, 40.452546824339855 ], [ -79.944140131046154, 40.452557424359483 ], [ -79.94412902650636, 40.452560680173832 ], [ -79.944218052140926, 40.452548594545895 ], [ -79.944249052329255, 40.452612294491843 ], [ -79.944244052335591, 40.452613694501082 ], [ -79.944244052335577, 40.452613694501089 ], [ -79.944306366809045, 40.452605234983778 ], [ -79.9442896, 40.4525695 ], [ -79.9443879, 40.4525426 ], [ -79.944599351884619, 40.45251389384471 ], [ -79.944606543567829, 40.452529212987635 ], [ -79.944684215213456, 40.452518668382048 ], [ -79.9446471, 40.4524405 ], [ -79.9447092, 40.4524233 ], [ -79.944876083967188, 40.452400643780074 ], [ -79.9449237, 40.4523864 ], [ -79.945065726523637, 40.452367118167139 ], [ -79.9451321, 40.4523473 ], [ -79.945235292717683, 40.452333290147493 ], [ -79.9452964, 40.452315 ], [ -79.945352527252766, 40.452307379867456 ], [ -79.9453366, 40.4522763 ], [ -79.945484063293023, 40.45223221576213 ], [ -79.945373350777672, 40.452256892413111 ], [ -79.9451619, 40.45228560000001 ], [ -79.945140271712262, 40.452229103932638 ], [ -79.9449812, 40.4522507 ], [ -79.9449475, 40.452152 ], [ -79.9450628, 40.452129 ], [ -79.945184305862227, 40.452112503888138 ], [ -79.9451951, 40.452110099999985 ], [ -79.94540655021305, 40.452081392344368 ], [ -79.945448156218575, 40.452190161408389 ], [ -79.945460450528984, 40.452188492250244 ], [ -79.945461478455812, 40.452191123721128 ], [ -79.945508850498342, 40.452184692161246 ], [ -79.945522617229784, 40.452220689999315 ] ], [ [ -79.942852308222911, 40.452252968225174 ], [ -79.942952500284676, 40.452239367772677 ], [ -79.94294964253902, 40.452231346969292 ], [ -79.942906251677002, 40.452239996939205 ], [ -79.942849582579385, 40.452247689406498 ], [ -79.942852308222911, 40.452252968225174 ] ] ], [ [ [ -79.944329254829739, 40.452158271249814 ], [ -79.944361255333376, 40.45225057115082 ], [ -79.944185955658355, 40.45228607173668 ], [ -79.9438027, 40.4523381 ], [ -79.9437707, 40.4522458 ], [ -79.943946, 40.4522103 ], [ -79.944329254829739, 40.452158271249814 ] ] ], [ [ [ -79.945357053304136, 40.45305839247856 ], [ -79.945385453466741, 40.453113592428913 ], [ -79.945294053588199, 40.453140992597838 ], [ -79.9450826, 40.4531697 ], [ -79.9450543, 40.453114599999985 ], [ -79.9451456, 40.4530871 ], [ -79.945357053304136, 40.45305839247856 ] ] ], [ [ [ -79.945120254553032, 40.453426492929424 ], [ -79.9449088, 40.4534552 ], [ -79.944848100000016, 40.4533401 ], [ -79.944922, 40.4533173 ], [ -79.945133454114341, 40.453288592899092 ], [ -79.945157040239309, 40.453333447630115 ], [ -79.945220054195033, 40.453324892741769 ], [ -79.94525225437441, 40.453385892685411 ], [ -79.945120254553032, 40.453426492929424 ] ] ], [ [ [ -79.9439066, 40.4547956 ], [ -79.9434774, 40.4545545 ], [ -79.9444065, 40.4542687 ], [ -79.944605796021989, 40.454241644837673 ], [ -79.9445648, 40.454199500000016 ], [ -79.944904, 40.4540994 ], [ -79.945027917122189, 40.45408257724452 ], [ -79.9451349, 40.4540513 ], [ -79.945346356340167, 40.454022592541001 ], [ -79.945473457081945, 40.454274092318947 ], [ -79.945286357326196, 40.45432879266469 ], [ -79.945191611715373, 40.454341655329962 ], [ -79.945211660931847, 40.454382257956965 ], [ -79.945172197755312, 40.454394144560524 ], [ -79.94530295746948, 40.454376392636355 ], [ -79.945353957752928, 40.454472792547037 ], [ -79.945140058042739, 40.454538692942457 ], [ -79.9449286, 40.4545674 ], [ -79.944923683776906, 40.454558107387157 ], [ -79.944329518138062, 40.454738189266628 ], [ -79.9439066, 40.4547956 ] ] ], [ [ [ -79.942212347159156, 40.440319367508934 ], [ -79.942390476366867, 40.440355305907708 ], [ -79.942350277789558, 40.440484206176571 ], [ -79.942554977912593, 40.440520904911821 ], [ -79.942510028328286, 40.440646965603371 ], [ -79.942725630598531, 40.440617693896193 ], [ -79.942800775772682, 40.44063443077291 ], [ -79.942865130541165, 40.440625693385101 ], [ -79.943296030760493, 40.440713491811955 ], [ -79.943266031395183, 40.44081079193068 ], [ -79.943309531440804, 40.440823391772206 ], [ -79.943227832965746, 40.441055992092629 ], [ -79.943122934667954, 40.441070234257538 ], [ -79.943110933387175, 40.441108692526228 ], [ -79.942768757267032, 40.441155149407535 ], [ -79.942615436611035, 40.441560794384451 ], [ -79.9421926, 40.4416182 ], [ -79.9420249, 40.441584899999981 ], [ -79.9418622, 40.4415541 ], [ -79.941890889054733, 40.441486527837718 ], [ -79.9413983, 40.441553399999989 ], [ -79.9409468, 40.4414645 ], [ -79.9410934, 40.441037799999989 ], [ -79.9411406, 40.4408987 ], [ -79.941184383011546, 40.440774800602256 ], [ -79.9409936, 40.4408007 ], [ -79.940756400000012, 40.4407375 ], [ -79.9408099, 40.4406202 ], [ -79.940856543419727, 40.440613868096854 ], [ -79.9409367, 40.4404384 ], [ -79.9408929, 40.4404267 ], [ -79.9409495, 40.4403027 ], [ -79.942006571967241, 40.440159194152294 ], [ -79.942255272527717, 40.440225391885853 ], [ -79.942212347159156, 40.440319367508934 ] ] ], [ [ [ -79.942223339579797, 40.441984995860857 ], [ -79.94224573967378, 40.442002695780225 ], [ -79.942249839820192, 40.44202649576733 ], [ -79.942234339984893, 40.44205079582634 ], [ -79.942197540077387, 40.442060995962272 ], [ -79.942140284560708, 40.442068768968781 ], [ -79.942113740637964, 40.442139896276736 ], [ -79.942103175756912, 40.442141330557064 ], [ -79.941977443060594, 40.442508596809695 ], [ -79.941995943069571, 40.44251229674213 ], [ -79.941973843495191, 40.442577296829015 ], [ -79.941551, 40.4426347 ], [ -79.9413962, 40.4426051 ], [ -79.9412807, 40.4425798 ], [ -79.941359, 40.4423741 ], [ -79.94144447187098, 40.442362496985439 ], [ -79.941535200000018, 40.4421242 ], [ -79.941425409390746, 40.442101003429158 ], [ -79.9413061, 40.4421172 ], [ -79.9411371, 40.4420808 ], [ -79.9411557, 40.4420265 ], [ -79.9411587, 40.4420176 ], [ -79.9411381, 40.4420141 ], [ -79.9411342, 40.441978400000018 ], [ -79.941142, 40.44194490000001 ], [ -79.9411576, 40.4419155 ], [ -79.941161864370471, 40.441910484123781 ], [ -79.940921266061977, 40.441943145393161 ], [ -79.940723193219227, 40.442027055268639 ], [ -79.9397718, 40.4421562 ], [ -79.9396982, 40.4420569 ], [ -79.9397202, 40.4420489 ], [ -79.9400941, 40.4418898 ], [ -79.9400469, 40.4418229 ], [ -79.9400381, 40.441811 ], [ -79.9401735, 40.4417559 ], [ -79.941124886860948, 40.441626751872143 ], [ -79.941151969703256, 40.441663451091095 ], [ -79.941590285730712, 40.441603948025531 ], [ -79.941613938434088, 40.441634451167857 ], [ -79.941648585994386, 40.441629747549399 ], [ -79.941692686783313, 40.441690947197607 ], [ -79.941447330313366, 40.441794002113973 ], [ -79.941644038658424, 40.441767297966948 ], [ -79.941822138758596, 40.441805097316852 ], [ -79.941806939067618, 40.441852397376827 ], [ -79.941823508601388, 40.441877896314075 ], [ -79.942033438874034, 40.441849396545514 ], [ -79.942205838982986, 40.441887895916409 ], [ -79.942171139608135, 40.441983096052198 ], [ -79.942194039587321, 40.441982595968128 ], [ -79.942223339579797, 40.441984995860857 ] ] ], [ [ [ -79.9406016, 40.4425615 ], [ -79.940898912095747, 40.442521141002601 ], [ -79.941466312323641, 40.44264233954636 ], [ -79.941456712443298, 40.442668239572761 ], [ -79.941384313350582, 40.442864639771841 ], [ -79.941087, 40.442905 ], [ -79.9409949, 40.442885299999979 ], [ -79.9410296, 40.442791 ], [ -79.940730572822147, 40.442727119726776 ], [ -79.9406018, 40.4427446 ], [ -79.9405042, 40.4427238 ], [ -79.9405405, 40.4426252 ], [ -79.94058010185087, 40.442619824272171 ], [ -79.9405952, 40.4425788 ], [ -79.9406016, 40.4425615 ] ] ], [ [ [ -79.94187342824533, 40.444659698496849 ], [ -79.941816928574838, 40.444757598604873 ], [ -79.9416055, 40.4447863 ], [ -79.9412778, 40.4446766 ], [ -79.9413344, 40.4445787 ], [ -79.941451113420982, 40.444562856451228 ], [ -79.9414697, 40.4445307 ], [ -79.941681127823855, 40.444501998842647 ], [ -79.941830027922947, 40.44455179857168 ], [ -79.941784828186158, 40.444629998658087 ], [ -79.94187342824533, 40.444659698496849 ] ] ], [ [ [ -79.9419855, 40.4448154 ], [ -79.9420242, 40.4446738 ], [ -79.94223562805972, 40.44464509783171 ], [ -79.942394128077126, 40.444670097542037 ], [ -79.942340928710237, 40.444864997648324 ], [ -79.9421295, 40.4448937 ], [ -79.9420537, 40.444881699999989 ], [ -79.9420682, 40.4448285 ], [ -79.9419855, 40.4448154 ] ] ], [ [ [ -79.942894028343744, 40.444816296631409 ], [ -79.942828528741813, 40.444934896756862 ], [ -79.942705908371124, 40.444951543561402 ], [ -79.942696428899026, 40.444968697000704 ], [ -79.942485, 40.4449974 ], [ -79.9423566, 40.4449563 ], [ -79.9424973, 40.4447014 ], [ -79.942708727963904, 40.444672696964979 ], [ -79.942841028045493, 40.444714896724129 ], [ -79.942801428286458, 40.444786696799973 ], [ -79.942894028343744, 40.444816296631409 ] ] ], [ [ [ -79.942188344886233, 40.445046121705381 ], [ -79.94236162919762, 40.445022597617331 ], [ -79.942683729410618, 40.445129897031187 ], [ -79.942625629750793, 40.445230997142275 ], [ -79.942508675936878, 40.445246874375485 ], [ -79.942492529940452, 40.445274997388424 ], [ -79.9422811, 40.4453037 ], [ -79.9421262, 40.4452521 ], [ -79.942168, 40.4451793 ], [ -79.9420913, 40.4451538 ], [ -79.942116871073551, 40.445109300297005 ], [ -79.942036212124236, 40.445120249937816 ], [ -79.942020229726026, 40.445148798249306 ], [ -79.9418088, 40.4451775 ], [ -79.9416622, 40.4451299 ], [ -79.9417036, 40.445056 ], [ -79.94162823588762, 40.445031526547012 ], [ -79.941600729665012, 40.445077899015786 ], [ -79.9413893, 40.4451066 ], [ -79.9409959, 40.4449713 ], [ -79.9411209, 40.444760799999983 ], [ -79.941332328681639, 40.444732099492811 ], [ -79.941727428956369, 40.444867998774008 ], [ -79.941695329138483, 40.444921998835291 ], [ -79.9414839, 40.4449507 ], [ -79.941350284829923, 40.444904743032076 ], [ -79.941342129263745, 40.444918499483137 ], [ -79.94162525020991, 40.44501589715663 ], [ -79.9416726, 40.4449314 ], [ -79.941884029005038, 40.444902698488242 ], [ -79.942209529211368, 40.445008297895768 ], [ -79.942188344886233, 40.445046121705381 ] ] ], [ [ [ -79.941329229974372, 40.445142999516818 ], [ -79.941266930339438, 40.44525149963593 ], [ -79.9410555, 40.4452802 ], [ -79.9409233, 40.44523610000001 ], [ -79.9409857, 40.445127699999986 ], [ -79.94119712988703, 40.445098999757199 ], [ -79.941329229974372, 40.445142999516818 ] ] ], [ [ [ -79.9402696, 40.4452458 ], [ -79.9403135, 40.4451585 ], [ -79.940380755162877, 40.445149370998479 ], [ -79.940403, 40.4451052 ], [ -79.940614430041094, 40.445076500825252 ], [ -79.940748430112933, 40.445115800581156 ], [ -79.940669530635901, 40.445272500732898 ], [ -79.9404581, 40.4453012 ], [ -79.9402696, 40.4452458 ] ] ], [ [ [ -79.941080831171263, 40.445493299988144 ], [ -79.9408694, 40.445522 ], [ -79.940766, 40.4454712 ], [ -79.9408679, 40.4453502 ], [ -79.941079330631837, 40.445321499983244 ], [ -79.941182730751635, 40.445372299795793 ], [ -79.941080831171263, 40.445493299988144 ] ] ], [ [ [ -79.9412846, 40.4456043 ], [ -79.9413876, 40.4454279 ], [ -79.9413446, 40.4454148 ], [ -79.9414305, 40.445245 ], [ -79.941641930084131, 40.44521629894637 ], [ -79.941890830234527, 40.445294698493214 ], [ -79.941865030367694, 40.445333898542295 ], [ -79.94183365369922, 40.445338157919231 ], [ -79.941822130466292, 40.445359998622166 ], [ -79.941680882245066, 40.445379172908211 ], [ -79.941641930761804, 40.44543189895596 ], [ -79.941684830786116, 40.445444898877838 ], [ -79.941641931028656, 40.445516798959765 ], [ -79.941762031105554, 40.445555998741149 ], [ -79.941736331217939, 40.445588598789755 ], [ -79.941762031249198, 40.445601698743182 ], [ -79.941727731385654, 40.445640898807873 ], [ -79.9415163, 40.4456696 ], [ -79.9412846, 40.4456043 ] ] ], [ [ [ -79.940844431945507, 40.445710600431539 ], [ -79.940633, 40.4457393 ], [ -79.9405408, 40.445685500000017 ], [ -79.9406628, 40.4455636 ], [ -79.940874231381713, 40.445534900369047 ], [ -79.940966431515577, 40.445588800202273 ], [ -79.940844431945507, 40.445710600431539 ] ] ], [ [ [ -79.941727731529312, 40.445686598809893 ], [ -79.941772633646494, 40.445702152748069 ], [ -79.941839331506671, 40.445693098605432 ], [ -79.941960520569722, 40.445739258927155 ], [ -79.9419626, 40.4457349 ], [ -79.942030003446945, 40.445725749965355 ], [ -79.9420313, 40.4457218 ], [ -79.942242731351016, 40.445693097865323 ], [ -79.942294231392765, 40.445712697771704 ], [ -79.942199832004093, 40.445895597953054 ], [ -79.9419884, 40.4459243 ], [ -79.941823972837526, 40.445859465549127 ], [ -79.9417309, 40.445872100000017 ], [ -79.941717561115368, 40.445867596190261 ], [ -79.9416365, 40.4458786 ], [ -79.9414562, 40.4458198 ], [ -79.9415163, 40.4457153 ], [ -79.941727731529312, 40.445686598809893 ] ] ], [ [ [ -79.9403485, 40.4459072 ], [ -79.9403596, 40.445890099999986 ], [ -79.9403317, 40.4458795 ], [ -79.9403945, 40.4457827 ], [ -79.940605932173909, 40.445754000871055 ], [ -79.940761537594923, 40.44581286639594 ], [ -79.9407992, 40.4457492 ], [ -79.941010631912505, 40.445720500127045 ], [ -79.94108503196459, 40.445746199991696 ], [ -79.941002332435914, 40.445886000149656 ], [ -79.940809916301376, 40.445912118743102 ], [ -79.940808632598973, 40.445914100506293 ], [ -79.940737813130426, 40.445923713463863 ], [ -79.940726332716835, 40.445941500658499 ], [ -79.9405149, 40.4459702 ], [ -79.9403485, 40.4459072 ] ] ], [ [ [ -79.940805155995008, 40.44606243949562 ], [ -79.9407489, 40.446059 ], [ -79.940799, 40.4459709 ], [ -79.940824214866723, 40.445967477355609 ], [ -79.9408509, 40.4459224 ], [ -79.941043216310874, 40.445896294890773 ], [ -79.9410537, 40.4458792 ], [ -79.941265132222952, 40.445850499665923 ], [ -79.941359532289326, 40.445883199494183 ], [ -79.941273732794542, 40.446033399658297 ], [ -79.9410623, 40.4460621 ], [ -79.941000561877715, 40.446043838335051 ], [ -79.9408454, 40.44606490000001 ], [ -79.940837042746907, 40.446064389041652 ], [ -79.940844333245934, 40.446124300450151 ], [ -79.9406329, 40.446153 ], [ -79.940533400000021, 40.4461601 ], [ -79.9405256, 40.446096 ], [ -79.940737033108149, 40.446067300644472 ], [ -79.940805155995008, 40.44606243949562 ] ] ], [ [ [ -79.9405508, 40.4462623 ], [ -79.940632870370621, 40.446251160051858 ], [ -79.9406215, 40.4461675 ], [ -79.940832933295908, 40.446138800471715 ], [ -79.941016133179644, 40.446124300134954 ], [ -79.941030733512889, 40.446232100112979 ], [ -79.940848552757046, 40.446256829268904 ], [ -79.940852533797255, 40.446300700442983 ], [ -79.9406411, 40.4463294 ], [ -79.9405573, 40.446333799999984 ], [ -79.9405508, 40.4462623 ] ] ], [ [ [ -79.9425236, 40.4461857 ], [ -79.942527, 40.4461639 ], [ -79.9425167, 40.4461618 ], [ -79.9425301, 40.4461127 ], [ -79.942571887208885, 40.446107027204512 ], [ -79.9425916, 40.4460293 ], [ -79.943120179931313, 40.445957541397874 ], [ -79.94313677104202, 40.445961082701359 ], [ -79.943227679758451, 40.445948740903823 ], [ -79.943321279644564, 40.445945740474187 ], [ -79.9433331820739, 40.446256340454134 ], [ -79.943312560355949, 40.446259140077395 ], [ -79.943322183845567, 40.446480440529498 ], [ -79.943199458043594, 40.446497101765203 ], [ -79.943199584110801, 40.446499141093909 ], [ -79.942671, 40.4465709 ], [ -79.9425744, 40.4465728 ], [ -79.9425634, 40.4462976 ], [ -79.9425458, 40.4462978 ], [ -79.9425432, 40.446249 ], [ -79.94259595108494, 40.446241838817784 ], [ -79.9425945, 40.446221599999987 ], [ -79.942601700000012, 40.4462007 ], [ -79.9425236, 40.4461857 ] ] ], [ [ [ -79.9412592, 40.4465622 ], [ -79.941180498062138, 40.446567807769853 ], [ -79.941181034533713, 40.446575299852498 ], [ -79.941193134527467, 40.446574799830273 ], [ -79.941198234752136, 40.446646899824124 ], [ -79.94118413337641, 40.446648813959222 ], [ -79.941189034982656, 40.446719099844223 ], [ -79.9409776, 40.4467478 ], [ -79.9408528, 40.4467529 ], [ -79.940846504334218, 40.446663599406733 ], [ -79.940807407105709, 40.446668906375606 ], [ -79.940809135016352, 40.446683200539638 ], [ -79.9405977, 40.4467119 ], [ -79.9404939, 40.4467193 ], [ -79.9404706, 40.4465292 ], [ -79.940682034491076, 40.446500500764685 ], [ -79.940733034459768, 40.446496800670964 ], [ -79.940738034587355, 40.446538000663615 ], [ -79.940853334517101, 40.446529800451714 ], [ -79.940862429686618, 40.446604094782437 ], [ -79.940865352452249, 40.446603698051504 ], [ -79.9408594, 40.4465189 ], [ -79.941070834308718, 40.446490200050903 ], [ -79.941126945588621, 40.446487858728794 ], [ -79.941117233506105, 40.446408434581215 ], [ -79.9409451, 40.4464318 ], [ -79.9408756, 40.4464333 ], [ -79.940873, 40.4463637 ], [ -79.941084433815618, 40.446335000019033 ], [ -79.941153933783781, 40.446333399891436 ], [ -79.941154857306969, 40.446358155352065 ], [ -79.941323233724432, 40.446335299580923 ], [ -79.941431033658645, 40.446327599382784 ], [ -79.941442133940399, 40.446418599366488 ], [ -79.941710633776452, 40.446399398873005 ], [ -79.941723634105912, 40.446505798853885 ], [ -79.941603572416781, 40.44652209669178 ], [ -79.941607034291408, 40.446550499069808 ], [ -79.9413956, 40.4465792 ], [ -79.9412624, 40.4465887 ], [ -79.9412592, 40.4465622 ] ] ], [ [ [ -79.9404993, 40.4474113 ], [ -79.9403387, 40.447422699999983 ], [ -79.9403133, 40.4472146 ], [ -79.940524736706294, 40.447185901083841 ], [ -79.940592753448911, 40.447181061692646 ], [ -79.9405917, 40.4471724 ], [ -79.940803136466243, 40.447143700571154 ], [ -79.940814321529189, 40.447142907682789 ], [ -79.9408109, 40.4471152 ], [ -79.941022336201883, 40.447086500166442 ], [ -79.941067136174524, 40.447083300084103 ], [ -79.941070260765187, 40.447108567886239 ], [ -79.941105018090781, 40.447103849959113 ], [ -79.941322218024538, 40.447088349759525 ], [ -79.941333425565105, 40.447179227172207 ], [ -79.941340194907738, 40.447178308293957 ], [ -79.9413298, 40.447094099999987 ], [ -79.941435517989163, 40.447079749655373 ], [ -79.941752570520293, 40.447057145666491 ], [ -79.94175060000002, 40.4470411 ], [ -79.941856317824701, 40.447026749268169 ], [ -79.941960817792875, 40.447019349172145 ], [ -79.941963517826778, 40.447041249170162 ], [ -79.942287517727962, 40.447018148872417 ], [ -79.942313318053522, 40.447228448853416 ], [ -79.942213703246395, 40.447241971491664 ], [ -79.942218618155252, 40.447281548941483 ], [ -79.9421129, 40.4472959 ], [ -79.9413403, 40.447351 ], [ -79.9411572, 40.4473641 ], [ -79.9410307, 40.4473731 ], [ -79.94102191900437, 40.447301817510507 ], [ -79.9409027, 40.447318 ], [ -79.940704537403917, 40.447332058529923 ], [ -79.940710737252871, 40.447382600751347 ], [ -79.9404993, 40.4474113 ] ] ], [ [ [ -79.941627337814339, 40.447673699082571 ], [ -79.941829703514586, 40.447658706145234 ], [ -79.9418272, 40.4476388 ], [ -79.942210430261994, 40.447586777927697 ], [ -79.942397478983807, 40.447573173845818 ], [ -79.942397478983821, 40.447573173845818 ], [ -79.942517529876838, 40.447556876904024 ], [ -79.942665829711572, 40.447546076409992 ], [ -79.94269623106517, 40.447787376328343 ], [ -79.942394796181304, 40.447828296270501 ], [ -79.94239483151074, 40.447828577333965 ], [ -79.942420931481649, 40.447826677247015 ], [ -79.942430331902983, 40.447901777221816 ], [ -79.942454331876519, 40.447900077141867 ], [ -79.942471832658541, 40.448039477094909 ], [ -79.942447030142176, 40.448042844017444 ], [ -79.942456133100279, 40.448115077153219 ], [ -79.942432522182671, 40.448118282309984 ], [ -79.94243638440129, 40.448149029465974 ], [ -79.942612833047676, 40.448125076632913 ], [ -79.942738832907111, 40.448115876213166 ], [ -79.942769234266436, 40.448358176131599 ], [ -79.942386, 40.4484102 ], [ -79.9420793, 40.4484326 ], [ -79.9420785, 40.4484261 ], [ -79.9419276, 40.4484371 ], [ -79.94189214042531, 40.448155155992218 ], [ -79.941771, 40.4481716 ], [ -79.9414784, 40.4481932 ], [ -79.9414645, 40.448084 ], [ -79.941576924185043, 40.44806873945403 ], [ -79.9415706, 40.4480192 ], [ -79.9415382, 40.448021600000011 ], [ -79.941537964906161, 40.448019757283163 ], [ -79.941481950788017, 40.448027360684172 ], [ -79.941485139064099, 40.448053799360416 ], [ -79.9412737, 40.4480825 ], [ -79.941184, 40.4480889 ], [ -79.9411726, 40.4479952 ], [ -79.941384038828673, 40.447966499542005 ], [ -79.94152984853396, 40.447956139328824 ], [ -79.9415178, 40.4478617 ], [ -79.941549148603784, 40.447857444697519 ], [ -79.9415422, 40.4478034 ], [ -79.941505531131455, 40.447806107766802 ], [ -79.941505838285622, 40.447808699311501 ], [ -79.9412944, 40.4478374 ], [ -79.9412299, 40.447842 ], [ -79.9412269, 40.447817 ], [ -79.9411398, 40.4478232 ], [ -79.9411336, 40.4477719 ], [ -79.941258321893145, 40.447754970428107 ], [ -79.941255, 40.4477277 ], [ -79.941416332481538, 40.447705800741112 ], [ -79.9414159, 40.4477024 ], [ -79.941627337814339, 40.447673699082571 ] ] ], [ [ [ -79.940597678006256, 40.447967370940653 ], [ -79.9405883, 40.4478906 ], [ -79.940694019384111, 40.447876250353353 ], [ -79.940888319324941, 40.44786245017481 ], [ -79.940923319769624, 40.448149650149098 ], [ -79.9408176, 40.448164 ], [ -79.9407283, 40.4481703 ], [ -79.9407184, 40.448089 ], [ -79.9406548, 40.4480935 ], [ -79.9406528, 40.4480772 ], [ -79.9406095, 40.4480803 ], [ -79.9406054, 40.4480467 ], [ -79.9404605, 40.448057 ], [ -79.9404517, 40.4479846 ], [ -79.940557419558218, 40.447970250480765 ], [ -79.940597678006256, 40.447967370940653 ] ] ], [ [ [ -79.941566139469828, 40.448192799217992 ], [ -79.941646639418948, 40.448186499069998 ], [ -79.941655439621485, 40.448251999056779 ], [ -79.941444, 40.4482807 ], [ -79.941438226260587, 40.448281159032135 ], [ -79.941441319916308, 40.44830654967739 ], [ -79.9413356, 40.4483209 ], [ -79.9412008, 40.4483305 ], [ -79.9411821, 40.4481761 ], [ -79.941287819718326, 40.448161749814972 ], [ -79.941422519677403, 40.448152249691184 ], [ -79.941429716591216, 40.448211317299254 ], [ -79.941566139469828, 40.448192799217992 ] ] ], [ [ [ -79.940922740034637, 40.448293500402968 ], [ -79.941010939980785, 40.448287200240848 ], [ -79.941024940335978, 40.448401900220269 ], [ -79.9408135, 40.4484306 ], [ -79.9407253, 40.4484369 ], [ -79.9407113, 40.4483222 ], [ -79.940922740034637, 40.448293500402968 ] ] ], [ [ [ -79.941574440130253, 40.448403899212153 ], [ -79.941588640490082, 40.448520099191285 ], [ -79.9413772, 40.4485488 ], [ -79.9412731, 40.4485562 ], [ -79.9412659, 40.4484969 ], [ -79.9412207, 40.4485001 ], [ -79.941207, 40.4483879 ], [ -79.941418440049929, 40.44835919949638 ], [ -79.941528039983098, 40.44835139929495 ], [ -79.941534740154367, 40.448406699285123 ], [ -79.941574440130253, 40.448403899212153 ] ] ], [ [ [ -79.942508320051218, 40.448523348703368 ], [ -79.942516820161828, 40.44859474869714 ], [ -79.9424111, 40.4486091 ], [ -79.942254, 40.4486199 ], [ -79.9422456, 40.4485485 ], [ -79.942267831973368, 40.448545482091994 ], [ -79.9422623, 40.4484988 ], [ -79.942368020017156, 40.448484448831188 ], [ -79.94249221997967, 40.448475848717067 ], [ -79.942497920054336, 40.448524048712905 ], [ -79.942508320051218, 40.448523348703368 ] ] ], [ [ [ -79.94086, 40.4486276 ], [ -79.9406942, 40.4486394 ], [ -79.9406857, 40.448569 ], [ -79.940739379985672, 40.448561713882867 ], [ -79.9407348, 40.4485237 ], [ -79.940946240659031, 40.448495000368837 ], [ -79.941057840591142, 40.44848710016371 ], [ -79.94107144093735, 40.448598900143729 ], [ -79.94086, 40.4486276 ] ] ], [ [ [ -79.9416381, 40.4486648 ], [ -79.941637783656702, 40.448661627126711 ], [ -79.9416343, 40.4486621 ], [ -79.941584482787704, 40.448665462250112 ], [ -79.9413794, 40.4486933 ], [ -79.9412726, 40.4487009 ], [ -79.941264, 40.4486301 ], [ -79.941383539225441, 40.448613874008423 ], [ -79.9413755, 40.4485665 ], [ -79.941586940546387, 40.448537799195165 ], [ -79.941679940481563, 40.448528599024108 ], [ -79.941688340633945, 40.448578099010923 ], [ -79.941562138707539, 40.448595229732391 ], [ -79.941582240724244, 40.448593799206293 ], [ -79.94158299629747, 40.448600019352519 ], [ -79.94174964060808, 40.448577398898415 ], [ -79.941810462113224, 40.448573293853215 ], [ -79.941842840545405, 40.448568898727046 ], [ -79.941966740474641, 40.448561598499374 ], [ -79.941973540683279, 40.448628798489914 ], [ -79.9417621, 40.4486575 ], [ -79.9416381, 40.4486648 ] ] ], [ [ [ -79.943246220191767, 40.448703348030413 ], [ -79.9431405, 40.448717699999989 ], [ -79.9428993, 40.4487357 ], [ -79.9428961, 40.4487106 ], [ -79.9428594, 40.4487134 ], [ -79.9428547, 40.4486771 ], [ -79.9428506, 40.4486452 ], [ -79.94295632013376, 40.448630848294762 ], [ -79.9432342200476, 40.448610148039357 ], [ -79.943246220191767, 40.448703348030413 ] ] ], [ [ [ -79.942404320231788, 40.448625448801032 ], [ -79.94250422020275, 40.448619248709257 ], [ -79.942509420278157, 40.448667848705561 ], [ -79.942525720273437, 40.448666848690593 ], [ -79.942532220367923, 40.448727748685961 ], [ -79.94242650000001, 40.4487421 ], [ -79.9422893, 40.4487506 ], [ -79.9422854, 40.4487138 ], [ -79.942256, 40.4487156 ], [ -79.9422492, 40.4486512 ], [ -79.94229910161917, 40.448644426043543 ], [ -79.9422986, 40.4486398 ], [ -79.942404320231788, 40.448625448801032 ] ] ], [ [ [ -79.9418846, 40.448919 ], [ -79.9417439, 40.448929 ], [ -79.941743831023828, 40.4489284320723 ], [ -79.9416564, 40.448940300000018 ], [ -79.9414836, 40.448952599999984 ], [ -79.941477611845329, 40.448903364127958 ], [ -79.941408720899815, 40.448912715262892 ], [ -79.941409002278007, 40.448915024483888 ], [ -79.9411447, 40.4489509 ], [ -79.940963505664854, 40.448963749956171 ], [ -79.94096424214473, 40.448969800356942 ], [ -79.9407528, 40.4489985 ], [ -79.9406032, 40.4490092 ], [ -79.9405819, 40.4488343 ], [ -79.940793341694459, 40.448805600663192 ], [ -79.940900241629336, 40.448798000466702 ], [ -79.940909941875518, 40.448877500452468 ], [ -79.940951917570743, 40.448874551261589 ], [ -79.9409459, 40.4488252 ], [ -79.94121020187994, 40.448789324932847 ], [ -79.941392101741116, 40.448776324514931 ], [ -79.941392548021895, 40.448779987075739 ], [ -79.941541685428405, 40.448769410951023 ], [ -79.941541, 40.4487638 ], [ -79.941805301351636, 40.448727923564576 ], [ -79.941898401280397, 40.448721223350674 ], [ -79.941900728753964, 40.448740343550639 ], [ -79.941916961827914, 40.448738140028347 ], [ -79.9419142, 40.4487182 ], [ -79.942125640815419, 40.448689498213525 ], [ -79.942199140777305, 40.448686398078543 ], [ -79.942216641128624, 40.448800298051481 ], [ -79.942261443051692, 40.448796234666879 ], [ -79.942261, 40.4487926 ], [ -79.942472440915481, 40.448763897580527 ], [ -79.942651640806389, 40.44875119725117 ], [ -79.942662441080785, 40.448839797235294 ], [ -79.942451, 40.4488685 ], [ -79.9422129, 40.4488854 ], [ -79.942209018457945, 40.44885355698451 ], [ -79.942146326989601, 40.448862067031378 ], [ -79.942148901795775, 40.448883122785169 ], [ -79.9418846, 40.448919 ] ] ], [ [ [ -79.942126542941537, 40.449365898241986 ], [ -79.942202842896052, 40.449360798101758 ], [ -79.942209243071204, 40.449417298092534 ], [ -79.9419978, 40.449446 ], [ -79.9419215, 40.4494511 ], [ -79.941915812783833, 40.449400892548994 ], [ -79.9418082, 40.4494155 ], [ -79.941767792820812, 40.449418332554302 ], [ -79.94177244332684, 40.44944499889521 ], [ -79.941577635431983, 40.449471441938122 ], [ -79.941660043443477, 40.449468299102485 ], [ -79.941677511120616, 40.44949653286811 ], [ -79.9416994, 40.4494887 ], [ -79.941910843320613, 40.449459998641942 ], [ -79.942006243773591, 40.449615798473836 ], [ -79.941833544034552, 40.449677598793443 ], [ -79.941744783915084, 40.449689647055528 ], [ -79.941748844127289, 40.449696698949722 ], [ -79.941725044161615, 40.449704698993742 ], [ -79.941746844272359, 40.449742598955424 ], [ -79.941604844477112, 40.449790299218108 ], [ -79.9413934, 40.449819 ], [ -79.941388029336963, 40.449809669612478 ], [ -79.941383491849621, 40.449810285511525 ], [ -79.941410444762127, 40.44985709957777 ], [ -79.941135245159131, 40.449949600086818 ], [ -79.9409238, 40.4499783 ], [ -79.940888701481967, 40.44991730071014 ], [ -79.94082721990759, 40.449925645650154 ], [ -79.940834745240807, 40.44993870063773 ], [ -79.940781145318084, 40.449956700736884 ], [ -79.940815045490197, 40.45001560067729 ], [ -79.940715245634337, 40.450049200861905 ], [ -79.9405038, 40.4500779 ], [ -79.9404205, 40.4499333 ], [ -79.9405739, 40.449881700000013 ], [ -79.940682625639454, 40.449866942799211 ], [ -79.940670438420156, 40.449844475051471 ], [ -79.9404868, 40.4498694 ], [ -79.94046914930054, 40.449838805463493 ], [ -79.9403572, 40.449854 ], [ -79.9403272, 40.44980180000001 ], [ -79.940546, 40.4497282 ], [ -79.940757444518596, 40.449699500768894 ], [ -79.940775769152637, 40.449731399016756 ], [ -79.94083764456154, 40.449723000622804 ], [ -79.940867861127458, 40.449775481713132 ], [ -79.9408684, 40.4497753 ], [ -79.941009411194898, 40.449756160294335 ], [ -79.9410073, 40.4497525 ], [ -79.9411036, 40.4497201 ], [ -79.941315044278014, 40.449691399745433 ], [ -79.941344321448298, 40.449742250966722 ], [ -79.9413629, 40.449736 ], [ -79.9413501, 40.449713699999982 ], [ -79.9414074, 40.449694399999977 ], [ -79.9413865, 40.449658 ], [ -79.9414804, 40.4496264 ], [ -79.941566055982932, 40.449614773283407 ], [ -79.941532932887966, 40.449560679100998 ], [ -79.9414068, 40.4495778 ], [ -79.9413542, 40.4495006 ], [ -79.941527210468777, 40.449477116093156 ], [ -79.94147, 40.4494829 ], [ -79.9414621, 40.4494377 ], [ -79.941673543251838, 40.449408999075068 ], [ -79.941736128868939, 40.44940260285091 ], [ -79.9417312, 40.4493622 ], [ -79.941942642910647, 40.449333498577971 ], [ -79.942003256079119, 40.449329249474687 ], [ -79.942000962222323, 40.449315584366801 ], [ -79.9418955, 40.4493299 ], [ -79.9418299, 40.449337 ], [ -79.941824412761349, 40.449307720482032 ], [ -79.941745, 40.4493185 ], [ -79.9414773, 40.4493375 ], [ -79.9414631, 40.4492201 ], [ -79.941674542567355, 40.449191399063551 ], [ -79.941942142404358, 40.449172398571719 ], [ -79.941943255661414, 40.449181537958196 ], [ -79.942068602940338, 40.449164522984994 ], [ -79.942199102821192, 40.449150222684885 ], [ -79.942216898881924, 40.449245492545678 ], [ -79.942235807557154, 40.449243635421155 ], [ -79.9422254, 40.4491925 ], [ -79.942258383819905, 40.449188022620319 ], [ -79.942255292975148, 40.449172662058295 ], [ -79.9422447, 40.4491741 ], [ -79.9422349, 40.44916880000001 ], [ -79.9422329, 40.4491611 ], [ -79.9422371, 40.4491544 ], [ -79.9422467, 40.4491503 ], [ -79.942302199383732, 40.44914276622967 ], [ -79.9423004, 40.449134 ], [ -79.942577917555056, 40.44909632791969 ], [ -79.942648717484545, 40.449087927748714 ], [ -79.942651117531597, 40.449099627743607 ], [ -79.942730017453258, 40.449090327553058 ], [ -79.942742717703482, 40.44915252752611 ], [ -79.942723481064448, 40.44915513888435 ], [ -79.942732817908635, 40.449201027552789 ], [ -79.942607469619759, 40.449218043395994 ], [ -79.942609718087326, 40.449229227850871 ], [ -79.942412145426246, 40.449256047749529 ], [ -79.942418942610828, 40.4492965977024 ], [ -79.9422075, 40.4493253 ], [ -79.942014441964659, 40.449344165301511 ], [ -79.942018876274574, 40.44938051321801 ], [ -79.942126542941537, 40.449365898241986 ] ], [ [ -79.941007368221719, 40.449838358044673 ], [ -79.941013263795512, 40.449849244302456 ], [ -79.941055, 40.4498352 ], [ -79.941049906826834, 40.449826369708092 ], [ -79.94101884484941, 40.44983680029538 ], [ -79.941007368221719, 40.449838358044673 ] ] ], [ [ [ -79.943350720868736, 40.449146847944419 ], [ -79.943371021037876, 40.449256947928234 ], [ -79.9432653, 40.4492713 ], [ -79.9430519, 40.4492942 ], [ -79.9430448, 40.4492559 ], [ -79.9430232, 40.4492582 ], [ -79.9430153, 40.4492158 ], [ -79.9430099, 40.4491864 ], [ -79.943115620953733, 40.449172048160641 ], [ -79.943350720868736, 40.449146847944419 ] ] ], [ [ [ -79.940729210710117, 40.449379964993149 ], [ -79.9405956, 40.44939810000001 ], [ -79.9405302, 40.4492846 ], [ -79.9406408, 40.4492474 ], [ -79.94085224297045, 40.449218700573532 ], [ -79.940856564361923, 40.449226200203221 ], [ -79.940977203644749, 40.449209825490648 ], [ -79.941165103501476, 40.44919642505895 ], [ -79.941167323946999, 40.449214702559154 ], [ -79.941167342836295, 40.449214699995217 ], [ -79.941257142781552, 40.449208299830147 ], [ -79.941258531184843, 40.449219712493594 ], [ -79.941313142772501, 40.44921229972757 ], [ -79.941434842698513, 40.449203699503904 ], [ -79.941450843104178, 40.449334699480389 ], [ -79.941275416730093, 40.449358511248917 ], [ -79.941278943336499, 40.449387499798142 ], [ -79.9410675, 40.4494162 ], [ -79.9410043, 40.4494207 ], [ -79.9409995, 40.4493814 ], [ -79.940973, 40.4493833 ], [ -79.94097016558014, 40.449360110835869 ], [ -79.9409172, 40.4493673 ], [ -79.9407293, 40.4493807 ], [ -79.940729210710117, 40.449379964993149 ] ] ], [ [ [ -79.943354421155234, 40.449329547945069 ], [ -79.943378421146491, 40.449326947922984 ], [ -79.943391521256345, 40.449398447912564 ], [ -79.9432858, 40.4494128 ], [ -79.9430556, 40.4494373 ], [ -79.9430529, 40.4494235 ], [ -79.9430447, 40.4493783 ], [ -79.943063693573023, 40.44937572159278 ], [ -79.9430569, 40.4493388 ], [ -79.943162621184214, 40.449324448120933 ], [ -79.943349821116811, 40.449304547948742 ], [ -79.943354421155234, 40.449329547945069 ] ] ], [ [ [ -79.9414319, 40.4493667 ], [ -79.941643343040269, 40.449337999127337 ], [ -79.941703042993666, 40.449330499017456 ], [ -79.94171724319412, 40.449395998994312 ], [ -79.9415058, 40.4494247 ], [ -79.9414461, 40.4494322 ], [ -79.9414319, 40.4493667 ] ] ], [ [ [ -79.942527218674229, 40.44936132805725 ], [ -79.942772418438992, 40.44933442746521 ], [ -79.942791718853826, 40.449437327424732 ], [ -79.942670700883895, 40.449453755435904 ], [ -79.942674919074335, 40.449476427708305 ], [ -79.9423974, 40.4495141 ], [ -79.942280232204752, 40.449526907819035 ], [ -79.9421359, 40.4495465 ], [ -79.9420354, 40.4495575 ], [ -79.9420209, 40.44948039999997 ], [ -79.942232343170446, 40.449451698051654 ], [ -79.942259066845565, 40.449448775937462 ], [ -79.942249700000019, 40.449399 ], [ -79.942527218674229, 40.44936132805725 ] ] ], [ [ [ -79.940363, 40.4496575 ], [ -79.940282200000013, 40.4495172 ], [ -79.9403347, 40.4494995 ], [ -79.940546143881107, 40.449470801146404 ], [ -79.940546445413261, 40.449471325962058 ], [ -79.94066899695774, 40.449454692097852 ], [ -79.9406543, 40.4494292 ], [ -79.940735, 40.449402 ], [ -79.940946443420145, 40.449373300407572 ], [ -79.941002843706471, 40.449471300308467 ], [ -79.940922243823096, 40.449498500457565 ], [ -79.940748967892006, 40.449522019453376 ], [ -79.940772144081592, 40.449562300735806 ], [ -79.940574444366945, 40.449628801101518 ], [ -79.940363, 40.4496575 ] ] ], [ [ [ -79.943034, 40.4495721 ], [ -79.9430309, 40.4495558 ], [ -79.9430268, 40.4495348 ], [ -79.9430039, 40.4495374 ], [ -79.9429939, 40.4494859 ], [ -79.943205342812234, 40.44945719626665 ], [ -79.94347044261653, 40.449427495778927 ], [ -79.943487642889068, 40.44951629575133 ], [ -79.9432762, 40.449545 ], [ -79.943034, 40.4495721 ] ] ], [ [ [ -79.941238243529213, 40.449443799875304 ], [ -79.94131674348634, 40.44943979973111 ], [ -79.941323243720888, 40.449515199722548 ], [ -79.9411118, 40.4495439 ], [ -79.9410333, 40.4495478 ], [ -79.9410268, 40.449472499999978 ], [ -79.941238243529213, 40.449443799875304 ] ] ], [ [ [ -79.942261444058985, 40.449737898011023 ], [ -79.942256844063607, 40.449738798019489 ], [ -79.942280044256165, 40.449802897979794 ], [ -79.94219654434373, 40.449820498133789 ], [ -79.9419851, 40.4498492 ], [ -79.941963455123215, 40.449789554164177 ], [ -79.9419447, 40.4497921 ], [ -79.9418993, 40.4496666 ], [ -79.9420057, 40.4496441 ], [ -79.942217143690968, 40.449615398086848 ], [ -79.942219844484399, 40.449622866367051 ], [ -79.942218156280731, 40.449613849127907 ], [ -79.9421559, 40.4496223 ], [ -79.942047, 40.4496351 ], [ -79.9420335, 40.4495681 ], [ -79.942244943441295, 40.449539398032456 ], [ -79.942353943358995, 40.449526597831898 ], [ -79.942357196605343, 40.449542863820724 ], [ -79.942627819220746, 40.449506127823469 ], [ -79.942709119142847, 40.449497227627148 ], [ -79.942715219273026, 40.449529527614324 ], [ -79.942818719173545, 40.449518127364428 ], [ -79.942854219936692, 40.449707427289987 ], [ -79.9425767, 40.4497451 ], [ -79.9424302, 40.4497612 ], [ -79.9424136, 40.4496729 ], [ -79.942244601323836, 40.44969132432503 ], [ -79.942261444058985, 40.449737898011023 ] ] ], [ [ [ -79.943265643664532, 40.44973569616841 ], [ -79.943482243514566, 40.449714595770054 ], [ -79.943495643758411, 40.449793795748995 ], [ -79.9432842, 40.449822500000018 ], [ -79.9430675, 40.4498437 ], [ -79.9430594, 40.4497952 ], [ -79.9430542, 40.4497644 ], [ -79.943265643664532, 40.44973569616841 ] ] ], [ [ [ -79.94284294413923, 40.449834796948366 ], [ -79.942849144238707, 40.449867196938442 ], [ -79.942799270237089, 40.449873967254867 ], [ -79.942808544426669, 40.449921997015387 ], [ -79.9425971, 40.4499507 ], [ -79.9424261, 40.4499699 ], [ -79.9424098, 40.449886 ], [ -79.942473227259072, 40.44987739006865 ], [ -79.9424676, 40.4498483 ], [ -79.942679044154701, 40.449819597248428 ], [ -79.942836544038585, 40.449801996958662 ], [ -79.94284294413923, 40.449834796948366 ] ] ], [ [ [ -79.9417343, 40.4501391 ], [ -79.941732460077063, 40.450135604726341 ], [ -79.941699106978888, 40.450146823887117 ], [ -79.9414348, 40.4501827 ], [ -79.941430261130094, 40.450174823732212 ], [ -79.941361907341985, 40.45019782466332 ], [ -79.941131961972005, 40.450229035968832 ], [ -79.941152955790031, 40.450265457396554 ], [ -79.941240441892504, 40.450253582643924 ], [ -79.9412344, 40.4502455 ], [ -79.941309, 40.450213 ], [ -79.941520445748395, 40.450184299390507 ], [ -79.941558045892037, 40.450234599323764 ], [ -79.941483446022986, 40.450267099462081 ], [ -79.941307887941463, 40.450290928794274 ], [ -79.941320946231897, 40.450313599762332 ], [ -79.941188746422498, 40.450358000006872 ], [ -79.9409773, 40.4503867 ], [ -79.940970245017667, 40.450374437164946 ], [ -79.940881746686202, 40.45040420057223 ], [ -79.9406703, 40.45043290000001 ], [ -79.9406038, 40.4503174 ], [ -79.9408979, 40.4502185 ], [ -79.941074983513673, 40.450194464231821 ], [ -79.9410531, 40.4501565 ], [ -79.9412112, 40.4501033 ], [ -79.941283253690131, 40.450093519876887 ], [ -79.9412682, 40.4500674 ], [ -79.941450800000013, 40.450006 ], [ -79.941559328879833, 40.449991268685913 ], [ -79.941542, 40.4499612 ], [ -79.9416988, 40.4499084 ], [ -79.941910244640326, 40.449879698661725 ], [ -79.941974444965794, 40.449991098548892 ], [ -79.941885345094178, 40.450020998713683 ], [ -79.941895334091583, 40.450038360448211 ], [ -79.941973819331878, 40.450027706853248 ], [ -79.9419617, 40.4500067 ], [ -79.9420725, 40.4499695 ], [ -79.942283944688214, 40.449940797978776 ], [ -79.942315344847756, 40.449995397923601 ], [ -79.942204645007436, 40.450032598128359 ], [ -79.94201304186609, 40.450058606652021 ], [ -79.942027145241951, 40.450085398456402 ], [ -79.941945745351944, 40.45011039860686 ], [ -79.9417343, 40.4501391 ] ] ], [ [ [ -79.94268394460677, 40.449963997245874 ], [ -79.942817344509407, 40.449949397000466 ], [ -79.942826544659269, 40.449998196985753 ], [ -79.942872644625467, 40.449993096900933 ], [ -79.942880744757829, 40.450036196887972 ], [ -79.942884644821419, 40.450056896881755 ], [ -79.9426732, 40.4500856 ], [ -79.9425177, 40.4501025 ], [ -79.9425121, 40.450072400000018 ], [ -79.9424517, 40.450079 ], [ -79.9424421, 40.450028 ], [ -79.942478229522834, 40.450023095604607 ], [ -79.9424725, 40.4499927 ], [ -79.94268394460677, 40.449963997245874 ] ] ], [ [ [ -79.943434245199711, 40.450244695881679 ], [ -79.9432228, 40.4502734 ], [ -79.9431076, 40.45028820000001 ], [ -79.9430906, 40.4502117 ], [ -79.9430864, 40.4501929 ], [ -79.94329784499925, 40.450164196128377 ], [ -79.943462144869514, 40.450143095825979 ], [ -79.943473045019985, 40.450192295808158 ], [ -79.943424024294487, 40.450198950531345 ], [ -79.943434245199711, 40.450244695881679 ] ] ], [ [ [ -79.942906567720314, 40.450149445414432 ], [ -79.942971467648306, 40.450142145235304 ], [ -79.943001368352071, 40.450295045163237 ], [ -79.9426842, 40.4503381 ], [ -79.9424694, 40.4503624 ], [ -79.9424396, 40.4502095 ], [ -79.942499734277746, 40.450201337102577 ], [ -79.9424938, 40.4501709 ], [ -79.942810967673779, 40.450127845676114 ], [ -79.94290036757441, 40.450117745429395 ], [ -79.942906567720314, 40.450149445414432 ] ] ], [ [ [ -79.9415693, 40.4502728 ], [ -79.941795200000016, 40.4502335 ], [ -79.942006645625256, 40.450204798499335 ], [ -79.942009362104471, 40.450213930193442 ], [ -79.942195245501836, 40.450188698152544 ], [ -79.942316845664308, 40.450255297932408 ], [ -79.942303886313042, 40.450269118596502 ], [ -79.942369015133067, 40.450261245812605 ], [ -79.942388815269354, 40.450356145797556 ], [ -79.942394015305254, 40.450381145793592 ], [ -79.942326804205493, 40.45039026923812 ], [ -79.942336484617798, 40.450421273391321 ], [ -79.94228588465414, 40.45043047346126 ], [ -79.942310384831686, 40.450508773430144 ], [ -79.942168484933831, 40.450534673626294 ], [ -79.9420099, 40.4505562 ], [ -79.9419897, 40.45049130000001 ], [ -79.9420072, 40.4504881 ], [ -79.9419922, 40.45044 ], [ -79.9420701, 40.4504258 ], [ -79.9420666, 40.4504147 ], [ -79.9421636, 40.450397 ], [ -79.94219197439476, 40.450393148417902 ], [ -79.942179386756663, 40.450332778133621 ], [ -79.9420422, 40.4503514 ], [ -79.9419813, 40.450318 ], [ -79.941992500000012, 40.4503061 ], [ -79.941988349226264, 40.450303819131321 ], [ -79.941971845959046, 40.450306698567708 ], [ -79.941978546027201, 40.45032919855641 ], [ -79.941925946076097, 40.450338298653335 ], [ -79.9417145, 40.450367 ], [ -79.941712404620077, 40.450360015400605 ], [ -79.9415998, 40.4503753 ], [ -79.9415693, 40.4502728 ] ] ], [ [ [ -79.9416494, 40.4504886 ], [ -79.941755123263249, 40.450474249437754 ], [ -79.941798123456479, 40.45060244940116 ], [ -79.941697923506638, 40.450622049493525 ], [ -79.9415922, 40.4506364 ], [ -79.9415492, 40.4505082 ], [ -79.9416494, 40.4504886 ] ] ], [ [ [ -79.941367347463739, 40.450711099694892 ], [ -79.941288147579513, 40.450738199841403 ], [ -79.941291647597026, 40.450744199835249 ], [ -79.941228647688959, 40.450765699951809 ], [ -79.9410172, 40.4507944 ], [ -79.94095973389561, 40.450696243629196 ], [ -79.9408908, 40.4507056 ], [ -79.9407989, 40.4505486 ], [ -79.9409176, 40.4505081 ], [ -79.941129046827228, 40.4504794001218 ], [ -79.941238331500813, 40.450666323672266 ], [ -79.9413335472954, 40.450653399754337 ], [ -79.941367347463739, 40.450711099694892 ] ] ], [ [ [ -79.9417318, 40.4506853 ], [ -79.941890385318743, 40.450663774013314 ], [ -79.941920985525414, 40.450755173974251 ], [ -79.941820685600902, 40.450774874112938 ], [ -79.9416621, 40.4507964 ], [ -79.941645566162336, 40.450747175510934 ], [ -79.941537447591799, 40.450772699385517 ], [ -79.941326, 40.4508014 ], [ -79.9413009, 40.4507395 ], [ -79.941475, 40.4506984 ], [ -79.941686447210458, 40.450669699107536 ], [ -79.941695649596269, 40.450692393267929 ], [ -79.9417318, 40.4506853 ] ] ], [ [ [ -79.9412047, 40.4509813 ], [ -79.941268, 40.4509687 ], [ -79.941261, 40.4509482 ], [ -79.9412842, 40.4509436 ], [ -79.9412611, 40.4508756 ], [ -79.9413531, 40.450857300000024 ], [ -79.941564547757096, 40.450828599338308 ], [ -79.941576568494867, 40.450863943564173 ], [ -79.941646147807035, 40.45085449918971 ], [ -79.94164832818781, 40.45086091715536 ], [ -79.9416904, 40.4508527 ], [ -79.9416827, 40.4508296 ], [ -79.94178, 40.450810499999989 ], [ -79.941885723744079, 40.4507961493251 ], [ -79.941936423971526, 40.450947049281957 ], [ -79.94183172402397, 40.450967549378468 ], [ -79.941726, 40.4509819 ], [ -79.941702192475134, 40.45091095549158 ], [ -79.941666952800972, 40.450915738780964 ], [ -79.94168864818397, 40.450979599117289 ], [ -79.941617548255735, 40.450993699248379 ], [ -79.941509606744049, 40.451008350650476 ], [ -79.941515848398737, 40.451026699436468 ], [ -79.941446048469373, 40.451040599565161 ], [ -79.9412346, 40.4510693 ], [ -79.9412047, 40.4509813 ] ] ], [ [ [ -79.94072854874841, 40.45104130088172 ], [ -79.940784849029484, 40.451137600782694 ], [ -79.940693849162358, 40.451168700951065 ], [ -79.9404824, 40.4511974 ], [ -79.940426, 40.451101099999988 ], [ -79.9405171, 40.45107 ], [ -79.94072854874841, 40.45104130088172 ] ] ], [ [ [ -79.940812449138292, 40.451175600733755 ], [ -79.940858549368286, 40.451254400652672 ], [ -79.940663949652446, 40.451320901012707 ], [ -79.9404525, 40.4513496 ], [ -79.9404064, 40.45127080000001 ], [ -79.940601, 40.4512043 ], [ -79.940812449138292, 40.451175600733755 ] ] ], [ [ [ -79.942567950527859, 40.451832997541878 ], [ -79.942270850832443, 40.451893398089709 ], [ -79.9420594, 40.4519221 ], [ -79.9419944, 40.4517364 ], [ -79.9423794, 40.4516583 ], [ -79.942292986480254, 40.451411959861773 ], [ -79.942114849492839, 40.45144819835614 ], [ -79.9419034, 40.45147690000001 ], [ -79.9418365, 40.4512865 ], [ -79.9421515, 40.4512226 ], [ -79.94222326169654, 40.451212859087157 ], [ -79.9422216, 40.4512084 ], [ -79.942469100000011, 40.4511581 ], [ -79.942619611446588, 40.451137669114893 ], [ -79.9428662, 40.4510877 ], [ -79.943077647897525, 40.451058996572215 ], [ -79.943125348310815, 40.451196296490778 ], [ -79.943033448404776, 40.451214896660218 ], [ -79.943054836199678, 40.451276467019454 ], [ -79.94312754853101, 40.451266596489859 ], [ -79.943200649157077, 40.45147469636499 ], [ -79.943129149230259, 40.451489196496837 ], [ -79.943150425381148, 40.451547932702638 ], [ -79.943244249330476, 40.451535196287679 ], [ -79.943293049749627, 40.451674496204326 ], [ -79.942899650152697, 40.451754396929751 ], [ -79.942903450184232, 40.451764896923223 ], [ -79.942655950437924, 40.451815197379602 ], [ -79.942565992434112, 40.45182740847325 ], [ -79.942567950527859, 40.451832997541878 ] ] ], [ [ [ -79.940745513803307, 40.451766226164438 ], [ -79.9404812, 40.4518021 ], [ -79.94042690000002, 40.4517124 ], [ -79.94056470000001, 40.4516641 ], [ -79.940603606932498, 40.451658819378956 ], [ -79.9405869, 40.4516293 ], [ -79.9406566, 40.4516065 ], [ -79.9407241, 40.4515843 ], [ -79.940864778714769, 40.451565206171104 ], [ -79.9409344, 40.4515418 ], [ -79.941211928182724, 40.451504131350035 ], [ -79.941263428522262, 40.45159273123118 ], [ -79.941156728724451, 40.451628631490252 ], [ -79.941165328781608, 40.451643531470403 ], [ -79.941097128910627, 40.451666431635999 ], [ -79.941058115941459, 40.451671726819967 ], [ -79.941074113384644, 40.451700025407064 ], [ -79.941022352214205, 40.451716955656742 ], [ -79.941035517555804, 40.451741446990418 ], [ -79.940954917607215, 40.451766447060287 ], [ -79.9408558, 40.4517799 ], [ -79.940838774407752, 40.451748289994399 ], [ -79.940770088549769, 40.451757612464014 ], [ -79.940745513803307, 40.451766226164438 ] ] ], [ [ [ -79.941027, 40.4520718 ], [ -79.941006625614605, 40.45203703505976 ], [ -79.940835551911391, 40.452060400730787 ], [ -79.9406241, 40.4520891 ], [ -79.9406101, 40.4520296 ], [ -79.940819500000018, 40.452001 ], [ -79.940973275024689, 40.451980128657461 ], [ -79.940906906022292, 40.451866882340433 ], [ -79.940833773273951, 40.451890822738278 ], [ -79.940852151488684, 40.451928000694437 ], [ -79.940768351597129, 40.451952200849284 ], [ -79.940728362749155, 40.45195762834512 ], [ -79.940730951642678, 40.451962100918323 ], [ -79.940670951729658, 40.451982401029333 ], [ -79.9404595, 40.4520111 ], [ -79.9404327, 40.4519648 ], [ -79.9404927, 40.4519445 ], [ -79.940536001318279, 40.451938623007479 ], [ -79.9405264, 40.4519192 ], [ -79.9406102, 40.451895 ], [ -79.940709721206275, 40.451881492524471 ], [ -79.9406958, 40.4518569 ], [ -79.9407404, 40.451842200000016 ], [ -79.940785, 40.4518276 ], [ -79.940876598285485, 40.4518151677064 ], [ -79.9408765, 40.451815 ], [ -79.9409702, 40.451783 ], [ -79.941234513492375, 40.451747125041777 ], [ -79.941385014429102, 40.452003924710887 ], [ -79.941291314600079, 40.452035924927564 ], [ -79.941027, 40.4520718 ] ] ], [ [ [ -79.9411486, 40.452057499999988 ], [ -79.941360051609664, 40.452028799766964 ], [ -79.941379151696296, 40.452058699733243 ], [ -79.941280251850799, 40.452095699916363 ], [ -79.9410688, 40.4521244 ], [ -79.9410497, 40.4520944 ], [ -79.9411486, 40.452057499999988 ] ] ], [ [ [ -79.941102656474044, 40.452326415490219 ], [ -79.941110215879903, 40.452339325359844 ], [ -79.941038816010263, 40.452363725524982 ], [ -79.940885532665121, 40.452384530092544 ], [ -79.940899352980068, 40.452408100629206 ], [ -79.94080535311727, 40.45244020080311 ], [ -79.94074255947406, 40.452448723431012 ], [ -79.940746353187194, 40.452455200912048 ], [ -79.940669053300041, 40.452481601055055 ], [ -79.9404576, 40.4525103 ], [ -79.940397, 40.452407 ], [ -79.9404744, 40.452380600000012 ], [ -79.940537085772746, 40.452372092153297 ], [ -79.9405304, 40.4523607 ], [ -79.940556695674346, 40.452351692343711 ], [ -79.9404137, 40.4523711 ], [ -79.9403827, 40.4523183 ], [ -79.940402304203857, 40.452311592458095 ], [ -79.940321200000014, 40.4523226 ], [ -79.9402818, 40.4522554 ], [ -79.9405574, 40.4521611 ], [ -79.940768852163529, 40.452132400856399 ], [ -79.940796048557843, 40.452178668890618 ], [ -79.9408194, 40.4521707 ], [ -79.941030852092609, 40.452142000376057 ], [ -79.941064385514267, 40.452199086691905 ], [ -79.9411163, 40.4521813 ], [ -79.94114965266067, 40.452176773104405 ], [ -79.9411308, 40.4521446 ], [ -79.941232200000016, 40.452109900000011 ], [ -79.941443651742176, 40.452081199615897 ], [ -79.941513852091759, 40.452200999492419 ], [ -79.941430020099517, 40.45222968776681 ], [ -79.941436315333888, 40.452240424606394 ], [ -79.941353715484581, 40.452268624797412 ], [ -79.941221349867874, 40.452286590693816 ], [ -79.941106452641691, 40.452325900245533 ], [ -79.941102656474044, 40.452326415490219 ] ], [ [ -79.941033739234456, 40.452209666846564 ], [ -79.941018137807887, 40.452214983569931 ], [ -79.941035478395378, 40.452212629981496 ], [ -79.941033739234456, 40.452209666846564 ] ], [ [ -79.940847401023703, 40.452273417817608 ], [ -79.9408427, 40.4522654 ], [ -79.940946479031055, 40.45222989454448 ], [ -79.9407814, 40.4522523 ], [ -79.94076018493395, 40.452216076078528 ], [ -79.940634102820511, 40.45225920134623 ], [ -79.94071515254835, 40.452248200960064 ], [ -79.940743871127665, 40.452297114894932 ], [ -79.9407908, 40.4522811 ], [ -79.940847401023703, 40.452273417817608 ] ], [ [ -79.940721590627319, 40.452309404861289 ], [ -79.940692989457091, 40.452319190791016 ], [ -79.940724798595909, 40.452314873525012 ], [ -79.940721590627319, 40.452309404861289 ] ] ], [ [ [ -79.940154735933874, 40.45508592200472 ], [ -79.940171136256097, 40.455118221907789 ], [ -79.940141636387139, 40.455126922092248 ], [ -79.940160046861862, 40.455163295362119 ], [ -79.940191536663491, 40.455159021787324 ], [ -79.940209037006625, 40.455193421683866 ], [ -79.940179537137681, 40.455202121868311 ], [ -79.940192137387186, 40.455227121793847 ], [ -79.940145237594137, 40.455240822087056 ], [ -79.940158637857493, 40.455267222007855 ], [ -79.940082738193809, 40.455289522482367 ], [ -79.9393674, 40.4553866 ], [ -79.939355808994051, 40.4553637779604 ], [ -79.9392908, 40.455372600000018 ], [ -79.9392657, 40.455323 ], [ -79.9392226, 40.4552379 ], [ -79.939177084197567, 40.455148042999205 ], [ -79.9391634, 40.4551499 ], [ -79.9391438, 40.4551112 ], [ -79.9391323, 40.4550884 ], [ -79.939131182859896, 40.455086190005694 ], [ -79.939081, 40.455093 ], [ -79.9388361, 40.4546094 ], [ -79.9388553, 40.4546038 ], [ -79.938832448610597, 40.454558750120341 ], [ -79.9388085, 40.454562 ], [ -79.9386831, 40.454314299999972 ], [ -79.9388398, 40.4542683 ], [ -79.938967204273041, 40.454251010777291 ], [ -79.9392061, 40.4541809 ], [ -79.939469963122292, 40.454145091735491 ], [ -79.9395862, 40.454111 ], [ -79.939994586511631, 40.454055577073397 ], [ -79.9402917, 40.4539684 ], [ -79.941007021900589, 40.453871316530957 ], [ -79.941014690631462, 40.453886392218294 ], [ -79.941030722006886, 40.453884216385795 ], [ -79.941037365059984, 40.45389717414934 ], [ -79.941058422078171, 40.453894316215369 ], [ -79.941084922599913, 40.453946616058722 ], [ -79.941065122687462, 40.453952416182517 ], [ -79.941069431837121, 40.453960957338694 ], [ -79.941469568902335, 40.45390664854466 ], [ -79.941480569094253, 40.453928448487297 ], [ -79.941590110669367, 40.45414479087335 ], [ -79.942023644877622, 40.45408594733221 ], [ -79.942057945360233, 40.454151547182143 ], [ -79.942156355381414, 40.454339675941299 ], [ -79.942380546288717, 40.454309245719763 ], [ -79.942671946772464, 40.454406544393798 ], [ -79.942758948028143, 40.454576944013631 ], [ -79.942741648077842, 40.454581144093467 ], [ -79.942711648179909, 40.454590444232132 ], [ -79.942694748228433, 40.454594544310098 ], [ -79.942013250497709, 40.454799547459309 ], [ -79.9414846, 40.4548713 ], [ -79.941335610362941, 40.454583578667467 ], [ -79.9407998, 40.454656300000011 ], [ -79.940692073289782, 40.454443601636349 ], [ -79.940390577441846, 40.454484519988256 ], [ -79.940218029991797, 40.454535121528721 ], [ -79.940302131648991, 40.454701221031719 ], [ -79.940401833613492, 40.454898120442508 ], [ -79.94011713487339, 40.454981622222405 ], [ -79.94013213516763, 40.45501112213374 ], [ -79.940089535356222, 40.455023622400084 ], [ -79.940123245301052, 40.455090195687106 ], [ -79.940154735933874, 40.45508592200472 ] ] ] ] } }
]
}
