{
"type": "FeatureCollection",
"name": "trees",
"crs": { "type": "name", "properties": { "name": "urn:ogc:def:crs:OGC:1.3:CRS84" } },
"features": [
{ "type": "Feature", "properties": { "common_name": "Hornbeam: European", "condition": "Good", "height": 4.8768, "width": 1.524, "crown_r_m": 1.0, "crown_h_m": 3.16992, "height_imputed": false, "width_imputed": false, "neighborhood": "Shadyside", "tree_id": "t00000" }, "geometry": { "type": "Point", "coordinates": [ -79.94128786, 40.4513208 ] } },
{ "type": "Feature", "properties": { "common_name": "Linden: Littleleaf", "condition": "Fair", "height": 6.096, "width": 2.7432, "crown_r_m": 1.3716, "crown_h_m": 3.9624, "height_imputed": false, "width_imputed": false, "neighborhood": "Shadyside", "tree_id": "t00001" }, "geometry": { "type": "Point", "coordinates": [ -79.94274916, 40.4491445 ] } },
{ "type": "Feature", "properties": { "common_name": "Hornbeam: European", "condition": "Good", "height": 4.8768, "width": 1.2192, "crown_r_m": 1.0, "crown_h_m": 3.16992, "height_imputed": false, "width_imputed": false, "neighborhood": "Shadyside", "tree_id": "t00002" }, "geometry": { "type": "Point", "coordinates": [ -79.94120741, 40.45133732 ] } },
{ "type": "Feature", "properties": { "common_name": "Zelkova: Japanese", "condition": "Fair", "height": 9.7536, "width": 2.4384, "crown_r_m": 1.2192, "crown_h_m": 6.33984, "height_imputed": false, "width_imputed": false, "neighborhood": "Shadyside", "tree_id": "t00003" }, "geometry": { "type": "Point", "coordinates": [ -79.94277868, 40.45001481 ] } },
{ "type": "Feature", "properties": { "common_name": "Linden: Littleleaf", "condition": "Fair", "height": 5.4864, "width": 2.7432, "crown_r_m": 1.3716, "crown_h_m": 3.56616, "height_imputed": false, "width_imputed": false, "neighborhood": "Shadyside", "tree_id": "t00004" }, "geometry": { "type": "Point", "coordinates": [ -79.94272277, 40.44901188 ] } },
{ "type": "Feature", "properties": { "common_name": "Maple: Red", "condition": "Fair", "height": 8.5344, "width": 2.4384, "crown_r_m": 1.2192, "crown_h_m": 5.54736, "height_imputed": false, "width_imputed": false, "neighborhood": "Shadyside", "tree_id": "t00005" }, "geometry": { "type": "Point", "coordinates": [ -79.9484958, 40.45041828 ] } },
{ "type": "Feature", "properties": { "common_name": "Maple: Freeman", "condition": "Fair", "height": 4.572, "width": 1.8288, "crown_r_m": 1.0, "crown_h_m": 2.9718, "height_imputed": false, "width_imputed": false, "neighborhood": "Shadyside", "tree_id": "t00006" }, "geometry": { "type": "Point", "coordinates": [ -79.94597041, 40.44968911 ] } },
{ "type": "Feature", "properties": { "common_name": "Dogwood: Corneliancherry", "condition": "Good", "height": 2.4384, "width": 1.2192, "crown_r_m": 1.0, "crown_h_m": 1.58496, "height_imputed": false, "width_imputed": false, "neighborhood": "Shadyside", "tree_id": "t00007" }, "geometry": { "type": "Point", "coordinates": [ -79.94561142, 40.45001613 ] } },
{ "type": "Feature", "properties": { "common_name": "Oak: Pin", "condition": "Poor", "height": 18.288, "width": 7.62, "crown_r_m": 3.81, "crown_h_m": 11.8872, "height_imputed": false, "width_imputed": false, "neighborhood": "Shadyside", "tree_id": "t00008" }, "geometry": { "type": "Point", "coordinates": [ -79.94636623, 40.45339174 ] } },
{ "type": "Feature", "properties": { "common_name": "Pear: Callery", "condition": "Fair", "height": 3.9624, "width": 1.524, "crown_r_m": 1.0, "crown_h_m": 2.57556, "height_imputed": false, "width_imputed": false, "neighborhood": "Shadyside", "tree_id": "t00009" }, "geometry": { "type": "Point", "coordinates": [ -79.94787312, 40.45195882 ] } },
{ "type": "Feature", "properties": { "common_name": "Oak: Pin", "condition": "Fair", "height": 19.5072, "width": 9.144, "crown_r_m": 4.572, "crown_h_m": 12.67968, "height_imputed": false, "width_imputed": false, "neighborhood": "Shadyside", "tree_id": "t00010" }, "geometry": { "type": "Point", "coordinates": [ -79.945160730000012, 40.45062579 ] } },
{ "type": "Feature", "properties": { "common_name": "Oak: Pin", "condition": "Fair", "height": 19.812, "width": 8.5344, "crown_r_m": 4.2672, "crown_h_m": 12.8778, "height_imputed": false, "width_imputed": false, "neighborhood": "Shadyside", "tree_id": "t00011" }, "geometry": { "type": "Point", "coordinates": [ -79.94565266, 40.45179011 ] } },
{ "type": "Feature", "properties": { "common_name": "Crabapple: Flowering", "condition": "Fair", "height": 3.9624, "width": 1.524, "crown_r_m": 1.0, "crown_h_m": 2.57556, "height_imputed": false, "width_imputed": false, "neighborhood": "Shadyside", "tree_id": "t00012" }, "geometry": { "type": "Point", "coordinates": [ -79.94414755, 40.44796023 ] } },
{ "type": "Feature", "properties": { "common_name": "Oak: Northern Red", "condition": "Fair", "height": 15.24, "width": 4.572, "crown_r_m": 2.286, "crown_h_m": 9.906, "height_imputed": false, "width_imputed": false, "neighborhood": "Shadyside", "tree_id": "t00013" }, "geometry": { "type": "Point", "coordinates": [ -79.94422221, 40.44746385 ] } },
{ "type": "Feature", "properties": { "common_name": "Maple: Freeman", "condition": "Good", "height": 6.096, "width": 1.524, "crown_r_m": 1.0, "crown_h_m": 3.9624, "height_imputed": false, "width_imputed": false, "neighborhood": "Shadyside", "tree_id": "t00014" }, "geometry": { "type": "Point", "coordinates": [ -79.94428838, 40.44896998 ] } },
{ "type": "Feature", "properties": { "common_name": "Oak: Pin", "condition": "Fair", "height": 16.764, "width": 4.572, "crown_r_m": 2.286, "crown_h_m": 10.8966, "height_imputed": false, "width_imputed": false, "neighborhood": "Shadyside", "tree_id": "t00015" }, "geometry": { "type": "Point", "coordinates": [ -79.94426442, 40.44891232 ] } },
{ "type": "Feature", "properties": { "common_name": "Oak: Pin", "condition": "Fair", "height": 18.288, "width": 6.096, "crown_r_m": 3.048, "crown_h_m": 11.8872, "height_imputed": false, "width_imputed": false, "neighborhood": "Shadyside", "tree_id": "t00016" }, "geometry": { "type": "Point", "coordinates": [ -79.94522735, 40.45112699 ] } },
{ "type": "Feature", "properties": { "common_name": "Oak: Pin", "condition": "Fair", "height": 19.812, "width": 6.096, "crown_r_m": 3.048, "crown_h_m": 12.8778, "height_imputed": false, "width_imputed": false, "neighborhood": "Shadyside", "tree_id": "t00017" }, "geometry": { "type": "Point", "coordinates": [ -79.94507687, 40.45080174 ] } },
{ "type": "Feature", "properties": { "common_name": "Hornbeam: European", "condition": "Good", "height": 5.1816, "width": 1.524, "crown_r_m": 1.0, "crown_h_m": 3.36804, "height_imputed": false, "width_imputed": false, "neighborhood": "Shadyside", "tree_id": "t00018" }, "geometry": { "type": "Point", "coordinates": [ -79.94144, 40.45128229 ] } },
{ "type": "Feature", "properties": { "common_name": "Hornbeam: European", "condition": "Good", "height": 4.8768, "width": 1.524, "crown_r_m": 1.0, "crown_h_m": 3.16992, "height_imputed": false, "width_imputed": false, "neighborhood": "Shadyside", "tree_id": "t00019" }, "geometry": { "type": "Point", "coordinates": [ -79.94137067, 40.45130142 ] } },
{ "type": "Feature", "properties": { "common_name": "Hornbeam: European", "condition": "Good", "height": 4.8768, "width": 1.524, "crown_r_m": 1.0, "crown_h_m": 3.16992, "height_imputed": false, "width_imputed": false, "neighborhood": "Shadyside", "tree_id": "t00020" }, "geometry": { "type": "Point", "coordinates": [ -79.94158772, 40.45125887 ] } },
{ "type": "Feature", "properties": { "common_name": "Linden: Littleleaf", "condition": "Fair", "height": 9.144, "width": 3.048, "crown_r_m": 1.524, "crown_h_m": 5.9436, "height_imputed": false, "width_imputed": false, "neighborhood": "Shadyside", "tree_id": "t00021" }, "geometry": { "type": "Point", "coordinates": [ -79.94361332, 40.450813589999989 ] } },
{ "type": "Feature", "properties": { "common_name": "Oak: Pin", "condition": "Fair", "height": 21.336, "width": 3.6576, "crown_r_m": 1.8288, "crown_h_m": 13.8684, "height_imputed": false, "width_imputed": false, "neighborhood": "Shadyside", "tree_id": "t00022" }, "geometry": { "type": "Point", "coordinates": [ -79.94322485, 40.45094283 ] } },
{ "type": "Feature", "properties": { "common_name": "Hornbeam: European", "condition": "Good", "height": 5.1816, "width": 1.524, "crown_r_m": 1.0, "crown_h_m": 3.36804, "height_imputed": false, "width_imputed": false, "neighborhood": "Shadyside", "tree_id": "t00023" }, "geometry": { "type": "Point", "coordinates": [ -79.94150837, 40.45127162 ] } },
{ "type": "Feature", "properties": { "common_name": "Maple: Red", "condition": "Fair", "height": 8.5344, "width": 2.7432, "crown_r_m": 1.3716, "crown_h_m": 5.54736, "height_imputed": false, "width_imputed": false, "neighborhood": "Shadyside", "tree_id": "t00024" }, "geometry": { "type": "Point", "coordinates": [ -79.94350392, 40.450845669999985 ] } },
{ "type": "Feature", "properties": { "common_name": "Linden: Littleleaf", "condition": "Fair", "height": 7.62, "width": 2.7432, "crown_r_m": 1.3716, "crown_h_m": 4.953, "height_imputed": false, "width_imputed": false, "neighborhood": "Shadyside", "tree_id": "t00025" }, "geometry": { "type": "Point", "coordinates": [ -79.943157490000019, 40.45106035 ] } },
{ "type": "Feature", "properties": { "common_name": "Linden: Littleleaf", "condition": "Fair", "height": 8.5344, "width": 3.3528, "crown_r_m": 1.6764, "crown_h_m": 5.54736, "height_imputed": false, "width_imputed": false, "neighborhood": "Shadyside", "tree_id": "t00026" }, "geometry": { "type": "Point", "coordinates": [ -79.94375, 40.45079038 ] } },
{ "type": "Feature", "properties": { "common_name": "Sweetgum: American", "condition": "Fair", "height": 7.9248, "width": 2.7432, "crown_r_m": 1.3716, "crown_h_m": 5.15112, "height_imputed": false, "width_imputed": false, "neighborhood": "Shadyside", "tree_id": "t00027" }, "geometry": { "type": "Point", "coordinates": [ -79.9414177, 40.45301321 ] } },
{ "type": "Feature", "properties": { "common_name": "Sweetgum: American", "condition": "Poor", "height": 6.7056, "width": 2.4384, "crown_r_m": 1.2192, "crown_h_m": 4.35864, "height_imputed": false, "width_imputed": false, "neighborhood": "Shadyside", "tree_id": "t00028" }, "geometry": { "type": "Point", "coordinates": [ -79.94149488, 40.45278254 ] } },
{ "type": "Feature", "properties": { "common_name": "Sweetgum: American", "condition": "Poor", "height": 7.3152, "width": 2.7432, "crown_r_m": 1.3716, "crown_h_m": 4.75488, "height_imputed": false, "width_imputed": false, "neighborhood": "Shadyside", "tree_id": "t00029" }, "geometry": { "type": "Point", "coordinates": [ -79.94151973, 40.45271645 ] } },
{ "type": "Feature", "properties": { "common_name": "Sweetgum: American", "condition": "Fair", "height": 7.9248, "width": 3.048, "crown_r_m": 1.524, "crown_h_m": 5.15112, "height_imputed": false, "width_imputed": false, "neighborhood": "Shadyside", "tree_id": "t00030" }, "geometry": { "type": "Point", "coordinates": [ -79.94138478, 40.45309539 ] } },
{ "type": "Feature", "properties": { "common_name": "Honeylocust: Thornless", "condition": "Fair", "height": 3.6576, "width": 1.2192, "crown_r_m": 1.0, "crown_h_m": 2.37744, "height_imputed": false, "width_imputed": false, "neighborhood": "Shadyside", "tree_id": "t00031" }, "geometry": { "type": "Point", "coordinates": [ -79.94427472, 40.453970320000018 ] } },
{ "type": "Feature", "properties": { "common_name": "Oak: Black", "condition": "Fair", "height": 15.24, "width": 2.4384, "crown_r_m": 1.2192, "crown_h_m": 9.906, "height_imputed": false, "width_imputed": false, "neighborhood": "Shadyside", "tree_id": "t00032" }, "geometry": { "type": "Point", "coordinates": [ -79.94117219, 40.45370968 ] } },
{ "type": "Feature", "properties": { "common_name": "Sweetgum: American", "condition": "Fair", "height": 7.62, "width": 2.7432, "crown_r_m": 1.3716, "crown_h_m": 4.953, "height_imputed": false, "width_imputed": false, "neighborhood": "Shadyside", "tree_id": "t00033" }, "geometry": { "type": "Point", "coordinates": [ -79.94133189, 40.45324263 ] } },
{ "type": "Feature", "properties": { "common_name": "Crabapple: Flowering", "condition": "Fair", "height": 3.048, "width": 1.524, "crown_r_m": 1.0, "crown_h_m": 1.9812, "height_imputed": false, "width_imputed": false, "neighborhood": "Central Oakland", "tree_id": "t00034" }, "geometry": { "type": "Point", "coordinates": [ -79.95428636, 40.436266799999984 ] } },
{ "type": "Feature", "properties": { "common_name": "Oak: Pin", "condition": "Good", "height": 9.144, "width": 2.4384, "crown_r_m": 1.2192, "crown_h_m": 5.9436, "height_imputed": false, "width_imputed": false, "neighborhood": "Shadyside", "tree_id": "t00035" }, "geometry": { "type": "Point", "coordinates": [ -79.94115678, 40.45149782 ] } },
{ "type": "Feature", "properties": { "common_name": "Tree-of-Heaven", "condition": "Critical", "height": 13.716, "width": 3.048, "crown_r_m": 1.524, "crown_h_m": 8.9154, "height_imputed": false, "width_imputed": false, "neighborhood": "Middle Hill", "tree_id": "t00036" }, "geometry": { "type": "Point", "coordinates": [ -79.96603936, 40.45117917000001 ] } },
{ "type": "Feature", "properties": { "common_name": "Linden: Littleleaf", "condition": "Poor", "height": 6.096, "width": 3.6576, "crown_r_m": 1.8288, "crown_h_m": 3.9624, "height_imputed": false, "width_imputed": false, "neighborhood": "Middle Hill", "tree_id": "t00037" }, "geometry": { "type": "Point", "coordinates": [ -79.96667428, 40.45029745 ] } },
{ "type": "Feature", "properties": { "common_name": "Mulberry: White", "condition": "Fair", "height": 9.144, "width": 3.6576, "crown_r_m": 1.8288, "crown_h_m": 5.9436, "height_imputed": false, "width_imputed": false, "neighborhood": "Middle Hill", "tree_id": "t00038" }, "geometry": { "type": "Point", "coordinates": [ -79.96625306, 40.45124313 ] } },
{ "type": "Feature", "properties": { "common_name": "Mulberry: White", "condition": "Poor", "height": 9.144, "width": 2.4384, "crown_r_m": 1.2192, "crown_h_m": 5.9436, "height_imputed": false, "width_imputed": false, "neighborhood": "Middle Hill", "tree_id": "t00039" }, "geometry": { "type": "Point", "coordinates": [ -79.96604025, 40.45117235 ] } },
{ "type": "Feature", "properties": { "common_name": "Linden: Littleleaf", "condition": "Good", "height": 13.716, "width": 3.048, "crown_r_m": 1.524, "crown_h_m": 8.9154, "height_imputed": false, "width_imputed": false, "neighborhood": "Middle Hill", "tree_id": "t00040" }, "geometry": { "type": "Point", "coordinates": [ -79.96563343, 40.45075562 ] } },
{ "type": "Feature", "properties": { "common_name": "Linden: Littleleaf", "condition": "Fair", "height": 13.716, "width": 3.048, "crown_r_m": 1.524, "crown_h_m": 8.9154, "height_imputed": false, "width_imputed": false, "neighborhood": "Middle Hill", "tree_id": "t00041" }, "geometry": { "type": "Point", "coordinates": [ -79.96540983, 40.45086455 ] } },
{ "type": "Feature", "properties": { "common_name": "Apple: Common", "condition": "Fair", "height": 10.668, "width": 3.6576, "crown_r_m": 1.8288, "crown_h_m": 6.9342, "height_imputed": false, "width_imputed": false, "neighborhood": "Middle Hill", "tree_id": "t00042" }, "geometry": { "type": "Point", "coordinates": [ -79.96580868, 40.45147966 ] } },
{ "type": "Feature", "properties": { "common_name": "Tree-of-Heaven", "condition": "Critical", "height": 9.144, "width": 3.048, "crown_r_m": 1.524, "crown_h_m": 5.9436, "height_imputed": false, "width_imputed": false, "neighborhood": "Middle Hill", "tree_id": "t00043" }, "geometry": { "type": "Point", "coordinates": [ -79.96604462, 40.45140707 ] } },
{ "type": "Feature", "properties": { "common_name": "Tree-of-Heaven", "condition": "Poor", "height": 12.192, "width": 6.096, "crown_r_m": 3.048, "crown_h_m": 7.9248, "height_imputed": false, "width_imputed": false, "neighborhood": "Middle Hill", "tree_id": "t00044" }, "geometry": { "type": "Point", "coordinates": [ -79.966369060000019, 40.4512826 ] } },
{ "type": "Feature", "properties": { "common_name": "Mountainash: American", "condition": "Poor", "height": 9.144, "width": 1.8288, "crown_r_m": 1.0, "crown_h_m": 5.9436, "height_imputed": false, "width_imputed": false, "neighborhood": "Middle Hill", "tree_id": "t00045" }, "geometry": { "type": "Point", "coordinates": [ -79.96861054, 40.44951345 ] } },
{ "type": "Feature", "properties": { "common_name": "Linden: American", "condition": "Fair", "height": 9.144, "width": 2.4384, "crown_r_m": 1.2192, "crown_h_m": 5.9436, "height_imputed": false, "width_imputed": false, "neighborhood": "Middle Hill", "tree_id": "t00046" }, "geometry": { "type": "Point", "coordinates": [ -79.96791819, 40.44790646 ] } },
{ "type": "Feature", "properties": { "common_name": "Maple: Norway", "condition": "Fair", "height": 4.572, "width": 2.1336, "crown_r_m": 1.0668, "crown_h_m": 2.9718, "height_imputed": false, "width_imputed": false, "neighborhood": "Middle Hill", "tree_id": "t00047" }, "geometry": { "type": "Point", "coordinates": [ -79.96837291, 40.44960556 ] } },
{ "type": "Feature", "properties": { "common_name": "Maple: Norway", "condition": "Poor", "height": 7.62, "width": 2.1336, "crown_r_m": 1.0668, "crown_h_m": 4.953, "height_imputed": false, "width_imputed": false, "neighborhood": "Middle Hill", "tree_id": "t00048" }, "geometry": { "type": "Point", "coordinates": [ -79.96827869, 40.44965226 ] } },
{ "type": "Feature", "properties": { "common_name": "Maple: Red", "condition": "Fair", "height": 9.144, "width": 3.048, "crown_r_m": 1.524, "crown_h_m": 5.9436, "height_imputed": false, "width_imputed": false, "neighborhood": "Middle Hill", "tree_id": "t00049" }, "geometry": { "type": "Point", "coordinates": [ -79.96871529, 40.44883413 ] } },
{ "type": "Feature", "properties": { "common_name": "Maple: Norway", "condition": "Critical", "height": 6.096, "width": 2.4384, "crown_r_m": 1.2192, "crown_h_m": 3.9624, "height_imputed": false, "width_imputed": false, "neighborhood": "Upper Hill", "tree_id": "t00050" }, "geometry": { "type": "Point", "coordinates": [ -79.96152168, 40.45298136000001 ] } },
{ "type": "Feature", "properties": { "common_name": "Ash: White", "condition": "Critical", "height": 6.096, "width": 4.572, "crown_r_m": 2.286, "crown_h_m": 3.9624, "height_imputed": false, "width_imputed": false, "neighborhood": "Upper Hill", "tree_id": "t00051" }, "geometry": { "type": "Point", "coordinates": [ -79.96255126, 40.45197361000001 ] } },
{ "type": "Feature", "properties": { "common_name": "Tree-of-Heaven", "condition": "Fair", "height": 10.668, "width": 7.62, "crown_r_m": 3.81, "crown_h_m": 6.9342, "height_imputed": false, "width_imputed": false, "neighborhood": "Upper Hill", "tree_id": "t00052" }, "geometry": { "type": "Point", "coordinates": [ -79.96373741, 40.45051885 ] } },
{ "type": "Feature", "properties": { "common_name": "Linden: Littleleaf", "condition": "Poor", "height": 6.096, "width": 1.8288, "crown_r_m": 1.0, "crown_h_m": 3.9624, "height_imputed": false, "width_imputed": false, "neighborhood": "Upper Hill", "tree_id": "t00053" }, "geometry": { "type": "Point", "coordinates": [ -79.96014596, 40.45180005 ] } },
{ "type": "Feature", "properties": { "common_name": "Maple: Norway", "condition": "Critical", "height": 5.4864, "width": 2.1336, "crown_r_m": 1.0668, "crown_h_m": 3.56616, "height_imputed": false, "width_imputed": false, "neighborhood": "Upper Hill", "tree_id": "t00054" }, "geometry": { "type": "Point", "coordinates": [ -79.96026735, 40.451244 ] } },
{ "type": "Feature", "properties": { "common_name": "Maple: Norway", "condition": "Critical", "height": 7.62, "width": 2.4384, "crown_r_m": 1.2192, "crown_h_m": 4.953, "height_imputed": false, "width_imputed": false, "neighborhood": "Upper Hill", "tree_id": "t00055" }, "geometry": { "type": "Point", "coordinates": [ -79.960073170000015, 40.45118368 ] } },
{ "type": "Feature", "properties": { "common_name": "Maple: Norway", "condition": "Poor", "height": 7.62, "width": 2.1336, "crown_r_m": 1.0668, "crown_h_m": 4.953, "height_imputed": false, "width_imputed": false, "neighborhood": "Upper Hill", "tree_id": "t00056" }, "geometry": { "type": "Point", "coordinates": [ -79.96015815, 40.4512092 ] } },
{ "type": "Feature", "properties": { "common_name": "Linden: Littleleaf", "condition": "Poor", "height": 12.192, "width": 3.048, "crown_r_m": 1.524, "crown_h_m": 7.9248, "height_imputed": false, "width_imputed": false, "neighborhood": "Upper Hill", "tree_id": "t00057" }, "geometry": { "type": "Point", "coordinates": [ -79.9598227, 40.45239774 ] } },
{ "type": "Feature", "properties": { "common_name": "Maple: Norway", "condition": "Fair", "height": 13.716, "width": 7.9248, "crown_r_m": 3.9624, "crown_h_m": 8.9154, "height_imputed": false, "width_imputed": false, "neighborhood": "Upper Hill", "tree_id": "t00058" }, "geometry": { "type": "Point", "coordinates": [ -79.95688703, 40.45336367 ] } },
{ "type": "Feature", "properties": { "common_name": "Linden: Littleleaf", "condition": "Poor", "height": 9.144, "width": 3.6576, "crown_r_m": 1.8288, "crown_h_m": 5.9436, "height_imputed": false, "width_imputed": false, "neighborhood": "Upper Hill", "tree_id": "t00059" }, "geometry": { "type": "Point", "coordinates": [ -79.95697555, 40.45204724 ] } },
{ "type": "Feature", "properties": { "common_name": "London planetree", "condition": "Fair", "height": 15.24, "width": 6.4008, "crown_r_m": 3.2004, "crown_h_m": 9.906, "height_imputed": false, "width_imputed": false, "neighborhood": "Upper Hill", "tree_id": "t00060" }, "geometry": { "type": "Point", "coordinates": [ -79.95781276, 40.45036274000001 ] } },
{ "type": "Feature", "properties": { "common_name": "Maple: Hedge", "condition": "Good", "height": 6.096, "width": 2.1336, "crown_r_m": 1.0668, "crown_h_m": 3.9624, "height_imputed": false, "width_imputed": false, "neighborhood": "Upper Hill", "tree_id": "t00061" }, "geometry": { "type": "Point", "coordinates": [ -79.95851435, 40.4535828 ] } },
{ "type": "Feature", "properties": { "common_name": "Maple: Hedge", "condition": "Fair", "height": 4.2672, "width": 1.8288, "crown_r_m": 1.0, "crown_h_m": 2.77368, "height_imputed": false, "width_imputed": false, "neighborhood": "Upper Hill", "tree_id": "t00062" }, "geometry": { "type": "Point", "coordinates": [ -79.95837947, 40.45353137 ] } },
{ "type": "Feature", "properties": { "common_name": "Spruce: Colorado", "condition": "Poor", "height": 16.764, "width": 6.096, "crown_r_m": 3.048, "crown_h_m": 10.8966, "height_imputed": false, "width_imputed": false, "neighborhood": "Upper Hill", "tree_id": "t00063" }, "geometry": { "type": "Point", "coordinates": [ -79.95963605, 40.4538275 ] } },
{ "type": "Feature", "properties": { "common_name": "Honeylocust", "condition": "Good", "height": 4.572, "width": 2.1336, "crown_r_m": 1.0668, "crown_h_m": 2.9718, "height_imputed": false, "width_imputed": false, "neighborhood": "Upper Hill", "tree_id": "t00064" }, "geometry": { "type": "Point", "coordinates": [ -79.96026893, 40.45432813 ] } },
{ "type": "Feature", "properties": { "common_name": "Maple: Hedge", "condition": "Good", "height": 4.572, "width": 2.1336, "crown_r_m": 1.0668, "crown_h_m": 2.9718, "height_imputed": false, "width_imputed": false, "neighborhood": "Upper Hill", "tree_id": "t00065" }, "geometry": { "type": "Point", "coordinates": [ -79.95880521, 40.45367633 ] } },
{ "type": "Feature", "properties": { "common_name": "Oak: Pin", "condition": "Fair", "height": 13.716, "width": 3.6576, "crown_r_m": 1.8288, "crown_h_m": 8.9154, "height_imputed": false, "width_imputed": false, "neighborhood": "Upper Hill", "tree_id": "t00066" }, "geometry": { "type": "Point", "coordinates": [ -79.95819149, 40.45306408 ] } },
{ "type": "Feature", "properties": { "common_name": "Crabapple: Flowering", "condition": "Good", "height": 2.7432, "width": 1.2192, "crown_r_m": 1.0, "crown_h_m": 1.78308, "height_imputed": false, "width_imputed": false, "neighborhood": "Upper Hill", "tree_id": "t00067" }, "geometry": { "type": "Point", "coordinates": [ -79.95743789, 40.451486289999984 ] } },
{ "type": "Feature", "properties": { "common_name": "Maple: Red", "condition": "Poor", "height": 6.096, "width": 2.4384, "crown_r_m": 1.2192, "crown_h_m": 3.9624, "height_imputed": false, "width_imputed": false, "neighborhood": "Upper Hill", "tree_id": "t00068" }, "geometry": { "type": "Point", "coordinates": [ -79.96164124000002, 40.45418101 ] } },
{ "type": "Feature", "properties": { "common_name": "Maple: Norway", "condition": "Critical", "height": 9.144, "width": 3.9624, "crown_r_m": 1.9812, "crown_h_m": 5.9436, "height_imputed": false, "width_imputed": false, "neighborhood": "Upper Hill", "tree_id": "t00069" }, "geometry": { "type": "Point", "coordinates": [ -79.96324279, 40.45419262 ] } },
{ "type": "Feature", "properties": { "common_name": "London planetree", "condition": "Poor", "height": 9.144, "width": 3.6576, "crown_r_m": 1.8288, "crown_h_m": 5.9436, "height_imputed": false, "width_imputed": false, "neighborhood": "Upper Hill", "tree_id": "t00070" }, "geometry": { "type": "Point", "coordinates": [ -79.96369972, 40.45446003 ] } },
{ "type": "Feature", "properties": { "common_name": "London planetree", "condition": "Poor", "height": 4.572, "width": 1.524, "crown_r_m": 1.0, "crown_h_m": 2.9718, "height_imputed": false, "width_imputed": false, "neighborhood": "North Oakland", "tree_id": "t00071" }, "geometry": { "type": "Point", "coordinates": [ -79.95129096, 40.45204336 ] } },
{ "type": "Feature", "properties": { "common_name": "Honeylocust: Thornless", "condition": "Fair", "height": 7.62, "width": 2.1336, "crown_r_m": 1.0668, "crown_h_m": 4.953, "height_imputed": false, "width_imputed": false, "neighborhood": "North Oakland", "tree_id": "t00072" }, "geometry": { "type": "Point", "coordinates": [ -79.95357476, 40.45148324 ] } },
{ "type": "Feature", "properties": { "common_name": "Linden: Littleleaf", "condition": "Poor", "height": 6.096, "width": 2.1336, "crown_r_m": 1.0668, "crown_h_m": 3.9624, "height_imputed": false, "width_imputed": false, "neighborhood": "Middle Hill", "tree_id": "t00073" }, "geometry": { "type": "Point", "coordinates": [ -79.96527776, 40.45056435 ] } },
{ "type": "Feature", "properties": { "common_name": "Sweetgum: American", "condition": "Fair", "height": 12.192, "width": 2.7432, "crown_r_m": 1.3716, "crown_h_m": 7.9248, "height_imputed": false, "width_imputed": false, "neighborhood": "Terrace Village", "tree_id": "t00074" }, "geometry": { "type": "Point", "coordinates": [ -79.96499178, 40.44867405 ] } },
{ "type": "Feature", "properties": { "common_name": "Linden: Littleleaf", "condition": "Poor", "height": 6.7056, "width": 2.1336, "crown_r_m": 1.0668, "crown_h_m": 4.35864, "height_imputed": false, "width_imputed": false, "neighborhood": "Middle Hill", "tree_id": "t00075" }, "geometry": { "type": "Point", "coordinates": [ -79.96536141, 40.45042748 ] } },
{ "type": "Feature", "properties": { "common_name": "Linden: Littleleaf", "condition": "Poor", "height": 7.62, "width": 1.524, "crown_r_m": 1.0, "crown_h_m": 4.953, "height_imputed": false, "width_imputed": false, "neighborhood": "Middle Hill", "tree_id": "t00076" }, "geometry": { "type": "Point", "coordinates": [ -79.96449918, 40.45185907 ] } },
{ "type": "Feature", "properties": { "common_name": "Linden: Littleleaf", "condition": "Fair", "height": 9.144, "width": 2.4384, "crown_r_m": 1.2192, "crown_h_m": 5.9436, "height_imputed": false, "width_imputed": false, "neighborhood": "Middle Hill", "tree_id": "t00077" }, "geometry": { "type": "Point", "coordinates": [ -79.96464315, 40.45248503 ] } },
{ "type": "Feature", "properties": { "common_name": "Linden: Littleleaf", "condition": "Fair", "height": 10.668, "width": 2.1336, "crown_r_m": 1.0668, "crown_h_m": 6.9342, "height_imputed": false, "width_imputed": false, "neighborhood": "Upper Hill", "tree_id": "t00078" }, "geometry": { "type": "Point", "coordinates": [ -79.96497741, 40.45072021 ] } },
{ "type": "Feature", "properties": { "common_name": "Boxelder", "condition": "Critical", "height": 12.192, "width": 3.048, "crown_r_m": 1.524, "crown_h_m": 7.9248, "height_imputed": false, "width_imputed": false, "neighborhood": "West Oakland", "tree_id": "t00079" }, "geometry": { "type": "Point", "coordinates": [ -79.96699919, 40.44245752 ] } },
{ "type": "Feature", "properties": { "common_name": "Linden: Littleleaf", "condition": "Fair", "height": 10.668, "width": 2.4384, "crown_r_m": 1.2192, "crown_h_m": 6.9342, "height_imputed": false, "width_imputed": false, "neighborhood": "Upper Hill", "tree_id": "t00080" }, "geometry": { "type": "Point", "coordinates": [ -79.96563733, 40.45375409 ] } },
{ "type": "Feature", "properties": { "common_name": "Hawthorn: spp.", "condition": "Good", "height": 2.1336, "width": 1.2192, "crown_r_m": 1.0, "crown_h_m": 1.5, "height_imputed": false, "width_imputed": false, "neighborhood": "North Oakland", "tree_id": "t00081" }, "geometry": { "type": "Point", "coordinates": [ -79.95155865000001, 40.45409965 ] } },
{ "type": "Feature", "properties": { "common_name": "Hawthorn: spp.", "condition": "Good", "height": 2.1336, "width": 1.2192, "crown_r_m": 1.0, "crown_h_m": 1.5, "height_imputed": false, "width_imputed": false, "neighborhood": "North Oakland", "tree_id": "t00082" }, "geometry": { "type": "Point", "coordinates": [ -79.95144696, 40.45410253 ] } },
{ "type": "Feature", "properties": { "common_name": "Maple: Norway", "condition": "Critical", "height": 7.62, "width": 1.8288, "crown_r_m": 1.0, "crown_h_m": 4.953, "height_imputed": false, "width_imputed": false, "neighborhood": "North Oakland", "tree_id": "t00083" }, "geometry": { "type": "Point", "coordinates": [ -79.95190267, 40.45390655 ] } },
{ "type": "Feature", "properties": { "common_name": "Hawthorn: spp.", "condition": "Fair", "height": 2.4384, "width": 1.524, "crown_r_m": 1.0, "crown_h_m": 1.58496, "height_imputed": false, "width_imputed": false, "neighborhood": "North Oakland", "tree_id": "t00084" }, "geometry": { "type": "Point", "coordinates": [ -79.95134552, 40.45410337 ] } },
{ "type": "Feature", "properties": { "common_name": "London planetree", "condition": "Poor", "height": 9.144, "width": 3.048, "crown_r_m": 1.524, "crown_h_m": 5.9436, "height_imputed": false, "width_imputed": false, "neighborhood": "North Oakland", "tree_id": "t00085" }, "geometry": { "type": "Point", "coordinates": [ -79.95302855, 40.45363935 ] } },
{ "type": "Feature", "properties": { "common_name": "London planetree", "condition": "Good", "height": 18.288, "width": 6.096, "crown_r_m": 3.048, "crown_h_m": 11.8872, "height_imputed": false, "width_imputed": false, "neighborhood": "North Oakland", "tree_id": "t00086" }, "geometry": { "type": "Point", "coordinates": [ -79.95164617, 40.45345761 ] } },
{ "type": "Feature", "properties": { "common_name": "London planetree", "condition": "Good", "height": 19.812, "width": 2.4384, "crown_r_m": 1.2192, "crown_h_m": 12.8778, "height_imputed": false, "width_imputed": false, "neighborhood": "North Oakland", "tree_id": "t00087" }, "geometry": { "type": "Point", "coordinates": [ -79.951626590000018, 40.45341622 ] } },
{ "type": "Feature", "properties": { "common_name": "London planetree", "condition": "Good", "height": 16.764, "width": 7.62, "crown_r_m": 3.81, "crown_h_m": 10.8966, "height_imputed": false, "width_imputed": false, "neighborhood": "North Oakland", "tree_id": "t00088" }, "geometry": { "type": "Point", "coordinates": [ -79.95157642, 40.45333086 ] } },
{ "type": "Feature", "properties": { "common_name": "London planetree", "condition": "Poor", "height": 13.716, "width": 4.572, "crown_r_m": 2.286, "crown_h_m": 8.9154, "height_imputed": false, "width_imputed": false, "neighborhood": "North Oakland", "tree_id": "t00089" }, "geometry": { "type": "Point", "coordinates": [ -79.95152714, 40.45355804 ] } },
{ "type": "Feature", "properties": { "common_name": "Hawthorn: spp.", "condition": "Fair", "height": 2.4384, "width": 1.524, "crown_r_m": 1.0, "crown_h_m": 1.58496, "height_imputed": false, "width_imputed": false, "neighborhood": "North Oakland", "tree_id": "t00090" }, "geometry": { "type": "Point", "coordinates": [ -79.9521226, 40.45439614 ] } },
{ "type": "Feature", "properties": { "common_name": "Hawthorn: spp.", "condition": "Poor", "height": 2.4384, "width": 1.524, "crown_r_m": 1.0, "crown_h_m": 1.58496, "height_imputed": false, "width_imputed": false, "neighborhood": "North Oakland", "tree_id": "t00091" }, "geometry": { "type": "Point", "coordinates": [ -79.95198547, 40.45421967 ] } },
{ "type": "Feature", "properties": { "common_name": "Hackberry: Common", "condition": "Fair", "height": 2.4384, "width": 1.524, "crown_r_m": 1.0, "crown_h_m": 1.58496, "height_imputed": false, "width_imputed": false, "neighborhood": "North Oakland", "tree_id": "t00092" }, "geometry": { "type": "Point", "coordinates": [ -79.9529207, 40.45319183 ] } },
{ "type": "Feature", "properties": { "common_name": "London planetree", "condition": "Poor", "height": 12.192, "width": 4.572, "crown_r_m": 2.286, "crown_h_m": 7.9248, "height_imputed": false, "width_imputed": false, "neighborhood": "North Oakland", "tree_id": "t00093" }, "geometry": { "type": "Point", "coordinates": [ -79.95249067, 40.4528008 ] } },
{ "type": "Feature", "properties": { "common_name": "Zelkova: Japanese", "condition": "Fair", "height": 3.048, "width": 1.8288, "crown_r_m": 1.0, "crown_h_m": 1.9812, "height_imputed": false, "width_imputed": false, "neighborhood": "Shadyside", "tree_id": "t00094" }, "geometry": { "type": "Point", "coordinates": [ -79.94519674, 40.4538742 ] } },
{ "type": "Feature", "properties": { "common_name": "Maple: Norway", "condition": "Poor", "height": 7.62, "width": 2.1336, "crown_r_m": 1.0668, "crown_h_m": 4.953, "height_imputed": false, "width_imputed": false, "neighborhood": "Shadyside", "tree_id": "t00095" }, "geometry": { "type": "Point", "coordinates": [ -79.94543029, 40.45382209 ] } },
{ "type": "Feature", "properties": { "common_name": "Spruce: Colorado", "condition": "Fair", "height": 13.716, "width": 2.1336, "crown_r_m": 1.0668, "crown_h_m": 8.9154, "height_imputed": false, "width_imputed": false, "neighborhood": "Shadyside", "tree_id": "t00096" }, "geometry": { "type": "Point", "coordinates": [ -79.94570426, 40.45369198 ] } },
{ "type": "Feature", "properties": { "common_name": "Elm: American", "condition": "Good", "height": 3.6576, "width": 1.8288, "crown_r_m": 1.0, "crown_h_m": 2.37744, "height_imputed": false, "width_imputed": false, "neighborhood": "Central Oakland", "tree_id": "t00097" }, "geometry": { "type": "Point", "coordinates": [ -79.95735517, 40.43896011 ] } },
{ "type": "Feature", "properties": { "common_name": "Oak: Northern Red", "condition": "Fair", "height": 10.668, "width": 3.6576, "crown_r_m": 1.8288, "crown_h_m": 6.9342, "height_imputed": false, "width_imputed": false, "neighborhood": "Central Oakland", "tree_id": "t00098" }, "geometry": { "type": "Point", "coordinates": [ -79.95611184, 40.43701946 ] } },
{ "type": "Feature", "properties": { "common_name": "Pear: Callery", "condition": "Critical", "height": 3.6576, "width": 1.524, "crown_r_m": 1.0, "crown_h_m": 2.37744, "height_imputed": false, "width_imputed": false, "neighborhood": "Central Oakland", "tree_id": "t00099" }, "geometry": { "type": "Point", "coordinates": [ -79.95857392, 40.43897283 ] } },
{ "type": "Feature", "properties": { "common_name": "Oak: Northern Red", "condition": "Good", "height": 3.048, "width": 1.524, "crown_r_m": 1.0, "crown_h_m": 1.9812, "height_imputed": false, "width_imputed": false, "neighborhood": "North Oakland", "tree_id": "t00100" }, "geometry": { "type": "Point", "coordinates": [ -79.95219241, 40.448651789999985 ] } },
{ "type": "Feature", "properties": { "common_name": "Sweetgum: American", "condition": "Fair", "height": 15.24, "width": 2.7432, "crown_r_m": 1.3716, "crown_h_m": 9.906, "height_imputed": false, "width_imputed": false, "neighborhood": "North Oakland", "tree_id": "t00101" }, "geometry": { "type": "Point", "coordinates": [ -79.95432387, 40.44818107 ] } },
{ "type": "Feature", "properties": { "common_name": "Pear: Callery", "condition": "Good", "height": 7.62, "width": 1.8288, "crown_r_m": 1.0, "crown_h_m": 4.953, "height_imputed": false, "width_imputed": false, "neighborhood": "North Oakland", "tree_id": "t00102" }, "geometry": { "type": "Point", "coordinates": [ -79.95333876, 40.44998193 ] } },
{ "type": "Feature", "properties": { "common_name": "Pear: Callery", "condition": "Good", "height": 7.62, "width": 1.8288, "crown_r_m": 1.0, "crown_h_m": 4.953, "height_imputed": false, "width_imputed": false, "neighborhood": "North Oakland", "tree_id": "t00103" }, "geometry": { "type": "Point", "coordinates": [ -79.95319092, 40.44963846 ] } },
{ "type": "Feature", "properties": { "common_name": "Linden: Littleleaf", "condition": "Fair", "height": 10.668, "width": 1.8288, "crown_r_m": 1.0, "crown_h_m": 6.9342, "height_imputed": false, "width_imputed": false, "neighborhood": "North Oakland", "tree_id": "t00104" }, "geometry": { "type": "Point", "coordinates": [ -79.9524252, 40.44987907 ] } },
{ "type": "Feature", "properties": { "common_name": "Ginkgo", "condition": "Good", "height": 13.716, "width": 2.1336, "crown_r_m": 1.0668, "crown_h_m": 8.9154, "height_imputed": false, "width_imputed": false, "neighborhood": "North Oakland", "tree_id": "t00105" }, "geometry": { "type": "Point", "coordinates": [ -79.95297942, 40.45078089 ] } },
{ "type": "Feature", "properties": { "common_name": "Linden: Littleleaf", "condition": "Fair", "height": 10.668, "width": 3.6576, "crown_r_m": 1.8288, "crown_h_m": 6.9342, "height_imputed": false, "width_imputed": false, "neighborhood": "North Oakland", "tree_id": "t00106" }, "geometry": { "type": "Point", "coordinates": [ -79.95554794, 40.44969649 ] } },
{ "type": "Feature", "properties": { "common_name": "London planetree", "condition": "Fair", "height": 19.812, "width": 4.572, "crown_r_m": 2.286, "crown_h_m": 12.8778, "height_imputed": false, "width_imputed": false, "neighborhood": "North Oakland", "tree_id": "t00107" }, "geometry": { "type": "Point", "coordinates": [ -79.95626052, 40.44683584 ] } },
{ "type": "Feature", "properties": { "common_name": "Locust: Black", "condition": "Fair", "height": 16.764, "width": 7.62, "crown_r_m": 3.81, "crown_h_m": 10.8966, "height_imputed": false, "width_imputed": false, "neighborhood": "Central Oakland", "tree_id": "t00108" }, "geometry": { "type": "Point", "coordinates": [ -79.95738794, 40.43825063 ] } },
{ "type": "Feature", "properties": { "common_name": "Locust: Black", "condition": "Fair", "height": 13.716, "width": 4.572, "crown_r_m": 2.286, "crown_h_m": 8.9154, "height_imputed": false, "width_imputed": false, "neighborhood": "Central Oakland", "tree_id": "t00109" }, "geometry": { "type": "Point", "coordinates": [ -79.95736998, 40.43823758 ] } },
{ "type": "Feature", "properties": { "common_name": "Locust: Black", "condition": "Fair", "height": 15.24, "width": 4.572, "crown_r_m": 2.286, "crown_h_m": 9.906, "height_imputed": false, "width_imputed": false, "neighborhood": "Central Oakland", "tree_id": "t00110" }, "geometry": { "type": "Point", "coordinates": [ -79.95734521, 40.43821125 ] } },
{ "type": "Feature", "properties": { "common_name": "Maple: Norway", "condition": "Fair", "height": 12.192, "width": 3.6576, "crown_r_m": 1.8288, "crown_h_m": 7.9248, "height_imputed": false, "width_imputed": false, "neighborhood": "Central Oakland", "tree_id": "t00111" }, "geometry": { "type": "Point", "coordinates": [ -79.95605086, 40.43712908 ] } },
{ "type": "Feature", "properties": { "common_name": "Pear: Callery", "condition": "Good", "height": 6.096, "width": 1.8288, "crown_r_m": 1.0, "crown_h_m": 3.9624, "height_imputed": false, "width_imputed": false, "neighborhood": "Central Oakland", "tree_id": "t00112" }, "geometry": { "type": "Point", "coordinates": [ -79.95436646, 40.44289572000001 ] } },
{ "type": "Feature", "properties": { "common_name": "Maple: Norway", "condition": "Fair", "height": 13.716, "width": 3.048, "crown_r_m": 1.524, "crown_h_m": 8.9154, "height_imputed": false, "width_imputed": false, "neighborhood": "Central Oakland", "tree_id": "t00113" }, "geometry": { "type": "Point", "coordinates": [ -79.95181162, 40.44040449 ] } },
{ "type": "Feature", "properties": { "common_name": "Pear: Callery", "condition": "Fair", "height": 10.668, "width": 2.4384, "crown_r_m": 1.2192, "crown_h_m": 6.9342, "height_imputed": false, "width_imputed": false, "neighborhood": "North Oakland", "tree_id": "t00114" }, "geometry": { "type": "Point", "coordinates": [ -79.94768574, 40.44532581 ] } },
{ "type": "Feature", "properties": { "common_name": "Honeylocust: Thornless", "condition": "Poor", "height": 6.096, "width": 2.4384, "crown_r_m": 1.2192, "crown_h_m": 3.9624, "height_imputed": false, "width_imputed": false, "neighborhood": "North Oakland", "tree_id": "t00115" }, "geometry": { "type": "Point", "coordinates": [ -79.94866925, 40.44503547 ] } },
{ "type": "Feature", "properties": { "common_name": "Honeylocust: Thornless", "condition": "Poor", "height": 6.7056, "width": 5.7912, "crown_r_m": 2.8956, "crown_h_m": 4.35864, "height_imputed": false, "width_imputed": false, "neighborhood": "North Oakland", "tree_id": "t00116" }, "geometry": { "type": "Point", "coordinates": [ -79.94864714, 40.44492225 ] } },
{ "type": "Feature", "properties": { "common_name": "Pear: Callery", "condition": "Poor", "height": 7.62, "width": 7.0104, "crown_r_m": 3.5052, "crown_h_m": 4.953, "height_imputed": false, "width_imputed": false, "neighborhood": "North Oakland", "tree_id": "t00117" }, "geometry": { "type": "Point", "coordinates": [ -79.94863621, 40.444782319999987 ] } },
{ "type": "Feature", "properties": { "common_name": "Maple: Freeman", "condition": "Poor", "height": 6.096, "width": 2.1336, "crown_r_m": 1.0668, "crown_h_m": 3.9624, "height_imputed": false, "width_imputed": false, "neighborhood": "North Oakland", "tree_id": "t00118" }, "geometry": { "type": "Point", "coordinates": [ -79.94814618, 40.44591497 ] } },
{ "type": "Feature", "properties": { "common_name": "Pear: Callery", "condition": "Critical", "height": 7.62, "width": 3.6576, "crown_r_m": 1.8288, "crown_h_m": 4.953, "height_imputed": false, "width_imputed": false, "neighborhood": "North Oakland", "tree_id": "t00119" }, "geometry": { "type": "Point", "coordinates": [ -79.94880148, 40.44464138 ] } },
{ "type": "Feature", "properties": { "common_name": "Linden: Littleleaf", "condition": "Good", "height": 15.24, "width": 1.2192, "crown_r_m": 1.0, "crown_h_m": 9.906, "height_imputed": false, "width_imputed": false, "neighborhood": "Central Oakland", "tree_id": "t00120" }, "geometry": { "type": "Point", "coordinates": [ -79.95134118, 40.43696591 ] } },
{ "type": "Feature", "properties": { "common_name": "Crabapple: Flowering", "condition": "Fair", "height": 1.8288, "width": 0.6096, "crown_r_m": 1.0, "crown_h_m": 1.5, "height_imputed": false, "width_imputed": false, "neighborhood": "West Oakland", "tree_id": "t00121" }, "geometry": { "type": "Point", "coordinates": [ -79.96405741, 40.4409121 ] } },
{ "type": "Feature", "properties": { "common_name": "Locust: Black", "condition": "Fair", "height": 13.716, "width": 3.6576, "crown_r_m": 1.8288, "crown_h_m": 8.9154, "height_imputed": false, "width_imputed": false, "neighborhood": "West Oakland", "tree_id": "t00122" }, "geometry": { "type": "Point", "coordinates": [ -79.96400328, 40.44097209 ] } },
{ "type": "Feature", "properties": { "common_name": "London planetree", "condition": "Fair", "height": 16.764, "width": 4.572, "crown_r_m": 2.286, "crown_h_m": 10.8966, "height_imputed": false, "width_imputed": false, "neighborhood": "North Oakland", "tree_id": "t00123" }, "geometry": { "type": "Point", "coordinates": [ -79.95714289, 40.44352232 ] } },
{ "type": "Feature", "properties": { "common_name": "Oak: Pin", "condition": "Poor", "height": 9.144, "width": 2.4384, "crown_r_m": 1.2192, "crown_h_m": 5.9436, "height_imputed": false, "width_imputed": false, "neighborhood": "North Oakland", "tree_id": "t00124" }, "geometry": { "type": "Point", "coordinates": [ -79.95043408, 40.45129311 ] } },
{ "type": "Feature", "properties": { "common_name": "London planetree", "condition": "Poor", "height": 7.62, "width": 3.048, "crown_r_m": 1.524, "crown_h_m": 4.953, "height_imputed": false, "width_imputed": false, "neighborhood": "North Oakland", "tree_id": "t00125" }, "geometry": { "type": "Point", "coordinates": [ -79.95270127, 40.4481369 ] } },
{ "type": "Feature", "properties": { "common_name": "Oak: Pin", "condition": "Fair", "height": 18.288, "width": 3.6576, "crown_r_m": 1.8288, "crown_h_m": 11.8872, "height_imputed": false, "width_imputed": false, "neighborhood": "Shadyside", "tree_id": "t00126" }, "geometry": { "type": "Point", "coordinates": [ -79.94227419, 40.44897755 ] } },
{ "type": "Feature", "properties": { "common_name": "Linden: American", "condition": "Fair", "height": 15.24, "width": 10.668, "crown_r_m": 5.334, "crown_h_m": 9.906, "height_imputed": false, "width_imputed": false, "neighborhood": "Shadyside", "tree_id": "t00127" }, "geometry": { "type": "Point", "coordinates": [ -79.94125244, 40.4491464 ] } },
{ "type": "Feature", "properties": { "common_name": "Oak: Pin", "condition": "Good", "height": 13.716, "width": 3.9624, "crown_r_m": 1.9812, "crown_h_m": 8.9154, "height_imputed": false, "width_imputed": false, "neighborhood": "Shadyside", "tree_id": "t00128" }, "geometry": { "type": "Point", "coordinates": [ -79.94750307, 40.44799108 ] } },
{ "type": "Feature", "properties": { "common_name": "Oak: Pin", "condition": "Poor", "height": 10.668, "width": 4.572, "crown_r_m": 2.286, "crown_h_m": 6.9342, "height_imputed": false, "width_imputed": false, "neighborhood": "Shadyside", "tree_id": "t00129" }, "geometry": { "type": "Point", "coordinates": [ -79.94743441, 40.4476963 ] } },
{ "type": "Feature", "properties": { "common_name": "Oak: Swamp White", "condition": "Good", "height": 3.3528, "width": 1.2192, "crown_r_m": 1.0, "crown_h_m": 2.17932, "height_imputed": false, "width_imputed": false, "neighborhood": "North Oakland", "tree_id": "t00130" }, "geometry": { "type": "Point", "coordinates": [ -79.95135245, 40.44684167 ] } },
{ "type": "Feature", "properties": { "common_name": "Honeylocust: Thornless", "condition": "Fair", "height": 2.4384, "width": 1.524, "crown_r_m": 1.0, "crown_h_m": 1.58496, "height_imputed": false, "width_imputed": false, "neighborhood": "North Oakland", "tree_id": "t00131" }, "geometry": { "type": "Point", "coordinates": [ -79.95152651, 40.44837237 ] } },
{ "type": "Feature", "properties": { "common_name": "Honeylocust: Thornless", "condition": "Good", "height": 3.9624, "width": 2.1336, "crown_r_m": 1.0668, "crown_h_m": 2.57556, "height_imputed": false, "width_imputed": false, "neighborhood": "North Oakland", "tree_id": "t00132" }, "geometry": { "type": "Point", "coordinates": [ -79.95002361, 40.44570125 ] } },
{ "type": "Feature", "properties": { "common_name": "Honeylocust: Thornless", "condition": "Good", "height": 4.572, "width": 2.1336, "crown_r_m": 1.0668, "crown_h_m": 2.9718, "height_imputed": false, "width_imputed": false, "neighborhood": "North Oakland", "tree_id": "t00133" }, "geometry": { "type": "Point", "coordinates": [ -79.9501016, 40.44569399 ] } },
{ "type": "Feature", "properties": { "common_name": "Honeylocust: Thornless", "condition": "Fair", "height": 4.572, "width": 1.8288, "crown_r_m": 1.0, "crown_h_m": 2.9718, "height_imputed": false, "width_imputed": false, "neighborhood": "North Oakland", "tree_id": "t00134" }, "geometry": { "type": "Point", "coordinates": [ -79.95018968, 40.44568653 ] } },
{ "type": "Feature", "properties": { "common_name": "Maple: Hedge", "condition": "Fair", "height": 3.6576, "width": 2.1336, "crown_r_m": 1.0668, "crown_h_m": 2.37744, "height_imputed": false, "width_imputed": false, "neighborhood": "North Oakland", "tree_id": "t00135" }, "geometry": { "type": "Point", "coordinates": [ -79.94899413, 40.445859659999989 ] } },
{ "type": "Feature", "properties": { "common_name": "Elm: American", "condition": "Fair", "height": 4.572, "width": 1.8288, "crown_r_m": 1.0, "crown_h_m": 2.9718, "height_imputed": false, "width_imputed": false, "neighborhood": "North Oakland", "tree_id": "t00136" }, "geometry": { "type": "Point", "coordinates": [ -79.95032648, 40.44540906 ] } },
{ "type": "Feature", "properties": { "common_name": "Elm: American", "condition": "Fair", "height": 4.572, "width": 1.8288, "crown_r_m": 1.0, "crown_h_m": 2.9718, "height_imputed": false, "width_imputed": false, "neighborhood": "North Oakland", "tree_id": "t00137" }, "geometry": { "type": "Point", "coordinates": [ -79.95030652, 40.44525839 ] } },
{ "type": "Feature", "properties": { "common_name": "Ginkgo", "condition": "Critical", "height": 9.144, "width": 2.7432, "crown_r_m": 1.3716, "crown_h_m": 5.9436, "height_imputed": false, "width_imputed": false, "neighborhood": "North Oakland", "tree_id": "t00138" }, "geometry": { "type": "Point", "coordinates": [ -79.95165888, 40.44611677 ] } },
{ "type": "Feature", "properties": { "common_name": "Ginkgo", "condition": "Fair", "height": 10.668, "width": 2.1336, "crown_r_m": 1.0668, "crown_h_m": 6.9342, "height_imputed": false, "width_imputed": false, "neighborhood": "North Oakland", "tree_id": "t00139" }, "geometry": { "type": "Point", "coordinates": [ -79.951549850000021, 40.44587093 ] } },
{ "type": "Feature", "properties": { "common_name": "Crabapple: Flowering", "condition": "Good", "height": 4.8768, "width": 1.524, "crown_r_m": 1.0, "crown_h_m": 3.16992, "height_imputed": false, "width_imputed": false, "neighborhood": "North Oakland", "tree_id": "t00140" }, "geometry": { "type": "Point", "coordinates": [ -79.95141379, 40.44571878 ] } },
{ "type": "Feature", "properties": { "common_name": "Ginkgo", "condition": "Critical", "height": 6.096, "width": 1.8288, "crown_r_m": 1.0, "crown_h_m": 3.9624, "height_imputed": false, "width_imputed": false, "neighborhood": "North Oakland", "tree_id": "t00141" }, "geometry": { "type": "Point", "coordinates": [ -79.95143254, 40.44563468 ] } },
{ "type": "Feature", "properties": { "common_name": "Ginkgo", "condition": "Fair", "height": 12.192, "width": 2.7432, "crown_r_m": 1.3716, "crown_h_m": 7.9248, "height_imputed": false, "width_imputed": false, "neighborhood": "North Oakland", "tree_id": "t00142" }, "geometry": { "type": "Point", "coordinates": [ -79.95113033, 40.44491843 ] } },
{ "type": "Feature", "properties": { "common_name": "Pear: Callery", "condition": "Fair", "height": 7.62, "width": 1.8288, "crown_r_m": 1.0, "crown_h_m": 4.953, "height_imputed": false, "width_imputed": false, "neighborhood": "North Oakland", "tree_id": "t00143" }, "geometry": { "type": "Point", "coordinates": [ -79.95104013, 40.44492015 ] } },
{ "type": "Feature", "properties": { "common_name": "Ginkgo", "condition": "Fair", "height": 2.1336, "width": 1.524, "crown_r_m": 1.0, "crown_h_m": 1.5, "height_imputed": false, "width_imputed": false, "neighborhood": "North Oakland", "tree_id": "t00144" }, "geometry": { "type": "Point", "coordinates": [ -79.95029682, 40.45105656 ] } },
{ "type": "Feature", "properties": { "common_name": "London planetree", "condition": "Fair", "height": 7.62, "width": 3.048, "crown_r_m": 1.524, "crown_h_m": 4.953, "height_imputed": false, "width_imputed": false, "neighborhood": "North Oakland", "tree_id": "t00145" }, "geometry": { "type": "Point", "coordinates": [ -79.94974194, 40.450220790000017 ] } },
{ "type": "Feature", "properties": { "common_name": "Oak: Pin", "condition": "Good", "height": 10.668, "width": 2.7432, "crown_r_m": 1.3716, "crown_h_m": 6.9342, "height_imputed": false, "width_imputed": false, "neighborhood": "North Oakland", "tree_id": "t00146" }, "geometry": { "type": "Point", "coordinates": [ -79.95046751, 40.45140793 ] } },
{ "type": "Feature", "properties": { "common_name": "Elm: American", "condition": "Fair", "height": 4.572, "width": 1.524, "crown_r_m": 1.0, "crown_h_m": 2.9718, "height_imputed": false, "width_imputed": false, "neighborhood": "North Oakland", "tree_id": "t00147" }, "geometry": { "type": "Point", "coordinates": [ -79.95080435, 40.45195412 ] } },
{ "type": "Feature", "properties": { "common_name": "Serviceberry: Downy", "condition": "Good", "height": 2.4384, "width": 1.2192, "crown_r_m": 1.0, "crown_h_m": 1.58496, "height_imputed": false, "width_imputed": false, "neighborhood": "North Oakland", "tree_id": "t00148" }, "geometry": { "type": "Point", "coordinates": [ -79.94999821, 40.450755049999984 ] } },
{ "type": "Feature", "properties": { "common_name": "Maple: Norway", "condition": "Fair", "height": 10.668, "width": 2.7432, "crown_r_m": 1.3716, "crown_h_m": 6.9342, "height_imputed": false, "width_imputed": false, "neighborhood": "North Oakland", "tree_id": "t00149" }, "geometry": { "type": "Point", "coordinates": [ -79.95022231, 40.44882511 ] } },
{ "type": "Feature", "properties": { "common_name": "Pear: Callery", "condition": "Good", "height": 4.572, "width": 0.9144, "crown_r_m": 1.0, "crown_h_m": 2.9718, "height_imputed": false, "width_imputed": false, "neighborhood": "North Oakland", "tree_id": "t00150" }, "geometry": { "type": "Point", "coordinates": [ -79.94905449, 40.44522323 ] } },
{ "type": "Feature", "properties": { "common_name": "Maple: Freeman", "condition": "Poor", "height": 4.572, "width": 2.1336, "crown_r_m": 1.0668, "crown_h_m": 2.9718, "height_imputed": false, "width_imputed": false, "neighborhood": "North Oakland", "tree_id": "t00151" }, "geometry": { "type": "Point", "coordinates": [ -79.94944301, 40.44517297 ] } },
{ "type": "Feature", "properties": { "common_name": "Honeylocust: Thornless", "condition": "Fair", "height": 3.6576, "width": 2.1336, "crown_r_m": 1.0668, "crown_h_m": 2.37744, "height_imputed": false, "width_imputed": false, "neighborhood": "North Oakland", "tree_id": "t00152" }, "geometry": { "type": "Point", "coordinates": [ -79.94985514, 40.44571989 ] } },
{ "type": "Feature", "properties": { "common_name": "Honeylocust: Thornless", "condition": "Good", "height": 4.572, "width": 2.1336, "crown_r_m": 1.0668, "crown_h_m": 2.9718, "height_imputed": false, "width_imputed": false, "neighborhood": "North Oakland", "tree_id": "t00153" }, "geometry": { "type": "Point", "coordinates": [ -79.94993307, 40.44571069 ] } },
{ "type": "Feature", "properties": { "common_name": "Pear: Callery", "condition": "Fair", "height": 7.62, "width": 2.1336, "crown_r_m": 1.0668, "crown_h_m": 4.953, "height_imputed": false, "width_imputed": false, "neighborhood": "North Oakland", "tree_id": "t00154" }, "geometry": { "type": "Point", "coordinates": [ -79.95075391, 40.44429882 ] } },
{ "type": "Feature", "properties": { "common_name": "Pear: Callery", "condition": "Good", "height": 9.144, "width": 2.1336, "crown_r_m": 1.0668, "crown_h_m": 5.9436, "height_imputed": false, "width_imputed": false, "neighborhood": "North Oakland", "tree_id": "t00155" }, "geometry": { "type": "Point", "coordinates": [ -79.95072133, 40.44422227 ] } },
{ "type": "Feature", "properties": { "common_name": "Pear: Callery", "condition": "Fair", "height": 7.62, "width": 1.8288, "crown_r_m": 1.0, "crown_h_m": 4.953, "height_imputed": false, "width_imputed": false, "neighborhood": "North Oakland", "tree_id": "t00156" }, "geometry": { "type": "Point", "coordinates": [ -79.95069846, 40.44418002 ] } },
{ "type": "Feature", "properties": { "common_name": "Pear: Callery", "condition": "Good", "height": 7.62, "width": 2.1336, "crown_r_m": 1.0668, "crown_h_m": 4.953, "height_imputed": false, "width_imputed": false, "neighborhood": "North Oakland", "tree_id": "t00157" }, "geometry": { "type": "Point", "coordinates": [ -79.9506831, 40.44414076 ] } },
{ "type": "Feature", "properties": { "common_name": "Magnolia: Saucer", "condition": "Good", "height": 4.572, "width": 1.524, "crown_r_m": 1.0, "crown_h_m": 2.9718, "height_imputed": false, "width_imputed": false, "neighborhood": "North Oakland", "tree_id": "t00158" }, "geometry": { "type": "Point", "coordinates": [ -79.95432289, 40.44546853 ] } },
{ "type": "Feature", "properties": { "common_name": "Pear: Callery", "condition": "Good", "height": 6.096, "width": 1.2192, "crown_r_m": 1.0, "crown_h_m": 3.9624, "height_imputed": false, "width_imputed": false, "neighborhood": "North Oakland", "tree_id": "t00159" }, "geometry": { "type": "Point", "coordinates": [ -79.9548099, 40.44565082 ] } },
{ "type": "Feature", "properties": { "common_name": "Pear: Callery", "condition": "Good", "height": 7.62, "width": 1.524, "crown_r_m": 1.0, "crown_h_m": 4.953, "height_imputed": false, "width_imputed": false, "neighborhood": "North Oakland", "tree_id": "t00160" }, "geometry": { "type": "Point", "coordinates": [ -79.95500271, 40.44580875 ] } },
{ "type": "Feature", "properties": { "common_name": "Elm: Lacebark", "condition": "Fair", "height": 6.096, "width": 2.4384, "crown_r_m": 1.2192, "crown_h_m": 3.9624, "height_imputed": false, "width_imputed": false, "neighborhood": "North Oakland", "tree_id": "t00161" }, "geometry": { "type": "Point", "coordinates": [ -79.95653117, 40.443287979999987 ] } },
{ "type": "Feature", "properties": { "common_name": "Linden: Littleleaf", "condition": "Fair", "height": 10.668, "width": 1.8288, "crown_r_m": 1.0, "crown_h_m": 6.9342, "height_imputed": false, "width_imputed": false, "neighborhood": "North Oakland", "tree_id": "t00162" }, "geometry": { "type": "Point", "coordinates": [ -79.95532171, 40.45019363 ] } },
{ "type": "Feature", "properties": { "common_name": "Linden: Littleleaf", "condition": "Fair", "height": 10.668, "width": 2.1336, "crown_r_m": 1.0668, "crown_h_m": 6.9342, "height_imputed": false, "width_imputed": false, "neighborhood": "North Oakland", "tree_id": "t00163" }, "geometry": { "type": "Point", "coordinates": [ -79.95530335, 40.450296280000018 ] } },
{ "type": "Feature", "properties": { "common_name": "Linden: Littleleaf", "condition": "Fair", "height": 10.668, "width": 2.1336, "crown_r_m": 1.0668, "crown_h_m": 6.9342, "height_imputed": false, "width_imputed": false, "neighborhood": "North Oakland", "tree_id": "t00164" }, "geometry": { "type": "Point", "coordinates": [ -79.95520171, 40.45050834 ] } },
{ "type": "Feature", "properties": { "common_name": "Ginkgo", "condition": "Fair", "height": 10.668, "width": 3.048, "crown_r_m": 1.524, "crown_h_m": 6.9342, "height_imputed": false, "width_imputed": false, "neighborhood": "North Oakland", "tree_id": "t00165" }, "geometry": { "type": "Point", "coordinates": [ -79.95314579, 40.45124842 ] } },
{ "type": "Feature", "properties": { "common_name": "Ginkgo", "condition": "Fair", "height": 10.668, "width": 3.6576, "crown_r_m": 1.8288, "crown_h_m": 6.9342, "height_imputed": false, "width_imputed": false, "neighborhood": "North Oakland", "tree_id": "t00166" }, "geometry": { "type": "Point", "coordinates": [ -79.95312649, 40.45121146 ] } },
{ "type": "Feature", "properties": { "common_name": "Ginkgo", "condition": "Fair", "height": 10.668, "width": 4.572, "crown_r_m": 2.286, "crown_h_m": 6.9342, "height_imputed": false, "width_imputed": false, "neighborhood": "North Oakland", "tree_id": "t00167" }, "geometry": { "type": "Point", "coordinates": [ -79.95309073, 40.45116929000001 ] } },
{ "type": "Feature", "properties": { "common_name": "Ginkgo", "condition": "Fair", "height": 12.192, "width": 1.8288, "crown_r_m": 1.0, "crown_h_m": 7.9248, "height_imputed": false, "width_imputed": false, "neighborhood": "North Oakland", "tree_id": "t00168" }, "geometry": { "type": "Point", "coordinates": [ -79.95214686, 40.44961204 ] } },
{ "type": "Feature", "properties": { "common_name": "Maple: Norway", "condition": "Fair", "height": 9.144, "width": 1.8288, "crown_r_m": 1.0, "crown_h_m": 5.9436, "height_imputed": false, "width_imputed": false, "neighborhood": "North Oakland", "tree_id": "t00169" }, "geometry": { "type": "Point", "coordinates": [ -79.95202951, 40.44939863 ] } },
{ "type": "Feature", "properties": { "common_name": "Ginkgo", "condition": "Good", "height": 13.716, "width": 2.4384, "crown_r_m": 1.2192, "crown_h_m": 8.9154, "height_imputed": false, "width_imputed": false, "neighborhood": "North Oakland", "tree_id": "t00170" }, "geometry": { "type": "Point", "coordinates": [ -79.952559, 40.450097699999986 ] } },
{ "type": "Feature", "properties": { "common_name": "London planetree", "condition": "Good", "height": 16.764, "width": 3.048, "crown_r_m": 1.524, "crown_h_m": 10.8966, "height_imputed": false, "width_imputed": false, "neighborhood": "North Oakland", "tree_id": "t00171" }, "geometry": { "type": "Point", "coordinates": [ -79.9559107, 40.44789405 ] } },
{ "type": "Feature", "properties": { "common_name": "Zelkova: Japanese", "condition": "Good", "height": 4.572, "width": 1.8288, "crown_r_m": 1.0, "crown_h_m": 2.9718, "height_imputed": false, "width_imputed": false, "neighborhood": "North Oakland", "tree_id": "t00172" }, "geometry": { "type": "Point", "coordinates": [ -79.953608930000016, 40.450580189999989 ] } },
{ "type": "Feature", "properties": { "common_name": "Pear: Callery", "condition": "Good", "height": 7.62, "width": 1.8288, "crown_r_m": 1.0, "crown_h_m": 4.953, "height_imputed": false, "width_imputed": false, "neighborhood": "North Oakland", "tree_id": "t00173" }, "geometry": { "type": "Point", "coordinates": [ -79.95336385, 40.45002983 ] } },
{ "type": "Feature", "properties": { "common_name": "Dogwood: Flowering", "condition": "Fair", "height": 1.8288, "width": 0.3048, "crown_r_m": 1.0, "crown_h_m": 1.5, "height_imputed": false, "width_imputed": false, "neighborhood": "North Oakland", "tree_id": "t00174" }, "geometry": { "type": "Point", "coordinates": [ -79.952980020000012, 40.44917868000001 ] } },
{ "type": "Feature", "properties": { "common_name": "Dogwood: Flowering", "condition": "Poor", "height": 1.524, "width": 0.3048, "crown_r_m": 1.0, "crown_h_m": 1.5, "height_imputed": false, "width_imputed": false, "neighborhood": "North Oakland", "tree_id": "t00175" }, "geometry": { "type": "Point", "coordinates": [ -79.95292908, 40.44905939 ] } },
{ "type": "Feature", "properties": { "common_name": "Dogwood: Flowering", "condition": "Fair", "height": 1.8288, "width": 0.3048, "crown_r_m": 1.0, "crown_h_m": 1.5, "height_imputed": false, "width_imputed": false, "neighborhood": "North Oakland", "tree_id": "t00176" }, "geometry": { "type": "Point", "coordinates": [ -79.95291436, 40.44902441 ] } },
{ "type": "Feature", "properties": { "common_name": "Dogwood: Flowering", "condition": "Fair", "height": 1.8288, "width": 0.3048, "crown_r_m": 1.0, "crown_h_m": 1.5, "height_imputed": false, "width_imputed": false, "neighborhood": "North Oakland", "tree_id": "t00177" }, "geometry": { "type": "Point", "coordinates": [ -79.95287493, 40.44893911 ] } },
{ "type": "Feature", "properties": { "common_name": "Sweetgum: American", "condition": "Good", "height": 16.764, "width": 3.6576, "crown_r_m": 1.8288, "crown_h_m": 10.8966, "height_imputed": false, "width_imputed": false, "neighborhood": "North Oakland", "tree_id": "t00178" }, "geometry": { "type": "Point", "coordinates": [ -79.95493065, 40.4486972 ] } },
{ "type": "Feature", "properties": { "common_name": "Oak: Northern Red", "condition": "Good", "height": 16.764, "width": 9.144, "crown_r_m": 4.572, "crown_h_m": 10.8966, "height_imputed": false, "width_imputed": false, "neighborhood": "North Oakland", "tree_id": "t00179" }, "geometry": { "type": "Point", "coordinates": [ -79.95483325, 40.44861987 ] } },
{ "type": "Feature", "properties": { "common_name": "Sweetgum: American", "condition": "Very Good", "height": 18.288, "width": 3.6576, "crown_r_m": 1.8288, "crown_h_m": 11.8872, "height_imputed": false, "width_imputed": false, "neighborhood": "North Oakland", "tree_id": "t00180" }, "geometry": { "type": "Point", "coordinates": [ -79.95475488, 40.44856029 ] } },
{ "type": "Feature", "properties": { "common_name": "Oak: Northern Red", "condition": "Fair", "height": 9.144, "width": 3.6576, "crown_r_m": 1.8288, "crown_h_m": 5.9436, "height_imputed": false, "width_imputed": false, "neighborhood": "Central Oakland", "tree_id": "t00181" }, "geometry": { "type": "Point", "coordinates": [ -79.95603416, 40.43696445 ] } },
{ "type": "Feature", "properties": { "common_name": "Oak: Northern Red", "condition": "Good", "height": 18.288, "width": 3.048, "crown_r_m": 1.524, "crown_h_m": 11.8872, "height_imputed": false, "width_imputed": false, "neighborhood": "North Oakland", "tree_id": "t00182" }, "geometry": { "type": "Point", "coordinates": [ -79.95569117, 40.44772201 ] } },
{ "type": "Feature", "properties": { "common_name": "Linden: Littleleaf", "condition": "Fair", "height": 7.62, "width": 3.048, "crown_r_m": 1.524, "crown_h_m": 4.953, "height_imputed": false, "width_imputed": false, "neighborhood": "North Oakland", "tree_id": "t00183" }, "geometry": { "type": "Point", "coordinates": [ -79.95173993, 40.44918554 ] } },
{ "type": "Feature", "properties": { "common_name": "London planetree", "condition": "Good", "height": 4.8768, "width": 2.1336, "crown_r_m": 1.0668, "crown_h_m": 3.16992, "height_imputed": false, "width_imputed": false, "neighborhood": "North Oakland", "tree_id": "t00184" }, "geometry": { "type": "Point", "coordinates": [ -79.94746432, 40.44444261 ] } },
{ "type": "Feature", "properties": { "common_name": "Honeylocust: Thornless", "condition": "Critical", "height": 5.1816, "width": 2.4384, "crown_r_m": 1.2192, "crown_h_m": 3.36804, "height_imputed": false, "width_imputed": false, "neighborhood": "North Oakland", "tree_id": "t00185" }, "geometry": { "type": "Point", "coordinates": [ -79.95184486, 40.451726 ] } },
{ "type": "Feature", "properties": { "common_name": "Linden: Silver", "condition": "Good", "height": 3.048, "width": 1.524, "crown_r_m": 1.0, "crown_h_m": 1.9812, "height_imputed": false, "width_imputed": false, "neighborhood": "North Oakland", "tree_id": "t00186" }, "geometry": { "type": "Point", "coordinates": [ -79.95181115, 40.45168541 ] } },
{ "type": "Feature", "properties": { "common_name": "Honeylocust: Thornless", "condition": "Critical", "height": 6.096, "width": 1.8288, "crown_r_m": 1.0, "crown_h_m": 3.9624, "height_imputed": false, "width_imputed": false, "neighborhood": "North Oakland", "tree_id": "t00187" }, "geometry": { "type": "Point", "coordinates": [ -79.951651900000016, 40.45143691 ] } },
{ "type": "Feature", "properties": { "common_name": "Honeylocust: Thornless", "condition": "Fair", "height": 4.572, "width": 2.1336, "crown_r_m": 1.0668, "crown_h_m": 2.9718, "height_imputed": false, "width_imputed": false, "neighborhood": "Central Oakland", "tree_id": "t00188" }, "geometry": { "type": "Point", "coordinates": [ -79.95595994, 40.44161441 ] } },
{ "type": "Feature", "properties": { "common_name": "Pear: Callery", "condition": "Good", "height": 7.62, "width": 1.8288, "crown_r_m": 1.0, "crown_h_m": 4.953, "height_imputed": false, "width_imputed": false, "neighborhood": "North Oakland", "tree_id": "t00189" }, "geometry": { "type": "Point", "coordinates": [ -79.94896413, 40.44605597 ] } },
{ "type": "Feature", "properties": { "common_name": "Pear: Callery", "condition": "Fair", "height": 4.572, "width": 2.1336, "crown_r_m": 1.0668, "crown_h_m": 2.9718, "height_imputed": false, "width_imputed": false, "neighborhood": "North Oakland", "tree_id": "t00190" }, "geometry": { "type": "Point", "coordinates": [ -79.94896566, 40.44619511 ] } },
{ "type": "Feature", "properties": { "common_name": "Ginkgo", "condition": "Fair", "height": 4.8768, "width": 1.524, "crown_r_m": 1.0, "crown_h_m": 3.16992, "height_imputed": false, "width_imputed": false, "neighborhood": "North Oakland", "tree_id": "t00191" }, "geometry": { "type": "Point", "coordinates": [ -79.9490133, 40.44654818 ] } },
{ "type": "Feature", "properties": { "common_name": "Ginkgo", "condition": "Good", "height": 4.572, "width": 1.8288, "crown_r_m": 1.0, "crown_h_m": 2.9718, "height_imputed": false, "width_imputed": false, "neighborhood": "North Oakland", "tree_id": "t00192" }, "geometry": { "type": "Point", "coordinates": [ -79.94901878, 40.44662645 ] } },
{ "type": "Feature", "properties": { "common_name": "Maple: Amur", "condition": "Fair", "height": 3.6576, "width": 1.524, "crown_r_m": 1.0, "crown_h_m": 2.37744, "height_imputed": false, "width_imputed": false, "neighborhood": "North Oakland", "tree_id": "t00193" }, "geometry": { "type": "Point", "coordinates": [ -79.94872268, 40.44634879 ] } },
{ "type": "Feature", "properties": { "common_name": "Pear: Callery", "condition": "Good", "height": 6.096, "width": 1.524, "crown_r_m": 1.0, "crown_h_m": 3.9624, "height_imputed": false, "width_imputed": false, "neighborhood": "North Oakland", "tree_id": "t00194" }, "geometry": { "type": "Point", "coordinates": [ -79.94837081, 40.44589663 ] } },
{ "type": "Feature", "properties": { "common_name": "Pear: Callery", "condition": "Fair", "height": 6.096, "width": 1.8288, "crown_r_m": 1.0, "crown_h_m": 3.9624, "height_imputed": false, "width_imputed": false, "neighborhood": "North Oakland", "tree_id": "t00195" }, "geometry": { "type": "Point", "coordinates": [ -79.94873664, 40.44564725 ] } },
{ "type": "Feature", "properties": { "common_name": "Pear: Callery", "condition": "Fair", "height": 6.096, "width": 2.1336, "crown_r_m": 1.0668, "crown_h_m": 3.9624, "height_imputed": false, "width_imputed": false, "neighborhood": "North Oakland", "tree_id": "t00196" }, "geometry": { "type": "Point", "coordinates": [ -79.94874959, 40.445520929999986 ] } },
{ "type": "Feature", "properties": { "common_name": "Pear: Callery", "condition": "Fair", "height": 9.144, "width": 2.1336, "crown_r_m": 1.0668, "crown_h_m": 5.9436, "height_imputed": false, "width_imputed": false, "neighborhood": "North Oakland", "tree_id": "t00197" }, "geometry": { "type": "Point", "coordinates": [ -79.94758675, 40.44533094 ] } },
{ "type": "Feature", "properties": { "common_name": "Tree-of-Heaven", "condition": "Fair", "height": 10.668, "width": 6.096, "crown_r_m": 3.048, "crown_h_m": 6.9342, "height_imputed": false, "width_imputed": false, "neighborhood": "Central Oakland", "tree_id": "t00198" }, "geometry": { "type": "Point", "coordinates": [ -79.95176131, 40.44039998 ] } },
{ "type": "Feature", "properties": { "common_name": "Maple: Norway", "condition": "Fair", "height": 13.716, "width": 4.572, "crown_r_m": 2.286, "crown_h_m": 8.9154, "height_imputed": false, "width_imputed": false, "neighborhood": "Central Oakland", "tree_id": "t00199" }, "geometry": { "type": "Point", "coordinates": [ -79.95183471, 40.44039858 ] } },
{ "type": "Feature", "properties": { "common_name": "Maple: Norway", "condition": "Fair", "height": 10.668, "width": 3.6576, "crown_r_m": 1.8288, "crown_h_m": 6.9342, "height_imputed": false, "width_imputed": false, "neighborhood": "Central Oakland", "tree_id": "t00200" }, "geometry": { "type": "Point", "coordinates": [ -79.95211785, 40.44040139 ] } },
{ "type": "Feature", "properties": { "common_name": "Mulberry: White", "condition": "Fair", "height": 10.668, "width": 3.048, "crown_r_m": 1.524, "crown_h_m": 6.9342, "height_imputed": false, "width_imputed": false, "neighborhood": "Central Oakland", "tree_id": "t00201" }, "geometry": { "type": "Point", "coordinates": [ -79.95304539, 40.439913060000016 ] } },
{ "type": "Feature", "properties": { "common_name": "Pear: Callery", "condition": "Poor", "height": 9.144, "width": 1.8288, "crown_r_m": 1.0, "crown_h_m": 5.9436, "height_imputed": false, "width_imputed": false, "neighborhood": "Central Oakland", "tree_id": "t00202" }, "geometry": { "type": "Point", "coordinates": [ -79.9545151, 40.43865954 ] } },
{ "type": "Feature", "properties": { "common_name": "Pear: Callery", "condition": "Fair", "height": 9.144, "width": 1.8288, "crown_r_m": 1.0, "crown_h_m": 5.9436, "height_imputed": false, "width_imputed": false, "neighborhood": "Central Oakland", "tree_id": "t00203" }, "geometry": { "type": "Point", "coordinates": [ -79.95414722, 40.43835822 ] } },
{ "type": "Feature", "properties": { "common_name": "Pear: Callery", "condition": "Fair", "height": 7.62, "width": 2.1336, "crown_r_m": 1.0668, "crown_h_m": 4.953, "height_imputed": false, "width_imputed": false, "neighborhood": "Central Oakland", "tree_id": "t00204" }, "geometry": { "type": "Point", "coordinates": [ -79.95445747, 40.43845141 ] } },
{ "type": "Feature", "properties": { "common_name": "Linden: Littleleaf", "condition": "Poor", "height": 10.668, "width": 2.7432, "crown_r_m": 1.3716, "crown_h_m": 6.9342, "height_imputed": true, "width_imputed": true, "neighborhood": "Central Oakland", "tree_id": "t00205" }, "geometry": { "type": "Point", "coordinates": [ -79.95454226, 40.43853905000001 ] } },
{ "type": "Feature", "properties": { "common_name": "Linden: Littleleaf", "condition": "Fair", "height": 12.192, "width": 3.6576, "crown_r_m": 1.8288, "crown_h_m": 7.9248, "height_imputed": false, "width_imputed": false, "neighborhood": "Central Oakland", "tree_id": "t00206" }, "geometry": { "type": "Point", "coordinates": [ -79.95572368, 40.43855012 ] } },
{ "type": "Feature", "properties": { "common_name": "Linden: Littleleaf", "condition": "Fair", "height": 12.192, "width": 4.572, "crown_r_m": 2.286, "crown_h_m": 7.9248, "height_imputed": false, "width_imputed": false, "neighborhood": "Central Oakland", "tree_id": "t00207" }, "geometry": { "type": "Point", "coordinates": [ -79.95520644, 40.438135159999987 ] } },
{ "type": "Feature", "properties": { "common_name": "Linden: Littleleaf", "condition": "Fair", "height": 10.668, "width": 2.7432, "crown_r_m": 1.3716, "crown_h_m": 6.9342, "height_imputed": false, "width_imputed": false, "neighborhood": "Central Oakland", "tree_id": "t00208" }, "geometry": { "type": "Point", "coordinates": [ -79.95472701, 40.43758878 ] } },
{ "type": "Feature", "properties": { "common_name": "Oak: Northern Red", "condition": "Fair", "height": 12.192, "width": 3.6576, "crown_r_m": 1.8288, "crown_h_m": 7.9248, "height_imputed": false, "width_imputed": false, "neighborhood": "Central Oakland", "tree_id": "t00209" }, "geometry": { "type": "Point", "coordinates": [ -79.95598379, 40.437076769999983 ] } },
{ "type": "Feature", "properties": { "common_name": "Oak: Northern Red", "condition": "Fair", "height": 13.716, "width": 3.048, "crown_r_m": 1.524, "crown_h_m": 8.9154, "height_imputed": false, "width_imputed": false, "neighborhood": "Central Oakland", "tree_id": "t00210" }, "geometry": { "type": "Point", "coordinates": [ -79.95572208, 40.43687348 ] } },
{ "type": "Feature", "properties": { "common_name": "Elm: spp.", "condition": "Good", "height": 5.1816, "width": 1.524, "crown_r_m": 1.0, "crown_h_m": 3.36804, "height_imputed": false, "width_imputed": false, "neighborhood": "West Oakland", "tree_id": "t00211" }, "geometry": { "type": "Point", "coordinates": [ -79.95856633, 40.44188944 ] } },
{ "type": "Feature", "properties": { "common_name": "Elm: spp.", "condition": "Good", "height": 6.096, "width": 1.8288, "crown_r_m": 1.0, "crown_h_m": 3.9624, "height_imputed": false, "width_imputed": false, "neighborhood": "West Oakland", "tree_id": "t00212" }, "geometry": { "type": "Point", "coordinates": [ -79.95828907, 40.44209739 ] } },
{ "type": "Feature", "properties": { "common_name": "Maple: Freeman", "condition": "Good", "height": 13.716, "width": 3.9624, "crown_r_m": 1.9812, "crown_h_m": 8.9154, "height_imputed": false, "width_imputed": false, "neighborhood": "North Oakland", "tree_id": "t00213" }, "geometry": { "type": "Point", "coordinates": [ -79.95752956, 40.44500275 ] } },
{ "type": "Feature", "properties": { "common_name": "Pear: Callery", "condition": "Fair", "height": 12.192, "width": 2.4384, "crown_r_m": 1.2192, "crown_h_m": 7.9248, "height_imputed": false, "width_imputed": false, "neighborhood": "North Oakland", "tree_id": "t00214" }, "geometry": { "type": "Point", "coordinates": [ -79.95718988, 40.44523893 ] } },
{ "type": "Feature", "properties": { "common_name": "Pear: Common", "condition": "Fair", "height": 9.144, "width": 3.048, "crown_r_m": 1.524, "crown_h_m": 5.9436, "height_imputed": false, "width_imputed": false, "neighborhood": "North Oakland", "tree_id": "t00215" }, "geometry": { "type": "Point", "coordinates": [ -79.95660823, 40.44566029 ] } },
{ "type": "Feature", "properties": { "common_name": "Oak: Northern Red", "condition": "Poor", "height": 10.668, "width": 9.144, "crown_r_m": 4.572, "crown_h_m": 6.9342, "height_imputed": false, "width_imputed": false, "neighborhood": "Central Oakland", "tree_id": "t00216" }, "geometry": { "type": "Point", "coordinates": [ -79.9562343, 40.43713458 ] } },
{ "type": "Feature", "properties": { "common_name": "Pear: Callery", "condition": "Critical", "height": 3.048, "width": 0.9144, "crown_r_m": 1.0, "crown_h_m": 1.9812, "height_imputed": false, "width_imputed": false, "neighborhood": "Central Oakland", "tree_id": "t00217" }, "geometry": { "type": "Point", "coordinates": [ -79.95862978, 40.439014869999987 ] } },
{ "type": "Feature", "properties": { "common_name": "Zelkova: Japanese", "condition": "Fair", "height": 7.62, "width": 2.4384, "crown_r_m": 1.2192, "crown_h_m": 4.953, "height_imputed": false, "width_imputed": false, "neighborhood": "Central Oakland", "tree_id": "t00218" }, "geometry": { "type": "Point", "coordinates": [ -79.95996729, 40.43888895 ] } },
{ "type": "Feature", "properties": { "common_name": "Pear: Callery", "condition": "Fair", "height": 6.096, "width": 2.1336, "crown_r_m": 1.0668, "crown_h_m": 3.9624, "height_imputed": false, "width_imputed": false, "neighborhood": "Central Oakland", "tree_id": "t00219" }, "geometry": { "type": "Point", "coordinates": [ -79.95606042, 40.43975301 ] } },
{ "type": "Feature", "properties": { "common_name": "Lilac: Japanese Tree", "condition": "Fair", "height": 2.7432, "width": 1.2192, "crown_r_m": 1.0, "crown_h_m": 1.78308, "height_imputed": false, "width_imputed": false, "neighborhood": "Central Oakland", "tree_id": "t00220" }, "geometry": { "type": "Point", "coordinates": [ -79.95610069, 40.439784 ] } },
{ "type": "Feature", "properties": { "common_name": "Lilac: Japanese Tree", "condition": "Fair", "height": 2.7432, "width": 1.2192, "crown_r_m": 1.0, "crown_h_m": 1.78308, "height_imputed": false, "width_imputed": false, "neighborhood": "Central Oakland", "tree_id": "t00221" }, "geometry": { "type": "Point", "coordinates": [ -79.95613421, 40.43982042 ] } },
{ "type": "Feature", "properties": { "common_name": "Elm: spp.", "condition": "Good", "height": 3.6576, "width": 2.1336, "crown_r_m": 1.0668, "crown_h_m": 2.37744, "height_imputed": false, "width_imputed": false, "neighborhood": "Central Oakland", "tree_id": "t00222" }, "geometry": { "type": "Point", "coordinates": [ -79.95645514, 40.44010015 ] } },
{ "type": "Feature", "properties": { "common_name": "Honeylocust: Thornless", "condition": "Fair", "height": 4.2672, "width": 1.8288, "crown_r_m": 1.0, "crown_h_m": 2.77368, "height_imputed": false, "width_imputed": false, "neighborhood": "Central Oakland", "tree_id": "t00223" }, "geometry": { "type": "Point", "coordinates": [ -79.95654544, 40.44017783 ] } },
{ "type": "Feature", "properties": { "common_name": "Honeylocust: Thornless", "condition": "Fair", "height": 4.8768, "width": 2.4384, "crown_r_m": 1.2192, "crown_h_m": 3.16992, "height_imputed": false, "width_imputed": false, "neighborhood": "Central Oakland", "tree_id": "t00224" }, "geometry": { "type": "Point", "coordinates": [ -79.95660718, 40.44022959 ] } },
{ "type": "Feature", "properties": { "common_name": "Honeylocust: Thornless", "condition": "Poor", "height": 4.572, "width": 1.8288, "crown_r_m": 1.0, "crown_h_m": 2.9718, "height_imputed": false, "width_imputed": false, "neighborhood": "Central Oakland", "tree_id": "t00225" }, "geometry": { "type": "Point", "coordinates": [ -79.95598265, 40.44104748 ] } },
{ "type": "Feature", "properties": { "common_name": "Honeylocust: Thornless", "condition": "Fair", "height": 6.096, "width": 1.8288, "crown_r_m": 1.0, "crown_h_m": 3.9624, "height_imputed": false, "width_imputed": false, "neighborhood": "Central Oakland", "tree_id": "t00226" }, "geometry": { "type": "Point", "coordinates": [ -79.9560291, 40.44102012 ] } },
{ "type": "Feature", "properties": { "common_name": "Honeylocust: Thornless", "condition": "Fair", "height": 3.3528, "width": 2.1336, "crown_r_m": 1.0668, "crown_h_m": 2.17932, "height_imputed": false, "width_imputed": false, "neighborhood": "Central Oakland", "tree_id": "t00227" }, "geometry": { "type": "Point", "coordinates": [ -79.95607789, 40.44099361 ] } },
{ "type": "Feature", "properties": { "common_name": "Zelkova: Japanese", "condition": "Good", "height": 3.6576, "width": 2.1336, "crown_r_m": 1.0668, "crown_h_m": 2.37744, "height_imputed": false, "width_imputed": false, "neighborhood": "Shadyside", "tree_id": "t00228" }, "geometry": { "type": "Point", "coordinates": [ -79.94596679, 40.45362984 ] } },
{ "type": "Feature", "properties": { "common_name": "Elm: Lacebark", "condition": "Fair", "height": 6.096, "width": 2.1336, "crown_r_m": 1.0668, "crown_h_m": 3.9624, "height_imputed": false, "width_imputed": false, "neighborhood": "North Oakland", "tree_id": "t00229" }, "geometry": { "type": "Point", "coordinates": [ -79.95640983, 40.44337542 ] } },
{ "type": "Feature", "properties": { "common_name": "Ginkgo", "condition": "Fair", "height": 2.1336, "width": 1.2192, "crown_r_m": 1.0, "crown_h_m": 1.5, "height_imputed": false, "width_imputed": false, "neighborhood": "North Oakland", "tree_id": "t00230" }, "geometry": { "type": "Point", "coordinates": [ -79.95608216, 40.44366007 ] } },
{ "type": "Feature", "properties": { "common_name": "Pear: Callery", "condition": "Fair", "height": 6.096, "width": 2.4384, "crown_r_m": 1.2192, "crown_h_m": 3.9624, "height_imputed": false, "width_imputed": false, "neighborhood": "West Oakland", "tree_id": "t00231" }, "geometry": { "type": "Point", "coordinates": [ -79.9576148, 40.44256743 ] } },
{ "type": "Feature", "properties": { "common_name": "Elm: Lacebark", "condition": "Good", "height": 7.62, "width": 1.8288, "crown_r_m": 1.0, "crown_h_m": 4.953, "height_imputed": false, "width_imputed": false, "neighborhood": "North Oakland", "tree_id": "t00232" }, "geometry": { "type": "Point", "coordinates": [ -79.95739626, 40.44266154 ] } },
{ "type": "Feature", "properties": { "common_name": "Honeylocust: Thornless", "condition": "Fair", "height": 2.4384, "width": 1.524, "crown_r_m": 1.0, "crown_h_m": 1.58496, "height_imputed": false, "width_imputed": false, "neighborhood": "West Oakland", "tree_id": "t00233" }, "geometry": { "type": "Point", "coordinates": [ -79.95988173, 40.44080458 ] } },
{ "type": "Feature", "properties": { "common_name": "Honeylocust: Thornless", "condition": "Fair", "height": 4.572, "width": 1.524, "crown_r_m": 1.0, "crown_h_m": 2.9718, "height_imputed": false, "width_imputed": false, "neighborhood": "West Oakland", "tree_id": "t00234" }, "geometry": { "type": "Point", "coordinates": [ -79.95971329, 40.44091797 ] } },
{ "type": "Feature", "properties": { "common_name": "London planetree", "condition": "Fair", "height": 19.812, "width": 4.572, "crown_r_m": 2.286, "crown_h_m": 12.8778, "height_imputed": false, "width_imputed": false, "neighborhood": "North Oakland", "tree_id": "t00235" }, "geometry": { "type": "Point", "coordinates": [ -79.95665322, 40.44716911 ] } },
{ "type": "Feature", "properties": { "common_name": "Sweetgum: American", "condition": "Good", "height": 18.288, "width": 4.572, "crown_r_m": 2.286, "crown_h_m": 11.8872, "height_imputed": false, "width_imputed": false, "neighborhood": "North Oakland", "tree_id": "t00236" }, "geometry": { "type": "Point", "coordinates": [ -79.95442115, 40.44724133 ] } },
{ "type": "Feature", "properties": { "common_name": "Linden: Littleleaf", "condition": "Good", "height": 15.24, "width": 3.6576, "crown_r_m": 1.8288, "crown_h_m": 9.906, "height_imputed": false, "width_imputed": false, "neighborhood": "North Oakland", "tree_id": "t00237" }, "geometry": { "type": "Point", "coordinates": [ -79.9553956, 40.44653048 ] } },
{ "type": "Feature", "properties": { "common_name": "Oak: Northern Red", "condition": "Very Good", "height": 16.764, "width": 2.4384, "crown_r_m": 1.2192, "crown_h_m": 10.8966, "height_imputed": false, "width_imputed": false, "neighborhood": "North Oakland", "tree_id": "t00238" }, "geometry": { "type": "Point", "coordinates": [ -79.95498022, 40.44680438 ] } },
{ "type": "Feature", "properties": { "common_name": "Maple: Norway", "condition": "Good", "height": 12.192, "width": 1.8288, "crown_r_m": 1.0, "crown_h_m": 7.9248, "height_imputed": false, "width_imputed": false, "neighborhood": "Central Oakland", "tree_id": "t00239" }, "geometry": { "type": "Point", "coordinates": [ -79.95147664, 40.43712105 ] } },
{ "type": "Feature", "properties": { "common_name": "Honeylocust: Thornless", "condition": "Fair", "height": 10.668, "width": 3.3528, "crown_r_m": 1.6764, "crown_h_m": 6.9342, "height_imputed": false, "width_imputed": false, "neighborhood": "Central Oakland", "tree_id": "t00240" }, "geometry": { "type": "Point", "coordinates": [ -79.95151451, 40.437125140000013 ] } },
{ "type": "Feature", "properties": { "common_name": "Oak: Northern Red", "condition": "Good", "height": 18.288, "width": 3.048, "crown_r_m": 1.524, "crown_h_m": 11.8872, "height_imputed": false, "width_imputed": false, "neighborhood": "North Oakland", "tree_id": "t00241" }, "geometry": { "type": "Point", "coordinates": [ -79.95578991, 40.44759917 ] } },
{ "type": "Feature", "properties": { "common_name": "Sweetgum: American", "condition": "Good", "height": 15.24, "width": 4.572, "crown_r_m": 2.286, "crown_h_m": 9.906, "height_imputed": false, "width_imputed": false, "neighborhood": "North Oakland", "tree_id": "t00242" }, "geometry": { "type": "Point", "coordinates": [ -79.95593221, 40.44771821 ] } },
{ "type": "Feature", "properties": { "common_name": "Arborvitae: Eastern", "condition": "Good", "height": 1.524, "width": 0.3048, "crown_r_m": 1.0, "crown_h_m": 1.5, "height_imputed": false, "width_imputed": false, "neighborhood": "North Oakland", "tree_id": "t00243" }, "geometry": { "type": "Point", "coordinates": [ -79.95582562, 40.44648472 ] } },
{ "type": "Feature", "properties": { "common_name": "Oak: Pin", "condition": "Good", "height": 12.192, "width": 3.6576, "crown_r_m": 1.8288, "crown_h_m": 7.9248, "height_imputed": false, "width_imputed": false, "neighborhood": "North Oakland", "tree_id": "t00244" }, "geometry": { "type": "Point", "coordinates": [ -79.95621043, 40.44679809 ] } },
{ "type": "Feature", "properties": { "common_name": "Linden: Littleleaf", "condition": "Fair", "height": 16.764, "width": 7.62, "crown_r_m": 3.81, "crown_h_m": 10.8966, "height_imputed": false, "width_imputed": false, "neighborhood": "North Oakland", "tree_id": "t00245" }, "geometry": { "type": "Point", "coordinates": [ -79.95704131, 40.44747204 ] } },
{ "type": "Feature", "properties": { "common_name": "Apple: Common", "condition": "Poor", "height": 1.8288, "width": 0.6096, "crown_r_m": 1.0, "crown_h_m": 1.5, "height_imputed": false, "width_imputed": false, "neighborhood": "North Oakland", "tree_id": "t00246" }, "geometry": { "type": "Point", "coordinates": [ -79.9575958, 40.44785544 ] } },
{ "type": "Feature", "properties": { "common_name": "Sweetgum: American", "condition": "Good", "height": 18.288, "width": 3.048, "crown_r_m": 1.524, "crown_h_m": 11.8872, "height_imputed": false, "width_imputed": false, "neighborhood": "North Oakland", "tree_id": "t00247" }, "geometry": { "type": "Point", "coordinates": [ -79.954988110000016, 40.44854112 ] } },
{ "type": "Feature", "properties": { "common_name": "London planetree", "condition": "Poor", "height": 13.716, "width": 6.096, "crown_r_m": 3.048, "crown_h_m": 8.9154, "height_imputed": false, "width_imputed": false, "neighborhood": "North Oakland", "tree_id": "t00248" }, "geometry": { "type": "Point", "coordinates": [ -79.95532438, 40.45064729 ] } },
{ "type": "Feature", "properties": { "common_name": "Elm: American", "condition": "Fair", "height": 4.572, "width": 1.524, "crown_r_m": 1.0, "crown_h_m": 2.9718, "height_imputed": false, "width_imputed": false, "neighborhood": "Upper Hill", "tree_id": "t00249" }, "geometry": { "type": "Point", "coordinates": [ -79.95692636, 40.4495526 ] } },
{ "type": "Feature", "properties": { "common_name": "Sweetgum: American", "condition": "Good", "height": 3.6576, "width": 1.2192, "crown_r_m": 1.0, "crown_h_m": 2.37744, "height_imputed": false, "width_imputed": false, "neighborhood": "North Oakland", "tree_id": "t00250" }, "geometry": { "type": "Point", "coordinates": [ -79.95423264, 40.45241949 ] } },
{ "type": "Feature", "properties": { "common_name": "Sweetgum: American", "condition": "Poor", "height": 3.6576, "width": 0.6096, "crown_r_m": 1.0, "crown_h_m": 2.37744, "height_imputed": false, "width_imputed": false, "neighborhood": "North Oakland", "tree_id": "t00251" }, "geometry": { "type": "Point", "coordinates": [ -79.95437144, 40.45207013 ] } },
{ "type": "Feature", "properties": { "common_name": "Maple: Norway", "condition": "Fair", "height": 10.668, "width": 7.62, "crown_r_m": 3.81, "crown_h_m": 6.9342, "height_imputed": false, "width_imputed": false, "neighborhood": "North Oakland", "tree_id": "t00252" }, "geometry": { "type": "Point", "coordinates": [ -79.95409613, 40.45135484 ] } },
{ "type": "Feature", "properties": { "common_name": "Maple: Norway", "condition": "Fair", "height": 10.668, "width": 3.048, "crown_r_m": 1.524, "crown_h_m": 6.9342, "height_imputed": false, "width_imputed": false, "neighborhood": "North Oakland", "tree_id": "t00253" }, "geometry": { "type": "Point", "coordinates": [ -79.954086360000019, 40.45139688 ] } },
{ "type": "Feature", "properties": { "common_name": "Maple: Norway", "condition": "Good", "height": 13.716, "width": 6.096, "crown_r_m": 3.048, "crown_h_m": 8.9154, "height_imputed": false, "width_imputed": false, "neighborhood": "North Oakland", "tree_id": "t00254" }, "geometry": { "type": "Point", "coordinates": [ -79.95400948, 40.45137423 ] } },
{ "type": "Feature", "properties": { "common_name": "Honeylocust: Thornless", "condition": "Good", "height": 9.144, "width": 3.6576, "crown_r_m": 1.8288, "crown_h_m": 5.9436, "height_imputed": false, "width_imputed": false, "neighborhood": "North Oakland", "tree_id": "t00255" }, "geometry": { "type": "Point", "coordinates": [ -79.95378601, 40.45141218 ] } },
{ "type": "Feature", "properties": { "common_name": "Honeylocust: Thornless", "condition": "Poor", "height": 4.572, "width": 1.8288, "crown_r_m": 1.0, "crown_h_m": 2.9718, "height_imputed": false, "width_imputed": false, "neighborhood": "North Oakland", "tree_id": "t00256" }, "geometry": { "type": "Point", "coordinates": [ -79.95364082, 40.45145893 ] } },
{ "type": "Feature", "properties": { "common_name": "London planetree", "condition": "Fair", "height": 15.24, "width": 9.144, "crown_r_m": 4.572, "crown_h_m": 9.906, "height_imputed": false, "width_imputed": false, "neighborhood": "Upper Hill", "tree_id": "t00257" }, "geometry": { "type": "Point", "coordinates": [ -79.95484947, 40.45122367 ] } },
{ "type": "Feature", "properties": { "common_name": "Hardy Rubbertree", "condition": "Good", "height": 3.3528, "width": 1.524, "crown_r_m": 1.0, "crown_h_m": 2.17932, "height_imputed": false, "width_imputed": false, "neighborhood": "North Oakland", "tree_id": "t00258" }, "geometry": { "type": "Point", "coordinates": [ -79.95262154, 40.45271459 ] } },
{ "type": "Feature", "properties": { "common_name": "Ginkgo", "condition": "Fair", "height": 3.048, "width": 0.9144, "crown_r_m": 1.0, "crown_h_m": 1.9812, "height_imputed": false, "width_imputed": false, "neighborhood": "Terrace Village", "tree_id": "t00259" }, "geometry": { "type": "Point", "coordinates": [ -79.96622889, 40.44435286 ] } },
{ "type": "Feature", "properties": { "common_name": "Maple: Red", "condition": "Good", "height": 5.7912, "width": 1.8288, "crown_r_m": 1.0, "crown_h_m": 3.76428, "height_imputed": false, "width_imputed": false, "neighborhood": "Terrace Village", "tree_id": "t00260" }, "geometry": { "type": "Point", "coordinates": [ -79.9684965, 40.4425055 ] } },
{ "type": "Feature", "properties": { "common_name": "Maple: Red", "condition": "Fair", "height": 4.572, "width": 1.8288, "crown_r_m": 1.0, "crown_h_m": 2.9718, "height_imputed": false, "width_imputed": false, "neighborhood": "Terrace Village", "tree_id": "t00261" }, "geometry": { "type": "Point", "coordinates": [ -79.96888727, 40.44218859 ] } },
{ "type": "Feature", "properties": { "common_name": "Ash: White", "condition": "Critical", "height": 7.62, "width": 1.524, "crown_r_m": 1.0, "crown_h_m": 4.953, "height_imputed": false, "width_imputed": false, "neighborhood": "Middle Hill", "tree_id": "t00262" }, "geometry": { "type": "Point", "coordinates": [ -79.96870572, 40.44714361 ] } },
{ "type": "Feature", "properties": { "common_name": "Mulberry: White", "condition": "Fair", "height": 9.144, "width": 3.6576, "crown_r_m": 1.8288, "crown_h_m": 5.9436, "height_imputed": false, "width_imputed": false, "neighborhood": "Middle Hill", "tree_id": "t00263" }, "geometry": { "type": "Point", "coordinates": [ -79.96824043, 40.44788124 ] } },
{ "type": "Feature", "properties": { "common_name": "Maple: Norway", "condition": "Fair", "height": 7.0104, "width": 2.4384, "crown_r_m": 1.2192, "crown_h_m": 4.55676, "height_imputed": false, "width_imputed": false, "neighborhood": "Middle Hill", "tree_id": "t00264" }, "geometry": { "type": "Point", "coordinates": [ -79.96814367, 40.44967536 ] } },
{ "type": "Feature", "properties": { "common_name": "Crabapple: Flowering", "condition": "Fair", "height": 1.524, "width": 0.9144, "crown_r_m": 1.0, "crown_h_m": 1.5, "height_imputed": false, "width_imputed": false, "neighborhood": "Middle Hill", "tree_id": "t00265" }, "geometry": { "type": "Point", "coordinates": [ -79.96823538, 40.44999638 ] } },
{ "type": "Feature", "properties": { "common_name": "Zelkova: Japanese", "condition": "Good", "height": 3.6576, "width": 2.1336, "crown_r_m": 1.0668, "crown_h_m": 2.37744, "height_imputed": false, "width_imputed": false, "neighborhood": "Shadyside", "tree_id": "t00266" }, "geometry": { "type": "Point", "coordinates": [ -79.94607372, 40.45360987 ] } },
{ "type": "Feature", "properties": { "common_name": "Honeylocust: Thornless", "condition": "Good", "height": 6.096, "width": 2.1336, "crown_r_m": 1.0668, "crown_h_m": 3.9624, "height_imputed": false, "width_imputed": false, "neighborhood": "Shadyside", "tree_id": "t00267" }, "geometry": { "type": "Point", "coordinates": [ -79.94679419, 40.45338998 ] } },
{ "type": "Feature", "properties": { "common_name": "Oak: Swamp White", "condition": "Good", "height": 3.9624, "width": 2.1336, "crown_r_m": 1.0668, "crown_h_m": 2.57556, "height_imputed": false, "width_imputed": false, "neighborhood": "Bloomfield", "tree_id": "t00268" }, "geometry": { "type": "Point", "coordinates": [ -79.94675014, 40.45353875 ] } },
{ "type": "Feature", "properties": { "common_name": "Linden: Littleleaf", "condition": "Good", "height": 4.572, "width": 2.1336, "crown_r_m": 1.0668, "crown_h_m": 2.9718, "height_imputed": false, "width_imputed": false, "neighborhood": "Bloomfield", "tree_id": "t00269" }, "geometry": { "type": "Point", "coordinates": [ -79.94565068, 40.45387865 ] } },
{ "type": "Feature", "properties": { "common_name": "Pear: Callery", "condition": "Poor", "height": 3.3528, "width": 1.8288, "crown_r_m": 1.0, "crown_h_m": 2.17932, "height_imputed": false, "width_imputed": false, "neighborhood": "Bloomfield", "tree_id": "t00270" }, "geometry": { "type": "Point", "coordinates": [ -79.94469334, 40.45415309 ] } },
{ "type": "Feature", "properties": { "common_name": "Maple: Red", "condition": "Fair", "height": 4.572, "width": 2.1336, "crown_r_m": 1.0668, "crown_h_m": 2.9718, "height_imputed": false, "width_imputed": false, "neighborhood": "Bloomfield", "tree_id": "t00271" }, "geometry": { "type": "Point", "coordinates": [ -79.94788961, 40.45441301 ] } },
{ "type": "Feature", "properties": { "common_name": "Linden: Silver", "condition": "Good", "height": 6.096, "width": 1.524, "crown_r_m": 1.0, "crown_h_m": 3.9624, "height_imputed": false, "width_imputed": false, "neighborhood": "North Oakland", "tree_id": "t00272" }, "geometry": { "type": "Point", "coordinates": [ -79.95159635, 40.451934 ] } },
{ "type": "Feature", "properties": { "common_name": "Oak: Sawtooth", "condition": "Good", "height": 3.9624, "width": 1.8288, "crown_r_m": 1.0, "crown_h_m": 2.57556, "height_imputed": false, "width_imputed": false, "neighborhood": "North Oakland", "tree_id": "t00273" }, "geometry": { "type": "Point", "coordinates": [ -79.95385177, 40.45127131000001 ] } },
{ "type": "Feature", "properties": { "common_name": "Pear: Callery", "condition": "Fair", "height": 10.668, "width": 3.9624, "crown_r_m": 1.9812, "crown_h_m": 6.9342, "height_imputed": false, "width_imputed": false, "neighborhood": "North Oakland", "tree_id": "t00274" }, "geometry": { "type": "Point", "coordinates": [ -79.95626531, 40.449885919999986 ] } },
{ "type": "Feature", "properties": { "common_name": "Pear: Callery", "condition": "Fair", "height": 9.144, "width": 2.1336, "crown_r_m": 1.0668, "crown_h_m": 5.9436, "height_imputed": false, "width_imputed": false, "neighborhood": "North Oakland", "tree_id": "t00275" }, "geometry": { "type": "Point", "coordinates": [ -79.95734132, 40.449133139999986 ] } },
{ "type": "Feature", "properties": { "common_name": "Apple: Common", "condition": "Critical", "height": 7.62, "width": 2.4384, "crown_r_m": 1.2192, "crown_h_m": 4.953, "height_imputed": false, "width_imputed": false, "neighborhood": "Middle Hill", "tree_id": "t00276" }, "geometry": { "type": "Point", "coordinates": [ -79.96713032, 40.452914 ] } },
{ "type": "Feature", "properties": { "common_name": "Maple: Sugar", "condition": "Fair", "height": 15.24, "width": 3.048, "crown_r_m": 1.524, "crown_h_m": 9.906, "height_imputed": false, "width_imputed": false, "neighborhood": "Middle Hill", "tree_id": "t00277" }, "geometry": { "type": "Point", "coordinates": [ -79.96525517, 40.45279055 ] } },
{ "type": "Feature", "properties": { "common_name": "Honeylocust: Thornless", "condition": "Poor", "height": 6.096, "width": 2.1336, "crown_r_m": 1.0668, "crown_h_m": 3.9624, "height_imputed": false, "width_imputed": false, "neighborhood": "North Oakland", "tree_id": "t00278" }, "geometry": { "type": "Point", "coordinates": [ -79.94999368, 40.4524292 ] } },
{ "type": "Feature", "properties": { "common_name": "Ginkgo", "condition": "Fair", "height": 3.048, "width": 0.9144, "crown_r_m": 1.0, "crown_h_m": 1.9812, "height_imputed": false, "width_imputed": false, "neighborhood": "North Oakland", "tree_id": "t00279" }, "geometry": { "type": "Point", "coordinates": [ -79.95018862, 40.45237355 ] } },
{ "type": "Feature", "properties": { "common_name": "Ginkgo", "condition": "Fair", "height": 2.7432, "width": 0.9144, "crown_r_m": 1.0, "crown_h_m": 1.78308, "height_imputed": false, "width_imputed": false, "neighborhood": "North Oakland", "tree_id": "t00280" }, "geometry": { "type": "Point", "coordinates": [ -79.95039193, 40.45230633 ] } },
{ "type": "Feature", "properties": { "common_name": "Ginkgo", "condition": "Fair", "height": 2.4384, "width": 0.9144, "crown_r_m": 1.0, "crown_h_m": 1.58496, "height_imputed": false, "width_imputed": false, "neighborhood": "North Oakland", "tree_id": "t00281" }, "geometry": { "type": "Point", "coordinates": [ -79.95056039, 40.452259839999989 ] } },
{ "type": "Feature", "properties": { "common_name": "London planetree", "condition": "Good", "height": 9.144, "width": 2.4384, "crown_r_m": 1.2192, "crown_h_m": 5.9436, "height_imputed": false, "width_imputed": false, "neighborhood": "Upper Hill", "tree_id": "t00282" }, "geometry": { "type": "Point", "coordinates": [ -79.95908947, 40.45377013 ] } },
{ "type": "Feature", "properties": { "common_name": "Crabapple: Flowering", "condition": "Fair", "height": 3.6576, "width": 1.2192, "crown_r_m": 1.0, "crown_h_m": 2.37744, "height_imputed": false, "width_imputed": false, "neighborhood": "Upper Hill", "tree_id": "t00283" }, "geometry": { "type": "Point", "coordinates": [ -79.95735474, 40.45145773 ] } },
{ "type": "Feature", "properties": { "common_name": "Crabapple: Flowering", "condition": "Good", "height": 6.096, "width": 1.2192, "crown_r_m": 1.0, "crown_h_m": 3.9624, "height_imputed": false, "width_imputed": false, "neighborhood": "Upper Hill", "tree_id": "t00284" }, "geometry": { "type": "Point", "coordinates": [ -79.95769708, 40.45156801 ] } },
{ "type": "Feature", "properties": { "common_name": "Oak: Pin", "condition": "Good", "height": 16.764, "width": 6.096, "crown_r_m": 3.048, "crown_h_m": 10.8966, "height_imputed": false, "width_imputed": false, "neighborhood": "Upper Hill", "tree_id": "t00285" }, "geometry": { "type": "Point", "coordinates": [ -79.95841003, 40.45286678 ] } },
{ "type": "Feature", "properties": { "common_name": "Maple: Norway", "condition": "Poor", "height": 6.096, "width": 2.4384, "crown_r_m": 1.2192, "crown_h_m": 3.9624, "height_imputed": false, "width_imputed": false, "neighborhood": "Upper Hill", "tree_id": "t00286" }, "geometry": { "type": "Point", "coordinates": [ -79.95834427, 40.45277433 ] } },
{ "type": "Feature", "properties": { "common_name": "Oak: Pin", "condition": "Poor", "height": 9.144, "width": 3.9624, "crown_r_m": 1.9812, "crown_h_m": 5.9436, "height_imputed": false, "width_imputed": false, "neighborhood": "Upper Hill", "tree_id": "t00287" }, "geometry": { "type": "Point", "coordinates": [ -79.95826346, 40.45291782000001 ] } },
{ "type": "Feature", "properties": { "common_name": "Honeylocust", "condition": "Good", "height": 4.572, "width": 2.1336, "crown_r_m": 1.0668, "crown_h_m": 2.9718, "height_imputed": false, "width_imputed": false, "neighborhood": "Upper Hill", "tree_id": "t00288" }, "geometry": { "type": "Point", "coordinates": [ -79.96014506, 40.4542185 ] } },
{ "type": "Feature", "properties": { "common_name": "Honeylocust", "condition": "Good", "height": 4.572, "width": 1.8288, "crown_r_m": 1.0, "crown_h_m": 2.9718, "height_imputed": false, "width_imputed": false, "neighborhood": "Upper Hill", "tree_id": "t00289" }, "geometry": { "type": "Point", "coordinates": [ -79.96004617, 40.45413721 ] } },
{ "type": "Feature", "properties": { "common_name": "Maple: Hedge", "condition": "Good", "height": 4.572, "width": 2.1336, "crown_r_m": 1.0668, "crown_h_m": 2.9718, "height_imputed": false, "width_imputed": false, "neighborhood": "Upper Hill", "tree_id": "t00290" }, "geometry": { "type": "Point", "coordinates": [ -79.95866039, 40.45362257 ] } },
{ "type": "Feature", "properties": { "common_name": "Maple: Hedge", "condition": "Good", "height": 6.7056, "width": 2.1336, "crown_r_m": 1.0668, "crown_h_m": 4.35864, "height_imputed": false, "width_imputed": false, "neighborhood": "Upper Hill", "tree_id": "t00291" }, "geometry": { "type": "Point", "coordinates": [ -79.95824632, 40.45348241 ] } },
{ "type": "Feature", "properties": { "common_name": "Locust: Black", "condition": "Fair", "height": 22.86, "width": 15.24, "crown_r_m": 7.62, "crown_h_m": 14.859, "height_imputed": false, "width_imputed": false, "neighborhood": "Upper Hill", "tree_id": "t00292" }, "geometry": { "type": "Point", "coordinates": [ -79.95693695, 40.45338155 ] } },
{ "type": "Feature", "properties": { "common_name": "Maple: Norway", "condition": "Poor", "height": 12.192, "width": 4.572, "crown_r_m": 2.286, "crown_h_m": 7.9248, "height_imputed": false, "width_imputed": false, "neighborhood": "Upper Hill", "tree_id": "t00293" }, "geometry": { "type": "Point", "coordinates": [ -79.9565001, 40.45261941 ] } },
{ "type": "Feature", "properties": { "common_name": "Pear: Callery", "condition": "Fair", "height": 6.096, "width": 2.1336, "crown_r_m": 1.0668, "crown_h_m": 3.9624, "height_imputed": false, "width_imputed": false, "neighborhood": "Upper Hill", "tree_id": "t00294" }, "geometry": { "type": "Point", "coordinates": [ -79.95732751, 40.45138865 ] } },
{ "type": "Feature", "properties": { "common_name": "Linden: Littleleaf", "condition": "Fair", "height": 12.192, "width": 2.4384, "crown_r_m": 1.2192, "crown_h_m": 7.9248, "height_imputed": false, "width_imputed": false, "neighborhood": "Upper Hill", "tree_id": "t00295" }, "geometry": { "type": "Point", "coordinates": [ -79.95733919, 40.45119214 ] } },
{ "type": "Feature", "properties": { "common_name": "Linden: Littleleaf", "condition": "Fair", "height": 13.716, "width": 2.4384, "crown_r_m": 1.2192, "crown_h_m": 8.9154, "height_imputed": false, "width_imputed": false, "neighborhood": "Upper Hill", "tree_id": "t00296" }, "geometry": { "type": "Point", "coordinates": [ -79.95870096, 40.450724189999988 ] } },
{ "type": "Feature", "properties": { "common_name": "Maple: Red", "condition": "Poor", "height": 7.62, "width": 2.1336, "crown_r_m": 1.0668, "crown_h_m": 4.953, "height_imputed": false, "width_imputed": false, "neighborhood": "Upper Hill", "tree_id": "t00297" }, "geometry": { "type": "Point", "coordinates": [ -79.95887216, 40.45086715 ] } },
{ "type": "Feature", "properties": { "common_name": "Maple: Norway", "condition": "Fair", "height": 9.144, "width": 3.6576, "crown_r_m": 1.8288, "crown_h_m": 5.9436, "height_imputed": false, "width_imputed": false, "neighborhood": "Upper Hill", "tree_id": "t00298" }, "geometry": { "type": "Point", "coordinates": [ -79.96022437, 40.45123333 ] } },
{ "type": "Feature", "properties": { "common_name": "Maple: Norway", "condition": "Critical", "height": 5.4864, "width": 1.524, "crown_r_m": 1.0, "crown_h_m": 3.56616, "height_imputed": false, "width_imputed": false, "neighborhood": "Upper Hill", "tree_id": "t00299" }, "geometry": { "type": "Point", "coordinates": [ -79.95995135, 40.45114003 ] } },
{ "type": "Feature", "properties": { "common_name": "Maple: Red", "condition": "Poor", "height": 4.572, "width": 1.8288, "crown_r_m": 1.0, "crown_h_m": 2.9718, "height_imputed": false, "width_imputed": false, "neighborhood": "Upper Hill", "tree_id": "t00300" }, "geometry": { "type": "Point", "coordinates": [ -79.95990736, 40.45121368 ] } },
{ "type": "Feature", "properties": { "common_name": "Maple: Red", "condition": "Poor", "height": 6.096, "width": 2.4384, "crown_r_m": 1.2192, "crown_h_m": 3.9624, "height_imputed": false, "width_imputed": false, "neighborhood": "Upper Hill", "tree_id": "t00301" }, "geometry": { "type": "Point", "coordinates": [ -79.96231661, 40.45301717 ] } },
{ "type": "Feature", "properties": { "common_name": "Pine: Eastern White", "condition": "Good", "height": 9.144, "width": 1.8288, "crown_r_m": 1.0, "crown_h_m": 5.9436, "height_imputed": false, "width_imputed": false, "neighborhood": "Upper Hill", "tree_id": "t00302" }, "geometry": { "type": "Point", "coordinates": [ -79.96370107, 40.45090889 ] } },
{ "type": "Feature", "properties": { "common_name": "Locust: Black", "condition": "Fair", "height": 11.5824, "width": 4.572, "crown_r_m": 2.286, "crown_h_m": 7.52856, "height_imputed": false, "width_imputed": false, "neighborhood": "Upper Hill", "tree_id": "t00303" }, "geometry": { "type": "Point", "coordinates": [ -79.96372704, 40.450589289999989 ] } },
{ "type": "Feature", "properties": { "common_name": "Birch: European White", "condition": "Fair", "height": 10.668, "width": 2.4384, "crown_r_m": 1.2192, "crown_h_m": 6.9342, "height_imputed": false, "width_imputed": false, "neighborhood": "Upper Hill", "tree_id": "t00304" }, "geometry": { "type": "Point", "coordinates": [ -79.96483641, 40.44902903 ] } },
{ "type": "Feature", "properties": { "common_name": "Linden: Littleleaf", "condition": "Poor", "height": 6.096, "width": 2.7432, "crown_r_m": 1.3716, "crown_h_m": 3.9624, "height_imputed": false, "width_imputed": false, "neighborhood": "Middle Hill", "tree_id": "t00305" }, "geometry": { "type": "Point", "coordinates": [ -79.96784519, 40.44979317 ] } },
{ "type": "Feature", "properties": { "common_name": "Oak: Pin", "condition": "Good", "height": 7.3152, "width": 1.8288, "crown_r_m": 1.0, "crown_h_m": 4.75488, "height_imputed": false, "width_imputed": false, "neighborhood": "Shadyside", "tree_id": "t00306" }, "geometry": { "type": "Point", "coordinates": [ -79.94132799, 40.45179092 ] } },
{ "type": "Feature", "properties": { "common_name": "Oak: Pin", "condition": "Good", "height": 7.62, "width": 2.1336, "crown_r_m": 1.0668, "crown_h_m": 4.953, "height_imputed": false, "width_imputed": false, "neighborhood": "Shadyside", "tree_id": "t00307" }, "geometry": { "type": "Point", "coordinates": [ -79.94136472, 40.45187895 ] } },
{ "type": "Feature", "properties": { "common_name": "Oak: Pin", "condition": "Fair", "height": 17.6784, "width": 6.7056, "crown_r_m": 3.3528, "crown_h_m": 11.49096, "height_imputed": false, "width_imputed": false, "neighborhood": "Shadyside", "tree_id": "t00308" }, "geometry": { "type": "Point", "coordinates": [ -79.94632118, 40.45328948 ] } },
{ "type": "Feature", "properties": { "common_name": "Maple: Red", "condition": "Fair", "height": 12.192, "width": 2.7432, "crown_r_m": 1.3716, "crown_h_m": 7.9248, "height_imputed": false, "width_imputed": false, "neighborhood": "Shadyside", "tree_id": "t00309" }, "geometry": { "type": "Point", "coordinates": [ -79.94811356000001, 40.45188113 ] } },
{ "type": "Feature", "properties": { "common_name": "Maple: Sugar", "condition": "Fair", "height": 9.144, "width": 4.2672, "crown_r_m": 2.1336, "crown_h_m": 5.9436, "height_imputed": false, "width_imputed": false, "neighborhood": "Shadyside", "tree_id": "t00310" }, "geometry": { "type": "Point", "coordinates": [ -79.94603179, 40.45250472 ] } },
{ "type": "Feature", "properties": { "common_name": "Zelkova: Japanese", "condition": "Fair", "height": 6.096, "width": 1.8288, "crown_r_m": 1.0, "crown_h_m": 3.9624, "height_imputed": false, "width_imputed": false, "neighborhood": "Shadyside", "tree_id": "t00311" }, "geometry": { "type": "Point", "coordinates": [ -79.94816711, 40.44934543 ] } },
{ "type": "Feature", "properties": { "common_name": "Zelkova: Japanese", "condition": "Fair", "height": 6.7056, "width": 2.1336, "crown_r_m": 1.0668, "crown_h_m": 4.35864, "height_imputed": false, "width_imputed": false, "neighborhood": "Shadyside", "tree_id": "t00312" }, "geometry": { "type": "Point", "coordinates": [ -79.94811122, 40.44920026 ] } },
{ "type": "Feature", "properties": { "common_name": "Zelkova: Japanese", "condition": "Fair", "height": 6.7056, "width": 2.1336, "crown_r_m": 1.0668, "crown_h_m": 4.35864, "height_imputed": false, "width_imputed": false, "neighborhood": "Shadyside", "tree_id": "t00313" }, "geometry": { "type": "Point", "coordinates": [ -79.94807932, 40.44913279 ] } },
{ "type": "Feature", "properties": { "common_name": "Honeylocust: Thornless", "condition": "Poor", "height": 3.3528, "width": 1.524, "crown_r_m": 1.0, "crown_h_m": 2.17932, "height_imputed": false, "width_imputed": false, "neighborhood": "Shadyside", "tree_id": "t00314" }, "geometry": { "type": "Point", "coordinates": [ -79.94431188, 40.45403131 ] } },
{ "type": "Feature", "properties": { "common_name": "Honeylocust: Thornless", "condition": "Fair", "height": 12.192, "width": 3.6576, "crown_r_m": 1.8288, "crown_h_m": 7.9248, "height_imputed": false, "width_imputed": false, "neighborhood": "Shadyside", "tree_id": "t00315" }, "geometry": { "type": "Point", "coordinates": [ -79.9465346, 40.44897496 ] } },
{ "type": "Feature", "properties": { "common_name": "Maple: Sugar", "condition": "Fair", "height": 6.096, "width": 2.1336, "crown_r_m": 1.0668, "crown_h_m": 3.9624, "height_imputed": false, "width_imputed": false, "neighborhood": "North Oakland", "tree_id": "t00316" }, "geometry": { "type": "Point", "coordinates": [ -79.94873596, 40.45021768 ] } },
{ "type": "Feature", "properties": { "common_name": "Maple: Red", "condition": "Good", "height": 5.4864, "width": 1.524, "crown_r_m": 1.0, "crown_h_m": 3.56616, "height_imputed": false, "width_imputed": false, "neighborhood": "North Oakland", "tree_id": "t00317" }, "geometry": { "type": "Point", "coordinates": [ -79.94875494, 40.450268370000011 ] } },
{ "type": "Feature", "properties": { "common_name": "Linden: Littleleaf", "condition": "Fair", "height": 12.192, "width": 3.6576, "crown_r_m": 1.8288, "crown_h_m": 7.9248, "height_imputed": false, "width_imputed": false, "neighborhood": "Central Oakland", "tree_id": "t00318" }, "geometry": { "type": "Point", "coordinates": [ -79.95347606, 40.43782561 ] } },
{ "type": "Feature", "properties": { "common_name": "Maple: Red", "condition": "Fair", "height": 9.7536, "width": 2.4384, "crown_r_m": 1.2192, "crown_h_m": 6.33984, "height_imputed": false, "width_imputed": false, "neighborhood": "Central Oakland", "tree_id": "t00319" }, "geometry": { "type": "Point", "coordinates": [ -79.95437118, 40.43760936 ] } },
{ "type": "Feature", "properties": { "common_name": "Ash: Green", "condition": "Poor", "height": 4.8768, "width": 2.4384, "crown_r_m": 1.2192, "crown_h_m": 3.16992, "height_imputed": false, "width_imputed": false, "neighborhood": "Central Oakland", "tree_id": "t00320" }, "geometry": { "type": "Point", "coordinates": [ -79.95171672, 40.43880613000001 ] } },
{ "type": "Feature", "properties": { "common_name": "Ash: Green", "condition": "Critical", "height": 4.572, "width": 2.4384, "crown_r_m": 1.2192, "crown_h_m": 2.9718, "height_imputed": false, "width_imputed": false, "neighborhood": "Central Oakland", "tree_id": "t00321" }, "geometry": { "type": "Point", "coordinates": [ -79.95160756, 40.439073209999989 ] } },
{ "type": "Feature", "properties": { "common_name": "Ash: Green", "condition": "Critical", "height": 5.4864, "width": 2.4384, "crown_r_m": 1.2192, "crown_h_m": 3.56616, "height_imputed": false, "width_imputed": false, "neighborhood": "Central Oakland", "tree_id": "t00322" }, "geometry": { "type": "Point", "coordinates": [ -79.95158728, 40.43914634 ] } },
{ "type": "Feature", "properties": { "common_name": "Crabapple: Flowering", "condition": "Fair", "height": 1.8288, "width": 0.9144, "crown_r_m": 1.0, "crown_h_m": 1.5, "height_imputed": false, "width_imputed": false, "neighborhood": "Central Oakland", "tree_id": "t00323" }, "geometry": { "type": "Point", "coordinates": [ -79.95178883, 40.4360149 ] } },
{ "type": "Feature", "properties": { "common_name": "Crabapple: Flowering", "condition": "Fair", "height": 2.7432, "width": 1.2192, "crown_r_m": 1.0, "crown_h_m": 1.78308, "height_imputed": false, "width_imputed": false, "neighborhood": "Central Oakland", "tree_id": "t00324" }, "geometry": { "type": "Point", "coordinates": [ -79.95167959, 40.43631402 ] } },
{ "type": "Feature", "properties": { "common_name": "Crabapple: Flowering", "condition": "Good", "height": 2.7432, "width": 1.2192, "crown_r_m": 1.0, "crown_h_m": 1.78308, "height_imputed": false, "width_imputed": false, "neighborhood": "Central Oakland", "tree_id": "t00325" }, "geometry": { "type": "Point", "coordinates": [ -79.95163192, 40.43641625 ] } },
{ "type": "Feature", "properties": { "common_name": "Maple: Freeman", "condition": "Fair", "height": 8.5344, "width": 2.7432, "crown_r_m": 1.3716, "crown_h_m": 5.54736, "height_imputed": false, "width_imputed": false, "neighborhood": "Central Oakland", "tree_id": "t00326" }, "geometry": { "type": "Point", "coordinates": [ -79.95559465, 40.43639504 ] } },
{ "type": "Feature", "properties": { "common_name": "Maple: Red", "condition": "Fair", "height": 9.7536, "width": 2.7432, "crown_r_m": 1.3716, "crown_h_m": 6.33984, "height_imputed": false, "width_imputed": false, "neighborhood": "Central Oakland", "tree_id": "t00327" }, "geometry": { "type": "Point", "coordinates": [ -79.95603216, 40.43617609 ] } },
{ "type": "Feature", "properties": { "common_name": "Honeylocust: Thornless", "condition": "Fair", "height": 7.9248, "width": 2.1336, "crown_r_m": 1.0668, "crown_h_m": 5.15112, "height_imputed": false, "width_imputed": false, "neighborhood": "Terrace Village", "tree_id": "t00328" }, "geometry": { "type": "Point", "coordinates": [ -79.96889077, 40.43962109 ] } },
{ "type": "Feature", "properties": { "common_name": "Honeylocust: Thornless", "condition": "Fair", "height": 7.9248, "width": 2.1336, "crown_r_m": 1.0668, "crown_h_m": 5.15112, "height_imputed": false, "width_imputed": false, "neighborhood": "Terrace Village", "tree_id": "t00329" }, "geometry": { "type": "Point", "coordinates": [ -79.96795598, 40.43941772 ] } },
{ "type": "Feature", "properties": { "common_name": "Honeylocust: Thornless", "condition": "Fair", "height": 7.3152, "width": 2.4384, "crown_r_m": 1.2192, "crown_h_m": 4.75488, "height_imputed": false, "width_imputed": false, "neighborhood": "Terrace Village", "tree_id": "t00330" }, "geometry": { "type": "Point", "coordinates": [ -79.96764646, 40.43951126 ] } },
{ "type": "Feature", "properties": { "common_name": "Honeylocust: Thornless", "condition": "Fair", "height": 7.0104, "width": 2.1336, "crown_r_m": 1.0668, "crown_h_m": 4.55676, "height_imputed": false, "width_imputed": false, "neighborhood": "Terrace Village", "tree_id": "t00331" }, "geometry": { "type": "Point", "coordinates": [ -79.96757233, 40.43960582 ] } },
{ "type": "Feature", "properties": { "common_name": "Honeylocust: Thornless", "condition": "Fair", "height": 7.0104, "width": 2.4384, "crown_r_m": 1.2192, "crown_h_m": 4.55676, "height_imputed": false, "width_imputed": false, "neighborhood": "West Oakland", "tree_id": "t00332" }, "geometry": { "type": "Point", "coordinates": [ -79.96750058, 40.43991981 ] } },
{ "type": "Feature", "properties": { "common_name": "Honeylocust: Thornless", "condition": "Fair", "height": 5.7912, "width": 1.8288, "crown_r_m": 1.0, "crown_h_m": 3.76428, "height_imputed": false, "width_imputed": false, "neighborhood": "Terrace Village", "tree_id": "t00333" }, "geometry": { "type": "Point", "coordinates": [ -79.96821971, 40.43929001 ] } },
{ "type": "Feature", "properties": { "common_name": "Maple: Red", "condition": "Fair", "height": 4.572, "width": 1.524, "crown_r_m": 1.0, "crown_h_m": 2.9718, "height_imputed": false, "width_imputed": false, "neighborhood": "Terrace Village", "tree_id": "t00334" }, "geometry": { "type": "Point", "coordinates": [ -79.96870084, 40.43892851 ] } },
{ "type": "Feature", "properties": { "common_name": "Maple: Red", "condition": "Poor", "height": 2.7432, "width": 1.8288, "crown_r_m": 1.0, "crown_h_m": 1.78308, "height_imputed": false, "width_imputed": false, "neighborhood": "Terrace Village", "tree_id": "t00335" }, "geometry": { "type": "Point", "coordinates": [ -79.96848003, 40.43902174 ] } },
{ "type": "Feature", "properties": { "common_name": "Maple: Red", "condition": "Fair", "height": 3.048, "width": 1.524, "crown_r_m": 1.0, "crown_h_m": 1.9812, "height_imputed": false, "width_imputed": false, "neighborhood": "Terrace Village", "tree_id": "t00336" }, "geometry": { "type": "Point", "coordinates": [ -79.9685629, 40.43889935 ] } },
{ "type": "Feature", "properties": { "common_name": "Tree-of-Heaven", "condition": "Poor", "height": 2.7432, "width": 0.3048, "crown_r_m": 1.0, "crown_h_m": 1.78308, "height_imputed": false, "width_imputed": false, "neighborhood": "West Oakland", "tree_id": "t00337" }, "geometry": { "type": "Point", "coordinates": [ -79.96615266, 40.4399074 ] } },
{ "type": "Feature", "properties": { "common_name": "Linden: Littleleaf", "condition": "Poor", "height": 9.144, "width": 3.6576, "crown_r_m": 1.8288, "crown_h_m": 5.9436, "height_imputed": false, "width_imputed": false, "neighborhood": "Shadyside", "tree_id": "t00338" }, "geometry": { "type": "Point", "coordinates": [ -79.94400378, 40.453009139999985 ] } },
{ "type": "Feature", "properties": { "common_name": "Linden: Littleleaf", "condition": "Fair", "height": 6.096, "width": 3.048, "crown_r_m": 1.524, "crown_h_m": 3.9624, "height_imputed": false, "width_imputed": false, "neighborhood": "Shadyside", "tree_id": "t00339" }, "geometry": { "type": "Point", "coordinates": [ -79.94418855, 40.45295501 ] } },
{ "type": "Feature", "properties": { "common_name": "Tuliptree", "condition": "Good", "height": 4.2672, "width": 1.524, "crown_r_m": 1.0, "crown_h_m": 2.77368, "height_imputed": false, "width_imputed": false, "neighborhood": "Shadyside", "tree_id": "t00340" }, "geometry": { "type": "Point", "coordinates": [ -79.94533493, 40.45269795 ] } },
{ "type": "Feature", "properties": { "common_name": "Maple: Norway", "condition": "Good", "height": 5.1816, "width": 1.524, "crown_r_m": 1.0, "crown_h_m": 3.36804, "height_imputed": false, "width_imputed": false, "neighborhood": "Shadyside", "tree_id": "t00341" }, "geometry": { "type": "Point", "coordinates": [ -79.94572554, 40.45225744 ] } },
{ "type": "Feature", "properties": { "common_name": "Oak: Pin", "condition": "Fair", "height": 18.288, "width": 6.7056, "crown_r_m": 3.3528, "crown_h_m": 11.8872, "height_imputed": false, "width_imputed": false, "neighborhood": "Shadyside", "tree_id": "t00342" }, "geometry": { "type": "Point", "coordinates": [ -79.9454127, 40.45154343 ] } },
{ "type": "Feature", "properties": { "common_name": "Oak: Northern Red", "condition": "Fair", "height": 18.288, "width": 4.2672, "crown_r_m": 2.1336, "crown_h_m": 11.8872, "height_imputed": false, "width_imputed": false, "neighborhood": "Shadyside", "tree_id": "t00343" }, "geometry": { "type": "Point", "coordinates": [ -79.94423601, 40.447737319999987 ] } },
{ "type": "Feature", "properties": { "common_name": "Oak: Pin", "condition": "Fair", "height": 18.8976, "width": 4.2672, "crown_r_m": 2.1336, "crown_h_m": 12.28344, "height_imputed": false, "width_imputed": false, "neighborhood": "Shadyside", "tree_id": "t00344" }, "geometry": { "type": "Point", "coordinates": [ -79.94423795, 40.44787227 ] } },
{ "type": "Feature", "properties": { "common_name": "Maple: Red", "condition": "Fair", "height": 6.096, "width": 1.8288, "crown_r_m": 1.0, "crown_h_m": 3.9624, "height_imputed": false, "width_imputed": false, "neighborhood": "Shadyside", "tree_id": "t00345" }, "geometry": { "type": "Point", "coordinates": [ -79.94455593, 40.44931081 ] } },
{ "type": "Feature", "properties": { "common_name": "Maple: Red", "condition": "Fair", "height": 12.192, "width": 2.4384, "crown_r_m": 1.2192, "crown_h_m": 7.9248, "height_imputed": false, "width_imputed": false, "neighborhood": "Shadyside", "tree_id": "t00346" }, "geometry": { "type": "Point", "coordinates": [ -79.94464909, 40.44953403 ] } },
{ "type": "Feature", "properties": { "common_name": "Maple: Norway", "condition": "Fair", "height": 10.0584, "width": 3.048, "crown_r_m": 1.524, "crown_h_m": 6.53796, "height_imputed": false, "width_imputed": false, "neighborhood": "Shadyside", "tree_id": "t00347" }, "geometry": { "type": "Point", "coordinates": [ -79.94472282, 40.44968824 ] } },
{ "type": "Feature", "properties": { "common_name": "Oak: Pin", "condition": "Poor", "height": 16.764, "width": 6.096, "crown_r_m": 3.048, "crown_h_m": 10.8966, "height_imputed": false, "width_imputed": false, "neighborhood": "Shadyside", "tree_id": "t00348" }, "geometry": { "type": "Point", "coordinates": [ -79.94551744, 40.45148145 ] } },
{ "type": "Feature", "properties": { "common_name": "Oak: Pin", "condition": "Fair", "height": 17.6784, "width": 7.3152, "crown_r_m": 3.6576, "crown_h_m": 11.49096, "height_imputed": false, "width_imputed": false, "neighborhood": "Shadyside", "tree_id": "t00349" }, "geometry": { "type": "Point", "coordinates": [ -79.94568698, 40.451864449999988 ] } },
{ "type": "Feature", "properties": { "common_name": "Elm: Siberian", "condition": "Fair", "height": 6.096, "width": 1.524, "crown_r_m": 1.0, "crown_h_m": 3.9624, "height_imputed": false, "width_imputed": false, "neighborhood": "South Oakland", "tree_id": "t00350" }, "geometry": { "type": "Point", "coordinates": [ -79.96482798, 40.43763457 ] } },
{ "type": "Feature", "properties": { "common_name": "Maple: Red", "condition": "Fair", "height": 5.4864, "width": 2.1336, "crown_r_m": 1.0668, "crown_h_m": 3.56616, "height_imputed": false, "width_imputed": false, "neighborhood": "West Oakland", "tree_id": "t00351" }, "geometry": { "type": "Point", "coordinates": [ -79.96497405, 40.44257057 ] } },
{ "type": "Feature", "properties": { "common_name": "Dogwood: Corneliancherry", "condition": "Fair", "height": 2.1336, "width": 1.2192, "crown_r_m": 1.0, "crown_h_m": 1.5, "height_imputed": false, "width_imputed": false, "neighborhood": "West Oakland", "tree_id": "t00352" }, "geometry": { "type": "Point", "coordinates": [ -79.96565403, 40.44249299 ] } },
{ "type": "Feature", "properties": { "common_name": "Dogwood: Corneliancherry", "condition": "Good", "height": 2.4384, "width": 1.2192, "crown_r_m": 1.0, "crown_h_m": 1.58496, "height_imputed": false, "width_imputed": false, "neighborhood": "West Oakland", "tree_id": "t00353" }, "geometry": { "type": "Point", "coordinates": [ -79.96557343, 40.44138011 ] } },
{ "type": "Feature", "properties": { "common_name": "Honeylocust", "condition": "Good", "height": 7.9248, "width": 2.1336, "crown_r_m": 1.0668, "crown_h_m": 5.15112, "height_imputed": false, "width_imputed": false, "neighborhood": "West Oakland", "tree_id": "t00354" }, "geometry": { "type": "Point", "coordinates": [ -79.96651038, 40.44161159 ] } },
{ "type": "Feature", "properties": { "common_name": "Dogwood: Corneliancherry", "condition": "Fair", "height": 2.1336, "width": 1.2192, "crown_r_m": 1.0, "crown_h_m": 1.5, "height_imputed": false, "width_imputed": false, "neighborhood": "Shadyside", "tree_id": "t00355" }, "geometry": { "type": "Point", "coordinates": [ -79.94557332, 40.45006224 ] } },
{ "type": "Feature", "properties": { "common_name": "Tree-of-Heaven", "condition": "Fair", "height": 10.668, "width": 2.4384, "crown_r_m": 1.2192, "crown_h_m": 6.9342, "height_imputed": false, "width_imputed": false, "neighborhood": "Terrace Village", "tree_id": "t00356" }, "geometry": { "type": "Point", "coordinates": [ -79.961786280000013, 40.44870331 ] } },
{ "type": "Feature", "properties": { "common_name": "Maple: Hedge", "condition": "Poor", "height": 2.4384, "width": 1.2192, "crown_r_m": 1.0, "crown_h_m": 1.58496, "height_imputed": false, "width_imputed": false, "neighborhood": "Terrace Village", "tree_id": "t00357" }, "geometry": { "type": "Point", "coordinates": [ -79.96061982, 40.44759828 ] } },
{ "type": "Feature", "properties": { "common_name": "Maple: Norway", "condition": "Fair", "height": 10.668, "width": 3.6576, "crown_r_m": 1.8288, "crown_h_m": 6.9342, "height_imputed": false, "width_imputed": false, "neighborhood": "Shadyside", "tree_id": "t00358" }, "geometry": { "type": "Point", "coordinates": [ -79.94257255, 40.44907245 ] } },
{ "type": "Feature", "properties": { "common_name": "Oak: Pin", "condition": "Good", "height": 19.812, "width": 6.096, "crown_r_m": 3.048, "crown_h_m": 12.8778, "height_imputed": false, "width_imputed": false, "neighborhood": "Shadyside", "tree_id": "t00359" }, "geometry": { "type": "Point", "coordinates": [ -79.94246589, 40.44907447 ] } },
{ "type": "Feature", "properties": { "common_name": "Oak: Pin", "condition": "Good", "height": 13.716, "width": 2.4384, "crown_r_m": 1.2192, "crown_h_m": 8.9154, "height_imputed": false, "width_imputed": false, "neighborhood": "Shadyside", "tree_id": "t00360" }, "geometry": { "type": "Point", "coordinates": [ -79.94741858, 40.44811676 ] } },
{ "type": "Feature", "properties": { "common_name": "Oak: Pin", "condition": "Fair", "height": 10.668, "width": 1.8288, "crown_r_m": 1.0, "crown_h_m": 6.9342, "height_imputed": false, "width_imputed": false, "neighborhood": "Shadyside", "tree_id": "t00361" }, "geometry": { "type": "Point", "coordinates": [ -79.94754623, 40.44795642 ] } },
{ "type": "Feature", "properties": { "common_name": "Ginkgo", "condition": "Good", "height": 2.4384, "width": 1.524, "crown_r_m": 1.0, "crown_h_m": 1.58496, "height_imputed": false, "width_imputed": false, "neighborhood": "North Oakland", "tree_id": "t00362" }, "geometry": { "type": "Point", "coordinates": [ -79.95084645, 40.4468815 ] } },
{ "type": "Feature", "properties": { "common_name": "Honeylocust: Thornless", "condition": "Good", "height": 6.096, "width": 4.572, "crown_r_m": 2.286, "crown_h_m": 3.9624, "height_imputed": false, "width_imputed": false, "neighborhood": "North Oakland", "tree_id": "t00363" }, "geometry": { "type": "Point", "coordinates": [ -79.95159473, 40.44847767 ] } },
{ "type": "Feature", "properties": { "common_name": "Oak: Swamp White", "condition": "Good", "height": 4.572, "width": 1.8288, "crown_r_m": 1.0, "crown_h_m": 2.9718, "height_imputed": false, "width_imputed": false, "neighborhood": "Bloomfield", "tree_id": "t00364" }, "geometry": { "type": "Point", "coordinates": [ -79.94688761, 40.45349579 ] } },
{ "type": "Feature", "properties": { "common_name": "Pear: Callery", "condition": "Fair", "height": 5.1816, "width": 2.1336, "crown_r_m": 1.0668, "crown_h_m": 3.36804, "height_imputed": false, "width_imputed": false, "neighborhood": "Bloomfield", "tree_id": "t00365" }, "geometry": { "type": "Point", "coordinates": [ -79.94486862, 40.4540997 ] } },
{ "type": "Feature", "properties": { "common_name": "Crabapple: Flowering", "condition": "Fair", "height": 3.6576, "width": 1.2192, "crown_r_m": 1.0, "crown_h_m": 2.37744, "height_imputed": false, "width_imputed": false, "neighborhood": "Bloomfield", "tree_id": "t00366" }, "geometry": { "type": "Point", "coordinates": [ -79.94480574, 40.45445166 ] } },
{ "type": "Feature", "properties": { "common_name": "Elm: American", "condition": "Good", "height": 3.6576, "width": 1.8288, "crown_r_m": 1.0, "crown_h_m": 2.37744, "height_imputed": false, "width_imputed": false, "neighborhood": "Bloomfield", "tree_id": "t00367" }, "geometry": { "type": "Point", "coordinates": [ -79.94740259, 40.45370879 ] } },
{ "type": "Feature", "properties": { "common_name": "Linden: Silver", "condition": "Fair", "height": 2.7432, "width": 1.2192, "crown_r_m": 1.0, "crown_h_m": 1.78308, "height_imputed": false, "width_imputed": false, "neighborhood": "Shadyside", "tree_id": "t00368" }, "geometry": { "type": "Point", "coordinates": [ -79.94928673, 40.45263434 ] } },
{ "type": "Feature", "properties": { "common_name": "Maple: Red", "condition": "Fair", "height": 9.144, "width": 2.4384, "crown_r_m": 1.2192, "crown_h_m": 5.9436, "height_imputed": false, "width_imputed": false, "neighborhood": "Shadyside", "tree_id": "t00369" }, "geometry": { "type": "Point", "coordinates": [ -79.94937528, 40.4526123 ] } },
{ "type": "Feature", "properties": { "common_name": "Sweetgum: American", "condition": "Fair", "height": 12.192, "width": 2.7432, "crown_r_m": 1.3716, "crown_h_m": 7.9248, "height_imputed": false, "width_imputed": false, "neighborhood": "North Oakland", "tree_id": "t00370" }, "geometry": { "type": "Point", "coordinates": [ -79.95735481, 40.44390276 ] } },
{ "type": "Feature", "properties": { "common_name": "Oak: Northern Red", "condition": "Good", "height": 4.572, "width": 1.524, "crown_r_m": 1.0, "crown_h_m": 2.9718, "height_imputed": false, "width_imputed": false, "neighborhood": "North Oakland", "tree_id": "t00371" }, "geometry": { "type": "Point", "coordinates": [ -79.9567542, 40.44341415 ] } },
{ "type": "Feature", "properties": { "common_name": "Honeylocust: Thornless", "condition": "Fair", "height": 4.2672, "width": 1.524, "crown_r_m": 1.0, "crown_h_m": 2.77368, "height_imputed": false, "width_imputed": false, "neighborhood": "West Oakland", "tree_id": "t00372" }, "geometry": { "type": "Point", "coordinates": [ -79.95981657, 40.44085187 ] } },
{ "type": "Feature", "properties": { "common_name": "Honeylocust: Thornless", "condition": "Fair", "height": 6.096, "width": 2.1336, "crown_r_m": 1.0668, "crown_h_m": 3.9624, "height_imputed": false, "width_imputed": false, "neighborhood": "Central Oakland", "tree_id": "t00373" }, "geometry": { "type": "Point", "coordinates": [ -79.95578761, 40.44152764 ] } },
{ "type": "Feature", "properties": { "common_name": "Linden: Littleleaf", "condition": "Fair", "height": 12.192, "width": 1.2192, "crown_r_m": 1.0, "crown_h_m": 7.9248, "height_imputed": false, "width_imputed": false, "neighborhood": "Central Oakland", "tree_id": "t00374" }, "geometry": { "type": "Point", "coordinates": [ -79.95131198, 40.43695186 ] } },
{ "type": "Feature", "properties": { "common_name": "Linden: Littleleaf", "condition": "Good", "height": 10.668, "width": 1.8288, "crown_r_m": 1.0, "crown_h_m": 6.9342, "height_imputed": false, "width_imputed": false, "neighborhood": "Central Oakland", "tree_id": "t00375" }, "geometry": { "type": "Point", "coordinates": [ -79.951280180000012, 40.43706941 ] } },
{ "type": "Feature", "properties": { "common_name": "Honeylocust: Thornless", "condition": "Fair", "height": 7.62, "width": 2.1336, "crown_r_m": 1.0668, "crown_h_m": 4.953, "height_imputed": false, "width_imputed": false, "neighborhood": "Central Oakland", "tree_id": "t00376" }, "geometry": { "type": "Point", "coordinates": [ -79.95147916, 40.43706974 ] } },
{ "type": "Feature", "properties": { "common_name": "Oak: Northern Red", "condition": "Good", "height": 13.716, "width": 3.6576, "crown_r_m": 1.8288, "crown_h_m": 8.9154, "height_imputed": false, "width_imputed": false, "neighborhood": "Central Oakland", "tree_id": "t00377" }, "geometry": { "type": "Point", "coordinates": [ -79.95161138, 40.43700955 ] } },
{ "type": "Feature", "properties": { "common_name": "Maple: Norway", "condition": "Good", "height": 6.7056, "width": 2.4384, "crown_r_m": 1.2192, "crown_h_m": 4.35864, "height_imputed": false, "width_imputed": false, "neighborhood": "Central Oakland", "tree_id": "t00378" }, "geometry": { "type": "Point", "coordinates": [ -79.95161897, 40.43711354 ] } },
{ "type": "Feature", "properties": { "common_name": "Linden: American", "condition": "Fair", "height": 4.572, "width": 1.524, "crown_r_m": 1.0, "crown_h_m": 2.9718, "height_imputed": false, "width_imputed": false, "neighborhood": "Central Oakland", "tree_id": "t00379" }, "geometry": { "type": "Point", "coordinates": [ -79.95168403000001, 40.43717958 ] } },
{ "type": "Feature", "properties": { "common_name": "Maple: Silver", "condition": "Fair", "height": 3.048, "width": 0.3048, "crown_r_m": 1.0, "crown_h_m": 1.9812, "height_imputed": false, "width_imputed": false, "neighborhood": "Central Oakland", "tree_id": "t00380" }, "geometry": { "type": "Point", "coordinates": [ -79.95189551, 40.437106669999984 ] } },
{ "type": "Feature", "properties": { "common_name": "Linden: Littleleaf", "condition": "Critical", "height": 9.144, "width": 3.048, "crown_r_m": 1.524, "crown_h_m": 5.9436, "height_imputed": false, "width_imputed": false, "neighborhood": "Central Oakland", "tree_id": "t00381" }, "geometry": { "type": "Point", "coordinates": [ -79.952238990000012, 40.43722348 ] } },
{ "type": "Feature", "properties": { "common_name": "Oak: Pin", "condition": "Good", "height": 12.192, "width": 3.048, "crown_r_m": 1.524, "crown_h_m": 7.9248, "height_imputed": false, "width_imputed": false, "neighborhood": "North Oakland", "tree_id": "t00382" }, "geometry": { "type": "Point", "coordinates": [ -79.95619556, 40.44678594 ] } },
{ "type": "Feature", "properties": { "common_name": "Apple: Common", "condition": "Fair", "height": 3.6576, "width": 1.8288, "crown_r_m": 1.0, "crown_h_m": 2.37744, "height_imputed": false, "width_imputed": false, "neighborhood": "North Oakland", "tree_id": "t00383" }, "geometry": { "type": "Point", "coordinates": [ -79.95763523, 40.44784363 ] } },
{ "type": "Feature", "properties": { "common_name": "Sweetgum: American", "condition": "Good", "height": 16.764, "width": 2.1336, "crown_r_m": 1.0668, "crown_h_m": 10.8966, "height_imputed": false, "width_imputed": false, "neighborhood": "North Oakland", "tree_id": "t00384" }, "geometry": { "type": "Point", "coordinates": [ -79.95650537, 40.44865109 ] } },
{ "type": "Feature", "properties": { "common_name": "Sweetgum: American", "condition": "Fair", "height": 13.716, "width": 1.8288, "crown_r_m": 1.0, "crown_h_m": 8.9154, "height_imputed": false, "width_imputed": false, "neighborhood": "North Oakland", "tree_id": "t00385" }, "geometry": { "type": "Point", "coordinates": [ -79.95394264, 40.44766804 ] } },
{ "type": "Feature", "properties": { "common_name": "Sweetgum: American", "condition": "Fair", "height": 13.716, "width": 2.4384, "crown_r_m": 1.2192, "crown_h_m": 8.9154, "height_imputed": false, "width_imputed": false, "neighborhood": "North Oakland", "tree_id": "t00386" }, "geometry": { "type": "Point", "coordinates": [ -79.95412916, 40.44783866 ] } },
{ "type": "Feature", "properties": { "common_name": "Oak: Northern Red", "condition": "Fair", "height": 15.24, "width": 6.096, "crown_r_m": 3.048, "crown_h_m": 9.906, "height_imputed": false, "width_imputed": false, "neighborhood": "North Oakland", "tree_id": "t00387" }, "geometry": { "type": "Point", "coordinates": [ -79.95547879, 40.44890984 ] } },
{ "type": "Feature", "properties": { "common_name": "Sweetgum: American", "condition": "Fair", "height": 16.764, "width": 4.8768, "crown_r_m": 2.4384, "crown_h_m": 10.8966, "height_imputed": false, "width_imputed": false, "neighborhood": "North Oakland", "tree_id": "t00388" }, "geometry": { "type": "Point", "coordinates": [ -79.95561893, 40.44904541 ] } },
{ "type": "Feature", "properties": { "common_name": "Linden: Littleleaf", "condition": "Fair", "height": 12.192, "width": 3.6576, "crown_r_m": 1.8288, "crown_h_m": 7.9248, "height_imputed": false, "width_imputed": false, "neighborhood": "North Oakland", "tree_id": "t00389" }, "geometry": { "type": "Point", "coordinates": [ -79.95559645, 40.44957529 ] } },
{ "type": "Feature", "properties": { "common_name": "Linden: Littleleaf", "condition": "Fair", "height": 10.668, "width": 2.4384, "crown_r_m": 1.2192, "crown_h_m": 6.9342, "height_imputed": false, "width_imputed": false, "neighborhood": "North Oakland", "tree_id": "t00390" }, "geometry": { "type": "Point", "coordinates": [ -79.95535924, 40.450123789999985 ] } },
{ "type": "Feature", "properties": { "common_name": "Ginkgo", "condition": "Fair", "height": 11.8872, "width": 1.524, "crown_r_m": 1.0, "crown_h_m": 7.72668, "height_imputed": false, "width_imputed": false, "neighborhood": "North Oakland", "tree_id": "t00391" }, "geometry": { "type": "Point", "coordinates": [ -79.95318051, 40.45131411 ] } },
{ "type": "Feature", "properties": { "common_name": "London planetree", "condition": "Good", "height": 10.668, "width": 2.4384, "crown_r_m": 1.2192, "crown_h_m": 6.9342, "height_imputed": false, "width_imputed": false, "neighborhood": "North Oakland", "tree_id": "t00392" }, "geometry": { "type": "Point", "coordinates": [ -79.95583559, 40.44894804 ] } },
{ "type": "Feature", "properties": { "common_name": "London planetree", "condition": "Good", "height": 2.1336, "width": 0.3048, "crown_r_m": 1.0, "crown_h_m": 1.5, "height_imputed": false, "width_imputed": false, "neighborhood": "North Oakland", "tree_id": "t00393" }, "geometry": { "type": "Point", "coordinates": [ -79.95584984, 40.44893495 ] } },
{ "type": "Feature", "properties": { "common_name": "London planetree", "condition": "Good", "height": 15.24, "width": 2.1336, "crown_r_m": 1.0668, "crown_h_m": 9.906, "height_imputed": false, "width_imputed": false, "neighborhood": "North Oakland", "tree_id": "t00394" }, "geometry": { "type": "Point", "coordinates": [ -79.955346180000021, 40.44743222 ] } },
{ "type": "Feature", "properties": { "common_name": "Arborvitae: Eastern", "condition": "Fair", "height": 2.4384, "width": 0.3048, "crown_r_m": 1.0, "crown_h_m": 1.58496, "height_imputed": false, "width_imputed": false, "neighborhood": "North Oakland", "tree_id": "t00395" }, "geometry": { "type": "Point", "coordinates": [ -79.95653458, 40.44843966 ] } },
{ "type": "Feature", "properties": { "common_name": "Hardy Rubbertree", "condition": "Fair", "height": 3.048, "width": 1.8288, "crown_r_m": 1.0, "crown_h_m": 1.9812, "height_imputed": false, "width_imputed": false, "neighborhood": "North Oakland", "tree_id": "t00396" }, "geometry": { "type": "Point", "coordinates": [ -79.95232471, 40.4496833 ] } },
{ "type": "Feature", "properties": { "common_name": "Hornbeam: European", "condition": "Fair", "height": 9.144, "width": 1.8288, "crown_r_m": 1.0, "crown_h_m": 5.9436, "height_imputed": false, "width_imputed": false, "neighborhood": "North Oakland", "tree_id": "t00397" }, "geometry": { "type": "Point", "coordinates": [ -79.95359519, 40.45054728 ] } },
{ "type": "Feature", "properties": { "common_name": "Hornbeam: European", "condition": "Good", "height": 9.144, "width": 1.8288, "crown_r_m": 1.0, "crown_h_m": 5.9436, "height_imputed": false, "width_imputed": false, "neighborhood": "North Oakland", "tree_id": "t00398" }, "geometry": { "type": "Point", "coordinates": [ -79.95344874, 40.45024663 ] } },
{ "type": "Feature", "properties": { "common_name": "Pear: Callery", "condition": "Good", "height": 7.62, "width": 1.524, "crown_r_m": 1.0, "crown_h_m": 4.953, "height_imputed": false, "width_imputed": false, "neighborhood": "North Oakland", "tree_id": "t00399" }, "geometry": { "type": "Point", "coordinates": [ -79.95332118, 40.449942169999986 ] } },
{ "type": "Feature", "properties": { "common_name": "Pear: Callery", "condition": "Good", "height": 1.8288, "width": 1.8288, "crown_r_m": 1.0, "crown_h_m": 1.5, "height_imputed": false, "width_imputed": false, "neighborhood": "North Oakland", "tree_id": "t00400" }, "geometry": { "type": "Point", "coordinates": [ -79.95323608, 40.449746799999986 ] } },
{ "type": "Feature", "properties": { "common_name": "Dogwood: Flowering", "condition": "Fair", "height": 1.8288, "width": 0.3048, "crown_r_m": 1.0, "crown_h_m": 1.5, "height_imputed": false, "width_imputed": false, "neighborhood": "North Oakland", "tree_id": "t00401" }, "geometry": { "type": "Point", "coordinates": [ -79.95301013, 40.449241699999988 ] } },
{ "type": "Feature", "properties": { "common_name": "Dogwood: Flowering", "condition": "Fair", "height": 1.8288, "width": 0.3048, "crown_r_m": 1.0, "crown_h_m": 1.5, "height_imputed": false, "width_imputed": false, "neighborhood": "North Oakland", "tree_id": "t00402" }, "geometry": { "type": "Point", "coordinates": [ -79.95296424, 40.44913889 ] } },
{ "type": "Feature", "properties": { "common_name": "Sweetgum: American", "condition": "Fair", "height": 13.716, "width": 3.3528, "crown_r_m": 1.6764, "crown_h_m": 8.9154, "height_imputed": false, "width_imputed": false, "neighborhood": "North Oakland", "tree_id": "t00403" }, "geometry": { "type": "Point", "coordinates": [ -79.95517439, 40.448897899999984 ] } },
{ "type": "Feature", "properties": { "common_name": "Oak: Northern Red", "condition": "Fair", "height": 18.288, "width": 4.572, "crown_r_m": 2.286, "crown_h_m": 11.8872, "height_imputed": false, "width_imputed": false, "neighborhood": "North Oakland", "tree_id": "t00404" }, "geometry": { "type": "Point", "coordinates": [ -79.95409938, 40.44802211 ] } },
{ "type": "Feature", "properties": { "common_name": "Sweetgum: American", "condition": "Good", "height": 19.812, "width": 3.6576, "crown_r_m": 1.8288, "crown_h_m": 12.8778, "height_imputed": false, "width_imputed": false, "neighborhood": "North Oakland", "tree_id": "t00405" }, "geometry": { "type": "Point", "coordinates": [ -79.95381367, 40.44779631 ] } },
{ "type": "Feature", "properties": { "common_name": "Oak: Swamp White", "condition": "Good", "height": 3.048, "width": 1.524, "crown_r_m": 1.0, "crown_h_m": 1.9812, "height_imputed": false, "width_imputed": false, "neighborhood": "Central Oakland", "tree_id": "t00406" }, "geometry": { "type": "Point", "coordinates": [ -79.95755905, 40.43857182 ] } },
{ "type": "Feature", "properties": { "common_name": "Redcedar: Eastern", "condition": "Good", "height": 4.572, "width": 0.6096, "crown_r_m": 1.0, "crown_h_m": 2.9718, "height_imputed": false, "width_imputed": false, "neighborhood": "North Oakland", "tree_id": "t00407" }, "geometry": { "type": "Point", "coordinates": [ -79.95582087, 40.44913896 ] } },
{ "type": "Feature", "properties": { "common_name": "Redcedar: Eastern", "condition": "Good", "height": 4.8768, "width": 0.6096, "crown_r_m": 1.0, "crown_h_m": 3.16992, "height_imputed": false, "width_imputed": false, "neighborhood": "North Oakland", "tree_id": "t00408" }, "geometry": { "type": "Point", "coordinates": [ -79.95575212, 40.44918513 ] } },
{ "type": "Feature", "properties": { "common_name": "Honeylocust: Thornless", "condition": "Fair", "height": 12.192, "width": 6.096, "crown_r_m": 3.048, "crown_h_m": 7.9248, "height_imputed": false, "width_imputed": false, "neighborhood": "North Oakland", "tree_id": "t00409" }, "geometry": { "type": "Point", "coordinates": [ -79.95596763, 40.44886541 ] } },
{ "type": "Feature", "properties": { "common_name": "Honeylocust: Thornless", "condition": "Fair", "height": 12.192, "width": 6.096, "crown_r_m": 3.048, "crown_h_m": 7.9248, "height_imputed": false, "width_imputed": false, "neighborhood": "North Oakland", "tree_id": "t00410" }, "geometry": { "type": "Point", "coordinates": [ -79.95602909, 40.44882098 ] } },
{ "type": "Feature", "properties": { "common_name": "Pear: Callery", "condition": "Fair", "height": 10.668, "width": 3.6576, "crown_r_m": 1.8288, "crown_h_m": 6.9342, "height_imputed": false, "width_imputed": false, "neighborhood": "North Oakland", "tree_id": "t00411" }, "geometry": { "type": "Point", "coordinates": [ -79.94880777, 40.44483438 ] } },
{ "type": "Feature", "properties": { "common_name": "Honeylocust: Thornless", "condition": "Good", "height": 9.144, "width": 2.1336, "crown_r_m": 1.0668, "crown_h_m": 5.9436, "height_imputed": false, "width_imputed": false, "neighborhood": "North Oakland", "tree_id": "t00412" }, "geometry": { "type": "Point", "coordinates": [ -79.94883374, 40.44507717 ] } },
{ "type": "Feature", "properties": { "common_name": "Honeylocust: Thornless", "condition": "Critical", "height": 6.096, "width": 2.4384, "crown_r_m": 1.2192, "crown_h_m": 3.9624, "height_imputed": false, "width_imputed": false, "neighborhood": "North Oakland", "tree_id": "t00413" }, "geometry": { "type": "Point", "coordinates": [ -79.9488423, 40.44518862 ] } },
{ "type": "Feature", "properties": { "common_name": "Pear: Callery", "condition": "Fair", "height": 6.096, "width": 2.1336, "crown_r_m": 1.0668, "crown_h_m": 3.9624, "height_imputed": false, "width_imputed": false, "neighborhood": "North Oakland", "tree_id": "t00414" }, "geometry": { "type": "Point", "coordinates": [ -79.94896954, 40.44612108 ] } },
{ "type": "Feature", "properties": { "common_name": "Hornbeam: European", "condition": "Poor", "height": 4.572, "width": 1.8288, "crown_r_m": 1.0, "crown_h_m": 2.9718, "height_imputed": false, "width_imputed": false, "neighborhood": "North Oakland", "tree_id": "t00415" }, "geometry": { "type": "Point", "coordinates": [ -79.94886182, 40.44667055 ] } },
{ "type": "Feature", "properties": { "common_name": "Maple: Freeman", "condition": "Poor", "height": 6.096, "width": 1.8288, "crown_r_m": 1.0, "crown_h_m": 3.9624, "height_imputed": false, "width_imputed": false, "neighborhood": "North Oakland", "tree_id": "t00416" }, "geometry": { "type": "Point", "coordinates": [ -79.94789327, 40.44593493 ] } },
{ "type": "Feature", "properties": { "common_name": "Pear: Callery", "condition": "Fair", "height": 6.096, "width": 2.1336, "crown_r_m": 1.0668, "crown_h_m": 3.9624, "height_imputed": false, "width_imputed": false, "neighborhood": "North Oakland", "tree_id": "t00417" }, "geometry": { "type": "Point", "coordinates": [ -79.94874055, 40.44545873 ] } },
{ "type": "Feature", "properties": { "common_name": "Pear: Callery", "condition": "Poor", "height": 3.048, "width": 1.8288, "crown_r_m": 1.0, "crown_h_m": 1.9812, "height_imputed": false, "width_imputed": false, "neighborhood": "North Oakland", "tree_id": "t00418" }, "geometry": { "type": "Point", "coordinates": [ -79.94732561, 40.4454241 ] } },
{ "type": "Feature", "properties": { "common_name": "Hornbeam: European", "condition": "Critical", "height": 3.6576, "width": 1.524, "crown_r_m": 1.0, "crown_h_m": 2.37744, "height_imputed": false, "width_imputed": false, "neighborhood": "North Oakland", "tree_id": "t00419" }, "geometry": { "type": "Point", "coordinates": [ -79.94799371, 40.44530047 ] } },
{ "type": "Feature", "properties": { "common_name": "Maple: Norway", "condition": "Fair", "height": 13.716, "width": 6.096, "crown_r_m": 3.048, "crown_h_m": 8.9154, "height_imputed": false, "width_imputed": false, "neighborhood": "Central Oakland", "tree_id": "t00420" }, "geometry": { "type": "Point", "coordinates": [ -79.95166184, 40.44039845 ] } },
{ "type": "Feature", "properties": { "common_name": "Tree-of-Heaven", "condition": "Fair", "height": 13.716, "width": 4.2672, "crown_r_m": 2.1336, "crown_h_m": 8.9154, "height_imputed": false, "width_imputed": false, "neighborhood": "Central Oakland", "tree_id": "t00421" }, "geometry": { "type": "Point", "coordinates": [ -79.9517828, 40.44039957 ] } },
{ "type": "Feature", "properties": { "common_name": "Maple: Norway", "condition": "Fair", "height": 12.192, "width": 0.9144, "crown_r_m": 1.0, "crown_h_m": 7.9248, "height_imputed": false, "width_imputed": false, "neighborhood": "Central Oakland", "tree_id": "t00422" }, "geometry": { "type": "Point", "coordinates": [ -79.9519654, 40.44039609 ] } },
{ "type": "Feature", "properties": { "common_name": "Maple: Norway", "condition": "Fair", "height": 10.668, "width": 3.6576, "crown_r_m": 1.8288, "crown_h_m": 6.9342, "height_imputed": false, "width_imputed": false, "neighborhood": "Central Oakland", "tree_id": "t00423" }, "geometry": { "type": "Point", "coordinates": [ -79.95218413, 40.4404015 ] } },
{ "type": "Feature", "properties": { "common_name": "Pear: Callery", "condition": "Fair", "height": 6.096, "width": 1.8288, "crown_r_m": 1.0, "crown_h_m": 3.9624, "height_imputed": false, "width_imputed": false, "neighborhood": "Central Oakland", "tree_id": "t00424" }, "geometry": { "type": "Point", "coordinates": [ -79.95606406, 40.43988942 ] } },
{ "type": "Feature", "properties": { "common_name": "Maple: Amur", "condition": "Fair", "height": 3.048, "width": 1.524, "crown_r_m": 1.0, "crown_h_m": 1.9812, "height_imputed": false, "width_imputed": false, "neighborhood": "Central Oakland", "tree_id": "t00425" }, "geometry": { "type": "Point", "coordinates": [ -79.95561566, 40.43953864 ] } },
{ "type": "Feature", "properties": { "common_name": "Pear: Callery", "condition": "Fair", "height": 10.668, "width": 2.7432, "crown_r_m": 1.3716, "crown_h_m": 6.9342, "height_imputed": false, "width_imputed": false, "neighborhood": "Central Oakland", "tree_id": "t00426" }, "geometry": { "type": "Point", "coordinates": [ -79.95544671, 40.43940566 ] } },
{ "type": "Feature", "properties": { "common_name": "Linden: Littleleaf", "condition": "Fair", "height": 16.764, "width": 3.048, "crown_r_m": 1.524, "crown_h_m": 10.8966, "height_imputed": false, "width_imputed": false, "neighborhood": "Central Oakland", "tree_id": "t00427" }, "geometry": { "type": "Point", "coordinates": [ -79.95482808, 40.43874341 ] } },
{ "type": "Feature", "properties": { "common_name": "Linden: Littleleaf", "condition": "Critical", "height": 7.62, "width": 3.048, "crown_r_m": 1.524, "crown_h_m": 4.953, "height_imputed": false, "width_imputed": false, "neighborhood": "Central Oakland", "tree_id": "t00428" }, "geometry": { "type": "Point", "coordinates": [ -79.95510972, 40.43898204 ] } },
{ "type": "Feature", "properties": { "common_name": "Linden: Littleleaf", "condition": "Fair", "height": 10.668, "width": 3.048, "crown_r_m": 1.524, "crown_h_m": 6.9342, "height_imputed": false, "width_imputed": false, "neighborhood": "Central Oakland", "tree_id": "t00429" }, "geometry": { "type": "Point", "coordinates": [ -79.95524405, 40.439100029999985 ] } },
{ "type": "Feature", "properties": { "common_name": "Linden: Littleleaf", "condition": "Fair", "height": 10.668, "width": 1.8288, "crown_r_m": 1.0, "crown_h_m": 6.9342, "height_imputed": false, "width_imputed": false, "neighborhood": "Central Oakland", "tree_id": "t00430" }, "geometry": { "type": "Point", "coordinates": [ -79.95634709, 40.43908013 ] } },
{ "type": "Feature", "properties": { "common_name": "Linden: Littleleaf", "condition": "Fair", "height": 13.716, "width": 3.6576, "crown_r_m": 1.8288, "crown_h_m": 8.9154, "height_imputed": false, "width_imputed": false, "neighborhood": "Central Oakland", "tree_id": "t00431" }, "geometry": { "type": "Point", "coordinates": [ -79.95569233, 40.4383562 ] } },
{ "type": "Feature", "properties": { "common_name": "Maple: Sugar", "condition": "Fair", "height": 13.716, "width": 3.6576, "crown_r_m": 1.8288, "crown_h_m": 8.9154, "height_imputed": false, "width_imputed": false, "neighborhood": "Central Oakland", "tree_id": "t00432" }, "geometry": { "type": "Point", "coordinates": [ -79.9552838, 40.4374216 ] } },
{ "type": "Feature", "properties": { "common_name": "Elm: spp.", "condition": "Good", "height": 5.1816, "width": 1.8288, "crown_r_m": 1.0, "crown_h_m": 3.36804, "height_imputed": false, "width_imputed": false, "neighborhood": "West Oakland", "tree_id": "t00433" }, "geometry": { "type": "Point", "coordinates": [ -79.95861999, 40.44185224000001 ] } },
{ "type": "Feature", "properties": { "common_name": "Elm: American", "condition": "Good", "height": 4.572, "width": 1.8288, "crown_r_m": 1.0, "crown_h_m": 2.9718, "height_imputed": false, "width_imputed": false, "neighborhood": "West Oakland", "tree_id": "t00434" }, "geometry": { "type": "Point", "coordinates": [ -79.95847909, 40.44195276 ] } },
{ "type": "Feature", "properties": { "common_name": "Elm: American", "condition": "Good", "height": 6.096, "width": 1.8288, "crown_r_m": 1.0, "crown_h_m": 3.9624, "height_imputed": false, "width_imputed": false, "neighborhood": "West Oakland", "tree_id": "t00435" }, "geometry": { "type": "Point", "coordinates": [ -79.95842402, 40.44199615 ] } },
{ "type": "Feature", "properties": { "common_name": "Maple: Norway", "condition": "Fair", "height": 10.668, "width": 2.4384, "crown_r_m": 1.2192, "crown_h_m": 6.9342, "height_imputed": false, "width_imputed": false, "neighborhood": "North Oakland", "tree_id": "t00436" }, "geometry": { "type": "Point", "coordinates": [ -79.95813176, 40.44457143 ] } },
{ "type": "Feature", "properties": { "common_name": "Maple: Norway", "condition": "Fair", "height": 9.144, "width": 2.1336, "crown_r_m": 1.0668, "crown_h_m": 5.9436, "height_imputed": false, "width_imputed": false, "neighborhood": "North Oakland", "tree_id": "t00437" }, "geometry": { "type": "Point", "coordinates": [ -79.95799756, 40.44465566 ] } },
{ "type": "Feature", "properties": { "common_name": "Maple: Freeman", "condition": "Good", "height": 13.716, "width": 2.4384, "crown_r_m": 1.2192, "crown_h_m": 8.9154, "height_imputed": false, "width_imputed": false, "neighborhood": "North Oakland", "tree_id": "t00438" }, "geometry": { "type": "Point", "coordinates": [ -79.9576028, 40.44494393 ] } },
{ "type": "Feature", "properties": { "common_name": "Pear: Callery", "condition": "Fair", "height": 10.668, "width": 2.4384, "crown_r_m": 1.2192, "crown_h_m": 6.9342, "height_imputed": false, "width_imputed": false, "neighborhood": "North Oakland", "tree_id": "t00439" }, "geometry": { "type": "Point", "coordinates": [ -79.95685901, 40.44548898 ] } },
{ "type": "Feature", "properties": { "common_name": "Pear: Callery", "condition": "Fair", "height": 9.144, "width": 2.4384, "crown_r_m": 1.2192, "crown_h_m": 5.9436, "height_imputed": false, "width_imputed": false, "neighborhood": "North Oakland", "tree_id": "t00440" }, "geometry": { "type": "Point", "coordinates": [ -79.95669229, 40.44560063 ] } },
{ "type": "Feature", "properties": { "common_name": "Oak: Northern Red", "condition": "Fair", "height": 9.144, "width": 7.62, "crown_r_m": 3.81, "crown_h_m": 5.9436, "height_imputed": false, "width_imputed": false, "neighborhood": "Central Oakland", "tree_id": "t00441" }, "geometry": { "type": "Point", "coordinates": [ -79.95641815, 40.43728271 ] } },
{ "type": "Feature", "properties": { "common_name": "Pear: Callery", "condition": "Critical", "height": 3.6576, "width": 1.8288, "crown_r_m": 1.0, "crown_h_m": 2.37744, "height_imputed": false, "width_imputed": false, "neighborhood": "Central Oakland", "tree_id": "t00442" }, "geometry": { "type": "Point", "coordinates": [ -79.95869172, 40.439064239999986 ] } },
{ "type": "Feature", "properties": { "common_name": "Zelkova: Japanese", "condition": "Fair", "height": 3.6576, "width": 2.4384, "crown_r_m": 1.2192, "crown_h_m": 2.37744, "height_imputed": false, "width_imputed": false, "neighborhood": "Central Oakland", "tree_id": "t00443" }, "geometry": { "type": "Point", "coordinates": [ -79.96001324, 40.43892524000001 ] } },
{ "type": "Feature", "properties": { "common_name": "Zelkova: Japanese", "condition": "Poor", "height": 3.3528, "width": 1.524, "crown_r_m": 1.0, "crown_h_m": 2.17932, "height_imputed": false, "width_imputed": false, "neighborhood": "Central Oakland", "tree_id": "t00444" }, "geometry": { "type": "Point", "coordinates": [ -79.95999152, 40.438762080000011 ] } },
{ "type": "Feature", "properties": { "common_name": "Zelkova: Japanese", "condition": "Good", "height": 3.048, "width": 1.8288, "crown_r_m": 1.0, "crown_h_m": 1.9812, "height_imputed": false, "width_imputed": false, "neighborhood": "Central Oakland", "tree_id": "t00445" }, "geometry": { "type": "Point", "coordinates": [ -79.96021442, 40.43895231 ] } },
{ "type": "Feature", "properties": { "common_name": "Elm: spp.", "condition": "Fair", "height": 3.6576, "width": 1.8288, "crown_r_m": 1.0, "crown_h_m": 2.37744, "height_imputed": false, "width_imputed": false, "neighborhood": "Central Oakland", "tree_id": "t00446" }, "geometry": { "type": "Point", "coordinates": [ -79.95638348, 40.44002741 ] } },
{ "type": "Feature", "properties": { "common_name": "Honeylocust: Thornless", "condition": "Fair", "height": 6.096, "width": 2.4384, "crown_r_m": 1.2192, "crown_h_m": 3.9624, "height_imputed": false, "width_imputed": false, "neighborhood": "Central Oakland", "tree_id": "t00447" }, "geometry": { "type": "Point", "coordinates": [ -79.95645631, 40.441230329999989 ] } },
{ "type": "Feature", "properties": { "common_name": "Honeylocust: Thornless", "condition": "Good", "height": 6.096, "width": 2.4384, "crown_r_m": 1.2192, "crown_h_m": 3.9624, "height_imputed": false, "width_imputed": false, "neighborhood": "Central Oakland", "tree_id": "t00448" }, "geometry": { "type": "Point", "coordinates": [ -79.95638107, 40.44118942 ] } },
{ "type": "Feature", "properties": { "common_name": "Honeylocust: Thornless", "condition": "Good", "height": 4.8768, "width": 2.1336, "crown_r_m": 1.0668, "crown_h_m": 3.16992, "height_imputed": false, "width_imputed": false, "neighborhood": "Central Oakland", "tree_id": "t00449" }, "geometry": { "type": "Point", "coordinates": [ -79.95631335, 40.441131599999984 ] } },
{ "type": "Feature", "properties": { "common_name": "Ginkgo", "condition": "Good", "height": 3.048, "width": 0.9144, "crown_r_m": 1.0, "crown_h_m": 1.9812, "height_imputed": false, "width_imputed": false, "neighborhood": "Terrace Village", "tree_id": "t00450" }, "geometry": { "type": "Point", "coordinates": [ -79.96635939, 40.444274599999986 ] } },
{ "type": "Feature", "properties": { "common_name": "Ginkgo", "condition": "Fair", "height": 2.4384, "width": 0.9144, "crown_r_m": 1.0, "crown_h_m": 1.58496, "height_imputed": false, "width_imputed": false, "neighborhood": "Terrace Village", "tree_id": "t00451" }, "geometry": { "type": "Point", "coordinates": [ -79.965935450000018, 40.44453233 ] } },
{ "type": "Feature", "properties": { "common_name": "Ginkgo", "condition": "Fair", "height": 3.3528, "width": 1.8288, "crown_r_m": 1.0, "crown_h_m": 2.17932, "height_imputed": false, "width_imputed": false, "neighborhood": "Terrace Village", "tree_id": "t00452" }, "geometry": { "type": "Point", "coordinates": [ -79.96576915, 40.444635609999985 ] } },
{ "type": "Feature", "properties": { "common_name": "Maple: Red", "condition": "Fair", "height": 6.096, "width": 1.524, "crown_r_m": 1.0, "crown_h_m": 3.9624, "height_imputed": false, "width_imputed": false, "neighborhood": "Terrace Village", "tree_id": "t00453" }, "geometry": { "type": "Point", "coordinates": [ -79.96869216, 40.44252458 ] } },
{ "type": "Feature", "properties": { "common_name": "Locust: Black", "condition": "Poor", "height": 18.288, "width": 12.192, "crown_r_m": 6.096, "crown_h_m": 11.8872, "height_imputed": false, "width_imputed": false, "neighborhood": "Terrace Village", "tree_id": "t00454" }, "geometry": { "type": "Point", "coordinates": [ -79.96695504, 40.44633887 ] } },
{ "type": "Feature", "properties": { "common_name": "Maple: Red", "condition": "Fair", "height": 9.144, "width": 3.048, "crown_r_m": 1.524, "crown_h_m": 5.9436, "height_imputed": false, "width_imputed": false, "neighborhood": "Middle Hill", "tree_id": "t00455" }, "geometry": { "type": "Point", "coordinates": [ -79.96891951, 40.4486303 ] } },
{ "type": "Feature", "properties": { "common_name": "Tree-of-Heaven", "condition": "Fair", "height": 13.716, "width": 4.572, "crown_r_m": 2.286, "crown_h_m": 8.9154, "height_imputed": false, "width_imputed": false, "neighborhood": "Middle Hill", "tree_id": "t00456" }, "geometry": { "type": "Point", "coordinates": [ -79.96875027, 40.44835489 ] } },
{ "type": "Feature", "properties": { "common_name": "Maple: Norway", "condition": "Fair", "height": 15.24, "width": 6.096, "crown_r_m": 3.048, "crown_h_m": 9.906, "height_imputed": false, "width_imputed": false, "neighborhood": "Middle Hill", "tree_id": "t00457" }, "geometry": { "type": "Point", "coordinates": [ -79.96857476, 40.44805719 ] } },
{ "type": "Feature", "properties": { "common_name": "Tree-of-Heaven", "condition": "Fair", "height": 10.668, "width": 6.096, "crown_r_m": 3.048, "crown_h_m": 6.9342, "height_imputed": false, "width_imputed": false, "neighborhood": "Middle Hill", "tree_id": "t00458" }, "geometry": { "type": "Point", "coordinates": [ -79.96863834, 40.44640458 ] } },
{ "type": "Feature", "properties": { "common_name": "Pine: Mugo", "condition": "Good", "height": 2.7432, "width": 0.3048, "crown_r_m": 1.0, "crown_h_m": 1.78308, "height_imputed": false, "width_imputed": false, "neighborhood": "Middle Hill", "tree_id": "t00459" }, "geometry": { "type": "Point", "coordinates": [ -79.96840181, 40.447302209999989 ] } },
{ "type": "Feature", "properties": { "common_name": "Redcedar: Eastern", "condition": "Good", "height": 2.4384, "width": 0.3048, "crown_r_m": 1.0, "crown_h_m": 1.58496, "height_imputed": false, "width_imputed": false, "neighborhood": "Middle Hill", "tree_id": "t00460" }, "geometry": { "type": "Point", "coordinates": [ -79.96857239, 40.4478415 ] } },
{ "type": "Feature", "properties": { "common_name": "Honeylocust: Thornless", "condition": "Good", "height": 6.096, "width": 1.524, "crown_r_m": 1.0, "crown_h_m": 3.9624, "height_imputed": false, "width_imputed": false, "neighborhood": "North Oakland", "tree_id": "t00461" }, "geometry": { "type": "Point", "coordinates": [ -79.95124474, 40.45218627 ] } },
{ "type": "Feature", "properties": { "common_name": "Honeylocust: Thornless", "condition": "Poor", "height": 6.096, "width": 3.6576, "crown_r_m": 1.8288, "crown_h_m": 3.9624, "height_imputed": false, "width_imputed": false, "neighborhood": "North Oakland", "tree_id": "t00462" }, "geometry": { "type": "Point", "coordinates": [ -79.95106907, 40.45211791 ] } },
{ "type": "Feature", "properties": { "common_name": "Maple: Red", "condition": "Poor", "height": 6.7056, "width": 2.4384, "crown_r_m": 1.2192, "crown_h_m": 4.35864, "height_imputed": false, "width_imputed": false, "neighborhood": "Upper Hill", "tree_id": "t00463" }, "geometry": { "type": "Point", "coordinates": [ -79.96472471, 40.45383986 ] } },
{ "type": "Feature", "properties": { "common_name": "Linden: Littleleaf", "condition": "Fair", "height": 9.144, "width": 2.7432, "crown_r_m": 1.3716, "crown_h_m": 5.9436, "height_imputed": false, "width_imputed": false, "neighborhood": "Upper Hill", "tree_id": "t00464" }, "geometry": { "type": "Point", "coordinates": [ -79.9586096, 40.45187119 ] } },
{ "type": "Feature", "properties": { "common_name": "Linden: Littleleaf", "condition": "Fair", "height": 12.192, "width": 2.4384, "crown_r_m": 1.2192, "crown_h_m": 7.9248, "height_imputed": false, "width_imputed": false, "neighborhood": "Upper Hill", "tree_id": "t00465" }, "geometry": { "type": "Point", "coordinates": [ -79.9578901, 40.45176018 ] } },
{ "type": "Feature", "properties": { "common_name": "Crabapple: Flowering", "condition": "Good", "height": 6.096, "width": 1.524, "crown_r_m": 1.0, "crown_h_m": 3.9624, "height_imputed": false, "width_imputed": false, "neighborhood": "Upper Hill", "tree_id": "t00466" }, "geometry": { "type": "Point", "coordinates": [ -79.95753279, 40.45152216 ] } },
{ "type": "Feature", "properties": { "common_name": "Maple: Norway", "condition": "Fair", "height": 7.62, "width": 2.1336, "crown_r_m": 1.0668, "crown_h_m": 4.953, "height_imputed": false, "width_imputed": false, "neighborhood": "Upper Hill", "tree_id": "t00467" }, "geometry": { "type": "Point", "coordinates": [ -79.95776272, 40.45319741 ] } },
{ "type": "Feature", "properties": { "common_name": "Maple: Norway", "condition": "Poor", "height": 9.144, "width": 2.1336, "crown_r_m": 1.0668, "crown_h_m": 5.9436, "height_imputed": false, "width_imputed": false, "neighborhood": "Upper Hill", "tree_id": "t00468" }, "geometry": { "type": "Point", "coordinates": [ -79.95813702, 40.45315808 ] } },
{ "type": "Feature", "properties": { "common_name": "Honeylocust", "condition": "Fair", "height": 4.572, "width": 2.1336, "crown_r_m": 1.0668, "crown_h_m": 2.9718, "height_imputed": false, "width_imputed": false, "neighborhood": "Upper Hill", "tree_id": "t00469" }, "geometry": { "type": "Point", "coordinates": [ -79.96037875, 40.45442903 ] } },
{ "type": "Feature", "properties": { "common_name": "Locust: Black", "condition": "Poor", "height": 21.336, "width": 13.716, "crown_r_m": 6.858, "crown_h_m": 13.8684, "height_imputed": false, "width_imputed": false, "neighborhood": "Upper Hill", "tree_id": "t00470" }, "geometry": { "type": "Point", "coordinates": [ -79.95685047, 40.4533518 ] } },
{ "type": "Feature", "properties": { "common_name": "Pear: Callery", "condition": "Fair", "height": 6.096, "width": 0.3048, "crown_r_m": 1.0, "crown_h_m": 3.9624, "height_imputed": false, "width_imputed": false, "neighborhood": "Upper Hill", "tree_id": "t00471" }, "geometry": { "type": "Point", "coordinates": [ -79.95636624, 40.45286028 ] } },
{ "type": "Feature", "properties": { "common_name": "Linden: Littleleaf", "condition": "Good", "height": 9.7536, "width": 2.7432, "crown_r_m": 1.3716, "crown_h_m": 6.33984, "height_imputed": false, "width_imputed": false, "neighborhood": "Upper Hill", "tree_id": "t00472" }, "geometry": { "type": "Point", "coordinates": [ -79.95698826, 40.45177405 ] } },
{ "type": "Feature", "properties": { "common_name": "Ash: Green", "condition": "Critical", "height": 12.192, "width": 6.096, "crown_r_m": 3.048, "crown_h_m": 7.9248, "height_imputed": false, "width_imputed": false, "neighborhood": "Upper Hill", "tree_id": "t00473" }, "geometry": { "type": "Point", "coordinates": [ -79.9570679, 40.45008231 ] } },
{ "type": "Feature", "properties": { "common_name": "Pine: Eastern White", "condition": "Fair", "height": 2.7432, "width": 0.9144, "crown_r_m": 1.0, "crown_h_m": 1.78308, "height_imputed": false, "width_imputed": false, "neighborhood": "Upper Hill", "tree_id": "t00474" }, "geometry": { "type": "Point", "coordinates": [ -79.9631857, 40.45126633 ] } },
{ "type": "Feature", "properties": { "common_name": "Spruce: Norway", "condition": "Fair", "height": 10.668, "width": 2.7432, "crown_r_m": 1.3716, "crown_h_m": 6.9342, "height_imputed": false, "width_imputed": false, "neighborhood": "Upper Hill", "tree_id": "t00475" }, "geometry": { "type": "Point", "coordinates": [ -79.96356187, 40.451135600000015 ] } },
{ "type": "Feature", "properties": { "common_name": "Locust: Black", "condition": "Good", "height": 12.192, "width": 7.62, "crown_r_m": 3.81, "crown_h_m": 7.9248, "height_imputed": false, "width_imputed": false, "neighborhood": "Upper Hill", "tree_id": "t00476" }, "geometry": { "type": "Point", "coordinates": [ -79.96376696, 40.45054977 ] } },
{ "type": "Feature", "properties": { "common_name": "Pine: Eastern White", "condition": "Fair", "height": 10.668, "width": 1.524, "crown_r_m": 1.0, "crown_h_m": 6.9342, "height_imputed": false, "width_imputed": false, "neighborhood": "Upper Hill", "tree_id": "t00477" }, "geometry": { "type": "Point", "coordinates": [ -79.96378225, 40.45053252 ] } },
{ "type": "Feature", "properties": { "common_name": "Linden: Littleleaf", "condition": "Fair", "height": 6.096, "width": 2.4384, "crown_r_m": 1.2192, "crown_h_m": 3.9624, "height_imputed": false, "width_imputed": false, "neighborhood": "Middle Hill", "tree_id": "t00478" }, "geometry": { "type": "Point", "coordinates": [ -79.96702976, 40.450155769999988 ] } },
{ "type": "Feature", "properties": { "common_name": "Maple: Norway", "condition": "Fair", "height": 9.144, "width": 2.4384, "crown_r_m": 1.2192, "crown_h_m": 5.9436, "height_imputed": false, "width_imputed": false, "neighborhood": "North Oakland", "tree_id": "t00479" }, "geometry": { "type": "Point", "coordinates": [ -79.95317656, 40.45147698000001 ] } },
{ "type": "Feature", "properties": { "common_name": "Oak: Sawtooth", "condition": "Good", "height": 4.572, "width": 1.524, "crown_r_m": 1.0, "crown_h_m": 2.9718, "height_imputed": false, "width_imputed": false, "neighborhood": "North Oakland", "tree_id": "t00480" }, "geometry": { "type": "Point", "coordinates": [ -79.95347424, 40.45138199 ] } },
{ "type": "Feature", "properties": { "common_name": "Pear: Callery", "condition": "Good", "height": 6.096, "width": 2.7432, "crown_r_m": 1.3716, "crown_h_m": 3.9624, "height_imputed": false, "width_imputed": false, "neighborhood": "North Oakland", "tree_id": "t00481" }, "geometry": { "type": "Point", "coordinates": [ -79.95641216, 40.44977767000001 ] } },
{ "type": "Feature", "properties": { "common_name": "Maple: Sugar", "condition": "Poor", "height": 12.192, "width": 6.096, "crown_r_m": 3.048, "crown_h_m": 7.9248, "height_imputed": false, "width_imputed": false, "neighborhood": "Middle Hill", "tree_id": "t00482" }, "geometry": { "type": "Point", "coordinates": [ -79.96547542, 40.45269397 ] } },
{ "type": "Feature", "properties": { "common_name": "Ginkgo", "condition": "Good", "height": 3.9624, "width": 2.1336, "crown_r_m": 1.0668, "crown_h_m": 2.57556, "height_imputed": false, "width_imputed": false, "neighborhood": "North Oakland", "tree_id": "t00483" }, "geometry": { "type": "Point", "coordinates": [ -79.94935382, 40.44680304 ] } },
{ "type": "Feature", "properties": { "common_name": "London planetree", "condition": "Poor", "height": 3.6576, "width": 1.8288, "crown_r_m": 1.0, "crown_h_m": 2.37744, "height_imputed": false, "width_imputed": false, "neighborhood": "North Oakland", "tree_id": "t00484" }, "geometry": { "type": "Point", "coordinates": [ -79.94995583, 40.446745199999988 ] } },
{ "type": "Feature", "properties": { "common_name": "Crabapple: Flowering", "condition": "Good", "height": 4.8768, "width": 1.524, "crown_r_m": 1.0, "crown_h_m": 3.16992, "height_imputed": false, "width_imputed": false, "neighborhood": "North Oakland", "tree_id": "t00485" }, "geometry": { "type": "Point", "coordinates": [ -79.95158887, 40.44611154 ] } },
{ "type": "Feature", "properties": { "common_name": "Crabapple: Flowering", "condition": "Good", "height": 2.7432, "width": 1.8288, "crown_r_m": 1.0, "crown_h_m": 1.78308, "height_imputed": false, "width_imputed": false, "neighborhood": "North Oakland", "tree_id": "t00486" }, "geometry": { "type": "Point", "coordinates": [ -79.951451, 40.445805090000015 ] } },
{ "type": "Feature", "properties": { "common_name": "Redbud: Eastern", "condition": "Good", "height": 6.096, "width": 1.524, "crown_r_m": 1.0, "crown_h_m": 3.9624, "height_imputed": false, "width_imputed": false, "neighborhood": "North Oakland", "tree_id": "t00487" }, "geometry": { "type": "Point", "coordinates": [ -79.95116817, 40.44520545 ] } },
{ "type": "Feature", "properties": { "common_name": "Pear: Callery", "condition": "Good", "height": 7.62, "width": 2.4384, "crown_r_m": 1.2192, "crown_h_m": 4.953, "height_imputed": false, "width_imputed": false, "neighborhood": "North Oakland", "tree_id": "t00488" }, "geometry": { "type": "Point", "coordinates": [ -79.95102005, 40.44489755 ] } },
{ "type": "Feature", "properties": { "common_name": "Ginkgo", "condition": "Fair", "height": 12.192, "width": 2.1336, "crown_r_m": 1.0668, "crown_h_m": 7.9248, "height_imputed": false, "width_imputed": false, "neighborhood": "North Oakland", "tree_id": "t00489" }, "geometry": { "type": "Point", "coordinates": [ -79.95110048, 40.44485989 ] } },
{ "type": "Feature", "properties": { "common_name": "Pear: Callery", "condition": "Fair", "height": 4.572, "width": 2.4384, "crown_r_m": 1.2192, "crown_h_m": 2.9718, "height_imputed": false, "width_imputed": false, "neighborhood": "North Oakland", "tree_id": "t00490" }, "geometry": { "type": "Point", "coordinates": [ -79.95097984, 40.44478502 ] } },
{ "type": "Feature", "properties": { "common_name": "Pear: Callery", "condition": "Good", "height": 9.144, "width": 2.4384, "crown_r_m": 1.2192, "crown_h_m": 5.9436, "height_imputed": false, "width_imputed": false, "neighborhood": "North Oakland", "tree_id": "t00491" }, "geometry": { "type": "Point", "coordinates": [ -79.9509588, 40.4447493 ] } },
{ "type": "Feature", "properties": { "common_name": "Pear: Callery", "condition": "Fair", "height": 7.62, "width": 2.1336, "crown_r_m": 1.0668, "crown_h_m": 4.953, "height_imputed": false, "width_imputed": false, "neighborhood": "North Oakland", "tree_id": "t00492" }, "geometry": { "type": "Point", "coordinates": [ -79.95085825, 40.44453285 ] } },
{ "type": "Feature", "properties": { "common_name": "Oak: Pin", "condition": "Fair", "height": 10.668, "width": 2.4384, "crown_r_m": 1.2192, "crown_h_m": 6.9342, "height_imputed": false, "width_imputed": false, "neighborhood": "North Oakland", "tree_id": "t00493" }, "geometry": { "type": "Point", "coordinates": [ -79.95039376, 40.45121553 ] } },
{ "type": "Feature", "properties": { "common_name": "London planetree", "condition": "Poor", "height": 15.24, "width": 3.6576, "crown_r_m": 1.8288, "crown_h_m": 9.906, "height_imputed": false, "width_imputed": false, "neighborhood": "North Oakland", "tree_id": "t00494" }, "geometry": { "type": "Point", "coordinates": [ -79.95400112, 40.44619906 ] } },
{ "type": "Feature", "properties": { "common_name": "Oak: Scarlet", "condition": "Poor", "height": 6.096, "width": 3.6576, "crown_r_m": 1.8288, "crown_h_m": 3.9624, "height_imputed": false, "width_imputed": false, "neighborhood": "North Oakland", "tree_id": "t00495" }, "geometry": { "type": "Point", "coordinates": [ -79.95067819, 40.4517441 ] } },
{ "type": "Feature", "properties": { "common_name": "Oak: Scarlet", "condition": "Poor", "height": 3.048, "width": 2.1336, "crown_r_m": 1.0668, "crown_h_m": 1.9812, "height_imputed": false, "width_imputed": false, "neighborhood": "North Oakland", "tree_id": "t00496" }, "geometry": { "type": "Point", "coordinates": [ -79.95070712, 40.45180334 ] } },
{ "type": "Feature", "properties": { "common_name": "Hardy Rubbertree", "condition": "Fair", "height": 3.048, "width": 1.524, "crown_r_m": 1.0, "crown_h_m": 1.9812, "height_imputed": false, "width_imputed": false, "neighborhood": "North Oakland", "tree_id": "t00497" }, "geometry": { "type": "Point", "coordinates": [ -79.94981961, 40.44820042 ] } },
{ "type": "Feature", "properties": { "common_name": "Pear: Callery", "condition": "Good", "height": 5.4864, "width": 1.2192, "crown_r_m": 1.0, "crown_h_m": 3.56616, "height_imputed": false, "width_imputed": false, "neighborhood": "North Oakland", "tree_id": "t00498" }, "geometry": { "type": "Point", "coordinates": [ -79.94911807, 40.44521721 ] } },
{ "type": "Feature", "properties": { "common_name": "Redcedar: Eastern", "condition": "Good", "height": 4.572, "width": 0.6096, "crown_r_m": 1.0, "crown_h_m": 2.9718, "height_imputed": false, "width_imputed": false, "neighborhood": "North Oakland", "tree_id": "t00499" }, "geometry": { "type": "Point", "coordinates": [ -79.95578898, 40.44915799 ] } },
{ "type": "Feature", "properties": { "common_name": "Redcedar: Eastern", "condition": "Good", "height": 4.572, "width": 0.6096, "crown_r_m": 1.0, "crown_h_m": 2.9718, "height_imputed": false, "width_imputed": false, "neighborhood": "North Oakland", "tree_id": "t00500" }, "geometry": { "type": "Point", "coordinates": [ -79.95577159, 40.44917114 ] } },
{ "type": "Feature", "properties": { "common_name": "Pear: Callery", "condition": "Fair", "height": 7.0104, "width": 2.1336, "crown_r_m": 1.0668, "crown_h_m": 4.55676, "height_imputed": false, "width_imputed": false, "neighborhood": "North Oakland", "tree_id": "t00501" }, "geometry": { "type": "Point", "coordinates": [ -79.95079816, 40.44440347 ] } },
{ "type": "Feature", "properties": { "common_name": "Ginkgo", "condition": "Fair", "height": 12.192, "width": 2.1336, "crown_r_m": 1.0668, "crown_h_m": 7.9248, "height_imputed": false, "width_imputed": false, "neighborhood": "North Oakland", "tree_id": "t00502" }, "geometry": { "type": "Point", "coordinates": [ -79.95075741, 40.44411307 ] } },
{ "type": "Feature", "properties": { "common_name": "Pear: Callery", "condition": "Good", "height": 13.716, "width": 2.1336, "crown_r_m": 1.0668, "crown_h_m": 8.9154, "height_imputed": false, "width_imputed": false, "neighborhood": "North Oakland", "tree_id": "t00503" }, "geometry": { "type": "Point", "coordinates": [ -79.95485458, 40.44670137 ] } },
{ "type": "Feature", "properties": { "common_name": "Pear: Callery", "condition": "Good", "height": 12.192, "width": 3.048, "crown_r_m": 1.524, "crown_h_m": 7.9248, "height_imputed": false, "width_imputed": false, "neighborhood": "North Oakland", "tree_id": "t00504" }, "geometry": { "type": "Point", "coordinates": [ -79.95491698, 40.4466435 ] } },
{ "type": "Feature", "properties": { "common_name": "Pear: Callery", "condition": "Fair", "height": 13.716, "width": 2.1336, "crown_r_m": 1.0668, "crown_h_m": 8.9154, "height_imputed": false, "width_imputed": false, "neighborhood": "North Oakland", "tree_id": "t00505" }, "geometry": { "type": "Point", "coordinates": [ -79.954984880000012, 40.44660253 ] } },
{ "type": "Feature", "properties": { "common_name": "Maple: Norway", "condition": "Good", "height": 12.192, "width": 2.4384, "crown_r_m": 1.2192, "crown_h_m": 7.9248, "height_imputed": false, "width_imputed": false, "neighborhood": "North Oakland", "tree_id": "t00506" }, "geometry": { "type": "Point", "coordinates": [ -79.95631571, 40.447057949999987 ] } },
{ "type": "Feature", "properties": { "common_name": "Hemlock: Eastern", "condition": "Good", "height": 1.8288, "width": 0.6096, "crown_r_m": 1.0, "crown_h_m": 1.5, "height_imputed": false, "width_imputed": false, "neighborhood": "North Oakland", "tree_id": "t00507" }, "geometry": { "type": "Point", "coordinates": [ -79.95580619, 40.44665715 ] } },
{ "type": "Feature", "properties": { "common_name": "Hemlock: Eastern", "condition": "Good", "height": 1.8288, "width": 1.524, "crown_r_m": 1.0, "crown_h_m": 1.5, "height_imputed": false, "width_imputed": false, "neighborhood": "North Oakland", "tree_id": "t00508" }, "geometry": { "type": "Point", "coordinates": [ -79.95569218, 40.44656158 ] } },
{ "type": "Feature", "properties": { "common_name": "Silverbell: Mountain", "condition": "Good", "height": 1.8288, "width": 0.9144, "crown_r_m": 1.0, "crown_h_m": 1.5, "height_imputed": false, "width_imputed": false, "neighborhood": "West Oakland", "tree_id": "t00509" }, "geometry": { "type": "Point", "coordinates": [ -79.96401257, 40.44095329 ] } },
{ "type": "Feature", "properties": { "common_name": "Magnolia: Saucer", "condition": "Good", "height": 4.572, "width": 1.524, "crown_r_m": 1.0, "crown_h_m": 2.9718, "height_imputed": false, "width_imputed": false, "neighborhood": "North Oakland", "tree_id": "t00510" }, "geometry": { "type": "Point", "coordinates": [ -79.95428454, 40.4454432 ] } },
{ "type": "Feature", "properties": { "common_name": "Ginkgo", "condition": "Fair", "height": 3.048, "width": 1.2192, "crown_r_m": 1.0, "crown_h_m": 1.9812, "height_imputed": false, "width_imputed": false, "neighborhood": "North Oakland", "tree_id": "t00511" }, "geometry": { "type": "Point", "coordinates": [ -79.95610904, 40.44364421 ] } },
{ "type": "Feature", "properties": { "common_name": "Ginkgo", "condition": "Good", "height": 3.048, "width": 1.2192, "crown_r_m": 1.0, "crown_h_m": 1.9812, "height_imputed": false, "width_imputed": false, "neighborhood": "North Oakland", "tree_id": "t00512" }, "geometry": { "type": "Point", "coordinates": [ -79.95606103, 40.44368419 ] } },
{ "type": "Feature", "properties": { "common_name": "Ginkgo", "condition": "Good", "height": 3.3528, "width": 1.2192, "crown_r_m": 1.0, "crown_h_m": 2.17932, "height_imputed": false, "width_imputed": false, "neighborhood": "North Oakland", "tree_id": "t00513" }, "geometry": { "type": "Point", "coordinates": [ -79.95598067, 40.44374015 ] } },
{ "type": "Feature", "properties": { "common_name": "Honeylocust: Thornless", "condition": "Fair", "height": 3.6576, "width": 1.8288, "crown_r_m": 1.0, "crown_h_m": 2.37744, "height_imputed": false, "width_imputed": false, "neighborhood": "West Oakland", "tree_id": "t00514" }, "geometry": { "type": "Point", "coordinates": [ -79.96411065, 40.44062217 ] } },
{ "type": "Feature", "properties": { "common_name": "Elm: American", "condition": "Good", "height": 4.572, "width": 2.1336, "crown_r_m": 1.0668, "crown_h_m": 2.9718, "height_imputed": false, "width_imputed": false, "neighborhood": "West Oakland", "tree_id": "t00515" }, "geometry": { "type": "Point", "coordinates": [ -79.96388804, 40.44110215 ] } },
{ "type": "Feature", "properties": { "common_name": "Elm: Lacebark", "condition": "Fair", "height": 7.62, "width": 2.4384, "crown_r_m": 1.2192, "crown_h_m": 4.953, "height_imputed": false, "width_imputed": false, "neighborhood": "North Oakland", "tree_id": "t00516" }, "geometry": { "type": "Point", "coordinates": [ -79.95677076, 40.44311948 ] } },
{ "type": "Feature", "properties": { "common_name": "Sweetgum: American", "condition": "Good", "height": 10.668, "width": 3.6576, "crown_r_m": 1.8288, "crown_h_m": 6.9342, "height_imputed": false, "width_imputed": false, "neighborhood": "North Oakland", "tree_id": "t00517" }, "geometry": { "type": "Point", "coordinates": [ -79.95740902, 40.44395663000001 ] } },
{ "type": "Feature", "properties": { "common_name": "Elm: spp.", "condition": "Good", "height": 2.7432, "width": 1.524, "crown_r_m": 1.0, "crown_h_m": 1.78308, "height_imputed": false, "width_imputed": false, "neighborhood": "Upper Hill", "tree_id": "t00518" }, "geometry": { "type": "Point", "coordinates": [ -79.9572839, 40.44931578 ] } },
{ "type": "Feature", "properties": { "common_name": "Elm: spp.", "condition": "Good", "height": 3.6576, "width": 1.524, "crown_r_m": 1.0, "crown_h_m": 2.37744, "height_imputed": false, "width_imputed": false, "neighborhood": "Upper Hill", "tree_id": "t00519" }, "geometry": { "type": "Point", "coordinates": [ -79.95709104, 40.44943293 ] } },
{ "type": "Feature", "properties": { "common_name": "Sweetgum: American", "condition": "Good", "height": 4.572, "width": 1.2192, "crown_r_m": 1.0, "crown_h_m": 2.9718, "height_imputed": false, "width_imputed": false, "neighborhood": "North Oakland", "tree_id": "t00520" }, "geometry": { "type": "Point", "coordinates": [ -79.95427924000002, 40.45229882 ] } },
{ "type": "Feature", "properties": { "common_name": "Oak: Swamp White", "condition": "Good", "height": 5.4864, "width": 0.6096, "crown_r_m": 1.0, "crown_h_m": 3.56616, "height_imputed": false, "width_imputed": false, "neighborhood": "North Oakland", "tree_id": "t00521" }, "geometry": { "type": "Point", "coordinates": [ -79.95431578, 40.45224024 ] } },
{ "type": "Feature", "properties": { "common_name": "Oak: Swamp White", "condition": "Fair", "height": 2.7432, "width": 0.6096, "crown_r_m": 1.0, "crown_h_m": 1.78308, "height_imputed": false, "width_imputed": false, "neighborhood": "North Oakland", "tree_id": "t00522" }, "geometry": { "type": "Point", "coordinates": [ -79.95435823, 40.45212699 ] } },
{ "type": "Feature", "properties": { "common_name": "Maple: Norway", "condition": "Good", "height": 12.192, "width": 7.62, "crown_r_m": 3.81, "crown_h_m": 7.9248, "height_imputed": false, "width_imputed": false, "neighborhood": "North Oakland", "tree_id": "t00523" }, "geometry": { "type": "Point", "coordinates": [ -79.95415039, 40.45133891 ] } },
{ "type": "Feature", "properties": { "common_name": "Maple: Norway", "condition": "Fair", "height": 9.144, "width": 6.096, "crown_r_m": 3.048, "crown_h_m": 5.9436, "height_imputed": false, "width_imputed": false, "neighborhood": "North Oakland", "tree_id": "t00524" }, "geometry": { "type": "Point", "coordinates": [ -79.95415668, 40.45138915 ] } },
{ "type": "Feature", "properties": { "common_name": "Maple: Norway", "condition": "Good", "height": 15.24, "width": 7.62, "crown_r_m": 3.81, "crown_h_m": 9.906, "height_imputed": false, "width_imputed": false, "neighborhood": "North Oakland", "tree_id": "t00525" }, "geometry": { "type": "Point", "coordinates": [ -79.95402133, 40.45142436 ] } },
{ "type": "Feature", "properties": { "common_name": "Honeylocust: Thornless", "condition": "Good", "height": 6.096, "width": 2.1336, "crown_r_m": 1.0668, "crown_h_m": 3.9624, "height_imputed": false, "width_imputed": false, "neighborhood": "North Oakland", "tree_id": "t00526" }, "geometry": { "type": "Point", "coordinates": [ -79.95392061, 40.45138266 ] } },
{ "type": "Feature", "properties": { "common_name": "Honeylocust: Thornless", "condition": "Good", "height": 7.62, "width": 2.7432, "crown_r_m": 1.3716, "crown_h_m": 4.953, "height_imputed": false, "width_imputed": false, "neighborhood": "North Oakland", "tree_id": "t00527" }, "geometry": { "type": "Point", "coordinates": [ -79.95371247, 40.45143486 ] } },
{ "type": "Feature", "properties": { "common_name": "Hawthorn: spp.", "condition": "Good", "height": 2.4384, "width": 1.2192, "crown_r_m": 1.0, "crown_h_m": 1.58496, "height_imputed": false, "width_imputed": false, "neighborhood": "North Oakland", "tree_id": "t00528" }, "geometry": { "type": "Point", "coordinates": [ -79.95204139, 40.45429291 ] } },
{ "type": "Feature", "properties": { "common_name": "Linden: Littleleaf", "condition": "Good", "height": 7.62, "width": 2.4384, "crown_r_m": 1.2192, "crown_h_m": 4.953, "height_imputed": false, "width_imputed": false, "neighborhood": "Squirrel Hill North", "tree_id": "t00529" }, "geometry": { "type": "Point", "coordinates": [ -79.94712072, 40.446886769999985 ] } },
{ "type": "Feature", "properties": { "common_name": "Oak: Pin", "condition": "Good", "height": 7.62, "width": 1.8288, "crown_r_m": 1.0, "crown_h_m": 4.953, "height_imputed": false, "width_imputed": false, "neighborhood": "Shadyside", "tree_id": "t00530" }, "geometry": { "type": "Point", "coordinates": [ -79.9414563, 40.45203094 ] } },
{ "type": "Feature", "properties": { "common_name": "Honeylocust: Thornless", "condition": "Fair", "height": 3.6576, "width": 1.524, "crown_r_m": 1.0, "crown_h_m": 2.37744, "height_imputed": false, "width_imputed": false, "neighborhood": "Shadyside", "tree_id": "t00531" }, "geometry": { "type": "Point", "coordinates": [ -79.94434557, 40.45409381000001 ] } },
{ "type": "Feature", "properties": { "common_name": "Oak: Sawtooth", "condition": "Good", "height": 3.9624, "width": 1.524, "crown_r_m": 1.0, "crown_h_m": 2.57556, "height_imputed": false, "width_imputed": false, "neighborhood": "Shadyside", "tree_id": "t00532" }, "geometry": { "type": "Point", "coordinates": [ -79.94617712, 40.45301099 ] } },
{ "type": "Feature", "properties": { "common_name": "Oak: Pin", "condition": "Fair", "height": 18.288, "width": 4.8768, "crown_r_m": 2.4384, "crown_h_m": 11.8872, "height_imputed": false, "width_imputed": false, "neighborhood": "Shadyside", "tree_id": "t00533" }, "geometry": { "type": "Point", "coordinates": [ -79.94627913, 40.45320403 ] } },
{ "type": "Feature", "properties": { "common_name": "Pear: Callery", "condition": "Fair", "height": 6.096, "width": 1.8288, "crown_r_m": 1.0, "crown_h_m": 3.9624, "height_imputed": false, "width_imputed": false, "neighborhood": "Shadyside", "tree_id": "t00534" }, "geometry": { "type": "Point", "coordinates": [ -79.94565987, 40.451377950000015 ] } },
{ "type": "Feature", "properties": { "common_name": "Pear: Callery", "condition": "Poor", "height": 4.2672, "width": 1.2192, "crown_r_m": 1.0, "crown_h_m": 2.77368, "height_imputed": false, "width_imputed": false, "neighborhood": "Shadyside", "tree_id": "t00535" }, "geometry": { "type": "Point", "coordinates": [ -79.94558805, 40.451402 ] } },
{ "type": "Feature", "properties": { "common_name": "Maple: Red", "condition": "Fair", "height": 8.2296, "width": 2.7432, "crown_r_m": 1.3716, "crown_h_m": 5.34924, "height_imputed": false, "width_imputed": false, "neighborhood": "Shadyside", "tree_id": "t00536" }, "geometry": { "type": "Point", "coordinates": [ -79.94841561, 40.45043871 ] } },
{ "type": "Feature", "properties": { "common_name": "Maple: Red", "condition": "Fair", "height": 7.3152, "width": 2.7432, "crown_r_m": 1.3716, "crown_h_m": 4.75488, "height_imputed": false, "width_imputed": false, "neighborhood": "Shadyside", "tree_id": "t00537" }, "geometry": { "type": "Point", "coordinates": [ -79.94856927, 40.450394189999983 ] } },
{ "type": "Feature", "properties": { "common_name": "Pear: Callery", "condition": "Fair", "height": 4.572, "width": 1.8288, "crown_r_m": 1.0, "crown_h_m": 2.9718, "height_imputed": false, "width_imputed": false, "neighborhood": "South Oakland", "tree_id": "t00538" }, "geometry": { "type": "Point", "coordinates": [ -79.9638001, 40.436386539999987 ] } },
{ "type": "Feature", "properties": { "common_name": "Sweetgum: American", "condition": "Fair", "height": 12.192, "width": 3.3528, "crown_r_m": 1.6764, "crown_h_m": 7.9248, "height_imputed": false, "width_imputed": false, "neighborhood": "Shadyside", "tree_id": "t00539" }, "geometry": { "type": "Point", "coordinates": [ -79.94113633, 40.45366349 ] } },
{ "type": "Feature", "properties": { "common_name": "Sweetgum: American", "condition": "Poor", "height": 8.5344, "width": 2.4384, "crown_r_m": 1.2192, "crown_h_m": 5.54736, "height_imputed": false, "width_imputed": false, "neighborhood": "Shadyside", "tree_id": "t00540" }, "geometry": { "type": "Point", "coordinates": [ -79.941298910000015, 40.45332293 ] } },
{ "type": "Feature", "properties": { "common_name": "Maple: Red", "condition": "Poor", "height": 5.1816, "width": 2.1336, "crown_r_m": 1.0668, "crown_h_m": 3.36804, "height_imputed": false, "width_imputed": false, "neighborhood": "Shadyside", "tree_id": "t00541" }, "geometry": { "type": "Point", "coordinates": [ -79.94440421, 40.45166288999998 ] } },
{ "type": "Feature", "properties": { "common_name": "Linden: Littleleaf", "condition": "Fair", "height": 9.144, "width": 2.4384, "crown_r_m": 1.2192, "crown_h_m": 5.9436, "height_imputed": false, "width_imputed": false, "neighborhood": "Shadyside", "tree_id": "t00542" }, "geometry": { "type": "Point", "coordinates": [ -79.94362875, 40.45181635 ] } },
{ "type": "Feature", "properties": { "common_name": "Oak: Pin", "condition": "Fair", "height": 19.812, "width": 6.096, "crown_r_m": 3.048, "crown_h_m": 12.8778, "height_imputed": false, "width_imputed": false, "neighborhood": "Shadyside", "tree_id": "t00543" }, "geometry": { "type": "Point", "coordinates": [ -79.94620598, 40.45336947 ] } },
{ "type": "Feature", "properties": { "common_name": "Maple: Silver", "condition": "Poor", "height": 12.192, "width": 6.096, "crown_r_m": 3.048, "crown_h_m": 7.9248, "height_imputed": false, "width_imputed": false, "neighborhood": "Shadyside", "tree_id": "t00544" }, "geometry": { "type": "Point", "coordinates": [ -79.94435445, 40.44911497 ] } },
{ "type": "Feature", "properties": { "common_name": "Sweetgum: American", "condition": "Fair", "height": 12.192, "width": 2.4384, "crown_r_m": 1.2192, "crown_h_m": 7.9248, "height_imputed": false, "width_imputed": false, "neighborhood": "Shadyside", "tree_id": "t00545" }, "geometry": { "type": "Point", "coordinates": [ -79.94411178, 40.44746407 ] } },
{ "type": "Feature", "properties": { "common_name": "Maple: Silver", "condition": "Fair", "height": 16.764, "width": 7.62, "crown_r_m": 3.81, "crown_h_m": 10.8966, "height_imputed": false, "width_imputed": false, "neighborhood": "Shadyside", "tree_id": "t00546" }, "geometry": { "type": "Point", "coordinates": [ -79.944364650000011, 40.4488626 ] } },
{ "type": "Feature", "properties": { "common_name": "Crabapple: Flowering", "condition": "Good", "height": 2.7432, "width": 1.524, "crown_r_m": 1.0, "crown_h_m": 1.78308, "height_imputed": false, "width_imputed": false, "neighborhood": "West Oakland", "tree_id": "t00547" }, "geometry": { "type": "Point", "coordinates": [ -79.96523771, 40.44044009 ] } },
{ "type": "Feature", "properties": { "common_name": "Dogwood: Corneliancherry", "condition": "Good", "height": 2.4384, "width": 1.2192, "crown_r_m": 1.0, "crown_h_m": 1.58496, "height_imputed": false, "width_imputed": false, "neighborhood": "West Oakland", "tree_id": "t00548" }, "geometry": { "type": "Point", "coordinates": [ -79.96558609, 40.44158182 ] } },
{ "type": "Feature", "properties": { "common_name": "Honeylocust: Thornless", "condition": "Fair", "height": 5.7912, "width": 2.1336, "crown_r_m": 1.0668, "crown_h_m": 3.76428, "height_imputed": false, "width_imputed": false, "neighborhood": "Terrace Village", "tree_id": "t00549" }, "geometry": { "type": "Point", "coordinates": [ -79.96867864, 40.4405653 ] } },
{ "type": "Feature", "properties": { "common_name": "Honeylocust: Thornless", "condition": "Fair", "height": 7.3152, "width": 1.8288, "crown_r_m": 1.0, "crown_h_m": 4.75488, "height_imputed": false, "width_imputed": false, "neighborhood": "Terrace Village", "tree_id": "t00550" }, "geometry": { "type": "Point", "coordinates": [ -79.96874383, 40.44056589 ] } },
{ "type": "Feature", "properties": { "common_name": "Honeylocust: Thornless", "condition": "Fair", "height": 7.0104, "width": 1.8288, "crown_r_m": 1.0, "crown_h_m": 4.55676, "height_imputed": false, "width_imputed": false, "neighborhood": "Terrace Village", "tree_id": "t00551" }, "geometry": { "type": "Point", "coordinates": [ -79.9687703, 40.44052665 ] } },
{ "type": "Feature", "properties": { "common_name": "Maple: Red", "condition": "Fair", "height": 5.7912, "width": 1.8288, "crown_r_m": 1.0, "crown_h_m": 3.76428, "height_imputed": false, "width_imputed": false, "neighborhood": "Shadyside", "tree_id": "t00552" }, "geometry": { "type": "Point", "coordinates": [ -79.9455797, 40.449852849999985 ] } },
{ "type": "Feature", "properties": { "common_name": "Honeylocust: Thornless", "condition": "Fair", "height": 10.3632, "width": 3.9624, "crown_r_m": 1.9812, "crown_h_m": 6.73608, "height_imputed": false, "width_imputed": false, "neighborhood": "Shadyside", "tree_id": "t00553" }, "geometry": { "type": "Point", "coordinates": [ -79.9464502, 40.4488152 ] } },
{ "type": "Feature", "properties": { "common_name": "Maple: Red", "condition": "Fair", "height": 3.3528, "width": 1.2192, "crown_r_m": 1.0, "crown_h_m": 2.17932, "height_imputed": false, "width_imputed": false, "neighborhood": "North Oakland", "tree_id": "t00554" }, "geometry": { "type": "Point", "coordinates": [ -79.94868415, 40.45009638 ] } },
{ "type": "Feature", "properties": { "common_name": "Maple: Red", "condition": "Fair", "height": 4.8768, "width": 2.1336, "crown_r_m": 1.0668, "crown_h_m": 3.16992, "height_imputed": false, "width_imputed": false, "neighborhood": "North Oakland", "tree_id": "t00555" }, "geometry": { "type": "Point", "coordinates": [ -79.94871086, 40.45015639 ] } },
{ "type": "Feature", "properties": { "common_name": "Maple: Red", "condition": "Fair", "height": 12.192, "width": 4.572, "crown_r_m": 2.286, "crown_h_m": 7.9248, "height_imputed": false, "width_imputed": false, "neighborhood": "North Oakland", "tree_id": "t00556" }, "geometry": { "type": "Point", "coordinates": [ -79.94892765, 40.45063067000001 ] } },
{ "type": "Feature", "properties": { "common_name": "Elm: spp.", "condition": "Fair", "height": 4.2672, "width": 1.524, "crown_r_m": 1.0, "crown_h_m": 2.77368, "height_imputed": false, "width_imputed": false, "neighborhood": "North Oakland", "tree_id": "t00557" }, "geometry": { "type": "Point", "coordinates": [ -79.94969653, 40.45241055 ] } },
{ "type": "Feature", "properties": { "common_name": "Dogwood: Flowering", "condition": "Fair", "height": 2.1336, "width": 0.3048, "crown_r_m": 1.0, "crown_h_m": 1.5, "height_imputed": false, "width_imputed": false, "neighborhood": "Central Oakland", "tree_id": "t00558" }, "geometry": { "type": "Point", "coordinates": [ -79.95270693, 40.43707559 ] } },
{ "type": "Feature", "properties": { "common_name": "Maple: Red", "condition": "Fair", "height": 10.668, "width": 3.6576, "crown_r_m": 1.8288, "crown_h_m": 6.9342, "height_imputed": false, "width_imputed": false, "neighborhood": "Central Oakland", "tree_id": "t00559" }, "geometry": { "type": "Point", "coordinates": [ -79.95341122, 40.43764498 ] } },
{ "type": "Feature", "properties": { "common_name": "Ash: Green", "condition": "Poor", "height": 5.4864, "width": 2.1336, "crown_r_m": 1.0668, "crown_h_m": 3.56616, "height_imputed": false, "width_imputed": false, "neighborhood": "Central Oakland", "tree_id": "t00560" }, "geometry": { "type": "Point", "coordinates": [ -79.95166653, 40.43893526 ] } },
{ "type": "Feature", "properties": { "common_name": "Ash: Green", "condition": "Critical", "height": 4.8768, "width": 2.1336, "crown_r_m": 1.0668, "crown_h_m": 3.16992, "height_imputed": false, "width_imputed": false, "neighborhood": "Central Oakland", "tree_id": "t00561" }, "geometry": { "type": "Point", "coordinates": [ -79.95164546, 40.43898415 ] } },
{ "type": "Feature", "properties": { "common_name": "Maple: Norway", "condition": "Poor", "height": 6.096, "width": 2.4384, "crown_r_m": 1.2192, "crown_h_m": 3.9624, "height_imputed": false, "width_imputed": false, "neighborhood": "Central Oakland", "tree_id": "t00562" }, "geometry": { "type": "Point", "coordinates": [ -79.95208724, 40.439601429999989 ] } },
{ "type": "Feature", "properties": { "common_name": "Maple: Norway", "condition": "Poor", "height": 9.144, "width": 3.048, "crown_r_m": 1.524, "crown_h_m": 5.9436, "height_imputed": false, "width_imputed": false, "neighborhood": "Central Oakland", "tree_id": "t00563" }, "geometry": { "type": "Point", "coordinates": [ -79.95202831, 40.43956705 ] } },
{ "type": "Feature", "properties": { "common_name": "Maple: Red", "condition": "Fair", "height": 9.144, "width": 2.1336, "crown_r_m": 1.0668, "crown_h_m": 5.9436, "height_imputed": false, "width_imputed": false, "neighborhood": "Central Oakland", "tree_id": "t00564" }, "geometry": { "type": "Point", "coordinates": [ -79.9522794, 40.43757173 ] } },
{ "type": "Feature", "properties": { "common_name": "Maple: Sugar", "condition": "Fair", "height": 12.192, "width": 2.7432, "crown_r_m": 1.3716, "crown_h_m": 7.9248, "height_imputed": false, "width_imputed": false, "neighborhood": "Central Oakland", "tree_id": "t00565" }, "geometry": { "type": "Point", "coordinates": [ -79.95132575, 40.43688021 ] } },
{ "type": "Feature", "properties": { "common_name": "Crabapple: Flowering", "condition": "Fair", "height": 1.8288, "width": 0.9144, "crown_r_m": 1.0, "crown_h_m": 1.5, "height_imputed": false, "width_imputed": false, "neighborhood": "Central Oakland", "tree_id": "t00566" }, "geometry": { "type": "Point", "coordinates": [ -79.95171964, 40.436221459999985 ] } },
{ "type": "Feature", "properties": { "common_name": "Crabapple: Flowering", "condition": "Fair", "height": 3.3528, "width": 1.524, "crown_r_m": 1.0, "crown_h_m": 2.17932, "height_imputed": false, "width_imputed": false, "neighborhood": "Central Oakland", "tree_id": "t00567" }, "geometry": { "type": "Point", "coordinates": [ -79.9517006, 40.43626339 ] } },
{ "type": "Feature", "properties": { "common_name": "Maple: Freeman", "condition": "Fair", "height": 8.5344, "width": 2.7432, "crown_r_m": 1.3716, "crown_h_m": 5.54736, "height_imputed": false, "width_imputed": false, "neighborhood": "Central Oakland", "tree_id": "t00568" }, "geometry": { "type": "Point", "coordinates": [ -79.95555222, 40.43643307 ] } },
{ "type": "Feature", "properties": { "common_name": "Maple: Freeman", "condition": "Fair", "height": 9.144, "width": 2.1336, "crown_r_m": 1.0668, "crown_h_m": 5.9436, "height_imputed": false, "width_imputed": false, "neighborhood": "Central Oakland", "tree_id": "t00569" }, "geometry": { "type": "Point", "coordinates": [ -79.95579449, 40.43618845 ] } },
{ "type": "Feature", "properties": { "common_name": "Maple: Freeman", "condition": "Fair", "height": 9.7536, "width": 2.7432, "crown_r_m": 1.3716, "crown_h_m": 6.33984, "height_imputed": false, "width_imputed": false, "neighborhood": "Central Oakland", "tree_id": "t00570" }, "geometry": { "type": "Point", "coordinates": [ -79.95593642, 40.43605996 ] } },
{ "type": "Feature", "properties": { "common_name": "Hornbeam: European", "condition": "Fair", "height": 9.144, "width": 0.6096, "crown_r_m": 1.0, "crown_h_m": 5.9436, "height_imputed": false, "width_imputed": false, "neighborhood": "Central Oakland", "tree_id": "t00571" }, "geometry": { "type": "Point", "coordinates": [ -79.95638622, 40.43606827 ] } },
{ "type": "Feature", "properties": { "common_name": "Crabapple: Flowering", "condition": "Fair", "height": 5.4864, "width": 1.2192, "crown_r_m": 1.0, "crown_h_m": 3.56616, "height_imputed": false, "width_imputed": false, "neighborhood": "Central Oakland", "tree_id": "t00572" }, "geometry": { "type": "Point", "coordinates": [ -79.95686452, 40.43616456 ] } },
{ "type": "Feature", "properties": { "common_name": "Honeylocust: Thornless", "condition": "Fair", "height": 7.3152, "width": 2.1336, "crown_r_m": 1.0668, "crown_h_m": 4.75488, "height_imputed": false, "width_imputed": false, "neighborhood": "Terrace Village", "tree_id": "t00573" }, "geometry": { "type": "Point", "coordinates": [ -79.96836975, 40.43944851 ] } },
{ "type": "Feature", "properties": { "common_name": "Honeylocust: Thornless", "condition": "Fair", "height": 6.096, "width": 2.1336, "crown_r_m": 1.0668, "crown_h_m": 3.9624, "height_imputed": false, "width_imputed": false, "neighborhood": "Terrace Village", "tree_id": "t00574" }, "geometry": { "type": "Point", "coordinates": [ -79.96794459, 40.4392916 ] } },
{ "type": "Feature", "properties": { "common_name": "Honeylocust: Thornless", "condition": "Fair", "height": 6.4008, "width": 2.1336, "crown_r_m": 1.0668, "crown_h_m": 4.16052, "height_imputed": false, "width_imputed": false, "neighborhood": "Terrace Village", "tree_id": "t00575" }, "geometry": { "type": "Point", "coordinates": [ -79.96881762, 40.4394519 ] } },
{ "type": "Feature", "properties": { "common_name": "Maple: Red", "condition": "Fair", "height": 4.2672, "width": 1.8288, "crown_r_m": 1.0, "crown_h_m": 2.77368, "height_imputed": false, "width_imputed": false, "neighborhood": "Terrace Village", "tree_id": "t00576" }, "geometry": { "type": "Point", "coordinates": [ -79.96866774, 40.43898632 ] } },
{ "type": "Feature", "properties": { "common_name": "Maple: Red", "condition": "Poor", "height": 3.3528, "width": 1.8288, "crown_r_m": 1.0, "crown_h_m": 2.17932, "height_imputed": false, "width_imputed": false, "neighborhood": "Terrace Village", "tree_id": "t00577" }, "geometry": { "type": "Point", "coordinates": [ -79.9685156, 40.43896573 ] } },
{ "type": "Feature", "properties": { "common_name": "Honeylocust: Thornless", "condition": "Fair", "height": 3.6576, "width": 1.524, "crown_r_m": 1.0, "crown_h_m": 2.37744, "height_imputed": false, "width_imputed": false, "neighborhood": "West Oakland", "tree_id": "t00578" }, "geometry": { "type": "Point", "coordinates": [ -79.96678241, 40.440065 ] } },
{ "type": "Feature", "properties": { "common_name": "Hackberry: Common", "condition": "Poor", "height": 3.048, "width": 1.8288, "crown_r_m": 1.0, "crown_h_m": 1.9812, "height_imputed": false, "width_imputed": false, "neighborhood": "South Oakland", "tree_id": "t00579" }, "geometry": { "type": "Point", "coordinates": [ -79.96348415, 40.43749733 ] } },
{ "type": "Feature", "properties": { "common_name": "Hackberry: Common", "condition": "Poor", "height": 3.048, "width": 1.524, "crown_r_m": 1.0, "crown_h_m": 1.9812, "height_imputed": false, "width_imputed": false, "neighborhood": "South Oakland", "tree_id": "t00580" }, "geometry": { "type": "Point", "coordinates": [ -79.96336621, 40.437397229999988 ] } },
{ "type": "Feature", "properties": { "common_name": "Sweetgum: American", "condition": "Excellent", "height": 12.192, "width": 6.096, "crown_r_m": 3.048, "crown_h_m": 7.9248, "height_imputed": false, "width_imputed": false, "neighborhood": "Shadyside", "tree_id": "t00581" }, "geometry": { "type": "Point", "coordinates": [ -79.94072298, 40.44908306 ] } },
{ "type": "Feature", "properties": { "common_name": "Maple: Silver", "condition": "Excellent", "height": 16.764, "width": 7.3152, "crown_r_m": 3.6576, "crown_h_m": 10.8966, "height_imputed": false, "width_imputed": false, "neighborhood": "Shadyside", "tree_id": "t00582" }, "geometry": { "type": "Point", "coordinates": [ -79.940821920000019, 40.44906216 ] } },
{ "type": "Feature", "properties": { "common_name": "Pear: Callery", "condition": "Fair", "height": 3.048, "width": 1.8288, "crown_r_m": 1.0, "crown_h_m": 1.9812, "height_imputed": false, "width_imputed": false, "neighborhood": "South Oakland", "tree_id": "t00583" }, "geometry": { "type": "Point", "coordinates": [ -79.96381995, 40.43640276 ] } },
{ "type": "Feature", "properties": { "common_name": "Linden: Littleleaf", "condition": "Fair", "height": 10.668, "width": 2.7432, "crown_r_m": 1.3716, "crown_h_m": 6.9342, "height_imputed": false, "width_imputed": false, "neighborhood": "Squirrel Hill North", "tree_id": "t00584" }, "geometry": { "type": "Point", "coordinates": [ -79.94096753, 40.44420928000001 ] } },
{ "type": "Feature", "properties": { "common_name": "Honeylocust: Thornless", "condition": "Good", "height": 4.572, "width": 1.8288, "crown_r_m": 1.0, "crown_h_m": 2.9718, "height_imputed": false, "width_imputed": false, "neighborhood": "Central Oakland", "tree_id": "t00585" }, "geometry": { "type": "Point", "coordinates": [ -79.95629665, 40.44179734 ] } },
{ "type": "Feature", "properties": { "common_name": "Linden: Littleleaf", "condition": "Good", "height": 6.096, "width": 2.4384, "crown_r_m": 1.2192, "crown_h_m": 3.9624, "height_imputed": false, "width_imputed": false, "neighborhood": "Squirrel Hill North", "tree_id": "t00586" }, "geometry": { "type": "Point", "coordinates": [ -79.94149204, 40.44430696 ] } },
{ "type": "Feature", "properties": { "common_name": "Honeylocust: Thornless", "condition": "Fair", "height": 3.6576, "width": 2.4384, "crown_r_m": 1.2192, "crown_h_m": 2.37744, "height_imputed": false, "width_imputed": false, "neighborhood": "Central Oakland", "tree_id": "t00587" }, "geometry": { "type": "Point", "coordinates": [ -79.95572714, 40.441373509999984 ] } },
{ "type": "Feature", "properties": { "common_name": "Honeylocust: Thornless", "condition": "Fair", "height": 4.8768, "width": 2.1336, "crown_r_m": 1.0668, "crown_h_m": 3.16992, "height_imputed": false, "width_imputed": false, "neighborhood": "Central Oakland", "tree_id": "t00588" }, "geometry": { "type": "Point", "coordinates": [ -79.95593528000002, 40.44124072 ] } },
{ "type": "Feature", "properties": { "common_name": "London planetree", "condition": "Good", "height": 4.572, "width": 1.524, "crown_r_m": 1.0, "crown_h_m": 2.9718, "height_imputed": false, "width_imputed": false, "neighborhood": "North Oakland", "tree_id": "t00589" }, "geometry": { "type": "Point", "coordinates": [ -79.94736095, 40.44444349 ] } },
{ "type": "Feature", "properties": { "common_name": "Pear: Callery", "condition": "Poor", "height": 6.096, "width": 2.4384, "crown_r_m": 1.2192, "crown_h_m": 3.9624, "height_imputed": false, "width_imputed": false, "neighborhood": "Central Oakland", "tree_id": "t00590" }, "geometry": { "type": "Point", "coordinates": [ -79.95444793, 40.44286718 ] } },
{ "type": "Feature", "properties": { "common_name": "Oak: Pin", "condition": "Good", "height": 18.288, "width": 3.6576, "crown_r_m": 1.8288, "crown_h_m": 11.8872, "height_imputed": false, "width_imputed": false, "neighborhood": "Shadyside", "tree_id": "t00591" }, "geometry": { "type": "Point", "coordinates": [ -79.94216797, 40.448993149999986 ] } },
{ "type": "Feature", "properties": { "common_name": "Cherry/Plum: spp.", "condition": "Good", "height": 1.524, "width": 0.9144, "crown_r_m": 1.0, "crown_h_m": 1.5, "height_imputed": false, "width_imputed": false, "neighborhood": "Shadyside", "tree_id": "t00592" }, "geometry": { "type": "Point", "coordinates": [ -79.9425404, 40.44895891 ] } },
{ "type": "Feature", "properties": { "common_name": "Sweetgum: American", "condition": "Fair", "height": 13.716, "width": 2.1336, "crown_r_m": 1.0668, "crown_h_m": 8.9154, "height_imputed": false, "width_imputed": false, "neighborhood": "Shadyside", "tree_id": "t00593" }, "geometry": { "type": "Point", "coordinates": [ -79.94111609, 40.4491653 ] } },
{ "type": "Feature", "properties": { "common_name": "Oak: Pin", "condition": "Good", "height": 13.716, "width": 3.6576, "crown_r_m": 1.8288, "crown_h_m": 8.9154, "height_imputed": false, "width_imputed": false, "neighborhood": "Shadyside", "tree_id": "t00594" }, "geometry": { "type": "Point", "coordinates": [ -79.94746811, 40.44805096 ] } },
{ "type": "Feature", "properties": { "common_name": "Amur Corktree", "condition": "Poor", "height": 4.572, "width": 2.4384, "crown_r_m": 1.2192, "crown_h_m": 2.9718, "height_imputed": false, "width_imputed": false, "neighborhood": "Squirrel Hill North", "tree_id": "t00595" }, "geometry": { "type": "Point", "coordinates": [ -79.94193171, 40.444367330000013 ] } },
{ "type": "Feature", "properties": { "common_name": "Oak: Pin", "condition": "Fair", "height": 13.716, "width": 3.6576, "crown_r_m": 1.8288, "crown_h_m": 8.9154, "height_imputed": false, "width_imputed": false, "neighborhood": "Shadyside", "tree_id": "t00596" }, "geometry": { "type": "Point", "coordinates": [ -79.94750512, 40.44782749 ] } },
{ "type": "Feature", "properties": { "common_name": "Oak: Swamp White", "condition": "Fair", "height": 3.048, "width": 1.524, "crown_r_m": 1.0, "crown_h_m": 1.9812, "height_imputed": false, "width_imputed": false, "neighborhood": "North Oakland", "tree_id": "t00597" }, "geometry": { "type": "Point", "coordinates": [ -79.95103734, 40.44687271 ] } },
{ "type": "Feature", "properties": { "common_name": "Oak: Bur", "condition": "Good", "height": 2.4384, "width": 1.2192, "crown_r_m": 1.0, "crown_h_m": 1.58496, "height_imputed": false, "width_imputed": false, "neighborhood": "North Oakland", "tree_id": "t00598" }, "geometry": { "type": "Point", "coordinates": [ -79.95094327, 40.44687766 ] } },
{ "type": "Feature", "properties": { "common_name": "London planetree", "condition": "Poor", "height": 16.764, "width": 7.62, "crown_r_m": 3.81, "crown_h_m": 10.8966, "height_imputed": false, "width_imputed": false, "neighborhood": "Shadyside", "tree_id": "t00599" }, "geometry": { "type": "Point", "coordinates": [ -79.9417416, 40.44900939 ] } },
{ "type": "Feature", "properties": { "common_name": "London planetree", "condition": "Fair", "height": 10.668, "width": 9.144, "crown_r_m": 4.572, "crown_h_m": 6.9342, "height_imputed": false, "width_imputed": false, "neighborhood": "North Oakland", "tree_id": "t00600" }, "geometry": { "type": "Point", "coordinates": [ -79.95267269, 40.44807782 ] } },
{ "type": "Feature", "properties": { "common_name": "Linden: Littleleaf", "condition": "Fair", "height": 8.5344, "width": 3.048, "crown_r_m": 1.524, "crown_h_m": 5.54736, "height_imputed": false, "width_imputed": false, "neighborhood": "Squirrel Hill North", "tree_id": "t00601" }, "geometry": { "type": "Point", "coordinates": [ -79.94078688, 40.4441781 ] } },
{ "type": "Feature", "properties": { "common_name": "Honeylocust: Thornless", "condition": "Good", "height": 4.572, "width": 1.8288, "crown_r_m": 1.0, "crown_h_m": 2.9718, "height_imputed": false, "width_imputed": false, "neighborhood": "Central Oakland", "tree_id": "t00602" }, "geometry": { "type": "Point", "coordinates": [ -79.95618466, 40.44173552 ] } },
{ "type": "Feature", "properties": { "common_name": "Honeylocust: Thornless", "condition": "Fair", "height": 9.144, "width": 2.4384, "crown_r_m": 1.2192, "crown_h_m": 5.9436, "height_imputed": false, "width_imputed": false, "neighborhood": "North Oakland", "tree_id": "t00603" }, "geometry": { "type": "Point", "coordinates": [ -79.94920334, 40.444403029999989 ] } },
{ "type": "Feature", "properties": { "common_name": "Honeylocust: Thornless", "condition": "Fair", "height": 4.2672, "width": 1.8288, "crown_r_m": 1.0, "crown_h_m": 2.77368, "height_imputed": false, "width_imputed": false, "neighborhood": "South Oakland", "tree_id": "t00604" }, "geometry": { "type": "Point", "coordinates": [ -79.9633663, 40.43684809 ] } },
{ "type": "Feature", "properties": { "common_name": "Honeylocust: Thornless", "condition": "Fair", "height": 9.144, "width": 3.048, "crown_r_m": 1.524, "crown_h_m": 5.9436, "height_imputed": false, "width_imputed": false, "neighborhood": "North Oakland", "tree_id": "t00605" }, "geometry": { "type": "Point", "coordinates": [ -79.94907557, 40.44443928 ] } },
{ "type": "Feature", "properties": { "common_name": "Pear: Callery", "condition": "Fair", "height": 5.7912, "width": 2.4384, "crown_r_m": 1.2192, "crown_h_m": 3.76428, "height_imputed": false, "width_imputed": false, "neighborhood": "Central Oakland", "tree_id": "t00606" }, "geometry": { "type": "Point", "coordinates": [ -79.95410025, 40.44296195 ] } },
{ "type": "Feature", "properties": { "common_name": "Honeylocust: Thornless", "condition": "Fair", "height": 4.572, "width": 1.8288, "crown_r_m": 1.0, "crown_h_m": 2.9718, "height_imputed": false, "width_imputed": false, "neighborhood": "Central Oakland", "tree_id": "t00607" }, "geometry": { "type": "Point", "coordinates": [ -79.95611493, 40.4416961 ] } },
{ "type": "Feature", "properties": { "common_name": "Honeylocust: Thornless", "condition": "Good", "height": 4.572, "width": 2.4384, "crown_r_m": 1.2192, "crown_h_m": 2.9718, "height_imputed": false, "width_imputed": false, "neighborhood": "Central Oakland", "tree_id": "t00608" }, "geometry": { "type": "Point", "coordinates": [ -79.95626482, 40.44177788 ] } },
{ "type": "Feature", "properties": { "common_name": "Honeylocust: Thornless", "condition": "Poor", "height": 3.6576, "width": 2.4384, "crown_r_m": 1.2192, "crown_h_m": 2.37744, "height_imputed": false, "width_imputed": false, "neighborhood": "Central Oakland", "tree_id": "t00609" }, "geometry": { "type": "Point", "coordinates": [ -79.95578842, 40.44134058 ] } },
{ "type": "Feature", "properties": { "common_name": "Honeylocust: Thornless", "condition": "Good", "height": 6.096, "width": 1.8288, "crown_r_m": 1.0, "crown_h_m": 3.9624, "height_imputed": false, "width_imputed": false, "neighborhood": "Central Oakland", "tree_id": "t00610" }, "geometry": { "type": "Point", "coordinates": [ -79.95569569, 40.44147116 ] } },
{ "type": "Feature", "properties": { "common_name": "Pear: Callery", "condition": "Fair", "height": 5.4864, "width": 1.8288, "crown_r_m": 1.0, "crown_h_m": 3.56616, "height_imputed": false, "width_imputed": false, "neighborhood": "Central Oakland", "tree_id": "t00611" }, "geometry": { "type": "Point", "coordinates": [ -79.95427062, 40.44291643 ] } },
{ "type": "Feature", "properties": { "common_name": "Honeylocust: Thornless", "condition": "Fair", "height": 9.144, "width": 3.048, "crown_r_m": 1.524, "crown_h_m": 5.9436, "height_imputed": false, "width_imputed": false, "neighborhood": "North Oakland", "tree_id": "t00612" }, "geometry": { "type": "Point", "coordinates": [ -79.94900901, 40.44446187 ] } },
{ "type": "Feature", "properties": { "common_name": "Honeylocust: Thornless", "condition": "Good", "height": 4.572, "width": 1.8288, "crown_r_m": 1.0, "crown_h_m": 2.9718, "height_imputed": false, "width_imputed": false, "neighborhood": "Central Oakland", "tree_id": "t00613" }, "geometry": { "type": "Point", "coordinates": [ -79.95606139, 40.44166665 ] } },
{ "type": "Feature", "properties": { "common_name": "Ginkgo", "condition": "Good", "height": 3.6576, "width": 1.524, "crown_r_m": 1.0, "crown_h_m": 2.37744, "height_imputed": false, "width_imputed": false, "neighborhood": "North Oakland", "tree_id": "t00614" }, "geometry": { "type": "Point", "coordinates": [ -79.94924999, 40.44681876 ] } },
{ "type": "Feature", "properties": { "common_name": "Elm: American", "condition": "Good", "height": 6.096, "width": 1.8288, "crown_r_m": 1.0, "crown_h_m": 3.9624, "height_imputed": false, "width_imputed": false, "neighborhood": "North Oakland", "tree_id": "t00615" }, "geometry": { "type": "Point", "coordinates": [ -79.95032824, 40.44546321 ] } },
{ "type": "Feature", "properties": { "common_name": "Elm: American", "condition": "Fair", "height": 4.8768, "width": 2.1336, "crown_r_m": 1.0668, "crown_h_m": 3.16992, "height_imputed": false, "width_imputed": false, "neighborhood": "North Oakland", "tree_id": "t00616" }, "geometry": { "type": "Point", "coordinates": [ -79.95031473, 40.44531241 ] } },
{ "type": "Feature", "properties": { "common_name": "Ginkgo", "condition": "Good", "height": 12.192, "width": 1.8288, "crown_r_m": 1.0, "crown_h_m": 7.9248, "height_imputed": false, "width_imputed": false, "neighborhood": "North Oakland", "tree_id": "t00617" }, "geometry": { "type": "Point", "coordinates": [ -79.95169576, 40.44619324 ] } },
{ "type": "Feature", "properties": { "common_name": "Ginkgo", "condition": "Fair", "height": 7.62, "width": 2.1336, "crown_r_m": 1.0668, "crown_h_m": 4.953, "height_imputed": false, "width_imputed": false, "neighborhood": "North Oakland", "tree_id": "t00618" }, "geometry": { "type": "Point", "coordinates": [ -79.95162772, 40.44605087 ] } },
{ "type": "Feature", "properties": { "common_name": "Ginkgo", "condition": "Fair", "height": 9.144, "width": 1.8288, "crown_r_m": 1.0, "crown_h_m": 5.9436, "height_imputed": false, "width_imputed": false, "neighborhood": "North Oakland", "tree_id": "t00619" }, "geometry": { "type": "Point", "coordinates": [ -79.95148316, 40.44573716 ] } },
{ "type": "Feature", "properties": { "common_name": "Redbud: Eastern", "condition": "Fair", "height": 4.572, "width": 1.8288, "crown_r_m": 1.0, "crown_h_m": 2.9718, "height_imputed": false, "width_imputed": false, "neighborhood": "North Oakland", "tree_id": "t00620" }, "geometry": { "type": "Point", "coordinates": [ -79.95127913, 40.44544469 ] } },
{ "type": "Feature", "properties": { "common_name": "Pear: Callery", "condition": "Good", "height": 7.62, "width": 2.1336, "crown_r_m": 1.0668, "crown_h_m": 4.953, "height_imputed": false, "width_imputed": false, "neighborhood": "North Oakland", "tree_id": "t00621" }, "geometry": { "type": "Point", "coordinates": [ -79.95100126, 40.44484865 ] } },
{ "type": "Feature", "properties": { "common_name": "Ginkgo", "condition": "Fair", "height": 10.668, "width": 3.3528, "crown_r_m": 1.6764, "crown_h_m": 6.9342, "height_imputed": false, "width_imputed": false, "neighborhood": "North Oakland", "tree_id": "t00622" }, "geometry": { "type": "Point", "coordinates": [ -79.95093887, 40.44453378 ] } },
{ "type": "Feature", "properties": { "common_name": "Pear: Callery", "condition": "Good", "height": 9.144, "width": 4.572, "crown_r_m": 2.286, "crown_h_m": 5.9436, "height_imputed": false, "width_imputed": false, "neighborhood": "North Oakland", "tree_id": "t00623" }, "geometry": { "type": "Point", "coordinates": [ -79.95083506, 40.44448075 ] } },
{ "type": "Feature", "properties": { "common_name": "London planetree", "condition": "Fair", "height": 15.24, "width": 3.048, "crown_r_m": 1.524, "crown_h_m": 9.906, "height_imputed": false, "width_imputed": false, "neighborhood": "North Oakland", "tree_id": "t00624" }, "geometry": { "type": "Point", "coordinates": [ -79.95438582, 40.446469439999987 ] } },
{ "type": "Feature", "properties": { "common_name": "Pear: Callery", "condition": "Fair", "height": 10.668, "width": 1.2192, "crown_r_m": 1.0, "crown_h_m": 6.9342, "height_imputed": false, "width_imputed": false, "neighborhood": "North Oakland", "tree_id": "t00625" }, "geometry": { "type": "Point", "coordinates": [ -79.94898827, 40.44522679 ] } },
{ "type": "Feature", "properties": { "common_name": "Pear: Callery", "condition": "Good", "height": 6.096, "width": 1.524, "crown_r_m": 1.0, "crown_h_m": 3.9624, "height_imputed": false, "width_imputed": false, "neighborhood": "North Oakland", "tree_id": "t00626" }, "geometry": { "type": "Point", "coordinates": [ -79.94918928, 40.44520992 ] } },
{ "type": "Feature", "properties": { "common_name": "Pear: Callery", "condition": "Good", "height": 9.144, "width": 2.4384, "crown_r_m": 1.2192, "crown_h_m": 5.9436, "height_imputed": false, "width_imputed": false, "neighborhood": "North Oakland", "tree_id": "t00627" }, "geometry": { "type": "Point", "coordinates": [ -79.95082331, 40.44444978 ] } },
{ "type": "Feature", "properties": { "common_name": "Ginkgo", "condition": "Fair", "height": 10.668, "width": 2.7432, "crown_r_m": 1.3716, "crown_h_m": 6.9342, "height_imputed": false, "width_imputed": false, "neighborhood": "North Oakland", "tree_id": "t00628" }, "geometry": { "type": "Point", "coordinates": [ -79.95084856, 40.44436762 ] } },
{ "type": "Feature", "properties": { "common_name": "Pear: Callery", "condition": "Good", "height": 7.62, "width": 2.4384, "crown_r_m": 1.2192, "crown_h_m": 4.953, "height_imputed": false, "width_imputed": false, "neighborhood": "North Oakland", "tree_id": "t00629" }, "geometry": { "type": "Point", "coordinates": [ -79.95077243, 40.444339519999986 ] } },
{ "type": "Feature", "properties": { "common_name": "Hemlock: Eastern", "condition": "Fair", "height": 1.8288, "width": 1.524, "crown_r_m": 1.0, "crown_h_m": 1.5, "height_imputed": false, "width_imputed": false, "neighborhood": "North Oakland", "tree_id": "t00630" }, "geometry": { "type": "Point", "coordinates": [ -79.95578837, 40.44663403 ] } },
{ "type": "Feature", "properties": { "common_name": "Pear: Callery", "condition": "Fair", "height": 12.192, "width": 2.4384, "crown_r_m": 1.2192, "crown_h_m": 7.9248, "height_imputed": false, "width_imputed": false, "neighborhood": "North Oakland", "tree_id": "t00631" }, "geometry": { "type": "Point", "coordinates": [ -79.95505501, 40.44655396 ] } },
{ "type": "Feature", "properties": { "common_name": "Pear: Callery", "condition": "Good", "height": 10.668, "width": 2.1336, "crown_r_m": 1.0668, "crown_h_m": 6.9342, "height_imputed": false, "width_imputed": false, "neighborhood": "North Oakland", "tree_id": "t00632" }, "geometry": { "type": "Point", "coordinates": [ -79.95512736, 40.4464978 ] } },
{ "type": "Feature", "properties": { "common_name": "Pear: Callery", "condition": "Good", "height": 10.668, "width": 2.4384, "crown_r_m": 1.2192, "crown_h_m": 6.9342, "height_imputed": false, "width_imputed": false, "neighborhood": "North Oakland", "tree_id": "t00633" }, "geometry": { "type": "Point", "coordinates": [ -79.95521682, 40.44643563 ] } },
{ "type": "Feature", "properties": { "common_name": "Magnolia: Saucer", "condition": "Good", "height": 4.572, "width": 1.2192, "crown_r_m": 1.0, "crown_h_m": 2.9718, "height_imputed": false, "width_imputed": false, "neighborhood": "North Oakland", "tree_id": "t00634" }, "geometry": { "type": "Point", "coordinates": [ -79.95421618, 40.44538716 ] } },
{ "type": "Feature", "properties": { "common_name": "Pear: Callery", "condition": "Good", "height": 6.096, "width": 1.524, "crown_r_m": 1.0, "crown_h_m": 3.9624, "height_imputed": false, "width_imputed": false, "neighborhood": "North Oakland", "tree_id": "t00635" }, "geometry": { "type": "Point", "coordinates": [ -79.95484585, 40.44568076 ] } },
{ "type": "Feature", "properties": { "common_name": "Elm: Lacebark", "condition": "Fair", "height": 6.096, "width": 2.1336, "crown_r_m": 1.0668, "crown_h_m": 3.9624, "height_imputed": false, "width_imputed": false, "neighborhood": "North Oakland", "tree_id": "t00636" }, "geometry": { "type": "Point", "coordinates": [ -79.95647782, 40.44333226 ] } },
{ "type": "Feature", "properties": { "common_name": "Ginkgo", "condition": "Fair", "height": 2.1336, "width": 1.524, "crown_r_m": 1.0, "crown_h_m": 1.5, "height_imputed": false, "width_imputed": false, "neighborhood": "North Oakland", "tree_id": "t00637" }, "geometry": { "type": "Point", "coordinates": [ -79.95613591, 40.443628339999989 ] } },
{ "type": "Feature", "properties": { "common_name": "Ginkgo", "condition": "Good", "height": 3.048, "width": 1.2192, "crown_r_m": 1.0, "crown_h_m": 1.9812, "height_imputed": false, "width_imputed": false, "neighborhood": "North Oakland", "tree_id": "t00638" }, "geometry": { "type": "Point", "coordinates": [ -79.95591076, 40.44378056 ] } },
{ "type": "Feature", "properties": { "common_name": "Honeylocust: Thornless", "condition": "Fair", "height": 3.6576, "width": 1.524, "crown_r_m": 1.0, "crown_h_m": 2.37744, "height_imputed": false, "width_imputed": false, "neighborhood": "West Oakland", "tree_id": "t00639" }, "geometry": { "type": "Point", "coordinates": [ -79.96415236, 40.44058556 ] } },
{ "type": "Feature", "properties": { "common_name": "Honeylocust: Thornless", "condition": "Good", "height": 3.6576, "width": 1.524, "crown_r_m": 1.0, "crown_h_m": 2.37744, "height_imputed": false, "width_imputed": false, "neighborhood": "West Oakland", "tree_id": "t00640" }, "geometry": { "type": "Point", "coordinates": [ -79.96419355, 40.44053332 ] } },
{ "type": "Feature", "properties": { "common_name": "Honeylocust: Thornless", "condition": "Good", "height": 2.4384, "width": 1.2192, "crown_r_m": 1.0, "crown_h_m": 1.58496, "height_imputed": false, "width_imputed": false, "neighborhood": "West Oakland", "tree_id": "t00641" }, "geometry": { "type": "Point", "coordinates": [ -79.96424996, 40.440481799999986 ] } },
{ "type": "Feature", "properties": { "common_name": "Honeylocust: Thornless", "condition": "Good", "height": 2.1336, "width": 0.9144, "crown_r_m": 1.0, "crown_h_m": 1.5, "height_imputed": false, "width_imputed": false, "neighborhood": "West Oakland", "tree_id": "t00642" }, "geometry": { "type": "Point", "coordinates": [ -79.96472761, 40.44039195 ] } },
{ "type": "Feature", "properties": { "common_name": "Redbud: Eastern", "condition": "Good", "height": 2.1336, "width": 0.9144, "crown_r_m": 1.0, "crown_h_m": 1.5, "height_imputed": false, "width_imputed": false, "neighborhood": "West Oakland", "tree_id": "t00643" }, "geometry": { "type": "Point", "coordinates": [ -79.96430855, 40.44067026 ] } },
{ "type": "Feature", "properties": { "common_name": "Crabapple: Flowering", "condition": "Poor", "height": 1.8288, "width": 0.9144, "crown_r_m": 1.0, "crown_h_m": 1.5, "height_imputed": false, "width_imputed": false, "neighborhood": "West Oakland", "tree_id": "t00644" }, "geometry": { "type": "Point", "coordinates": [ -79.96425381, 40.4407255 ] } },
{ "type": "Feature", "properties": { "common_name": "Horsechestnut", "condition": "Fair", "height": 1.8288, "width": 0.9144, "crown_r_m": 1.0, "crown_h_m": 1.5, "height_imputed": false, "width_imputed": false, "neighborhood": "West Oakland", "tree_id": "t00645" }, "geometry": { "type": "Point", "coordinates": [ -79.96420738, 40.44077651 ] } },
{ "type": "Feature", "properties": { "common_name": "Serviceberry: Downy", "condition": "Good", "height": 2.4384, "width": 1.2192, "crown_r_m": 1.0, "crown_h_m": 1.58496, "height_imputed": false, "width_imputed": false, "neighborhood": "West Oakland", "tree_id": "t00646" }, "geometry": { "type": "Point", "coordinates": [ -79.96416059, 40.44081639 ] } },
{ "type": "Feature", "properties": { "common_name": "Sweetgum: American", "condition": "Critical", "height": 6.096, "width": 3.6576, "crown_r_m": 1.8288, "crown_h_m": 3.9624, "height_imputed": false, "width_imputed": false, "neighborhood": "North Oakland", "tree_id": "t00647" }, "geometry": { "type": "Point", "coordinates": [ -79.95754711, 40.44260519 ] } },
{ "type": "Feature", "properties": { "common_name": "Elm: Lacebark", "condition": "Poor", "height": 6.096, "width": 1.8288, "crown_r_m": 1.0, "crown_h_m": 3.9624, "height_imputed": false, "width_imputed": false, "neighborhood": "North Oakland", "tree_id": "t00648" }, "geometry": { "type": "Point", "coordinates": [ -79.95748152, 40.44260968 ] } },
{ "type": "Feature", "properties": { "common_name": "Sweetgum: American", "condition": "Critical", "height": 7.62, "width": 2.1336, "crown_r_m": 1.0668, "crown_h_m": 4.953, "height_imputed": false, "width_imputed": false, "neighborhood": "North Oakland", "tree_id": "t00649" }, "geometry": { "type": "Point", "coordinates": [ -79.95714171, 40.44374137 ] } },
{ "type": "Feature", "properties": { "common_name": "Honeylocust: Thornless", "condition": "Good", "height": 2.7432, "width": 1.2192, "crown_r_m": 1.0, "crown_h_m": 1.78308, "height_imputed": false, "width_imputed": false, "neighborhood": "West Oakland", "tree_id": "t00650" }, "geometry": { "type": "Point", "coordinates": [ -79.95965745, 40.44095438 ] } },
{ "type": "Feature", "properties": { "common_name": "Dogwood: Kousa", "condition": "Poor", "height": 1.2192, "width": 0.3048, "crown_r_m": 1.0, "crown_h_m": 1.5, "height_imputed": false, "width_imputed": false, "neighborhood": "West Oakland", "tree_id": "t00651" }, "geometry": { "type": "Point", "coordinates": [ -79.95923633, 40.4413365 ] } },
{ "type": "Feature", "properties": { "common_name": "Pear: Callery", "condition": "Fair", "height": 10.668, "width": 2.7432, "crown_r_m": 1.3716, "crown_h_m": 6.9342, "height_imputed": false, "width_imputed": false, "neighborhood": "West Oakland", "tree_id": "t00652" }, "geometry": { "type": "Point", "coordinates": [ -79.9592594, 40.44138374 ] } },
{ "type": "Feature", "properties": { "common_name": "Plum: Cherry", "condition": "Fair", "height": 0.9144, "width": 0.6096, "crown_r_m": 1.0, "crown_h_m": 1.5, "height_imputed": false, "width_imputed": false, "neighborhood": "West Oakland", "tree_id": "t00653" }, "geometry": { "type": "Point", "coordinates": [ -79.95913111, 40.44140921 ] } },
{ "type": "Feature", "properties": { "common_name": "Oak: Northern Red", "condition": "Good", "height": 16.764, "width": 2.4384, "crown_r_m": 1.2192, "crown_h_m": 10.8966, "height_imputed": false, "width_imputed": false, "neighborhood": "North Oakland", "tree_id": "t00654" }, "geometry": { "type": "Point", "coordinates": [ -79.95468469, 40.44704435 ] } },
{ "type": "Feature", "properties": { "common_name": "Oak: Northern Red", "condition": "Good", "height": 13.716, "width": 4.2672, "crown_r_m": 2.1336, "crown_h_m": 8.9154, "height_imputed": false, "width_imputed": false, "neighborhood": "North Oakland", "tree_id": "t00655" }, "geometry": { "type": "Point", "coordinates": [ -79.95450998, 40.44717838 ] } },
{ "type": "Feature", "properties": { "common_name": "Sweetgum: American", "condition": "Good", "height": 12.192, "width": 1.8288, "crown_r_m": 1.0, "crown_h_m": 7.9248, "height_imputed": false, "width_imputed": false, "neighborhood": "North Oakland", "tree_id": "t00656" }, "geometry": { "type": "Point", "coordinates": [ -79.95415755, 40.447436269999983 ] } },
{ "type": "Feature", "properties": { "common_name": "Linden: Littleleaf", "condition": "Good", "height": 15.24, "width": 1.8288, "crown_r_m": 1.0, "crown_h_m": 9.906, "height_imputed": false, "width_imputed": false, "neighborhood": "North Oakland", "tree_id": "t00657" }, "geometry": { "type": "Point", "coordinates": [ -79.95528287, 40.44659798 ] } },
{ "type": "Feature", "properties": { "common_name": "Linden: Littleleaf", "condition": "Good", "height": 16.764, "width": 2.1336, "crown_r_m": 1.0668, "crown_h_m": 10.8966, "height_imputed": false, "width_imputed": false, "neighborhood": "North Oakland", "tree_id": "t00658" }, "geometry": { "type": "Point", "coordinates": [ -79.95517904, 40.44667194 ] } },
{ "type": "Feature", "properties": { "common_name": "Linden: Littleleaf", "condition": "Good", "height": 12.192, "width": 3.6576, "crown_r_m": 1.8288, "crown_h_m": 7.9248, "height_imputed": false, "width_imputed": false, "neighborhood": "North Oakland", "tree_id": "t00659" }, "geometry": { "type": "Point", "coordinates": [ -79.9549123, 40.446852649999983 ] } },
{ "type": "Feature", "properties": { "common_name": "Linden: Littleleaf", "condition": "Fair", "height": 12.192, "width": 1.524, "crown_r_m": 1.0, "crown_h_m": 7.9248, "height_imputed": false, "width_imputed": false, "neighborhood": "Central Oakland", "tree_id": "t00660" }, "geometry": { "type": "Point", "coordinates": [ -79.951018170000012, 40.43687895 ] } },
{ "type": "Feature", "properties": { "common_name": "Pear: Callery", "condition": "Fair", "height": 7.62, "width": 6.096, "crown_r_m": 3.048, "crown_h_m": 4.953, "height_imputed": false, "width_imputed": false, "neighborhood": "Central Oakland", "tree_id": "t00661" }, "geometry": { "type": "Point", "coordinates": [ -79.95113409, 40.43696166 ] } },
{ "type": "Feature", "properties": { "common_name": "London planetree", "condition": "Fair", "height": 19.812, "width": 7.62, "crown_r_m": 3.81, "crown_h_m": 12.8778, "height_imputed": false, "width_imputed": false, "neighborhood": "North Oakland", "tree_id": "t00662" }, "geometry": { "type": "Point", "coordinates": [ -79.9563923, 40.44693701 ] } },
{ "type": "Feature", "properties": { "common_name": "Maple: Norway", "condition": "Good", "height": 2.7432, "width": 0.3048, "crown_r_m": 1.0, "crown_h_m": 1.78308, "height_imputed": false, "width_imputed": false, "neighborhood": "Central Oakland", "tree_id": "t00663" }, "geometry": { "type": "Point", "coordinates": [ -79.951387490000016, 40.43708751 ] } },
{ "type": "Feature", "properties": { "common_name": "Linden: American", "condition": "Fair", "height": 16.764, "width": 3.9624, "crown_r_m": 1.9812, "crown_h_m": 10.8966, "height_imputed": false, "width_imputed": false, "neighborhood": "Central Oakland", "tree_id": "t00664" }, "geometry": { "type": "Point", "coordinates": [ -79.9515019, 40.43699561 ] } },
{ "type": "Feature", "properties": { "common_name": "Maple: Sugar", "condition": "Fair", "height": 7.62, "width": 2.1336, "crown_r_m": 1.0668, "crown_h_m": 4.953, "height_imputed": false, "width_imputed": false, "neighborhood": "Central Oakland", "tree_id": "t00665" }, "geometry": { "type": "Point", "coordinates": [ -79.95157649, 40.43709672 ] } },
{ "type": "Feature", "properties": { "common_name": "Linden: American", "condition": "Good", "height": 12.192, "width": 1.524, "crown_r_m": 1.0, "crown_h_m": 7.9248, "height_imputed": false, "width_imputed": false, "neighborhood": "Central Oakland", "tree_id": "t00666" }, "geometry": { "type": "Point", "coordinates": [ -79.95162258000002, 40.43715993 ] } },
{ "type": "Feature", "properties": { "common_name": "Maple: Sugar", "condition": "Fair", "height": 13.716, "width": 2.1336, "crown_r_m": 1.0668, "crown_h_m": 8.9154, "height_imputed": false, "width_imputed": false, "neighborhood": "Central Oakland", "tree_id": "t00667" }, "geometry": { "type": "Point", "coordinates": [ -79.951787330000016, 40.43719684 ] } },
{ "type": "Feature", "properties": { "common_name": "Pear: Callery", "condition": "Fair", "height": 10.668, "width": 0.9144, "crown_r_m": 1.0, "crown_h_m": 6.9342, "height_imputed": false, "width_imputed": false, "neighborhood": "Central Oakland", "tree_id": "t00668" }, "geometry": { "type": "Point", "coordinates": [ -79.95201567, 40.43725497 ] } },
{ "type": "Feature", "properties": { "common_name": "Oak: Northern Red", "condition": "Good", "height": 15.24, "width": 2.4384, "crown_r_m": 1.2192, "crown_h_m": 9.906, "height_imputed": false, "width_imputed": false, "neighborhood": "North Oakland", "tree_id": "t00669" }, "geometry": { "type": "Point", "coordinates": [ -79.95551894, 40.44739287 ] } },
{ "type": "Feature", "properties": { "common_name": "Maple: Norway", "condition": "Fair", "height": 13.716, "width": 4.572, "crown_r_m": 2.286, "crown_h_m": 8.9154, "height_imputed": false, "width_imputed": false, "neighborhood": "North Oakland", "tree_id": "t00670" }, "geometry": { "type": "Point", "coordinates": [ -79.9560438, 40.44779619 ] } },
{ "type": "Feature", "properties": { "common_name": "London planetree", "condition": "Fair", "height": 21.336, "width": 7.62, "crown_r_m": 3.81, "crown_h_m": 13.8684, "height_imputed": false, "width_imputed": false, "neighborhood": "North Oakland", "tree_id": "t00671" }, "geometry": { "type": "Point", "coordinates": [ -79.95651893, 40.44704656 ] } },
{ "type": "Feature", "properties": { "common_name": "Arborvitae: Eastern", "condition": "Good", "height": 1.8288, "width": 0.6096, "crown_r_m": 1.0, "crown_h_m": 1.5, "height_imputed": false, "width_imputed": false, "neighborhood": "North Oakland", "tree_id": "t00672" }, "geometry": { "type": "Point", "coordinates": [ -79.95579027, 40.44645499 ] } },
{ "type": "Feature", "properties": { "common_name": "Cherry/Plum: spp.", "condition": "Fair", "height": 1.8288, "width": 0.3048, "crown_r_m": 1.0, "crown_h_m": 1.5, "height_imputed": false, "width_imputed": false, "neighborhood": "North Oakland", "tree_id": "t00673" }, "geometry": { "type": "Point", "coordinates": [ -79.95766696, 40.44781814 ] } },
{ "type": "Feature", "properties": { "common_name": "Apple: Common", "condition": "Fair", "height": 2.4384, "width": 0.9144, "crown_r_m": 1.0, "crown_h_m": 1.58496, "height_imputed": false, "width_imputed": false, "neighborhood": "North Oakland", "tree_id": "t00674" }, "geometry": { "type": "Point", "coordinates": [ -79.95753577, 40.44790082 ] } },
{ "type": "Feature", "properties": { "common_name": "Ginkgo", "condition": "Fair", "height": 19.812, "width": 2.4384, "crown_r_m": 1.2192, "crown_h_m": 12.8778, "height_imputed": false, "width_imputed": false, "neighborhood": "North Oakland", "tree_id": "t00675" }, "geometry": { "type": "Point", "coordinates": [ -79.95623696, 40.44885390000001 ] } },
{ "type": "Feature", "properties": { "common_name": "Sweetgum: American", "condition": "Good", "height": 18.288, "width": 2.7432, "crown_r_m": 1.3716, "crown_h_m": 11.8872, "height_imputed": false, "width_imputed": false, "neighborhood": "North Oakland", "tree_id": "t00676" }, "geometry": { "type": "Point", "coordinates": [ -79.95437665, 40.44801987 ] } },
{ "type": "Feature", "properties": { "common_name": "Oak: Northern Red", "condition": "Good", "height": 16.764, "width": 2.1336, "crown_r_m": 1.0668, "crown_h_m": 10.8966, "height_imputed": false, "width_imputed": false, "neighborhood": "North Oakland", "tree_id": "t00677" }, "geometry": { "type": "Point", "coordinates": [ -79.95488276, 40.44844567 ] } },
{ "type": "Feature", "properties": { "common_name": "Sweetgum: American", "condition": "Fair", "height": 16.764, "width": 2.7432, "crown_r_m": 1.3716, "crown_h_m": 10.8966, "height_imputed": false, "width_imputed": false, "neighborhood": "North Oakland", "tree_id": "t00678" }, "geometry": { "type": "Point", "coordinates": [ -79.95527899, 40.44874846 ] } },
{ "type": "Feature", "properties": { "common_name": "Linden: Littleleaf", "condition": "Fair", "height": 12.192, "width": 3.6576, "crown_r_m": 1.8288, "crown_h_m": 7.9248, "height_imputed": false, "width_imputed": false, "neighborhood": "North Oakland", "tree_id": "t00679" }, "geometry": { "type": "Point", "coordinates": [ -79.95551927, 40.44976063 ] } },
{ "type": "Feature", "properties": { "common_name": "Linden: Littleleaf", "condition": "Poor", "height": 12.192, "width": 3.6576, "crown_r_m": 1.8288, "crown_h_m": 7.9248, "height_imputed": false, "width_imputed": false, "neighborhood": "North Oakland", "tree_id": "t00680" }, "geometry": { "type": "Point", "coordinates": [ -79.95549027, 40.4498144 ] } },
{ "type": "Feature", "properties": { "common_name": "Linden: Littleleaf", "condition": "Fair", "height": 10.668, "width": 2.1336, "crown_r_m": 1.0668, "crown_h_m": 6.9342, "height_imputed": false, "width_imputed": false, "neighborhood": "North Oakland", "tree_id": "t00681" }, "geometry": { "type": "Point", "coordinates": [ -79.95542001, 40.44998992 ] } },
{ "type": "Feature", "properties": { "common_name": "Linden: Littleleaf", "condition": "Fair", "height": 10.668, "width": 3.048, "crown_r_m": 1.524, "crown_h_m": 6.9342, "height_imputed": false, "width_imputed": false, "neighborhood": "North Oakland", "tree_id": "t00682" }, "geometry": { "type": "Point", "coordinates": [ -79.95243255, 40.45010426000001 ] } },
{ "type": "Feature", "properties": { "common_name": "Ginkgo", "condition": "Fair", "height": 13.716, "width": 2.4384, "crown_r_m": 1.2192, "crown_h_m": 8.9154, "height_imputed": false, "width_imputed": false, "neighborhood": "North Oakland", "tree_id": "t00683" }, "geometry": { "type": "Point", "coordinates": [ -79.95262713, 40.45018903 ] } },
{ "type": "Feature", "properties": { "common_name": "Hornbeam: European", "condition": "Fair", "height": 7.62, "width": 1.8288, "crown_r_m": 1.0, "crown_h_m": 4.953, "height_imputed": false, "width_imputed": false, "neighborhood": "North Oakland", "tree_id": "t00684" }, "geometry": { "type": "Point", "coordinates": [ -79.95353334, 40.45042680000001 ] } },
{ "type": "Feature", "properties": { "common_name": "Hornbeam: European", "condition": "Good", "height": 9.144, "width": 1.8288, "crown_r_m": 1.0, "crown_h_m": 5.9436, "height_imputed": false, "width_imputed": false, "neighborhood": "North Oakland", "tree_id": "t00685" }, "geometry": { "type": "Point", "coordinates": [ -79.95350401, 40.45035963 ] } },
{ "type": "Feature", "properties": { "common_name": "Hornbeam: European", "condition": "Good", "height": 9.144, "width": 1.8288, "crown_r_m": 1.0, "crown_h_m": 5.9436, "height_imputed": false, "width_imputed": false, "neighborhood": "North Oakland", "tree_id": "t00686" }, "geometry": { "type": "Point", "coordinates": [ -79.95346956, 40.45030222 ] } },
{ "type": "Feature", "properties": { "common_name": "Pear: Callery", "condition": "Good", "height": 7.62, "width": 1.524, "crown_r_m": 1.0, "crown_h_m": 4.953, "height_imputed": false, "width_imputed": false, "neighborhood": "North Oakland", "tree_id": "t00687" }, "geometry": { "type": "Point", "coordinates": [ -79.95329828, 40.44987833 ] } },
{ "type": "Feature", "properties": { "common_name": "Pear: Callery", "condition": "Good", "height": 7.3152, "width": 1.524, "crown_r_m": 1.0, "crown_h_m": 4.75488, "height_imputed": false, "width_imputed": false, "neighborhood": "North Oakland", "tree_id": "t00688" }, "geometry": { "type": "Point", "coordinates": [ -79.9532674, 40.44981947 ] } },
{ "type": "Feature", "properties": { "common_name": "London planetree", "condition": "Poor", "height": 15.24, "width": 3.6576, "crown_r_m": 1.8288, "crown_h_m": 9.906, "height_imputed": false, "width_imputed": false, "neighborhood": "North Oakland", "tree_id": "t00689" }, "geometry": { "type": "Point", "coordinates": [ -79.95576203, 40.44900711 ] } },
{ "type": "Feature", "properties": { "common_name": "London planetree", "condition": "Good", "height": 13.716, "width": 3.048, "crown_r_m": 1.524, "crown_h_m": 8.9154, "height_imputed": false, "width_imputed": false, "neighborhood": "North Oakland", "tree_id": "t00690" }, "geometry": { "type": "Point", "coordinates": [ -79.95626157, 40.448170920000017 ] } },
{ "type": "Feature", "properties": { "common_name": "London planetree", "condition": "Good", "height": 12.192, "width": 1.8288, "crown_r_m": 1.0, "crown_h_m": 7.9248, "height_imputed": false, "width_imputed": false, "neighborhood": "North Oakland", "tree_id": "t00691" }, "geometry": { "type": "Point", "coordinates": [ -79.95607238, 40.448028739999984 ] } },
{ "type": "Feature", "properties": { "common_name": "London planetree", "condition": "Good", "height": 4.572, "width": 1.524, "crown_r_m": 1.0, "crown_h_m": 2.9718, "height_imputed": false, "width_imputed": false, "neighborhood": "North Oakland", "tree_id": "t00692" }, "geometry": { "type": "Point", "coordinates": [ -79.95176611, 40.45162854 ] } },
{ "type": "Feature", "properties": { "common_name": "Pear: Callery", "condition": "Good", "height": 7.62, "width": 1.524, "crown_r_m": 1.0, "crown_h_m": 4.953, "height_imputed": false, "width_imputed": false, "neighborhood": "North Oakland", "tree_id": "t00693" }, "geometry": { "type": "Point", "coordinates": [ -79.95315697, 40.4495686 ] } },
{ "type": "Feature", "properties": { "common_name": "Dogwood: Flowering", "condition": "Fair", "height": 1.8288, "width": 0.3048, "crown_r_m": 1.0, "crown_h_m": 1.5, "height_imputed": false, "width_imputed": false, "neighborhood": "North Oakland", "tree_id": "t00694" }, "geometry": { "type": "Point", "coordinates": [ -79.95299559, 40.44921225 ] } },
{ "type": "Feature", "properties": { "common_name": "Dogwood: Flowering", "condition": "Fair", "height": 1.8288, "width": 0.3048, "crown_r_m": 1.0, "crown_h_m": 1.5, "height_imputed": false, "width_imputed": false, "neighborhood": "North Oakland", "tree_id": "t00695" }, "geometry": { "type": "Point", "coordinates": [ -79.95289735, 40.44898845 ] } },
{ "type": "Feature", "properties": { "common_name": "Maple: Sycamore", "condition": "Fair", "height": 16.764, "width": 3.048, "crown_r_m": 1.524, "crown_h_m": 10.8966, "height_imputed": false, "width_imputed": false, "neighborhood": "North Oakland", "tree_id": "t00696" }, "geometry": { "type": "Point", "coordinates": [ -79.95535689, 40.44905279 ] } },
{ "type": "Feature", "properties": { "common_name": "Oak: Northern Red", "condition": "Fair", "height": 18.288, "width": 3.6576, "crown_r_m": 1.8288, "crown_h_m": 11.8872, "height_imputed": false, "width_imputed": false, "neighborhood": "North Oakland", "tree_id": "t00697" }, "geometry": { "type": "Point", "coordinates": [ -79.95507497, 40.44881255 ] } },
{ "type": "Feature", "properties": { "common_name": "Oak: Northern Red", "condition": "Fair", "height": 18.288, "width": 3.048, "crown_r_m": 1.524, "crown_h_m": 11.8872, "height_imputed": false, "width_imputed": false, "neighborhood": "North Oakland", "tree_id": "t00698" }, "geometry": { "type": "Point", "coordinates": [ -79.95391009, 40.44787895 ] } },
{ "type": "Feature", "properties": { "common_name": "Oak: Swamp White", "condition": "Good", "height": 3.6576, "width": 1.2192, "crown_r_m": 1.0, "crown_h_m": 2.37744, "height_imputed": false, "width_imputed": false, "neighborhood": "Central Oakland", "tree_id": "t00699" }, "geometry": { "type": "Point", "coordinates": [ -79.95750579, 40.43860396 ] } },
{ "type": "Feature", "properties": { "common_name": "Oak: Swamp White", "condition": "Fair", "height": 3.048, "width": 1.2192, "crown_r_m": 1.0, "crown_h_m": 1.9812, "height_imputed": false, "width_imputed": false, "neighborhood": "Central Oakland", "tree_id": "t00700" }, "geometry": { "type": "Point", "coordinates": [ -79.95741961, 40.43866786 ] } },
{ "type": "Feature", "properties": { "common_name": "Oak: Swamp White", "condition": "Good", "height": 3.048, "width": 1.524, "crown_r_m": 1.0, "crown_h_m": 1.9812, "height_imputed": false, "width_imputed": false, "neighborhood": "Central Oakland", "tree_id": "t00701" }, "geometry": { "type": "Point", "coordinates": [ -79.9573481, 40.43872318 ] } },
{ "type": "Feature", "properties": { "common_name": "Oak: Swamp White", "condition": "Good", "height": 3.6576, "width": 1.524, "crown_r_m": 1.0, "crown_h_m": 2.37744, "height_imputed": false, "width_imputed": false, "neighborhood": "Central Oakland", "tree_id": "t00702" }, "geometry": { "type": "Point", "coordinates": [ -79.95728859, 40.43877204 ] } },
{ "type": "Feature", "properties": { "common_name": "Redcedar: Eastern", "condition": "Good", "height": 2.7432, "width": 0.6096, "crown_r_m": 1.0, "crown_h_m": 1.78308, "height_imputed": false, "width_imputed": false, "neighborhood": "North Oakland", "tree_id": "t00703" }, "geometry": { "type": "Point", "coordinates": [ -79.95573986, 40.44919498 ] } },
{ "type": "Feature", "properties": { "common_name": "Arborvitae: Eastern", "condition": "Good", "height": 2.1336, "width": 0.3048, "crown_r_m": 1.0, "crown_h_m": 1.5, "height_imputed": false, "width_imputed": false, "neighborhood": "North Oakland", "tree_id": "t00704" }, "geometry": { "type": "Point", "coordinates": [ -79.95645075, 40.44850534 ] } },
{ "type": "Feature", "properties": { "common_name": "Elm: American", "condition": "Good", "height": 10.668, "width": 1.8288, "crown_r_m": 1.0, "crown_h_m": 6.9342, "height_imputed": false, "width_imputed": false, "neighborhood": "North Oakland", "tree_id": "t00705" }, "geometry": { "type": "Point", "coordinates": [ -79.95541533, 40.44749498 ] } },
{ "type": "Feature", "properties": { "common_name": "Honeylocust: Thornless", "condition": "Fair", "height": 7.62, "width": 2.1336, "crown_r_m": 1.0668, "crown_h_m": 4.953, "height_imputed": false, "width_imputed": false, "neighborhood": "North Oakland", "tree_id": "t00706" }, "geometry": { "type": "Point", "coordinates": [ -79.94913232, 40.444420130000012 ] } },
{ "type": "Feature", "properties": { "common_name": "Honeylocust: Thornless", "condition": "Poor", "height": 7.62, "width": 3.9624, "crown_r_m": 1.9812, "crown_h_m": 4.953, "height_imputed": false, "width_imputed": false, "neighborhood": "North Oakland", "tree_id": "t00707" }, "geometry": { "type": "Point", "coordinates": [ -79.94892256, 40.44447856 ] } },
{ "type": "Feature", "properties": { "common_name": "Pear: Callery", "condition": "Fair", "height": 6.7056, "width": 2.1336, "crown_r_m": 1.0668, "crown_h_m": 4.35864, "height_imputed": false, "width_imputed": false, "neighborhood": "North Oakland", "tree_id": "t00708" }, "geometry": { "type": "Point", "coordinates": [ -79.94881707, 40.44491823 ] } },
{ "type": "Feature", "properties": { "common_name": "Ginkgo", "condition": "Good", "height": 4.572, "width": 1.8288, "crown_r_m": 1.0, "crown_h_m": 2.9718, "height_imputed": false, "width_imputed": false, "neighborhood": "North Oakland", "tree_id": "t00709" }, "geometry": { "type": "Point", "coordinates": [ -79.94903347, 40.44670779 ] } },
{ "type": "Feature", "properties": { "common_name": "Oak: Pin", "condition": "Fair", "height": 13.716, "width": 4.572, "crown_r_m": 2.286, "crown_h_m": 8.9154, "height_imputed": false, "width_imputed": false, "neighborhood": "North Oakland", "tree_id": "t00710" }, "geometry": { "type": "Point", "coordinates": [ -79.947931110000013, 40.44640064 ] } },
{ "type": "Feature", "properties": { "common_name": "Maple: Amur", "condition": "Fair", "height": 3.048, "width": 1.524, "crown_r_m": 1.0, "crown_h_m": 1.9812, "height_imputed": false, "width_imputed": false, "neighborhood": "North Oakland", "tree_id": "t00711" }, "geometry": { "type": "Point", "coordinates": [ -79.94854739, 40.4463597 ] } },
{ "type": "Feature", "properties": { "common_name": "Pear: Callery", "condition": "Fair", "height": 6.096, "width": 1.8288, "crown_r_m": 1.0, "crown_h_m": 3.9624, "height_imputed": false, "width_imputed": false, "neighborhood": "North Oakland", "tree_id": "t00712" }, "geometry": { "type": "Point", "coordinates": [ -79.94872766, 40.445588979999989 ] } },
{ "type": "Feature", "properties": { "common_name": "Pear: Callery", "condition": "Fair", "height": 10.668, "width": 2.7432, "crown_r_m": 1.3716, "crown_h_m": 6.9342, "height_imputed": false, "width_imputed": false, "neighborhood": "North Oakland", "tree_id": "t00713" }, "geometry": { "type": "Point", "coordinates": [ -79.94778876, 40.44531411 ] } },
{ "type": "Feature", "properties": { "common_name": "Hornbeam: American", "condition": "Poor", "height": 3.048, "width": 1.524, "crown_r_m": 1.0, "crown_h_m": 1.9812, "height_imputed": false, "width_imputed": false, "neighborhood": "North Oakland", "tree_id": "t00714" }, "geometry": { "type": "Point", "coordinates": [ -79.94788634, 40.445309 ] } },
{ "type": "Feature", "properties": { "common_name": "Hornbeam: European", "condition": "Good", "height": 4.572, "width": 1.524, "crown_r_m": 1.0, "crown_h_m": 2.9718, "height_imputed": false, "width_imputed": false, "neighborhood": "North Oakland", "tree_id": "t00715" }, "geometry": { "type": "Point", "coordinates": [ -79.95348906, 40.44347633 ] } },
{ "type": "Feature", "properties": { "common_name": "Hornbeam: European", "condition": "Good", "height": 3.048, "width": 1.2192, "crown_r_m": 1.0, "crown_h_m": 1.9812, "height_imputed": false, "width_imputed": false, "neighborhood": "North Oakland", "tree_id": "t00716" }, "geometry": { "type": "Point", "coordinates": [ -79.95349565, 40.44338987 ] } },
{ "type": "Feature", "properties": { "common_name": "Maple: Norway", "condition": "Fair", "height": 12.192, "width": 2.4384, "crown_r_m": 1.2192, "crown_h_m": 7.9248, "height_imputed": false, "width_imputed": false, "neighborhood": "Central Oakland", "tree_id": "t00717" }, "geometry": { "type": "Point", "coordinates": [ -79.951703330000015, 40.44040724 ] } },
{ "type": "Feature", "properties": { "common_name": "Maple: Norway", "condition": "Fair", "height": 13.716, "width": 6.096, "crown_r_m": 3.048, "crown_h_m": 8.9154, "height_imputed": false, "width_imputed": false, "neighborhood": "Central Oakland", "tree_id": "t00718" }, "geometry": { "type": "Point", "coordinates": [ -79.95188847, 40.44039892 ] } },
{ "type": "Feature", "properties": { "common_name": "Maple: Tatarian", "condition": "Poor", "height": 3.048, "width": 1.524, "crown_r_m": 1.0, "crown_h_m": 1.9812, "height_imputed": false, "width_imputed": false, "neighborhood": "Central Oakland", "tree_id": "t00719" }, "geometry": { "type": "Point", "coordinates": [ -79.95572119, 40.43961081 ] } },
{ "type": "Feature", "properties": { "common_name": "Linden: Littleleaf", "condition": "Good", "height": 13.716, "width": 7.62, "crown_r_m": 3.81, "crown_h_m": 8.9154, "height_imputed": false, "width_imputed": false, "neighborhood": "Central Oakland", "tree_id": "t00720" }, "geometry": { "type": "Point", "coordinates": [ -79.95533213, 40.43928845 ] } },
{ "type": "Feature", "properties": { "common_name": "Linden: Littleleaf", "condition": "Fair", "height": 10.668, "width": 3.048, "crown_r_m": 1.524, "crown_h_m": 6.9342, "height_imputed": false, "width_imputed": false, "neighborhood": "Central Oakland", "tree_id": "t00721" }, "geometry": { "type": "Point", "coordinates": [ -79.95492619, 40.43898322 ] } },
{ "type": "Feature", "properties": { "common_name": "Pear: Callery", "condition": "Fair", "height": 7.62, "width": 2.4384, "crown_r_m": 1.2192, "crown_h_m": 4.953, "height_imputed": false, "width_imputed": false, "neighborhood": "Central Oakland", "tree_id": "t00722" }, "geometry": { "type": "Point", "coordinates": [ -79.95407596, 40.438313219999984 ] } },
{ "type": "Feature", "properties": { "common_name": "Pear: Callery", "condition": "Fair", "height": 7.62, "width": 1.8288, "crown_r_m": 1.0, "crown_h_m": 4.953, "height_imputed": false, "width_imputed": false, "neighborhood": "Central Oakland", "tree_id": "t00723" }, "geometry": { "type": "Point", "coordinates": [ -79.95393904, 40.4382086 ] } },
{ "type": "Feature", "properties": { "common_name": "Honeylocust: Thornless", "condition": "Good", "height": 6.096, "width": 2.1336, "crown_r_m": 1.0668, "crown_h_m": 3.9624, "height_imputed": false, "width_imputed": false, "neighborhood": "Central Oakland", "tree_id": "t00724" }, "geometry": { "type": "Point", "coordinates": [ -79.95586275, 40.44155356 ] } },
{ "type": "Feature", "properties": { "common_name": "Linden: Littleleaf", "condition": "Poor", "height": 6.096, "width": 2.7432, "crown_r_m": 1.3716, "crown_h_m": 3.9624, "height_imputed": false, "width_imputed": false, "neighborhood": "Central Oakland", "tree_id": "t00725" }, "geometry": { "type": "Point", "coordinates": [ -79.95507837, 40.43895134 ] } },
{ "type": "Feature", "properties": { "common_name": "Pear: Callery", "condition": "Fair", "height": 7.62, "width": 2.4384, "crown_r_m": 1.2192, "crown_h_m": 4.953, "height_imputed": false, "width_imputed": false, "neighborhood": "Central Oakland", "tree_id": "t00726" }, "geometry": { "type": "Point", "coordinates": [ -79.95535889, 40.43917898 ] } },
{ "type": "Feature", "properties": { "common_name": "Oak: Northern Red", "condition": "Poor", "height": 12.192, "width": 3.6576, "crown_r_m": 1.8288, "crown_h_m": 7.9248, "height_imputed": false, "width_imputed": false, "neighborhood": "Central Oakland", "tree_id": "t00727" }, "geometry": { "type": "Point", "coordinates": [ -79.95705884, 40.43793657 ] } },
{ "type": "Feature", "properties": { "common_name": "Maple: Norway", "condition": "Fair", "height": 12.192, "width": 3.6576, "crown_r_m": 1.8288, "crown_h_m": 7.9248, "height_imputed": false, "width_imputed": false, "neighborhood": "Central Oakland", "tree_id": "t00728" }, "geometry": { "type": "Point", "coordinates": [ -79.95622169, 40.43727137 ] } },
{ "type": "Feature", "properties": { "common_name": "Maple: Norway", "condition": "Poor", "height": 10.668, "width": 2.4384, "crown_r_m": 1.2192, "crown_h_m": 6.9342, "height_imputed": false, "width_imputed": false, "neighborhood": "Central Oakland", "tree_id": "t00729" }, "geometry": { "type": "Point", "coordinates": [ -79.95594113, 40.437039819999988 ] } },
{ "type": "Feature", "properties": { "common_name": "Elm: spp.", "condition": "Good", "height": 6.096, "width": 2.1336, "crown_r_m": 1.0668, "crown_h_m": 3.9624, "height_imputed": false, "width_imputed": false, "neighborhood": "West Oakland", "tree_id": "t00730" }, "geometry": { "type": "Point", "coordinates": [ -79.95834541, 40.44204369 ] } },
{ "type": "Feature", "properties": { "common_name": "Maple: Red", "condition": "Fair", "height": 10.668, "width": 2.7432, "crown_r_m": 1.3716, "crown_h_m": 6.9342, "height_imputed": false, "width_imputed": false, "neighborhood": "North Oakland", "tree_id": "t00731" }, "geometry": { "type": "Point", "coordinates": [ -79.95765167, 40.44490599 ] } },
{ "type": "Feature", "properties": { "common_name": "Maple: Freeman", "condition": "Good", "height": 12.192, "width": 2.4384, "crown_r_m": 1.2192, "crown_h_m": 7.9248, "height_imputed": false, "width_imputed": false, "neighborhood": "North Oakland", "tree_id": "t00732" }, "geometry": { "type": "Point", "coordinates": [ -79.95743809, 40.44506575 ] } },
{ "type": "Feature", "properties": { "common_name": "Maple: Red", "condition": "Good", "height": 10.668, "width": 2.7432, "crown_r_m": 1.3716, "crown_h_m": 6.9342, "height_imputed": false, "width_imputed": false, "neighborhood": "North Oakland", "tree_id": "t00733" }, "geometry": { "type": "Point", "coordinates": [ -79.9573384, 40.44513274 ] } },
{ "type": "Feature", "properties": { "common_name": "Maple: Red", "condition": "Good", "height": 12.192, "width": 2.4384, "crown_r_m": 1.2192, "crown_h_m": 7.9248, "height_imputed": false, "width_imputed": false, "neighborhood": "North Oakland", "tree_id": "t00734" }, "geometry": { "type": "Point", "coordinates": [ -79.95726007, 40.4451891 ] } },
{ "type": "Feature", "properties": { "common_name": "Pear: Callery", "condition": "Fair", "height": 12.192, "width": 3.048, "crown_r_m": 1.524, "crown_h_m": 7.9248, "height_imputed": false, "width_imputed": false, "neighborhood": "North Oakland", "tree_id": "t00735" }, "geometry": { "type": "Point", "coordinates": [ -79.95712161, 40.44529638 ] } },
{ "type": "Feature", "properties": { "common_name": "Pear: Callery", "condition": "Good", "height": 10.668, "width": 2.4384, "crown_r_m": 1.2192, "crown_h_m": 6.9342, "height_imputed": false, "width_imputed": false, "neighborhood": "North Oakland", "tree_id": "t00736" }, "geometry": { "type": "Point", "coordinates": [ -79.95695549, 40.445425889999989 ] } },
{ "type": "Feature", "properties": { "common_name": "Oak: Pin", "condition": "Good", "height": 18.288, "width": 4.572, "crown_r_m": 2.286, "crown_h_m": 11.8872, "height_imputed": false, "width_imputed": false, "neighborhood": "North Oakland", "tree_id": "t00737" }, "geometry": { "type": "Point", "coordinates": [ -79.95572847, 40.446391189999986 ] } },
{ "type": "Feature", "properties": { "common_name": "Oak: Northern Red", "condition": "Fair", "height": 9.144, "width": 2.1336, "crown_r_m": 1.0668, "crown_h_m": 5.9436, "height_imputed": false, "width_imputed": false, "neighborhood": "Central Oakland", "tree_id": "t00738" }, "geometry": { "type": "Point", "coordinates": [ -79.95629005, 40.43717365 ] } },
{ "type": "Feature", "properties": { "common_name": "Zelkova: Japanese", "condition": "Good", "height": 7.62, "width": 2.4384, "crown_r_m": 1.2192, "crown_h_m": 4.953, "height_imputed": false, "width_imputed": false, "neighborhood": "Central Oakland", "tree_id": "t00739" }, "geometry": { "type": "Point", "coordinates": [ -79.96011414, 40.43900582 ] } },
{ "type": "Feature", "properties": { "common_name": "Zelkova: Japanese", "condition": "Good", "height": 7.62, "width": 2.4384, "crown_r_m": 1.2192, "crown_h_m": 4.953, "height_imputed": false, "width_imputed": false, "neighborhood": "Central Oakland", "tree_id": "t00740" }, "geometry": { "type": "Point", "coordinates": [ -79.96006421, 40.43896663 ] } },
{ "type": "Feature", "properties": { "common_name": "Zelkova: Japanese", "condition": "Good", "height": 3.6576, "width": 1.8288, "crown_r_m": 1.0, "crown_h_m": 2.37744, "height_imputed": false, "width_imputed": false, "neighborhood": "Central Oakland", "tree_id": "t00741" }, "geometry": { "type": "Point", "coordinates": [ -79.96006379, 40.43881723 ] } },
{ "type": "Feature", "properties": { "common_name": "Lilac: Japanese Tree", "condition": "Fair", "height": 3.048, "width": 1.2192, "crown_r_m": 1.0, "crown_h_m": 1.9812, "height_imputed": false, "width_imputed": false, "neighborhood": "Central Oakland", "tree_id": "t00742" }, "geometry": { "type": "Point", "coordinates": [ -79.95618672, 40.439872350000016 ] } },
{ "type": "Feature", "properties": { "common_name": "Lilac: Japanese Tree", "condition": "Poor", "height": 2.1336, "width": 1.524, "crown_r_m": 1.0, "crown_h_m": 1.5, "height_imputed": false, "width_imputed": false, "neighborhood": "Central Oakland", "tree_id": "t00743" }, "geometry": { "type": "Point", "coordinates": [ -79.95624609, 40.43992239 ] } },
{ "type": "Feature", "properties": { "common_name": "Pear: Common", "condition": "Critical", "height": 4.572, "width": 3.048, "crown_r_m": 1.524, "crown_h_m": 2.9718, "height_imputed": false, "width_imputed": false, "neighborhood": "Central Oakland", "tree_id": "t00744" }, "geometry": { "type": "Point", "coordinates": [ -79.9545391, 40.44284746 ] } },
{ "type": "Feature", "properties": { "common_name": "Linden: Littleleaf", "condition": "Fair", "height": 9.144, "width": 3.048, "crown_r_m": 1.524, "crown_h_m": 5.9436, "height_imputed": false, "width_imputed": false, "neighborhood": "Squirrel Hill North", "tree_id": "t00745" }, "geometry": { "type": "Point", "coordinates": [ -79.94089219, 40.44419762 ] } },
{ "type": "Feature", "properties": { "common_name": "Oak: Swamp White", "condition": "Good", "height": 3.048, "width": 0.9144, "crown_r_m": 1.0, "crown_h_m": 1.9812, "height_imputed": false, "width_imputed": false, "neighborhood": "North Oakland", "tree_id": "t00746" }, "geometry": { "type": "Point", "coordinates": [ -79.95425581, 40.45236366 ] } },
{ "type": "Feature", "properties": { "common_name": "Sweetgum: American", "condition": "Good", "height": 3.9624, "width": 0.9144, "crown_r_m": 1.0, "crown_h_m": 2.57556, "height_imputed": false, "width_imputed": false, "neighborhood": "North Oakland", "tree_id": "t00747" }, "geometry": { "type": "Point", "coordinates": [ -79.95433263, 40.45217329 ] } },
{ "type": "Feature", "properties": { "common_name": "Maple: Norway", "condition": "Fair", "height": 10.668, "width": 7.62, "crown_r_m": 3.81, "crown_h_m": 6.9342, "height_imputed": false, "width_imputed": false, "neighborhood": "North Oakland", "tree_id": "t00748" }, "geometry": { "type": "Point", "coordinates": [ -79.954179950000011, 40.45136246 ] } },
{ "type": "Feature", "properties": { "common_name": "Maple: Norway", "condition": "Poor", "height": 6.096, "width": 2.4384, "crown_r_m": 1.2192, "crown_h_m": 3.9624, "height_imputed": false, "width_imputed": false, "neighborhood": "North Oakland", "tree_id": "t00749" }, "geometry": { "type": "Point", "coordinates": [ -79.95406203, 40.45136258 ] } },
{ "type": "Feature", "properties": { "common_name": "Maple: Norway", "condition": "Critical", "height": 4.572, "width": 2.1336, "crown_r_m": 1.0668, "crown_h_m": 2.9718, "height_imputed": false, "width_imputed": false, "neighborhood": "North Oakland", "tree_id": "t00750" }, "geometry": { "type": "Point", "coordinates": [ -79.95402528, 40.45137463 ] } },
{ "type": "Feature", "properties": { "common_name": "Hackberry: Common", "condition": "Fair", "height": 2.4384, "width": 1.524, "crown_r_m": 1.0, "crown_h_m": 1.58496, "height_imputed": false, "width_imputed": false, "neighborhood": "North Oakland", "tree_id": "t00751" }, "geometry": { "type": "Point", "coordinates": [ -79.95297053, 40.453266739999989 ] } },
{ "type": "Feature", "properties": { "common_name": "Ginkgo", "condition": "Good", "height": 2.7432, "width": 0.9144, "crown_r_m": 1.0, "crown_h_m": 1.78308, "height_imputed": false, "width_imputed": false, "neighborhood": "Terrace Village", "tree_id": "t00752" }, "geometry": { "type": "Point", "coordinates": [ -79.96600218, 40.44449479 ] } },
{ "type": "Feature", "properties": { "common_name": "Ginkgo", "condition": "Fair", "height": 3.048, "width": 1.524, "crown_r_m": 1.0, "crown_h_m": 1.9812, "height_imputed": false, "width_imputed": false, "neighborhood": "Terrace Village", "tree_id": "t00753" }, "geometry": { "type": "Point", "coordinates": [ -79.965888400000011, 40.44456232 ] } },
{ "type": "Feature", "properties": { "common_name": "Ginkgo", "condition": "Fair", "height": 3.048, "width": 0.9144, "crown_r_m": 1.0, "crown_h_m": 1.9812, "height_imputed": false, "width_imputed": false, "neighborhood": "Terrace Village", "tree_id": "t00754" }, "geometry": { "type": "Point", "coordinates": [ -79.96566096, 40.44470358 ] } },
{ "type": "Feature", "properties": { "common_name": "Ginkgo", "condition": "Fair", "height": 3.6576, "width": 1.524, "crown_r_m": 1.0, "crown_h_m": 2.37744, "height_imputed": false, "width_imputed": false, "neighborhood": "Terrace Village", "tree_id": "t00755" }, "geometry": { "type": "Point", "coordinates": [ -79.96556284, 40.44476898 ] } },
{ "type": "Feature", "properties": { "common_name": "Maple: Red", "condition": "Fair", "height": 4.572, "width": 1.524, "crown_r_m": 1.0, "crown_h_m": 2.9718, "height_imputed": false, "width_imputed": false, "neighborhood": "Terrace Village", "tree_id": "t00756" }, "geometry": { "type": "Point", "coordinates": [ -79.96885679, 40.44239997 ] } },
{ "type": "Feature", "properties": { "common_name": "Maple: Red", "condition": "Good", "height": 6.096, "width": 1.524, "crown_r_m": 1.0, "crown_h_m": 3.9624, "height_imputed": false, "width_imputed": false, "neighborhood": "Terrace Village", "tree_id": "t00757" }, "geometry": { "type": "Point", "coordinates": [ -79.96877994, 40.44244255 ] } },
{ "type": "Feature", "properties": { "common_name": "Maple: Red", "condition": "Fair", "height": 4.572, "width": 1.8288, "crown_r_m": 1.0, "crown_h_m": 2.9718, "height_imputed": false, "width_imputed": false, "neighborhood": "Terrace Village", "tree_id": "t00758" }, "geometry": { "type": "Point", "coordinates": [ -79.96857497, 40.44244503 ] } },
{ "type": "Feature", "properties": { "common_name": "Maple: Red", "condition": "Fair", "height": 4.572, "width": 1.8288, "crown_r_m": 1.0, "crown_h_m": 2.9718, "height_imputed": false, "width_imputed": false, "neighborhood": "Terrace Village", "tree_id": "t00759" }, "geometry": { "type": "Point", "coordinates": [ -79.96877841, 40.44227348 ] } },
{ "type": "Feature", "properties": { "common_name": "Maple: Red", "condition": "Poor", "height": 4.2672, "width": 1.524, "crown_r_m": 1.0, "crown_h_m": 2.77368, "height_imputed": false, "width_imputed": false, "neighborhood": "Terrace Village", "tree_id": "t00760" }, "geometry": { "type": "Point", "coordinates": [ -79.96896081, 40.44212822 ] } },
{ "type": "Feature", "properties": { "common_name": "Tree-of-Heaven", "condition": "Fair", "height": 16.764, "width": 3.048, "crown_r_m": 1.524, "crown_h_m": 10.8966, "height_imputed": false, "width_imputed": false, "neighborhood": "Middle Hill", "tree_id": "t00761" }, "geometry": { "type": "Point", "coordinates": [ -79.96880045, 40.44843389 ] } },
{ "type": "Feature", "properties": { "common_name": "Maple: Red", "condition": "Poor", "height": 6.096, "width": 2.4384, "crown_r_m": 1.2192, "crown_h_m": 3.9624, "height_imputed": false, "width_imputed": false, "neighborhood": "Middle Hill", "tree_id": "t00762" }, "geometry": { "type": "Point", "coordinates": [ -79.96833125, 40.44833647 ] } },
{ "type": "Feature", "properties": { "common_name": "Elm: American", "condition": "Fair", "height": 18.288, "width": 6.096, "crown_r_m": 3.048, "crown_h_m": 11.8872, "height_imputed": false, "width_imputed": false, "neighborhood": "Middle Hill", "tree_id": "t00763" }, "geometry": { "type": "Point", "coordinates": [ -79.96759098, 40.44736734 ] } },
{ "type": "Feature", "properties": { "common_name": "Honeylocust: Thornless", "condition": "Good", "height": 7.62, "width": 2.4384, "crown_r_m": 1.2192, "crown_h_m": 4.953, "height_imputed": false, "width_imputed": false, "neighborhood": "North Oakland", "tree_id": "t00764" }, "geometry": { "type": "Point", "coordinates": [ -79.95349797, 40.451505989999987 ] } },
{ "type": "Feature", "properties": { "common_name": "Ginkgo", "condition": "Good", "height": 3.3528, "width": 1.2192, "crown_r_m": 1.0, "crown_h_m": 2.17932, "height_imputed": false, "width_imputed": false, "neighborhood": "North Oakland", "tree_id": "t00765" }, "geometry": { "type": "Point", "coordinates": [ -79.95012217, 40.45252956 ] } },
{ "type": "Feature", "properties": { "common_name": "Honeylocust: Thornless", "condition": "Fair", "height": 6.7056, "width": 2.1336, "crown_r_m": 1.0668, "crown_h_m": 4.35864, "height_imputed": false, "width_imputed": false, "neighborhood": "North Oakland", "tree_id": "t00766" }, "geometry": { "type": "Point", "coordinates": [ -79.95007944, 40.45240553 ] } },
{ "type": "Feature", "properties": { "common_name": "Linden: Silver", "condition": "Good", "height": 3.6576, "width": 1.524, "crown_r_m": 1.0, "crown_h_m": 2.37744, "height_imputed": false, "width_imputed": false, "neighborhood": "North Oakland", "tree_id": "t00767" }, "geometry": { "type": "Point", "coordinates": [ -79.95114862, 40.45208903000001 ] } },
{ "type": "Feature", "properties": { "common_name": "Ash: Green", "condition": "Critical", "height": 6.096, "width": 2.1336, "crown_r_m": 1.0668, "crown_h_m": 3.9624, "height_imputed": false, "width_imputed": false, "neighborhood": "Upper Hill", "tree_id": "t00768" }, "geometry": { "type": "Point", "coordinates": [ -79.95793627, 40.45106122 ] } },
{ "type": "Feature", "properties": { "common_name": "Linden: Littleleaf", "condition": "Good", "height": 13.716, "width": 4.572, "crown_r_m": 2.286, "crown_h_m": 8.9154, "height_imputed": false, "width_imputed": false, "neighborhood": "Upper Hill", "tree_id": "t00769" }, "geometry": { "type": "Point", "coordinates": [ -79.95705395, 40.451671050000016 ] } },
{ "type": "Feature", "properties": { "common_name": "Pear: Callery", "condition": "Fair", "height": 6.096, "width": 1.8288, "crown_r_m": 1.0, "crown_h_m": 3.9624, "height_imputed": false, "width_imputed": false, "neighborhood": "Upper Hill", "tree_id": "t00770" }, "geometry": { "type": "Point", "coordinates": [ -79.95736483, 40.45132125 ] } },
{ "type": "Feature", "properties": { "common_name": "Maple: Norway", "condition": "Fair", "height": 9.144, "width": 2.1336, "crown_r_m": 1.0668, "crown_h_m": 5.9436, "height_imputed": false, "width_imputed": false, "neighborhood": "Upper Hill", "tree_id": "t00771" }, "geometry": { "type": "Point", "coordinates": [ -79.95743654, 40.45100815 ] } },
{ "type": "Feature", "properties": { "common_name": "Linden: Littleleaf", "condition": "Critical", "height": 10.668, "width": 2.7432, "crown_r_m": 1.3716, "crown_h_m": 6.9342, "height_imputed": false, "width_imputed": false, "neighborhood": "Upper Hill", "tree_id": "t00772" }, "geometry": { "type": "Point", "coordinates": [ -79.95747885, 40.450942369999986 ] } },
{ "type": "Feature", "properties": { "common_name": "Pine: Eastern White", "condition": "Poor", "height": 4.572, "width": 2.4384, "crown_r_m": 1.2192, "crown_h_m": 2.9718, "height_imputed": false, "width_imputed": false, "neighborhood": "Upper Hill", "tree_id": "t00773" }, "geometry": { "type": "Point", "coordinates": [ -79.96372369, 40.4507044 ] } },
{ "type": "Feature", "properties": { "common_name": "Tree-of-Heaven", "condition": "Critical", "height": 12.192, "width": 10.668, "crown_r_m": 5.334, "crown_h_m": 7.9248, "height_imputed": false, "width_imputed": false, "neighborhood": "Upper Hill", "tree_id": "t00774" }, "geometry": { "type": "Point", "coordinates": [ -79.96372713, 40.45068859 ] } },
{ "type": "Feature", "properties": { "common_name": "Locust: Black", "condition": "Fair", "height": 7.62, "width": 4.572, "crown_r_m": 2.286, "crown_h_m": 4.953, "height_imputed": false, "width_imputed": false, "neighborhood": "Upper Hill", "tree_id": "t00775" }, "geometry": { "type": "Point", "coordinates": [ -79.96373235, 40.4505577 ] } },
{ "type": "Feature", "properties": { "common_name": "Pine: Austrian", "condition": "Fair", "height": 9.144, "width": 2.1336, "crown_r_m": 1.0668, "crown_h_m": 5.9436, "height_imputed": false, "width_imputed": false, "neighborhood": "Upper Hill", "tree_id": "t00776" }, "geometry": { "type": "Point", "coordinates": [ -79.96485961, 40.45045704 ] } },
{ "type": "Feature", "properties": { "common_name": "Honeylocust: Thornless", "condition": "Critical", "height": 4.572, "width": 1.8288, "crown_r_m": 1.0, "crown_h_m": 2.9718, "height_imputed": false, "width_imputed": false, "neighborhood": "Shadyside", "tree_id": "t00777" }, "geometry": { "type": "Point", "coordinates": [ -79.94419499, 40.45416666 ] } },
{ "type": "Feature", "properties": { "common_name": "Honeylocust: Thornless", "condition": "Good", "height": 6.096, "width": 2.1336, "crown_r_m": 1.0668, "crown_h_m": 3.9624, "height_imputed": false, "width_imputed": false, "neighborhood": "Shadyside", "tree_id": "t00778" }, "geometry": { "type": "Point", "coordinates": [ -79.94656117, 40.45344223 ] } },
{ "type": "Feature", "properties": { "common_name": "Oak: Swamp White", "condition": "Good", "height": 4.572, "width": 1.524, "crown_r_m": 1.0, "crown_h_m": 2.9718, "height_imputed": false, "width_imputed": false, "neighborhood": "Bloomfield", "tree_id": "t00779" }, "geometry": { "type": "Point", "coordinates": [ -79.947106510000012, 40.45343037 ] } },
{ "type": "Feature", "properties": { "common_name": "Oak: Swamp White", "condition": "Fair", "height": 3.6576, "width": 1.8288, "crown_r_m": 1.0, "crown_h_m": 2.37744, "height_imputed": false, "width_imputed": false, "neighborhood": "Bloomfield", "tree_id": "t00780" }, "geometry": { "type": "Point", "coordinates": [ -79.94698658, 40.4534715 ] } },
{ "type": "Feature", "properties": { "common_name": "Linden: Littleleaf", "condition": "Fair", "height": 3.048, "width": 1.524, "crown_r_m": 1.0, "crown_h_m": 1.9812, "height_imputed": false, "width_imputed": false, "neighborhood": "Bloomfield", "tree_id": "t00781" }, "geometry": { "type": "Point", "coordinates": [ -79.945577080000021, 40.45390097 ] } },
{ "type": "Feature", "properties": { "common_name": "Crabapple: Flowering", "condition": "Good", "height": 4.8768, "width": 1.2192, "crown_r_m": 1.0, "crown_h_m": 3.16992, "height_imputed": false, "width_imputed": false, "neighborhood": "Bloomfield", "tree_id": "t00782" }, "geometry": { "type": "Point", "coordinates": [ -79.94485221, 40.4544971 ] } },
{ "type": "Feature", "properties": { "common_name": "Elm: American", "condition": "Fair", "height": 3.048, "width": 1.8288, "crown_r_m": 1.0, "crown_h_m": 1.9812, "height_imputed": false, "width_imputed": false, "neighborhood": "Bloomfield", "tree_id": "t00783" }, "geometry": { "type": "Point", "coordinates": [ -79.94737983, 40.453623730000011 ] } },
{ "type": "Feature", "properties": { "common_name": "Linden: Littleleaf", "condition": "Poor", "height": 7.62, "width": 2.4384, "crown_r_m": 1.2192, "crown_h_m": 4.953, "height_imputed": false, "width_imputed": false, "neighborhood": "Bloomfield", "tree_id": "t00784" }, "geometry": { "type": "Point", "coordinates": [ -79.94941954, 40.45273385 ] } },
{ "type": "Feature", "properties": { "common_name": "Linden: Littleleaf", "condition": "Fair", "height": 9.144, "width": 3.048, "crown_r_m": 1.524, "crown_h_m": 5.9436, "height_imputed": false, "width_imputed": false, "neighborhood": "Bloomfield", "tree_id": "t00785" }, "geometry": { "type": "Point", "coordinates": [ -79.94924795, 40.452782909999989 ] } },
{ "type": "Feature", "properties": { "common_name": "Honeylocust: Thornless", "condition": "Fair", "height": 7.62, "width": 2.4384, "crown_r_m": 1.2192, "crown_h_m": 4.953, "height_imputed": false, "width_imputed": false, "neighborhood": "Central Oakland", "tree_id": "t00786" }, "geometry": { "type": "Point", "coordinates": [ -79.95675865, 40.44034139 ] } },
{ "type": "Feature", "properties": { "common_name": "Honeylocust: Thornless", "condition": "Poor", "height": 4.572, "width": 2.1336, "crown_r_m": 1.0668, "crown_h_m": 2.9718, "height_imputed": false, "width_imputed": false, "neighborhood": "Central Oakland", "tree_id": "t00787" }, "geometry": { "type": "Point", "coordinates": [ -79.95627579, 40.44111291 ] } },
{ "type": "Feature", "properties": { "common_name": "Honeylocust: Thornless", "condition": "Fair", "height": 4.572, "width": 2.7432, "crown_r_m": 1.3716, "crown_h_m": 2.9718, "height_imputed": false, "width_imputed": false, "neighborhood": "Central Oakland", "tree_id": "t00788" }, "geometry": { "type": "Point", "coordinates": [ -79.95598663, 40.4411868 ] } },
{ "type": "Feature", "properties": { "common_name": "Honeylocust: Thornless", "condition": "Good", "height": 3.048, "width": 1.8288, "crown_r_m": 1.0, "crown_h_m": 1.9812, "height_imputed": false, "width_imputed": false, "neighborhood": "Central Oakland", "tree_id": "t00789" }, "geometry": { "type": "Point", "coordinates": [ -79.95586292, 40.44128798 ] } },
{ "type": "Feature", "properties": { "common_name": "Oak: Sawtooth", "condition": "Fair", "height": 3.3528, "width": 1.524, "crown_r_m": 1.0, "crown_h_m": 2.17932, "height_imputed": false, "width_imputed": false, "neighborhood": "North Oakland", "tree_id": "t00790" }, "geometry": { "type": "Point", "coordinates": [ -79.95364751, 40.45132518 ] } },
{ "type": "Feature", "properties": { "common_name": "Pear: Callery", "condition": "Good", "height": 9.144, "width": 3.6576, "crown_r_m": 1.8288, "crown_h_m": 5.9436, "height_imputed": false, "width_imputed": false, "neighborhood": "North Oakland", "tree_id": "t00791" }, "geometry": { "type": "Point", "coordinates": [ -79.95633264, 40.44983427 ] } },
{ "type": "Feature", "properties": { "common_name": "Linden: Littleleaf", "condition": "Good", "height": 7.62, "width": 2.4384, "crown_r_m": 1.2192, "crown_h_m": 4.953, "height_imputed": false, "width_imputed": false, "neighborhood": "Squirrel Hill North", "tree_id": "t00792" }, "geometry": { "type": "Point", "coordinates": [ -79.94710609, 40.44686073 ] } },
{ "type": "Feature", "properties": { "common_name": "Oak: Pin", "condition": "Good", "height": 8.8392, "width": 2.1336, "crown_r_m": 1.0668, "crown_h_m": 5.74548, "height_imputed": false, "width_imputed": false, "neighborhood": "Shadyside", "tree_id": "t00793" }, "geometry": { "type": "Point", "coordinates": [ -79.94119618, 40.45157229 ] } },
{ "type": "Feature", "properties": { "common_name": "Oak: Pin", "condition": "Good", "height": 9.144, "width": 2.1336, "crown_r_m": 1.0668, "crown_h_m": 5.9436, "height_imputed": false, "width_imputed": false, "neighborhood": "Shadyside", "tree_id": "t00794" }, "geometry": { "type": "Point", "coordinates": [ -79.94124265, 40.45164806 ] } },
{ "type": "Feature", "properties": { "common_name": "Oak: Pin", "condition": "Poor", "height": 18.288, "width": 6.7056, "crown_r_m": 3.3528, "crown_h_m": 11.8872, "height_imputed": false, "width_imputed": false, "neighborhood": "Shadyside", "tree_id": "t00795" }, "geometry": { "type": "Point", "coordinates": [ -79.94624719, 40.45312777 ] } },
{ "type": "Feature", "properties": { "common_name": "Elm: American", "condition": "Fair", "height": 3.6576, "width": 1.2192, "crown_r_m": 1.0, "crown_h_m": 2.37744, "height_imputed": false, "width_imputed": false, "neighborhood": "Shadyside", "tree_id": "t00796" }, "geometry": { "type": "Point", "coordinates": [ -79.94724096, 40.452141459999986 ] } },
{ "type": "Feature", "properties": { "common_name": "Magnolia: Sweetbay", "condition": "Fair", "height": 6.096, "width": 1.8288, "crown_r_m": 1.0, "crown_h_m": 3.9624, "height_imputed": false, "width_imputed": false, "neighborhood": "Shadyside", "tree_id": "t00797" }, "geometry": { "type": "Point", "coordinates": [ -79.94898643, 40.45121889 ] } },
{ "type": "Feature", "properties": { "common_name": "Zelkova: Japanese", "condition": "Fair", "height": 6.4008, "width": 1.8288, "crown_r_m": 1.0, "crown_h_m": 4.16052, "height_imputed": false, "width_imputed": false, "neighborhood": "Shadyside", "tree_id": "t00798" }, "geometry": { "type": "Point", "coordinates": [ -79.94814193, 40.44928162 ] } },
{ "type": "Feature", "properties": { "common_name": "Dogwood: Corneliancherry", "condition": "Fair", "height": 2.1336, "width": 1.2192, "crown_r_m": 1.0, "crown_h_m": 1.5, "height_imputed": false, "width_imputed": false, "neighborhood": "Shadyside", "tree_id": "t00799" }, "geometry": { "type": "Point", "coordinates": [ -79.9456562, 40.44997242 ] } },
{ "type": "Feature", "properties": { "common_name": "Honeylocust: Thornless", "condition": "Fair", "height": 3.9624, "width": 2.1336, "crown_r_m": 1.0668, "crown_h_m": 2.57556, "height_imputed": false, "width_imputed": false, "neighborhood": "South Oakland", "tree_id": "t00800" }, "geometry": { "type": "Point", "coordinates": [ -79.96330519, 40.43689813 ] } },
{ "type": "Feature", "properties": { "common_name": "Maple: Red", "condition": "Fair", "height": 9.144, "width": 3.048, "crown_r_m": 1.524, "crown_h_m": 5.9436, "height_imputed": false, "width_imputed": false, "neighborhood": "Shadyside", "tree_id": "t00801" }, "geometry": { "type": "Point", "coordinates": [ -79.94437376, 40.4515566 ] } },
{ "type": "Feature", "properties": { "common_name": "Maple: Sugar", "condition": "Fair", "height": 16.764, "width": 2.4384, "crown_r_m": 1.2192, "crown_h_m": 10.8966, "height_imputed": false, "width_imputed": false, "neighborhood": "Shadyside", "tree_id": "t00802" }, "geometry": { "type": "Point", "coordinates": [ -79.94468027, 40.44985122 ] } },
{ "type": "Feature", "properties": { "common_name": "Oak: Pin", "condition": "Fair", "height": 15.8496, "width": 6.096, "crown_r_m": 3.048, "crown_h_m": 10.30224, "height_imputed": false, "width_imputed": false, "neighborhood": "Shadyside", "tree_id": "t00803" }, "geometry": { "type": "Point", "coordinates": [ -79.94410701, 40.44769477 ] } },
{ "type": "Feature", "properties": { "common_name": "Maple: Norway", "condition": "Poor", "height": 13.716, "width": 3.9624, "crown_r_m": 1.9812, "crown_h_m": 8.9154, "height_imputed": false, "width_imputed": false, "neighborhood": "Shadyside", "tree_id": "t00804" }, "geometry": { "type": "Point", "coordinates": [ -79.94422672, 40.44760251000001 ] } },
{ "type": "Feature", "properties": { "common_name": "Maple: Red", "condition": "Fair", "height": 12.192, "width": 3.048, "crown_r_m": 1.524, "crown_h_m": 7.9248, "height_imputed": false, "width_imputed": false, "neighborhood": "Shadyside", "tree_id": "t00805" }, "geometry": { "type": "Point", "coordinates": [ -79.94461942, 40.4494521 ] } },
{ "type": "Feature", "properties": { "common_name": "Oak: Pin", "condition": "Fair", "height": 17.0688, "width": 6.096, "crown_r_m": 3.048, "crown_h_m": 11.09472, "height_imputed": false, "width_imputed": false, "neighborhood": "Shadyside", "tree_id": "t00806" }, "geometry": { "type": "Point", "coordinates": [ -79.94484127, 40.44993441 ] } },
{ "type": "Feature", "properties": { "common_name": "Crabapple: Flowering", "condition": "Good", "height": 2.7432, "width": 1.524, "crown_r_m": 1.0, "crown_h_m": 1.78308, "height_imputed": false, "width_imputed": false, "neighborhood": "West Oakland", "tree_id": "t00807" }, "geometry": { "type": "Point", "coordinates": [ -79.96530667, 40.44042075 ] } },
{ "type": "Feature", "properties": { "common_name": "Maple: Red", "condition": "Poor", "height": 6.096, "width": 2.1336, "crown_r_m": 1.0668, "crown_h_m": 3.9624, "height_imputed": false, "width_imputed": false, "neighborhood": "West Oakland", "tree_id": "t00808" }, "geometry": { "type": "Point", "coordinates": [ -79.964645110000021, 40.44052878 ] } },
{ "type": "Feature", "properties": { "common_name": "Elm: American", "condition": "Fair", "height": 12.192, "width": 5.4864, "crown_r_m": 2.7432, "crown_h_m": 7.9248, "height_imputed": false, "width_imputed": false, "neighborhood": "West Oakland", "tree_id": "t00809" }, "geometry": { "type": "Point", "coordinates": [ -79.96616042, 40.44124575 ] } },
{ "type": "Feature", "properties": { "common_name": "Maple: Red", "condition": "Fair", "height": 8.2296, "width": 2.1336, "crown_r_m": 1.0668, "crown_h_m": 5.34924, "height_imputed": false, "width_imputed": false, "neighborhood": "Shadyside", "tree_id": "t00810" }, "geometry": { "type": "Point", "coordinates": [ -79.94549608, 40.44991999 ] } },
{ "type": "Feature", "properties": { "common_name": "Honeylocust: Thornless", "condition": "Fair", "height": 12.192, "width": 3.6576, "crown_r_m": 1.8288, "crown_h_m": 7.9248, "height_imputed": false, "width_imputed": false, "neighborhood": "Shadyside", "tree_id": "t00811" }, "geometry": { "type": "Point", "coordinates": [ -79.94622817, 40.4486858 ] } },
{ "type": "Feature", "properties": { "common_name": "Elm: spp.", "condition": "Fair", "height": 4.2672, "width": 1.524, "crown_r_m": 1.0, "crown_h_m": 2.77368, "height_imputed": false, "width_imputed": false, "neighborhood": "North Oakland", "tree_id": "t00812" }, "geometry": { "type": "Point", "coordinates": [ -79.94967227, 40.45233557 ] } },
{ "type": "Feature", "properties": { "common_name": "Maple: Silver", "condition": "Fair", "height": 6.096, "width": 1.524, "crown_r_m": 1.0, "crown_h_m": 3.9624, "height_imputed": false, "width_imputed": false, "neighborhood": "Central Oakland", "tree_id": "t00813" }, "geometry": { "type": "Point", "coordinates": [ -79.95125497, 40.43752457 ] } },
{ "type": "Feature", "properties": { "common_name": "Crabapple: Flowering", "condition": "Good", "height": 3.048, "width": 1.2192, "crown_r_m": 1.0, "crown_h_m": 1.9812, "height_imputed": false, "width_imputed": false, "neighborhood": "Central Oakland", "tree_id": "t00814" }, "geometry": { "type": "Point", "coordinates": [ -79.95164739, 40.43636919 ] } },
{ "type": "Feature", "properties": { "common_name": "Crabapple: Flowering", "condition": "Poor", "height": 2.1336, "width": 1.2192, "crown_r_m": 1.0, "crown_h_m": 1.5, "height_imputed": false, "width_imputed": false, "neighborhood": "Central Oakland", "tree_id": "t00815" }, "geometry": { "type": "Point", "coordinates": [ -79.9515921, 40.43651574 ] } },
{ "type": "Feature", "properties": { "common_name": "Maple: Freeman", "condition": "Fair", "height": 9.144, "width": 2.7432, "crown_r_m": 1.3716, "crown_h_m": 5.9436, "height_imputed": false, "width_imputed": false, "neighborhood": "Central Oakland", "tree_id": "t00816" }, "geometry": { "type": "Point", "coordinates": [ -79.95572319, 40.4362681 ] } },
{ "type": "Feature", "properties": { "common_name": "Maple: Red", "condition": "Fair", "height": 4.2672, "width": 1.8288, "crown_r_m": 1.0, "crown_h_m": 2.77368, "height_imputed": false, "width_imputed": false, "neighborhood": "Terrace Village", "tree_id": "t00817" }, "geometry": { "type": "Point", "coordinates": [ -79.968518160000016, 40.43920867 ] } },
{ "type": "Feature", "properties": { "common_name": "Locust: Black", "condition": "Poor", "height": 1.2192, "width": 0.6096, "crown_r_m": 1.0, "crown_h_m": 1.5, "height_imputed": false, "width_imputed": false, "neighborhood": "West Oakland", "tree_id": "t00818" }, "geometry": { "type": "Point", "coordinates": [ -79.96551944, 40.43878069 ] } },
{ "type": "Feature", "properties": { "common_name": "Linden: Littleleaf", "condition": "Fair", "height": 2.7432, "width": 1.524, "crown_r_m": 1.0, "crown_h_m": 1.78308, "height_imputed": false, "width_imputed": false, "neighborhood": "South Oakland", "tree_id": "t00819" }, "geometry": { "type": "Point", "coordinates": [ -79.9635738, 40.43791242 ] } },
{ "type": "Feature", "properties": { "common_name": "Hackberry: Common", "condition": "Fair", "height": 3.3528, "width": 1.8288, "crown_r_m": 1.0, "crown_h_m": 2.17932, "height_imputed": false, "width_imputed": false, "neighborhood": "South Oakland", "tree_id": "t00820" }, "geometry": { "type": "Point", "coordinates": [ -79.96342592, 40.43745141 ] } },
{ "type": "Feature", "properties": { "common_name": "London planetree", "condition": "Fair", "height": 4.2672, "width": 1.8288, "crown_r_m": 1.0, "crown_h_m": 2.77368, "height_imputed": false, "width_imputed": false, "neighborhood": "South Oakland", "tree_id": "t00821" }, "geometry": { "type": "Point", "coordinates": [ -79.962908670000019, 40.43735619 ] } },
{ "type": "Feature", "properties": { "common_name": "Honeylocust: Thornless", "condition": "Good", "height": 4.572, "width": 2.1336, "crown_r_m": 1.0668, "crown_h_m": 2.9718, "height_imputed": false, "width_imputed": false, "neighborhood": "Central Oakland", "tree_id": "t00822" }, "geometry": { "type": "Point", "coordinates": [ -79.95633027, 40.44182178 ] } },
{ "type": "Feature", "properties": { "common_name": "Honeylocust: Thornless", "condition": "Fair", "height": 7.0104, "width": 2.1336, "crown_r_m": 1.0668, "crown_h_m": 4.55676, "height_imputed": false, "width_imputed": false, "neighborhood": "Terrace Village", "tree_id": "t00823" }, "geometry": { "type": "Point", "coordinates": [ -79.96820734, 40.43942765 ] } },
{ "type": "Feature", "properties": { "common_name": "Honeylocust: Thornless", "condition": "Fair", "height": 6.7056, "width": 2.1336, "crown_r_m": 1.0668, "crown_h_m": 4.35864, "height_imputed": false, "width_imputed": false, "neighborhood": "Terrace Village", "tree_id": "t00824" }, "geometry": { "type": "Point", "coordinates": [ -79.96759127, 40.43981479 ] } },
{ "type": "Feature", "properties": { "common_name": "Honeylocust: Thornless", "condition": "Fair", "height": 7.62, "width": 2.1336, "crown_r_m": 1.0668, "crown_h_m": 4.953, "height_imputed": false, "width_imputed": false, "neighborhood": "Terrace Village", "tree_id": "t00825" }, "geometry": { "type": "Point", "coordinates": [ -79.96761743, 40.43991296 ] } },
{ "type": "Feature", "properties": { "common_name": "Honeylocust: Thornless", "condition": "Fair", "height": 7.0104, "width": 1.8288, "crown_r_m": 1.0, "crown_h_m": 4.55676, "height_imputed": false, "width_imputed": false, "neighborhood": "West Oakland", "tree_id": "t00826" }, "geometry": { "type": "Point", "coordinates": [ -79.96747412, 40.43981243 ] } },
{ "type": "Feature", "properties": { "common_name": "Honeylocust: Thornless", "condition": "Fair", "height": 5.7912, "width": 1.8288, "crown_r_m": 1.0, "crown_h_m": 3.76428, "height_imputed": false, "width_imputed": false, "neighborhood": "West Oakland", "tree_id": "t00827" }, "geometry": { "type": "Point", "coordinates": [ -79.96744465, 40.43972354 ] } },
{ "type": "Feature", "properties": { "common_name": "Hornbeam: European", "condition": "Fair", "height": 4.572, "width": 0.3048, "crown_r_m": 1.0, "crown_h_m": 2.9718, "height_imputed": false, "width_imputed": false, "neighborhood": "Terrace Village", "tree_id": "t00828" }, "geometry": { "type": "Point", "coordinates": [ -79.96759313, 40.43935737 ] } },
{ "type": "Feature", "properties": { "common_name": "Maple: Sugar", "condition": "Fair", "height": 4.2672, "width": 1.8288, "crown_r_m": 1.0, "crown_h_m": 2.77368, "height_imputed": false, "width_imputed": false, "neighborhood": "Terrace Village", "tree_id": "t00829" }, "geometry": { "type": "Point", "coordinates": [ -79.96743335, 40.4393798 ] } },
{ "type": "Feature", "properties": { "common_name": "Maple: Sugar", "condition": "Fair", "height": 3.9624, "width": 1.8288, "crown_r_m": 1.0, "crown_h_m": 2.57556, "height_imputed": false, "width_imputed": false, "neighborhood": "Terrace Village", "tree_id": "t00830" }, "geometry": { "type": "Point", "coordinates": [ -79.96748867, 40.439300350000011 ] } },
{ "type": "Feature", "properties": { "common_name": "Maple: Sugar", "condition": "Poor", "height": 3.9624, "width": 1.8288, "crown_r_m": 1.0, "crown_h_m": 2.57556, "height_imputed": false, "width_imputed": false, "neighborhood": "Terrace Village", "tree_id": "t00831" }, "geometry": { "type": "Point", "coordinates": [ -79.96769531, 40.43930838 ] } },
{ "type": "Feature", "properties": { "common_name": "Honeylocust: Thornless", "condition": "Fair", "height": 6.7056, "width": 2.1336, "crown_r_m": 1.0668, "crown_h_m": 4.35864, "height_imputed": false, "width_imputed": false, "neighborhood": "Terrace Village", "tree_id": "t00832" }, "geometry": { "type": "Point", "coordinates": [ -79.96855268, 40.43935924 ] } },
{ "type": "Feature", "properties": { "common_name": "Maple: Norway", "condition": "Good", "height": 16.764, "width": 6.096, "crown_r_m": 3.048, "crown_h_m": 10.8966, "height_imputed": false, "width_imputed": false, "neighborhood": "North Oakland", "tree_id": "t00833" }, "geometry": { "type": "Point", "coordinates": [ -79.95519311, 40.44398054 ] } },
{ "type": "Feature", "properties": { "common_name": "Linden: Littleleaf", "condition": "Fair", "height": 7.62, "width": 3.048, "crown_r_m": 1.524, "crown_h_m": 4.953, "height_imputed": false, "width_imputed": false, "neighborhood": "Squirrel Hill North", "tree_id": "t00834" }, "geometry": { "type": "Point", "coordinates": [ -79.94055252, 40.444136509999979 ] } },
{ "type": "Feature", "properties": { "common_name": "Linden: Littleleaf", "condition": "Fair", "height": 8.2296, "width": 3.6576, "crown_r_m": 1.8288, "crown_h_m": 5.34924, "height_imputed": false, "width_imputed": false, "neighborhood": "Squirrel Hill North", "tree_id": "t00835" }, "geometry": { "type": "Point", "coordinates": [ -79.94064537, 40.44415009 ] } },
{ "type": "Feature", "properties": { "common_name": "Maple: Norway", "condition": "Poor", "height": 9.144, "width": 4.572, "crown_r_m": 2.286, "crown_h_m": 5.9436, "height_imputed": false, "width_imputed": false, "neighborhood": "Upper Hill", "tree_id": "t00836" }, "geometry": { "type": "Point", "coordinates": [ -79.963311340000018, 40.45426089 ] } },
{ "type": "Feature", "properties": { "common_name": "Coffeetree: Kentucky", "condition": "Good", "height": 3.6576, "width": 1.524, "crown_r_m": 1.0, "crown_h_m": 2.37744, "height_imputed": false, "width_imputed": false, "neighborhood": "North Oakland", "tree_id": "t00837" }, "geometry": { "type": "Point", "coordinates": [ -79.95741171, 40.44908064 ] } },
{ "type": "Feature", "properties": { "common_name": "London planetree", "condition": "Fair", "height": 16.764, "width": 7.62, "crown_r_m": 3.81, "crown_h_m": 10.8966, "height_imputed": false, "width_imputed": false, "neighborhood": "Shadyside", "tree_id": "t00838" }, "geometry": { "type": "Point", "coordinates": [ -79.94137619, 40.44904078 ] } },
{ "type": "Feature", "properties": { "common_name": "London planetree", "condition": "Fair", "height": 15.24, "width": 3.9624, "crown_r_m": 1.9812, "crown_h_m": 9.906, "height_imputed": false, "width_imputed": false, "neighborhood": "Shadyside", "tree_id": "t00839" }, "geometry": { "type": "Point", "coordinates": [ -79.94191945, 40.44900874 ] } },
{ "type": "Feature", "properties": { "common_name": "London planetree", "condition": "Poor", "height": 15.24, "width": 10.668, "crown_r_m": 5.334, "crown_h_m": 9.906, "height_imputed": false, "width_imputed": false, "neighborhood": "North Oakland", "tree_id": "t00840" }, "geometry": { "type": "Point", "coordinates": [ -79.95351695, 40.44691645 ] } },
{ "type": "Feature", "properties": { "common_name": "London planetree", "condition": "Fair", "height": 13.716, "width": 10.668, "crown_r_m": 5.334, "crown_h_m": 8.9154, "height_imputed": false, "width_imputed": false, "neighborhood": "North Oakland", "tree_id": "t00841" }, "geometry": { "type": "Point", "coordinates": [ -79.95253055, 40.44774748 ] } },
{ "type": "Feature", "properties": { "common_name": "Oak: Pin", "condition": "Fair", "height": 19.812, "width": 9.144, "crown_r_m": 4.572, "crown_h_m": 12.8778, "height_imputed": false, "width_imputed": false, "neighborhood": "Shadyside", "tree_id": "t00842" }, "geometry": { "type": "Point", "coordinates": [ -79.94235978, 40.44898408 ] } },
{ "type": "Feature", "properties": { "common_name": "Maple: Sugar", "condition": "Good", "height": 15.24, "width": 6.096, "crown_r_m": 3.048, "crown_h_m": 9.906, "height_imputed": false, "width_imputed": false, "neighborhood": "Shadyside", "tree_id": "t00843" }, "geometry": { "type": "Point", "coordinates": [ -79.94135364, 40.44914041 ] } },
{ "type": "Feature", "properties": { "common_name": "Linden: Littleleaf", "condition": "Fair", "height": 13.716, "width": 5.4864, "crown_r_m": 2.7432, "crown_h_m": 8.9154, "height_imputed": false, "width_imputed": false, "neighborhood": "Shadyside", "tree_id": "t00844" }, "geometry": { "type": "Point", "coordinates": [ -79.94086975, 40.449193069999986 ] } },
{ "type": "Feature", "properties": { "common_name": "Oak: Pin", "condition": "Fair", "height": 13.716, "width": 3.9624, "crown_r_m": 1.9812, "crown_h_m": 8.9154, "height_imputed": false, "width_imputed": false, "neighborhood": "Shadyside", "tree_id": "t00845" }, "geometry": { "type": "Point", "coordinates": [ -79.94752558, 40.44788914 ] } },
{ "type": "Feature", "properties": { "common_name": "Oak: Pin", "condition": "Poor", "height": 7.62, "width": 2.1336, "crown_r_m": 1.0668, "crown_h_m": 4.953, "height_imputed": false, "width_imputed": false, "neighborhood": "Shadyside", "tree_id": "t00846" }, "geometry": { "type": "Point", "coordinates": [ -79.94746557, 40.44774647 ] } },
{ "type": "Feature", "properties": { "common_name": "Oak: Swamp White", "condition": "Good", "height": 3.3528, "width": 1.524, "crown_r_m": 1.0, "crown_h_m": 2.17932, "height_imputed": false, "width_imputed": false, "neighborhood": "North Oakland", "tree_id": "t00847" }, "geometry": { "type": "Point", "coordinates": [ -79.9512227, 40.44686541 ] } },
{ "type": "Feature", "properties": { "common_name": "Ginkgo", "condition": "Fair", "height": 3.3528, "width": 1.8288, "crown_r_m": 1.0, "crown_h_m": 2.17932, "height_imputed": false, "width_imputed": false, "neighborhood": "North Oakland", "tree_id": "t00848" }, "geometry": { "type": "Point", "coordinates": [ -79.949454550000013, 40.44679455 ] } },
{ "type": "Feature", "properties": { "common_name": "Crabapple: Flowering", "condition": "Good", "height": 4.572, "width": 1.8288, "crown_r_m": 1.0, "crown_h_m": 2.9718, "height_imputed": false, "width_imputed": false, "neighborhood": "North Oakland", "tree_id": "t00849" }, "geometry": { "type": "Point", "coordinates": [ -79.95162145, 40.44618809 ] } },
{ "type": "Feature", "properties": { "common_name": "Redbud: Eastern", "condition": "Fair", "height": 3.048, "width": 1.8288, "crown_r_m": 1.0, "crown_h_m": 1.9812, "height_imputed": false, "width_imputed": false, "neighborhood": "North Oakland", "tree_id": "t00850" }, "geometry": { "type": "Point", "coordinates": [ -79.95131094, 40.44553028 ] } },
{ "type": "Feature", "properties": { "common_name": "Honeylocust: Thornless", "condition": "Fair", "height": 3.6576, "width": 1.524, "crown_r_m": 1.0, "crown_h_m": 2.37744, "height_imputed": false, "width_imputed": false, "neighborhood": "Shadyside", "tree_id": "t00851" }, "geometry": { "type": "Point", "coordinates": [ -79.94403816, 40.45421595 ] } },
{ "type": "Feature", "properties": { "common_name": "Honeylocust: Thornless", "condition": "Fair", "height": 0.6096, "width": 0.3048, "crown_r_m": 1.0, "crown_h_m": 1.5, "height_imputed": false, "width_imputed": false, "neighborhood": "Shadyside", "tree_id": "t00852" }, "geometry": { "type": "Point", "coordinates": [ -79.94410785, 40.45419371 ] } },
{ "type": "Feature", "properties": { "common_name": "Honeylocust: Thornless", "condition": "Good", "height": 4.572, "width": 1.524, "crown_r_m": 1.0, "crown_h_m": 2.9718, "height_imputed": false, "width_imputed": false, "neighborhood": "Shadyside", "tree_id": "t00853" }, "geometry": { "type": "Point", "coordinates": [ -79.94427837, 40.45414415 ] } },
{ "type": "Feature", "properties": { "common_name": "Zelkova: Japanese", "condition": "Fair", "height": 4.8768, "width": 2.1336, "crown_r_m": 1.0668, "crown_h_m": 3.16992, "height_imputed": false, "width_imputed": false, "neighborhood": "Shadyside", "tree_id": "t00854" }, "geometry": { "type": "Point", "coordinates": [ -79.9458471, 40.453678429999989 ] } },
{ "type": "Feature", "properties": { "common_name": "Zelkova: Japanese", "condition": "Good", "height": 4.572, "width": 1.524, "crown_r_m": 1.0, "crown_h_m": 2.9718, "height_imputed": false, "width_imputed": false, "neighborhood": "Shadyside", "tree_id": "t00855" }, "geometry": { "type": "Point", "coordinates": [ -79.94620123, 40.45356113 ] } },
{ "type": "Feature", "properties": { "common_name": "Pear: Callery", "condition": "Fair", "height": 4.8768, "width": 2.1336, "crown_r_m": 1.0668, "crown_h_m": 3.16992, "height_imputed": false, "width_imputed": false, "neighborhood": "Bloomfield", "tree_id": "t00856" }, "geometry": { "type": "Point", "coordinates": [ -79.94477378, 40.45413064 ] } },
{ "type": "Feature", "properties": { "common_name": "Pear: Callery", "condition": "Fair", "height": 3.9624, "width": 1.8288, "crown_r_m": 1.0, "crown_h_m": 2.57556, "height_imputed": false, "width_imputed": false, "neighborhood": "Bloomfield", "tree_id": "t00857" }, "geometry": { "type": "Point", "coordinates": [ -79.94460412, 40.45417645 ] } },
{ "type": "Feature", "properties": { "common_name": "Elm: American", "condition": "Fair", "height": 3.048, "width": 1.8288, "crown_r_m": 1.0, "crown_h_m": 1.9812, "height_imputed": false, "width_imputed": false, "neighborhood": "Bloomfield", "tree_id": "t00858" }, "geometry": { "type": "Point", "coordinates": [ -79.94734554, 40.453470700000011 ] } },
{ "type": "Feature", "properties": { "common_name": "Oak: Swamp White", "condition": "Good", "height": 3.048, "width": 0.6096, "crown_r_m": 1.0, "crown_h_m": 1.9812, "height_imputed": false, "width_imputed": false, "neighborhood": "North Oakland", "tree_id": "t00859" }, "geometry": { "type": "Point", "coordinates": [ -79.9542105, 40.45247747 ] } },
{ "type": "Feature", "properties": { "common_name": "Maple: Norway", "condition": "Fair", "height": 10.668, "width": 7.62, "crown_r_m": 3.81, "crown_h_m": 6.9342, "height_imputed": false, "width_imputed": false, "neighborhood": "North Oakland", "tree_id": "t00860" }, "geometry": { "type": "Point", "coordinates": [ -79.95410214, 40.45139658 ] } },
{ "type": "Feature", "properties": { "common_name": "Honeylocust: Thornless", "condition": "Critical", "height": 3.6576, "width": 2.1336, "crown_r_m": 1.0668, "crown_h_m": 2.37744, "height_imputed": false, "width_imputed": false, "neighborhood": "North Oakland", "tree_id": "t00861" }, "geometry": { "type": "Point", "coordinates": [ -79.95385621, 40.45140091 ] } },
{ "type": "Feature", "properties": { "common_name": "Redbud: Eastern", "condition": "Good", "height": 4.8768, "width": 1.8288, "crown_r_m": 1.0, "crown_h_m": 3.16992, "height_imputed": false, "width_imputed": false, "neighborhood": "North Oakland", "tree_id": "t00862" }, "geometry": { "type": "Point", "coordinates": [ -79.95129666, 40.44548786 ] } },
{ "type": "Feature", "properties": { "common_name": "Redbud: Eastern", "condition": "Very Good", "height": 4.572, "width": 1.524, "crown_r_m": 1.0, "crown_h_m": 2.9718, "height_imputed": false, "width_imputed": false, "neighborhood": "North Oakland", "tree_id": "t00863" }, "geometry": { "type": "Point", "coordinates": [ -79.95119598, 40.44526731 ] } },
{ "type": "Feature", "properties": { "common_name": "Pear: Callery", "condition": "Good", "height": 9.144, "width": 2.4384, "crown_r_m": 1.2192, "crown_h_m": 5.9436, "height_imputed": false, "width_imputed": false, "neighborhood": "North Oakland", "tree_id": "t00864" }, "geometry": { "type": "Point", "coordinates": [ -79.9510704, 40.44499182 ] } },
{ "type": "Feature", "properties": { "common_name": "Pear: Callery", "condition": "Fair", "height": 9.144, "width": 2.1336, "crown_r_m": 1.0668, "crown_h_m": 5.9436, "height_imputed": false, "width_imputed": false, "neighborhood": "North Oakland", "tree_id": "t00865" }, "geometry": { "type": "Point", "coordinates": [ -79.95105623, 40.44495268 ] } },
{ "type": "Feature", "properties": { "common_name": "Pear: Callery", "condition": "Good", "height": 9.144, "width": 2.4384, "crown_r_m": 1.2192, "crown_h_m": 5.9436, "height_imputed": false, "width_imputed": false, "neighborhood": "North Oakland", "tree_id": "t00866" }, "geometry": { "type": "Point", "coordinates": [ -79.9508732, 40.44456294 ] } },
{ "type": "Feature", "properties": { "common_name": "Honeylocust: Thornless", "condition": "Good", "height": 3.6576, "width": 1.2192, "crown_r_m": 1.0, "crown_h_m": 2.37744, "height_imputed": false, "width_imputed": false, "neighborhood": "North Oakland", "tree_id": "t00867" }, "geometry": { "type": "Point", "coordinates": [ -79.94975457, 40.44573144 ] } },
{ "type": "Feature", "properties": { "common_name": "Ginkgo", "condition": "Fair", "height": 10.668, "width": 3.048, "crown_r_m": 1.524, "crown_h_m": 6.9342, "height_imputed": false, "width_imputed": false, "neighborhood": "North Oakland", "tree_id": "t00868" }, "geometry": { "type": "Point", "coordinates": [ -79.95090073, 40.44445159 ] } },
{ "type": "Feature", "properties": { "common_name": "Pear: Callery", "condition": "Good", "height": 7.62, "width": 2.1336, "crown_r_m": 1.0668, "crown_h_m": 4.953, "height_imputed": false, "width_imputed": false, "neighborhood": "North Oakland", "tree_id": "t00869" }, "geometry": { "type": "Point", "coordinates": [ -79.95073754, 40.44425809 ] } },
{ "type": "Feature", "properties": { "common_name": "Ginkgo", "condition": "Fair", "height": 13.716, "width": 2.4384, "crown_r_m": 1.2192, "crown_h_m": 8.9154, "height_imputed": false, "width_imputed": false, "neighborhood": "North Oakland", "tree_id": "t00870" }, "geometry": { "type": "Point", "coordinates": [ -79.95079435, 40.44420447 ] } },
{ "type": "Feature", "properties": { "common_name": "Pear: Callery", "condition": "Good", "height": 6.096, "width": 1.8288, "crown_r_m": 1.0, "crown_h_m": 3.9624, "height_imputed": false, "width_imputed": false, "neighborhood": "North Oakland", "tree_id": "t00871" }, "geometry": { "type": "Point", "coordinates": [ -79.95067344, 40.4441081 ] } },
{ "type": "Feature", "properties": { "common_name": "Oak: Northern Red", "condition": "Good", "height": 16.764, "width": 3.6576, "crown_r_m": 1.8288, "crown_h_m": 10.8966, "height_imputed": false, "width_imputed": false, "neighborhood": "North Oakland", "tree_id": "t00872" }, "geometry": { "type": "Point", "coordinates": [ -79.95686881, 40.4475133 ] } },
{ "type": "Feature", "properties": { "common_name": "Pear: Callery", "condition": "Good", "height": 10.668, "width": 2.1336, "crown_r_m": 1.0668, "crown_h_m": 6.9342, "height_imputed": false, "width_imputed": false, "neighborhood": "North Oakland", "tree_id": "t00873" }, "geometry": { "type": "Point", "coordinates": [ -79.95489167, 40.44592132 ] } },
{ "type": "Feature", "properties": { "common_name": "Magnolia: Saucer", "condition": "Good", "height": 4.572, "width": 3.048, "crown_r_m": 1.524, "crown_h_m": 2.9718, "height_imputed": false, "width_imputed": false, "neighborhood": "North Oakland", "tree_id": "t00874" }, "geometry": { "type": "Point", "coordinates": [ -79.95417599, 40.44535795 ] } },
{ "type": "Feature", "properties": { "common_name": "Pear: Callery", "condition": "Good", "height": 6.096, "width": 1.2192, "crown_r_m": 1.0, "crown_h_m": 3.9624, "height_imputed": false, "width_imputed": false, "neighborhood": "North Oakland", "tree_id": "t00875" }, "geometry": { "type": "Point", "coordinates": [ -79.95495011, 40.44576544 ] } },
{ "type": "Feature", "properties": { "common_name": "Ginkgo", "condition": "Good", "height": 3.3528, "width": 1.2192, "crown_r_m": 1.0, "crown_h_m": 2.17932, "height_imputed": false, "width_imputed": false, "neighborhood": "North Oakland", "tree_id": "t00876" }, "geometry": { "type": "Point", "coordinates": [ -79.9560127, 40.44371442 ] } },
{ "type": "Feature", "properties": { "common_name": "Ginkgo", "condition": "Good", "height": 3.048, "width": 1.2192, "crown_r_m": 1.0, "crown_h_m": 1.9812, "height_imputed": false, "width_imputed": false, "neighborhood": "North Oakland", "tree_id": "t00877" }, "geometry": { "type": "Point", "coordinates": [ -79.9559485, 40.4437617 ] } },
{ "type": "Feature", "properties": { "common_name": "Ginkgo", "condition": "Good", "height": 3.048, "width": 1.524, "crown_r_m": 1.0, "crown_h_m": 1.9812, "height_imputed": false, "width_imputed": false, "neighborhood": "West Oakland", "tree_id": "t00878" }, "geometry": { "type": "Point", "coordinates": [ -79.96407239, 40.44066326 ] } },
{ "type": "Feature", "properties": { "common_name": "Dogwood: Flowering", "condition": "Poor", "height": 1.2192, "width": 0.3048, "crown_r_m": 1.0, "crown_h_m": 1.5, "height_imputed": false, "width_imputed": false, "neighborhood": "West Oakland", "tree_id": "t00879" }, "geometry": { "type": "Point", "coordinates": [ -79.96434675, 40.44062716 ] } },
{ "type": "Feature", "properties": { "common_name": "Horsechestnut", "condition": "Good", "height": 2.1336, "width": 0.9144, "crown_r_m": 1.0, "crown_h_m": 1.5, "height_imputed": false, "width_imputed": false, "neighborhood": "West Oakland", "tree_id": "t00880" }, "geometry": { "type": "Point", "coordinates": [ -79.96409548, 40.44087555 ] } },
{ "type": "Feature", "properties": { "common_name": "Elm: spp.", "condition": "Good", "height": 4.8768, "width": 1.8288, "crown_r_m": 1.0, "crown_h_m": 3.16992, "height_imputed": false, "width_imputed": false, "neighborhood": "West Oakland", "tree_id": "t00881" }, "geometry": { "type": "Point", "coordinates": [ -79.95872088, 40.44177879 ] } },
{ "type": "Feature", "properties": { "common_name": "London planetree", "condition": "Good", "height": 13.716, "width": 2.7432, "crown_r_m": 1.3716, "crown_h_m": 8.9154, "height_imputed": false, "width_imputed": false, "neighborhood": "North Oakland", "tree_id": "t00882" }, "geometry": { "type": "Point", "coordinates": [ -79.95539861, 40.44730145 ] } },
{ "type": "Feature", "properties": { "common_name": "Sweetgum: American", "condition": "Good", "height": 16.764, "width": 4.2672, "crown_r_m": 2.1336, "crown_h_m": 10.8966, "height_imputed": false, "width_imputed": false, "neighborhood": "North Oakland", "tree_id": "t00883" }, "geometry": { "type": "Point", "coordinates": [ -79.95459326, 40.4471094 ] } },
{ "type": "Feature", "properties": { "common_name": "Oak: Northern Red", "condition": "Fair", "height": 15.24, "width": 4.2672, "crown_r_m": 2.1336, "crown_h_m": 9.906, "height_imputed": false, "width_imputed": false, "neighborhood": "North Oakland", "tree_id": "t00884" }, "geometry": { "type": "Point", "coordinates": [ -79.95426722, 40.44735658 ] } },
{ "type": "Feature", "properties": { "common_name": "Maple: Norway", "condition": "Good", "height": 12.192, "width": 1.8288, "crown_r_m": 1.0, "crown_h_m": 7.9248, "height_imputed": false, "width_imputed": false, "neighborhood": "North Oakland", "tree_id": "t00885" }, "geometry": { "type": "Point", "coordinates": [ -79.95398037, 40.44757647 ] } },
{ "type": "Feature", "properties": { "common_name": "Linden: Littleleaf", "condition": "Good", "height": 15.24, "width": 1.524, "crown_r_m": 1.0, "crown_h_m": 9.906, "height_imputed": false, "width_imputed": false, "neighborhood": "North Oakland", "tree_id": "t00886" }, "geometry": { "type": "Point", "coordinates": [ -79.95547891, 40.44646252 ] } },
{ "type": "Feature", "properties": { "common_name": "Linden: Littleleaf", "condition": "Good", "height": 13.716, "width": 2.4384, "crown_r_m": 1.2192, "crown_h_m": 8.9154, "height_imputed": false, "width_imputed": false, "neighborhood": "Central Oakland", "tree_id": "t00887" }, "geometry": { "type": "Point", "coordinates": [ -79.95105786, 40.43700316000001 ] } },
{ "type": "Feature", "properties": { "common_name": "Pear: Callery", "condition": "Fair", "height": 12.192, "width": 4.572, "crown_r_m": 2.286, "crown_h_m": 7.9248, "height_imputed": false, "width_imputed": false, "neighborhood": "Central Oakland", "tree_id": "t00888" }, "geometry": { "type": "Point", "coordinates": [ -79.95118202, 40.43695273 ] } },
{ "type": "Feature", "properties": { "common_name": "Pear: Callery", "condition": "Good", "height": 9.144, "width": 1.8288, "crown_r_m": 1.0, "crown_h_m": 5.9436, "height_imputed": false, "width_imputed": false, "neighborhood": "Central Oakland", "tree_id": "t00889" }, "geometry": { "type": "Point", "coordinates": [ -79.951251, 40.43701069 ] } },
{ "type": "Feature", "properties": { "common_name": "Maple: Silver", "condition": "Fair", "height": 10.668, "width": 2.1336, "crown_r_m": 1.0668, "crown_h_m": 6.9342, "height_imputed": false, "width_imputed": false, "neighborhood": "Central Oakland", "tree_id": "t00890" }, "geometry": { "type": "Point", "coordinates": [ -79.95131277, 40.43697587 ] } },
{ "type": "Feature", "properties": { "common_name": "Maple: Norway", "condition": "Fair", "height": 13.716, "width": 3.6576, "crown_r_m": 1.8288, "crown_h_m": 8.9154, "height_imputed": false, "width_imputed": false, "neighborhood": "Central Oakland", "tree_id": "t00891" }, "geometry": { "type": "Point", "coordinates": [ -79.95174936, 40.43706139 ] } },
{ "type": "Feature", "properties": { "common_name": "Maple: Silver", "condition": "Good", "height": 9.144, "width": 0.9144, "crown_r_m": 1.0, "crown_h_m": 5.9436, "height_imputed": false, "width_imputed": false, "neighborhood": "Central Oakland", "tree_id": "t00892" }, "geometry": { "type": "Point", "coordinates": [ -79.95187858, 40.43723035 ] } },
{ "type": "Feature", "properties": { "common_name": "Pear: Callery", "condition": "Good", "height": 10.668, "width": 0.9144, "crown_r_m": 1.0, "crown_h_m": 6.9342, "height_imputed": false, "width_imputed": false, "neighborhood": "Central Oakland", "tree_id": "t00893" }, "geometry": { "type": "Point", "coordinates": [ -79.95200803, 40.43714938 ] } },
{ "type": "Feature", "properties": { "common_name": "Redbud: Eastern", "condition": "Fair", "height": 6.096, "width": 1.8288, "crown_r_m": 1.0, "crown_h_m": 3.9624, "height_imputed": false, "width_imputed": false, "neighborhood": "North Oakland", "tree_id": "t00894" }, "geometry": { "type": "Point", "coordinates": [ -79.95565883, 40.44750235 ] } },
{ "type": "Feature", "properties": { "common_name": "Honeylocust: Thornless", "condition": "Good", "height": 13.716, "width": 1.8288, "crown_r_m": 1.0, "crown_h_m": 8.9154, "height_imputed": false, "width_imputed": false, "neighborhood": "North Oakland", "tree_id": "t00895" }, "geometry": { "type": "Point", "coordinates": [ -79.95623807, 40.4479655 ] } },
{ "type": "Feature", "properties": { "common_name": "Maple: Norway", "condition": "Fair", "height": 10.668, "width": 3.048, "crown_r_m": 1.524, "crown_h_m": 6.9342, "height_imputed": false, "width_imputed": false, "neighborhood": "North Oakland", "tree_id": "t00896" }, "geometry": { "type": "Point", "coordinates": [ -79.95722364, 40.44651886 ] } },
{ "type": "Feature", "properties": { "common_name": "Maple: Norway", "condition": "Fair", "height": 9.144, "width": 3.048, "crown_r_m": 1.524, "crown_h_m": 5.9436, "height_imputed": false, "width_imputed": false, "neighborhood": "North Oakland", "tree_id": "t00897" }, "geometry": { "type": "Point", "coordinates": [ -79.95703187, 40.44635387 ] } },
{ "type": "Feature", "properties": { "common_name": "Oak: Northern Red", "condition": "Fair", "height": 13.716, "width": 3.048, "crown_r_m": 1.524, "crown_h_m": 8.9154, "height_imputed": false, "width_imputed": false, "neighborhood": "North Oakland", "tree_id": "t00898" }, "geometry": { "type": "Point", "coordinates": [ -79.95425043, 40.44792275 ] } },
{ "type": "Feature", "properties": { "common_name": "Oak: Northern Red", "condition": "Good", "height": 18.288, "width": 3.6576, "crown_r_m": 1.8288, "crown_h_m": 11.8872, "height_imputed": false, "width_imputed": false, "neighborhood": "North Oakland", "tree_id": "t00899" }, "geometry": { "type": "Point", "coordinates": [ -79.95454736, 40.44814933 ] } },
{ "type": "Feature", "properties": { "common_name": "Linden: Littleleaf", "condition": "Fair", "height": 12.192, "width": 3.6576, "crown_r_m": 1.8288, "crown_h_m": 7.9248, "height_imputed": false, "width_imputed": false, "neighborhood": "North Oakland", "tree_id": "t00900" }, "geometry": { "type": "Point", "coordinates": [ -79.95557095, 40.44962555 ] } },
{ "type": "Feature", "properties": { "common_name": "Linden: Littleleaf", "condition": "Poor", "height": 10.668, "width": 2.4384, "crown_r_m": 1.2192, "crown_h_m": 6.9342, "height_imputed": false, "width_imputed": false, "neighborhood": "North Oakland", "tree_id": "t00901" }, "geometry": { "type": "Point", "coordinates": [ -79.95524123, 40.4503887 ] } },
{ "type": "Feature", "properties": { "common_name": "Linden: Littleleaf", "condition": "Fair", "height": 10.668, "width": 1.8288, "crown_r_m": 1.0, "crown_h_m": 6.9342, "height_imputed": false, "width_imputed": false, "neighborhood": "North Oakland", "tree_id": "t00902" }, "geometry": { "type": "Point", "coordinates": [ -79.9527531, 40.45061102 ] } },
{ "type": "Feature", "properties": { "common_name": "Linden: Littleleaf", "condition": "Fair", "height": 7.62, "width": 1.8288, "crown_r_m": 1.0, "crown_h_m": 4.953, "height_imputed": false, "width_imputed": false, "neighborhood": "North Oakland", "tree_id": "t00903" }, "geometry": { "type": "Point", "coordinates": [ -79.95260117, 40.45033605 ] } },
{ "type": "Feature", "properties": { "common_name": "Linden: Littleleaf", "condition": "Fair", "height": 10.668, "width": 2.4384, "crown_r_m": 1.2192, "crown_h_m": 6.9342, "height_imputed": false, "width_imputed": false, "neighborhood": "North Oakland", "tree_id": "t00904" }, "geometry": { "type": "Point", "coordinates": [ -79.95239046, 40.45002074 ] } },
{ "type": "Feature", "properties": { "common_name": "Hornbeam: European", "condition": "Good", "height": 9.144, "width": 1.8288, "crown_r_m": 1.0, "crown_h_m": 5.9436, "height_imputed": false, "width_imputed": false, "neighborhood": "North Oakland", "tree_id": "t00905" }, "geometry": { "type": "Point", "coordinates": [ -79.95356431, 40.45048842 ] } },
{ "type": "Feature", "properties": { "common_name": "Pear: Callery", "condition": "Good", "height": 7.62, "width": 1.8288, "crown_r_m": 1.0, "crown_h_m": 4.953, "height_imputed": false, "width_imputed": false, "neighborhood": "North Oakland", "tree_id": "t00906" }, "geometry": { "type": "Point", "coordinates": [ -79.9533836, 40.4500806 ] } },
{ "type": "Feature", "properties": { "common_name": "Elm: American", "condition": "Good", "height": 3.9624, "width": 1.524, "crown_r_m": 1.0, "crown_h_m": 2.57556, "height_imputed": false, "width_imputed": false, "neighborhood": "Central Oakland", "tree_id": "t00907" }, "geometry": { "type": "Point", "coordinates": [ -79.95727921, 40.4388796 ] } },
{ "type": "Feature", "properties": { "common_name": "Maple: Norway", "condition": "Good", "height": 10.668, "width": 2.4384, "crown_r_m": 1.2192, "crown_h_m": 6.9342, "height_imputed": false, "width_imputed": false, "neighborhood": "North Oakland", "tree_id": "t00908" }, "geometry": { "type": "Point", "coordinates": [ -79.95723267, 40.44795212 ] } },
{ "type": "Feature", "properties": { "common_name": "Redcedar: Eastern", "condition": "Good", "height": 4.572, "width": 0.6096, "crown_r_m": 1.0, "crown_h_m": 2.9718, "height_imputed": false, "width_imputed": false, "neighborhood": "North Oakland", "tree_id": "t00909" }, "geometry": { "type": "Point", "coordinates": [ -79.95584222, 40.44911853 ] } },
{ "type": "Feature", "properties": { "common_name": "Redcedar: Eastern", "condition": "Good", "height": 4.572, "width": 0.6096, "crown_r_m": 1.0, "crown_h_m": 2.9718, "height_imputed": false, "width_imputed": false, "neighborhood": "North Oakland", "tree_id": "t00910" }, "geometry": { "type": "Point", "coordinates": [ -79.9558024, 40.44915133 ] } },
{ "type": "Feature", "properties": { "common_name": "London planetree", "condition": "Good", "height": 12.192, "width": 2.4384, "crown_r_m": 1.2192, "crown_h_m": 7.9248, "height_imputed": false, "width_imputed": false, "neighborhood": "North Oakland", "tree_id": "t00911" }, "geometry": { "type": "Point", "coordinates": [ -79.95622453, 40.44812837 ] } },
{ "type": "Feature", "properties": { "common_name": "London planetree", "condition": "Good", "height": 13.716, "width": 1.8288, "crown_r_m": 1.0, "crown_h_m": 8.9154, "height_imputed": false, "width_imputed": false, "neighborhood": "North Oakland", "tree_id": "t00912" }, "geometry": { "type": "Point", "coordinates": [ -79.9552986, 40.44738827 ] } },
{ "type": "Feature", "properties": { "common_name": "Sycamore: American", "condition": "Good", "height": 9.144, "width": 2.1336, "crown_r_m": 1.0668, "crown_h_m": 5.9436, "height_imputed": false, "width_imputed": false, "neighborhood": "North Oakland", "tree_id": "t00913" }, "geometry": { "type": "Point", "coordinates": [ -79.95633418, 40.44859568 ] } },
{ "type": "Feature", "properties": { "common_name": "Linden: Silver", "condition": "Good", "height": 4.572, "width": 1.8288, "crown_r_m": 1.0, "crown_h_m": 2.9718, "height_imputed": false, "width_imputed": false, "neighborhood": "North Oakland", "tree_id": "t00914" }, "geometry": { "type": "Point", "coordinates": [ -79.95170907, 40.45153479 ] } },
{ "type": "Feature", "properties": { "common_name": "Lilac: Japanese Tree", "condition": "Fair", "height": 3.048, "width": 1.524, "crown_r_m": 1.0, "crown_h_m": 1.9812, "height_imputed": false, "width_imputed": false, "neighborhood": "North Oakland", "tree_id": "t00915" }, "geometry": { "type": "Point", "coordinates": [ -79.94885457, 40.44658125 ] } },
{ "type": "Feature", "properties": { "common_name": "Lilac: Japanese Tree", "condition": "Fair", "height": 3.3528, "width": 1.524, "crown_r_m": 1.0, "crown_h_m": 2.17932, "height_imputed": false, "width_imputed": false, "neighborhood": "North Oakland", "tree_id": "t00916" }, "geometry": { "type": "Point", "coordinates": [ -79.94883987, 40.44649453 ] } },
{ "type": "Feature", "properties": { "common_name": "Maple: Amur", "condition": "Fair", "height": 3.048, "width": 1.2192, "crown_r_m": 1.0, "crown_h_m": 1.9812, "height_imputed": false, "width_imputed": false, "neighborhood": "North Oakland", "tree_id": "t00917" }, "geometry": { "type": "Point", "coordinates": [ -79.94863232, 40.44635808 ] } },
{ "type": "Feature", "properties": { "common_name": "Maple: Amur", "condition": "Poor", "height": 3.048, "width": 1.524, "crown_r_m": 1.0, "crown_h_m": 1.9812, "height_imputed": false, "width_imputed": false, "neighborhood": "North Oakland", "tree_id": "t00918" }, "geometry": { "type": "Point", "coordinates": [ -79.94880377, 40.44627257 ] } },
{ "type": "Feature", "properties": { "common_name": "Arborvitae: Eastern", "condition": "Good", "height": 2.1336, "width": 0.6096, "crown_r_m": 1.0, "crown_h_m": 1.5, "height_imputed": false, "width_imputed": false, "neighborhood": "North Oakland", "tree_id": "t00919" }, "geometry": { "type": "Point", "coordinates": [ -79.95616982, 40.44869975000001 ] } },
{ "type": "Feature", "properties": { "common_name": "Pear: Callery", "condition": "Fair", "height": 5.4864, "width": 1.8288, "crown_r_m": 1.0, "crown_h_m": 3.56616, "height_imputed": false, "width_imputed": false, "neighborhood": "North Oakland", "tree_id": "t00920" }, "geometry": { "type": "Point", "coordinates": [ -79.94870401, 40.4453849 ] } },
{ "type": "Feature", "properties": { "common_name": "Honeylocust: Thornless", "condition": "Fair", "height": 7.62, "width": 3.6576, "crown_r_m": 1.8288, "crown_h_m": 4.953, "height_imputed": false, "width_imputed": false, "neighborhood": "North Oakland", "tree_id": "t00921" }, "geometry": { "type": "Point", "coordinates": [ -79.94849868, 40.44534335 ] } },
{ "type": "Feature", "properties": { "common_name": "Pear: Callery", "condition": "Fair", "height": 10.668, "width": 2.1336, "crown_r_m": 1.0668, "crown_h_m": 6.9342, "height_imputed": false, "width_imputed": false, "neighborhood": "North Oakland", "tree_id": "t00922" }, "geometry": { "type": "Point", "coordinates": [ -79.94750043, 40.44533366 ] } },
{ "type": "Feature", "properties": { "common_name": "Hornbeam: European", "condition": "Good", "height": 4.572, "width": 1.524, "crown_r_m": 1.0, "crown_h_m": 2.9718, "height_imputed": false, "width_imputed": false, "neighborhood": "North Oakland", "tree_id": "t00923" }, "geometry": { "type": "Point", "coordinates": [ -79.95349742, 40.4434438 ] } },
{ "type": "Feature", "properties": { "common_name": "Pear: Callery", "condition": "Fair", "height": 5.1816, "width": 1.8288, "crown_r_m": 1.0, "crown_h_m": 3.36804, "height_imputed": false, "width_imputed": false, "neighborhood": "Central Oakland", "tree_id": "t00924" }, "geometry": { "type": "Point", "coordinates": [ -79.95418774, 40.44293780000001 ] } },
{ "type": "Feature", "properties": { "common_name": "Locust: Black", "condition": "Fair", "height": 13.716, "width": 4.572, "crown_r_m": 2.286, "crown_h_m": 8.9154, "height_imputed": false, "width_imputed": false, "neighborhood": "Central Oakland", "tree_id": "t00925" }, "geometry": { "type": "Point", "coordinates": [ -79.95203702, 40.44039472 ] } },
{ "type": "Feature", "properties": { "common_name": "Linden: Littleleaf", "condition": "Poor", "height": 7.62, "width": 2.1336, "crown_r_m": 1.0668, "crown_h_m": 4.953, "height_imputed": false, "width_imputed": false, "neighborhood": "Central Oakland", "tree_id": "t00926" }, "geometry": { "type": "Point", "coordinates": [ -79.95557793, 40.43947502 ] } },
{ "type": "Feature", "properties": { "common_name": "Pear: Callery", "condition": "Fair", "height": 10.668, "width": 2.1336, "crown_r_m": 1.0668, "crown_h_m": 6.9342, "height_imputed": false, "width_imputed": false, "neighborhood": "Central Oakland", "tree_id": "t00927" }, "geometry": { "type": "Point", "coordinates": [ -79.95515979, 40.43916771 ] } },
{ "type": "Feature", "properties": { "common_name": "Pear: Callery", "condition": "Fair", "height": 10.668, "width": 2.4384, "crown_r_m": 1.2192, "crown_h_m": 6.9342, "height_imputed": false, "width_imputed": false, "neighborhood": "Central Oakland", "tree_id": "t00928" }, "geometry": { "type": "Point", "coordinates": [ -79.95568007, 40.4394667 ] } },
{ "type": "Feature", "properties": { "common_name": "Pear: Callery", "condition": "Fair", "height": 10.668, "width": 1.8288, "crown_r_m": 1.0, "crown_h_m": 6.9342, "height_imputed": false, "width_imputed": false, "neighborhood": "Central Oakland", "tree_id": "t00929" }, "geometry": { "type": "Point", "coordinates": [ -79.95520768, 40.43797936 ] } },
{ "type": "Feature", "properties": { "common_name": "Maple: Norway", "condition": "Poor", "height": 12.192, "width": 2.1336, "crown_r_m": 1.0668, "crown_h_m": 7.9248, "height_imputed": false, "width_imputed": false, "neighborhood": "Central Oakland", "tree_id": "t00930" }, "geometry": { "type": "Point", "coordinates": [ -79.95564163, 40.43680193 ] } },
{ "type": "Feature", "properties": { "common_name": "Oak: Northern Red", "condition": "Fair", "height": 13.716, "width": 3.048, "crown_r_m": 1.524, "crown_h_m": 8.9154, "height_imputed": false, "width_imputed": false, "neighborhood": "Central Oakland", "tree_id": "t00931" }, "geometry": { "type": "Point", "coordinates": [ -79.95556632, 40.43674125 ] } },
{ "type": "Feature", "properties": { "common_name": "Maple: Norway", "condition": "Fair", "height": 12.192, "width": 2.4384, "crown_r_m": 1.2192, "crown_h_m": 7.9248, "height_imputed": false, "width_imputed": false, "neighborhood": "North Oakland", "tree_id": "t00932" }, "geometry": { "type": "Point", "coordinates": [ -79.95830114, 40.44443931 ] } },
{ "type": "Feature", "properties": { "common_name": "Zelkova: Japanese", "condition": "Fair", "height": 7.62, "width": 2.4384, "crown_r_m": 1.2192, "crown_h_m": 4.953, "height_imputed": false, "width_imputed": false, "neighborhood": "Central Oakland", "tree_id": "t00933" }, "geometry": { "type": "Point", "coordinates": [ -79.95989776, 40.4388305 ] } },
{ "type": "Feature", "properties": { "common_name": "Honeylocust: Thornless", "condition": "Poor", "height": 4.572, "width": 0.6096, "crown_r_m": 1.0, "crown_h_m": 2.9718, "height_imputed": false, "width_imputed": false, "neighborhood": "Central Oakland", "tree_id": "t00934" }, "geometry": { "type": "Point", "coordinates": [ -79.95668306, 40.4402899 ] } },
{ "type": "Feature", "properties": { "common_name": "Maple: Freeman", "condition": "Critical", "height": 6.096, "width": 2.1336, "crown_r_m": 1.0668, "crown_h_m": 3.9624, "height_imputed": false, "width_imputed": false, "neighborhood": "Central Oakland", "tree_id": "t00935" }, "geometry": { "type": "Point", "coordinates": [ -79.95646266, 40.44085965 ] } },
{ "type": "Feature", "properties": { "common_name": "Maple: Freeman", "condition": "Critical", "height": 5.1816, "width": 1.8288, "crown_r_m": 1.0, "crown_h_m": 3.36804, "height_imputed": false, "width_imputed": false, "neighborhood": "Central Oakland", "tree_id": "t00936" }, "geometry": { "type": "Point", "coordinates": [ -79.95639255, 40.44090511 ] } },
{ "type": "Feature", "properties": { "common_name": "Honeylocust: Thornless", "condition": "Fair", "height": 4.8768, "width": 2.4384, "crown_r_m": 1.2192, "crown_h_m": 3.16992, "height_imputed": false, "width_imputed": false, "neighborhood": "Central Oakland", "tree_id": "t00937" }, "geometry": { "type": "Point", "coordinates": [ -79.95623759, 40.44107482 ] } },
{ "type": "Feature", "properties": { "common_name": "Honeylocust: Thornless", "condition": "Fair", "height": 5.1816, "width": 2.1336, "crown_r_m": 1.0668, "crown_h_m": 3.36804, "height_imputed": false, "width_imputed": false, "neighborhood": "Central Oakland", "tree_id": "t00938" }, "geometry": { "type": "Point", "coordinates": [ -79.95591148, 40.441095599999983 ] } },
{ "type": "Feature", "properties": { "common_name": "Honeylocust: Thornless", "condition": "Fair", "height": 4.572, "width": 2.1336, "crown_r_m": 1.0668, "crown_h_m": 2.9718, "height_imputed": false, "width_imputed": false, "neighborhood": "Central Oakland", "tree_id": "t00939" }, "geometry": { "type": "Point", "coordinates": [ -79.95593966, 40.44107477 ] } },
{ "type": "Feature", "properties": { "common_name": "Honeylocust: Thornless", "condition": "Fair", "height": 4.572, "width": 2.1336, "crown_r_m": 1.0668, "crown_h_m": 2.9718, "height_imputed": false, "width_imputed": false, "neighborhood": "Central Oakland", "tree_id": "t00940" }, "geometry": { "type": "Point", "coordinates": [ -79.95616718, 40.44105807 ] } },
{ "type": "Feature", "properties": { "common_name": "Honeylocust: Thornless", "condition": "Good", "height": 6.096, "width": 2.4384, "crown_r_m": 1.2192, "crown_h_m": 3.9624, "height_imputed": false, "width_imputed": false, "neighborhood": "Central Oakland", "tree_id": "t00941" }, "geometry": { "type": "Point", "coordinates": [ -79.95610169, 40.44110344 ] } },
{ "type": "Feature", "properties": { "common_name": "Honeylocust: Thornless", "condition": "Fair", "height": 6.096, "width": 2.4384, "crown_r_m": 1.2192, "crown_h_m": 3.9624, "height_imputed": false, "width_imputed": false, "neighborhood": "Central Oakland", "tree_id": "t00942" }, "geometry": { "type": "Point", "coordinates": [ -79.95604555, 40.44115215 ] } },
{ "type": "Feature", "properties": { "common_name": "Honeylocust: Thornless", "condition": "Poor", "height": 6.096, "width": 1.8288, "crown_r_m": 1.0, "crown_h_m": 3.9624, "height_imputed": false, "width_imputed": false, "neighborhood": "North Oakland", "tree_id": "t00943" }, "geometry": { "type": "Point", "coordinates": [ -79.95122514000002, 40.45207344 ] } },
{ "type": "Feature", "properties": { "common_name": "Honeylocust: Thornless", "condition": "Critical", "height": 6.7056, "width": 1.8288, "crown_r_m": 1.0, "crown_h_m": 4.35864, "height_imputed": false, "width_imputed": false, "neighborhood": "North Oakland", "tree_id": "t00944" }, "geometry": { "type": "Point", "coordinates": [ -79.95173006, 40.45189604 ] } },
{ "type": "Feature", "properties": { "common_name": "Maple: Norway", "condition": "Fair", "height": 6.096, "width": 2.4384, "crown_r_m": 1.2192, "crown_h_m": 3.9624, "height_imputed": false, "width_imputed": false, "neighborhood": "Middle Hill", "tree_id": "t00945" }, "geometry": { "type": "Point", "coordinates": [ -79.96576317, 40.452594340000012 ] } },
{ "type": "Feature", "properties": { "common_name": "Elm: American", "condition": "Fair", "height": 7.62, "width": 2.4384, "crown_r_m": 1.2192, "crown_h_m": 4.953, "height_imputed": false, "width_imputed": false, "neighborhood": "Middle Hill", "tree_id": "t00946" }, "geometry": { "type": "Point", "coordinates": [ -79.96576924, 40.45258584 ] } },
{ "type": "Feature", "properties": { "common_name": "Sweetgum: American", "condition": "Poor", "height": 12.192, "width": 3.048, "crown_r_m": 1.524, "crown_h_m": 7.9248, "height_imputed": false, "width_imputed": false, "neighborhood": "Terrace Village", "tree_id": "t00947" }, "geometry": { "type": "Point", "coordinates": [ -79.96525208, 40.44855648 ] } },
{ "type": "Feature", "properties": { "common_name": "Linden: Littleleaf", "condition": "Fair", "height": 5.1816, "width": 2.4384, "crown_r_m": 1.2192, "crown_h_m": 3.36804, "height_imputed": false, "width_imputed": false, "neighborhood": "Squirrel Hill North", "tree_id": "t00948" }, "geometry": { "type": "Point", "coordinates": [ -79.94112273, 40.44422311 ] } },
{ "type": "Feature", "properties": { "common_name": "Elm: American", "condition": "Fair", "height": 12.192, "width": 3.6576, "crown_r_m": 1.8288, "crown_h_m": 7.9248, "height_imputed": false, "width_imputed": false, "neighborhood": "Squirrel Hill North", "tree_id": "t00949" }, "geometry": { "type": "Point", "coordinates": [ -79.94677917, 40.44610425 ] } },
{ "type": "Feature", "properties": { "common_name": "Oak: Pin", "condition": "Good", "height": 8.5344, "width": 2.4384, "crown_r_m": 1.2192, "crown_h_m": 5.54736, "height_imputed": false, "width_imputed": false, "neighborhood": "Shadyside", "tree_id": "t00950" }, "geometry": { "type": "Point", "coordinates": [ -79.9412761, 40.4517248 ] } },
{ "type": "Feature", "properties": { "common_name": "Honeylocust: Thornless", "condition": "Fair", "height": 3.9624, "width": 1.8288, "crown_r_m": 1.0, "crown_h_m": 2.57556, "height_imputed": false, "width_imputed": false, "neighborhood": "South Oakland", "tree_id": "t00951" }, "geometry": { "type": "Point", "coordinates": [ -79.9632425, 40.43693714 ] } },
{ "type": "Feature", "properties": { "common_name": "Maple: Sugar", "condition": "Fair", "height": 6.7056, "width": 1.8288, "crown_r_m": 1.0, "crown_h_m": 4.35864, "height_imputed": false, "width_imputed": false, "neighborhood": "Shadyside", "tree_id": "t00952" }, "geometry": { "type": "Point", "coordinates": [ -79.9443811, 40.45390738 ] } },
{ "type": "Feature", "properties": { "common_name": "Oak: Pin", "condition": "Fair", "height": 21.336, "width": 12.192, "crown_r_m": 6.096, "crown_h_m": 13.8684, "height_imputed": false, "width_imputed": false, "neighborhood": "Shadyside", "tree_id": "t00953" }, "geometry": { "type": "Point", "coordinates": [ -79.94610557, 40.45315015 ] } },
{ "type": "Feature", "properties": { "common_name": "Oak: Pin", "condition": "Fair", "height": 19.812, "width": 4.572, "crown_r_m": 2.286, "crown_h_m": 12.8778, "height_imputed": false, "width_imputed": false, "neighborhood": "Shadyside", "tree_id": "t00954" }, "geometry": { "type": "Point", "coordinates": [ -79.94590863, 40.45267955 ] } },
{ "type": "Feature", "properties": { "common_name": "Maple: Norway", "condition": "Fair", "height": 4.8768, "width": 1.2192, "crown_r_m": 1.0, "crown_h_m": 3.16992, "height_imputed": false, "width_imputed": false, "neighborhood": "Shadyside", "tree_id": "t00955" }, "geometry": { "type": "Point", "coordinates": [ -79.94576275, 40.452344850000017 ] } },
{ "type": "Feature", "properties": { "common_name": "Crabapple: Flowering", "condition": "Fair", "height": 1.8288, "width": 0.9144, "crown_r_m": 1.0, "crown_h_m": 1.5, "height_imputed": false, "width_imputed": false, "neighborhood": "Central Oakland", "tree_id": "t00956" }, "geometry": { "type": "Point", "coordinates": [ -79.95178008, 40.43605923 ] } },
{ "type": "Feature", "properties": { "common_name": "Crabapple: Flowering", "condition": "Good", "height": 2.7432, "width": 1.2192, "crown_r_m": 1.0, "crown_h_m": 1.78308, "height_imputed": false, "width_imputed": false, "neighborhood": "Central Oakland", "tree_id": "t00957" }, "geometry": { "type": "Point", "coordinates": [ -79.9516087, 40.43646866000001 ] } },
{ "type": "Feature", "properties": { "common_name": "Maple: Red", "condition": "Fair", "height": 10.0584, "width": 3.048, "crown_r_m": 1.524, "crown_h_m": 6.53796, "height_imputed": false, "width_imputed": false, "neighborhood": "Central Oakland", "tree_id": "t00958" }, "geometry": { "type": "Point", "coordinates": [ -79.95477862, 40.43720056 ] } },
{ "type": "Feature", "properties": { "common_name": "Maple: Freeman", "condition": "Fair", "height": 9.144, "width": 2.1336, "crown_r_m": 1.0668, "crown_h_m": 5.9436, "height_imputed": false, "width_imputed": false, "neighborhood": "Central Oakland", "tree_id": "t00959" }, "geometry": { "type": "Point", "coordinates": [ -79.95585139, 40.43613089 ] } },
{ "type": "Feature", "properties": { "common_name": "Crabapple: Flowering", "condition": "Fair", "height": 7.9248, "width": 1.524, "crown_r_m": 1.0, "crown_h_m": 5.15112, "height_imputed": false, "width_imputed": false, "neighborhood": "Central Oakland", "tree_id": "t00960" }, "geometry": { "type": "Point", "coordinates": [ -79.95675715, 40.43607678 ] } },
{ "type": "Feature", "properties": { "common_name": "Crabapple: Flowering", "condition": "Fair", "height": 8.2296, "width": 2.4384, "crown_r_m": 1.2192, "crown_h_m": 5.34924, "height_imputed": false, "width_imputed": false, "neighborhood": "Central Oakland", "tree_id": "t00961" }, "geometry": { "type": "Point", "coordinates": [ -79.95696309, 40.43608283 ] } },
{ "type": "Feature", "properties": { "common_name": "Honeylocust: Thornless", "condition": "Poor", "height": 4.572, "width": 1.8288, "crown_r_m": 1.0, "crown_h_m": 2.9718, "height_imputed": false, "width_imputed": false, "neighborhood": "Terrace Village", "tree_id": "t00962" }, "geometry": { "type": "Point", "coordinates": [ -79.96877208, 40.43957173 ] } },
{ "type": "Feature", "properties": { "common_name": "Honeylocust: Thornless", "condition": "Poor", "height": 5.4864, "width": 1.8288, "crown_r_m": 1.0, "crown_h_m": 3.56616, "height_imputed": false, "width_imputed": false, "neighborhood": "Terrace Village", "tree_id": "t00963" }, "geometry": { "type": "Point", "coordinates": [ -79.96862191, 40.43951928 ] } },
{ "type": "Feature", "properties": { "common_name": "Honeylocust: Thornless", "condition": "Fair", "height": 7.3152, "width": 1.8288, "crown_r_m": 1.0, "crown_h_m": 4.75488, "height_imputed": false, "width_imputed": false, "neighborhood": "Terrace Village", "tree_id": "t00964" }, "geometry": { "type": "Point", "coordinates": [ -79.96849504, 40.43947838 ] } },
{ "type": "Feature", "properties": { "common_name": "Honeylocust: Thornless", "condition": "Fair", "height": 7.3152, "width": 1.8288, "crown_r_m": 1.0, "crown_h_m": 4.75488, "height_imputed": false, "width_imputed": false, "neighborhood": "Terrace Village", "tree_id": "t00965" }, "geometry": { "type": "Point", "coordinates": [ -79.96809857, 40.43942328 ] } },
{ "type": "Feature", "properties": { "common_name": "Honeylocust: Thornless", "condition": "Fair", "height": 6.7056, "width": 1.8288, "crown_r_m": 1.0, "crown_h_m": 4.35864, "height_imputed": false, "width_imputed": false, "neighborhood": "Terrace Village", "tree_id": "t00966" }, "geometry": { "type": "Point", "coordinates": [ -79.96778902, 40.43944213 ] } },
{ "type": "Feature", "properties": { "common_name": "Honeylocust: Thornless", "condition": "Fair", "height": 7.3152, "width": 2.1336, "crown_r_m": 1.0668, "crown_h_m": 4.75488, "height_imputed": false, "width_imputed": false, "neighborhood": "Terrace Village", "tree_id": "t00967" }, "geometry": { "type": "Point", "coordinates": [ -79.9675696, 40.43970639 ] } },
{ "type": "Feature", "properties": { "common_name": "Honeylocust: Thornless", "condition": "Fair", "height": 7.9248, "width": 2.1336, "crown_r_m": 1.0668, "crown_h_m": 5.15112, "height_imputed": false, "width_imputed": false, "neighborhood": "Terrace Village", "tree_id": "t00968" }, "geometry": { "type": "Point", "coordinates": [ -79.9674553, 40.43960715 ] } },
{ "type": "Feature", "properties": { "common_name": "Honeylocust: Thornless", "condition": "Critical", "height": 4.2672, "width": 2.1336, "crown_r_m": 1.0668, "crown_h_m": 2.77368, "height_imputed": false, "width_imputed": false, "neighborhood": "Terrace Village", "tree_id": "t00969" }, "geometry": { "type": "Point", "coordinates": [ -79.9674953, 40.43950218 ] } },
{ "type": "Feature", "properties": { "common_name": "Hornbeam: European", "condition": "Fair", "height": 3.9624, "width": 0.3048, "crown_r_m": 1.0, "crown_h_m": 2.57556, "height_imputed": false, "width_imputed": false, "neighborhood": "Terrace Village", "tree_id": "t00970" }, "geometry": { "type": "Point", "coordinates": [ -79.96754229, 40.4393897 ] } },
{ "type": "Feature", "properties": { "common_name": "Hornbeam: European", "condition": "Fair", "height": 4.572, "width": 0.3048, "crown_r_m": 1.0, "crown_h_m": 2.9718, "height_imputed": false, "width_imputed": false, "neighborhood": "Terrace Village", "tree_id": "t00971" }, "geometry": { "type": "Point", "coordinates": [ -79.96755526, 40.43938023 ] } },
{ "type": "Feature", "properties": { "common_name": "Maple: Sugar", "condition": "Fair", "height": 4.8768, "width": 1.8288, "crown_r_m": 1.0, "crown_h_m": 3.16992, "height_imputed": false, "width_imputed": false, "neighborhood": "Terrace Village", "tree_id": "t00972" }, "geometry": { "type": "Point", "coordinates": [ -79.967596310000019, 40.439270619999988 ] } },
{ "type": "Feature", "properties": { "common_name": "Honeylocust: Thornless", "condition": "Fair", "height": 6.096, "width": 2.1336, "crown_r_m": 1.0668, "crown_h_m": 3.9624, "height_imputed": false, "width_imputed": false, "neighborhood": "Terrace Village", "tree_id": "t00973" }, "geometry": { "type": "Point", "coordinates": [ -79.96807742, 40.43929367 ] } },
{ "type": "Feature", "properties": { "common_name": "Maple: Red", "condition": "Fair", "height": 3.9624, "width": 1.8288, "crown_r_m": 1.0, "crown_h_m": 2.57556, "height_imputed": false, "width_imputed": false, "neighborhood": "Terrace Village", "tree_id": "t00974" }, "geometry": { "type": "Point", "coordinates": [ -79.96861598, 40.43906385 ] } },
{ "type": "Feature", "properties": { "common_name": "Maple: Red", "condition": "Critical", "height": 3.048, "width": 1.8288, "crown_r_m": 1.0, "crown_h_m": 1.9812, "height_imputed": false, "width_imputed": false, "neighborhood": "Terrace Village", "tree_id": "t00975" }, "geometry": { "type": "Point", "coordinates": [ -79.9683904, 40.43915902 ] } },
{ "type": "Feature", "properties": { "common_name": "Maple: Red", "condition": "Critical", "height": 3.3528, "width": 1.8288, "crown_r_m": 1.0, "crown_h_m": 2.17932, "height_imputed": false, "width_imputed": false, "neighborhood": "Terrace Village", "tree_id": "t00976" }, "geometry": { "type": "Point", "coordinates": [ -79.96843622, 40.43908437 ] } },
{ "type": "Feature", "properties": { "common_name": "Honeylocust: Thornless", "condition": "Fair", "height": 3.9624, "width": 1.524, "crown_r_m": 1.0, "crown_h_m": 2.57556, "height_imputed": false, "width_imputed": false, "neighborhood": "West Oakland", "tree_id": "t00977" }, "geometry": { "type": "Point", "coordinates": [ -79.96673248, 40.43990458 ] } },
{ "type": "Feature", "properties": { "common_name": "Honeylocust: Thornless", "condition": "Fair", "height": 3.6576, "width": 1.524, "crown_r_m": 1.0, "crown_h_m": 2.37744, "height_imputed": false, "width_imputed": false, "neighborhood": "West Oakland", "tree_id": "t00978" }, "geometry": { "type": "Point", "coordinates": [ -79.96675451, 40.43998715 ] } },
{ "type": "Feature", "properties": { "common_name": "Hackberry: Common", "condition": "Fair", "height": 3.048, "width": 1.524, "crown_r_m": 1.0, "crown_h_m": 1.9812, "height_imputed": false, "width_imputed": false, "neighborhood": "South Oakland", "tree_id": "t00979" }, "geometry": { "type": "Point", "coordinates": [ -79.96366776, 40.43764965 ] } },
{ "type": "Feature", "properties": { "common_name": "Locust: Black", "condition": "Poor", "height": 3.6576, "width": 1.524, "crown_r_m": 1.0, "crown_h_m": 2.37744, "height_imputed": false, "width_imputed": false, "neighborhood": "South Oakland", "tree_id": "t00980" }, "geometry": { "type": "Point", "coordinates": [ -79.96822206, 40.43638546 ] } },
{ "type": "Feature", "properties": { "common_name": "Dogwood: Corneliancherry", "condition": "Good", "height": 2.4384, "width": 1.2192, "crown_r_m": 1.0, "crown_h_m": 1.58496, "height_imputed": false, "width_imputed": false, "neighborhood": "West Oakland", "tree_id": "t00981" }, "geometry": { "type": "Point", "coordinates": [ -79.9656137, 40.44198151 ] } },
{ "type": "Feature", "properties": { "common_name": "Serviceberry: Downy", "condition": "Good", "height": 4.2672, "width": 1.8288, "crown_r_m": 1.0, "crown_h_m": 2.77368, "height_imputed": false, "width_imputed": false, "neighborhood": "West Oakland", "tree_id": "t00982" }, "geometry": { "type": "Point", "coordinates": [ -79.96666572, 40.44206 ] } },
{ "type": "Feature", "properties": { "common_name": "Locust: Black", "condition": "Fair", "height": 13.4112, "width": 4.2672, "crown_r_m": 2.1336, "crown_h_m": 8.71728, "height_imputed": false, "width_imputed": false, "neighborhood": "West Oakland", "tree_id": "t00983" }, "geometry": { "type": "Point", "coordinates": [ -79.96675299, 40.44100615 ] } },
{ "type": "Feature", "properties": { "common_name": "Elm: American", "condition": "Poor", "height": 2.4384, "width": 0.6096, "crown_r_m": 1.0, "crown_h_m": 1.58496, "height_imputed": false, "width_imputed": false, "neighborhood": "West Oakland", "tree_id": "t00984" }, "geometry": { "type": "Point", "coordinates": [ -79.96756412, 40.44086149 ] } },
{ "type": "Feature", "properties": { "common_name": "Honeylocust: Thornless", "condition": "Fair", "height": 7.9248, "width": 1.8288, "crown_r_m": 1.0, "crown_h_m": 5.15112, "height_imputed": false, "width_imputed": false, "neighborhood": "Terrace Village", "tree_id": "t00985" }, "geometry": { "type": "Point", "coordinates": [ -79.9687099, 40.44052504 ] } },
{ "type": "Feature", "properties": { "common_name": "Dogwood: Corneliancherry", "condition": "Fair", "height": 2.4384, "width": 1.2192, "crown_r_m": 1.0, "crown_h_m": 1.58496, "height_imputed": false, "width_imputed": false, "neighborhood": "Shadyside", "tree_id": "t00986" }, "geometry": { "type": "Point", "coordinates": [ -79.94552243, 40.450121189999983 ] } },
{ "type": "Feature", "properties": { "common_name": "Linden: Littleleaf", "condition": "Fair", "height": 16.764, "width": 4.8768, "crown_r_m": 2.4384, "crown_h_m": 10.8966, "height_imputed": false, "width_imputed": false, "neighborhood": "Shadyside", "tree_id": "t00987" }, "geometry": { "type": "Point", "coordinates": [ -79.94567899, 40.4497602 ] } },
{ "type": "Feature", "properties": { "common_name": "Pear: Callery", "condition": "Fair", "height": 4.572, "width": 1.524, "crown_r_m": 1.0, "crown_h_m": 2.9718, "height_imputed": false, "width_imputed": false, "neighborhood": "Shadyside", "tree_id": "t00988" }, "geometry": { "type": "Point", "coordinates": [ -79.94580459, 40.44966453 ] } },
{ "type": "Feature", "properties": { "common_name": "Honeylocust: Thornless", "condition": "Fair", "height": 10.668, "width": 4.572, "crown_r_m": 2.286, "crown_h_m": 6.9342, "height_imputed": false, "width_imputed": false, "neighborhood": "Shadyside", "tree_id": "t00989" }, "geometry": { "type": "Point", "coordinates": [ -79.94634244, 40.44874918 ] } },
{ "type": "Feature", "properties": { "common_name": "Maple: Red", "condition": "Fair", "height": 12.192, "width": 4.2672, "crown_r_m": 2.1336, "crown_h_m": 7.9248, "height_imputed": false, "width_imputed": false, "neighborhood": "North Oakland", "tree_id": "t00990" }, "geometry": { "type": "Point", "coordinates": [ -79.94887827, 40.45053328 ] } },
{ "type": "Feature", "properties": { "common_name": "Maple: Hedge", "condition": "Fair", "height": 6.7056, "width": 1.8288, "crown_r_m": 1.0, "crown_h_m": 4.35864, "height_imputed": false, "width_imputed": false, "neighborhood": "Shadyside", "tree_id": "t00991" }, "geometry": { "type": "Point", "coordinates": [ -79.94943334, 40.45217162 ] } },
{ "type": "Feature", "properties": { "common_name": "Ash: Green", "condition": "Poor", "height": 4.8768, "width": 2.1336, "crown_r_m": 1.0668, "crown_h_m": 3.16992, "height_imputed": false, "width_imputed": false, "neighborhood": "Central Oakland", "tree_id": "t00992" }, "geometry": { "type": "Point", "coordinates": [ -79.95168924, 40.43886727 ] } },
{ "type": "Feature", "properties": { "common_name": "Maple: Norway", "condition": "Fair", "height": 7.62, "width": 2.4384, "crown_r_m": 1.2192, "crown_h_m": 4.953, "height_imputed": false, "width_imputed": false, "neighborhood": "Central Oakland", "tree_id": "t00993" }, "geometry": { "type": "Point", "coordinates": [ -79.9518783, 40.43938111 ] } },
{ "type": "Feature", "properties": { "common_name": "Maple: Red", "condition": "Fair", "height": 10.9728, "width": 2.1336, "crown_r_m": 1.0668, "crown_h_m": 7.13232, "height_imputed": false, "width_imputed": false, "neighborhood": "Central Oakland", "tree_id": "t00994" }, "geometry": { "type": "Point", "coordinates": [ -79.95111536, 40.43682359 ] } },
{ "type": "Feature", "properties": { "common_name": "London planetree", "condition": "Poor", "height": 13.716, "width": 4.2672, "crown_r_m": 2.1336, "crown_h_m": 8.9154, "height_imputed": false, "width_imputed": false, "neighborhood": "North Oakland", "tree_id": "t00995" }, "geometry": { "type": "Point", "coordinates": [ -79.95394768, 40.44615285 ] } },
{ "type": "Feature", "properties": { "common_name": "London planetree", "condition": "Poor", "height": 15.24, "width": 3.6576, "crown_r_m": 1.8288, "crown_h_m": 9.906, "height_imputed": false, "width_imputed": false, "neighborhood": "North Oakland", "tree_id": "t00996" }, "geometry": { "type": "Point", "coordinates": [ -79.95405171, 40.44623399 ] } },
{ "type": "Feature", "properties": { "common_name": "London planetree", "condition": "Fair", "height": 16.764, "width": 6.096, "crown_r_m": 3.048, "crown_h_m": 10.8966, "height_imputed": false, "width_imputed": false, "neighborhood": "North Oakland", "tree_id": "t00997" }, "geometry": { "type": "Point", "coordinates": [ -79.95623724, 40.44700601 ] } },
{ "type": "Feature", "properties": { "common_name": "London planetree", "condition": "Fair", "height": 18.288, "width": 4.572, "crown_r_m": 2.286, "crown_h_m": 11.8872, "height_imputed": false, "width_imputed": false, "neighborhood": "North Oakland", "tree_id": "t00998" }, "geometry": { "type": "Point", "coordinates": [ -79.95602538, 40.44678720000001 ] } },
{ "type": "Feature", "properties": { "common_name": "London planetree", "condition": "Fair", "height": 16.764, "width": 7.62, "crown_r_m": 3.81, "crown_h_m": 10.8966, "height_imputed": false, "width_imputed": false, "neighborhood": "North Oakland", "tree_id": "t00999" }, "geometry": { "type": "Point", "coordinates": [ -79.95573079, 40.44659473 ] } },
{ "type": "Feature", "properties": { "common_name": "London planetree", "condition": "Good", "height": 19.812, "width": 3.9624, "crown_r_m": 1.9812, "crown_h_m": 12.8778, "height_imputed": false, "width_imputed": false, "neighborhood": "North Oakland", "tree_id": "t01000" }, "geometry": { "type": "Point", "coordinates": [ -79.95485682, 40.44703596 ] } },
{ "type": "Feature", "properties": { "common_name": "London planetree", "condition": "Fair", "height": 14.6304, "width": 3.6576, "crown_r_m": 1.8288, "crown_h_m": 9.50976, "height_imputed": false, "width_imputed": false, "neighborhood": "Shadyside", "tree_id": "t01001" }, "geometry": { "type": "Point", "coordinates": [ -79.94664653, 40.4522015 ] } },
{ "type": "Feature", "properties": { "common_name": "London planetree", "condition": "Fair", "height": 16.764, "width": 4.8768, "crown_r_m": 2.4384, "crown_h_m": 10.8966, "height_imputed": false, "width_imputed": false, "neighborhood": "Central Oakland", "tree_id": "t01002" }, "geometry": { "type": "Point", "coordinates": [ -79.95087623, 40.43706717 ] } },
{ "type": "Feature", "properties": { "common_name": "London planetree", "condition": "Good", "height": 18.288, "width": 3.6576, "crown_r_m": 1.8288, "crown_h_m": 11.8872, "height_imputed": false, "width_imputed": false, "neighborhood": "North Oakland", "tree_id": "t01003" }, "geometry": { "type": "Point", "coordinates": [ -79.95521267, 40.44714569 ] } },
{ "type": "Feature", "properties": { "common_name": "London planetree", "condition": "Good", "height": 15.24, "width": 2.7432, "crown_r_m": 1.3716, "crown_h_m": 9.906, "height_imputed": false, "width_imputed": false, "neighborhood": "North Oakland", "tree_id": "t01004" }, "geometry": { "type": "Point", "coordinates": [ -79.95640594, 40.44809687 ] } },
{ "type": "Feature", "properties": { "common_name": "London planetree", "condition": "Good", "height": 18.288, "width": 4.572, "crown_r_m": 2.286, "crown_h_m": 11.8872, "height_imputed": false, "width_imputed": false, "neighborhood": "North Oakland", "tree_id": "t01005" }, "geometry": { "type": "Point", "coordinates": [ -79.95647775, 40.4470045 ] } },
{ "type": "Feature", "properties": { "common_name": "London planetree", "condition": "Good", "height": 21.336, "width": 3.048, "crown_r_m": 1.524, "crown_h_m": 13.8684, "height_imputed": false, "width_imputed": false, "neighborhood": "North Oakland", "tree_id": "t01006" }, "geometry": { "type": "Point", "coordinates": [ -79.95687646, 40.44735562 ] } },
{ "type": "Feature", "properties": { "common_name": "London planetree", "condition": "Fair", "height": 6.096, "width": 3.048, "crown_r_m": 1.524, "crown_h_m": 3.9624, "height_imputed": false, "width_imputed": false, "neighborhood": "North Oakland", "tree_id": "t01007" }, "geometry": { "type": "Point", "coordinates": [ -79.95727997, 40.44785318 ] } },
{ "type": "Feature", "properties": { "common_name": "London planetree", "condition": "Fair", "height": 18.288, "width": 7.62, "crown_r_m": 3.81, "crown_h_m": 11.8872, "height_imputed": false, "width_imputed": false, "neighborhood": "North Oakland", "tree_id": "t01008" }, "geometry": { "type": "Point", "coordinates": [ -79.95717002, 40.44775574 ] } },
{ "type": "Feature", "properties": { "common_name": "London planetree", "condition": "Fair", "height": 16.764, "width": 7.62, "crown_r_m": 3.81, "crown_h_m": 10.8966, "height_imputed": false, "width_imputed": false, "neighborhood": "North Oakland", "tree_id": "t01009" }, "geometry": { "type": "Point", "coordinates": [ -79.95698241, 40.44760726 ] } },
{ "type": "Feature", "properties": { "common_name": "London planetree", "condition": "Good", "height": 18.288, "width": 6.096, "crown_r_m": 3.048, "crown_h_m": 11.8872, "height_imputed": false, "width_imputed": false, "neighborhood": "North Oakland", "tree_id": "t01010" }, "geometry": { "type": "Point", "coordinates": [ -79.95717518, 40.44758146 ] } },
{ "type": "Feature", "properties": { "common_name": "London planetree", "condition": "Fair", "height": 18.288, "width": 3.048, "crown_r_m": 1.524, "crown_h_m": 11.8872, "height_imputed": false, "width_imputed": false, "neighborhood": "North Oakland", "tree_id": "t01011" }, "geometry": { "type": "Point", "coordinates": [ -79.9574206, 40.4479756 ] } },
{ "type": "Feature", "properties": { "common_name": "London planetree", "condition": "Good", "height": 10.668, "width": 2.4384, "crown_r_m": 1.2192, "crown_h_m": 6.9342, "height_imputed": false, "width_imputed": false, "neighborhood": "North Oakland", "tree_id": "t01012" }, "geometry": { "type": "Point", "coordinates": [ -79.95730377, 40.44805524 ] } },
{ "type": "Feature", "properties": { "common_name": "London planetree", "condition": "Fair", "height": 16.764, "width": 6.096, "crown_r_m": 3.048, "crown_h_m": 10.8966, "height_imputed": false, "width_imputed": false, "neighborhood": "North Oakland", "tree_id": "t01013" }, "geometry": { "type": "Point", "coordinates": [ -79.95695539, 40.44830243 ] } },
{ "type": "Feature", "properties": { "common_name": "London planetree", "condition": "Fair", "height": 16.764, "width": 9.144, "crown_r_m": 4.572, "crown_h_m": 10.8966, "height_imputed": false, "width_imputed": false, "neighborhood": "North Oakland", "tree_id": "t01014" }, "geometry": { "type": "Point", "coordinates": [ -79.95662029, 40.44856872 ] } },
{ "type": "Feature", "properties": { "common_name": "London planetree", "condition": "Good", "height": 16.764, "width": 2.4384, "crown_r_m": 1.2192, "crown_h_m": 10.8966, "height_imputed": false, "width_imputed": false, "neighborhood": "North Oakland", "tree_id": "t01015" }, "geometry": { "type": "Point", "coordinates": [ -79.95368393, 40.45066032 ] } },
{ "type": "Feature", "properties": { "common_name": "London planetree", "condition": "Good", "height": 18.288, "width": 4.572, "crown_r_m": 2.286, "crown_h_m": 11.8872, "height_imputed": false, "width_imputed": false, "neighborhood": "North Oakland", "tree_id": "t01016" }, "geometry": { "type": "Point", "coordinates": [ -79.95711584, 40.44803445 ] } },
{ "type": "Feature", "properties": { "common_name": "London planetree", "condition": "Fair", "height": 9.144, "width": 3.048, "crown_r_m": 1.524, "crown_h_m": 5.9436, "height_imputed": false, "width_imputed": false, "neighborhood": "North Oakland", "tree_id": "t01017" }, "geometry": { "type": "Point", "coordinates": [ -79.95587452, 40.44892006 ] } },
{ "type": "Feature", "properties": { "common_name": "London planetree", "condition": "Fair", "height": 13.716, "width": 4.8768, "crown_r_m": 2.4384, "crown_h_m": 8.9154, "height_imputed": false, "width_imputed": false, "neighborhood": "North Oakland", "tree_id": "t01018" }, "geometry": { "type": "Point", "coordinates": [ -79.95615551, 40.44871123 ] } },
{ "type": "Feature", "properties": { "common_name": "London planetree", "condition": "Good", "height": 13.716, "width": 4.572, "crown_r_m": 2.286, "crown_h_m": 8.9154, "height_imputed": false, "width_imputed": false, "neighborhood": "North Oakland", "tree_id": "t01019" }, "geometry": { "type": "Point", "coordinates": [ -79.95620272, 40.44867989 ] } },
{ "type": "Feature", "properties": { "common_name": "London planetree", "condition": "Fair", "height": 13.716, "width": 7.62, "crown_r_m": 3.81, "crown_h_m": 8.9154, "height_imputed": false, "width_imputed": false, "neighborhood": "Upper Hill", "tree_id": "t01020" }, "geometry": { "type": "Point", "coordinates": [ -79.95599665, 40.45021434 ] } },
{ "type": "Feature", "properties": { "common_name": "London planetree", "condition": "Fair", "height": 16.764, "width": 2.4384, "crown_r_m": 1.2192, "crown_h_m": 10.8966, "height_imputed": false, "width_imputed": false, "neighborhood": "Upper Hill", "tree_id": "t01021" }, "geometry": { "type": "Point", "coordinates": [ -79.96435331, 40.45359258 ] } },
{ "type": "Feature", "properties": { "common_name": "London planetree", "condition": "Poor", "height": 9.144, "width": 3.048, "crown_r_m": 1.524, "crown_h_m": 5.9436, "height_imputed": false, "width_imputed": false, "neighborhood": "Upper Hill", "tree_id": "t01022" }, "geometry": { "type": "Point", "coordinates": [ -79.964524110000013, 40.45410119 ] } },
{ "type": "Feature", "properties": { "common_name": "London planetree", "condition": "Poor", "height": 16.764, "width": 3.6576, "crown_r_m": 1.8288, "crown_h_m": 10.8966, "height_imputed": false, "width_imputed": false, "neighborhood": "Shadyside", "tree_id": "t01023" }, "geometry": { "type": "Point", "coordinates": [ -79.9412306, 40.44904898 ] } },
{ "type": "Feature", "properties": { "common_name": "London planetree", "condition": "Fair", "height": 16.764, "width": 3.6576, "crown_r_m": 1.8288, "crown_h_m": 10.8966, "height_imputed": false, "width_imputed": false, "neighborhood": "Shadyside", "tree_id": "t01024" }, "geometry": { "type": "Point", "coordinates": [ -79.94148961, 40.44902776 ] } },
{ "type": "Feature", "properties": { "common_name": "London planetree", "condition": "Fair", "height": 16.764, "width": 3.9624, "crown_r_m": 1.9812, "crown_h_m": 10.8966, "height_imputed": false, "width_imputed": false, "neighborhood": "Shadyside", "tree_id": "t01025" }, "geometry": { "type": "Point", "coordinates": [ -79.94163538, 40.449025 ] } },
{ "type": "Feature", "properties": { "common_name": "London planetree", "condition": "Fair", "height": 16.764, "width": 10.668, "crown_r_m": 5.334, "crown_h_m": 10.8966, "height_imputed": false, "width_imputed": false, "neighborhood": "North Oakland", "tree_id": "t01026" }, "geometry": { "type": "Point", "coordinates": [ -79.95320694, 40.44683804 ] } },
{ "type": "Feature", "properties": { "common_name": "London planetree", "condition": "Fair", "height": 16.764, "width": 6.096, "crown_r_m": 3.048, "crown_h_m": 10.8966, "height_imputed": false, "width_imputed": false, "neighborhood": "North Oakland", "tree_id": "t01027" }, "geometry": { "type": "Point", "coordinates": [ -79.9556615, 40.44651004 ] } },
{ "type": "Feature", "properties": { "common_name": "London planetree", "condition": "Good", "height": 13.716, "width": 2.4384, "crown_r_m": 1.2192, "crown_h_m": 8.9154, "height_imputed": false, "width_imputed": false, "neighborhood": "North Oakland", "tree_id": "t01028" }, "geometry": { "type": "Point", "coordinates": [ -79.95655904, 40.445466879999984 ] } },
{ "type": "Feature", "properties": { "common_name": "London planetree", "condition": "Good", "height": 19.812, "width": 4.572, "crown_r_m": 2.286, "crown_h_m": 12.8778, "height_imputed": false, "width_imputed": false, "neighborhood": "North Oakland", "tree_id": "t01029" }, "geometry": { "type": "Point", "coordinates": [ -79.95658973, 40.4471088 ] } },
{ "type": "Feature", "properties": { "common_name": "London planetree", "condition": "Good", "height": 19.812, "width": 4.572, "crown_r_m": 2.286, "crown_h_m": 12.8778, "height_imputed": false, "width_imputed": false, "neighborhood": "North Oakland", "tree_id": "t01030" }, "geometry": { "type": "Point", "coordinates": [ -79.95675408, 40.44723768 ] } },
{ "type": "Feature", "properties": { "common_name": "London planetree", "condition": "Fair", "height": 19.812, "width": 3.9624, "crown_r_m": 1.9812, "crown_h_m": 12.8778, "height_imputed": false, "width_imputed": false, "neighborhood": "North Oakland", "tree_id": "t01031" }, "geometry": { "type": "Point", "coordinates": [ -79.95680413, 40.44727405 ] } },
{ "type": "Feature", "properties": { "common_name": "London planetree", "condition": "Fair", "height": 18.288, "width": 7.62, "crown_r_m": 3.81, "crown_h_m": 11.8872, "height_imputed": false, "width_imputed": false, "neighborhood": "North Oakland", "tree_id": "t01032" }, "geometry": { "type": "Point", "coordinates": [ -79.95709669, 40.447671429999986 ] } },
{ "type": "Feature", "properties": { "common_name": "London planetree", "condition": "Very Good", "height": 18.288, "width": 3.6576, "crown_r_m": 1.8288, "crown_h_m": 11.8872, "height_imputed": false, "width_imputed": false, "neighborhood": "North Oakland", "tree_id": "t01033" }, "geometry": { "type": "Point", "coordinates": [ -79.95726614, 40.44765161 ] } },
{ "type": "Feature", "properties": { "common_name": "London planetree", "condition": "Good", "height": 9.144, "width": 2.7432, "crown_r_m": 1.3716, "crown_h_m": 5.9436, "height_imputed": false, "width_imputed": false, "neighborhood": "North Oakland", "tree_id": "t01034" }, "geometry": { "type": "Point", "coordinates": [ -79.95728085, 40.44807365 ] } },
{ "type": "Feature", "properties": { "common_name": "London planetree", "condition": "Fair", "height": 18.288, "width": 6.096, "crown_r_m": 3.048, "crown_h_m": 11.8872, "height_imputed": false, "width_imputed": false, "neighborhood": "North Oakland", "tree_id": "t01035" }, "geometry": { "type": "Point", "coordinates": [ -79.957241700000012, 40.44809375 ] } },
{ "type": "Feature", "properties": { "common_name": "London planetree", "condition": "Fair", "height": 13.716, "width": 6.096, "crown_r_m": 3.048, "crown_h_m": 8.9154, "height_imputed": false, "width_imputed": false, "neighborhood": "Upper Hill", "tree_id": "t01036" }, "geometry": { "type": "Point", "coordinates": [ -79.95583528, 40.45031248 ] } },
{ "type": "Feature", "properties": { "common_name": "London planetree", "condition": "Poor", "height": 12.192, "width": 7.62, "crown_r_m": 3.81, "crown_h_m": 7.9248, "height_imputed": false, "width_imputed": false, "neighborhood": "Upper Hill", "tree_id": "t01037" }, "geometry": { "type": "Point", "coordinates": [ -79.95487695, 40.45108209 ] } },
{ "type": "Feature", "properties": { "common_name": "London planetree", "condition": "Fair", "height": 15.24, "width": 5.4864, "crown_r_m": 2.7432, "crown_h_m": 9.906, "height_imputed": false, "width_imputed": false, "neighborhood": "North Oakland", "tree_id": "t01038" }, "geometry": { "type": "Point", "coordinates": [ -79.95447308, 40.45179383 ] } },
{ "type": "Feature", "properties": { "common_name": "London planetree", "condition": "Fair", "height": 4.572, "width": 1.2192, "crown_r_m": 1.0, "crown_h_m": 2.9718, "height_imputed": false, "width_imputed": false, "neighborhood": "North Oakland", "tree_id": "t01039" }, "geometry": { "type": "Point", "coordinates": [ -79.95100439, 40.45213425 ] } },
{ "type": "Feature", "properties": { "common_name": "London planetree", "condition": "Fair", "height": 15.24, "width": 10.668, "crown_r_m": 5.334, "crown_h_m": 9.906, "height_imputed": false, "width_imputed": false, "neighborhood": "Upper Hill", "tree_id": "t01040" }, "geometry": { "type": "Point", "coordinates": [ -79.96365378, 40.4544147 ] } },
{ "type": "Feature", "properties": { "common_name": "London planetree", "condition": "Fair", "height": 7.62, "width": 2.4384, "crown_r_m": 1.2192, "crown_h_m": 4.953, "height_imputed": false, "width_imputed": false, "neighborhood": "Upper Hill", "tree_id": "t01041" }, "geometry": { "type": "Point", "coordinates": [ -79.95939222, 40.45387614 ] } },
{ "type": "Feature", "properties": { "common_name": "London planetree", "condition": "Good", "height": 7.62, "width": 2.4384, "crown_r_m": 1.2192, "crown_h_m": 4.953, "height_imputed": false, "width_imputed": false, "neighborhood": "Upper Hill", "tree_id": "t01042" }, "geometry": { "type": "Point", "coordinates": [ -79.9592292, 40.45381896 ] } },
{ "type": "Feature", "properties": { "common_name": "London planetree", "condition": "Fair", "height": 16.764, "width": 3.048, "crown_r_m": 1.524, "crown_h_m": 10.8966, "height_imputed": false, "width_imputed": false, "neighborhood": "Upper Hill", "tree_id": "t01043" }, "geometry": { "type": "Point", "coordinates": [ -79.95785967, 40.45028257 ] } },
{ "type": "Feature", "properties": { "common_name": "London planetree", "condition": "Poor", "height": 12.192, "width": 4.572, "crown_r_m": 2.286, "crown_h_m": 7.9248, "height_imputed": false, "width_imputed": false, "neighborhood": "North Oakland", "tree_id": "t01044" }, "geometry": { "type": "Point", "coordinates": [ -79.95245686, 40.45272204 ] } },
{ "type": "Feature", "properties": { "common_name": "London planetree", "condition": "Fair", "height": 3.6576, "width": 1.8288, "crown_r_m": 1.0, "crown_h_m": 2.37744, "height_imputed": false, "width_imputed": false, "neighborhood": "North Oakland", "tree_id": "t01045" }, "geometry": { "type": "Point", "coordinates": [ -79.95008555, 40.44673616 ] } },
{ "type": "Feature", "properties": { "common_name": "London planetree", "condition": "Poor", "height": 18.288, "width": 9.144, "crown_r_m": 4.572, "crown_h_m": 11.8872, "height_imputed": false, "width_imputed": false, "neighborhood": "North Oakland", "tree_id": "t01046" }, "geometry": { "type": "Point", "coordinates": [ -79.95664766, 40.44732334 ] } },
{ "type": "Feature", "properties": { "common_name": "London planetree", "condition": "Good", "height": 4.8768, "width": 2.1336, "crown_r_m": 1.0668, "crown_h_m": 3.16992, "height_imputed": false, "width_imputed": false, "neighborhood": "North Oakland", "tree_id": "t01047" }, "geometry": { "type": "Point", "coordinates": [ -79.95616543, 40.44694874 ] } },
{ "type": "Feature", "properties": { "common_name": "London planetree", "condition": "Poor", "height": 2.4384, "width": 0.9144, "crown_r_m": 1.0, "crown_h_m": 1.58496, "height_imputed": false, "width_imputed": false, "neighborhood": "North Oakland", "tree_id": "t01048" }, "geometry": { "type": "Point", "coordinates": [ -79.95604068, 40.44683774 ] } },
{ "type": "Feature", "properties": { "common_name": "London planetree", "condition": "Fair", "height": 18.288, "width": 4.572, "crown_r_m": 2.286, "crown_h_m": 11.8872, "height_imputed": false, "width_imputed": false, "neighborhood": "North Oakland", "tree_id": "t01049" }, "geometry": { "type": "Point", "coordinates": [ -79.95592378, 40.44670573 ] } },
{ "type": "Feature", "properties": { "common_name": "London planetree", "condition": "Good", "height": 7.62, "width": 1.8288, "crown_r_m": 1.0, "crown_h_m": 4.953, "height_imputed": false, "width_imputed": false, "neighborhood": "North Oakland", "tree_id": "t01050" }, "geometry": { "type": "Point", "coordinates": [ -79.95530496, 40.446249019999989 ] } },
{ "type": "Feature", "properties": { "common_name": "London planetree", "condition": "Good", "height": 7.62, "width": 1.8288, "crown_r_m": 1.0, "crown_h_m": 4.953, "height_imputed": false, "width_imputed": false, "neighborhood": "North Oakland", "tree_id": "t01051" }, "geometry": { "type": "Point", "coordinates": [ -79.95523839, 40.44619555 ] } },
{ "type": "Feature", "properties": { "common_name": "London planetree", "condition": "Fair", "height": 16.764, "width": 3.9624, "crown_r_m": 1.9812, "crown_h_m": 10.8966, "height_imputed": false, "width_imputed": false, "neighborhood": "North Oakland", "tree_id": "t01052" }, "geometry": { "type": "Point", "coordinates": [ -79.95672205, 40.44535089 ] } },
{ "type": "Feature", "properties": { "common_name": "London planetree", "condition": "Fair", "height": 12.192, "width": 4.572, "crown_r_m": 2.286, "crown_h_m": 7.9248, "height_imputed": false, "width_imputed": false, "neighborhood": "North Oakland", "tree_id": "t01053" }, "geometry": { "type": "Point", "coordinates": [ -79.95653421, 40.44436145 ] } },
{ "type": "Feature", "properties": { "common_name": "London planetree", "condition": "Good", "height": 18.288, "width": 3.6576, "crown_r_m": 1.8288, "crown_h_m": 11.8872, "height_imputed": false, "width_imputed": false, "neighborhood": "North Oakland", "tree_id": "t01054" }, "geometry": { "type": "Point", "coordinates": [ -79.95494497, 40.44711596 ] } },
{ "type": "Feature", "properties": { "common_name": "London planetree", "condition": "Good", "height": 7.62, "width": 2.4384, "crown_r_m": 1.2192, "crown_h_m": 4.953, "height_imputed": false, "width_imputed": false, "neighborhood": "North Oakland", "tree_id": "t01055" }, "geometry": { "type": "Point", "coordinates": [ -79.95508224, 40.4470509 ] } },
{ "type": "Feature", "properties": { "common_name": "London planetree", "condition": "Fair", "height": 6.096, "width": 1.524, "crown_r_m": 1.0, "crown_h_m": 3.9624, "height_imputed": false, "width_imputed": false, "neighborhood": "North Oakland", "tree_id": "t01056" }, "geometry": { "type": "Point", "coordinates": [ -79.95722414, 40.447805859999988 ] } },
{ "type": "Feature", "properties": { "common_name": "London planetree", "condition": "Fair", "height": 18.288, "width": 9.144, "crown_r_m": 4.572, "crown_h_m": 11.8872, "height_imputed": false, "width_imputed": false, "neighborhood": "North Oakland", "tree_id": "t01057" }, "geometry": { "type": "Point", "coordinates": [ -79.95717235, 40.44813102 ] } },
{ "type": "Feature", "properties": { "common_name": "London planetree", "condition": "Good", "height": 6.096, "width": 1.8288, "crown_r_m": 1.0, "crown_h_m": 3.9624, "height_imputed": false, "width_imputed": false, "neighborhood": "North Oakland", "tree_id": "t01058" }, "geometry": { "type": "Point", "coordinates": [ -79.95709708, 40.44820849 ] } },
{ "type": "Feature", "properties": { "common_name": "London planetree", "condition": "Fair", "height": 16.764, "width": 6.096, "crown_r_m": 3.048, "crown_h_m": 10.8966, "height_imputed": false, "width_imputed": false, "neighborhood": "North Oakland", "tree_id": "t01059" }, "geometry": { "type": "Point", "coordinates": [ -79.95700643, 40.44825860000001 ] } },
{ "type": "Feature", "properties": { "common_name": "London planetree", "condition": "Fair", "height": 18.288, "width": 6.096, "crown_r_m": 3.048, "crown_h_m": 11.8872, "height_imputed": false, "width_imputed": false, "neighborhood": "North Oakland", "tree_id": "t01060" }, "geometry": { "type": "Point", "coordinates": [ -79.95692564, 40.448333409999989 ] } },
{ "type": "Feature", "properties": { "common_name": "London planetree", "condition": "Fair", "height": 16.764, "width": 3.3528, "crown_r_m": 1.6764, "crown_h_m": 10.8966, "height_imputed": false, "width_imputed": false, "neighborhood": "North Oakland", "tree_id": "t01061" }, "geometry": { "type": "Point", "coordinates": [ -79.9567047, 40.44849384 ] } },
{ "type": "Feature", "properties": { "common_name": "London planetree", "condition": "Good", "height": 16.764, "width": 3.6576, "crown_r_m": 1.8288, "crown_h_m": 10.8966, "height_imputed": false, "width_imputed": false, "neighborhood": "North Oakland", "tree_id": "t01062" }, "geometry": { "type": "Point", "coordinates": [ -79.95369903, 40.45073468 ] } },
{ "type": "Feature", "properties": { "common_name": "London planetree", "condition": "Fair", "height": 13.716, "width": 6.096, "crown_r_m": 3.048, "crown_h_m": 8.9154, "height_imputed": false, "width_imputed": false, "neighborhood": "Upper Hill", "tree_id": "t01063" }, "geometry": { "type": "Point", "coordinates": [ -79.95475408, 40.45149842 ] } },
{ "type": "Feature", "properties": { "common_name": "London planetree", "condition": "Fair", "height": 13.716, "width": 9.144, "crown_r_m": 4.572, "crown_h_m": 8.9154, "height_imputed": false, "width_imputed": false, "neighborhood": "Upper Hill", "tree_id": "t01064" }, "geometry": { "type": "Point", "coordinates": [ -79.95466004, 40.45175321 ] } },
{ "type": "Feature", "properties": { "common_name": "London planetree", "condition": "Fair", "height": 15.24, "width": 1.8288, "crown_r_m": 1.0, "crown_h_m": 9.906, "height_imputed": false, "width_imputed": false, "neighborhood": "Upper Hill", "tree_id": "t01065" }, "geometry": { "type": "Point", "coordinates": [ -79.96445372, 40.45369435 ] } },
{ "type": "Feature", "properties": { "common_name": "London planetree", "condition": "Fair", "height": 12.192, "width": 4.572, "crown_r_m": 2.286, "crown_h_m": 7.9248, "height_imputed": false, "width_imputed": false, "neighborhood": "Upper Hill", "tree_id": "t01066" }, "geometry": { "type": "Point", "coordinates": [ -79.9639185, 40.45441518 ] } },
{ "type": "Feature", "properties": { "common_name": "London planetree", "condition": "Fair", "height": 12.192, "width": 10.668, "crown_r_m": 5.334, "crown_h_m": 7.9248, "height_imputed": false, "width_imputed": false, "neighborhood": "Upper Hill", "tree_id": "t01067" }, "geometry": { "type": "Point", "coordinates": [ -79.96386716, 40.45444956 ] } },
{ "type": "Feature", "properties": { "common_name": "London planetree", "condition": "Fair", "height": 18.288, "width": 4.2672, "crown_r_m": 2.1336, "crown_h_m": 11.8872, "height_imputed": false, "width_imputed": false, "neighborhood": "Shadyside", "tree_id": "t01068" }, "geometry": { "type": "Point", "coordinates": [ -79.9447863, 40.450092939999983 ] } },
{ "type": "Feature", "properties": { "common_name": "London planetree", "condition": "Fair", "height": 15.24, "width": 4.572, "crown_r_m": 2.286, "crown_h_m": 9.906, "height_imputed": false, "width_imputed": false, "neighborhood": "Central Oakland", "tree_id": "t01069" }, "geometry": { "type": "Point", "coordinates": [ -79.95295536, 40.43739474 ] } },
{ "type": "Feature", "properties": { "common_name": "London planetree", "condition": "Fair", "height": 14.6304, "width": 6.096, "crown_r_m": 3.048, "crown_h_m": 9.50976, "height_imputed": false, "width_imputed": false, "neighborhood": "Shadyside", "tree_id": "t01070" }, "geometry": { "type": "Point", "coordinates": [ -79.94051695, 40.4490924 ] } },
{ "type": "Feature", "properties": { "common_name": "London planetree", "condition": "Fair", "height": 13.1064, "width": 4.572, "crown_r_m": 2.286, "crown_h_m": 8.51916, "height_imputed": false, "width_imputed": false, "neighborhood": "North Oakland", "tree_id": "t01071" }, "geometry": { "type": "Point", "coordinates": [ -79.95253987, 40.44779966 ] } },
{ "type": "Feature", "properties": { "common_name": "London planetree", "condition": "Fair", "height": 15.24, "width": 2.4384, "crown_r_m": 1.2192, "crown_h_m": 9.906, "height_imputed": false, "width_imputed": false, "neighborhood": "North Oakland", "tree_id": "t01072" }, "geometry": { "type": "Point", "coordinates": [ -79.95264977, 40.44801717 ] } },
{ "type": "Feature", "properties": { "common_name": "London planetree", "condition": "Fair", "height": 5.1816, "width": 2.4384, "crown_r_m": 1.2192, "crown_h_m": 3.36804, "height_imputed": false, "width_imputed": false, "neighborhood": "North Oakland", "tree_id": "t01073" }, "geometry": { "type": "Point", "coordinates": [ -79.95021724, 40.44672134 ] } },
{ "type": "Feature", "properties": { "common_name": "London planetree", "condition": "Poor", "height": 5.1816, "width": 1.8288, "crown_r_m": 1.0, "crown_h_m": 3.36804, "height_imputed": false, "width_imputed": false, "neighborhood": "North Oakland", "tree_id": "t01074" }, "geometry": { "type": "Point", "coordinates": [ -79.95034766, 40.44671722 ] } },
{ "type": "Feature", "properties": { "common_name": "London planetree", "condition": "Good", "height": 7.62, "width": 1.8288, "crown_r_m": 1.0, "crown_h_m": 4.953, "height_imputed": false, "width_imputed": false, "neighborhood": "North Oakland", "tree_id": "t01075" }, "geometry": { "type": "Point", "coordinates": [ -79.95415785, 40.44630376 ] } },
{ "type": "Feature", "properties": { "common_name": "London planetree", "condition": "Fair", "height": 16.764, "width": 4.572, "crown_r_m": 2.286, "crown_h_m": 10.8966, "height_imputed": false, "width_imputed": false, "neighborhood": "North Oakland", "tree_id": "t01076" }, "geometry": { "type": "Point", "coordinates": [ -79.95426424, 40.44638107 ] } },
{ "type": "Feature", "properties": { "common_name": "London planetree", "condition": "Fair", "height": 18.288, "width": 9.144, "crown_r_m": 4.572, "crown_h_m": 11.8872, "height_imputed": false, "width_imputed": false, "neighborhood": "North Oakland", "tree_id": "t01077" }, "geometry": { "type": "Point", "coordinates": [ -79.95672463, 40.44738182 ] } },
{ "type": "Feature", "properties": { "common_name": "London planetree", "condition": "Fair", "height": 16.764, "width": 4.572, "crown_r_m": 2.286, "crown_h_m": 10.8966, "height_imputed": false, "width_imputed": false, "neighborhood": "North Oakland", "tree_id": "t01078" }, "geometry": { "type": "Point", "coordinates": [ -79.95611595, 40.44689625 ] } },
{ "type": "Feature", "properties": { "common_name": "London planetree", "condition": "Good", "height": 10.668, "width": 1.524, "crown_r_m": 1.0, "crown_h_m": 6.9342, "height_imputed": false, "width_imputed": false, "neighborhood": "North Oakland", "tree_id": "t01079" }, "geometry": { "type": "Point", "coordinates": [ -79.95512287, 40.44724326 ] } },
{ "type": "Feature", "properties": { "common_name": "London planetree", "condition": "Fair", "height": 6.096, "width": 1.524, "crown_r_m": 1.0, "crown_h_m": 3.9624, "height_imputed": false, "width_imputed": false, "neighborhood": "North Oakland", "tree_id": "t01080" }, "geometry": { "type": "Point", "coordinates": [ -79.95510324, 40.44721505 ] } },
{ "type": "Feature", "properties": { "common_name": "London planetree", "condition": "Good", "height": 18.288, "width": 7.62, "crown_r_m": 3.81, "crown_h_m": 11.8872, "height_imputed": false, "width_imputed": false, "neighborhood": "North Oakland", "tree_id": "t01081" }, "geometry": { "type": "Point", "coordinates": [ -79.95489542, 40.44707198 ] } },
{ "type": "Feature", "properties": { "common_name": "London planetree", "condition": "Good", "height": 19.812, "width": 6.096, "crown_r_m": 3.048, "crown_h_m": 12.8778, "height_imputed": false, "width_imputed": false, "neighborhood": "North Oakland", "tree_id": "t01082" }, "geometry": { "type": "Point", "coordinates": [ -79.95481301, 40.44700412000001 ] } },
{ "type": "Feature", "properties": { "common_name": "London planetree", "condition": "Good", "height": 7.62, "width": 2.1336, "crown_r_m": 1.0668, "crown_h_m": 4.953, "height_imputed": false, "width_imputed": false, "neighborhood": "North Oakland", "tree_id": "t01083" }, "geometry": { "type": "Point", "coordinates": [ -79.95493462, 40.44693812 ] } },
{ "type": "Feature", "properties": { "common_name": "London planetree", "condition": "Good", "height": 15.24, "width": 1.8288, "crown_r_m": 1.0, "crown_h_m": 9.906, "height_imputed": false, "width_imputed": false, "neighborhood": "North Oakland", "tree_id": "t01084" }, "geometry": { "type": "Point", "coordinates": [ -79.95652, 40.44818601 ] } },
{ "type": "Feature", "properties": { "common_name": "London planetree", "condition": "Good", "height": 10.668, "width": 2.1336, "crown_r_m": 1.0668, "crown_h_m": 6.9342, "height_imputed": false, "width_imputed": false, "neighborhood": "North Oakland", "tree_id": "t01085" }, "geometry": { "type": "Point", "coordinates": [ -79.95667466, 40.4482984 ] } },
{ "type": "Feature", "properties": { "common_name": "London planetree", "condition": "Good", "height": 19.812, "width": 7.62, "crown_r_m": 3.81, "crown_h_m": 12.8778, "height_imputed": false, "width_imputed": false, "neighborhood": "North Oakland", "tree_id": "t01086" }, "geometry": { "type": "Point", "coordinates": [ -79.95617304, 40.44676148 ] } },
{ "type": "Feature", "properties": { "common_name": "London planetree", "condition": "Fair", "height": 16.764, "width": 5.4864, "crown_r_m": 2.7432, "crown_h_m": 10.8966, "height_imputed": false, "width_imputed": false, "neighborhood": "North Oakland", "tree_id": "t01087" }, "geometry": { "type": "Point", "coordinates": [ -79.95681565, 40.44840049 ] } },
{ "type": "Feature", "properties": { "common_name": "London planetree", "condition": "Good", "height": 2.1336, "width": 0.6096, "crown_r_m": 1.0, "crown_h_m": 1.5, "height_imputed": false, "width_imputed": false, "neighborhood": "North Oakland", "tree_id": "t01088" }, "geometry": { "type": "Point", "coordinates": [ -79.95581406, 40.44896286 ] } },
{ "type": "Feature", "properties": { "common_name": "London planetree", "condition": "Fair", "height": 10.668, "width": 2.1336, "crown_r_m": 1.0668, "crown_h_m": 6.9342, "height_imputed": false, "width_imputed": false, "neighborhood": "North Oakland", "tree_id": "t01089" }, "geometry": { "type": "Point", "coordinates": [ -79.95649801, 40.4484756 ] } },
{ "type": "Feature", "properties": { "common_name": "London planetree", "condition": "Fair", "height": 13.716, "width": 9.144, "crown_r_m": 4.572, "crown_h_m": 8.9154, "height_imputed": false, "width_imputed": false, "neighborhood": "Upper Hill", "tree_id": "t01090" }, "geometry": { "type": "Point", "coordinates": [ -79.95562777, 40.45047284 ] } },
{ "type": "Feature", "properties": { "common_name": "London planetree", "condition": "Fair", "height": 13.716, "width": 4.572, "crown_r_m": 2.286, "crown_h_m": 8.9154, "height_imputed": false, "width_imputed": false, "neighborhood": "Upper Hill", "tree_id": "t01091" }, "geometry": { "type": "Point", "coordinates": [ -79.95518898, 40.4508032 ] } },
{ "type": "Feature", "properties": { "common_name": "Elm: Hybrid", "condition": "Very Good", "height": 7.62, "width": 2.1336, "crown_r_m": 1.0668, "crown_h_m": 4.953, "height_imputed": true, "width_imputed": true, "neighborhood": "North Oakland", "tree_id": "t01092" }, "geometry": { "type": "Point", "coordinates": [ -79.95805297, 40.44860075 ] } },
{ "type": "Feature", "properties": { "common_name": "London planetree", "condition": "Fair", "height": 12.192, "width": 3.6576, "crown_r_m": 1.8288, "crown_h_m": 7.9248, "height_imputed": false, "width_imputed": false, "neighborhood": "Shadyside", "tree_id": "t01093" }, "geometry": { "type": "Point", "coordinates": [ -79.94531597, 40.4526055 ] } },
{ "type": "Feature", "properties": { "common_name": "London planetree", "condition": "Fair", "height": 16.764, "width": 3.6576, "crown_r_m": 1.8288, "crown_h_m": 10.8966, "height_imputed": false, "width_imputed": false, "neighborhood": "Central Oakland", "tree_id": "t01094" }, "geometry": { "type": "Point", "coordinates": [ -79.95286939, 40.43733056 ] } },
{ "type": "Feature", "properties": { "common_name": "London planetree", "condition": "Fair", "height": 15.8496, "width": 7.62, "crown_r_m": 3.81, "crown_h_m": 10.30224, "height_imputed": false, "width_imputed": false, "neighborhood": "Central Oakland", "tree_id": "t01095" }, "geometry": { "type": "Point", "coordinates": [ -79.95111043, 40.43712419 ] } },
{ "type": "Feature", "properties": { "common_name": "Cherry: Japanese Flowering", "condition": "Good", "height": 3.048, "width": 1.8288, "crown_r_m": 1.0, "crown_h_m": 1.9812, "height_imputed": false, "width_imputed": false, "neighborhood": "North Oakland", "tree_id": "t01096" }, "geometry": { "type": "Point", "coordinates": [ -79.95004204, 40.44522181 ] } },
{ "type": "Feature", "properties": { "common_name": "Cherry: Japanese Flowering", "condition": "Good", "height": 2.4384, "width": 2.1336, "crown_r_m": 1.0668, "crown_h_m": 1.58496, "height_imputed": false, "width_imputed": false, "neighborhood": "North Oakland", "tree_id": "t01097" }, "geometry": { "type": "Point", "coordinates": [ -79.9497551, 40.44524462 ] } },
{ "type": "Feature", "properties": { "common_name": "Cherry: Japanese Flowering", "condition": "Good", "height": 3.048, "width": 1.524, "crown_r_m": 1.0, "crown_h_m": 1.9812, "height_imputed": false, "width_imputed": false, "neighborhood": "North Oakland", "tree_id": "t01098" }, "geometry": { "type": "Point", "coordinates": [ -79.94997167, 40.44523086 ] } },
{ "type": "Feature", "properties": { "common_name": "Cherry: Japanese Flowering", "condition": "Good", "height": 3.048, "width": 1.524, "crown_r_m": 1.0, "crown_h_m": 1.9812, "height_imputed": false, "width_imputed": false, "neighborhood": "North Oakland", "tree_id": "t01099" }, "geometry": { "type": "Point", "coordinates": [ -79.9498863, 40.44524406 ] } },
{ "type": "Feature", "properties": { "common_name": "Cherry: Japanese Flowering", "condition": "Good", "height": 2.4384, "width": 1.8288, "crown_r_m": 1.0, "crown_h_m": 1.58496, "height_imputed": false, "width_imputed": false, "neighborhood": "North Oakland", "tree_id": "t01100" }, "geometry": { "type": "Point", "coordinates": [ -79.95014285, 40.44521796 ] } },
{ "type": "Feature", "properties": { "common_name": "Arborvitae: Eastern", "condition": "Fair", "height": 1.8288, "width": 0.6096, "crown_r_m": 1.0, "crown_h_m": 1.5, "height_imputed": false, "width_imputed": false, "neighborhood": "North Oakland", "tree_id": "t01101" }, "geometry": { "type": "Point", "coordinates": [ -79.95598387, 40.44884908 ] } },
{ "type": "Feature", "properties": { "common_name": "Arborvitae: Eastern", "condition": "Good", "height": 2.4384, "width": 0.6096, "crown_r_m": 1.0, "crown_h_m": 1.58496, "height_imputed": false, "width_imputed": false, "neighborhood": "North Oakland", "tree_id": "t01102" }, "geometry": { "type": "Point", "coordinates": [ -79.95637939, 40.44856758 ] } },
{ "type": "Feature", "properties": { "common_name": "Arborvitae: Eastern", "condition": "Good", "height": 2.1336, "width": 0.3048, "crown_r_m": 1.0, "crown_h_m": 1.5, "height_imputed": false, "width_imputed": false, "neighborhood": "North Oakland", "tree_id": "t01103" }, "geometry": { "type": "Point", "coordinates": [ -79.95611894, 40.44874718 ] } },
{ "type": "Feature", "properties": { "common_name": "Arborvitae: Eastern", "condition": "Good", "height": 2.1336, "width": 0.6096, "crown_r_m": 1.0, "crown_h_m": 1.5, "height_imputed": false, "width_imputed": false, "neighborhood": "North Oakland", "tree_id": "t01104" }, "geometry": { "type": "Point", "coordinates": [ -79.95618622, 40.44868822 ] } },
{ "type": "Feature", "properties": { "common_name": "Arborvitae: Eastern", "condition": "Good", "height": 2.1336, "width": 0.6096, "crown_r_m": 1.0, "crown_h_m": 1.5, "height_imputed": false, "width_imputed": false, "neighborhood": "North Oakland", "tree_id": "t01105" }, "geometry": { "type": "Point", "coordinates": [ -79.95628273, 40.4486255 ] } },
{ "type": "Feature", "properties": { "common_name": "Arborvitae: Eastern", "condition": "Good", "height": 2.1336, "width": 0.6096, "crown_r_m": 1.0, "crown_h_m": 1.5, "height_imputed": false, "width_imputed": false, "neighborhood": "North Oakland", "tree_id": "t01106" }, "geometry": { "type": "Point", "coordinates": [ -79.95590441, 40.44890427 ] } },
{ "type": "Feature", "properties": { "common_name": "Arborvitae: Eastern", "condition": "Good", "height": 2.1336, "width": 0.3048, "crown_r_m": 1.0, "crown_h_m": 1.5, "height_imputed": false, "width_imputed": false, "neighborhood": "North Oakland", "tree_id": "t01107" }, "geometry": { "type": "Point", "coordinates": [ -79.95595343, 40.4488801 ] } },
{ "type": "Feature", "properties": { "common_name": "Arborvitae: Eastern", "condition": "Fair", "height": 2.1336, "width": 0.6096, "crown_r_m": 1.0, "crown_h_m": 1.5, "height_imputed": false, "width_imputed": false, "neighborhood": "North Oakland", "tree_id": "t01108" }, "geometry": { "type": "Point", "coordinates": [ -79.95622132, 40.44867153 ] } },
{ "type": "Feature", "properties": { "common_name": "Arborvitae: Eastern", "condition": "Fair", "height": 1.8288, "width": 0.3048, "crown_r_m": 1.0, "crown_h_m": 1.5, "height_imputed": false, "width_imputed": false, "neighborhood": "North Oakland", "tree_id": "t01109" }, "geometry": { "type": "Point", "coordinates": [ -79.95592665, 40.44889503 ] } },
{ "type": "Feature", "properties": { "common_name": "Cherry: Japanese Flowering", "condition": "Good", "height": 10.668, "width": 0.9144, "crown_r_m": 1.0, "crown_h_m": 6.9342, "height_imputed": false, "width_imputed": false, "neighborhood": "Central Oakland", "tree_id": "t01110" }, "geometry": { "type": "Point", "coordinates": [ -79.95180425, 40.43713724 ] } },
{ "type": "Feature", "properties": { "common_name": "Honeylocust", "condition": "Fair", "height": 3.6576, "width": 1.8288, "crown_r_m": 1.0, "crown_h_m": 2.37744, "height_imputed": false, "width_imputed": false, "neighborhood": "North Oakland", "tree_id": "t01111" }, "geometry": { "type": "Point", "coordinates": [ -79.95558414, 40.44498394 ] } },
{ "type": "Feature", "properties": { "common_name": "London planetree", "condition": "Fair", "height": 13.716, "width": 2.7432, "crown_r_m": 1.3716, "crown_h_m": 8.9154, "height_imputed": false, "width_imputed": false, "neighborhood": "Terrace Village", "tree_id": "t01112" }, "geometry": { "type": "Point", "coordinates": [ -79.96628399, 40.44353946 ] } },
{ "type": "Feature", "properties": { "common_name": "Linden: Littleleaf", "condition": "Fair", "height": 7.3152, "width": 3.6576, "crown_r_m": 1.8288, "crown_h_m": 4.75488, "height_imputed": false, "width_imputed": false, "neighborhood": "Shadyside", "tree_id": "t01113" }, "geometry": { "type": "Point", "coordinates": [ -79.94335083, 40.45164726 ] } },
{ "type": "Feature", "properties": { "common_name": "Mulberry: White", "condition": "Fair", "height": 10.668, "width": 3.048, "crown_r_m": 1.524, "crown_h_m": 6.9342, "height_imputed": false, "width_imputed": false, "neighborhood": "Middle Hill", "tree_id": "t01114" }, "geometry": { "type": "Point", "coordinates": [ -79.9660002, 40.4511059 ] } },
{ "type": "Feature", "properties": { "common_name": "Maple: Red", "condition": "Poor", "height": 5.4864, "width": 2.1336, "crown_r_m": 1.0668, "crown_h_m": 3.56616, "height_imputed": false, "width_imputed": false, "neighborhood": "Upper Hill", "tree_id": "t01115" }, "geometry": { "type": "Point", "coordinates": [ -79.95983382, 40.45118922 ] } },
{ "type": "Feature", "properties": { "common_name": "Linden: Littleleaf", "condition": "Poor", "height": 10.668, "width": 2.4384, "crown_r_m": 1.2192, "crown_h_m": 6.9342, "height_imputed": false, "width_imputed": false, "neighborhood": "Upper Hill", "tree_id": "t01116" }, "geometry": { "type": "Point", "coordinates": [ -79.960302630000015, 40.45183538 ] } },
{ "type": "Feature", "properties": { "common_name": "Linden: Littleleaf", "condition": "Fair", "height": 8.5344, "width": 2.4384, "crown_r_m": 1.2192, "crown_h_m": 5.54736, "height_imputed": false, "width_imputed": false, "neighborhood": "Upper Hill", "tree_id": "t01117" }, "geometry": { "type": "Point", "coordinates": [ -79.95999792, 40.45175977 ] } },
{ "type": "Feature", "properties": { "common_name": "Pine: Scotch", "condition": "Poor", "height": 10.668, "width": 6.096, "crown_r_m": 3.048, "crown_h_m": 6.9342, "height_imputed": false, "width_imputed": false, "neighborhood": "Middle Hill", "tree_id": "t01118" }, "geometry": { "type": "Point", "coordinates": [ -79.96865384, 40.446412049999985 ] } },
{ "type": "Feature", "properties": { "common_name": "London planetree", "condition": "Good", "height": 15.24, "width": 6.096, "crown_r_m": 3.048, "crown_h_m": 9.906, "height_imputed": false, "width_imputed": false, "neighborhood": "North Oakland", "tree_id": "t01119" }, "geometry": { "type": "Point", "coordinates": [ -79.95469498, 40.445749129999989 ] } },
{ "type": "Feature", "properties": { "common_name": "London planetree", "condition": "Good", "height": 7.62, "width": 1.8288, "crown_r_m": 1.0, "crown_h_m": 4.953, "height_imputed": false, "width_imputed": false, "neighborhood": "North Oakland", "tree_id": "t01120" }, "geometry": { "type": "Point", "coordinates": [ -79.95516168, 40.44614489 ] } },
{ "type": "Feature", "properties": { "common_name": "Tuliptree", "condition": "Poor", "height": 6.096, "width": 2.7432, "crown_r_m": 1.3716, "crown_h_m": 3.9624, "height_imputed": false, "width_imputed": false, "neighborhood": "North Oakland", "tree_id": "t01121" }, "geometry": { "type": "Point", "coordinates": [ -79.94776284, 40.44584434 ] } },
{ "type": "Feature", "properties": { "common_name": "Dogwood: Flowering", "condition": "Fair", "height": 1.8288, "width": 0.9144, "crown_r_m": 1.0, "crown_h_m": 1.5, "height_imputed": false, "width_imputed": false, "neighborhood": "North Oakland", "tree_id": "t01122" }, "geometry": { "type": "Point", "coordinates": [ -79.94777892, 40.44594684 ] } },
{ "type": "Feature", "properties": { "common_name": "London planetree", "condition": "Fair", "height": 13.716, "width": 7.0104, "crown_r_m": 3.5052, "crown_h_m": 8.9154, "height_imputed": false, "width_imputed": false, "neighborhood": "North Oakland", "tree_id": "t01123" }, "geometry": { "type": "Point", "coordinates": [ -79.95367894, 40.44704887 ] } },
{ "type": "Feature", "properties": { "common_name": "Maple: Red", "condition": "Fair", "height": 13.4112, "width": 3.6576, "crown_r_m": 1.8288, "crown_h_m": 8.71728, "height_imputed": false, "width_imputed": false, "neighborhood": "Shadyside", "tree_id": "t01124" }, "geometry": { "type": "Point", "coordinates": [ -79.94263774, 40.44918973 ] } },
{ "type": "Feature", "properties": { "common_name": "Honeylocust", "condition": "Good", "height": 5.4864, "width": 1.8288, "crown_r_m": 1.0, "crown_h_m": 3.56616, "height_imputed": false, "width_imputed": false, "neighborhood": "North Oakland", "tree_id": "t01125" }, "geometry": { "type": "Point", "coordinates": [ -79.95567451, 40.44505139000001 ] } },
{ "type": "Feature", "properties": { "common_name": "Honeylocust: Thornless", "condition": "Good", "height": 3.6576, "width": 2.1336, "crown_r_m": 1.0668, "crown_h_m": 2.37744, "height_imputed": false, "width_imputed": false, "neighborhood": "North Oakland", "tree_id": "t01126" }, "geometry": { "type": "Point", "coordinates": [ -79.95526046, 40.44470429 ] } },
{ "type": "Feature", "properties": { "common_name": "Honeylocust: Thornless", "condition": "Good", "height": 5.4864, "width": 1.8288, "crown_r_m": 1.0, "crown_h_m": 3.56616, "height_imputed": false, "width_imputed": false, "neighborhood": "North Oakland", "tree_id": "t01127" }, "geometry": { "type": "Point", "coordinates": [ -79.9554028, 40.44483083 ] } },
{ "type": "Feature", "properties": { "common_name": "Honeylocust: Thornless", "condition": "Good", "height": 5.4864, "width": 1.8288, "crown_r_m": 1.0, "crown_h_m": 3.56616, "height_imputed": false, "width_imputed": false, "neighborhood": "North Oakland", "tree_id": "t01128" }, "geometry": { "type": "Point", "coordinates": [ -79.95518718, 40.44464926 ] } },
{ "type": "Feature", "properties": { "common_name": "Honeylocust: Thornless", "condition": "Fair", "height": 4.572, "width": 2.4384, "crown_r_m": 1.2192, "crown_h_m": 2.9718, "height_imputed": false, "width_imputed": false, "neighborhood": "North Oakland", "tree_id": "t01129" }, "geometry": { "type": "Point", "coordinates": [ -79.95511883, 40.44459959 ] } },
{ "type": "Feature", "properties": { "common_name": "Honeylocust: Thornless", "condition": "Good", "height": 4.572, "width": 2.1336, "crown_r_m": 1.0668, "crown_h_m": 2.9718, "height_imputed": false, "width_imputed": false, "neighborhood": "North Oakland", "tree_id": "t01130" }, "geometry": { "type": "Point", "coordinates": [ -79.9553338, 40.44476115 ] } },
{ "type": "Feature", "properties": { "common_name": "Honeylocust: Thornless", "condition": "Good", "height": 4.572, "width": 2.7432, "crown_r_m": 1.3716, "crown_h_m": 2.9718, "height_imputed": false, "width_imputed": false, "neighborhood": "North Oakland", "tree_id": "t01131" }, "geometry": { "type": "Point", "coordinates": [ -79.95505269, 40.44454441 ] } },
{ "type": "Feature", "properties": { "common_name": "Honeylocust: Thornless", "condition": "Fair", "height": 4.2672, "width": 1.524, "crown_r_m": 1.0, "crown_h_m": 2.77368, "height_imputed": false, "width_imputed": false, "neighborhood": "North Oakland", "tree_id": "t01132" }, "geometry": { "type": "Point", "coordinates": [ -79.95630107, 40.444350119999989 ] } },
{ "type": "Feature", "properties": { "common_name": "London planetree", "condition": "Good", "height": 10.668, "width": 7.62, "crown_r_m": 3.81, "crown_h_m": 6.9342, "height_imputed": false, "width_imputed": false, "neighborhood": "North Oakland", "tree_id": "t01133" }, "geometry": { "type": "Point", "coordinates": [ -79.95697243, 40.44489217 ] } },
{ "type": "Feature", "properties": { "common_name": "Honeylocust: Thornless", "condition": "Fair", "height": 4.572, "width": 1.524, "crown_r_m": 1.0, "crown_h_m": 2.9718, "height_imputed": false, "width_imputed": false, "neighborhood": "North Oakland", "tree_id": "t01134" }, "geometry": { "type": "Point", "coordinates": [ -79.95646261, 40.44448658 ] } },
{ "type": "Feature", "properties": { "common_name": "Honeylocust: Thornless", "condition": "Fair", "height": 6.096, "width": 1.8288, "crown_r_m": 1.0, "crown_h_m": 3.9624, "height_imputed": false, "width_imputed": false, "neighborhood": "North Oakland", "tree_id": "t01135" }, "geometry": { "type": "Point", "coordinates": [ -79.95581357, 40.44396417 ] } },
{ "type": "Feature", "properties": { "common_name": "Honeylocust: Thornless", "condition": "Good", "height": 6.096, "width": 2.1336, "crown_r_m": 1.0668, "crown_h_m": 3.9624, "height_imputed": false, "width_imputed": false, "neighborhood": "North Oakland", "tree_id": "t01136" }, "geometry": { "type": "Point", "coordinates": [ -79.95589495, 40.44402331 ] } },
{ "type": "Feature", "properties": { "common_name": "Honeylocust: Thornless", "condition": "Fair", "height": 4.572, "width": 1.524, "crown_r_m": 1.0, "crown_h_m": 2.9718, "height_imputed": false, "width_imputed": false, "neighborhood": "North Oakland", "tree_id": "t01137" }, "geometry": { "type": "Point", "coordinates": [ -79.95638371, 40.44441971 ] } },
{ "type": "Feature", "properties": { "common_name": "Honeylocust: Thornless", "condition": "Fair", "height": 6.096, "width": 1.8288, "crown_r_m": 1.0, "crown_h_m": 3.9624, "height_imputed": false, "width_imputed": false, "neighborhood": "North Oakland", "tree_id": "t01138" }, "geometry": { "type": "Point", "coordinates": [ -79.95596763, 40.44408158 ] } },
{ "type": "Feature", "properties": { "common_name": "London planetree", "condition": "Fair", "height": 16.764, "width": 6.096, "crown_r_m": 3.048, "crown_h_m": 10.8966, "height_imputed": false, "width_imputed": false, "neighborhood": "North Oakland", "tree_id": "t01139" }, "geometry": { "type": "Point", "coordinates": [ -79.95662987, 40.44465825000001 ] } },
{ "type": "Feature", "properties": { "common_name": "Honeylocust: Thornless", "condition": "Fair", "height": 4.2672, "width": 1.8288, "crown_r_m": 1.0, "crown_h_m": 2.77368, "height_imputed": false, "width_imputed": false, "neighborhood": "North Oakland", "tree_id": "t01140" }, "geometry": { "type": "Point", "coordinates": [ -79.95620239, 40.44426479 ] } },
{ "type": "Feature", "properties": { "common_name": "Sweetgum: American", "condition": "Fair", "height": 7.3152, "width": 2.7432, "crown_r_m": 1.3716, "crown_h_m": 4.75488, "height_imputed": false, "width_imputed": false, "neighborhood": "Shadyside", "tree_id": "t01141" }, "geometry": { "type": "Point", "coordinates": [ -79.94144359000002, 40.45294147 ] } },
{ "type": "Feature", "properties": { "common_name": "Maple: Red", "condition": "Good", "height": 7.62, "width": 1.524, "crown_r_m": 1.0, "crown_h_m": 4.953, "height_imputed": false, "width_imputed": false, "neighborhood": "Terrace Village", "tree_id": "t01142" }, "geometry": { "type": "Point", "coordinates": [ -79.96868371, 40.44235638 ] } },
{ "type": "Feature", "properties": { "common_name": "Oak: Pin", "condition": "Fair", "height": 9.144, "width": 2.7432, "crown_r_m": 1.3716, "crown_h_m": 5.9436, "height_imputed": false, "width_imputed": false, "neighborhood": "North Oakland", "tree_id": "t01143" }, "geometry": { "type": "Point", "coordinates": [ -79.95052684, 40.45148926 ] } },
{ "type": "Feature", "properties": { "common_name": "Pear: Callery", "condition": "Good", "height": 6.096, "width": 0.9144, "crown_r_m": 1.0, "crown_h_m": 3.9624, "height_imputed": false, "width_imputed": false, "neighborhood": "North Oakland", "tree_id": "t01144" }, "geometry": { "type": "Point", "coordinates": [ -79.95488706, 40.44571517 ] } },
{ "type": "Feature", "properties": { "common_name": "Locust: Black", "condition": "Fair", "height": 15.24, "width": 9.144, "crown_r_m": 4.572, "crown_h_m": 9.906, "height_imputed": false, "width_imputed": false, "neighborhood": "Central Oakland", "tree_id": "t01145" }, "geometry": { "type": "Point", "coordinates": [ -79.95743219000002, 40.43828755 ] } },
{ "type": "Feature", "properties": { "common_name": "Pear: Callery", "condition": "Good", "height": 12.192, "width": 2.7432, "crown_r_m": 1.3716, "crown_h_m": 7.9248, "height_imputed": false, "width_imputed": false, "neighborhood": "North Oakland", "tree_id": "t01146" }, "geometry": { "type": "Point", "coordinates": [ -79.9570417, 40.44535533 ] } },
{ "type": "Feature", "properties": { "common_name": "Maple: Red", "condition": "Good", "height": 13.716, "width": 1.8288, "crown_r_m": 1.0, "crown_h_m": 8.9154, "height_imputed": false, "width_imputed": false, "neighborhood": "Upper Hill", "tree_id": "t01147" }, "geometry": { "type": "Point", "coordinates": [ -79.95682215, 40.45208283 ] } },
{ "type": "Feature", "properties": { "common_name": "Magnolia: Saucer", "condition": "Good", "height": 4.572, "width": 3.048, "crown_r_m": 1.524, "crown_h_m": 2.9718, "height_imputed": false, "width_imputed": false, "neighborhood": "North Oakland", "tree_id": "t01148" }, "geometry": { "type": "Point", "coordinates": [ -79.95425296, 40.44541643 ] } },
{ "type": "Feature", "properties": { "common_name": "Oak: Northern Red", "condition": "Good", "height": 15.24, "width": 2.4384, "crown_r_m": 1.2192, "crown_h_m": 9.906, "height_imputed": false, "width_imputed": false, "neighborhood": "North Oakland", "tree_id": "t01149" }, "geometry": { "type": "Point", "coordinates": [ -79.95507569, 40.44674028 ] } },
{ "type": "Feature", "properties": { "common_name": "Pear: Callery", "condition": "Good", "height": 12.192, "width": 3.6576, "crown_r_m": 1.8288, "crown_h_m": 7.9248, "height_imputed": false, "width_imputed": false, "neighborhood": "Central Oakland", "tree_id": "t01150" }, "geometry": { "type": "Point", "coordinates": [ -79.95115247, 40.43701097000001 ] } },
{ "type": "Feature", "properties": { "common_name": "Linden: Littleleaf", "condition": "Good", "height": 13.716, "width": 2.1336, "crown_r_m": 1.0668, "crown_h_m": 8.9154, "height_imputed": false, "width_imputed": false, "neighborhood": "Central Oakland", "tree_id": "t01151" }, "geometry": { "type": "Point", "coordinates": [ -79.95119013, 40.43707273 ] } },
{ "type": "Feature", "properties": { "common_name": "Maple: Norway", "condition": "Fair", "height": 9.144, "width": 3.6576, "crown_r_m": 1.8288, "crown_h_m": 5.9436, "height_imputed": false, "width_imputed": false, "neighborhood": "North Oakland", "tree_id": "t01152" }, "geometry": { "type": "Point", "coordinates": [ -79.95404031, 40.45135165 ] } },
{ "type": "Feature", "properties": { "common_name": "Maple: Red", "condition": "Fair", "height": 6.096, "width": 1.524, "crown_r_m": 1.0, "crown_h_m": 3.9624, "height_imputed": false, "width_imputed": false, "neighborhood": "Shadyside", "tree_id": "t01153" }, "geometry": { "type": "Point", "coordinates": [ -79.94562456, 40.44981166 ] } },
{ "type": "Feature", "properties": { "common_name": "Honeylocust: Thornless", "condition": "Poor", "height": 5.1816, "width": 2.1336, "crown_r_m": 1.0668, "crown_h_m": 3.36804, "height_imputed": false, "width_imputed": false, "neighborhood": "North Oakland", "tree_id": "t01154" }, "geometry": { "type": "Point", "coordinates": [ -79.95088673, 40.45210927 ] } },
{ "type": "Feature", "properties": { "common_name": "Sweetgum: American", "condition": "Fair", "height": 10.668, "width": 3.6576, "crown_r_m": 1.8288, "crown_h_m": 6.9342, "height_imputed": false, "width_imputed": false, "neighborhood": "North Oakland", "tree_id": "t01155" }, "geometry": { "type": "Point", "coordinates": [ -79.95729204, 40.44385425 ] } },
{ "type": "Feature", "properties": { "common_name": "Honeylocust: Thornless", "condition": "Good", "height": 4.8768, "width": 1.524, "crown_r_m": 1.0, "crown_h_m": 3.16992, "height_imputed": false, "width_imputed": false, "neighborhood": "West Oakland", "tree_id": "t01156" }, "geometry": { "type": "Point", "coordinates": [ -79.95995345, 40.44076046 ] } },
{ "type": "Feature", "properties": { "common_name": "Honeylocust: Thornless", "condition": "Good", "height": 5.1816, "width": 1.8288, "crown_r_m": 1.0, "crown_h_m": 3.36804, "height_imputed": false, "width_imputed": false, "neighborhood": "West Oakland", "tree_id": "t01157" }, "geometry": { "type": "Point", "coordinates": [ -79.95975958, 40.44088584 ] } },
{ "type": "Feature", "properties": { "common_name": "Plum: Cherry", "condition": "Good", "height": 1.2192, "width": 0.3048, "crown_r_m": 1.0, "crown_h_m": 1.5, "height_imputed": false, "width_imputed": false, "neighborhood": "West Oakland", "tree_id": "t01158" }, "geometry": { "type": "Point", "coordinates": [ -79.95937693, 40.4412927 ] } },
{ "type": "Feature", "properties": { "common_name": "Maple: Norway", "condition": "Fair", "height": 9.144, "width": 3.6576, "crown_r_m": 1.8288, "crown_h_m": 5.9436, "height_imputed": false, "width_imputed": false, "neighborhood": "Upper Hill", "tree_id": "t01159" }, "geometry": { "type": "Point", "coordinates": [ -79.95460016, 40.45200888 ] } },
{ "type": "Feature", "properties": { "common_name": "London planetree", "condition": "Good", "height": 9.144, "width": 1.524, "crown_r_m": 1.0, "crown_h_m": 5.9436, "height_imputed": false, "width_imputed": false, "neighborhood": "North Oakland", "tree_id": "t01160" }, "geometry": { "type": "Point", "coordinates": [ -79.95510883, 40.44609377 ] } },
{ "type": "Feature", "properties": { "common_name": "London planetree", "condition": "Poor", "height": 13.716, "width": 3.048, "crown_r_m": 1.524, "crown_h_m": 8.9154, "height_imputed": false, "width_imputed": false, "neighborhood": "North Oakland", "tree_id": "t01161" }, "geometry": { "type": "Point", "coordinates": [ -79.95703481, 40.44511462 ] } },
{ "type": "Feature", "properties": { "common_name": "Oak: Pin", "condition": "Critical", "height": 4.572, "width": 2.4384, "crown_r_m": 1.2192, "crown_h_m": 2.9718, "height_imputed": false, "width_imputed": false, "neighborhood": "North Oakland", "tree_id": "t01162" }, "geometry": { "type": "Point", "coordinates": [ -79.95065204, 40.45168687 ] } },
{ "type": "Feature", "properties": { "common_name": "London planetree", "condition": "Fair", "height": 3.6576, "width": 1.524, "crown_r_m": 1.0, "crown_h_m": 2.37744, "height_imputed": false, "width_imputed": false, "neighborhood": "North Oakland", "tree_id": "t01163" }, "geometry": { "type": "Point", "coordinates": [ -79.94757311, 40.44443405 ] } },
{ "type": "Feature", "properties": { "common_name": "Oak: White", "condition": "Fair", "height": 7.62, "width": 2.1336, "crown_r_m": 1.0668, "crown_h_m": 4.953, "height_imputed": true, "width_imputed": true, "neighborhood": "Squirrel Hill South", "tree_id": "t01164" }, "geometry": { "type": "Point", "coordinates": [ -79.94422918, 40.44044285 ] } },
{ "type": "Feature", "properties": { "common_name": "Ash: White", "condition": "Poor", "height": 7.62, "width": 2.1336, "crown_r_m": 1.0668, "crown_h_m": 4.953, "height_imputed": true, "width_imputed": true, "neighborhood": "Squirrel Hill South", "tree_id": "t01165" }, "geometry": { "type": "Point", "coordinates": [ -79.94428652, 40.440445 ] } },
{ "type": "Feature", "properties": { "common_name": "Oak: Northern Red", "condition": "Good", "height": 15.24, "width": 3.6576, "crown_r_m": 1.8288, "crown_h_m": 9.906, "height_imputed": true, "width_imputed": true, "neighborhood": "Squirrel Hill South", "tree_id": "t01166" }, "geometry": { "type": "Point", "coordinates": [ -79.94433563, 40.44052024 ] } },
{ "type": "Feature", "properties": { "common_name": "Oak: Bur", "condition": "Good", "height": 7.62, "width": 2.1336, "crown_r_m": 1.0668, "crown_h_m": 4.953, "height_imputed": true, "width_imputed": true, "neighborhood": "Squirrel Hill South", "tree_id": "t01167" }, "geometry": { "type": "Point", "coordinates": [ -79.94436825, 40.44061037 ] } },
{ "type": "Feature", "properties": { "common_name": "Horsechestnut", "condition": "Good", "height": 7.62, "width": 2.1336, "crown_r_m": 1.0668, "crown_h_m": 4.953, "height_imputed": true, "width_imputed": true, "neighborhood": "Squirrel Hill South", "tree_id": "t01168" }, "geometry": { "type": "Point", "coordinates": [ -79.94424329, 40.44061598 ] } },
{ "type": "Feature", "properties": { "common_name": "Ash: White", "condition": "Fair", "height": 7.62, "width": 2.1336, "crown_r_m": 1.0668, "crown_h_m": 4.953, "height_imputed": true, "width_imputed": true, "neighborhood": "Squirrel Hill South", "tree_id": "t01169" }, "geometry": { "type": "Point", "coordinates": [ -79.94444899, 40.44074496 ] } },
{ "type": "Feature", "properties": { "common_name": "Oak: Northern Red", "condition": "Good", "height": 15.24, "width": 3.6576, "crown_r_m": 1.8288, "crown_h_m": 9.906, "height_imputed": true, "width_imputed": true, "neighborhood": "Squirrel Hill South", "tree_id": "t01170" }, "geometry": { "type": "Point", "coordinates": [ -79.94447698, 40.44069257 ] } },
{ "type": "Feature", "properties": { "common_name": "Oak: White", "condition": "Good", "height": 7.62, "width": 2.1336, "crown_r_m": 1.0668, "crown_h_m": 4.953, "height_imputed": true, "width_imputed": true, "neighborhood": "Squirrel Hill South", "tree_id": "t01171" }, "geometry": { "type": "Point", "coordinates": [ -79.94452503, 40.44073542 ] } },
{ "type": "Feature", "properties": { "common_name": "Oak: Northern Red", "condition": "Fair", "height": 15.24, "width": 3.6576, "crown_r_m": 1.8288, "crown_h_m": 9.906, "height_imputed": true, "width_imputed": true, "neighborhood": "Squirrel Hill South", "tree_id": "t01172" }, "geometry": { "type": "Point", "coordinates": [ -79.94469672, 40.44079698 ] } },
{ "type": "Feature", "properties": { "common_name": "Linden: Littleleaf", "condition": "Fair", "height": 10.668, "width": 2.7432, "crown_r_m": 1.3716, "crown_h_m": 6.9342, "height_imputed": true, "width_imputed": true, "neighborhood": "Squirrel Hill South", "tree_id": "t01173" }, "geometry": { "type": "Point", "coordinates": [ -79.94485881, 40.44088952 ] } },
{ "type": "Feature", "properties": { "common_name": "Oak: Pin", "condition": "Fair", "height": 16.764, "width": 4.572, "crown_r_m": 2.286, "crown_h_m": 10.8966, "height_imputed": true, "width_imputed": true, "neighborhood": "Squirrel Hill South", "tree_id": "t01174" }, "geometry": { "type": "Point", "coordinates": [ -79.94492541, 40.4409158 ] } },
{ "type": "Feature", "properties": { "common_name": "Oak: White", "condition": "Good", "height": 7.62, "width": 2.1336, "crown_r_m": 1.0668, "crown_h_m": 4.953, "height_imputed": true, "width_imputed": true, "neighborhood": "Squirrel Hill South", "tree_id": "t01175" }, "geometry": { "type": "Point", "coordinates": [ -79.94535266, 40.44098125 ] } },
{ "type": "Feature", "properties": { "common_name": "Oak: White", "condition": "Fair", "height": 7.62, "width": 2.1336, "crown_r_m": 1.0668, "crown_h_m": 4.953, "height_imputed": true, "width_imputed": true, "neighborhood": "Squirrel Hill South", "tree_id": "t01176" }, "geometry": { "type": "Point", "coordinates": [ -79.94542913, 40.44098466 ] } },
{ "type": "Feature", "properties": { "common_name": "Oak: Pin", "condition": "Fair", "height": 16.764, "width": 4.572, "crown_r_m": 2.286, "crown_h_m": 10.8966, "height_imputed": true, "width_imputed": true, "neighborhood": "Squirrel Hill South", "tree_id": "t01177" }, "geometry": { "type": "Point", "coordinates": [ -79.94566392, 40.44100068 ] } },
{ "type": "Feature", "properties": { "common_name": "Oak: White", "condition": "Poor", "height": 7.62, "width": 2.1336, "crown_r_m": 1.0668, "crown_h_m": 4.953, "height_imputed": true, "width_imputed": true, "neighborhood": "Squirrel Hill South", "tree_id": "t01178" }, "geometry": { "type": "Point", "coordinates": [ -79.94576465, 40.44109762 ] } },
{ "type": "Feature", "properties": { "common_name": "Oak: Pin", "condition": "Poor", "height": 16.764, "width": 4.572, "crown_r_m": 2.286, "crown_h_m": 10.8966, "height_imputed": true, "width_imputed": true, "neighborhood": "Squirrel Hill South", "tree_id": "t01179" }, "geometry": { "type": "Point", "coordinates": [ -79.94583708, 40.44117241 ] } },
{ "type": "Feature", "properties": { "common_name": "Oak: White", "condition": "Good", "height": 7.62, "width": 2.1336, "crown_r_m": 1.0668, "crown_h_m": 4.953, "height_imputed": true, "width_imputed": true, "neighborhood": "Squirrel Hill South", "tree_id": "t01180" }, "geometry": { "type": "Point", "coordinates": [ -79.94585702, 40.44106831 ] } },
{ "type": "Feature", "properties": { "common_name": "Oak: White", "condition": "Good", "height": 7.62, "width": 2.1336, "crown_r_m": 1.0668, "crown_h_m": 4.953, "height_imputed": true, "width_imputed": true, "neighborhood": "Squirrel Hill South", "tree_id": "t01181" }, "geometry": { "type": "Point", "coordinates": [ -79.94596204, 40.44110197 ] } },
{ "type": "Feature", "properties": { "common_name": "London planetree", "condition": "Good", "height": 15.24, "width": 3.6576, "crown_r_m": 1.8288, "crown_h_m": 9.906, "height_imputed": true, "width_imputed": true, "neighborhood": "North Oakland", "tree_id": "t01182" }, "geometry": { "type": "Point", "coordinates": [ -79.95277915, 40.4419749 ] } },
{ "type": "Feature", "properties": { "common_name": "Oak: Northern Red", "condition": "Fair", "height": 15.24, "width": 3.6576, "crown_r_m": 1.8288, "crown_h_m": 9.906, "height_imputed": true, "width_imputed": true, "neighborhood": "Squirrel Hill South", "tree_id": "t01183" }, "geometry": { "type": "Point", "coordinates": [ -79.94608816, 40.44113198 ] } },
{ "type": "Feature", "properties": { "common_name": "Oak: Pin", "condition": "Poor", "height": 16.764, "width": 4.572, "crown_r_m": 2.286, "crown_h_m": 10.8966, "height_imputed": true, "width_imputed": true, "neighborhood": "Squirrel Hill South", "tree_id": "t01184" }, "geometry": { "type": "Point", "coordinates": [ -79.94617475, 40.44118544 ] } },
{ "type": "Feature", "properties": { "common_name": "Oak: White", "condition": "Good", "height": 7.62, "width": 2.1336, "crown_r_m": 1.0668, "crown_h_m": 4.953, "height_imputed": true, "width_imputed": true, "neighborhood": "Squirrel Hill South", "tree_id": "t01185" }, "geometry": { "type": "Point", "coordinates": [ -79.94625652, 40.44115633 ] } },
{ "type": "Feature", "properties": { "common_name": "Oak: White", "condition": "Fair", "height": 7.62, "width": 2.1336, "crown_r_m": 1.0668, "crown_h_m": 4.953, "height_imputed": true, "width_imputed": true, "neighborhood": "Squirrel Hill South", "tree_id": "t01186" }, "geometry": { "type": "Point", "coordinates": [ -79.94626684, 40.44121286 ] } },
{ "type": "Feature", "properties": { "common_name": "Oak: White", "condition": "Fair", "height": 7.62, "width": 2.1336, "crown_r_m": 1.0668, "crown_h_m": 4.953, "height_imputed": true, "width_imputed": true, "neighborhood": "Squirrel Hill South", "tree_id": "t01187" }, "geometry": { "type": "Point", "coordinates": [ -79.94632301, 40.4412442 ] } },
{ "type": "Feature", "properties": { "common_name": "Oak: Pin", "condition": "Poor", "height": 16.764, "width": 4.572, "crown_r_m": 2.286, "crown_h_m": 10.8966, "height_imputed": true, "width_imputed": true, "neighborhood": "Squirrel Hill South", "tree_id": "t01188" }, "geometry": { "type": "Point", "coordinates": [ -79.94638787, 40.441281859999989 ] } },
{ "type": "Feature", "properties": { "common_name": "Oak: White", "condition": "Fair", "height": 7.62, "width": 2.1336, "crown_r_m": 1.0668, "crown_h_m": 4.953, "height_imputed": true, "width_imputed": true, "neighborhood": "Squirrel Hill South", "tree_id": "t01189" }, "geometry": { "type": "Point", "coordinates": [ -79.94647611, 40.44125588 ] } },
{ "type": "Feature", "properties": { "common_name": "Oak: White", "condition": "Good", "height": 7.62, "width": 2.1336, "crown_r_m": 1.0668, "crown_h_m": 4.953, "height_imputed": true, "width_imputed": true, "neighborhood": "Squirrel Hill South", "tree_id": "t01190" }, "geometry": { "type": "Point", "coordinates": [ -79.94651966, 40.44129070000001 ] } },
{ "type": "Feature", "properties": { "common_name": "Linden: Littleleaf", "condition": "Fair", "height": 10.668, "width": 2.7432, "crown_r_m": 1.3716, "crown_h_m": 6.9342, "height_imputed": true, "width_imputed": true, "neighborhood": "Squirrel Hill South", "tree_id": "t01191" }, "geometry": { "type": "Point", "coordinates": [ -79.94653345, 40.44125803 ] } },
{ "type": "Feature", "properties": { "common_name": "Oak: Chestnut", "condition": "Good", "height": 7.62, "width": 2.1336, "crown_r_m": 1.0668, "crown_h_m": 4.953, "height_imputed": true, "width_imputed": true, "neighborhood": "Squirrel Hill South", "tree_id": "t01192" }, "geometry": { "type": "Point", "coordinates": [ -79.9467648, 40.44132818 ] } },
{ "type": "Feature", "properties": { "common_name": "Ash: White", "condition": "Fair", "height": 7.62, "width": 2.1336, "crown_r_m": 1.0668, "crown_h_m": 4.953, "height_imputed": true, "width_imputed": true, "neighborhood": "Squirrel Hill South", "tree_id": "t01193" }, "geometry": { "type": "Point", "coordinates": [ -79.94692617, 40.44133321 ] } },
{ "type": "Feature", "properties": { "common_name": "Oak: Pin", "condition": "Poor", "height": 16.764, "width": 4.572, "crown_r_m": 2.286, "crown_h_m": 10.8966, "height_imputed": true, "width_imputed": true, "neighborhood": "Squirrel Hill South", "tree_id": "t01194" }, "geometry": { "type": "Point", "coordinates": [ -79.94696203, 40.44139249 ] } },
{ "type": "Feature", "properties": { "common_name": "Linden: Littleleaf", "condition": "Good", "height": 10.668, "width": 2.7432, "crown_r_m": 1.3716, "crown_h_m": 6.9342, "height_imputed": true, "width_imputed": true, "neighborhood": "Squirrel Hill South", "tree_id": "t01195" }, "geometry": { "type": "Point", "coordinates": [ -79.94709814, 40.44127322 ] } },
{ "type": "Feature", "properties": { "common_name": "Linden: Littleleaf", "condition": "Good", "height": 10.668, "width": 2.7432, "crown_r_m": 1.3716, "crown_h_m": 6.9342, "height_imputed": true, "width_imputed": true, "neighborhood": "Squirrel Hill South", "tree_id": "t01196" }, "geometry": { "type": "Point", "coordinates": [ -79.94721001, 40.44125651 ] } },
{ "type": "Feature", "properties": { "common_name": "Crabapple: Flowering", "condition": "Good", "height": 3.048, "width": 1.2192, "crown_r_m": 1.0, "crown_h_m": 1.9812, "height_imputed": true, "width_imputed": true, "neighborhood": "Squirrel Hill South", "tree_id": "t01197" }, "geometry": { "type": "Point", "coordinates": [ -79.94776019, 40.44100782 ] } },
{ "type": "Feature", "properties": { "common_name": "Maple: Red", "condition": "Poor", "height": 7.62, "width": 2.4384, "crown_r_m": 1.2192, "crown_h_m": 4.953, "height_imputed": true, "width_imputed": true, "neighborhood": "Squirrel Hill South", "tree_id": "t01198" }, "geometry": { "type": "Point", "coordinates": [ -79.94776486, 40.44095587 ] } },
{ "type": "Feature", "properties": { "common_name": "Crabapple: Flowering", "condition": "Fair", "height": 3.048, "width": 1.2192, "crown_r_m": 1.0, "crown_h_m": 1.9812, "height_imputed": true, "width_imputed": true, "neighborhood": "Squirrel Hill South", "tree_id": "t01199" }, "geometry": { "type": "Point", "coordinates": [ -79.9477009, 40.440945739999982 ] } },
{ "type": "Feature", "properties": { "common_name": "Maple: Red", "condition": "Fair", "height": 7.62, "width": 2.4384, "crown_r_m": 1.2192, "crown_h_m": 4.953, "height_imputed": true, "width_imputed": true, "neighborhood": "Squirrel Hill South", "tree_id": "t01200" }, "geometry": { "type": "Point", "coordinates": [ -79.94767987, 40.44088618 ] } },
{ "type": "Feature", "properties": { "common_name": "Crabapple: Flowering", "condition": "Good", "height": 3.048, "width": 1.2192, "crown_r_m": 1.0, "crown_h_m": 1.9812, "height_imputed": true, "width_imputed": true, "neighborhood": "Squirrel Hill South", "tree_id": "t01201" }, "geometry": { "type": "Point", "coordinates": [ -79.94770653, 40.44085812 ] } },
{ "type": "Feature", "properties": { "common_name": "Maple: Red", "condition": "Fair", "height": 7.62, "width": 2.4384, "crown_r_m": 1.2192, "crown_h_m": 4.953, "height_imputed": true, "width_imputed": true, "neighborhood": "Squirrel Hill South", "tree_id": "t01202" }, "geometry": { "type": "Point", "coordinates": [ -79.94774771, 40.44082007 ] } },
{ "type": "Feature", "properties": { "common_name": "Crabapple: Flowering", "condition": "Fair", "height": 3.048, "width": 1.2192, "crown_r_m": 1.0, "crown_h_m": 1.9812, "height_imputed": true, "width_imputed": true, "neighborhood": "Squirrel Hill South", "tree_id": "t01203" }, "geometry": { "type": "Point", "coordinates": [ -79.94773797, 40.44078136 ] } },
{ "type": "Feature", "properties": { "common_name": "Oak: Swamp White", "condition": "Good", "height": 3.3528, "width": 1.524, "crown_r_m": 1.0, "crown_h_m": 2.17932, "height_imputed": true, "width_imputed": true, "neighborhood": "Squirrel Hill South", "tree_id": "t01204" }, "geometry": { "type": "Point", "coordinates": [ -79.94638315, 40.44110104 ] } },
{ "type": "Feature", "properties": { "common_name": "Oak: White", "condition": "Good", "height": 7.62, "width": 2.1336, "crown_r_m": 1.0668, "crown_h_m": 4.953, "height_imputed": true, "width_imputed": true, "neighborhood": "Squirrel Hill South", "tree_id": "t01205" }, "geometry": { "type": "Point", "coordinates": [ -79.94621316, 40.44102649 ] } },
{ "type": "Feature", "properties": { "common_name": "Oak: White", "condition": "Fair", "height": 7.62, "width": 2.1336, "crown_r_m": 1.0668, "crown_h_m": 4.953, "height_imputed": true, "width_imputed": true, "neighborhood": "Squirrel Hill South", "tree_id": "t01206" }, "geometry": { "type": "Point", "coordinates": [ -79.94615046, 40.44105523 ] } },
{ "type": "Feature", "properties": { "common_name": "Oak: Northern Red", "condition": "Fair", "height": 15.24, "width": 3.6576, "crown_r_m": 1.8288, "crown_h_m": 9.906, "height_imputed": true, "width_imputed": true, "neighborhood": "Squirrel Hill South", "tree_id": "t01207" }, "geometry": { "type": "Point", "coordinates": [ -79.94608741, 40.44100781 ] } },
{ "type": "Feature", "properties": { "common_name": "Oak: White", "condition": "Fair", "height": 7.62, "width": 2.1336, "crown_r_m": 1.0668, "crown_h_m": 4.953, "height_imputed": true, "width_imputed": true, "neighborhood": "Squirrel Hill South", "tree_id": "t01208" }, "geometry": { "type": "Point", "coordinates": [ -79.94602408, 40.44101711 ] } },
{ "type": "Feature", "properties": { "common_name": "Linden: Littleleaf", "condition": "Fair", "height": 10.668, "width": 2.7432, "crown_r_m": 1.3716, "crown_h_m": 6.9342, "height_imputed": true, "width_imputed": true, "neighborhood": "Squirrel Hill South", "tree_id": "t01209" }, "geometry": { "type": "Point", "coordinates": [ -79.94602276, 40.44097662 ] } },
{ "type": "Feature", "properties": { "common_name": "Oak: Northern Red", "condition": "Fair", "height": 15.24, "width": 3.6576, "crown_r_m": 1.8288, "crown_h_m": 9.906, "height_imputed": true, "width_imputed": true, "neighborhood": "Squirrel Hill South", "tree_id": "t01210" }, "geometry": { "type": "Point", "coordinates": [ -79.94583142, 40.44089761 ] } },
{ "type": "Feature", "properties": { "common_name": "Oak: White", "condition": "Fair", "height": 7.62, "width": 2.1336, "crown_r_m": 1.0668, "crown_h_m": 4.953, "height_imputed": true, "width_imputed": true, "neighborhood": "Squirrel Hill South", "tree_id": "t01211" }, "geometry": { "type": "Point", "coordinates": [ -79.94576883, 40.44092959 ] } },
{ "type": "Feature", "properties": { "common_name": "Oak: White", "condition": "Fair", "height": 7.62, "width": 2.1336, "crown_r_m": 1.0668, "crown_h_m": 4.953, "height_imputed": true, "width_imputed": true, "neighborhood": "Squirrel Hill South", "tree_id": "t01212" }, "geometry": { "type": "Point", "coordinates": [ -79.94569374, 40.44090347 ] } },
{ "type": "Feature", "properties": { "common_name": "Oak: White", "condition": "Fair", "height": 7.62, "width": 2.1336, "crown_r_m": 1.0668, "crown_h_m": 4.953, "height_imputed": true, "width_imputed": true, "neighborhood": "Squirrel Hill South", "tree_id": "t01213" }, "geometry": { "type": "Point", "coordinates": [ -79.94567695, 40.44084383 ] } },
{ "type": "Feature", "properties": { "common_name": "Oak: White", "condition": "Fair", "height": 7.62, "width": 2.1336, "crown_r_m": 1.0668, "crown_h_m": 4.953, "height_imputed": true, "width_imputed": true, "neighborhood": "Squirrel Hill South", "tree_id": "t01214" }, "geometry": { "type": "Point", "coordinates": [ -79.94560329, 40.44086143 ] } },
{ "type": "Feature", "properties": { "common_name": "Oak: White", "condition": "Fair", "height": 7.62, "width": 2.1336, "crown_r_m": 1.0668, "crown_h_m": 4.953, "height_imputed": true, "width_imputed": true, "neighborhood": "Squirrel Hill South", "tree_id": "t01215" }, "geometry": { "type": "Point", "coordinates": [ -79.94554224, 40.44087556 ] } },
{ "type": "Feature", "properties": { "common_name": "Oak: Northern Red", "condition": "Fair", "height": 15.24, "width": 3.6576, "crown_r_m": 1.8288, "crown_h_m": 9.906, "height_imputed": true, "width_imputed": true, "neighborhood": "Squirrel Hill South", "tree_id": "t01216" }, "geometry": { "type": "Point", "coordinates": [ -79.94554877, 40.44081547 ] } },
{ "type": "Feature", "properties": { "common_name": "Oak: Bur", "condition": "Good", "height": 7.62, "width": 2.1336, "crown_r_m": 1.0668, "crown_h_m": 4.953, "height_imputed": true, "width_imputed": true, "neighborhood": "Squirrel Hill South", "tree_id": "t01217" }, "geometry": { "type": "Point", "coordinates": [ -79.94547001, 40.44087207 ] } },
{ "type": "Feature", "properties": { "common_name": "Elm: American", "condition": "Fair", "height": 4.572, "width": 1.8288, "crown_r_m": 1.0, "crown_h_m": 2.9718, "height_imputed": true, "width_imputed": true, "neighborhood": "Squirrel Hill South", "tree_id": "t01218" }, "geometry": { "type": "Point", "coordinates": [ -79.94548571, 40.44076805 ] } },
{ "type": "Feature", "properties": { "common_name": "Oak: White", "condition": "Fair", "height": 7.62, "width": 2.1336, "crown_r_m": 1.0668, "crown_h_m": 4.953, "height_imputed": true, "width_imputed": true, "neighborhood": "Squirrel Hill South", "tree_id": "t01219" }, "geometry": { "type": "Point", "coordinates": [ -79.94544195, 40.44072675 ] } },
{ "type": "Feature", "properties": { "common_name": "Honeylocust", "condition": "Fair", "height": 4.572, "width": 2.1336, "crown_r_m": 1.0668, "crown_h_m": 2.9718, "height_imputed": true, "width_imputed": true, "neighborhood": "Squirrel Hill South", "tree_id": "t01220" }, "geometry": { "type": "Point", "coordinates": [ -79.94534418, 40.4407205 ] } },
{ "type": "Feature", "properties": { "common_name": "Oak: Swamp White", "condition": "Fair", "height": 3.3528, "width": 1.524, "crown_r_m": 1.0, "crown_h_m": 2.17932, "height_imputed": true, "width_imputed": true, "neighborhood": "Squirrel Hill South", "tree_id": "t01221" }, "geometry": { "type": "Point", "coordinates": [ -79.94537674, 40.440873839999988 ] } },
{ "type": "Feature", "properties": { "common_name": "Oak: Northern Red", "condition": "Fair", "height": 15.24, "width": 3.6576, "crown_r_m": 1.8288, "crown_h_m": 9.906, "height_imputed": true, "width_imputed": true, "neighborhood": "Squirrel Hill South", "tree_id": "t01222" }, "geometry": { "type": "Point", "coordinates": [ -79.94525062, 40.44084382 ] } },
{ "type": "Feature", "properties": { "common_name": "Linden: Silver", "condition": "Fair", "height": 3.6576, "width": 1.524, "crown_r_m": 1.0, "crown_h_m": 2.37744, "height_imputed": true, "width_imputed": true, "neighborhood": "Squirrel Hill South", "tree_id": "t01223" }, "geometry": { "type": "Point", "coordinates": [ -79.94519149, 40.44078661 ] } },
{ "type": "Feature", "properties": { "common_name": "Oak: Swamp White", "condition": "Fair", "height": 3.3528, "width": 1.524, "crown_r_m": 1.0, "crown_h_m": 2.17932, "height_imputed": true, "width_imputed": true, "neighborhood": "Squirrel Hill South", "tree_id": "t01224" }, "geometry": { "type": "Point", "coordinates": [ -79.94523845, 40.44073061 ] } },
{ "type": "Feature", "properties": { "common_name": "Oak: Scarlet", "condition": "Poor", "height": 7.62, "width": 2.1336, "crown_r_m": 1.0668, "crown_h_m": 4.953, "height_imputed": true, "width_imputed": true, "neighborhood": "Squirrel Hill South", "tree_id": "t01225" }, "geometry": { "type": "Point", "coordinates": [ -79.94515447, 40.4406917 ] } },
{ "type": "Feature", "properties": { "common_name": "Linden: American", "condition": "Poor", "height": 12.192, "width": 2.4384, "crown_r_m": 1.2192, "crown_h_m": 7.9248, "height_imputed": true, "width_imputed": true, "neighborhood": "Squirrel Hill South", "tree_id": "t01226" }, "geometry": { "type": "Point", "coordinates": [ -79.94508176, 40.44067363 ] } },
{ "type": "Feature", "properties": { "common_name": "Oak: Northern Red", "condition": "Fair", "height": 15.24, "width": 3.6576, "crown_r_m": 1.8288, "crown_h_m": 9.906, "height_imputed": true, "width_imputed": true, "neighborhood": "Squirrel Hill South", "tree_id": "t01227" }, "geometry": { "type": "Point", "coordinates": [ -79.9450757, 40.44081311 ] } },
{ "type": "Feature", "properties": { "common_name": "Linden: Silver", "condition": "Good", "height": 3.6576, "width": 1.524, "crown_r_m": 1.0, "crown_h_m": 2.37744, "height_imputed": true, "width_imputed": true, "neighborhood": "Squirrel Hill South", "tree_id": "t01228" }, "geometry": { "type": "Point", "coordinates": [ -79.94505048, 40.44075525 ] } },
{ "type": "Feature", "properties": { "common_name": "Oak: Bur", "condition": "Fair", "height": 7.62, "width": 2.1336, "crown_r_m": 1.0668, "crown_h_m": 4.953, "height_imputed": true, "width_imputed": true, "neighborhood": "Squirrel Hill South", "tree_id": "t01229" }, "geometry": { "type": "Point", "coordinates": [ -79.94502972, 40.44070379 ] } },
{ "type": "Feature", "properties": { "common_name": "Linden: Silver", "condition": "Fair", "height": 3.6576, "width": 1.524, "crown_r_m": 1.0, "crown_h_m": 2.37744, "height_imputed": true, "width_imputed": true, "neighborhood": "Squirrel Hill South", "tree_id": "t01230" }, "geometry": { "type": "Point", "coordinates": [ -79.94501966, 40.44065536 ] } },
{ "type": "Feature", "properties": { "common_name": "Oak: Northern Red", "condition": "Fair", "height": 15.24, "width": 3.6576, "crown_r_m": 1.8288, "crown_h_m": 9.906, "height_imputed": true, "width_imputed": true, "neighborhood": "Squirrel Hill South", "tree_id": "t01231" }, "geometry": { "type": "Point", "coordinates": [ -79.94496954, 40.440614179999983 ] } },
{ "type": "Feature", "properties": { "common_name": "Linden: Silver", "condition": "Fair", "height": 3.6576, "width": 1.524, "crown_r_m": 1.0, "crown_h_m": 2.37744, "height_imputed": true, "width_imputed": true, "neighborhood": "Squirrel Hill South", "tree_id": "t01232" }, "geometry": { "type": "Point", "coordinates": [ -79.94491637, 40.44067515 ] } },
{ "type": "Feature", "properties": { "common_name": "Linden: Silver", "condition": "Fair", "height": 3.6576, "width": 1.524, "crown_r_m": 1.0, "crown_h_m": 2.37744, "height_imputed": true, "width_imputed": true, "neighborhood": "Squirrel Hill South", "tree_id": "t01233" }, "geometry": { "type": "Point", "coordinates": [ -79.944916410000019, 40.44074159 ] } },
{ "type": "Feature", "properties": { "common_name": "Oak: White", "condition": "Fair", "height": 7.62, "width": 2.1336, "crown_r_m": 1.0668, "crown_h_m": 4.953, "height_imputed": true, "width_imputed": true, "neighborhood": "Squirrel Hill South", "tree_id": "t01234" }, "geometry": { "type": "Point", "coordinates": [ -79.94479666, 40.44071146000001 ] } },
{ "type": "Feature", "properties": { "common_name": "Oak: Northern Red", "condition": "Fair", "height": 15.24, "width": 3.6576, "crown_r_m": 1.8288, "crown_h_m": 9.906, "height_imputed": true, "width_imputed": true, "neighborhood": "Squirrel Hill South", "tree_id": "t01235" }, "geometry": { "type": "Point", "coordinates": [ -79.94477288, 40.4406325 ] } },
{ "type": "Feature", "properties": { "common_name": "Linden: Silver", "condition": "Fair", "height": 3.6576, "width": 1.524, "crown_r_m": 1.0, "crown_h_m": 2.37744, "height_imputed": true, "width_imputed": true, "neighborhood": "Squirrel Hill South", "tree_id": "t01236" }, "geometry": { "type": "Point", "coordinates": [ -79.94484855, 40.44061162 ] } },
{ "type": "Feature", "properties": { "common_name": "Linden: Silver", "condition": "Fair", "height": 3.6576, "width": 1.524, "crown_r_m": 1.0, "crown_h_m": 2.37744, "height_imputed": true, "width_imputed": true, "neighborhood": "Squirrel Hill South", "tree_id": "t01237" }, "geometry": { "type": "Point", "coordinates": [ -79.94481994, 40.44057975 ] } },
{ "type": "Feature", "properties": { "common_name": "Oak: Northern Red", "condition": "Good", "height": 15.24, "width": 3.6576, "crown_r_m": 1.8288, "crown_h_m": 9.906, "height_imputed": true, "width_imputed": true, "neighborhood": "Squirrel Hill South", "tree_id": "t01238" }, "geometry": { "type": "Point", "coordinates": [ -79.94482674, 40.440527760000016 ] } },
{ "type": "Feature", "properties": { "common_name": "Oak: White", "condition": "Fair", "height": 7.62, "width": 2.1336, "crown_r_m": 1.0668, "crown_h_m": 4.953, "height_imputed": true, "width_imputed": true, "neighborhood": "Squirrel Hill South", "tree_id": "t01239" }, "geometry": { "type": "Point", "coordinates": [ -79.94474184, 40.44052613 ] } },
{ "type": "Feature", "properties": { "common_name": "Linden: Silver", "condition": "Fair", "height": 3.6576, "width": 1.524, "crown_r_m": 1.0, "crown_h_m": 2.37744, "height_imputed": true, "width_imputed": true, "neighborhood": "Squirrel Hill South", "tree_id": "t01240" }, "geometry": { "type": "Point", "coordinates": [ -79.94480322, 40.4404569 ] } },
{ "type": "Feature", "properties": { "common_name": "Crabapple: Flowering", "condition": "Good", "height": 3.048, "width": 1.2192, "crown_r_m": 1.0, "crown_h_m": 1.9812, "height_imputed": true, "width_imputed": true, "neighborhood": "Squirrel Hill South", "tree_id": "t01241" }, "geometry": { "type": "Point", "coordinates": [ -79.94477149, 40.4403943 ] } },
{ "type": "Feature", "properties": { "common_name": "Linden: Silver", "condition": "Fair", "height": 3.6576, "width": 1.524, "crown_r_m": 1.0, "crown_h_m": 2.37744, "height_imputed": true, "width_imputed": true, "neighborhood": "Squirrel Hill South", "tree_id": "t01242" }, "geometry": { "type": "Point", "coordinates": [ -79.94470349, 40.44045555 ] } },
{ "type": "Feature", "properties": { "common_name": "Linden: Silver", "condition": "Poor", "height": 3.6576, "width": 1.524, "crown_r_m": 1.0, "crown_h_m": 2.37744, "height_imputed": true, "width_imputed": true, "neighborhood": "Squirrel Hill South", "tree_id": "t01243" }, "geometry": { "type": "Point", "coordinates": [ -79.94464108, 40.44062366 ] } },
{ "type": "Feature", "properties": { "common_name": "Oak: Northern Red", "condition": "Fair", "height": 15.24, "width": 3.6576, "crown_r_m": 1.8288, "crown_h_m": 9.906, "height_imputed": true, "width_imputed": true, "neighborhood": "Squirrel Hill South", "tree_id": "t01244" }, "geometry": { "type": "Point", "coordinates": [ -79.94469825, 40.44068578 ] } },
{ "type": "Feature", "properties": { "common_name": "Linden: American", "condition": "Good", "height": 12.192, "width": 2.4384, "crown_r_m": 1.2192, "crown_h_m": 7.9248, "height_imputed": true, "width_imputed": true, "neighborhood": "Squirrel Hill South", "tree_id": "t01245" }, "geometry": { "type": "Point", "coordinates": [ -79.94462771, 40.4404732 ] } },
{ "type": "Feature", "properties": { "common_name": "Oak: Northern Red", "condition": "Good", "height": 15.24, "width": 3.6576, "crown_r_m": 1.8288, "crown_h_m": 9.906, "height_imputed": true, "width_imputed": true, "neighborhood": "Squirrel Hill South", "tree_id": "t01246" }, "geometry": { "type": "Point", "coordinates": [ -79.94453189, 40.440526879999986 ] } },
{ "type": "Feature", "properties": { "common_name": "Oak: Swamp White", "condition": "Fair", "height": 3.3528, "width": 1.524, "crown_r_m": 1.0, "crown_h_m": 2.17932, "height_imputed": true, "width_imputed": true, "neighborhood": "Squirrel Hill South", "tree_id": "t01247" }, "geometry": { "type": "Point", "coordinates": [ -79.94442565, 40.44045597 ] } },
{ "type": "Feature", "properties": { "common_name": "Linden: Silver", "condition": "Good", "height": 3.6576, "width": 1.524, "crown_r_m": 1.0, "crown_h_m": 2.37744, "height_imputed": true, "width_imputed": true, "neighborhood": "Squirrel Hill South", "tree_id": "t01248" }, "geometry": { "type": "Point", "coordinates": [ -79.94451845, 40.4403748 ] } },
{ "type": "Feature", "properties": { "common_name": "Linden: Silver", "condition": "Poor", "height": 3.6576, "width": 1.524, "crown_r_m": 1.0, "crown_h_m": 2.37744, "height_imputed": true, "width_imputed": true, "neighborhood": "Squirrel Hill South", "tree_id": "t01249" }, "geometry": { "type": "Point", "coordinates": [ -79.94446865, 40.44034333 ] } },
{ "type": "Feature", "properties": { "common_name": "Linden: Silver", "condition": "Fair", "height": 3.6576, "width": 1.524, "crown_r_m": 1.0, "crown_h_m": 2.37744, "height_imputed": true, "width_imputed": true, "neighborhood": "Squirrel Hill South", "tree_id": "t01250" }, "geometry": { "type": "Point", "coordinates": [ -79.94443399, 40.4403213 ] } },
{ "type": "Feature", "properties": { "common_name": "Ginkgo", "condition": "Poor", "height": 3.6576, "width": 1.524, "crown_r_m": 1.0, "crown_h_m": 2.37744, "height_imputed": true, "width_imputed": true, "neighborhood": "Squirrel Hill South", "tree_id": "t01251" }, "geometry": { "type": "Point", "coordinates": [ -79.94430655, 40.44031562 ] } },
{ "type": "Feature", "properties": { "common_name": "Linden: Silver", "condition": "Poor", "height": 3.6576, "width": 1.524, "crown_r_m": 1.0, "crown_h_m": 2.37744, "height_imputed": true, "width_imputed": true, "neighborhood": "Squirrel Hill South", "tree_id": "t01252" }, "geometry": { "type": "Point", "coordinates": [ -79.94434439, 40.440305179999989 ] } },
{ "type": "Feature", "properties": { "common_name": "Oak: Shingle", "condition": "Fair", "height": 7.62, "width": 2.1336, "crown_r_m": 1.0668, "crown_h_m": 4.953, "height_imputed": true, "width_imputed": true, "neighborhood": "Squirrel Hill South", "tree_id": "t01253" }, "geometry": { "type": "Point", "coordinates": [ -79.9442834, 40.4402561 ] } },
{ "type": "Feature", "properties": { "common_name": "Ginkgo", "condition": "Fair", "height": 3.6576, "width": 1.524, "crown_r_m": 1.0, "crown_h_m": 2.37744, "height_imputed": true, "width_imputed": true, "neighborhood": "Squirrel Hill South", "tree_id": "t01254" }, "geometry": { "type": "Point", "coordinates": [ -79.94431155, 40.44020857 ] } },
{ "type": "Feature", "properties": { "common_name": "Linden: Silver", "condition": "Poor", "height": 3.6576, "width": 1.524, "crown_r_m": 1.0, "crown_h_m": 2.37744, "height_imputed": true, "width_imputed": true, "neighborhood": "Squirrel Hill South", "tree_id": "t01255" }, "geometry": { "type": "Point", "coordinates": [ -79.94447232, 40.44026061 ] } },
{ "type": "Feature", "properties": { "common_name": "Linden: Silver", "condition": "Poor", "height": 3.6576, "width": 1.524, "crown_r_m": 1.0, "crown_h_m": 2.37744, "height_imputed": true, "width_imputed": true, "neighborhood": "Squirrel Hill South", "tree_id": "t01256" }, "geometry": { "type": "Point", "coordinates": [ -79.94453575, 40.44025455 ] } },
{ "type": "Feature", "properties": { "common_name": "Crabapple: Flowering", "condition": "Poor", "height": 3.048, "width": 1.2192, "crown_r_m": 1.0, "crown_h_m": 1.9812, "height_imputed": true, "width_imputed": true, "neighborhood": "Squirrel Hill South", "tree_id": "t01257" }, "geometry": { "type": "Point", "coordinates": [ -79.9446997, 40.44033895 ] } },
{ "type": "Feature", "properties": { "common_name": "Crabapple: Flowering", "condition": "Fair", "height": 3.048, "width": 1.2192, "crown_r_m": 1.0, "crown_h_m": 1.9812, "height_imputed": true, "width_imputed": true, "neighborhood": "Squirrel Hill South", "tree_id": "t01258" }, "geometry": { "type": "Point", "coordinates": [ -79.94464253, 40.44027683 ] } },
{ "type": "Feature", "properties": { "common_name": "Crabapple: Flowering", "condition": "Fair", "height": 3.048, "width": 1.2192, "crown_r_m": 1.0, "crown_h_m": 1.9812, "height_imputed": true, "width_imputed": true, "neighborhood": "Squirrel Hill South", "tree_id": "t01259" }, "geometry": { "type": "Point", "coordinates": [ -79.94461017, 40.44019479 ] } },
{ "type": "Feature", "properties": { "common_name": "Crabapple: Flowering", "condition": "Fair", "height": 3.048, "width": 1.2192, "crown_r_m": 1.0, "crown_h_m": 1.9812, "height_imputed": true, "width_imputed": true, "neighborhood": "Squirrel Hill South", "tree_id": "t01260" }, "geometry": { "type": "Point", "coordinates": [ -79.9446007, 40.44009936 ] } },
{ "type": "Feature", "properties": { "common_name": "Linden: Silver", "condition": "Fair", "height": 3.6576, "width": 1.524, "crown_r_m": 1.0, "crown_h_m": 2.37744, "height_imputed": true, "width_imputed": true, "neighborhood": "Squirrel Hill South", "tree_id": "t01261" }, "geometry": { "type": "Point", "coordinates": [ -79.94449146, 40.44019705 ] } },
{ "type": "Feature", "properties": { "common_name": "Linden: Silver", "condition": "Fair", "height": 3.6576, "width": 1.524, "crown_r_m": 1.0, "crown_h_m": 2.37744, "height_imputed": true, "width_imputed": true, "neighborhood": "Squirrel Hill South", "tree_id": "t01262" }, "geometry": { "type": "Point", "coordinates": [ -79.94446196, 40.440137649999983 ] } },
{ "type": "Feature", "properties": { "common_name": "Linden: Silver", "condition": "Fair", "height": 3.6576, "width": 1.524, "crown_r_m": 1.0, "crown_h_m": 2.37744, "height_imputed": true, "width_imputed": true, "neighborhood": "Squirrel Hill South", "tree_id": "t01263" }, "geometry": { "type": "Point", "coordinates": [ -79.94452853, 40.44003267 ] } },
{ "type": "Feature", "properties": { "common_name": "Hornbeam: European", "condition": "Poor", "height": 4.8768, "width": 1.524, "crown_r_m": 1.0, "crown_h_m": 3.16992, "height_imputed": true, "width_imputed": true, "neighborhood": "Squirrel Hill South", "tree_id": "t01264" }, "geometry": { "type": "Point", "coordinates": [ -79.94466271, 40.44004957 ] } },
{ "type": "Feature", "properties": { "common_name": "Hornbeam: European", "condition": "Poor", "height": 4.8768, "width": 1.524, "crown_r_m": 1.0, "crown_h_m": 3.16992, "height_imputed": true, "width_imputed": true, "neighborhood": "Squirrel Hill South", "tree_id": "t01265" }, "geometry": { "type": "Point", "coordinates": [ -79.94458408, 40.43997975 ] } },
{ "type": "Feature", "properties": { "common_name": "Ginkgo", "condition": "Fair", "height": 3.6576, "width": 1.524, "crown_r_m": 1.0, "crown_h_m": 2.37744, "height_imputed": true, "width_imputed": true, "neighborhood": "Squirrel Hill South", "tree_id": "t01266" }, "geometry": { "type": "Point", "coordinates": [ -79.94432911, 40.44009641 ] } },
{ "type": "Feature", "properties": { "common_name": "Linden: Littleleaf", "condition": "Fair", "height": 10.668, "width": 2.7432, "crown_r_m": 1.3716, "crown_h_m": 6.9342, "height_imputed": true, "width_imputed": true, "neighborhood": "Squirrel Hill South", "tree_id": "t01267" }, "geometry": { "type": "Point", "coordinates": [ -79.94435498, 40.44004407 ] } },
{ "type": "Feature", "properties": { "common_name": "Linden: Littleleaf", "condition": "Fair", "height": 10.668, "width": 2.7432, "crown_r_m": 1.3716, "crown_h_m": 6.9342, "height_imputed": true, "width_imputed": true, "neighborhood": "Squirrel Hill South", "tree_id": "t01268" }, "geometry": { "type": "Point", "coordinates": [ -79.94438827, 40.44002399 ] } },
{ "type": "Feature", "properties": { "common_name": "Linden: Littleleaf", "condition": "Poor", "height": 10.668, "width": 2.7432, "crown_r_m": 1.3716, "crown_h_m": 6.9342, "height_imputed": true, "width_imputed": true, "neighborhood": "Squirrel Hill South", "tree_id": "t01269" }, "geometry": { "type": "Point", "coordinates": [ -79.94432399, 40.44000414 ] } },
{ "type": "Feature", "properties": { "common_name": "Ginkgo", "condition": "Poor", "height": 3.6576, "width": 1.524, "crown_r_m": 1.0, "crown_h_m": 2.37744, "height_imputed": true, "width_imputed": true, "neighborhood": "Squirrel Hill South", "tree_id": "t01270" }, "geometry": { "type": "Point", "coordinates": [ -79.94431902, 40.43991672 ] } },
{ "type": "Feature", "properties": { "common_name": "Oak: Shingle", "condition": "Poor", "height": 7.62, "width": 2.1336, "crown_r_m": 1.0668, "crown_h_m": 4.953, "height_imputed": true, "width_imputed": true, "neighborhood": "Squirrel Hill South", "tree_id": "t01271" }, "geometry": { "type": "Point", "coordinates": [ -79.94427329, 40.439945139999985 ] } },
{ "type": "Feature", "properties": { "common_name": "Maple: Norway", "condition": "Poor", "height": 9.6012, "width": 2.4384, "crown_r_m": 1.2192, "crown_h_m": 6.24078, "height_imputed": true, "width_imputed": true, "neighborhood": "Squirrel Hill South", "tree_id": "t01272" }, "geometry": { "type": "Point", "coordinates": [ -79.94424066, 40.43985501 ] } },
{ "type": "Feature", "properties": { "common_name": "Oak: Shingle", "condition": "Fair", "height": 7.62, "width": 2.1336, "crown_r_m": 1.0668, "crown_h_m": 4.953, "height_imputed": true, "width_imputed": true, "neighborhood": "Squirrel Hill South", "tree_id": "t01273" }, "geometry": { "type": "Point", "coordinates": [ -79.94432881, 40.43976096 ] } },
{ "type": "Feature", "properties": { "common_name": "Ginkgo", "condition": "Poor", "height": 3.6576, "width": 1.524, "crown_r_m": 1.0, "crown_h_m": 2.37744, "height_imputed": true, "width_imputed": true, "neighborhood": "Squirrel Hill South", "tree_id": "t01274" }, "geometry": { "type": "Point", "coordinates": [ -79.94431528, 40.43980173 ] } },
{ "type": "Feature", "properties": { "common_name": "Oak: Shingle", "condition": "Poor", "height": 7.62, "width": 2.1336, "crown_r_m": 1.0668, "crown_h_m": 4.953, "height_imputed": true, "width_imputed": true, "neighborhood": "Squirrel Hill South", "tree_id": "t01275" }, "geometry": { "type": "Point", "coordinates": [ -79.9443704, 40.43980069 ] } },
{ "type": "Feature", "properties": { "common_name": "Oak: Northern Red", "condition": "Poor", "height": 15.24, "width": 3.6576, "crown_r_m": 1.8288, "crown_h_m": 9.906, "height_imputed": true, "width_imputed": true, "neighborhood": "Squirrel Hill South", "tree_id": "t01276" }, "geometry": { "type": "Point", "coordinates": [ -79.94444431, 40.439856 ] } },
{ "type": "Feature", "properties": { "common_name": "Oak: Northern Red", "condition": "Fair", "height": 15.24, "width": 3.6576, "crown_r_m": 1.8288, "crown_h_m": 9.906, "height_imputed": true, "width_imputed": true, "neighborhood": "Squirrel Hill South", "tree_id": "t01277" }, "geometry": { "type": "Point", "coordinates": [ -79.94451351, 40.43989682 ] } },
{ "type": "Feature", "properties": { "common_name": "Oak: Shingle", "condition": "Fair", "height": 7.62, "width": 2.1336, "crown_r_m": 1.0668, "crown_h_m": 4.953, "height_imputed": true, "width_imputed": true, "neighborhood": "Squirrel Hill South", "tree_id": "t01278" }, "geometry": { "type": "Point", "coordinates": [ -79.94458829, 40.43984841 ] } },
{ "type": "Feature", "properties": { "common_name": "Oak: Northern Red", "condition": "Good", "height": 15.24, "width": 3.6576, "crown_r_m": 1.8288, "crown_h_m": 9.906, "height_imputed": true, "width_imputed": true, "neighborhood": "Squirrel Hill South", "tree_id": "t01279" }, "geometry": { "type": "Point", "coordinates": [ -79.94462238, 40.4397878 ] } },
{ "type": "Feature", "properties": { "common_name": "Zelkova: Japanese", "condition": "Poor", "height": 4.8768, "width": 2.1336, "crown_r_m": 1.0668, "crown_h_m": 3.16992, "height_imputed": true, "width_imputed": true, "neighborhood": "Squirrel Hill South", "tree_id": "t01280" }, "geometry": { "type": "Point", "coordinates": [ -79.94464316, 40.43970962 ] } },
{ "type": "Feature", "properties": { "common_name": "Tupelo: Black", "condition": "Poor", "height": 7.62, "width": 2.1336, "crown_r_m": 1.0668, "crown_h_m": 4.953, "height_imputed": true, "width_imputed": true, "neighborhood": "Squirrel Hill South", "tree_id": "t01281" }, "geometry": { "type": "Point", "coordinates": [ -79.94469749, 40.43968428 ] } },
{ "type": "Feature", "properties": { "common_name": "Honeylocust", "condition": "Poor", "height": 4.572, "width": 2.1336, "crown_r_m": 1.0668, "crown_h_m": 2.9718, "height_imputed": true, "width_imputed": true, "neighborhood": "Squirrel Hill South", "tree_id": "t01282" }, "geometry": { "type": "Point", "coordinates": [ -79.94438654, 40.43964481 ] } },
{ "type": "Feature", "properties": { "common_name": "Oak: Northern Red", "condition": "Fair", "height": 15.24, "width": 3.6576, "crown_r_m": 1.8288, "crown_h_m": 9.906, "height_imputed": true, "width_imputed": true, "neighborhood": "Squirrel Hill South", "tree_id": "t01283" }, "geometry": { "type": "Point", "coordinates": [ -79.944467, 40.43951039 ] } },
{ "type": "Feature", "properties": { "common_name": "Oak: Chestnut", "condition": "Fair", "height": 7.62, "width": 2.1336, "crown_r_m": 1.0668, "crown_h_m": 4.953, "height_imputed": true, "width_imputed": true, "neighborhood": "Squirrel Hill South", "tree_id": "t01284" }, "geometry": { "type": "Point", "coordinates": [ -79.94447989, 40.43945018 ] } },
{ "type": "Feature", "properties": { "common_name": "Oak: Bur", "condition": "Fair", "height": 7.62, "width": 2.1336, "crown_r_m": 1.0668, "crown_h_m": 4.953, "height_imputed": true, "width_imputed": true, "neighborhood": "Squirrel Hill South", "tree_id": "t01285" }, "geometry": { "type": "Point", "coordinates": [ -79.94458191, 40.43939153 ] } },
{ "type": "Feature", "properties": { "common_name": "Oak: Pin", "condition": "Fair", "height": 16.764, "width": 4.572, "crown_r_m": 2.286, "crown_h_m": 10.8966, "height_imputed": true, "width_imputed": true, "neighborhood": "Squirrel Hill South", "tree_id": "t01286" }, "geometry": { "type": "Point", "coordinates": [ -79.94458476, 40.43947898 ] } },
{ "type": "Feature", "properties": { "common_name": "Oak: Northern Red", "condition": "Fair", "height": 15.24, "width": 3.6576, "crown_r_m": 1.8288, "crown_h_m": 9.906, "height_imputed": true, "width_imputed": true, "neighborhood": "Squirrel Hill South", "tree_id": "t01287" }, "geometry": { "type": "Point", "coordinates": [ -79.94461807, 40.43959017 ] } },
{ "type": "Feature", "properties": { "common_name": "Osage-orange", "condition": "Fair", "height": 7.62, "width": 2.1336, "crown_r_m": 1.0668, "crown_h_m": 4.953, "height_imputed": true, "width_imputed": true, "neighborhood": "Squirrel Hill South", "tree_id": "t01288" }, "geometry": { "type": "Point", "coordinates": [ -79.94453718, 40.43971163 ] } },
{ "type": "Feature", "properties": { "common_name": "Maple: Norway", "condition": "Fair", "height": 9.6012, "width": 2.4384, "crown_r_m": 1.2192, "crown_h_m": 6.24078, "height_imputed": true, "width_imputed": true, "neighborhood": "Squirrel Hill South", "tree_id": "t01289" }, "geometry": { "type": "Point", "coordinates": [ -79.94474688, 40.43963796 ] } },
{ "type": "Feature", "properties": { "common_name": "Oak: Northern Red", "condition": "Fair", "height": 15.24, "width": 3.6576, "crown_r_m": 1.8288, "crown_h_m": 9.906, "height_imputed": true, "width_imputed": true, "neighborhood": "Squirrel Hill South", "tree_id": "t01290" }, "geometry": { "type": "Point", "coordinates": [ -79.9447452, 40.43958614 ] } },
{ "type": "Feature", "properties": { "common_name": "Oak: Shingle", "condition": "Poor", "height": 7.62, "width": 2.1336, "crown_r_m": 1.0668, "crown_h_m": 4.953, "height_imputed": true, "width_imputed": true, "neighborhood": "Squirrel Hill South", "tree_id": "t01291" }, "geometry": { "type": "Point", "coordinates": [ -79.94474776, 40.43946941 ] } },
{ "type": "Feature", "properties": { "common_name": "Oak: Pin", "condition": "Poor", "height": 16.764, "width": 4.572, "crown_r_m": 2.286, "crown_h_m": 10.8966, "height_imputed": true, "width_imputed": true, "neighborhood": "Squirrel Hill South", "tree_id": "t01292" }, "geometry": { "type": "Point", "coordinates": [ -79.94482487, 40.43942743 ] } },
{ "type": "Feature", "properties": { "common_name": "Oak: Northern Red", "condition": "Good", "height": 15.24, "width": 3.6576, "crown_r_m": 1.8288, "crown_h_m": 9.906, "height_imputed": true, "width_imputed": true, "neighborhood": "Squirrel Hill South", "tree_id": "t01293" }, "geometry": { "type": "Point", "coordinates": [ -79.94484749, 40.43947075 ] } },
{ "type": "Feature", "properties": { "common_name": "Crabapple: Flowering", "condition": "Fair", "height": 3.048, "width": 1.2192, "crown_r_m": 1.0, "crown_h_m": 1.9812, "height_imputed": true, "width_imputed": true, "neighborhood": "Squirrel Hill South", "tree_id": "t01294" }, "geometry": { "type": "Point", "coordinates": [ -79.94500269, 40.43954721 ] } },
{ "type": "Feature", "properties": { "common_name": "Sweetgum: American", "condition": "Poor", "height": 12.192, "width": 2.7432, "crown_r_m": 1.3716, "crown_h_m": 7.9248, "height_imputed": true, "width_imputed": true, "neighborhood": "Squirrel Hill South", "tree_id": "t01295" }, "geometry": { "type": "Point", "coordinates": [ -79.9451667, 40.43956841 ] } },
{ "type": "Feature", "properties": { "common_name": "Maple: Red", "condition": "Poor", "height": 7.62, "width": 2.4384, "crown_r_m": 1.2192, "crown_h_m": 4.953, "height_imputed": true, "width_imputed": true, "neighborhood": "Squirrel Hill South", "tree_id": "t01296" }, "geometry": { "type": "Point", "coordinates": [ -79.94516438, 40.43949714 ] } },
{ "type": "Feature", "properties": { "common_name": "Oak: Northern Red", "condition": "Good", "height": 15.24, "width": 3.6576, "crown_r_m": 1.8288, "crown_h_m": 9.906, "height_imputed": true, "width_imputed": true, "neighborhood": "Squirrel Hill South", "tree_id": "t01297" }, "geometry": { "type": "Point", "coordinates": [ -79.94493801, 40.43944959 ] } },
{ "type": "Feature", "properties": { "common_name": "Oak: White", "condition": "Good", "height": 7.62, "width": 2.1336, "crown_r_m": 1.0668, "crown_h_m": 4.953, "height_imputed": true, "width_imputed": true, "neighborhood": "Squirrel Hill South", "tree_id": "t01298" }, "geometry": { "type": "Point", "coordinates": [ -79.94496997, 40.43938902 ] } },
{ "type": "Feature", "properties": { "common_name": "Oak: White", "condition": "Fair", "height": 7.62, "width": 2.1336, "crown_r_m": 1.0668, "crown_h_m": 4.953, "height_imputed": true, "width_imputed": true, "neighborhood": "Squirrel Hill South", "tree_id": "t01299" }, "geometry": { "type": "Point", "coordinates": [ -79.94492271, 40.439370469999986 ] } },
{ "type": "Feature", "properties": { "common_name": "Oak: White", "condition": "Fair", "height": 7.62, "width": 2.1336, "crown_r_m": 1.0668, "crown_h_m": 4.953, "height_imputed": true, "width_imputed": true, "neighborhood": "Squirrel Hill South", "tree_id": "t01300" }, "geometry": { "type": "Point", "coordinates": [ -79.94491827, 40.43929925 ] } },
{ "type": "Feature", "properties": { "common_name": "Oak: Shingle", "condition": "Fair", "height": 7.62, "width": 2.1336, "crown_r_m": 1.0668, "crown_h_m": 4.953, "height_imputed": true, "width_imputed": true, "neighborhood": "Squirrel Hill South", "tree_id": "t01301" }, "geometry": { "type": "Point", "coordinates": [ -79.94497497, 40.439281969999989 ] } },
{ "type": "Feature", "properties": { "common_name": "Oak: Shingle", "condition": "Fair", "height": 7.62, "width": 2.1336, "crown_r_m": 1.0668, "crown_h_m": 4.953, "height_imputed": true, "width_imputed": true, "neighborhood": "Squirrel Hill South", "tree_id": "t01302" }, "geometry": { "type": "Point", "coordinates": [ -79.94514873, 40.439277039999986 ] } },
{ "type": "Feature", "properties": { "common_name": "Oak: Shingle", "condition": "Fair", "height": 7.62, "width": 2.1336, "crown_r_m": 1.0668, "crown_h_m": 4.953, "height_imputed": true, "width_imputed": true, "neighborhood": "Squirrel Hill South", "tree_id": "t01303" }, "geometry": { "type": "Point", "coordinates": [ -79.94520402, 40.43921603 ] } },
{ "type": "Feature", "properties": { "common_name": "Oak: Swamp White", "condition": "Fair", "height": 3.3528, "width": 1.524, "crown_r_m": 1.0, "crown_h_m": 2.17932, "height_imputed": true, "width_imputed": true, "neighborhood": "Squirrel Hill South", "tree_id": "t01304" }, "geometry": { "type": "Point", "coordinates": [ -79.94525976, 40.43923442 ] } },
{ "type": "Feature", "properties": { "common_name": "Oak: Shingle", "condition": "Poor", "height": 7.62, "width": 2.1336, "crown_r_m": 1.0668, "crown_h_m": 4.953, "height_imputed": true, "width_imputed": true, "neighborhood": "Squirrel Hill South", "tree_id": "t01305" }, "geometry": { "type": "Point", "coordinates": [ -79.94524968, 40.43931564 ] } },
{ "type": "Feature", "properties": { "common_name": "Osage-orange", "condition": "Fair", "height": 7.62, "width": 2.1336, "crown_r_m": 1.0668, "crown_h_m": 4.953, "height_imputed": true, "width_imputed": true, "neighborhood": "Squirrel Hill South", "tree_id": "t01306" }, "geometry": { "type": "Point", "coordinates": [ -79.94474168, 40.4394128 ] } },
{ "type": "Feature", "properties": { "common_name": "Osage-orange", "condition": "Fair", "height": 7.62, "width": 2.1336, "crown_r_m": 1.0668, "crown_h_m": 4.953, "height_imputed": true, "width_imputed": true, "neighborhood": "Squirrel Hill South", "tree_id": "t01307" }, "geometry": { "type": "Point", "coordinates": [ -79.94473078, 40.43933846 ] } },
{ "type": "Feature", "properties": { "common_name": "Mulberry: White", "condition": "Fair", "height": 9.144, "width": 3.048, "crown_r_m": 1.524, "crown_h_m": 5.9436, "height_imputed": true, "width_imputed": true, "neighborhood": "North Oakland", "tree_id": "t01308" }, "geometry": { "type": "Point", "coordinates": [ -79.95102038, 40.44259347 ] } },
{ "type": "Feature", "properties": { "common_name": "Oak: Pin", "condition": "Poor", "height": 16.764, "width": 4.572, "crown_r_m": 2.286, "crown_h_m": 10.8966, "height_imputed": true, "width_imputed": true, "neighborhood": "Squirrel Hill South", "tree_id": "t01309" }, "geometry": { "type": "Point", "coordinates": [ -79.94532618, 40.43938549 ] } },
{ "type": "Feature", "properties": { "common_name": "Oak: Chestnut", "condition": "Good", "height": 7.62, "width": 2.1336, "crown_r_m": 1.0668, "crown_h_m": 4.953, "height_imputed": true, "width_imputed": true, "neighborhood": "Squirrel Hill South", "tree_id": "t01310" }, "geometry": { "type": "Point", "coordinates": [ -79.9454783, 40.43949766 ] } },
{ "type": "Feature", "properties": { "common_name": "Oak: Swamp White", "condition": "Fair", "height": 3.3528, "width": 1.524, "crown_r_m": 1.0, "crown_h_m": 2.17932, "height_imputed": true, "width_imputed": true, "neighborhood": "Squirrel Hill South", "tree_id": "t01311" }, "geometry": { "type": "Point", "coordinates": [ -79.94531958, 40.439573599999981 ] } },
{ "type": "Feature", "properties": { "common_name": "Oak: Chestnut", "condition": "Good", "height": 7.62, "width": 2.1336, "crown_r_m": 1.0668, "crown_h_m": 4.953, "height_imputed": true, "width_imputed": true, "neighborhood": "Squirrel Hill South", "tree_id": "t01312" }, "geometry": { "type": "Point", "coordinates": [ -79.94560569, 40.43956655 ] } },
{ "type": "Feature", "properties": { "common_name": "Oak: Pin", "condition": "Fair", "height": 16.764, "width": 4.572, "crown_r_m": 2.286, "crown_h_m": 10.8966, "height_imputed": true, "width_imputed": true, "neighborhood": "Squirrel Hill South", "tree_id": "t01313" }, "geometry": { "type": "Point", "coordinates": [ -79.945896510000011, 40.43950916 ] } },
{ "type": "Feature", "properties": { "common_name": "Maple: Norway", "condition": "Good", "height": 9.6012, "width": 2.4384, "crown_r_m": 1.2192, "crown_h_m": 6.24078, "height_imputed": true, "width_imputed": true, "neighborhood": "Squirrel Hill South", "tree_id": "t01314" }, "geometry": { "type": "Point", "coordinates": [ -79.94591009, 40.43947001 ] } },
{ "type": "Feature", "properties": { "common_name": "Oak: Pin", "condition": "Fair", "height": 16.764, "width": 4.572, "crown_r_m": 2.286, "crown_h_m": 10.8966, "height_imputed": true, "width_imputed": true, "neighborhood": "Squirrel Hill South", "tree_id": "t01315" }, "geometry": { "type": "Point", "coordinates": [ -79.94598756, 40.43950419 ] } },
{ "type": "Feature", "properties": { "common_name": "Horsechestnut", "condition": "Fair", "height": 7.62, "width": 2.1336, "crown_r_m": 1.0668, "crown_h_m": 4.953, "height_imputed": true, "width_imputed": true, "neighborhood": "Squirrel Hill South", "tree_id": "t01316" }, "geometry": { "type": "Point", "coordinates": [ -79.94602217, 40.43945978 ] } },
{ "type": "Feature", "properties": { "common_name": "Horsechestnut", "condition": "Fair", "height": 7.62, "width": 2.1336, "crown_r_m": 1.0668, "crown_h_m": 4.953, "height_imputed": true, "width_imputed": true, "neighborhood": "Squirrel Hill South", "tree_id": "t01317" }, "geometry": { "type": "Point", "coordinates": [ -79.94612083, 40.43949356 ] } },
{ "type": "Feature", "properties": { "common_name": "Oak: Swamp White", "condition": "Poor", "height": 3.3528, "width": 1.524, "crown_r_m": 1.0, "crown_h_m": 2.17932, "height_imputed": true, "width_imputed": true, "neighborhood": "Squirrel Hill South", "tree_id": "t01318" }, "geometry": { "type": "Point", "coordinates": [ -79.94622422, 40.43947701 ] } },
{ "type": "Feature", "properties": { "common_name": "Mulberry: White", "condition": "Fair", "height": 9.144, "width": 3.048, "crown_r_m": 1.524, "crown_h_m": 5.9436, "height_imputed": true, "width_imputed": true, "neighborhood": "North Oakland", "tree_id": "t01319" }, "geometry": { "type": "Point", "coordinates": [ -79.95107513, 40.44272021 ] } },
{ "type": "Feature", "properties": { "common_name": "Oak: Pin", "condition": "Good", "height": 16.764, "width": 4.572, "crown_r_m": 2.286, "crown_h_m": 10.8966, "height_imputed": true, "width_imputed": true, "neighborhood": "Squirrel Hill South", "tree_id": "t01320" }, "geometry": { "type": "Point", "coordinates": [ -79.94623513, 40.43955135 ] } },
{ "type": "Feature", "properties": { "common_name": "Oak: Pin", "condition": "Fair", "height": 16.764, "width": 4.572, "crown_r_m": 2.286, "crown_h_m": 10.8966, "height_imputed": true, "width_imputed": true, "neighborhood": "Squirrel Hill South", "tree_id": "t01321" }, "geometry": { "type": "Point", "coordinates": [ -79.94633357, 40.43964347 ] } },
{ "type": "Feature", "properties": { "common_name": "Maple: Red", "condition": "Fair", "height": 7.62, "width": 2.4384, "crown_r_m": 1.2192, "crown_h_m": 4.953, "height_imputed": true, "width_imputed": true, "neighborhood": "Squirrel Hill South", "tree_id": "t01322" }, "geometry": { "type": "Point", "coordinates": [ -79.94600406, 40.44001112 ] } },
{ "type": "Feature", "properties": { "common_name": "Maple: Red", "condition": "Fair", "height": 7.62, "width": 2.4384, "crown_r_m": 1.2192, "crown_h_m": 4.953, "height_imputed": true, "width_imputed": true, "neighborhood": "Squirrel Hill South", "tree_id": "t01323" }, "geometry": { "type": "Point", "coordinates": [ -79.945971680000014, 40.4400974 ] } },
{ "type": "Feature", "properties": { "common_name": "Maple: Red", "condition": "Fair", "height": 7.62, "width": 2.4384, "crown_r_m": 1.2192, "crown_h_m": 4.953, "height_imputed": true, "width_imputed": true, "neighborhood": "Squirrel Hill South", "tree_id": "t01324" }, "geometry": { "type": "Point", "coordinates": [ -79.94593001, 40.4401857 ] } },
{ "type": "Feature", "properties": { "common_name": "Dawn Redwood", "condition": "Good", "height": 7.62, "width": 2.1336, "crown_r_m": 1.0668, "crown_h_m": 4.953, "height_imputed": true, "width_imputed": true, "neighborhood": "Squirrel Hill South", "tree_id": "t01325" }, "geometry": { "type": "Point", "coordinates": [ -79.945841880000017, 40.44021492 ] } },
{ "type": "Feature", "properties": { "common_name": "Mulberry: White", "condition": "Poor", "height": 9.144, "width": 3.048, "crown_r_m": 1.524, "crown_h_m": 5.9436, "height_imputed": true, "width_imputed": true, "neighborhood": "Squirrel Hill South", "tree_id": "t01326" }, "geometry": { "type": "Point", "coordinates": [ -79.94649255, 40.43962577 ] } },
{ "type": "Feature", "properties": { "common_name": "Goldenraintree", "condition": "Poor", "height": 7.62, "width": 2.1336, "crown_r_m": 1.0668, "crown_h_m": 4.953, "height_imputed": true, "width_imputed": true, "neighborhood": "Squirrel Hill South", "tree_id": "t01327" }, "geometry": { "type": "Point", "coordinates": [ -79.94651264, 40.43959136 ] } },
{ "type": "Feature", "properties": { "common_name": "Oak: spp.", "condition": "Fair", "height": 7.62, "width": 2.1336, "crown_r_m": 1.0668, "crown_h_m": 4.953, "height_imputed": true, "width_imputed": true, "neighborhood": "Squirrel Hill South", "tree_id": "t01328" }, "geometry": { "type": "Point", "coordinates": [ -79.9464472, 40.43953588 ] } },
{ "type": "Feature", "properties": { "common_name": "Oak: spp.", "condition": "Poor", "height": 7.62, "width": 2.1336, "crown_r_m": 1.0668, "crown_h_m": 4.953, "height_imputed": true, "width_imputed": true, "neighborhood": "Squirrel Hill South", "tree_id": "t01329" }, "geometry": { "type": "Point", "coordinates": [ -79.94646451, 40.43948012 ] } },
{ "type": "Feature", "properties": { "common_name": "Cherry/Plum: spp.", "condition": "Fair", "height": 2.8956, "width": 1.2192, "crown_r_m": 1.0, "crown_h_m": 1.88214, "height_imputed": true, "width_imputed": true, "neighborhood": "North Oakland", "tree_id": "t01330" }, "geometry": { "type": "Point", "coordinates": [ -79.95113125, 40.44288896 ] } },
{ "type": "Feature", "properties": { "common_name": "Hemlock: Eastern", "condition": "Fair", "height": 7.62, "width": 2.1336, "crown_r_m": 1.0668, "crown_h_m": 4.953, "height_imputed": true, "width_imputed": true, "neighborhood": "Squirrel Hill South", "tree_id": "t01331" }, "geometry": { "type": "Point", "coordinates": [ -79.94625712, 40.439364140000016 ] } },
{ "type": "Feature", "properties": { "common_name": "Mulberry: White", "condition": "Fair", "height": 9.144, "width": 3.048, "crown_r_m": 1.524, "crown_h_m": 5.9436, "height_imputed": true, "width_imputed": true, "neighborhood": "North Oakland", "tree_id": "t01332" }, "geometry": { "type": "Point", "coordinates": [ -79.95125344, 40.4430713 ] } },
{ "type": "Feature", "properties": { "common_name": "Dawn Redwood", "condition": "Good", "height": 7.62, "width": 2.1336, "crown_r_m": 1.0668, "crown_h_m": 4.953, "height_imputed": true, "width_imputed": true, "neighborhood": "Squirrel Hill South", "tree_id": "t01333" }, "geometry": { "type": "Point", "coordinates": [ -79.94618212, 40.43917666 ] } },
{ "type": "Feature", "properties": { "common_name": "Maple: Norway", "condition": "Fair", "height": 9.6012, "width": 2.4384, "crown_r_m": 1.2192, "crown_h_m": 6.24078, "height_imputed": true, "width_imputed": true, "neighborhood": "Squirrel Hill South", "tree_id": "t01334" }, "geometry": { "type": "Point", "coordinates": [ -79.94597895, 40.43912542 ] } },
{ "type": "Feature", "properties": { "common_name": "Mulberry: White", "condition": "Fair", "height": 9.144, "width": 3.048, "crown_r_m": 1.524, "crown_h_m": 5.9436, "height_imputed": true, "width_imputed": true, "neighborhood": "North Oakland", "tree_id": "t01335" }, "geometry": { "type": "Point", "coordinates": [ -79.9512941, 40.44317886 ] } },
{ "type": "Feature", "properties": { "common_name": "Oak: Bur", "condition": "Good", "height": 7.62, "width": 2.1336, "crown_r_m": 1.0668, "crown_h_m": 4.953, "height_imputed": true, "width_imputed": true, "neighborhood": "Squirrel Hill South", "tree_id": "t01336" }, "geometry": { "type": "Point", "coordinates": [ -79.94590927, 40.43913485 ] } },
{ "type": "Feature", "properties": { "common_name": "Maple: Norway", "condition": "Fair", "height": 9.6012, "width": 2.4384, "crown_r_m": 1.2192, "crown_h_m": 6.24078, "height_imputed": true, "width_imputed": true, "neighborhood": "Squirrel Hill South", "tree_id": "t01337" }, "geometry": { "type": "Point", "coordinates": [ -79.94574376, 40.439197959999987 ] } },
{ "type": "Feature", "properties": { "common_name": "Oak: Pin", "condition": "Good", "height": 16.764, "width": 4.572, "crown_r_m": 2.286, "crown_h_m": 10.8966, "height_imputed": true, "width_imputed": true, "neighborhood": "Squirrel Hill South", "tree_id": "t01338" }, "geometry": { "type": "Point", "coordinates": [ -79.9456382, 40.43925577 ] } },
{ "type": "Feature", "properties": { "common_name": "London planetree", "condition": "Poor", "height": 15.24, "width": 3.6576, "crown_r_m": 1.8288, "crown_h_m": 9.906, "height_imputed": true, "width_imputed": true, "neighborhood": "Squirrel Hill South", "tree_id": "t01339" }, "geometry": { "type": "Point", "coordinates": [ -79.94584022, 40.43916371 ] } },
{ "type": "Feature", "properties": { "common_name": "Hemlock: Eastern", "condition": "Fair", "height": 7.62, "width": 2.1336, "crown_r_m": 1.0668, "crown_h_m": 4.953, "height_imputed": true, "width_imputed": true, "neighborhood": "Squirrel Hill South", "tree_id": "t01340" }, "geometry": { "type": "Point", "coordinates": [ -79.94552129, 40.43931309 ] } },
{ "type": "Feature", "properties": { "common_name": "Oak: Bur", "condition": "Poor", "height": 7.62, "width": 2.1336, "crown_r_m": 1.0668, "crown_h_m": 4.953, "height_imputed": true, "width_imputed": true, "neighborhood": "Squirrel Hill South", "tree_id": "t01341" }, "geometry": { "type": "Point", "coordinates": [ -79.9459128, 40.4392862 ] } },
{ "type": "Feature", "properties": { "common_name": "Oak: Pin", "condition": "Fair", "height": 16.764, "width": 4.572, "crown_r_m": 2.286, "crown_h_m": 10.8966, "height_imputed": true, "width_imputed": true, "neighborhood": "Squirrel Hill South", "tree_id": "t01342" }, "geometry": { "type": "Point", "coordinates": [ -79.94594283, 40.4393618 ] } },
{ "type": "Feature", "properties": { "common_name": "Oak: Swamp White", "condition": "Very Good", "height": 3.3528, "width": 1.524, "crown_r_m": 1.0, "crown_h_m": 2.17932, "height_imputed": true, "width_imputed": true, "neighborhood": "Squirrel Hill South", "tree_id": "t01343" }, "geometry": { "type": "Point", "coordinates": [ -79.94571957, 40.4394098 ] } },
{ "type": "Feature", "properties": { "common_name": "Oak: Pin", "condition": "Poor", "height": 16.764, "width": 4.572, "crown_r_m": 2.286, "crown_h_m": 10.8966, "height_imputed": true, "width_imputed": true, "neighborhood": "Squirrel Hill South", "tree_id": "t01344" }, "geometry": { "type": "Point", "coordinates": [ -79.94557977, 40.43941569 ] } },
{ "type": "Feature", "properties": { "common_name": "Oak: Pin", "condition": "Fair", "height": 16.764, "width": 4.572, "crown_r_m": 2.286, "crown_h_m": 10.8966, "height_imputed": true, "width_imputed": true, "neighborhood": "Squirrel Hill South", "tree_id": "t01345" }, "geometry": { "type": "Point", "coordinates": [ -79.94540858, 40.43930388 ] } },
{ "type": "Feature", "properties": { "common_name": "Mulberry: White", "condition": "Poor", "height": 9.144, "width": 3.048, "crown_r_m": 1.524, "crown_h_m": 5.9436, "height_imputed": true, "width_imputed": true, "neighborhood": "North Oakland", "tree_id": "t01346" }, "geometry": { "type": "Point", "coordinates": [ -79.95134198, 40.44329732 ] } },
{ "type": "Feature", "properties": { "common_name": "Mulberry: White", "condition": "Poor", "height": 9.144, "width": 3.048, "crown_r_m": 1.524, "crown_h_m": 5.9436, "height_imputed": true, "width_imputed": true, "neighborhood": "Squirrel Hill South", "tree_id": "t01347" }, "geometry": { "type": "Point", "coordinates": [ -79.94539063, 40.43920861 ] } },
{ "type": "Feature", "properties": { "common_name": "Honeylocust", "condition": "Poor", "height": 4.572, "width": 2.1336, "crown_r_m": 1.0668, "crown_h_m": 2.9718, "height_imputed": true, "width_imputed": true, "neighborhood": "Squirrel Hill South", "tree_id": "t01348" }, "geometry": { "type": "Point", "coordinates": [ -79.94548846, 40.43915165 ] } },
{ "type": "Feature", "properties": { "common_name": "Oak: Bur", "condition": "Fair", "height": 7.62, "width": 2.1336, "crown_r_m": 1.0668, "crown_h_m": 4.953, "height_imputed": true, "width_imputed": true, "neighborhood": "Squirrel Hill South", "tree_id": "t01349" }, "geometry": { "type": "Point", "coordinates": [ -79.94553414, 40.43918644 ] } },
{ "type": "Feature", "properties": { "common_name": "Oak: Pin", "condition": "Poor", "height": 16.764, "width": 4.572, "crown_r_m": 2.286, "crown_h_m": 10.8966, "height_imputed": true, "width_imputed": true, "neighborhood": "Squirrel Hill South", "tree_id": "t01350" }, "geometry": { "type": "Point", "coordinates": [ -79.94560823, 40.43911697 ] } },
{ "type": "Feature", "properties": { "common_name": "Oak: Northern Red", "condition": "Good", "height": 15.24, "width": 3.6576, "crown_r_m": 1.8288, "crown_h_m": 9.906, "height_imputed": true, "width_imputed": true, "neighborhood": "Squirrel Hill South", "tree_id": "t01351" }, "geometry": { "type": "Point", "coordinates": [ -79.94560416, 40.43905708 ] } },
{ "type": "Feature", "properties": { "common_name": "Oak: Northern Red", "condition": "Fair", "height": 15.24, "width": 3.6576, "crown_r_m": 1.8288, "crown_h_m": 9.906, "height_imputed": true, "width_imputed": true, "neighborhood": "Squirrel Hill South", "tree_id": "t01352" }, "geometry": { "type": "Point", "coordinates": [ -79.94567728, 40.43908811 ] } },
{ "type": "Feature", "properties": { "common_name": "Oak: Pin", "condition": "Poor", "height": 16.764, "width": 4.572, "crown_r_m": 2.286, "crown_h_m": 10.8966, "height_imputed": true, "width_imputed": true, "neighborhood": "Squirrel Hill South", "tree_id": "t01353" }, "geometry": { "type": "Point", "coordinates": [ -79.94574575, 40.439106249999988 ] } },
{ "type": "Feature", "properties": { "common_name": "Oak: Shingle", "condition": "Fair", "height": 7.62, "width": 2.1336, "crown_r_m": 1.0668, "crown_h_m": 4.953, "height_imputed": true, "width_imputed": true, "neighborhood": "Squirrel Hill South", "tree_id": "t01354" }, "geometry": { "type": "Point", "coordinates": [ -79.94582444, 40.43911286 ] } },
{ "type": "Feature", "properties": { "common_name": "Oak: Northern Red", "condition": "Fair", "height": 15.24, "width": 3.6576, "crown_r_m": 1.8288, "crown_h_m": 9.906, "height_imputed": true, "width_imputed": true, "neighborhood": "Squirrel Hill South", "tree_id": "t01355" }, "geometry": { "type": "Point", "coordinates": [ -79.94582927, 40.43906577 ] } },
{ "type": "Feature", "properties": { "common_name": "Mulberry: White", "condition": "Fair", "height": 9.144, "width": 3.048, "crown_r_m": 1.524, "crown_h_m": 5.9436, "height_imputed": true, "width_imputed": true, "neighborhood": "North Oakland", "tree_id": "t01356" }, "geometry": { "type": "Point", "coordinates": [ -79.95138909, 40.44339226 ] } },
{ "type": "Feature", "properties": { "common_name": "Oak: Pin", "condition": "Poor", "height": 16.764, "width": 4.572, "crown_r_m": 2.286, "crown_h_m": 10.8966, "height_imputed": true, "width_imputed": true, "neighborhood": "Squirrel Hill South", "tree_id": "t01357" }, "geometry": { "type": "Point", "coordinates": [ -79.94575621, 40.43897154 ] } },
{ "type": "Feature", "properties": { "common_name": "Oak: Bur", "condition": "Good", "height": 7.62, "width": 2.1336, "crown_r_m": 1.0668, "crown_h_m": 4.953, "height_imputed": true, "width_imputed": true, "neighborhood": "Squirrel Hill South", "tree_id": "t01358" }, "geometry": { "type": "Point", "coordinates": [ -79.9459305, 40.43898282 ] } },
{ "type": "Feature", "properties": { "common_name": "Tupelo: Black", "condition": "Good", "height": 7.62, "width": 2.1336, "crown_r_m": 1.0668, "crown_h_m": 4.953, "height_imputed": true, "width_imputed": true, "neighborhood": "Squirrel Hill South", "tree_id": "t01359" }, "geometry": { "type": "Point", "coordinates": [ -79.94621893, 40.4389822 ] } },
{ "type": "Feature", "properties": { "common_name": "Hawthorn: spp.", "condition": "Poor", "height": 2.4384, "width": 1.3716, "crown_r_m": 1.0, "crown_h_m": 1.58496, "height_imputed": true, "width_imputed": true, "neighborhood": "Squirrel Hill South", "tree_id": "t01360" }, "geometry": { "type": "Point", "coordinates": [ -79.9460206, 40.43888387 ] } },
{ "type": "Feature", "properties": { "common_name": "Oak: Pin", "condition": "Fair", "height": 16.764, "width": 4.572, "crown_r_m": 2.286, "crown_h_m": 10.8966, "height_imputed": true, "width_imputed": true, "neighborhood": "Squirrel Hill South", "tree_id": "t01361" }, "geometry": { "type": "Point", "coordinates": [ -79.94583683, 40.43884199 ] } },
{ "type": "Feature", "properties": { "common_name": "Oak: Shingle", "condition": "Poor", "height": 7.62, "width": 2.1336, "crown_r_m": 1.0668, "crown_h_m": 4.953, "height_imputed": true, "width_imputed": true, "neighborhood": "Squirrel Hill South", "tree_id": "t01362" }, "geometry": { "type": "Point", "coordinates": [ -79.94572491, 40.43885708 ] } },
{ "type": "Feature", "properties": { "common_name": "Oak: Pin", "condition": "Poor", "height": 16.764, "width": 4.572, "crown_r_m": 2.286, "crown_h_m": 10.8966, "height_imputed": true, "width_imputed": true, "neighborhood": "Squirrel Hill South", "tree_id": "t01363" }, "geometry": { "type": "Point", "coordinates": [ -79.945657020000013, 40.43892157 ] } },
{ "type": "Feature", "properties": { "common_name": "Osage-orange", "condition": "Fair", "height": 7.62, "width": 2.1336, "crown_r_m": 1.0668, "crown_h_m": 4.953, "height_imputed": true, "width_imputed": true, "neighborhood": "Squirrel Hill South", "tree_id": "t01364" }, "geometry": { "type": "Point", "coordinates": [ -79.9453796, 40.43926068 ] } },
{ "type": "Feature", "properties": { "common_name": "Oak: Pin", "condition": "Fair", "height": 16.764, "width": 4.572, "crown_r_m": 2.286, "crown_h_m": 10.8966, "height_imputed": true, "width_imputed": true, "neighborhood": "Squirrel Hill South", "tree_id": "t01365" }, "geometry": { "type": "Point", "coordinates": [ -79.94558203, 40.43896351 ] } },
{ "type": "Feature", "properties": { "common_name": "Oak: Turkey", "condition": "Fair", "height": 7.62, "width": 2.1336, "crown_r_m": 1.0668, "crown_h_m": 4.953, "height_imputed": true, "width_imputed": true, "neighborhood": "Squirrel Hill South", "tree_id": "t01366" }, "geometry": { "type": "Point", "coordinates": [ -79.94549608, 40.43892949 ] } },
{ "type": "Feature", "properties": { "common_name": "Oak: Pin", "condition": "Fair", "height": 16.764, "width": 4.572, "crown_r_m": 2.286, "crown_h_m": 10.8966, "height_imputed": true, "width_imputed": true, "neighborhood": "Squirrel Hill South", "tree_id": "t01367" }, "geometry": { "type": "Point", "coordinates": [ -79.94544859, 40.438969289999989 ] } },
{ "type": "Feature", "properties": { "common_name": "Oak: Pin", "condition": "Fair", "height": 16.764, "width": 4.572, "crown_r_m": 2.286, "crown_h_m": 10.8966, "height_imputed": true, "width_imputed": true, "neighborhood": "Squirrel Hill South", "tree_id": "t01368" }, "geometry": { "type": "Point", "coordinates": [ -79.94549824, 40.43899589 ] } },
{ "type": "Feature", "properties": { "common_name": "Honeylocust", "condition": "Poor", "height": 4.572, "width": 2.1336, "crown_r_m": 1.0668, "crown_h_m": 2.9718, "height_imputed": true, "width_imputed": true, "neighborhood": "Squirrel Hill South", "tree_id": "t01369" }, "geometry": { "type": "Point", "coordinates": [ -79.94532691, 40.43907532 ] } },
{ "type": "Feature", "properties": { "common_name": "Mulberry: White", "condition": "Critical", "height": 9.144, "width": 3.048, "crown_r_m": 1.524, "crown_h_m": 5.9436, "height_imputed": true, "width_imputed": true, "neighborhood": "Squirrel Hill South", "tree_id": "t01370" }, "geometry": { "type": "Point", "coordinates": [ -79.94510359, 40.43912169 ] } },
{ "type": "Feature", "properties": { "common_name": "Oak: Pin", "condition": "Fair", "height": 16.764, "width": 4.572, "crown_r_m": 2.286, "crown_h_m": 10.8966, "height_imputed": true, "width_imputed": true, "neighborhood": "Squirrel Hill South", "tree_id": "t01371" }, "geometry": { "type": "Point", "coordinates": [ -79.94459832, 40.43930608 ] } },
{ "type": "Feature", "properties": { "common_name": "Cherry: Black", "condition": "Critical", "height": 7.62, "width": 2.1336, "crown_r_m": 1.0668, "crown_h_m": 4.953, "height_imputed": true, "width_imputed": true, "neighborhood": "Squirrel Hill South", "tree_id": "t01372" }, "geometry": { "type": "Point", "coordinates": [ -79.9444733, 40.43937489 ] } },
{ "type": "Feature", "properties": { "common_name": "Maple: Norway", "condition": "Poor", "height": 9.6012, "width": 2.4384, "crown_r_m": 1.2192, "crown_h_m": 6.24078, "height_imputed": true, "width_imputed": true, "neighborhood": "Squirrel Hill South", "tree_id": "t01373" }, "geometry": { "type": "Point", "coordinates": [ -79.94412567, 40.43996814 ] } },
{ "type": "Feature", "properties": { "common_name": "Honeylocust", "condition": "Poor", "height": 4.572, "width": 2.1336, "crown_r_m": 1.0668, "crown_h_m": 2.9718, "height_imputed": true, "width_imputed": true, "neighborhood": "Squirrel Hill South", "tree_id": "t01374" }, "geometry": { "type": "Point", "coordinates": [ -79.9440829, 40.43995761 ] } },
{ "type": "Feature", "properties": { "common_name": "Oak: Bur", "condition": "Fair", "height": 7.62, "width": 2.1336, "crown_r_m": 1.0668, "crown_h_m": 4.953, "height_imputed": true, "width_imputed": true, "neighborhood": "Squirrel Hill South", "tree_id": "t01375" }, "geometry": { "type": "Point", "coordinates": [ -79.94393691, 40.43996848 ] } },
{ "type": "Feature", "properties": { "common_name": "Honeylocust", "condition": "Poor", "height": 4.572, "width": 2.1336, "crown_r_m": 1.0668, "crown_h_m": 2.9718, "height_imputed": true, "width_imputed": true, "neighborhood": "Squirrel Hill South", "tree_id": "t01376" }, "geometry": { "type": "Point", "coordinates": [ -79.94395983, 40.44008635 ] } },
{ "type": "Feature", "properties": { "common_name": "Osage-orange", "condition": "Fair", "height": 7.62, "width": 2.1336, "crown_r_m": 1.0668, "crown_h_m": 4.953, "height_imputed": true, "width_imputed": true, "neighborhood": "Squirrel Hill South", "tree_id": "t01377" }, "geometry": { "type": "Point", "coordinates": [ -79.94538854, 40.43901418 ] } },
{ "type": "Feature", "properties": { "common_name": "Osage-orange", "condition": "Poor", "height": 7.62, "width": 2.1336, "crown_r_m": 1.0668, "crown_h_m": 4.953, "height_imputed": true, "width_imputed": true, "neighborhood": "Squirrel Hill South", "tree_id": "t01378" }, "geometry": { "type": "Point", "coordinates": [ -79.94533168, 40.43902661 ] } },
{ "type": "Feature", "properties": { "common_name": "Osage-orange", "condition": "Fair", "height": 7.62, "width": 2.1336, "crown_r_m": 1.0668, "crown_h_m": 4.953, "height_imputed": true, "width_imputed": true, "neighborhood": "Squirrel Hill South", "tree_id": "t01379" }, "geometry": { "type": "Point", "coordinates": [ -79.9452771, 40.43904385 ] } },
{ "type": "Feature", "properties": { "common_name": "Ash: Green", "condition": "Good", "height": 5.334, "width": 2.286, "crown_r_m": 1.143, "crown_h_m": 3.4671, "height_imputed": true, "width_imputed": true, "neighborhood": "Central Oakland", "tree_id": "t01380" }, "geometry": { "type": "Point", "coordinates": [ -79.95283227, 40.44128617 ] } },
{ "type": "Feature", "properties": { "common_name": "Pine: Austrian", "condition": "Fair", "height": 7.62, "width": 2.1336, "crown_r_m": 1.0668, "crown_h_m": 4.953, "height_imputed": true, "width_imputed": true, "neighborhood": "Central Oakland", "tree_id": "t01381" }, "geometry": { "type": "Point", "coordinates": [ -79.95279284, 40.441071119999982 ] } },
{ "type": "Feature", "properties": { "common_name": "Pine: Austrian", "condition": "Fair", "height": 7.62, "width": 2.1336, "crown_r_m": 1.0668, "crown_h_m": 4.953, "height_imputed": true, "width_imputed": true, "neighborhood": "Central Oakland", "tree_id": "t01382" }, "geometry": { "type": "Point", "coordinates": [ -79.95278034, 40.441113809999983 ] } },
{ "type": "Feature", "properties": { "common_name": "Oak: Pin", "condition": "Good", "height": 16.764, "width": 4.572, "crown_r_m": 2.286, "crown_h_m": 10.8966, "height_imputed": true, "width_imputed": true, "neighborhood": "Central Oakland", "tree_id": "t01383" }, "geometry": { "type": "Point", "coordinates": [ -79.95275477, 40.441181519999986 ] } },
{ "type": "Feature", "properties": { "common_name": "Oak: Pin", "condition": "Fair", "height": 16.764, "width": 4.572, "crown_r_m": 2.286, "crown_h_m": 10.8966, "height_imputed": true, "width_imputed": true, "neighborhood": "Central Oakland", "tree_id": "t01384" }, "geometry": { "type": "Point", "coordinates": [ -79.95269148, 40.44122872 ] } },
{ "type": "Feature", "properties": { "common_name": "Ash: Green", "condition": "Good", "height": 5.334, "width": 2.286, "crown_r_m": 1.143, "crown_h_m": 3.4671, "height_imputed": true, "width_imputed": true, "neighborhood": "Central Oakland", "tree_id": "t01385" }, "geometry": { "type": "Point", "coordinates": [ -79.95272086, 40.441277690000014 ] } },
{ "type": "Feature", "properties": { "common_name": "Beech: European", "condition": "Good", "height": 7.62, "width": 2.1336, "crown_r_m": 1.0668, "crown_h_m": 4.953, "height_imputed": true, "width_imputed": true, "neighborhood": "Central Oakland", "tree_id": "t01386" }, "geometry": { "type": "Point", "coordinates": [ -79.95264833, 40.44132506 ] } },
{ "type": "Feature", "properties": { "common_name": "Pine: Austrian", "condition": "Good", "height": 7.62, "width": 2.1336, "crown_r_m": 1.0668, "crown_h_m": 4.953, "height_imputed": true, "width_imputed": true, "neighborhood": "Central Oakland", "tree_id": "t01387" }, "geometry": { "type": "Point", "coordinates": [ -79.95265549, 40.44140275 ] } },
{ "type": "Feature", "properties": { "common_name": "Pine: Austrian", "condition": "Fair", "height": 7.62, "width": 2.1336, "crown_r_m": 1.0668, "crown_h_m": 4.953, "height_imputed": true, "width_imputed": true, "neighborhood": "Central Oakland", "tree_id": "t01388" }, "geometry": { "type": "Point", "coordinates": [ -79.95263779, 40.44142786 ] } },
{ "type": "Feature", "properties": { "common_name": "Linden: Littleleaf", "condition": "Good", "height": 10.668, "width": 2.7432, "crown_r_m": 1.3716, "crown_h_m": 6.9342, "height_imputed": true, "width_imputed": true, "neighborhood": "Central Oakland", "tree_id": "t01389" }, "geometry": { "type": "Point", "coordinates": [ -79.95271646, 40.44142636 ] } },
{ "type": "Feature", "properties": { "common_name": "Linden: Littleleaf", "condition": "Good", "height": 10.668, "width": 2.7432, "crown_r_m": 1.3716, "crown_h_m": 6.9342, "height_imputed": true, "width_imputed": true, "neighborhood": "Central Oakland", "tree_id": "t01390" }, "geometry": { "type": "Point", "coordinates": [ -79.95268891, 40.441484469999985 ] } },
{ "type": "Feature", "properties": { "common_name": "Linden: Littleleaf", "condition": "Good", "height": 10.668, "width": 2.7432, "crown_r_m": 1.3716, "crown_h_m": 6.9342, "height_imputed": true, "width_imputed": true, "neighborhood": "Central Oakland", "tree_id": "t01391" }, "geometry": { "type": "Point", "coordinates": [ -79.95264517, 40.44156314 ] } },
{ "type": "Feature", "properties": { "common_name": "Linden: Littleleaf", "condition": "Fair", "height": 10.668, "width": 2.7432, "crown_r_m": 1.3716, "crown_h_m": 6.9342, "height_imputed": true, "width_imputed": true, "neighborhood": "Central Oakland", "tree_id": "t01392" }, "geometry": { "type": "Point", "coordinates": [ -79.95260063, 40.44161706 ] } },
{ "type": "Feature", "properties": { "common_name": "Linden: Littleleaf", "condition": "Poor", "height": 10.668, "width": 2.7432, "crown_r_m": 1.3716, "crown_h_m": 6.9342, "height_imputed": true, "width_imputed": true, "neighborhood": "Central Oakland", "tree_id": "t01393" }, "geometry": { "type": "Point", "coordinates": [ -79.95256036, 40.44166028 ] } },
{ "type": "Feature", "properties": { "common_name": "Linden: Littleleaf", "condition": "Good", "height": 10.668, "width": 2.7432, "crown_r_m": 1.3716, "crown_h_m": 6.9342, "height_imputed": true, "width_imputed": true, "neighborhood": "Central Oakland", "tree_id": "t01394" }, "geometry": { "type": "Point", "coordinates": [ -79.95252484, 40.44170695 ] } },
{ "type": "Feature", "properties": { "common_name": "Linden: Littleleaf", "condition": "Good", "height": 10.668, "width": 2.7432, "crown_r_m": 1.3716, "crown_h_m": 6.9342, "height_imputed": true, "width_imputed": true, "neighborhood": "Central Oakland", "tree_id": "t01395" }, "geometry": { "type": "Point", "coordinates": [ -79.95247719, 40.44152389 ] } },
{ "type": "Feature", "properties": { "common_name": "Linden: Littleleaf", "condition": "Poor", "height": 10.668, "width": 2.7432, "crown_r_m": 1.3716, "crown_h_m": 6.9342, "height_imputed": true, "width_imputed": true, "neighborhood": "Central Oakland", "tree_id": "t01396" }, "geometry": { "type": "Point", "coordinates": [ -79.95250843, 40.44148791 ] } },
{ "type": "Feature", "properties": { "common_name": "Linden: Littleleaf", "condition": "Good", "height": 10.668, "width": 2.7432, "crown_r_m": 1.3716, "crown_h_m": 6.9342, "height_imputed": true, "width_imputed": true, "neighborhood": "Central Oakland", "tree_id": "t01397" }, "geometry": { "type": "Point", "coordinates": [ -79.952535160000011, 40.44145557 ] } },
{ "type": "Feature", "properties": { "common_name": "Linden: Littleleaf", "condition": "Good", "height": 10.668, "width": 2.7432, "crown_r_m": 1.3716, "crown_h_m": 6.9342, "height_imputed": true, "width_imputed": true, "neighborhood": "Central Oakland", "tree_id": "t01398" }, "geometry": { "type": "Point", "coordinates": [ -79.95254812, 40.44142702 ] } },
{ "type": "Feature", "properties": { "common_name": "Linden: Littleleaf", "condition": "Good", "height": 10.668, "width": 2.7432, "crown_r_m": 1.3716, "crown_h_m": 6.9342, "height_imputed": true, "width_imputed": true, "neighborhood": "Central Oakland", "tree_id": "t01399" }, "geometry": { "type": "Point", "coordinates": [ -79.95257947, 40.44139458 ] } },
{ "type": "Feature", "properties": { "common_name": "Linden: Littleleaf", "condition": "Fair", "height": 10.668, "width": 2.7432, "crown_r_m": 1.3716, "crown_h_m": 6.9342, "height_imputed": true, "width_imputed": true, "neighborhood": "Central Oakland", "tree_id": "t01400" }, "geometry": { "type": "Point", "coordinates": [ -79.95250428, 40.44136063 ] } },
{ "type": "Feature", "properties": { "common_name": "Linden: Littleleaf", "condition": "Good", "height": 10.668, "width": 2.7432, "crown_r_m": 1.3716, "crown_h_m": 6.9342, "height_imputed": true, "width_imputed": true, "neighborhood": "Central Oakland", "tree_id": "t01401" }, "geometry": { "type": "Point", "coordinates": [ -79.95254442, 40.44131388 ] } },
{ "type": "Feature", "properties": { "common_name": "Linden: Littleleaf", "condition": "Fair", "height": 10.668, "width": 2.7432, "crown_r_m": 1.3716, "crown_h_m": 6.9342, "height_imputed": true, "width_imputed": true, "neighborhood": "Central Oakland", "tree_id": "t01402" }, "geometry": { "type": "Point", "coordinates": [ -79.95258931, 40.44127057 ] } },
{ "type": "Feature", "properties": { "common_name": "Maple: Silver", "condition": "Fair", "height": 12.192, "width": 3.3528, "crown_r_m": 1.6764, "crown_h_m": 7.9248, "height_imputed": true, "width_imputed": true, "neighborhood": "Central Oakland", "tree_id": "t01403" }, "geometry": { "type": "Point", "coordinates": [ -79.95269645, 40.44114824 ] } },
{ "type": "Feature", "properties": { "common_name": "Maple: Silver", "condition": "Fair", "height": 12.192, "width": 3.3528, "crown_r_m": 1.6764, "crown_h_m": 7.9248, "height_imputed": true, "width_imputed": true, "neighborhood": "Central Oakland", "tree_id": "t01404" }, "geometry": { "type": "Point", "coordinates": [ -79.952736130000019, 40.44108734 ] } },
{ "type": "Feature", "properties": { "common_name": "Locust: Black", "condition": "Fair", "height": 13.716, "width": 4.572, "crown_r_m": 2.286, "crown_h_m": 8.9154, "height_imputed": true, "width_imputed": true, "neighborhood": "Central Oakland", "tree_id": "t01405" }, "geometry": { "type": "Point", "coordinates": [ -79.95257452, 40.44110103 ] } },
{ "type": "Feature", "properties": { "common_name": "Locust: Black", "condition": "Poor", "height": 13.716, "width": 4.572, "crown_r_m": 2.286, "crown_h_m": 8.9154, "height_imputed": true, "width_imputed": true, "neighborhood": "Central Oakland", "tree_id": "t01406" }, "geometry": { "type": "Point", "coordinates": [ -79.95261871, 40.44103651 ] } },
{ "type": "Feature", "properties": { "common_name": "Maple: Silver", "condition": "Fair", "height": 12.192, "width": 3.3528, "crown_r_m": 1.6764, "crown_h_m": 7.9248, "height_imputed": true, "width_imputed": true, "neighborhood": "Central Oakland", "tree_id": "t01407" }, "geometry": { "type": "Point", "coordinates": [ -79.95270467, 40.44097473 ] } },
{ "type": "Feature", "properties": { "common_name": "Locust: Black", "condition": "Fair", "height": 13.716, "width": 4.572, "crown_r_m": 2.286, "crown_h_m": 8.9154, "height_imputed": true, "width_imputed": true, "neighborhood": "Central Oakland", "tree_id": "t01408" }, "geometry": { "type": "Point", "coordinates": [ -79.95264232, 40.4409087 ] } },
{ "type": "Feature", "properties": { "common_name": "Locust: Black", "condition": "Fair", "height": 13.716, "width": 4.572, "crown_r_m": 2.286, "crown_h_m": 8.9154, "height_imputed": true, "width_imputed": true, "neighborhood": "Central Oakland", "tree_id": "t01409" }, "geometry": { "type": "Point", "coordinates": [ -79.95262648, 40.44084886 ] } },
{ "type": "Feature", "properties": { "common_name": "Locust: Black", "condition": "Poor", "height": 13.716, "width": 4.572, "crown_r_m": 2.286, "crown_h_m": 8.9154, "height_imputed": true, "width_imputed": true, "neighborhood": "Central Oakland", "tree_id": "t01410" }, "geometry": { "type": "Point", "coordinates": [ -79.95254885, 40.44088218 ] } },
{ "type": "Feature", "properties": { "common_name": "Locust: Black", "condition": "Fair", "height": 13.716, "width": 4.572, "crown_r_m": 2.286, "crown_h_m": 8.9154, "height_imputed": true, "width_imputed": true, "neighborhood": "Central Oakland", "tree_id": "t01411" }, "geometry": { "type": "Point", "coordinates": [ -79.9525699, 40.44095961 ] } },
{ "type": "Feature", "properties": { "common_name": "Locust: Black", "condition": "Poor", "height": 13.716, "width": 4.572, "crown_r_m": 2.286, "crown_h_m": 8.9154, "height_imputed": true, "width_imputed": true, "neighborhood": "Central Oakland", "tree_id": "t01412" }, "geometry": { "type": "Point", "coordinates": [ -79.952521540000021, 40.44103836 ] } },
{ "type": "Feature", "properties": { "common_name": "Locust: Black", "condition": "Poor", "height": 13.716, "width": 4.572, "crown_r_m": 2.286, "crown_h_m": 8.9154, "height_imputed": true, "width_imputed": true, "neighborhood": "Central Oakland", "tree_id": "t01413" }, "geometry": { "type": "Point", "coordinates": [ -79.95241442, 40.44087767 ] } },
{ "type": "Feature", "properties": { "common_name": "Maple: Norway", "condition": "Good", "height": 9.6012, "width": 2.4384, "crown_r_m": 1.2192, "crown_h_m": 6.24078, "height_imputed": true, "width_imputed": true, "neighborhood": "Central Oakland", "tree_id": "t01414" }, "geometry": { "type": "Point", "coordinates": [ -79.95238342, 40.44092071 ] } },
{ "type": "Feature", "properties": { "common_name": "Maple: Norway", "condition": "Fair", "height": 9.6012, "width": 2.4384, "crown_r_m": 1.2192, "crown_h_m": 6.24078, "height_imputed": true, "width_imputed": true, "neighborhood": "Central Oakland", "tree_id": "t01415" }, "geometry": { "type": "Point", "coordinates": [ -79.95238596, 40.44099849 ] } },
{ "type": "Feature", "properties": { "common_name": "Oak: Scarlet", "condition": "Fair", "height": 7.62, "width": 2.1336, "crown_r_m": 1.0668, "crown_h_m": 4.953, "height_imputed": true, "width_imputed": true, "neighborhood": "Central Oakland", "tree_id": "t01416" }, "geometry": { "type": "Point", "coordinates": [ -79.951992260000011, 40.4411369 ] } },
{ "type": "Feature", "properties": { "common_name": "Oak: Scarlet", "condition": "Good", "height": 7.62, "width": 2.1336, "crown_r_m": 1.0668, "crown_h_m": 4.953, "height_imputed": true, "width_imputed": true, "neighborhood": "Central Oakland", "tree_id": "t01417" }, "geometry": { "type": "Point", "coordinates": [ -79.95193014, 40.44107794 ] } },
{ "type": "Feature", "properties": { "common_name": "Oak: Pin", "condition": "Poor", "height": 16.764, "width": 4.572, "crown_r_m": 2.286, "crown_h_m": 10.8966, "height_imputed": true, "width_imputed": true, "neighborhood": "Central Oakland", "tree_id": "t01418" }, "geometry": { "type": "Point", "coordinates": [ -79.9519188, 40.44115598 ] } },
{ "type": "Feature", "properties": { "common_name": "Oak: Northern Red", "condition": "Poor", "height": 15.24, "width": 3.6576, "crown_r_m": 1.8288, "crown_h_m": 9.906, "height_imputed": true, "width_imputed": true, "neighborhood": "Central Oakland", "tree_id": "t01419" }, "geometry": { "type": "Point", "coordinates": [ -79.951825900000017, 40.44114714 ] } },
{ "type": "Feature", "properties": { "common_name": "Oak: Pin", "condition": "Fair", "height": 16.764, "width": 4.572, "crown_r_m": 2.286, "crown_h_m": 10.8966, "height_imputed": true, "width_imputed": true, "neighborhood": "Squirrel Hill South", "tree_id": "t01420" }, "geometry": { "type": "Point", "coordinates": [ -79.94682125, 40.43607394 ] } },
{ "type": "Feature", "properties": { "common_name": "Oak: Pin", "condition": "Fair", "height": 16.764, "width": 4.572, "crown_r_m": 2.286, "crown_h_m": 10.8966, "height_imputed": true, "width_imputed": true, "neighborhood": "Squirrel Hill South", "tree_id": "t01421" }, "geometry": { "type": "Point", "coordinates": [ -79.94689418, 40.43607255 ] } },
{ "type": "Feature", "properties": { "common_name": "Oak: Pin", "condition": "Poor", "height": 16.764, "width": 4.572, "crown_r_m": 2.286, "crown_h_m": 10.8966, "height_imputed": true, "width_imputed": true, "neighborhood": "Squirrel Hill South", "tree_id": "t01422" }, "geometry": { "type": "Point", "coordinates": [ -79.94695923, 40.43607132 ] } },
{ "type": "Feature", "properties": { "common_name": "Oak: Pin", "condition": "Poor", "height": 16.764, "width": 4.572, "crown_r_m": 2.286, "crown_h_m": 10.8966, "height_imputed": true, "width_imputed": true, "neighborhood": "Squirrel Hill South", "tree_id": "t01423" }, "geometry": { "type": "Point", "coordinates": [ -79.94716013, 40.43606298000001 ] } },
{ "type": "Feature", "properties": { "common_name": "Oak: Pin", "condition": "Fair", "height": 16.764, "width": 4.572, "crown_r_m": 2.286, "crown_h_m": 10.8966, "height_imputed": true, "width_imputed": true, "neighborhood": "Squirrel Hill South", "tree_id": "t01424" }, "geometry": { "type": "Point", "coordinates": [ -79.94723272, 40.43605105 ] } },
{ "type": "Feature", "properties": { "common_name": "Oak: Pin", "condition": "Fair", "height": 16.764, "width": 4.572, "crown_r_m": 2.286, "crown_h_m": 10.8966, "height_imputed": true, "width_imputed": true, "neighborhood": "Squirrel Hill South", "tree_id": "t01425" }, "geometry": { "type": "Point", "coordinates": [ -79.94730945, 40.43604507 ] } },
{ "type": "Feature", "properties": { "common_name": "Oak: Pin", "condition": "Fair", "height": 16.764, "width": 4.572, "crown_r_m": 2.286, "crown_h_m": 10.8966, "height_imputed": true, "width_imputed": true, "neighborhood": "Central Oakland", "tree_id": "t01426" }, "geometry": { "type": "Point", "coordinates": [ -79.95160066, 40.44119742 ] } },
{ "type": "Feature", "properties": { "common_name": "Oak: Pin", "condition": "Poor", "height": 16.764, "width": 4.572, "crown_r_m": 2.286, "crown_h_m": 10.8966, "height_imputed": true, "width_imputed": true, "neighborhood": "Squirrel Hill South", "tree_id": "t01427" }, "geometry": { "type": "Point", "coordinates": [ -79.94743343, 40.43603668 ] } },
{ "type": "Feature", "properties": { "common_name": "Oak: Pin", "condition": "Poor", "height": 16.764, "width": 4.572, "crown_r_m": 2.286, "crown_h_m": 10.8966, "height_imputed": true, "width_imputed": true, "neighborhood": "Squirrel Hill South", "tree_id": "t01428" }, "geometry": { "type": "Point", "coordinates": [ -79.94757501, 40.43602344 ] } },
{ "type": "Feature", "properties": { "common_name": "Oak: Pin", "condition": "Poor", "height": 16.764, "width": 4.572, "crown_r_m": 2.286, "crown_h_m": 10.8966, "height_imputed": true, "width_imputed": true, "neighborhood": "Central Oakland", "tree_id": "t01429" }, "geometry": { "type": "Point", "coordinates": [ -79.95126539, 40.44128164 ] } },
{ "type": "Feature", "properties": { "common_name": "Oak: Pin", "condition": "Poor", "height": 16.764, "width": 4.572, "crown_r_m": 2.286, "crown_h_m": 10.8966, "height_imputed": true, "width_imputed": true, "neighborhood": "Central Oakland", "tree_id": "t01430" }, "geometry": { "type": "Point", "coordinates": [ -79.95132808, 40.44135828 ] } },
{ "type": "Feature", "properties": { "common_name": "Oak: Swamp White", "condition": "Poor", "height": 3.3528, "width": 1.524, "crown_r_m": 1.0, "crown_h_m": 2.17932, "height_imputed": true, "width_imputed": true, "neighborhood": "Central Oakland", "tree_id": "t01431" }, "geometry": { "type": "Point", "coordinates": [ -79.95141899, 40.44132095 ] } },
{ "type": "Feature", "properties": { "common_name": "Oak: Pin", "condition": "Poor", "height": 16.764, "width": 4.572, "crown_r_m": 2.286, "crown_h_m": 10.8966, "height_imputed": true, "width_imputed": true, "neighborhood": "Central Oakland", "tree_id": "t01432" }, "geometry": { "type": "Point", "coordinates": [ -79.95152635, 40.441347210000011 ] } },
{ "type": "Feature", "properties": { "common_name": "Ginkgo", "condition": "Good", "height": 3.6576, "width": 1.524, "crown_r_m": 1.0, "crown_h_m": 2.37744, "height_imputed": true, "width_imputed": true, "neighborhood": "Central Oakland", "tree_id": "t01433" }, "geometry": { "type": "Point", "coordinates": [ -79.95150031, 40.44140077 ] } },
{ "type": "Feature", "properties": { "common_name": "Ginkgo", "condition": "Fair", "height": 3.6576, "width": 1.524, "crown_r_m": 1.0, "crown_h_m": 2.37744, "height_imputed": true, "width_imputed": true, "neighborhood": "Central Oakland", "tree_id": "t01434" }, "geometry": { "type": "Point", "coordinates": [ -79.95143714, 40.4414515 ] } },
{ "type": "Feature", "properties": { "common_name": "Oak: Northern Red", "condition": "Fair", "height": 15.24, "width": 3.6576, "crown_r_m": 1.8288, "crown_h_m": 9.906, "height_imputed": true, "width_imputed": true, "neighborhood": "Central Oakland", "tree_id": "t01435" }, "geometry": { "type": "Point", "coordinates": [ -79.95179345, 40.44158623 ] } },
{ "type": "Feature", "properties": { "common_name": "Spruce: Colorado", "condition": "Fair", "height": 7.62, "width": 2.1336, "crown_r_m": 1.0668, "crown_h_m": 4.953, "height_imputed": true, "width_imputed": true, "neighborhood": "Central Oakland", "tree_id": "t01436" }, "geometry": { "type": "Point", "coordinates": [ -79.9520122, 40.44176249 ] } },
{ "type": "Feature", "properties": { "common_name": "Spruce: Colorado", "condition": "Fair", "height": 7.62, "width": 2.1336, "crown_r_m": 1.0668, "crown_h_m": 4.953, "height_imputed": true, "width_imputed": true, "neighborhood": "Central Oakland", "tree_id": "t01437" }, "geometry": { "type": "Point", "coordinates": [ -79.95199636, 40.44170265 ] } },
{ "type": "Feature", "properties": { "common_name": "Spruce: Colorado", "condition": "Fair", "height": 7.62, "width": 2.1336, "crown_r_m": 1.0668, "crown_h_m": 4.953, "height_imputed": true, "width_imputed": true, "neighborhood": "Central Oakland", "tree_id": "t01438" }, "geometry": { "type": "Point", "coordinates": [ -79.95204794, 40.4418644 ] } },
{ "type": "Feature", "properties": { "common_name": "Willow: spp.", "condition": "Poor", "height": 7.62, "width": 2.1336, "crown_r_m": 1.0668, "crown_h_m": 4.953, "height_imputed": true, "width_imputed": true, "neighborhood": "Central Oakland", "tree_id": "t01439" }, "geometry": { "type": "Point", "coordinates": [ -79.95001401, 40.43708562 ] } },
{ "type": "Feature", "properties": { "common_name": "Dogwood: Corneliancherry", "condition": "Fair", "height": 2.4384, "width": 1.2192, "crown_r_m": 1.0, "crown_h_m": 1.58496, "height_imputed": true, "width_imputed": true, "neighborhood": "Squirrel Hill South", "tree_id": "t01440" }, "geometry": { "type": "Point", "coordinates": [ -79.9492875, 40.43643311000001 ] } },
{ "type": "Feature", "properties": { "common_name": "Dogwood: Corneliancherry", "condition": "Fair", "height": 2.4384, "width": 1.2192, "crown_r_m": 1.0, "crown_h_m": 1.58496, "height_imputed": true, "width_imputed": true, "neighborhood": "Squirrel Hill South", "tree_id": "t01441" }, "geometry": { "type": "Point", "coordinates": [ -79.94920177, 40.43647051 ] } },
{ "type": "Feature", "properties": { "common_name": "Oak: Pin", "condition": "Fair", "height": 16.764, "width": 4.572, "crown_r_m": 2.286, "crown_h_m": 10.8966, "height_imputed": true, "width_imputed": true, "neighborhood": "Squirrel Hill South", "tree_id": "t01442" }, "geometry": { "type": "Point", "coordinates": [ -79.94897446, 40.43733423 ] } },
{ "type": "Feature", "properties": { "common_name": "Oak: Northern Red", "condition": "Fair", "height": 15.24, "width": 3.6576, "crown_r_m": 1.8288, "crown_h_m": 9.906, "height_imputed": true, "width_imputed": true, "neighborhood": "Squirrel Hill South", "tree_id": "t01443" }, "geometry": { "type": "Point", "coordinates": [ -79.94925479, 40.43721391 ] } },
{ "type": "Feature", "properties": { "common_name": "Oak: Northern Red", "condition": "Fair", "height": 15.24, "width": 3.6576, "crown_r_m": 1.8288, "crown_h_m": 9.906, "height_imputed": true, "width_imputed": true, "neighborhood": "Squirrel Hill South", "tree_id": "t01444" }, "geometry": { "type": "Point", "coordinates": [ -79.9493016, 40.43680649 ] } },
{ "type": "Feature", "properties": { "common_name": "Pine: Austrian", "condition": "Fair", "height": 7.62, "width": 2.1336, "crown_r_m": 1.0668, "crown_h_m": 4.953, "height_imputed": true, "width_imputed": true, "neighborhood": "Squirrel Hill South", "tree_id": "t01445" }, "geometry": { "type": "Point", "coordinates": [ -79.94940318, 40.43662185 ] } },
{ "type": "Feature", "properties": { "common_name": "London planetree", "condition": "Fair", "height": 15.24, "width": 3.6576, "crown_r_m": 1.8288, "crown_h_m": 9.906, "height_imputed": true, "width_imputed": true, "neighborhood": "Central Oakland", "tree_id": "t01446" }, "geometry": { "type": "Point", "coordinates": [ -79.95155648, 40.44216444 ] } },
{ "type": "Feature", "properties": { "common_name": "London planetree", "condition": "Fair", "height": 15.24, "width": 3.6576, "crown_r_m": 1.8288, "crown_h_m": 9.906, "height_imputed": true, "width_imputed": true, "neighborhood": "Central Oakland", "tree_id": "t01447" }, "geometry": { "type": "Point", "coordinates": [ -79.95157874, 40.44213851 ] } },
{ "type": "Feature", "properties": { "common_name": "Oak: Pin", "condition": "Critical", "height": 16.764, "width": 4.572, "crown_r_m": 2.286, "crown_h_m": 10.8966, "height_imputed": true, "width_imputed": true, "neighborhood": "Squirrel Hill South", "tree_id": "t01448" }, "geometry": { "type": "Point", "coordinates": [ -79.94600463, 40.43601405 ] } },
{ "type": "Feature", "properties": { "common_name": "Oak: Pin", "condition": "Good", "height": 16.764, "width": 4.572, "crown_r_m": 2.286, "crown_h_m": 10.8966, "height_imputed": true, "width_imputed": true, "neighborhood": "Squirrel Hill South", "tree_id": "t01449" }, "geometry": { "type": "Point", "coordinates": [ -79.94604017, 40.43605364 ] } },
{ "type": "Feature", "properties": { "common_name": "Oak: Pin", "condition": "Fair", "height": 16.764, "width": 4.572, "crown_r_m": 2.286, "crown_h_m": 10.8966, "height_imputed": true, "width_imputed": true, "neighborhood": "Squirrel Hill South", "tree_id": "t01450" }, "geometry": { "type": "Point", "coordinates": [ -79.94620248, 40.43618342 ] } },
{ "type": "Feature", "properties": { "common_name": "Oak: Northern Red", "condition": "Good", "height": 15.24, "width": 3.6576, "crown_r_m": 1.8288, "crown_h_m": 9.906, "height_imputed": true, "width_imputed": true, "neighborhood": "Squirrel Hill South", "tree_id": "t01451" }, "geometry": { "type": "Point", "coordinates": [ -79.94101077, 40.43750586 ] } },
{ "type": "Feature", "properties": { "common_name": "Oak: Northern Red", "condition": "Fair", "height": 15.24, "width": 3.6576, "crown_r_m": 1.8288, "crown_h_m": 9.906, "height_imputed": true, "width_imputed": true, "neighborhood": "Squirrel Hill South", "tree_id": "t01452" }, "geometry": { "type": "Point", "coordinates": [ -79.94107445, 40.43711713 ] } },
{ "type": "Feature", "properties": { "common_name": "Oak: Northern Red", "condition": "Good", "height": 15.24, "width": 3.6576, "crown_r_m": 1.8288, "crown_h_m": 9.906, "height_imputed": true, "width_imputed": true, "neighborhood": "Squirrel Hill South", "tree_id": "t01453" }, "geometry": { "type": "Point", "coordinates": [ -79.94107545, 40.43703043 ] } },
{ "type": "Feature", "properties": { "common_name": "Maple: Norway", "condition": "Good", "height": 9.6012, "width": 2.4384, "crown_r_m": 1.2192, "crown_h_m": 6.24078, "height_imputed": true, "width_imputed": true, "neighborhood": "Squirrel Hill South", "tree_id": "t01454" }, "geometry": { "type": "Point", "coordinates": [ -79.94128464, 40.43685483 ] } },
{ "type": "Feature", "properties": { "common_name": "Maple: Norway", "condition": "Poor", "height": 9.6012, "width": 2.4384, "crown_r_m": 1.2192, "crown_h_m": 6.24078, "height_imputed": true, "width_imputed": true, "neighborhood": "Squirrel Hill South", "tree_id": "t01455" }, "geometry": { "type": "Point", "coordinates": [ -79.941177540000012, 40.436919439999983 ] } },
{ "type": "Feature", "properties": { "common_name": "Maple: Norway", "condition": "Good", "height": 9.6012, "width": 2.4384, "crown_r_m": 1.2192, "crown_h_m": 6.24078, "height_imputed": true, "width_imputed": true, "neighborhood": "Squirrel Hill South", "tree_id": "t01456" }, "geometry": { "type": "Point", "coordinates": [ -79.94106999, 40.43682993 ] } },
{ "type": "Feature", "properties": { "common_name": "Oak: Northern Red", "condition": "Fair", "height": 15.24, "width": 3.6576, "crown_r_m": 1.8288, "crown_h_m": 9.906, "height_imputed": true, "width_imputed": true, "neighborhood": "Squirrel Hill South", "tree_id": "t01457" }, "geometry": { "type": "Point", "coordinates": [ -79.94100094, 40.4368521 ] } },
{ "type": "Feature", "properties": { "common_name": "Oak: Northern Red", "condition": "Fair", "height": 15.24, "width": 3.6576, "crown_r_m": 1.8288, "crown_h_m": 9.906, "height_imputed": true, "width_imputed": true, "neighborhood": "Squirrel Hill South", "tree_id": "t01458" }, "geometry": { "type": "Point", "coordinates": [ -79.94095176, 40.43679513 ] } },
{ "type": "Feature", "properties": { "common_name": "Oak: Northern Red", "condition": "Fair", "height": 15.24, "width": 3.6576, "crown_r_m": 1.8288, "crown_h_m": 9.906, "height_imputed": true, "width_imputed": true, "neighborhood": "Squirrel Hill South", "tree_id": "t01459" }, "geometry": { "type": "Point", "coordinates": [ -79.94077749, 40.43665937 ] } },
{ "type": "Feature", "properties": { "common_name": "Maple: Silver", "condition": "Fair", "height": 12.192, "width": 3.3528, "crown_r_m": 1.6764, "crown_h_m": 7.9248, "height_imputed": true, "width_imputed": true, "neighborhood": "Squirrel Hill South", "tree_id": "t01460" }, "geometry": { "type": "Point", "coordinates": [ -79.94083491, 40.43659674 ] } },
{ "type": "Feature", "properties": { "common_name": "Maple: Norway", "condition": "Good", "height": 9.6012, "width": 2.4384, "crown_r_m": 1.2192, "crown_h_m": 6.24078, "height_imputed": true, "width_imputed": true, "neighborhood": "Squirrel Hill South", "tree_id": "t01461" }, "geometry": { "type": "Point", "coordinates": [ -79.94059973, 40.43639513 ] } },
{ "type": "Feature", "properties": { "common_name": "Maple: Silver", "condition": "Poor", "height": 12.192, "width": 3.3528, "crown_r_m": 1.6764, "crown_h_m": 7.9248, "height_imputed": true, "width_imputed": true, "neighborhood": "Squirrel Hill South", "tree_id": "t01462" }, "geometry": { "type": "Point", "coordinates": [ -79.94050389, 40.43643287 ] } },
{ "type": "Feature", "properties": { "common_name": "Magnolia: spp.", "condition": "Fair", "height": 7.62, "width": 2.1336, "crown_r_m": 1.0668, "crown_h_m": 4.953, "height_imputed": true, "width_imputed": true, "neighborhood": "Squirrel Hill South", "tree_id": "t01463" }, "geometry": { "type": "Point", "coordinates": [ -79.94383638, 40.43923633 ] } },
{ "type": "Feature", "properties": { "common_name": "Magnolia: Cucumbertree", "condition": "Good", "height": 7.62, "width": 2.1336, "crown_r_m": 1.0668, "crown_h_m": 4.953, "height_imputed": true, "width_imputed": true, "neighborhood": "Squirrel Hill South", "tree_id": "t01464" }, "geometry": { "type": "Point", "coordinates": [ -79.94372689, 40.43913411 ] } },
{ "type": "Feature", "properties": { "common_name": "Magnolia: spp.", "condition": "Good", "height": 7.62, "width": 2.1336, "crown_r_m": 1.0668, "crown_h_m": 4.953, "height_imputed": true, "width_imputed": true, "neighborhood": "Squirrel Hill South", "tree_id": "t01465" }, "geometry": { "type": "Point", "coordinates": [ -79.94363443, 40.43905752 ] } },
{ "type": "Feature", "properties": { "common_name": "Hawthorn: spp.", "condition": "Poor", "height": 2.4384, "width": 1.3716, "crown_r_m": 1.0, "crown_h_m": 1.58496, "height_imputed": true, "width_imputed": true, "neighborhood": "Squirrel Hill South", "tree_id": "t01466" }, "geometry": { "type": "Point", "coordinates": [ -79.9435352, 40.43922396 ] } },
{ "type": "Feature", "properties": { "common_name": "Ginkgo", "condition": "Good", "height": 3.6576, "width": 1.524, "crown_r_m": 1.0, "crown_h_m": 2.37744, "height_imputed": true, "width_imputed": true, "neighborhood": "Squirrel Hill South", "tree_id": "t01467" }, "geometry": { "type": "Point", "coordinates": [ -79.94346439, 40.43926071 ] } },
{ "type": "Feature", "properties": { "common_name": "Oak: Northern Red", "condition": "Poor", "height": 15.24, "width": 3.6576, "crown_r_m": 1.8288, "crown_h_m": 9.906, "height_imputed": true, "width_imputed": true, "neighborhood": "Squirrel Hill South", "tree_id": "t01468" }, "geometry": { "type": "Point", "coordinates": [ -79.94341159, 40.43931618 ] } },
{ "type": "Feature", "properties": { "common_name": "Ginkgo", "condition": "Fair", "height": 3.6576, "width": 1.524, "crown_r_m": 1.0, "crown_h_m": 2.37744, "height_imputed": true, "width_imputed": true, "neighborhood": "Squirrel Hill South", "tree_id": "t01469" }, "geometry": { "type": "Point", "coordinates": [ -79.94350168, 40.43941172 ] } },
{ "type": "Feature", "properties": { "common_name": "Ginkgo", "condition": "Good", "height": 3.6576, "width": 1.524, "crown_r_m": 1.0, "crown_h_m": 2.37744, "height_imputed": true, "width_imputed": true, "neighborhood": "Squirrel Hill South", "tree_id": "t01470" }, "geometry": { "type": "Point", "coordinates": [ -79.9434684, 40.43946102 ] } },
{ "type": "Feature", "properties": { "common_name": "Ginkgo", "condition": "Fair", "height": 3.6576, "width": 1.524, "crown_r_m": 1.0, "crown_h_m": 2.37744, "height_imputed": true, "width_imputed": true, "neighborhood": "Squirrel Hill South", "tree_id": "t01471" }, "geometry": { "type": "Point", "coordinates": [ -79.94352967, 40.43947956 ] } },
{ "type": "Feature", "properties": { "common_name": "Cherry/Plum: spp.", "condition": "Good", "height": 2.8956, "width": 1.2192, "crown_r_m": 1.0, "crown_h_m": 1.88214, "height_imputed": true, "width_imputed": true, "neighborhood": "Squirrel Hill South", "tree_id": "t01472" }, "geometry": { "type": "Point", "coordinates": [ -79.94318002, 40.43936104 ] } },
{ "type": "Feature", "properties": { "common_name": "Serviceberry: spp.", "condition": "Good", "height": 7.62, "width": 2.1336, "crown_r_m": 1.0668, "crown_h_m": 4.953, "height_imputed": true, "width_imputed": true, "neighborhood": "Squirrel Hill South", "tree_id": "t01473" }, "geometry": { "type": "Point", "coordinates": [ -79.94308299, 40.43931537000001 ] } },
{ "type": "Feature", "properties": { "common_name": "Birch: Paper", "condition": "Fair", "height": 7.62, "width": 2.1336, "crown_r_m": 1.0668, "crown_h_m": 4.953, "height_imputed": true, "width_imputed": true, "neighborhood": "Squirrel Hill South", "tree_id": "t01474" }, "geometry": { "type": "Point", "coordinates": [ -79.94287039, 40.43930173 ] } },
{ "type": "Feature", "properties": { "common_name": "Birch: Paper", "condition": "Fair", "height": 7.62, "width": 2.1336, "crown_r_m": 1.0668, "crown_h_m": 4.953, "height_imputed": true, "width_imputed": true, "neighborhood": "Squirrel Hill South", "tree_id": "t01475" }, "geometry": { "type": "Point", "coordinates": [ -79.94282519, 40.4393107 ] } },
{ "type": "Feature", "properties": { "common_name": "Magnolia: Sweetbay", "condition": "Good", "height": 7.62, "width": 2.1336, "crown_r_m": 1.0668, "crown_h_m": 4.953, "height_imputed": true, "width_imputed": true, "neighborhood": "Squirrel Hill South", "tree_id": "t01476" }, "geometry": { "type": "Point", "coordinates": [ -79.94278359, 40.439430849999987 ] } },
{ "type": "Feature", "properties": { "common_name": "Dogwood: Kousa", "condition": "Good", "height": 7.62, "width": 2.1336, "crown_r_m": 1.0668, "crown_h_m": 4.953, "height_imputed": true, "width_imputed": true, "neighborhood": "Squirrel Hill South", "tree_id": "t01477" }, "geometry": { "type": "Point", "coordinates": [ -79.9427475, 40.43934694 ] } },
{ "type": "Feature", "properties": { "common_name": "Dogwood: Kousa", "condition": "Good", "height": 7.62, "width": 2.1336, "crown_r_m": 1.0668, "crown_h_m": 4.953, "height_imputed": true, "width_imputed": true, "neighborhood": "Squirrel Hill South", "tree_id": "t01478" }, "geometry": { "type": "Point", "coordinates": [ -79.94268721, 40.43935851 ] } },
{ "type": "Feature", "properties": { "common_name": "Willow: Weeping", "condition": "Good", "height": 7.62, "width": 2.1336, "crown_r_m": 1.0668, "crown_h_m": 4.953, "height_imputed": true, "width_imputed": true, "neighborhood": "Squirrel Hill South", "tree_id": "t01479" }, "geometry": { "type": "Point", "coordinates": [ -79.94266901, 40.43940521 ] } },
{ "type": "Feature", "properties": { "common_name": "Pawpaw: Common", "condition": "Good", "height": 7.62, "width": 2.1336, "crown_r_m": 1.0668, "crown_h_m": 4.953, "height_imputed": true, "width_imputed": true, "neighborhood": "Squirrel Hill South", "tree_id": "t01480" }, "geometry": { "type": "Point", "coordinates": [ -79.94265287, 40.43956196 ] } },
{ "type": "Feature", "properties": { "common_name": "Hawthorn: spp.", "condition": "Fair", "height": 2.4384, "width": 1.3716, "crown_r_m": 1.0, "crown_h_m": 1.58496, "height_imputed": true, "width_imputed": true, "neighborhood": "Squirrel Hill South", "tree_id": "t01481" }, "geometry": { "type": "Point", "coordinates": [ -79.94263381, 40.43958202 ] } },
{ "type": "Feature", "properties": { "common_name": "Hawthorn: spp.", "condition": "Fair", "height": 2.4384, "width": 1.3716, "crown_r_m": 1.0, "crown_h_m": 1.58496, "height_imputed": true, "width_imputed": true, "neighborhood": "Squirrel Hill South", "tree_id": "t01482" }, "geometry": { "type": "Point", "coordinates": [ -79.9426479, 40.43959566 ] } },
{ "type": "Feature", "properties": { "common_name": "Redbud: Eastern", "condition": "Good", "height": 4.572, "width": 1.8288, "crown_r_m": 1.0, "crown_h_m": 2.9718, "height_imputed": true, "width_imputed": true, "neighborhood": "Squirrel Hill South", "tree_id": "t01483" }, "geometry": { "type": "Point", "coordinates": [ -79.94273354000002, 40.439570860000011 ] } },
{ "type": "Feature", "properties": { "common_name": "Serviceberry: spp.", "condition": "Poor", "height": 7.62, "width": 2.1336, "crown_r_m": 1.0668, "crown_h_m": 4.953, "height_imputed": true, "width_imputed": true, "neighborhood": "Squirrel Hill South", "tree_id": "t01484" }, "geometry": { "type": "Point", "coordinates": [ -79.94279119, 40.43952457 ] } },
{ "type": "Feature", "properties": { "common_name": "Serviceberry: spp.", "condition": "Poor", "height": 7.62, "width": 2.1336, "crown_r_m": 1.0668, "crown_h_m": 4.953, "height_imputed": true, "width_imputed": true, "neighborhood": "Squirrel Hill South", "tree_id": "t01485" }, "geometry": { "type": "Point", "coordinates": [ -79.94281778, 40.43954956 ] } },
{ "type": "Feature", "properties": { "common_name": "Pagodatree: Japanese", "condition": "Good", "height": 7.62, "width": 2.1336, "crown_r_m": 1.0668, "crown_h_m": 4.953, "height_imputed": true, "width_imputed": true, "neighborhood": "Squirrel Hill South", "tree_id": "t01486" }, "geometry": { "type": "Point", "coordinates": [ -79.94313357, 40.43933179 ] } },
{ "type": "Feature", "properties": { "common_name": "Hemlock: Eastern", "condition": "Fair", "height": 7.62, "width": 2.1336, "crown_r_m": 1.0668, "crown_h_m": 4.953, "height_imputed": true, "width_imputed": true, "neighborhood": "Squirrel Hill South", "tree_id": "t01487" }, "geometry": { "type": "Point", "coordinates": [ -79.94267682, 40.43955223 ] } },
{ "type": "Feature", "properties": { "common_name": "Magnolia: Sweetbay", "condition": "Good", "height": 7.62, "width": 2.1336, "crown_r_m": 1.0668, "crown_h_m": 4.953, "height_imputed": true, "width_imputed": true, "neighborhood": "Squirrel Hill South", "tree_id": "t01488" }, "geometry": { "type": "Point", "coordinates": [ -79.94284249, 40.439563 ] } },
{ "type": "Feature", "properties": { "common_name": "Magnolia: Sweetbay", "condition": "Poor", "height": 7.62, "width": 2.1336, "crown_r_m": 1.0668, "crown_h_m": 4.953, "height_imputed": true, "width_imputed": true, "neighborhood": "Squirrel Hill South", "tree_id": "t01489" }, "geometry": { "type": "Point", "coordinates": [ -79.94286711, 40.43957412 ] } },
{ "type": "Feature", "properties": { "common_name": "Magnolia: Sweetbay", "condition": "Fair", "height": 7.62, "width": 2.1336, "crown_r_m": 1.0668, "crown_h_m": 4.953, "height_imputed": true, "width_imputed": true, "neighborhood": "Squirrel Hill South", "tree_id": "t01490" }, "geometry": { "type": "Point", "coordinates": [ -79.94290235, 40.43958504 ] } },
{ "type": "Feature", "properties": { "common_name": "Oak: Pin", "condition": "Good", "height": 16.764, "width": 4.572, "crown_r_m": 2.286, "crown_h_m": 10.8966, "height_imputed": true, "width_imputed": true, "neighborhood": "Central Oakland", "tree_id": "t01491" }, "geometry": { "type": "Point", "coordinates": [ -79.95044142, 40.4416113 ] } },
{ "type": "Feature", "properties": { "common_name": "Sweetgum: American", "condition": "Fair", "height": 12.192, "width": 2.7432, "crown_r_m": 1.3716, "crown_h_m": 7.9248, "height_imputed": true, "width_imputed": true, "neighborhood": "Squirrel Hill South", "tree_id": "t01492" }, "geometry": { "type": "Point", "coordinates": [ -79.94313222, 40.43956445 ] } },
{ "type": "Feature", "properties": { "common_name": "Cherry/Plum: spp.", "condition": "Good", "height": 2.8956, "width": 1.2192, "crown_r_m": 1.0, "crown_h_m": 1.88214, "height_imputed": true, "width_imputed": true, "neighborhood": "Squirrel Hill South", "tree_id": "t01493" }, "geometry": { "type": "Point", "coordinates": [ -79.94323817, 40.43955781 ] } },
{ "type": "Feature", "properties": { "common_name": "Cherry/Plum: spp.", "condition": "Good", "height": 2.8956, "width": 1.2192, "crown_r_m": 1.0, "crown_h_m": 1.88214, "height_imputed": true, "width_imputed": true, "neighborhood": "Squirrel Hill South", "tree_id": "t01494" }, "geometry": { "type": "Point", "coordinates": [ -79.9432104, 40.43968348 ] } },
{ "type": "Feature", "properties": { "common_name": "Magnolia: spp.", "condition": "Fair", "height": 7.62, "width": 2.1336, "crown_r_m": 1.0668, "crown_h_m": 4.953, "height_imputed": true, "width_imputed": true, "neighborhood": "Squirrel Hill South", "tree_id": "t01495" }, "geometry": { "type": "Point", "coordinates": [ -79.943295730000017, 40.43969577 ] } },
{ "type": "Feature", "properties": { "common_name": "Magnolia: spp.", "condition": "Poor", "height": 7.62, "width": 2.1336, "crown_r_m": 1.0668, "crown_h_m": 4.953, "height_imputed": true, "width_imputed": true, "neighborhood": "Squirrel Hill South", "tree_id": "t01496" }, "geometry": { "type": "Point", "coordinates": [ -79.94325298, 40.43973366 ] } },
{ "type": "Feature", "properties": { "common_name": "Sweetgum: American", "condition": "Fair", "height": 12.192, "width": 2.7432, "crown_r_m": 1.3716, "crown_h_m": 7.9248, "height_imputed": true, "width_imputed": true, "neighborhood": "Squirrel Hill South", "tree_id": "t01497" }, "geometry": { "type": "Point", "coordinates": [ -79.94324547, 40.43978248 ] } },
{ "type": "Feature", "properties": { "common_name": "Tuliptree", "condition": "Poor", "height": 3.9624, "width": 1.524, "crown_r_m": 1.0, "crown_h_m": 2.57556, "height_imputed": true, "width_imputed": true, "neighborhood": "Squirrel Hill South", "tree_id": "t01498" }, "geometry": { "type": "Point", "coordinates": [ -79.943263, 40.43985515 ] } },
{ "type": "Feature", "properties": { "common_name": "Sweetgum: American", "condition": "Good", "height": 12.192, "width": 2.7432, "crown_r_m": 1.3716, "crown_h_m": 7.9248, "height_imputed": true, "width_imputed": true, "neighborhood": "Squirrel Hill South", "tree_id": "t01499" }, "geometry": { "type": "Point", "coordinates": [ -79.94315701, 40.439860639999985 ] } },
{ "type": "Feature", "properties": { "common_name": "Sweetgum: American", "condition": "Fair", "height": 12.192, "width": 2.7432, "crown_r_m": 1.3716, "crown_h_m": 7.9248, "height_imputed": true, "width_imputed": true, "neighborhood": "Squirrel Hill South", "tree_id": "t01500" }, "geometry": { "type": "Point", "coordinates": [ -79.94312743, 40.43980447 ] } },
{ "type": "Feature", "properties": { "common_name": "Magnolia: Cucumbertree", "condition": "Poor", "height": 7.62, "width": 2.1336, "crown_r_m": 1.0668, "crown_h_m": 4.953, "height_imputed": true, "width_imputed": true, "neighborhood": "Squirrel Hill South", "tree_id": "t01501" }, "geometry": { "type": "Point", "coordinates": [ -79.94302146, 40.43990382 ] } },
{ "type": "Feature", "properties": { "common_name": "Beech: European", "condition": "Good", "height": 7.62, "width": 2.1336, "crown_r_m": 1.0668, "crown_h_m": 4.953, "height_imputed": true, "width_imputed": true, "neighborhood": "Central Oakland", "tree_id": "t01502" }, "geometry": { "type": "Point", "coordinates": [ -79.95042649, 40.44138987 ] } },
{ "type": "Feature", "properties": { "common_name": "Tuliptree", "condition": "Fair", "height": 3.9624, "width": 1.524, "crown_r_m": 1.0, "crown_h_m": 2.57556, "height_imputed": true, "width_imputed": true, "neighborhood": "Squirrel Hill South", "tree_id": "t01503" }, "geometry": { "type": "Point", "coordinates": [ -79.943079, 40.43999428 ] } },
{ "type": "Feature", "properties": { "common_name": "Tuliptree", "condition": "Fair", "height": 3.9624, "width": 1.524, "crown_r_m": 1.0, "crown_h_m": 2.57556, "height_imputed": true, "width_imputed": true, "neighborhood": "Squirrel Hill South", "tree_id": "t01504" }, "geometry": { "type": "Point", "coordinates": [ -79.94293705, 40.44006404 ] } },
{ "type": "Feature", "properties": { "common_name": "Tuliptree", "condition": "Poor", "height": 3.9624, "width": 1.524, "crown_r_m": 1.0, "crown_h_m": 2.57556, "height_imputed": true, "width_imputed": true, "neighborhood": "Squirrel Hill South", "tree_id": "t01505" }, "geometry": { "type": "Point", "coordinates": [ -79.94279441, 40.44010846 ] } },
{ "type": "Feature", "properties": { "common_name": "Cherry/Plum: spp.", "condition": "Very Good", "height": 2.8956, "width": 1.2192, "crown_r_m": 1.0, "crown_h_m": 1.88214, "height_imputed": true, "width_imputed": true, "neighborhood": "Squirrel Hill South", "tree_id": "t01506" }, "geometry": { "type": "Point", "coordinates": [ -79.94282065, 40.44002916 ] } },
{ "type": "Feature", "properties": { "common_name": "Cherry/Plum: spp.", "condition": "Very Good", "height": 2.8956, "width": 1.2192, "crown_r_m": 1.0, "crown_h_m": 1.88214, "height_imputed": true, "width_imputed": true, "neighborhood": "Squirrel Hill South", "tree_id": "t01507" }, "geometry": { "type": "Point", "coordinates": [ -79.94285912, 40.43999946 ] } },
{ "type": "Feature", "properties": { "common_name": "Cherry/Plum: spp.", "condition": "Very Good", "height": 2.8956, "width": 1.2192, "crown_r_m": 1.0, "crown_h_m": 1.88214, "height_imputed": true, "width_imputed": true, "neighborhood": "Squirrel Hill South", "tree_id": "t01508" }, "geometry": { "type": "Point", "coordinates": [ -79.94290293, 40.439947639999986 ] } },
{ "type": "Feature", "properties": { "common_name": "Cherry/Plum: spp.", "condition": "Very Good", "height": 2.8956, "width": 1.2192, "crown_r_m": 1.0, "crown_h_m": 1.88214, "height_imputed": true, "width_imputed": true, "neighborhood": "Squirrel Hill South", "tree_id": "t01509" }, "geometry": { "type": "Point", "coordinates": [ -79.94293913, 40.43989623 ] } },
{ "type": "Feature", "properties": { "common_name": "Cherry/Plum: spp.", "condition": "Very Good", "height": 2.8956, "width": 1.2192, "crown_r_m": 1.0, "crown_h_m": 1.88214, "height_imputed": true, "width_imputed": true, "neighborhood": "Squirrel Hill South", "tree_id": "t01510" }, "geometry": { "type": "Point", "coordinates": [ -79.94297734, 40.43985842 ] } },
{ "type": "Feature", "properties": { "common_name": "Cherry/Plum: spp.", "condition": "Very Good", "height": 2.8956, "width": 1.2192, "crown_r_m": 1.0, "crown_h_m": 1.88214, "height_imputed": true, "width_imputed": true, "neighborhood": "Squirrel Hill South", "tree_id": "t01511" }, "geometry": { "type": "Point", "coordinates": [ -79.94301979, 40.43981127 ] } },
{ "type": "Feature", "properties": { "common_name": "Cherry/Plum: spp.", "condition": "Very Good", "height": 2.8956, "width": 1.2192, "crown_r_m": 1.0, "crown_h_m": 1.88214, "height_imputed": true, "width_imputed": true, "neighborhood": "Squirrel Hill South", "tree_id": "t01512" }, "geometry": { "type": "Point", "coordinates": [ -79.94308242, 40.43975203 ] } },
{ "type": "Feature", "properties": { "common_name": "Mulberry: White", "condition": "Fair", "height": 9.144, "width": 3.048, "crown_r_m": 1.524, "crown_h_m": 5.9436, "height_imputed": true, "width_imputed": true, "neighborhood": "Central Oakland", "tree_id": "t01513" }, "geometry": { "type": "Point", "coordinates": [ -79.95032571, 40.44136953 ] } },
{ "type": "Feature", "properties": { "common_name": "Cherry/Plum: spp.", "condition": "Very Good", "height": 2.8956, "width": 1.2192, "crown_r_m": 1.0, "crown_h_m": 1.88214, "height_imputed": true, "width_imputed": true, "neighborhood": "Squirrel Hill South", "tree_id": "t01514" }, "geometry": { "type": "Point", "coordinates": [ -79.94312062, 40.43971422 ] } },
{ "type": "Feature", "properties": { "common_name": "Cherry/Plum: spp.", "condition": "Very Good", "height": 2.8956, "width": 1.2192, "crown_r_m": 1.0, "crown_h_m": 1.88214, "height_imputed": true, "width_imputed": true, "neighborhood": "Squirrel Hill South", "tree_id": "t01515" }, "geometry": { "type": "Point", "coordinates": [ -79.94314984, 40.43968006 ] } },
{ "type": "Feature", "properties": { "common_name": "Cherry/Plum: spp.", "condition": "Very Good", "height": 2.8956, "width": 1.2192, "crown_r_m": 1.0, "crown_h_m": 1.88214, "height_imputed": true, "width_imputed": true, "neighborhood": "Squirrel Hill South", "tree_id": "t01516" }, "geometry": { "type": "Point", "coordinates": [ -79.94319385, 40.43963403 ] } },
{ "type": "Feature", "properties": { "common_name": "Sweetgum: American", "condition": "Good", "height": 12.192, "width": 2.7432, "crown_r_m": 1.3716, "crown_h_m": 7.9248, "height_imputed": true, "width_imputed": true, "neighborhood": "Squirrel Hill South", "tree_id": "t01517" }, "geometry": { "type": "Point", "coordinates": [ -79.94305966, 40.43965859 ] } },
{ "type": "Feature", "properties": { "common_name": "Sweetgum: American", "condition": "Good", "height": 12.192, "width": 2.7432, "crown_r_m": 1.3716, "crown_h_m": 7.9248, "height_imputed": true, "width_imputed": true, "neighborhood": "Squirrel Hill South", "tree_id": "t01518" }, "geometry": { "type": "Point", "coordinates": [ -79.94299577, 40.43969921 ] } },
{ "type": "Feature", "properties": { "common_name": "Sweetgum: American", "condition": "Fair", "height": 12.192, "width": 2.7432, "crown_r_m": 1.3716, "crown_h_m": 7.9248, "height_imputed": true, "width_imputed": true, "neighborhood": "Squirrel Hill South", "tree_id": "t01519" }, "geometry": { "type": "Point", "coordinates": [ -79.94296428, 40.43966388 ] } },
{ "type": "Feature", "properties": { "common_name": "Maple: Silver", "condition": "Fair", "height": 12.192, "width": 3.3528, "crown_r_m": 1.6764, "crown_h_m": 7.9248, "height_imputed": true, "width_imputed": true, "neighborhood": "Squirrel Hill South", "tree_id": "t01520" }, "geometry": { "type": "Point", "coordinates": [ -79.94287399, 40.43963894 ] } },
{ "type": "Feature", "properties": { "common_name": "Sweetgum: American", "condition": "Fair", "height": 12.192, "width": 2.7432, "crown_r_m": 1.3716, "crown_h_m": 7.9248, "height_imputed": true, "width_imputed": true, "neighborhood": "Squirrel Hill South", "tree_id": "t01521" }, "geometry": { "type": "Point", "coordinates": [ -79.94283371, 40.43965941 ] } },
{ "type": "Feature", "properties": { "common_name": "Magnolia: spp.", "condition": "Good", "height": 7.62, "width": 2.1336, "crown_r_m": 1.0668, "crown_h_m": 4.953, "height_imputed": true, "width_imputed": true, "neighborhood": "Squirrel Hill South", "tree_id": "t01522" }, "geometry": { "type": "Point", "coordinates": [ -79.94286486, 40.43982453 ] } },
{ "type": "Feature", "properties": { "common_name": "Magnolia: spp.", "condition": "Good", "height": 7.62, "width": 2.1336, "crown_r_m": 1.0668, "crown_h_m": 4.953, "height_imputed": true, "width_imputed": true, "neighborhood": "Squirrel Hill South", "tree_id": "t01523" }, "geometry": { "type": "Point", "coordinates": [ -79.94279013, 40.43981204 ] } },
{ "type": "Feature", "properties": { "common_name": "Maple: Silver", "condition": "Critical", "height": 12.192, "width": 3.3528, "crown_r_m": 1.6764, "crown_h_m": 7.9248, "height_imputed": true, "width_imputed": true, "neighborhood": "Central Oakland", "tree_id": "t01524" }, "geometry": { "type": "Point", "coordinates": [ -79.95055367, 40.44135145 ] } },
{ "type": "Feature", "properties": { "common_name": "Magnolia: spp.", "condition": "Fair", "height": 7.62, "width": 2.1336, "crown_r_m": 1.0668, "crown_h_m": 4.953, "height_imputed": true, "width_imputed": true, "neighborhood": "Squirrel Hill South", "tree_id": "t01525" }, "geometry": { "type": "Point", "coordinates": [ -79.94278759, 40.43994996 ] } },
{ "type": "Feature", "properties": { "common_name": "Oak: English", "condition": "Poor", "height": 7.62, "width": 2.1336, "crown_r_m": 1.0668, "crown_h_m": 4.953, "height_imputed": true, "width_imputed": true, "neighborhood": "Squirrel Hill South", "tree_id": "t01526" }, "geometry": { "type": "Point", "coordinates": [ -79.94257534, 40.43999918 ] } },
{ "type": "Feature", "properties": { "common_name": "Magnolia: spp.", "condition": "Good", "height": 7.62, "width": 2.1336, "crown_r_m": 1.0668, "crown_h_m": 4.953, "height_imputed": true, "width_imputed": true, "neighborhood": "Squirrel Hill South", "tree_id": "t01527" }, "geometry": { "type": "Point", "coordinates": [ -79.94247557, 40.440009179999983 ] } },
{ "type": "Feature", "properties": { "common_name": "Tuliptree", "condition": "Fair", "height": 3.9624, "width": 1.524, "crown_r_m": 1.0, "crown_h_m": 2.57556, "height_imputed": true, "width_imputed": true, "neighborhood": "Squirrel Hill South", "tree_id": "t01528" }, "geometry": { "type": "Point", "coordinates": [ -79.94257391, 40.44010612 ] } },
{ "type": "Feature", "properties": { "common_name": "Tuliptree", "condition": "Very Good", "height": 3.9624, "width": 1.524, "crown_r_m": 1.0, "crown_h_m": 2.57556, "height_imputed": true, "width_imputed": true, "neighborhood": "Squirrel Hill South", "tree_id": "t01529" }, "geometry": { "type": "Point", "coordinates": [ -79.94244337, 40.4401028 ] } },
{ "type": "Feature", "properties": { "common_name": "Tuliptree", "condition": "Fair", "height": 3.9624, "width": 1.524, "crown_r_m": 1.0, "crown_h_m": 2.57556, "height_imputed": true, "width_imputed": true, "neighborhood": "Squirrel Hill South", "tree_id": "t01530" }, "geometry": { "type": "Point", "coordinates": [ -79.94231806, 40.44007389 ] } },
{ "type": "Feature", "properties": { "common_name": "Cherry/Plum: spp.", "condition": "Poor", "height": 2.8956, "width": 1.2192, "crown_r_m": 1.0, "crown_h_m": 1.88214, "height_imputed": true, "width_imputed": true, "neighborhood": "Squirrel Hill South", "tree_id": "t01531" }, "geometry": { "type": "Point", "coordinates": [ -79.94228906, 40.43997479 ] } },
{ "type": "Feature", "properties": { "common_name": "Magnolia: spp.", "condition": "Good", "height": 7.62, "width": 2.1336, "crown_r_m": 1.0668, "crown_h_m": 4.953, "height_imputed": true, "width_imputed": true, "neighborhood": "Squirrel Hill South", "tree_id": "t01532" }, "geometry": { "type": "Point", "coordinates": [ -79.94222426, 40.4399876 ] } },
{ "type": "Feature", "properties": { "common_name": "Tuliptree", "condition": "Good", "height": 3.9624, "width": 1.524, "crown_r_m": 1.0, "crown_h_m": 2.57556, "height_imputed": true, "width_imputed": true, "neighborhood": "Squirrel Hill South", "tree_id": "t01533" }, "geometry": { "type": "Point", "coordinates": [ -79.94217733, 40.44003716 ] } },
{ "type": "Feature", "properties": { "common_name": "Elm: spp.", "condition": "Critical", "height": 4.2672, "width": 1.8288, "crown_r_m": 1.0, "crown_h_m": 2.77368, "height_imputed": true, "width_imputed": true, "neighborhood": "Central Oakland", "tree_id": "t01534" }, "geometry": { "type": "Point", "coordinates": [ -79.95063208, 40.44139312 ] } },
{ "type": "Feature", "properties": { "common_name": "Cherry/Plum: spp.", "condition": "Good", "height": 2.8956, "width": 1.2192, "crown_r_m": 1.0, "crown_h_m": 1.88214, "height_imputed": true, "width_imputed": true, "neighborhood": "Squirrel Hill South", "tree_id": "t01535" }, "geometry": { "type": "Point", "coordinates": [ -79.94199475, 40.43994245 ] } },
{ "type": "Feature", "properties": { "common_name": "Tuliptree", "condition": "Fair", "height": 3.9624, "width": 1.524, "crown_r_m": 1.0, "crown_h_m": 2.57556, "height_imputed": true, "width_imputed": true, "neighborhood": "Squirrel Hill South", "tree_id": "t01536" }, "geometry": { "type": "Point", "coordinates": [ -79.94193254, 40.43989496 ] } },
{ "type": "Feature", "properties": { "common_name": "Tuliptree", "condition": "Poor", "height": 3.9624, "width": 1.524, "crown_r_m": 1.0, "crown_h_m": 2.57556, "height_imputed": true, "width_imputed": true, "neighborhood": "Squirrel Hill South", "tree_id": "t01537" }, "geometry": { "type": "Point", "coordinates": [ -79.941838190000013, 40.43988516 ] } },
{ "type": "Feature", "properties": { "common_name": "Tuliptree", "condition": "Poor", "height": 3.9624, "width": 1.524, "crown_r_m": 1.0, "crown_h_m": 2.57556, "height_imputed": true, "width_imputed": true, "neighborhood": "Squirrel Hill South", "tree_id": "t01538" }, "geometry": { "type": "Point", "coordinates": [ -79.94180141, 40.43982676 ] } },
{ "type": "Feature", "properties": { "common_name": "Tuliptree", "condition": "Fair", "height": 3.9624, "width": 1.524, "crown_r_m": 1.0, "crown_h_m": 2.57556, "height_imputed": true, "width_imputed": true, "neighborhood": "Squirrel Hill South", "tree_id": "t01539" }, "geometry": { "type": "Point", "coordinates": [ -79.94180031, 40.43979318 ] } },
{ "type": "Feature", "properties": { "common_name": "Tuliptree", "condition": "Poor", "height": 3.9624, "width": 1.524, "crown_r_m": 1.0, "crown_h_m": 2.57556, "height_imputed": true, "width_imputed": true, "neighborhood": "Squirrel Hill South", "tree_id": "t01540" }, "geometry": { "type": "Point", "coordinates": [ -79.94166504, 40.43978415 ] } },
{ "type": "Feature", "properties": { "common_name": "Magnolia: Cucumbertree", "condition": "Good", "height": 7.62, "width": 2.1336, "crown_r_m": 1.0668, "crown_h_m": 4.953, "height_imputed": true, "width_imputed": true, "neighborhood": "Squirrel Hill South", "tree_id": "t01541" }, "geometry": { "type": "Point", "coordinates": [ -79.94195076, 40.43974375 ] } },
{ "type": "Feature", "properties": { "common_name": "Tuliptree", "condition": "Good", "height": 3.9624, "width": 1.524, "crown_r_m": 1.0, "crown_h_m": 2.57556, "height_imputed": true, "width_imputed": true, "neighborhood": "Squirrel Hill South", "tree_id": "t01542" }, "geometry": { "type": "Point", "coordinates": [ -79.94197873, 40.43971772 ] } },
{ "type": "Feature", "properties": { "common_name": "Magnolia: Umbrella", "condition": "Fair", "height": 7.62, "width": 2.1336, "crown_r_m": 1.0668, "crown_h_m": 4.953, "height_imputed": true, "width_imputed": true, "neighborhood": "Squirrel Hill South", "tree_id": "t01543" }, "geometry": { "type": "Point", "coordinates": [ -79.94201503, 40.43971471 ] } },
{ "type": "Feature", "properties": { "common_name": "Magnolia: Cucumbertree", "condition": "Fair", "height": 7.62, "width": 2.1336, "crown_r_m": 1.0668, "crown_h_m": 4.953, "height_imputed": true, "width_imputed": true, "neighborhood": "Squirrel Hill South", "tree_id": "t01544" }, "geometry": { "type": "Point", "coordinates": [ -79.94204478, 40.43969677 ] } },
{ "type": "Feature", "properties": { "common_name": "Elm: spp.", "condition": "Critical", "height": 4.2672, "width": 1.8288, "crown_r_m": 1.0, "crown_h_m": 2.77368, "height_imputed": true, "width_imputed": true, "neighborhood": "Central Oakland", "tree_id": "t01545" }, "geometry": { "type": "Point", "coordinates": [ -79.95068777, 40.44136852 ] } },
{ "type": "Feature", "properties": { "common_name": "Magnolia: Umbrella", "condition": "Good", "height": 7.62, "width": 2.1336, "crown_r_m": 1.0668, "crown_h_m": 4.953, "height_imputed": true, "width_imputed": true, "neighborhood": "Squirrel Hill South", "tree_id": "t01546" }, "geometry": { "type": "Point", "coordinates": [ -79.94204839, 40.43966773 ] } },
{ "type": "Feature", "properties": { "common_name": "Magnolia: Umbrella", "condition": "Good", "height": 7.62, "width": 2.1336, "crown_r_m": 1.0668, "crown_h_m": 4.953, "height_imputed": true, "width_imputed": true, "neighborhood": "Squirrel Hill South", "tree_id": "t01547" }, "geometry": { "type": "Point", "coordinates": [ -79.94216156, 40.43974322 ] } },
{ "type": "Feature", "properties": { "common_name": "Magnolia: Cucumbertree", "condition": "Poor", "height": 7.62, "width": 2.1336, "crown_r_m": 1.0668, "crown_h_m": 4.953, "height_imputed": true, "width_imputed": true, "neighborhood": "Squirrel Hill South", "tree_id": "t01548" }, "geometry": { "type": "Point", "coordinates": [ -79.94225325, 40.43980924000001 ] } },
{ "type": "Feature", "properties": { "common_name": "Magnolia: spp.", "condition": "Fair", "height": 7.62, "width": 2.1336, "crown_r_m": 1.0668, "crown_h_m": 4.953, "height_imputed": true, "width_imputed": true, "neighborhood": "Squirrel Hill South", "tree_id": "t01549" }, "geometry": { "type": "Point", "coordinates": [ -79.94241676, 40.43980034 ] } },
{ "type": "Feature", "properties": { "common_name": "Tuliptree", "condition": "Fair", "height": 3.9624, "width": 1.524, "crown_r_m": 1.0, "crown_h_m": 2.57556, "height_imputed": true, "width_imputed": true, "neighborhood": "Squirrel Hill South", "tree_id": "t01550" }, "geometry": { "type": "Point", "coordinates": [ -79.94246016, 40.43959557 ] } },
{ "type": "Feature", "properties": { "common_name": "Sycamore: American", "condition": "Good", "height": 7.62, "width": 2.1336, "crown_r_m": 1.0668, "crown_h_m": 4.953, "height_imputed": true, "width_imputed": true, "neighborhood": "Squirrel Hill South", "tree_id": "t01551" }, "geometry": { "type": "Point", "coordinates": [ -79.942547070000018, 40.43965649 ] } },
{ "type": "Feature", "properties": { "common_name": "Sweetgum: American", "condition": "Fair", "height": 12.192, "width": 2.7432, "crown_r_m": 1.3716, "crown_h_m": 7.9248, "height_imputed": true, "width_imputed": true, "neighborhood": "Squirrel Hill South", "tree_id": "t01552" }, "geometry": { "type": "Point", "coordinates": [ -79.94263259, 40.43967457 ] } },
{ "type": "Feature", "properties": { "common_name": "Sweetgum: American", "condition": "Fair", "height": 12.192, "width": 2.7432, "crown_r_m": 1.3716, "crown_h_m": 7.9248, "height_imputed": true, "width_imputed": true, "neighborhood": "Squirrel Hill South", "tree_id": "t01553" }, "geometry": { "type": "Point", "coordinates": [ -79.94268382, 40.43971068 ] } },
{ "type": "Feature", "properties": { "common_name": "Sweetgum: American", "condition": "Good", "height": 12.192, "width": 2.7432, "crown_r_m": 1.3716, "crown_h_m": 7.9248, "height_imputed": true, "width_imputed": true, "neighborhood": "Squirrel Hill South", "tree_id": "t01554" }, "geometry": { "type": "Point", "coordinates": [ -79.94267456, 40.43975257 ] } },
{ "type": "Feature", "properties": { "common_name": "Sweetgum: American", "condition": "Good", "height": 12.192, "width": 2.7432, "crown_r_m": 1.3716, "crown_h_m": 7.9248, "height_imputed": true, "width_imputed": true, "neighborhood": "Squirrel Hill South", "tree_id": "t01555" }, "geometry": { "type": "Point", "coordinates": [ -79.94263155, 40.43978236 ] } },
{ "type": "Feature", "properties": { "common_name": "Oak: Pin", "condition": "Poor", "height": 16.764, "width": 4.572, "crown_r_m": 2.286, "crown_h_m": 10.8966, "height_imputed": true, "width_imputed": true, "neighborhood": "Central Oakland", "tree_id": "t01556" }, "geometry": { "type": "Point", "coordinates": [ -79.95082599, 40.44119715 ] } },
{ "type": "Feature", "properties": { "common_name": "Crabapple: Flowering", "condition": "Good", "height": 3.048, "width": 1.2192, "crown_r_m": 1.0, "crown_h_m": 1.9812, "height_imputed": true, "width_imputed": true, "neighborhood": "Squirrel Hill South", "tree_id": "t01557" }, "geometry": { "type": "Point", "coordinates": [ -79.94385815, 40.43867045 ] } },
{ "type": "Feature", "properties": { "common_name": "Ash: Green", "condition": "Poor", "height": 5.334, "width": 2.286, "crown_r_m": 1.143, "crown_h_m": 3.4671, "height_imputed": true, "width_imputed": true, "neighborhood": "Squirrel Hill South", "tree_id": "t01558" }, "geometry": { "type": "Point", "coordinates": [ -79.94388301, 40.43864217 ] } },
{ "type": "Feature", "properties": { "common_name": "Oak: Scarlet", "condition": "Poor", "height": 7.62, "width": 2.1336, "crown_r_m": 1.0668, "crown_h_m": 4.953, "height_imputed": true, "width_imputed": true, "neighborhood": "Squirrel Hill South", "tree_id": "t01559" }, "geometry": { "type": "Point", "coordinates": [ -79.94390606, 40.43860465 ] } },
{ "type": "Feature", "properties": { "common_name": "Oak: Scarlet", "condition": "Fair", "height": 7.62, "width": 2.1336, "crown_r_m": 1.0668, "crown_h_m": 4.953, "height_imputed": true, "width_imputed": true, "neighborhood": "Squirrel Hill South", "tree_id": "t01560" }, "geometry": { "type": "Point", "coordinates": [ -79.94398827, 40.43847446 ] } },
{ "type": "Feature", "properties": { "common_name": "Oak: White", "condition": "Fair", "height": 7.62, "width": 2.1336, "crown_r_m": 1.0668, "crown_h_m": 4.953, "height_imputed": true, "width_imputed": true, "neighborhood": "Squirrel Hill South", "tree_id": "t01561" }, "geometry": { "type": "Point", "coordinates": [ -79.94411725, 40.43834215 ] } },
{ "type": "Feature", "properties": { "common_name": "Oak: Pin", "condition": "Fair", "height": 16.764, "width": 4.572, "crown_r_m": 2.286, "crown_h_m": 10.8966, "height_imputed": true, "width_imputed": true, "neighborhood": "Squirrel Hill South", "tree_id": "t01562" }, "geometry": { "type": "Point", "coordinates": [ -79.94411122, 40.4382032 ] } },
{ "type": "Feature", "properties": { "common_name": "Oak: White", "condition": "Good", "height": 7.62, "width": 2.1336, "crown_r_m": 1.0668, "crown_h_m": 4.953, "height_imputed": true, "width_imputed": true, "neighborhood": "Squirrel Hill South", "tree_id": "t01563" }, "geometry": { "type": "Point", "coordinates": [ -79.94429275, 40.43823568 ] } },
{ "type": "Feature", "properties": { "common_name": "Crabapple: Flowering", "condition": "Fair", "height": 3.048, "width": 1.2192, "crown_r_m": 1.0, "crown_h_m": 1.9812, "height_imputed": true, "width_imputed": true, "neighborhood": "Central Oakland", "tree_id": "t01564" }, "geometry": { "type": "Point", "coordinates": [ -79.95063653, 40.44167674 ] } },
{ "type": "Feature", "properties": { "common_name": "Oak: Pin", "condition": "Fair", "height": 16.764, "width": 4.572, "crown_r_m": 2.286, "crown_h_m": 10.8966, "height_imputed": true, "width_imputed": true, "neighborhood": "Squirrel Hill South", "tree_id": "t01565" }, "geometry": { "type": "Point", "coordinates": [ -79.94445889, 40.43812128 ] } },
{ "type": "Feature", "properties": { "common_name": "Oak: White", "condition": "Good", "height": 7.62, "width": 2.1336, "crown_r_m": 1.0668, "crown_h_m": 4.953, "height_imputed": true, "width_imputed": true, "neighborhood": "Squirrel Hill South", "tree_id": "t01566" }, "geometry": { "type": "Point", "coordinates": [ -79.94444292, 40.43823631 ] } },
{ "type": "Feature", "properties": { "common_name": "Maple: Sugar", "condition": "Poor", "height": 9.4488, "width": 2.4384, "crown_r_m": 1.2192, "crown_h_m": 6.14172, "height_imputed": true, "width_imputed": true, "neighborhood": "Squirrel Hill South", "tree_id": "t01567" }, "geometry": { "type": "Point", "coordinates": [ -79.94437698, 40.43826073 ] } },
{ "type": "Feature", "properties": { "common_name": "Oak: White", "condition": "Good", "height": 7.62, "width": 2.1336, "crown_r_m": 1.0668, "crown_h_m": 4.953, "height_imputed": true, "width_imputed": true, "neighborhood": "Squirrel Hill South", "tree_id": "t01568" }, "geometry": { "type": "Point", "coordinates": [ -79.94429022, 40.438297729999988 ] } },
{ "type": "Feature", "properties": { "common_name": "Sassafras", "condition": "Poor", "height": 7.62, "width": 2.1336, "crown_r_m": 1.0668, "crown_h_m": 4.953, "height_imputed": true, "width_imputed": true, "neighborhood": "Squirrel Hill South", "tree_id": "t01569" }, "geometry": { "type": "Point", "coordinates": [ -79.94425125, 40.43840508 ] } },
{ "type": "Feature", "properties": { "common_name": "Oak: Black", "condition": "Fair", "height": 7.62, "width": 2.1336, "crown_r_m": 1.0668, "crown_h_m": 4.953, "height_imputed": true, "width_imputed": true, "neighborhood": "Squirrel Hill South", "tree_id": "t01570" }, "geometry": { "type": "Point", "coordinates": [ -79.94431135, 40.43838771 ] } },
{ "type": "Feature", "properties": { "common_name": "Hophornbeam: American", "condition": "Good", "height": 7.62, "width": 2.1336, "crown_r_m": 1.0668, "crown_h_m": 4.953, "height_imputed": true, "width_imputed": true, "neighborhood": "Squirrel Hill South", "tree_id": "t01571" }, "geometry": { "type": "Point", "coordinates": [ -79.94447817, 40.43829416 ] } },
{ "type": "Feature", "properties": { "common_name": "Oak: Pin", "condition": "Fair", "height": 16.764, "width": 4.572, "crown_r_m": 2.286, "crown_h_m": 10.8966, "height_imputed": true, "width_imputed": true, "neighborhood": "Squirrel Hill South", "tree_id": "t01572" }, "geometry": { "type": "Point", "coordinates": [ -79.94463007, 40.43792121 ] } },
{ "type": "Feature", "properties": { "common_name": "Dogwood: Corneliancherry", "condition": "Good", "height": 2.4384, "width": 1.2192, "crown_r_m": 1.0, "crown_h_m": 1.58496, "height_imputed": true, "width_imputed": true, "neighborhood": "Central Oakland", "tree_id": "t01573" }, "geometry": { "type": "Point", "coordinates": [ -79.95068156, 40.44179754 ] } },
{ "type": "Feature", "properties": { "common_name": "Oak: Pin", "condition": "Fair", "height": 16.764, "width": 4.572, "crown_r_m": 2.286, "crown_h_m": 10.8966, "height_imputed": true, "width_imputed": true, "neighborhood": "Squirrel Hill South", "tree_id": "t01574" }, "geometry": { "type": "Point", "coordinates": [ -79.9447887, 40.43785562 ] } },
{ "type": "Feature", "properties": { "common_name": "Locust: Black", "condition": "Poor", "height": 13.716, "width": 4.572, "crown_r_m": 2.286, "crown_h_m": 8.9154, "height_imputed": true, "width_imputed": true, "neighborhood": "Squirrel Hill South", "tree_id": "t01575" }, "geometry": { "type": "Point", "coordinates": [ -79.94478795, 40.43783246 ] } },
{ "type": "Feature", "properties": { "common_name": "Maple: Sugar", "condition": "Poor", "height": 9.4488, "width": 2.4384, "crown_r_m": 1.2192, "crown_h_m": 6.14172, "height_imputed": true, "width_imputed": true, "neighborhood": "Squirrel Hill South", "tree_id": "t01576" }, "geometry": { "type": "Point", "coordinates": [ -79.94472679, 40.4378174 ] } },
{ "type": "Feature", "properties": { "common_name": "Oak: White", "condition": "Good", "height": 7.62, "width": 2.1336, "crown_r_m": 1.0668, "crown_h_m": 4.953, "height_imputed": true, "width_imputed": true, "neighborhood": "Squirrel Hill South", "tree_id": "t01577" }, "geometry": { "type": "Point", "coordinates": [ -79.94488606, 40.4377715 ] } },
{ "type": "Feature", "properties": { "common_name": "Locust: Black", "condition": "Poor", "height": 13.716, "width": 4.572, "crown_r_m": 2.286, "crown_h_m": 8.9154, "height_imputed": true, "width_imputed": true, "neighborhood": "Squirrel Hill South", "tree_id": "t01578" }, "geometry": { "type": "Point", "coordinates": [ -79.94490169, 40.43762458 ] } },
{ "type": "Feature", "properties": { "common_name": "Viburnum: Blackhaw", "condition": "Poor", "height": 7.62, "width": 2.1336, "crown_r_m": 1.0668, "crown_h_m": 4.953, "height_imputed": true, "width_imputed": true, "neighborhood": "Squirrel Hill South", "tree_id": "t01579" }, "geometry": { "type": "Point", "coordinates": [ -79.94476899, 40.43790235 ] } },
{ "type": "Feature", "properties": { "common_name": "Coffeetree: Kentucky", "condition": "Fair", "height": 7.62, "width": 2.1336, "crown_r_m": 1.0668, "crown_h_m": 4.953, "height_imputed": true, "width_imputed": true, "neighborhood": "Squirrel Hill South", "tree_id": "t01580" }, "geometry": { "type": "Point", "coordinates": [ -79.944296, 40.438195639999989 ] } },
{ "type": "Feature", "properties": { "common_name": "Locust: Black", "condition": "Poor", "height": 13.716, "width": 4.572, "crown_r_m": 2.286, "crown_h_m": 8.9154, "height_imputed": true, "width_imputed": true, "neighborhood": "Squirrel Hill South", "tree_id": "t01581" }, "geometry": { "type": "Point", "coordinates": [ -79.945058660000015, 40.4376946 ] } },
{ "type": "Feature", "properties": { "common_name": "Oak: Pin", "condition": "Fair", "height": 16.764, "width": 4.572, "crown_r_m": 2.286, "crown_h_m": 10.8966, "height_imputed": true, "width_imputed": true, "neighborhood": "Squirrel Hill South", "tree_id": "t01582" }, "geometry": { "type": "Point", "coordinates": [ -79.94516027, 40.43760112 ] } },
{ "type": "Feature", "properties": { "common_name": "Oak: Pin", "condition": "Poor", "height": 16.764, "width": 4.572, "crown_r_m": 2.286, "crown_h_m": 10.8966, "height_imputed": true, "width_imputed": true, "neighborhood": "Squirrel Hill South", "tree_id": "t01583" }, "geometry": { "type": "Point", "coordinates": [ -79.94508964, 40.43757465 ] } },
{ "type": "Feature", "properties": { "common_name": "Elm: spp.", "condition": "Good", "height": 4.2672, "width": 1.8288, "crown_r_m": 1.0, "crown_h_m": 2.77368, "height_imputed": true, "width_imputed": true, "neighborhood": "Central Oakland", "tree_id": "t01584" }, "geometry": { "type": "Point", "coordinates": [ -79.95081365, 40.44191078 ] } },
{ "type": "Feature", "properties": { "common_name": "Oak: White", "condition": "Good", "height": 7.62, "width": 2.1336, "crown_r_m": 1.0668, "crown_h_m": 4.953, "height_imputed": true, "width_imputed": true, "neighborhood": "Squirrel Hill South", "tree_id": "t01585" }, "geometry": { "type": "Point", "coordinates": [ -79.94515342, 40.43753056 ] } },
{ "type": "Feature", "properties": { "common_name": "Oak: Pin", "condition": "Poor", "height": 16.764, "width": 4.572, "crown_r_m": 2.286, "crown_h_m": 10.8966, "height_imputed": true, "width_imputed": true, "neighborhood": "Squirrel Hill South", "tree_id": "t01586" }, "geometry": { "type": "Point", "coordinates": [ -79.94494156, 40.43747884 ] } },
{ "type": "Feature", "properties": { "common_name": "Oak: Northern Red", "condition": "Fair", "height": 15.24, "width": 3.6576, "crown_r_m": 1.8288, "crown_h_m": 9.906, "height_imputed": true, "width_imputed": true, "neighborhood": "Squirrel Hill South", "tree_id": "t01587" }, "geometry": { "type": "Point", "coordinates": [ -79.94402856, 40.436376869999989 ] } },
{ "type": "Feature", "properties": { "common_name": "Ash: Green", "condition": "Poor", "height": 5.334, "width": 2.286, "crown_r_m": 1.143, "crown_h_m": 3.4671, "height_imputed": true, "width_imputed": true, "neighborhood": "Squirrel Hill South", "tree_id": "t01588" }, "geometry": { "type": "Point", "coordinates": [ -79.94307718, 40.43633512 ] } },
{ "type": "Feature", "properties": { "common_name": "Oak: Northern Red", "condition": "Good", "height": 15.24, "width": 3.6576, "crown_r_m": 1.8288, "crown_h_m": 9.906, "height_imputed": true, "width_imputed": true, "neighborhood": "Squirrel Hill South", "tree_id": "t01589" }, "geometry": { "type": "Point", "coordinates": [ -79.94204784, 40.43695493 ] } },
{ "type": "Feature", "properties": { "common_name": "Oak: Northern Red", "condition": "Fair", "height": 15.24, "width": 3.6576, "crown_r_m": 1.8288, "crown_h_m": 9.906, "height_imputed": true, "width_imputed": true, "neighborhood": "Squirrel Hill South", "tree_id": "t01590" }, "geometry": { "type": "Point", "coordinates": [ -79.94199015, 40.43704641 ] } },
{ "type": "Feature", "properties": { "common_name": "Elm: spp.", "condition": "Fair", "height": 4.2672, "width": 1.8288, "crown_r_m": 1.0, "crown_h_m": 2.77368, "height_imputed": true, "width_imputed": true, "neighborhood": "Central Oakland", "tree_id": "t01591" }, "geometry": { "type": "Point", "coordinates": [ -79.95093081, 40.44192927 ] } },
{ "type": "Feature", "properties": { "common_name": "Oak: Northern Red", "condition": "Good", "height": 15.24, "width": 3.6576, "crown_r_m": 1.8288, "crown_h_m": 9.906, "height_imputed": true, "width_imputed": true, "neighborhood": "Squirrel Hill South", "tree_id": "t01592" }, "geometry": { "type": "Point", "coordinates": [ -79.94192276, 40.437119529999983 ] } },
{ "type": "Feature", "properties": { "common_name": "Oak: Northern Red", "condition": "Poor", "height": 15.24, "width": 3.6576, "crown_r_m": 1.8288, "crown_h_m": 9.906, "height_imputed": true, "width_imputed": true, "neighborhood": "Squirrel Hill South", "tree_id": "t01593" }, "geometry": { "type": "Point", "coordinates": [ -79.94187364, 40.437194629999986 ] } },
{ "type": "Feature", "properties": { "common_name": "Maple: Norway", "condition": "Poor", "height": 9.6012, "width": 2.4384, "crown_r_m": 1.2192, "crown_h_m": 6.24078, "height_imputed": true, "width_imputed": true, "neighborhood": "Squirrel Hill South", "tree_id": "t01594" }, "geometry": { "type": "Point", "coordinates": [ -79.94182664, 40.43724187 ] } },
{ "type": "Feature", "properties": { "common_name": "Maple: Norway", "condition": "Fair", "height": 9.6012, "width": 2.4384, "crown_r_m": 1.2192, "crown_h_m": 6.24078, "height_imputed": true, "width_imputed": true, "neighborhood": "Squirrel Hill South", "tree_id": "t01595" }, "geometry": { "type": "Point", "coordinates": [ -79.94152535, 40.43751573 ] } },
{ "type": "Feature", "properties": { "common_name": "Locust: Black", "condition": "Fair", "height": 13.716, "width": 4.572, "crown_r_m": 2.286, "crown_h_m": 8.9154, "height_imputed": true, "width_imputed": true, "neighborhood": "Squirrel Hill South", "tree_id": "t01596" }, "geometry": { "type": "Point", "coordinates": [ -79.94142697, 40.43756859 ] } },
{ "type": "Feature", "properties": { "common_name": "Hophornbeam: American", "condition": "Fair", "height": 7.62, "width": 2.1336, "crown_r_m": 1.0668, "crown_h_m": 4.953, "height_imputed": true, "width_imputed": true, "neighborhood": "Squirrel Hill South", "tree_id": "t01597" }, "geometry": { "type": "Point", "coordinates": [ -79.94140357, 40.43750182 ] } },
{ "type": "Feature", "properties": { "common_name": "Oak: Pin", "condition": "Fair", "height": 16.764, "width": 4.572, "crown_r_m": 2.286, "crown_h_m": 10.8966, "height_imputed": true, "width_imputed": true, "neighborhood": "Squirrel Hill South", "tree_id": "t01598" }, "geometry": { "type": "Point", "coordinates": [ -79.94163265, 40.437618059999984 ] } },
{ "type": "Feature", "properties": { "common_name": "Oak: Pin", "condition": "Fair", "height": 16.764, "width": 4.572, "crown_r_m": 2.286, "crown_h_m": 10.8966, "height_imputed": true, "width_imputed": true, "neighborhood": "Squirrel Hill South", "tree_id": "t01599" }, "geometry": { "type": "Point", "coordinates": [ -79.94167256, 40.43758601 ] } },
{ "type": "Feature", "properties": { "common_name": "Oak: Pin", "condition": "Fair", "height": 16.764, "width": 4.572, "crown_r_m": 2.286, "crown_h_m": 10.8966, "height_imputed": true, "width_imputed": true, "neighborhood": "Squirrel Hill South", "tree_id": "t01600" }, "geometry": { "type": "Point", "coordinates": [ -79.94173742, 40.43753946 ] } },
{ "type": "Feature", "properties": { "common_name": "Oak: Pin", "condition": "Fair", "height": 16.764, "width": 4.572, "crown_r_m": 2.286, "crown_h_m": 10.8966, "height_imputed": true, "width_imputed": true, "neighborhood": "Squirrel Hill South", "tree_id": "t01601" }, "geometry": { "type": "Point", "coordinates": [ -79.94178287, 40.43750407 ] } },
{ "type": "Feature", "properties": { "common_name": "Birch: Paper", "condition": "Fair", "height": 7.62, "width": 2.1336, "crown_r_m": 1.0668, "crown_h_m": 4.953, "height_imputed": true, "width_imputed": true, "neighborhood": "Central Oakland", "tree_id": "t01602" }, "geometry": { "type": "Point", "coordinates": [ -79.95090278, 40.44185721 ] } },
{ "type": "Feature", "properties": { "common_name": "Oak: Pin", "condition": "Fair", "height": 16.764, "width": 4.572, "crown_r_m": 2.286, "crown_h_m": 10.8966, "height_imputed": true, "width_imputed": true, "neighborhood": "Squirrel Hill South", "tree_id": "t01603" }, "geometry": { "type": "Point", "coordinates": [ -79.94224515, 40.43699788 ] } },
{ "type": "Feature", "properties": { "common_name": "Ash: White", "condition": "Poor", "height": 7.62, "width": 2.1336, "crown_r_m": 1.0668, "crown_h_m": 4.953, "height_imputed": true, "width_imputed": true, "neighborhood": "Squirrel Hill South", "tree_id": "t01604" }, "geometry": { "type": "Point", "coordinates": [ -79.94413178, 40.43668865 ] } },
{ "type": "Feature", "properties": { "common_name": "Oak: White", "condition": "Good", "height": 7.62, "width": 2.1336, "crown_r_m": 1.0668, "crown_h_m": 4.953, "height_imputed": true, "width_imputed": true, "neighborhood": "Squirrel Hill South", "tree_id": "t01605" }, "geometry": { "type": "Point", "coordinates": [ -79.94428029, 40.43682495 ] } },
{ "type": "Feature", "properties": { "common_name": "Oak: Black", "condition": "Poor", "height": 7.62, "width": 2.1336, "crown_r_m": 1.0668, "crown_h_m": 4.953, "height_imputed": true, "width_imputed": true, "neighborhood": "Squirrel Hill South", "tree_id": "t01606" }, "geometry": { "type": "Point", "coordinates": [ -79.94473107, 40.43744522 ] } },
{ "type": "Feature", "properties": { "common_name": "Locust: Black", "condition": "Good", "height": 13.716, "width": 4.572, "crown_r_m": 2.286, "crown_h_m": 8.9154, "height_imputed": true, "width_imputed": true, "neighborhood": "Squirrel Hill South", "tree_id": "t01607" }, "geometry": { "type": "Point", "coordinates": [ -79.94473342, 40.43751747000001 ] } },
{ "type": "Feature", "properties": { "common_name": "Redcedar: Eastern", "condition": "Fair", "height": 4.572, "width": 0.6096, "crown_r_m": 1.0, "crown_h_m": 2.9718, "height_imputed": true, "width_imputed": true, "neighborhood": "Squirrel Hill South", "tree_id": "t01608" }, "geometry": { "type": "Point", "coordinates": [ -79.94402037, 40.43778568 ] } },
{ "type": "Feature", "properties": { "common_name": "Oak: White", "condition": "Fair", "height": 7.62, "width": 2.1336, "crown_r_m": 1.0668, "crown_h_m": 4.953, "height_imputed": true, "width_imputed": true, "neighborhood": "Squirrel Hill South", "tree_id": "t01609" }, "geometry": { "type": "Point", "coordinates": [ -79.9436574, 40.43873316 ] } },
{ "type": "Feature", "properties": { "common_name": "Oak: White", "condition": "Good", "height": 7.62, "width": 2.1336, "crown_r_m": 1.0668, "crown_h_m": 4.953, "height_imputed": true, "width_imputed": true, "neighborhood": "Squirrel Hill South", "tree_id": "t01610" }, "geometry": { "type": "Point", "coordinates": [ -79.94332208, 40.43909697 ] } },
{ "type": "Feature", "properties": { "common_name": "Oak: Northern Red", "condition": "Fair", "height": 15.24, "width": 3.6576, "crown_r_m": 1.8288, "crown_h_m": 9.906, "height_imputed": true, "width_imputed": true, "neighborhood": "Central Oakland", "tree_id": "t01611" }, "geometry": { "type": "Point", "coordinates": [ -79.95093266, 40.441986140000012 ] } },
{ "type": "Feature", "properties": { "common_name": "Elm: American", "condition": "Poor", "height": 4.572, "width": 1.8288, "crown_r_m": 1.0, "crown_h_m": 2.9718, "height_imputed": true, "width_imputed": true, "neighborhood": "Squirrel Hill South", "tree_id": "t01612" }, "geometry": { "type": "Point", "coordinates": [ -79.94524756, 40.44104411 ] } },
{ "type": "Feature", "properties": { "common_name": "Ash: White", "condition": "Fair", "height": 7.62, "width": 2.1336, "crown_r_m": 1.0668, "crown_h_m": 4.953, "height_imputed": true, "width_imputed": true, "neighborhood": "Squirrel Hill South", "tree_id": "t01613" }, "geometry": { "type": "Point", "coordinates": [ -79.94456081, 40.44089152 ] } },
{ "type": "Feature", "properties": { "common_name": "Ash: White", "condition": "Fair", "height": 7.62, "width": 2.1336, "crown_r_m": 1.0668, "crown_h_m": 4.953, "height_imputed": true, "width_imputed": true, "neighborhood": "Squirrel Hill South", "tree_id": "t01614" }, "geometry": { "type": "Point", "coordinates": [ -79.94429936, 40.44084253 ] } },
{ "type": "Feature", "properties": { "common_name": "Maple: Hedge", "condition": "Very Good", "height": 4.572, "width": 2.1336, "crown_r_m": 1.0668, "crown_h_m": 2.9718, "height_imputed": true, "width_imputed": true, "neighborhood": "Central Oakland", "tree_id": "t01615" }, "geometry": { "type": "Point", "coordinates": [ -79.95113375, 40.4419313 ] } },
{ "type": "Feature", "properties": { "common_name": "Maple: Shantung", "condition": "Poor", "height": 7.62, "width": 2.1336, "crown_r_m": 1.0668, "crown_h_m": 4.953, "height_imputed": true, "width_imputed": true, "neighborhood": "Squirrel Hill South", "tree_id": "t01616" }, "geometry": { "type": "Point", "coordinates": [ -79.94450319, 40.43767347 ] } },
{ "type": "Feature", "properties": { "common_name": "Beech: European", "condition": "Good", "height": 7.62, "width": 2.1336, "crown_r_m": 1.0668, "crown_h_m": 4.953, "height_imputed": true, "width_imputed": true, "neighborhood": "Central Oakland", "tree_id": "t01617" }, "geometry": { "type": "Point", "coordinates": [ -79.95121953, 40.44196302 ] } },
{ "type": "Feature", "properties": { "common_name": "Ginkgo", "condition": "Fair", "height": 3.6576, "width": 1.524, "crown_r_m": 1.0, "crown_h_m": 2.37744, "height_imputed": true, "width_imputed": true, "neighborhood": "Squirrel Hill South", "tree_id": "t01618" }, "geometry": { "type": "Point", "coordinates": [ -79.94806058, 40.44056347 ] } },
{ "type": "Feature", "properties": { "common_name": "Ginkgo", "condition": "Fair", "height": 3.6576, "width": 1.524, "crown_r_m": 1.0, "crown_h_m": 2.37744, "height_imputed": true, "width_imputed": true, "neighborhood": "Squirrel Hill South", "tree_id": "t01619" }, "geometry": { "type": "Point", "coordinates": [ -79.94800202, 40.44052115 ] } },
{ "type": "Feature", "properties": { "common_name": "Ginkgo", "condition": "Fair", "height": 3.6576, "width": 1.524, "crown_r_m": 1.0, "crown_h_m": 2.37744, "height_imputed": true, "width_imputed": true, "neighborhood": "Squirrel Hill South", "tree_id": "t01620" }, "geometry": { "type": "Point", "coordinates": [ -79.94795743, 40.44049256 ] } },
{ "type": "Feature", "properties": { "common_name": "Ginkgo", "condition": "Poor", "height": 3.6576, "width": 1.524, "crown_r_m": 1.0, "crown_h_m": 2.37744, "height_imputed": true, "width_imputed": true, "neighborhood": "Squirrel Hill South", "tree_id": "t01621" }, "geometry": { "type": "Point", "coordinates": [ -79.94789732, 40.44046035 ] } },
{ "type": "Feature", "properties": { "common_name": "Ginkgo", "condition": "Fair", "height": 3.6576, "width": 1.524, "crown_r_m": 1.0, "crown_h_m": 2.37744, "height_imputed": true, "width_imputed": true, "neighborhood": "Squirrel Hill South", "tree_id": "t01622" }, "geometry": { "type": "Point", "coordinates": [ -79.94785498, 40.440421910000012 ] } },
{ "type": "Feature", "properties": { "common_name": "Ginkgo", "condition": "Fair", "height": 3.6576, "width": 1.524, "crown_r_m": 1.0, "crown_h_m": 2.37744, "height_imputed": true, "width_imputed": true, "neighborhood": "Squirrel Hill South", "tree_id": "t01623" }, "geometry": { "type": "Point", "coordinates": [ -79.94776812, 40.44035686 ] } },
{ "type": "Feature", "properties": { "common_name": "Ginkgo", "condition": "Poor", "height": 3.6576, "width": 1.524, "crown_r_m": 1.0, "crown_h_m": 2.37744, "height_imputed": true, "width_imputed": true, "neighborhood": "Squirrel Hill South", "tree_id": "t01624" }, "geometry": { "type": "Point", "coordinates": [ -79.94772353, 40.44032827 ] } },
{ "type": "Feature", "properties": { "common_name": "Ginkgo", "condition": "Poor", "height": 3.6576, "width": 1.524, "crown_r_m": 1.0, "crown_h_m": 2.37744, "height_imputed": true, "width_imputed": true, "neighborhood": "Squirrel Hill South", "tree_id": "t01625" }, "geometry": { "type": "Point", "coordinates": [ -79.94767894, 40.44029969 ] } },
{ "type": "Feature", "properties": { "common_name": "Ginkgo", "condition": "Fair", "height": 3.6576, "width": 1.524, "crown_r_m": 1.0, "crown_h_m": 2.37744, "height_imputed": true, "width_imputed": true, "neighborhood": "Squirrel Hill South", "tree_id": "t01626" }, "geometry": { "type": "Point", "coordinates": [ -79.94762127, 40.44026351 ] } },
{ "type": "Feature", "properties": { "common_name": "Ginkgo", "condition": "Fair", "height": 3.6576, "width": 1.524, "crown_r_m": 1.0, "crown_h_m": 2.37744, "height_imputed": true, "width_imputed": true, "neighborhood": "Squirrel Hill South", "tree_id": "t01627" }, "geometry": { "type": "Point", "coordinates": [ -79.94757939, 40.44023568 ] } },
{ "type": "Feature", "properties": { "common_name": "Ginkgo", "condition": "Fair", "height": 3.6576, "width": 1.524, "crown_r_m": 1.0, "crown_h_m": 2.37744, "height_imputed": true, "width_imputed": true, "neighborhood": "Squirrel Hill South", "tree_id": "t01628" }, "geometry": { "type": "Point", "coordinates": [ -79.947508380000016, 40.44018406 ] } },
{ "type": "Feature", "properties": { "common_name": "Ginkgo", "condition": "Fair", "height": 3.6576, "width": 1.524, "crown_r_m": 1.0, "crown_h_m": 2.37744, "height_imputed": true, "width_imputed": true, "neighborhood": "Squirrel Hill South", "tree_id": "t01629" }, "geometry": { "type": "Point", "coordinates": [ -79.94746635, 40.440155420000011 ] } },
{ "type": "Feature", "properties": { "common_name": "Ginkgo", "condition": "Poor", "height": 3.6576, "width": 1.524, "crown_r_m": 1.0, "crown_h_m": 2.37744, "height_imputed": true, "width_imputed": true, "neighborhood": "Squirrel Hill South", "tree_id": "t01630" }, "geometry": { "type": "Point", "coordinates": [ -79.94740592, 40.44011341 ] } },
{ "type": "Feature", "properties": { "common_name": "Ginkgo", "condition": "Poor", "height": 3.6576, "width": 1.524, "crown_r_m": 1.0, "crown_h_m": 2.37744, "height_imputed": true, "width_imputed": true, "neighborhood": "Squirrel Hill South", "tree_id": "t01631" }, "geometry": { "type": "Point", "coordinates": [ -79.94736121, 40.4400809 ] } },
{ "type": "Feature", "properties": { "common_name": "Ginkgo", "condition": "Fair", "height": 3.6576, "width": 1.524, "crown_r_m": 1.0, "crown_h_m": 2.37744, "height_imputed": true, "width_imputed": true, "neighborhood": "Squirrel Hill South", "tree_id": "t01632" }, "geometry": { "type": "Point", "coordinates": [ -79.94731874, 40.44003854 ] } },
{ "type": "Feature", "properties": { "common_name": "Ginkgo", "condition": "Poor", "height": 3.6576, "width": 1.524, "crown_r_m": 1.0, "crown_h_m": 2.37744, "height_imputed": true, "width_imputed": true, "neighborhood": "Squirrel Hill South", "tree_id": "t01633" }, "geometry": { "type": "Point", "coordinates": [ -79.94710529000001, 40.43983701 ] } },
{ "type": "Feature", "properties": { "common_name": "Ginkgo", "condition": "Poor", "height": 3.6576, "width": 1.524, "crown_r_m": 1.0, "crown_h_m": 2.37744, "height_imputed": true, "width_imputed": true, "neighborhood": "Squirrel Hill South", "tree_id": "t01634" }, "geometry": { "type": "Point", "coordinates": [ -79.94697103, 40.43965709 ] } },
{ "type": "Feature", "properties": { "common_name": "Ginkgo", "condition": "Poor", "height": 3.6576, "width": 1.524, "crown_r_m": 1.0, "crown_h_m": 2.37744, "height_imputed": true, "width_imputed": true, "neighborhood": "Squirrel Hill South", "tree_id": "t01635" }, "geometry": { "type": "Point", "coordinates": [ -79.94686875, 40.4394506 ] } },
{ "type": "Feature", "properties": { "common_name": "Ginkgo", "condition": "Poor", "height": 3.6576, "width": 1.524, "crown_r_m": 1.0, "crown_h_m": 2.37744, "height_imputed": true, "width_imputed": true, "neighborhood": "Squirrel Hill South", "tree_id": "t01636" }, "geometry": { "type": "Point", "coordinates": [ -79.94675151, 40.43916676 ] } },
{ "type": "Feature", "properties": { "common_name": "London planetree", "condition": "Fair", "height": 15.24, "width": 3.6576, "crown_r_m": 1.8288, "crown_h_m": 9.906, "height_imputed": true, "width_imputed": true, "neighborhood": "North Oakland", "tree_id": "t01637" }, "geometry": { "type": "Point", "coordinates": [ -79.95287683, 40.44249112 ] } },
{ "type": "Feature", "properties": { "common_name": "Ginkgo", "condition": "Poor", "height": 3.6576, "width": 1.524, "crown_r_m": 1.0, "crown_h_m": 2.37744, "height_imputed": true, "width_imputed": true, "neighborhood": "Squirrel Hill South", "tree_id": "t01638" }, "geometry": { "type": "Point", "coordinates": [ -79.94666602, 40.43901795 ] } },
{ "type": "Feature", "properties": { "common_name": "Oak: Pin", "condition": "Fair", "height": 16.764, "width": 4.572, "crown_r_m": 2.286, "crown_h_m": 10.8966, "height_imputed": true, "width_imputed": true, "neighborhood": "Squirrel Hill South", "tree_id": "t01639" }, "geometry": { "type": "Point", "coordinates": [ -79.94691063, 40.43796145 ] } },
{ "type": "Feature", "properties": { "common_name": "Holly: American", "condition": "Fair", "height": 7.62, "width": 2.1336, "crown_r_m": 1.0668, "crown_h_m": 4.953, "height_imputed": true, "width_imputed": true, "neighborhood": "Squirrel Hill South", "tree_id": "t01640" }, "geometry": { "type": "Point", "coordinates": [ -79.94689539, 40.43798567 ] } },
{ "type": "Feature", "properties": { "common_name": "Oak: Pin", "condition": "Poor", "height": 16.764, "width": 4.572, "crown_r_m": 2.286, "crown_h_m": 10.8966, "height_imputed": true, "width_imputed": true, "neighborhood": "Squirrel Hill South", "tree_id": "t01641" }, "geometry": { "type": "Point", "coordinates": [ -79.94684759, 40.43801601 ] } },
{ "type": "Feature", "properties": { "common_name": "Maple: Red", "condition": "Very Good", "height": 7.62, "width": 2.4384, "crown_r_m": 1.2192, "crown_h_m": 4.953, "height_imputed": true, "width_imputed": true, "neighborhood": "Squirrel Hill South", "tree_id": "t01642" }, "geometry": { "type": "Point", "coordinates": [ -79.94681217, 40.43803238000001 ] } },
{ "type": "Feature", "properties": { "common_name": "Dogwood: Flowering", "condition": "Good", "height": 1.8288, "width": 0.3048, "crown_r_m": 1.0, "crown_h_m": 1.5, "height_imputed": true, "width_imputed": true, "neighborhood": "Squirrel Hill South", "tree_id": "t01643" }, "geometry": { "type": "Point", "coordinates": [ -79.94678952, 40.43804654 ] } },
{ "type": "Feature", "properties": { "common_name": "Ash: White", "condition": "Good", "height": 7.62, "width": 2.1336, "crown_r_m": 1.0668, "crown_h_m": 4.953, "height_imputed": true, "width_imputed": true, "neighborhood": "Squirrel Hill South", "tree_id": "t01644" }, "geometry": { "type": "Point", "coordinates": [ -79.94694106, 40.43804759 ] } },
{ "type": "Feature", "properties": { "common_name": "Linden: Littleleaf", "condition": "Good", "height": 10.668, "width": 2.7432, "crown_r_m": 1.3716, "crown_h_m": 6.9342, "height_imputed": true, "width_imputed": true, "neighborhood": "Squirrel Hill South", "tree_id": "t01645" }, "geometry": { "type": "Point", "coordinates": [ -79.94686001, 40.43816097 ] } },
{ "type": "Feature", "properties": { "common_name": "Linden: Littleleaf", "condition": "Good", "height": 10.668, "width": 2.7432, "crown_r_m": 1.3716, "crown_h_m": 6.9342, "height_imputed": true, "width_imputed": true, "neighborhood": "Squirrel Hill South", "tree_id": "t01646" }, "geometry": { "type": "Point", "coordinates": [ -79.94678688, 40.43822846 ] } },
{ "type": "Feature", "properties": { "common_name": "Oak: Pin", "condition": "Fair", "height": 16.764, "width": 4.572, "crown_r_m": 2.286, "crown_h_m": 10.8966, "height_imputed": true, "width_imputed": true, "neighborhood": "Squirrel Hill South", "tree_id": "t01647" }, "geometry": { "type": "Point", "coordinates": [ -79.94668295000001, 40.4381912 ] } },
{ "type": "Feature", "properties": { "common_name": "Serviceberry: spp.", "condition": "Good", "height": 7.62, "width": 2.1336, "crown_r_m": 1.0668, "crown_h_m": 4.953, "height_imputed": true, "width_imputed": true, "neighborhood": "Squirrel Hill South", "tree_id": "t01648" }, "geometry": { "type": "Point", "coordinates": [ -79.94670676, 40.43813384 ] } },
{ "type": "Feature", "properties": { "common_name": "Dogwood: Flowering", "condition": "Good", "height": 1.8288, "width": 0.3048, "crown_r_m": 1.0, "crown_h_m": 1.5, "height_imputed": true, "width_imputed": true, "neighborhood": "Squirrel Hill South", "tree_id": "t01649" }, "geometry": { "type": "Point", "coordinates": [ -79.94666441, 40.43817389 ] } },
{ "type": "Feature", "properties": { "common_name": "Dogwood: Flowering", "condition": "Good", "height": 1.8288, "width": 0.3048, "crown_r_m": 1.0, "crown_h_m": 1.5, "height_imputed": true, "width_imputed": true, "neighborhood": "Squirrel Hill South", "tree_id": "t01650" }, "geometry": { "type": "Point", "coordinates": [ -79.94661673, 40.43820815 ] } },
{ "type": "Feature", "properties": { "common_name": "Maple: Sugar", "condition": "Very Good", "height": 9.4488, "width": 2.4384, "crown_r_m": 1.2192, "crown_h_m": 6.14172, "height_imputed": true, "width_imputed": true, "neighborhood": "Squirrel Hill South", "tree_id": "t01651" }, "geometry": { "type": "Point", "coordinates": [ -79.94662552, 40.43824134 ] } },
{ "type": "Feature", "properties": { "common_name": "Oak: Swamp White", "condition": "Excellent", "height": 3.3528, "width": 1.524, "crown_r_m": 1.0, "crown_h_m": 2.17932, "height_imputed": true, "width_imputed": true, "neighborhood": "Squirrel Hill South", "tree_id": "t01652" }, "geometry": { "type": "Point", "coordinates": [ -79.94668659, 40.43830297 ] } },
{ "type": "Feature", "properties": { "common_name": "Holly: American", "condition": "Fair", "height": 7.62, "width": 2.1336, "crown_r_m": 1.0668, "crown_h_m": 4.953, "height_imputed": true, "width_imputed": true, "neighborhood": "Squirrel Hill South", "tree_id": "t01653" }, "geometry": { "type": "Point", "coordinates": [ -79.94643661, 40.43843329 ] } },
{ "type": "Feature", "properties": { "common_name": "Maple: Sugar", "condition": "Very Good", "height": 9.4488, "width": 2.4384, "crown_r_m": 1.2192, "crown_h_m": 6.14172, "height_imputed": true, "width_imputed": true, "neighborhood": "Squirrel Hill South", "tree_id": "t01654" }, "geometry": { "type": "Point", "coordinates": [ -79.94628545, 40.43844401 ] } },
{ "type": "Feature", "properties": { "common_name": "Oak: Pin", "condition": "Fair", "height": 16.764, "width": 4.572, "crown_r_m": 2.286, "crown_h_m": 10.8966, "height_imputed": true, "width_imputed": true, "neighborhood": "Squirrel Hill South", "tree_id": "t01655" }, "geometry": { "type": "Point", "coordinates": [ -79.94630533, 40.4385025 ] } },
{ "type": "Feature", "properties": { "common_name": "Yellowwood: American", "condition": "Very Good", "height": 7.62, "width": 2.1336, "crown_r_m": 1.0668, "crown_h_m": 4.953, "height_imputed": true, "width_imputed": true, "neighborhood": "Squirrel Hill South", "tree_id": "t01656" }, "geometry": { "type": "Point", "coordinates": [ -79.94633729, 40.43845873 ] } },
{ "type": "Feature", "properties": { "common_name": "Oak: Pin", "condition": "Fair", "height": 16.764, "width": 4.572, "crown_r_m": 2.286, "crown_h_m": 10.8966, "height_imputed": true, "width_imputed": true, "neighborhood": "Squirrel Hill South", "tree_id": "t01657" }, "geometry": { "type": "Point", "coordinates": [ -79.946140470000017, 40.43850211 ] } },
{ "type": "Feature", "properties": { "common_name": "Beech: European", "condition": "Very Good", "height": 7.62, "width": 2.1336, "crown_r_m": 1.0668, "crown_h_m": 4.953, "height_imputed": true, "width_imputed": true, "neighborhood": "Squirrel Hill South", "tree_id": "t01658" }, "geometry": { "type": "Point", "coordinates": [ -79.94612442, 40.43856127 ] } },
{ "type": "Feature", "properties": { "common_name": "Witchhazel: Common", "condition": "Good", "height": 7.62, "width": 2.1336, "crown_r_m": 1.0668, "crown_h_m": 4.953, "height_imputed": true, "width_imputed": true, "neighborhood": "Squirrel Hill South", "tree_id": "t01659" }, "geometry": { "type": "Point", "coordinates": [ -79.94606488, 40.438546709999983 ] } },
{ "type": "Feature", "properties": { "common_name": "Witchhazel: Common", "condition": "Fair", "height": 7.62, "width": 2.1336, "crown_r_m": 1.0668, "crown_h_m": 4.953, "height_imputed": true, "width_imputed": true, "neighborhood": "Squirrel Hill South", "tree_id": "t01660" }, "geometry": { "type": "Point", "coordinates": [ -79.94603985, 40.4385668 ] } },
{ "type": "Feature", "properties": { "common_name": "Witchhazel: Common", "condition": "Poor", "height": 7.62, "width": 2.1336, "crown_r_m": 1.0668, "crown_h_m": 4.953, "height_imputed": true, "width_imputed": true, "neighborhood": "Squirrel Hill South", "tree_id": "t01661" }, "geometry": { "type": "Point", "coordinates": [ -79.94599892, 40.43857151 ] } },
{ "type": "Feature", "properties": { "common_name": "Oak: Pin", "condition": "Fair", "height": 16.764, "width": 4.572, "crown_r_m": 2.286, "crown_h_m": 10.8966, "height_imputed": true, "width_imputed": true, "neighborhood": "Squirrel Hill South", "tree_id": "t01662" }, "geometry": { "type": "Point", "coordinates": [ -79.94601311, 40.43853396 ] } },
{ "type": "Feature", "properties": { "common_name": "Hickory: Mockernut", "condition": "Fair", "height": 7.62, "width": 2.1336, "crown_r_m": 1.0668, "crown_h_m": 4.953, "height_imputed": true, "width_imputed": true, "neighborhood": "Squirrel Hill South", "tree_id": "t01663" }, "geometry": { "type": "Point", "coordinates": [ -79.94581838, 40.43854747 ] } },
{ "type": "Feature", "properties": { "common_name": "Oak: White", "condition": "Fair", "height": 7.62, "width": 2.1336, "crown_r_m": 1.0668, "crown_h_m": 4.953, "height_imputed": true, "width_imputed": true, "neighborhood": "Squirrel Hill South", "tree_id": "t01664" }, "geometry": { "type": "Point", "coordinates": [ -79.94579516, 40.43854398 ] } },
{ "type": "Feature", "properties": { "common_name": "Oak: Bur", "condition": "Fair", "height": 7.62, "width": 2.1336, "crown_r_m": 1.0668, "crown_h_m": 4.953, "height_imputed": true, "width_imputed": true, "neighborhood": "Squirrel Hill South", "tree_id": "t01665" }, "geometry": { "type": "Point", "coordinates": [ -79.94551254, 40.43853954 ] } },
{ "type": "Feature", "properties": { "common_name": "Oak: Pin", "condition": "Poor", "height": 16.764, "width": 4.572, "crown_r_m": 2.286, "crown_h_m": 10.8966, "height_imputed": true, "width_imputed": true, "neighborhood": "Squirrel Hill South", "tree_id": "t01666" }, "geometry": { "type": "Point", "coordinates": [ -79.94539487, 40.43855355 ] } },
{ "type": "Feature", "properties": { "common_name": "Oak: Pin", "condition": "Poor", "height": 16.764, "width": 4.572, "crown_r_m": 2.286, "crown_h_m": 10.8966, "height_imputed": true, "width_imputed": true, "neighborhood": "Squirrel Hill South", "tree_id": "t01667" }, "geometry": { "type": "Point", "coordinates": [ -79.94531826, 40.43856678 ] } },
{ "type": "Feature", "properties": { "common_name": "Horsechestnut", "condition": "Fair", "height": 7.62, "width": 2.1336, "crown_r_m": 1.0668, "crown_h_m": 4.953, "height_imputed": true, "width_imputed": true, "neighborhood": "Squirrel Hill South", "tree_id": "t01668" }, "geometry": { "type": "Point", "coordinates": [ -79.94525211, 40.438585699999983 ] } },
{ "type": "Feature", "properties": { "common_name": "Horsechestnut", "condition": "Fair", "height": 7.62, "width": 2.1336, "crown_r_m": 1.0668, "crown_h_m": 4.953, "height_imputed": true, "width_imputed": true, "neighborhood": "Squirrel Hill South", "tree_id": "t01669" }, "geometry": { "type": "Point", "coordinates": [ -79.94511674, 40.43860789 ] } },
{ "type": "Feature", "properties": { "common_name": "Oak: Pin", "condition": "Poor", "height": 16.764, "width": 4.572, "crown_r_m": 2.286, "crown_h_m": 10.8966, "height_imputed": true, "width_imputed": true, "neighborhood": "Squirrel Hill South", "tree_id": "t01670" }, "geometry": { "type": "Point", "coordinates": [ -79.94504808, 40.43862881 ] } },
{ "type": "Feature", "properties": { "common_name": "Oak: Pin", "condition": "Poor", "height": 16.764, "width": 4.572, "crown_r_m": 2.286, "crown_h_m": 10.8966, "height_imputed": true, "width_imputed": true, "neighborhood": "Squirrel Hill South", "tree_id": "t01671" }, "geometry": { "type": "Point", "coordinates": [ -79.94474685, 40.43868359 ] } },
{ "type": "Feature", "properties": { "common_name": "Oak: Pin", "condition": "Fair", "height": 16.764, "width": 4.572, "crown_r_m": 2.286, "crown_h_m": 10.8966, "height_imputed": true, "width_imputed": true, "neighborhood": "Squirrel Hill South", "tree_id": "t01672" }, "geometry": { "type": "Point", "coordinates": [ -79.9446626, 40.43869892 ] } },
{ "type": "Feature", "properties": { "common_name": "Oak: Pin", "condition": "Fair", "height": 16.764, "width": 4.572, "crown_r_m": 2.286, "crown_h_m": 10.8966, "height_imputed": true, "width_imputed": true, "neighborhood": "Squirrel Hill South", "tree_id": "t01673" }, "geometry": { "type": "Point", "coordinates": [ -79.94458625, 40.43871999 ] } },
{ "type": "Feature", "properties": { "common_name": "Oak: Pin", "condition": "Poor", "height": 16.764, "width": 4.572, "crown_r_m": 2.286, "crown_h_m": 10.8966, "height_imputed": true, "width_imputed": true, "neighborhood": "Squirrel Hill South", "tree_id": "t01674" }, "geometry": { "type": "Point", "coordinates": [ -79.94452786, 40.43874072 ] } },
{ "type": "Feature", "properties": { "common_name": "Oak: Pin", "condition": "Poor", "height": 16.764, "width": 4.572, "crown_r_m": 2.286, "crown_h_m": 10.8966, "height_imputed": true, "width_imputed": true, "neighborhood": "Squirrel Hill South", "tree_id": "t01675" }, "geometry": { "type": "Point", "coordinates": [ -79.94446928, 40.43875557 ] } },
{ "type": "Feature", "properties": { "common_name": "Oak: Pin", "condition": "Poor", "height": 16.764, "width": 4.572, "crown_r_m": 2.286, "crown_h_m": 10.8966, "height_imputed": true, "width_imputed": true, "neighborhood": "Squirrel Hill South", "tree_id": "t01676" }, "geometry": { "type": "Point", "coordinates": [ -79.94437798, 40.43879066 ] } },
{ "type": "Feature", "properties": { "common_name": "Oak: Pin", "condition": "Fair", "height": 16.764, "width": 4.572, "crown_r_m": 2.286, "crown_h_m": 10.8966, "height_imputed": true, "width_imputed": true, "neighborhood": "Squirrel Hill South", "tree_id": "t01677" }, "geometry": { "type": "Point", "coordinates": [ -79.94412125, 40.43895054 ] } },
{ "type": "Feature", "properties": { "common_name": "Oak: Pin", "condition": "Poor", "height": 16.764, "width": 4.572, "crown_r_m": 2.286, "crown_h_m": 10.8966, "height_imputed": true, "width_imputed": true, "neighborhood": "Squirrel Hill South", "tree_id": "t01678" }, "geometry": { "type": "Point", "coordinates": [ -79.94397373, 40.43907277 ] } },
{ "type": "Feature", "properties": { "common_name": "Sweetgum: American", "condition": "Poor", "height": 12.192, "width": 2.7432, "crown_r_m": 1.3716, "crown_h_m": 7.9248, "height_imputed": true, "width_imputed": true, "neighborhood": "Squirrel Hill South", "tree_id": "t01679" }, "geometry": { "type": "Point", "coordinates": [ -79.94267009, 40.44024748 ] } },
{ "type": "Feature", "properties": { "common_name": "Sweetgum: American", "condition": "Poor", "height": 12.192, "width": 2.7432, "crown_r_m": 1.3716, "crown_h_m": 7.9248, "height_imputed": true, "width_imputed": true, "neighborhood": "Squirrel Hill South", "tree_id": "t01680" }, "geometry": { "type": "Point", "coordinates": [ -79.94321325, 40.44005474 ] } },
{ "type": "Feature", "properties": { "common_name": "Elm: American", "condition": "Critical", "height": 4.572, "width": 1.8288, "crown_r_m": 1.0, "crown_h_m": 2.9718, "height_imputed": true, "width_imputed": true, "neighborhood": "Squirrel Hill South", "tree_id": "t01681" }, "geometry": { "type": "Point", "coordinates": [ -79.943359, 40.44003628 ] } },
{ "type": "Feature", "properties": { "common_name": "Oak: Chestnut", "condition": "Fair", "height": 7.62, "width": 2.1336, "crown_r_m": 1.0668, "crown_h_m": 4.953, "height_imputed": true, "width_imputed": true, "neighborhood": "Squirrel Hill South", "tree_id": "t01682" }, "geometry": { "type": "Point", "coordinates": [ -79.9436534, 40.439841629999989 ] } },
{ "type": "Feature", "properties": { "common_name": "Oak: Northern Red", "condition": "Fair", "height": 15.24, "width": 3.6576, "crown_r_m": 1.8288, "crown_h_m": 9.906, "height_imputed": true, "width_imputed": true, "neighborhood": "Squirrel Hill South", "tree_id": "t01683" }, "geometry": { "type": "Point", "coordinates": [ -79.94369177, 40.43975851 ] } },
{ "type": "Feature", "properties": { "common_name": "Sweetgum: American", "condition": "Poor", "height": 12.192, "width": 2.7432, "crown_r_m": 1.3716, "crown_h_m": 7.9248, "height_imputed": true, "width_imputed": true, "neighborhood": "Squirrel Hill South", "tree_id": "t01684" }, "geometry": { "type": "Point", "coordinates": [ -79.94390173, 40.43941726 ] } },
{ "type": "Feature", "properties": { "common_name": "Sweetgum: American", "condition": "Fair", "height": 12.192, "width": 2.7432, "crown_r_m": 1.3716, "crown_h_m": 7.9248, "height_imputed": true, "width_imputed": true, "neighborhood": "Squirrel Hill South", "tree_id": "t01685" }, "geometry": { "type": "Point", "coordinates": [ -79.94408871, 40.439249480000015 ] } },
{ "type": "Feature", "properties": { "common_name": "Sweetgum: American", "condition": "Poor", "height": 12.192, "width": 2.7432, "crown_r_m": 1.3716, "crown_h_m": 7.9248, "height_imputed": true, "width_imputed": true, "neighborhood": "Squirrel Hill South", "tree_id": "t01686" }, "geometry": { "type": "Point", "coordinates": [ -79.94414569, 40.43918562 ] } },
{ "type": "Feature", "properties": { "common_name": "Sweetgum: American", "condition": "Poor", "height": 12.192, "width": 2.7432, "crown_r_m": 1.3716, "crown_h_m": 7.9248, "height_imputed": true, "width_imputed": true, "neighborhood": "Squirrel Hill South", "tree_id": "t01687" }, "geometry": { "type": "Point", "coordinates": [ -79.94419316, 40.43914549 ] } },
{ "type": "Feature", "properties": { "common_name": "Sweetgum: American", "condition": "Poor", "height": 12.192, "width": 2.7432, "crown_r_m": 1.3716, "crown_h_m": 7.9248, "height_imputed": true, "width_imputed": true, "neighborhood": "Squirrel Hill South", "tree_id": "t01688" }, "geometry": { "type": "Point", "coordinates": [ -79.94423582, 40.43911525 ] } },
{ "type": "Feature", "properties": { "common_name": "Sweetgum: American", "condition": "Fair", "height": 12.192, "width": 2.7432, "crown_r_m": 1.3716, "crown_h_m": 7.9248, "height_imputed": true, "width_imputed": true, "neighborhood": "Squirrel Hill South", "tree_id": "t01689" }, "geometry": { "type": "Point", "coordinates": [ -79.94427098, 40.43909104 ] } },
{ "type": "Feature", "properties": { "common_name": "Sweetgum: American", "condition": "Poor", "height": 12.192, "width": 2.7432, "crown_r_m": 1.3716, "crown_h_m": 7.9248, "height_imputed": true, "width_imputed": true, "neighborhood": "Squirrel Hill South", "tree_id": "t01690" }, "geometry": { "type": "Point", "coordinates": [ -79.94431865, 40.439056790000016 ] } },
{ "type": "Feature", "properties": { "common_name": "Sweetgum: American", "condition": "Poor", "height": 12.192, "width": 2.7432, "crown_r_m": 1.3716, "crown_h_m": 7.9248, "height_imputed": true, "width_imputed": true, "neighborhood": "Squirrel Hill South", "tree_id": "t01691" }, "geometry": { "type": "Point", "coordinates": [ -79.94436888, 40.43902249 ] } },
{ "type": "Feature", "properties": { "common_name": "Sweetgum: American", "condition": "Fair", "height": 12.192, "width": 2.7432, "crown_r_m": 1.3716, "crown_h_m": 7.9248, "height_imputed": true, "width_imputed": true, "neighborhood": "Squirrel Hill South", "tree_id": "t01692" }, "geometry": { "type": "Point", "coordinates": [ -79.94443463, 40.43899182 ] } },
{ "type": "Feature", "properties": { "common_name": "Sweetgum: American", "condition": "Poor", "height": 12.192, "width": 2.7432, "crown_r_m": 1.3716, "crown_h_m": 7.9248, "height_imputed": true, "width_imputed": true, "neighborhood": "Squirrel Hill South", "tree_id": "t01693" }, "geometry": { "type": "Point", "coordinates": [ -79.94449288, 40.43896717 ] } },
{ "type": "Feature", "properties": { "common_name": "Maple: Norway", "condition": "Critical", "height": 9.6012, "width": 2.4384, "crown_r_m": 1.2192, "crown_h_m": 6.24078, "height_imputed": true, "width_imputed": true, "neighborhood": "Squirrel Hill South", "tree_id": "t01694" }, "geometry": { "type": "Point", "coordinates": [ -79.94448928, 40.43901432 ] } },
{ "type": "Feature", "properties": { "common_name": "Ginkgo", "condition": "Poor", "height": 3.6576, "width": 1.524, "crown_r_m": 1.0, "crown_h_m": 2.37744, "height_imputed": true, "width_imputed": true, "neighborhood": "Squirrel Hill South", "tree_id": "t01695" }, "geometry": { "type": "Point", "coordinates": [ -79.94454369, 40.43895051 ] } },
{ "type": "Feature", "properties": { "common_name": "Ginkgo", "condition": "Poor", "height": 3.6576, "width": 1.524, "crown_r_m": 1.0, "crown_h_m": 2.37744, "height_imputed": true, "width_imputed": true, "neighborhood": "Squirrel Hill South", "tree_id": "t01696" }, "geometry": { "type": "Point", "coordinates": [ -79.944596930000017, 40.43892988 ] } },
{ "type": "Feature", "properties": { "common_name": "Ginkgo", "condition": "Poor", "height": 3.6576, "width": 1.524, "crown_r_m": 1.0, "crown_h_m": 2.37744, "height_imputed": true, "width_imputed": true, "neighborhood": "Squirrel Hill South", "tree_id": "t01697" }, "geometry": { "type": "Point", "coordinates": [ -79.94466319, 40.43891489 ] } },
{ "type": "Feature", "properties": { "common_name": "Oak: Northern Red", "condition": "Good", "height": 15.24, "width": 3.6576, "crown_r_m": 1.8288, "crown_h_m": 9.906, "height_imputed": true, "width_imputed": true, "neighborhood": "Squirrel Hill South", "tree_id": "t01698" }, "geometry": { "type": "Point", "coordinates": [ -79.94473054, 40.438933230000011 ] } },
{ "type": "Feature", "properties": { "common_name": "Ginkgo", "condition": "Poor", "height": 3.6576, "width": 1.524, "crown_r_m": 1.0, "crown_h_m": 2.37744, "height_imputed": true, "width_imputed": true, "neighborhood": "Squirrel Hill South", "tree_id": "t01699" }, "geometry": { "type": "Point", "coordinates": [ -79.94474472, 40.43889569 ] } },
{ "type": "Feature", "properties": { "common_name": "Ginkgo", "condition": "Poor", "height": 3.6576, "width": 1.524, "crown_r_m": 1.0, "crown_h_m": 2.37744, "height_imputed": true, "width_imputed": true, "neighborhood": "Squirrel Hill South", "tree_id": "t01700" }, "geometry": { "type": "Point", "coordinates": [ -79.94482895, 40.43888036 ] } },
{ "type": "Feature", "properties": { "common_name": "Ginkgo", "condition": "Poor", "height": 3.6576, "width": 1.524, "crown_r_m": 1.0, "crown_h_m": 2.37744, "height_imputed": true, "width_imputed": true, "neighborhood": "Squirrel Hill South", "tree_id": "t01701" }, "geometry": { "type": "Point", "coordinates": [ -79.94490541, 40.43886321 ] } },
{ "type": "Feature", "properties": { "common_name": "Ginkgo", "condition": "Poor", "height": 3.6576, "width": 1.524, "crown_r_m": 1.0, "crown_h_m": 2.37744, "height_imputed": true, "width_imputed": true, "neighborhood": "Squirrel Hill South", "tree_id": "t01702" }, "geometry": { "type": "Point", "coordinates": [ -79.94498188, 40.43884607 ] } },
{ "type": "Feature", "properties": { "common_name": "Ginkgo", "condition": "Poor", "height": 3.6576, "width": 1.524, "crown_r_m": 1.0, "crown_h_m": 2.37744, "height_imputed": true, "width_imputed": true, "neighborhood": "Squirrel Hill South", "tree_id": "t01703" }, "geometry": { "type": "Point", "coordinates": [ -79.94505584, 40.43883093 ] } },
{ "type": "Feature", "properties": { "common_name": "Ginkgo", "condition": "Poor", "height": 3.6576, "width": 1.524, "crown_r_m": 1.0, "crown_h_m": 2.37744, "height_imputed": true, "width_imputed": true, "neighborhood": "Squirrel Hill South", "tree_id": "t01704" }, "geometry": { "type": "Point", "coordinates": [ -79.94513249, 40.43881967 ] } },
{ "type": "Feature", "properties": { "common_name": "Ginkgo", "condition": "Fair", "height": 3.6576, "width": 1.524, "crown_r_m": 1.0, "crown_h_m": 2.37744, "height_imputed": true, "width_imputed": true, "neighborhood": "Squirrel Hill South", "tree_id": "t01705" }, "geometry": { "type": "Point", "coordinates": [ -79.94519888, 40.4388086 ] } },
{ "type": "Feature", "properties": { "common_name": "Ginkgo", "condition": "Poor", "height": 3.6576, "width": 1.524, "crown_r_m": 1.0, "crown_h_m": 2.37744, "height_imputed": true, "width_imputed": true, "neighborhood": "Squirrel Hill South", "tree_id": "t01706" }, "geometry": { "type": "Point", "coordinates": [ -79.94526515, 40.43879361 ] } },
{ "type": "Feature", "properties": { "common_name": "Ginkgo", "condition": "Poor", "height": 3.6576, "width": 1.524, "crown_r_m": 1.0, "crown_h_m": 2.37744, "height_imputed": true, "width_imputed": true, "neighborhood": "Squirrel Hill South", "tree_id": "t01707" }, "geometry": { "type": "Point", "coordinates": [ -79.94535194, 40.43877823 ] } },
{ "type": "Feature", "properties": { "common_name": "Ginkgo", "condition": "Poor", "height": 3.6576, "width": 1.524, "crown_r_m": 1.0, "crown_h_m": 2.37744, "height_imputed": true, "width_imputed": true, "neighborhood": "Squirrel Hill South", "tree_id": "t01708" }, "geometry": { "type": "Point", "coordinates": [ -79.9454361, 40.43876094 ] } },
{ "type": "Feature", "properties": { "common_name": "Ginkgo", "condition": "Poor", "height": 3.6576, "width": 1.524, "crown_r_m": 1.0, "crown_h_m": 2.37744, "height_imputed": true, "width_imputed": true, "neighborhood": "Squirrel Hill South", "tree_id": "t01709" }, "geometry": { "type": "Point", "coordinates": [ -79.94550255, 40.438751829999987 ] } },
{ "type": "Feature", "properties": { "common_name": "Ginkgo", "condition": "Poor", "height": 3.6576, "width": 1.524, "crown_r_m": 1.0, "crown_h_m": 2.37744, "height_imputed": true, "width_imputed": true, "neighborhood": "Squirrel Hill South", "tree_id": "t01710" }, "geometry": { "type": "Point", "coordinates": [ -79.94557177, 40.43874855 ] } },
{ "type": "Feature", "properties": { "common_name": "Ginkgo", "condition": "Poor", "height": 3.6576, "width": 1.524, "crown_r_m": 1.0, "crown_h_m": 2.37744, "height_imputed": true, "width_imputed": true, "neighborhood": "Squirrel Hill South", "tree_id": "t01711" }, "geometry": { "type": "Point", "coordinates": [ -79.94563835, 40.43874336 ] } },
{ "type": "Feature", "properties": { "common_name": "Locust: Black", "condition": "Poor", "height": 13.716, "width": 4.572, "crown_r_m": 2.286, "crown_h_m": 8.9154, "height_imputed": true, "width_imputed": true, "neighborhood": "Squirrel Hill South", "tree_id": "t01712" }, "geometry": { "type": "Point", "coordinates": [ -79.94565547, 40.438796 ] } },
{ "type": "Feature", "properties": { "common_name": "Locust: Black", "condition": "Poor", "height": 13.716, "width": 4.572, "crown_r_m": 2.286, "crown_h_m": 8.9154, "height_imputed": true, "width_imputed": true, "neighborhood": "Squirrel Hill South", "tree_id": "t01713" }, "geometry": { "type": "Point", "coordinates": [ -79.94571628, 40.438771300000013 ] } },
{ "type": "Feature", "properties": { "common_name": "Ginkgo", "condition": "Fair", "height": 3.6576, "width": 1.524, "crown_r_m": 1.0, "crown_h_m": 2.37744, "height_imputed": true, "width_imputed": true, "neighborhood": "Squirrel Hill South", "tree_id": "t01714" }, "geometry": { "type": "Point", "coordinates": [ -79.94579987, 40.43873637 ] } },
{ "type": "Feature", "properties": { "common_name": "Ginkgo", "condition": "Poor", "height": 3.6576, "width": 1.524, "crown_r_m": 1.0, "crown_h_m": 2.37744, "height_imputed": true, "width_imputed": true, "neighborhood": "Squirrel Hill South", "tree_id": "t01715" }, "geometry": { "type": "Point", "coordinates": [ -79.94585945, 40.438752890000018 ] } },
{ "type": "Feature", "properties": { "common_name": "Ginkgo", "condition": "Poor", "height": 3.6576, "width": 1.524, "crown_r_m": 1.0, "crown_h_m": 2.37744, "height_imputed": true, "width_imputed": true, "neighborhood": "Squirrel Hill South", "tree_id": "t01716" }, "geometry": { "type": "Point", "coordinates": [ -79.94594207, 40.43876701 ] } },
{ "type": "Feature", "properties": { "common_name": "Ginkgo", "condition": "Fair", "height": 3.6576, "width": 1.524, "crown_r_m": 1.0, "crown_h_m": 2.37744, "height_imputed": true, "width_imputed": true, "neighborhood": "Squirrel Hill South", "tree_id": "t01717" }, "geometry": { "type": "Point", "coordinates": [ -79.94663283, 40.43952936 ] } },
{ "type": "Feature", "properties": { "common_name": "Ginkgo", "condition": "Poor", "height": 3.6576, "width": 1.524, "crown_r_m": 1.0, "crown_h_m": 2.37744, "height_imputed": true, "width_imputed": true, "neighborhood": "Squirrel Hill South", "tree_id": "t01718" }, "geometry": { "type": "Point", "coordinates": [ -79.9466853, 40.43984962 ] } },
{ "type": "Feature", "properties": { "common_name": "Ginkgo", "condition": "Poor", "height": 3.6576, "width": 1.524, "crown_r_m": 1.0, "crown_h_m": 2.37744, "height_imputed": true, "width_imputed": true, "neighborhood": "Squirrel Hill South", "tree_id": "t01719" }, "geometry": { "type": "Point", "coordinates": [ -79.94671672, 40.4399471 ] } },
{ "type": "Feature", "properties": { "common_name": "Ginkgo", "condition": "Poor", "height": 3.6576, "width": 1.524, "crown_r_m": 1.0, "crown_h_m": 2.37744, "height_imputed": true, "width_imputed": true, "neighborhood": "Squirrel Hill South", "tree_id": "t01720" }, "geometry": { "type": "Point", "coordinates": [ -79.94674423, 40.44000347 ] } },
{ "type": "Feature", "properties": { "common_name": "Ginkgo", "condition": "Poor", "height": 3.6576, "width": 1.524, "crown_r_m": 1.0, "crown_h_m": 2.37744, "height_imputed": true, "width_imputed": true, "neighborhood": "Squirrel Hill South", "tree_id": "t01721" }, "geometry": { "type": "Point", "coordinates": [ -79.94677661, 40.440051889999985 ] } },
{ "type": "Feature", "properties": { "common_name": "Ginkgo", "condition": "Poor", "height": 3.6576, "width": 1.524, "crown_r_m": 1.0, "crown_h_m": 2.37744, "height_imputed": true, "width_imputed": true, "neighborhood": "Squirrel Hill South", "tree_id": "t01722" }, "geometry": { "type": "Point", "coordinates": [ -79.94679598, 40.44009468 ] } },
{ "type": "Feature", "properties": { "common_name": "Ginkgo", "condition": "Poor", "height": 3.6576, "width": 1.524, "crown_r_m": 1.0, "crown_h_m": 2.37744, "height_imputed": true, "width_imputed": true, "neighborhood": "Squirrel Hill South", "tree_id": "t01723" }, "geometry": { "type": "Point", "coordinates": [ -79.94683189, 40.440150289999984 ] } },
{ "type": "Feature", "properties": { "common_name": "Ginkgo", "condition": "Poor", "height": 3.6576, "width": 1.524, "crown_r_m": 1.0, "crown_h_m": 2.37744, "height_imputed": true, "width_imputed": true, "neighborhood": "Squirrel Hill South", "tree_id": "t01724" }, "geometry": { "type": "Point", "coordinates": [ -79.94687499, 40.44021224 ] } },
{ "type": "Feature", "properties": { "common_name": "Ginkgo", "condition": "Poor", "height": 3.6576, "width": 1.524, "crown_r_m": 1.0, "crown_h_m": 2.37744, "height_imputed": true, "width_imputed": true, "neighborhood": "Squirrel Hill South", "tree_id": "t01725" }, "geometry": { "type": "Point", "coordinates": [ -79.94691231, 40.44025469 ] } },
{ "type": "Feature", "properties": { "common_name": "Ginkgo", "condition": "Poor", "height": 3.6576, "width": 1.524, "crown_r_m": 1.0, "crown_h_m": 2.37744, "height_imputed": true, "width_imputed": true, "neighborhood": "Squirrel Hill South", "tree_id": "t01726" }, "geometry": { "type": "Point", "coordinates": [ -79.94695464, 40.44029312 ] } },
{ "type": "Feature", "properties": { "common_name": "Ginkgo", "condition": "Poor", "height": 3.6576, "width": 1.524, "crown_r_m": 1.0, "crown_h_m": 2.37744, "height_imputed": true, "width_imputed": true, "neighborhood": "Squirrel Hill South", "tree_id": "t01727" }, "geometry": { "type": "Point", "coordinates": [ -79.94699678, 40.440325659999985 ] } },
{ "type": "Feature", "properties": { "common_name": "Ginkgo", "condition": "Poor", "height": 3.6576, "width": 1.524, "crown_r_m": 1.0, "crown_h_m": 2.37744, "height_imputed": true, "width_imputed": true, "neighborhood": "Squirrel Hill South", "tree_id": "t01728" }, "geometry": { "type": "Point", "coordinates": [ -79.94706734, 40.44036356 ] } },
{ "type": "Feature", "properties": { "common_name": "Ginkgo", "condition": "Poor", "height": 3.6576, "width": 1.524, "crown_r_m": 1.0, "crown_h_m": 2.37744, "height_imputed": true, "width_imputed": true, "neighborhood": "Squirrel Hill South", "tree_id": "t01729" }, "geometry": { "type": "Point", "coordinates": [ -79.94711987, 40.44039983 ] } },
{ "type": "Feature", "properties": { "common_name": "Ginkgo", "condition": "Poor", "height": 3.6576, "width": 1.524, "crown_r_m": 1.0, "crown_h_m": 2.37744, "height_imputed": true, "width_imputed": true, "neighborhood": "Squirrel Hill South", "tree_id": "t01730" }, "geometry": { "type": "Point", "coordinates": [ -79.94718754, 40.44042797 ] } },
{ "type": "Feature", "properties": { "common_name": "London planetree", "condition": "Good", "height": 15.24, "width": 3.6576, "crown_r_m": 1.8288, "crown_h_m": 9.906, "height_imputed": true, "width_imputed": true, "neighborhood": "North Oakland", "tree_id": "t01731" }, "geometry": { "type": "Point", "coordinates": [ -79.95248675, 40.44227157 ] } },
{ "type": "Feature", "properties": { "common_name": "Ginkgo", "condition": "Poor", "height": 3.6576, "width": 1.524, "crown_r_m": 1.0, "crown_h_m": 2.37744, "height_imputed": true, "width_imputed": true, "neighborhood": "Squirrel Hill South", "tree_id": "t01732" }, "geometry": { "type": "Point", "coordinates": [ -79.94724831, 40.44046285 ] } },
{ "type": "Feature", "properties": { "common_name": "Ginkgo", "condition": "Poor", "height": 3.6576, "width": 1.524, "crown_r_m": 1.0, "crown_h_m": 2.37744, "height_imputed": true, "width_imputed": true, "neighborhood": "Squirrel Hill South", "tree_id": "t01733" }, "geometry": { "type": "Point", "coordinates": [ -79.94731881, 40.44049878 ] } },
{ "type": "Feature", "properties": { "common_name": "Ginkgo", "condition": "Poor", "height": 3.6576, "width": 1.524, "crown_r_m": 1.0, "crown_h_m": 2.37744, "height_imputed": true, "width_imputed": true, "neighborhood": "Squirrel Hill South", "tree_id": "t01734" }, "geometry": { "type": "Point", "coordinates": [ -79.94743086, 40.44054961 ] } },
{ "type": "Feature", "properties": { "common_name": "Ginkgo", "condition": "Poor", "height": 3.6576, "width": 1.524, "crown_r_m": 1.0, "crown_h_m": 2.37744, "height_imputed": true, "width_imputed": true, "neighborhood": "Squirrel Hill South", "tree_id": "t01735" }, "geometry": { "type": "Point", "coordinates": [ -79.94749083, 40.4405779 ] } },
{ "type": "Feature", "properties": { "common_name": "Ginkgo", "condition": "Poor", "height": 3.6576, "width": 1.524, "crown_r_m": 1.0, "crown_h_m": 2.37744, "height_imputed": true, "width_imputed": true, "neighborhood": "Squirrel Hill South", "tree_id": "t01736" }, "geometry": { "type": "Point", "coordinates": [ -79.94755093, 40.4406101 ] } },
{ "type": "Feature", "properties": { "common_name": "Ginkgo", "condition": "Fair", "height": 3.6576, "width": 1.524, "crown_r_m": 1.0, "crown_h_m": 2.37744, "height_imputed": true, "width_imputed": true, "neighborhood": "Squirrel Hill South", "tree_id": "t01737" }, "geometry": { "type": "Point", "coordinates": [ -79.94768929, 40.44068005 ] } },
{ "type": "Feature", "properties": { "common_name": "Ginkgo", "condition": "Poor", "height": 3.6576, "width": 1.524, "crown_r_m": 1.0, "crown_h_m": 2.37744, "height_imputed": true, "width_imputed": true, "neighborhood": "Squirrel Hill South", "tree_id": "t01738" }, "geometry": { "type": "Point", "coordinates": [ -79.94775462, 40.44071465 ] } },
{ "type": "Feature", "properties": { "common_name": "London planetree", "condition": "Good", "height": 15.24, "width": 3.6576, "crown_r_m": 1.8288, "crown_h_m": 9.906, "height_imputed": true, "width_imputed": true, "neighborhood": "North Oakland", "tree_id": "t01739" }, "geometry": { "type": "Point", "coordinates": [ -79.95257, 40.44217612 ] } },
{ "type": "Feature", "properties": { "common_name": "London planetree", "condition": "Good", "height": 15.24, "width": 3.6576, "crown_r_m": 1.8288, "crown_h_m": 9.906, "height_imputed": true, "width_imputed": true, "neighborhood": "North Oakland", "tree_id": "t01740" }, "geometry": { "type": "Point", "coordinates": [ -79.95261883, 40.44212139 ] } },
{ "type": "Feature", "properties": { "common_name": "London planetree", "condition": "Good", "height": 15.24, "width": 3.6576, "crown_r_m": 1.8288, "crown_h_m": 9.906, "height_imputed": true, "width_imputed": true, "neighborhood": "North Oakland", "tree_id": "t01741" }, "geometry": { "type": "Point", "coordinates": [ -79.95265901, 40.44227363 ] } },
{ "type": "Feature", "properties": { "common_name": "Locust: Black", "condition": "Fair", "height": 13.716, "width": 4.572, "crown_r_m": 2.286, "crown_h_m": 8.9154, "height_imputed": true, "width_imputed": true, "neighborhood": "Squirrel Hill North", "tree_id": "t01742" }, "geometry": { "type": "Point", "coordinates": [ -79.94054366, 40.43995176 ] } },
{ "type": "Feature", "properties": { "common_name": "Locust: Black", "condition": "Fair", "height": 13.716, "width": 4.572, "crown_r_m": 2.286, "crown_h_m": 8.9154, "height_imputed": true, "width_imputed": true, "neighborhood": "Squirrel Hill North", "tree_id": "t01743" }, "geometry": { "type": "Point", "coordinates": [ -79.94067619, 40.43998635 ] } },
{ "type": "Feature", "properties": { "common_name": "Locust: Black", "condition": "Good", "height": 13.716, "width": 4.572, "crown_r_m": 2.286, "crown_h_m": 8.9154, "height_imputed": true, "width_imputed": true, "neighborhood": "Squirrel Hill North", "tree_id": "t01744" }, "geometry": { "type": "Point", "coordinates": [ -79.94069835, 40.4401409 ] } },
{ "type": "Feature", "properties": { "common_name": "Linden: Silver", "condition": "Poor", "height": 3.6576, "width": 1.524, "crown_r_m": 1.0, "crown_h_m": 2.37744, "height_imputed": true, "width_imputed": true, "neighborhood": "Squirrel Hill North", "tree_id": "t01745" }, "geometry": { "type": "Point", "coordinates": [ -79.94098583, 40.43993246 ] } },
{ "type": "Feature", "properties": { "common_name": "Hawthorn: spp.", "condition": "Fair", "height": 2.4384, "width": 1.3716, "crown_r_m": 1.0, "crown_h_m": 1.58496, "height_imputed": true, "width_imputed": true, "neighborhood": "Squirrel Hill North", "tree_id": "t01746" }, "geometry": { "type": "Point", "coordinates": [ -79.941082710000018, 40.440100879999989 ] } },
{ "type": "Feature", "properties": { "common_name": "Hawthorn: spp.", "condition": "Poor", "height": 2.4384, "width": 1.3716, "crown_r_m": 1.0, "crown_h_m": 1.58496, "height_imputed": true, "width_imputed": true, "neighborhood": "Squirrel Hill North", "tree_id": "t01747" }, "geometry": { "type": "Point", "coordinates": [ -79.94111218, 40.44012869 ] } },
{ "type": "Feature", "properties": { "common_name": "Linden: Littleleaf", "condition": "Fair", "height": 10.668, "width": 2.7432, "crown_r_m": 1.3716, "crown_h_m": 6.9342, "height_imputed": true, "width_imputed": true, "neighborhood": "Squirrel Hill North", "tree_id": "t01748" }, "geometry": { "type": "Point", "coordinates": [ -79.941203660000014, 40.43995452 ] } },
{ "type": "Feature", "properties": { "common_name": "Linden: Littleleaf", "condition": "Fair", "height": 10.668, "width": 2.7432, "crown_r_m": 1.3716, "crown_h_m": 6.9342, "height_imputed": true, "width_imputed": true, "neighborhood": "Squirrel Hill North", "tree_id": "t01749" }, "geometry": { "type": "Point", "coordinates": [ -79.9411479, 40.43999705 ] } },
{ "type": "Feature", "properties": { "common_name": "Locust: Black", "condition": "Poor", "height": 13.716, "width": 4.572, "crown_r_m": 2.286, "crown_h_m": 8.9154, "height_imputed": true, "width_imputed": true, "neighborhood": "Squirrel Hill North", "tree_id": "t01750" }, "geometry": { "type": "Point", "coordinates": [ -79.94120762, 40.44007668 ] } },
{ "type": "Feature", "properties": { "common_name": "Linden: Littleleaf", "condition": "Good", "height": 10.668, "width": 2.7432, "crown_r_m": 1.3716, "crown_h_m": 6.9342, "height_imputed": true, "width_imputed": true, "neighborhood": "Squirrel Hill North", "tree_id": "t01751" }, "geometry": { "type": "Point", "coordinates": [ -79.94131196, 40.44012272 ] } },
{ "type": "Feature", "properties": { "common_name": "Linden: Littleleaf", "condition": "Poor", "height": 10.668, "width": 2.7432, "crown_r_m": 1.3716, "crown_h_m": 6.9342, "height_imputed": true, "width_imputed": true, "neighborhood": "Squirrel Hill North", "tree_id": "t01752" }, "geometry": { "type": "Point", "coordinates": [ -79.94137657, 40.44008876 ] } },
{ "type": "Feature", "properties": { "common_name": "Linden: Littleleaf", "condition": "Poor", "height": 10.668, "width": 2.7432, "crown_r_m": 1.3716, "crown_h_m": 6.9342, "height_imputed": true, "width_imputed": true, "neighborhood": "Squirrel Hill North", "tree_id": "t01753" }, "geometry": { "type": "Point", "coordinates": [ -79.9414445, 40.44015731 ] } },
{ "type": "Feature", "properties": { "common_name": "Hawthorn: spp.", "condition": "Fair", "height": 2.4384, "width": 1.3716, "crown_r_m": 1.0, "crown_h_m": 1.58496, "height_imputed": true, "width_imputed": true, "neighborhood": "Squirrel Hill North", "tree_id": "t01754" }, "geometry": { "type": "Point", "coordinates": [ -79.94140859, 40.4401951 ] } },
{ "type": "Feature", "properties": { "common_name": "Linden: Littleleaf", "condition": "Poor", "height": 10.668, "width": 2.7432, "crown_r_m": 1.3716, "crown_h_m": 6.9342, "height_imputed": true, "width_imputed": true, "neighborhood": "Squirrel Hill North", "tree_id": "t01755" }, "geometry": { "type": "Point", "coordinates": [ -79.94152015, 40.44019953 ] } },
{ "type": "Feature", "properties": { "common_name": "Linden: Littleleaf", "condition": "Good", "height": 10.668, "width": 2.7432, "crown_r_m": 1.3716, "crown_h_m": 6.9342, "height_imputed": true, "width_imputed": true, "neighborhood": "Squirrel Hill North", "tree_id": "t01756" }, "geometry": { "type": "Point", "coordinates": [ -79.94153822, 40.44014026 ] } },
{ "type": "Feature", "properties": { "common_name": "Oak: Turkey", "condition": "Fair", "height": 7.62, "width": 2.1336, "crown_r_m": 1.0668, "crown_h_m": 4.953, "height_imputed": true, "width_imputed": true, "neighborhood": "Squirrel Hill North", "tree_id": "t01757" }, "geometry": { "type": "Point", "coordinates": [ -79.94168824, 40.44018543 ] } },
{ "type": "Feature", "properties": { "common_name": "Oak: Turkey", "condition": "Fair", "height": 7.62, "width": 2.1336, "crown_r_m": 1.0668, "crown_h_m": 4.953, "height_imputed": true, "width_imputed": true, "neighborhood": "Squirrel Hill North", "tree_id": "t01758" }, "geometry": { "type": "Point", "coordinates": [ -79.94191869, 40.44024436 ] } },
{ "type": "Feature", "properties": { "common_name": "Oak: Pin", "condition": "Poor", "height": 16.764, "width": 4.572, "crown_r_m": 2.286, "crown_h_m": 10.8966, "height_imputed": true, "width_imputed": true, "neighborhood": "Squirrel Hill North", "tree_id": "t01759" }, "geometry": { "type": "Point", "coordinates": [ -79.94201181, 40.44033915 ] } },
{ "type": "Feature", "properties": { "common_name": "Oak: White", "condition": "Good", "height": 7.62, "width": 2.1336, "crown_r_m": 1.0668, "crown_h_m": 4.953, "height_imputed": true, "width_imputed": true, "neighborhood": "Squirrel Hill North", "tree_id": "t01760" }, "geometry": { "type": "Point", "coordinates": [ -79.94201226, 40.44026493 ] } },
{ "type": "Feature", "properties": { "common_name": "Hawthorn: spp.", "condition": "Fair", "height": 2.4384, "width": 1.3716, "crown_r_m": 1.0, "crown_h_m": 1.58496, "height_imputed": true, "width_imputed": true, "neighborhood": "Squirrel Hill North", "tree_id": "t01761" }, "geometry": { "type": "Point", "coordinates": [ -79.94137732, 40.43989063 ] } },
{ "type": "Feature", "properties": { "common_name": "Mulberry: White", "condition": "Poor", "height": 9.144, "width": 3.048, "crown_r_m": 1.524, "crown_h_m": 5.9436, "height_imputed": true, "width_imputed": true, "neighborhood": "Squirrel Hill North", "tree_id": "t01762" }, "geometry": { "type": "Point", "coordinates": [ -79.94134778, 40.43986064 ] } },
{ "type": "Feature", "properties": { "common_name": "Oak: Pin", "condition": "Fair", "height": 16.764, "width": 4.572, "crown_r_m": 2.286, "crown_h_m": 10.8966, "height_imputed": true, "width_imputed": true, "neighborhood": "Squirrel Hill North", "tree_id": "t01763" }, "geometry": { "type": "Point", "coordinates": [ -79.94121716, 40.43988494 ] } },
{ "type": "Feature", "properties": { "common_name": "Oak: Pin", "condition": "Good", "height": 16.764, "width": 4.572, "crown_r_m": 2.286, "crown_h_m": 10.8966, "height_imputed": true, "width_imputed": true, "neighborhood": "Squirrel Hill North", "tree_id": "t01764" }, "geometry": { "type": "Point", "coordinates": [ -79.94120512, 40.43977821 ] } },
{ "type": "Feature", "properties": { "common_name": "Dogwood: Corneliancherry", "condition": "Good", "height": 2.4384, "width": 1.2192, "crown_r_m": 1.0, "crown_h_m": 1.58496, "height_imputed": true, "width_imputed": true, "neighborhood": "Squirrel Hill North", "tree_id": "t01765" }, "geometry": { "type": "Point", "coordinates": [ -79.94114998, 40.43954121 ] } },
{ "type": "Feature", "properties": { "common_name": "Cherry: Black", "condition": "Fair", "height": 7.62, "width": 2.1336, "crown_r_m": 1.0668, "crown_h_m": 4.953, "height_imputed": true, "width_imputed": true, "neighborhood": "Squirrel Hill North", "tree_id": "t01766" }, "geometry": { "type": "Point", "coordinates": [ -79.94111201, 40.43951574 ] } },
{ "type": "Feature", "properties": { "common_name": "Dogwood: Corneliancherry", "condition": "Good", "height": 2.4384, "width": 1.2192, "crown_r_m": 1.0, "crown_h_m": 1.58496, "height_imputed": true, "width_imputed": true, "neighborhood": "Squirrel Hill North", "tree_id": "t01767" }, "geometry": { "type": "Point", "coordinates": [ -79.9410744, 40.43950117 ] } },
{ "type": "Feature", "properties": { "common_name": "Oak: Northern Red", "condition": "Good", "height": 15.24, "width": 3.6576, "crown_r_m": 1.8288, "crown_h_m": 9.906, "height_imputed": true, "width_imputed": true, "neighborhood": "Squirrel Hill North", "tree_id": "t01768" }, "geometry": { "type": "Point", "coordinates": [ -79.94097351, 40.43937111 ] } },
{ "type": "Feature", "properties": { "common_name": "Oak: Northern Red", "condition": "Good", "height": 15.24, "width": 3.6576, "crown_r_m": 1.8288, "crown_h_m": 9.906, "height_imputed": true, "width_imputed": true, "neighborhood": "Squirrel Hill North", "tree_id": "t01769" }, "geometry": { "type": "Point", "coordinates": [ -79.94095197, 40.4393235 ] } },
{ "type": "Feature", "properties": { "common_name": "Ash: White", "condition": "Good", "height": 7.62, "width": 2.1336, "crown_r_m": 1.0668, "crown_h_m": 4.953, "height_imputed": true, "width_imputed": true, "neighborhood": "Squirrel Hill North", "tree_id": "t01770" }, "geometry": { "type": "Point", "coordinates": [ -79.9409075, 40.43936145 ] } },
{ "type": "Feature", "properties": { "common_name": "London planetree", "condition": "Good", "height": 15.24, "width": 3.6576, "crown_r_m": 1.8288, "crown_h_m": 9.906, "height_imputed": true, "width_imputed": true, "neighborhood": "North Oakland", "tree_id": "t01771" }, "geometry": { "type": "Point", "coordinates": [ -79.95212613, 40.44312279 ] } },
{ "type": "Feature", "properties": { "common_name": "Oak: Northern Red", "condition": "Fair", "height": 15.24, "width": 3.6576, "crown_r_m": 1.8288, "crown_h_m": 9.906, "height_imputed": true, "width_imputed": true, "neighborhood": "Squirrel Hill North", "tree_id": "t01772" }, "geometry": { "type": "Point", "coordinates": [ -79.94090415, 40.43934623 ] } },
{ "type": "Feature", "properties": { "common_name": "Mulberry: White", "condition": "Fair", "height": 9.144, "width": 3.048, "crown_r_m": 1.524, "crown_h_m": 5.9436, "height_imputed": true, "width_imputed": true, "neighborhood": "Squirrel Hill North", "tree_id": "t01773" }, "geometry": { "type": "Point", "coordinates": [ -79.94090294, 40.43930915 ] } },
{ "type": "Feature", "properties": { "common_name": "Crabapple: Flowering", "condition": "Poor", "height": 3.048, "width": 1.2192, "crown_r_m": 1.0, "crown_h_m": 1.9812, "height_imputed": true, "width_imputed": true, "neighborhood": "Squirrel Hill North", "tree_id": "t01774" }, "geometry": { "type": "Point", "coordinates": [ -79.94089688, 40.43929835 ] } },
{ "type": "Feature", "properties": { "common_name": "Oak: Northern Red", "condition": "Good", "height": 15.24, "width": 3.6576, "crown_r_m": 1.8288, "crown_h_m": 9.906, "height_imputed": true, "width_imputed": true, "neighborhood": "Squirrel Hill North", "tree_id": "t01775" }, "geometry": { "type": "Point", "coordinates": [ -79.94086762, 40.43927708 ] } },
{ "type": "Feature", "properties": { "common_name": "Hawthorn: spp.", "condition": "Fair", "height": 2.4384, "width": 1.3716, "crown_r_m": 1.0, "crown_h_m": 1.58496, "height_imputed": true, "width_imputed": true, "neighborhood": "Squirrel Hill North", "tree_id": "t01776" }, "geometry": { "type": "Point", "coordinates": [ -79.9408927, 40.43916965 ] } },
{ "type": "Feature", "properties": { "common_name": "Dogwood: Corneliancherry", "condition": "Good", "height": 2.4384, "width": 1.2192, "crown_r_m": 1.0, "crown_h_m": 1.58496, "height_imputed": true, "width_imputed": true, "neighborhood": "Squirrel Hill North", "tree_id": "t01777" }, "geometry": { "type": "Point", "coordinates": [ -79.9408431, 40.43913785 ] } },
{ "type": "Feature", "properties": { "common_name": "Dogwood: Corneliancherry", "condition": "Good", "height": 2.4384, "width": 1.2192, "crown_r_m": 1.0, "crown_h_m": 1.58496, "height_imputed": true, "width_imputed": true, "neighborhood": "Squirrel Hill North", "tree_id": "t01778" }, "geometry": { "type": "Point", "coordinates": [ -79.94078871, 40.43913451 ] } },
{ "type": "Feature", "properties": { "common_name": "Ash: White", "condition": "Fair", "height": 7.62, "width": 2.1336, "crown_r_m": 1.0668, "crown_h_m": 4.953, "height_imputed": true, "width_imputed": true, "neighborhood": "Squirrel Hill North", "tree_id": "t01779" }, "geometry": { "type": "Point", "coordinates": [ -79.94078466, 40.43909748 ] } },
{ "type": "Feature", "properties": { "common_name": "Dogwood: Corneliancherry", "condition": "Good", "height": 2.4384, "width": 1.2192, "crown_r_m": 1.0, "crown_h_m": 1.58496, "height_imputed": true, "width_imputed": true, "neighborhood": "Squirrel Hill North", "tree_id": "t01780" }, "geometry": { "type": "Point", "coordinates": [ -79.940753980000011, 40.43903258 ] } },
{ "type": "Feature", "properties": { "common_name": "Ash: White", "condition": "Poor", "height": 7.62, "width": 2.1336, "crown_r_m": 1.0668, "crown_h_m": 4.953, "height_imputed": true, "width_imputed": true, "neighborhood": "Squirrel Hill North", "tree_id": "t01781" }, "geometry": { "type": "Point", "coordinates": [ -79.94068372, 40.43903844 ] } },
{ "type": "Feature", "properties": { "common_name": "Ash: White", "condition": "Fair", "height": 7.62, "width": 2.1336, "crown_r_m": 1.0668, "crown_h_m": 4.953, "height_imputed": true, "width_imputed": true, "neighborhood": "Squirrel Hill North", "tree_id": "t01782" }, "geometry": { "type": "Point", "coordinates": [ -79.94060331, 40.43893738 ] } },
{ "type": "Feature", "properties": { "common_name": "Oak: Northern Red", "condition": "Poor", "height": 15.24, "width": 3.6576, "crown_r_m": 1.8288, "crown_h_m": 9.906, "height_imputed": true, "width_imputed": true, "neighborhood": "Squirrel Hill North", "tree_id": "t01783" }, "geometry": { "type": "Point", "coordinates": [ -79.94062981, 40.43913769 ] } },
{ "type": "Feature", "properties": { "common_name": "Oak: Northern Red", "condition": "Good", "height": 15.24, "width": 3.6576, "crown_r_m": 1.8288, "crown_h_m": 9.906, "height_imputed": true, "width_imputed": true, "neighborhood": "Squirrel Hill North", "tree_id": "t01784" }, "geometry": { "type": "Point", "coordinates": [ -79.94056117, 40.43904731 ] } },
{ "type": "Feature", "properties": { "common_name": "Oak: Northern Red", "condition": "Good", "height": 15.24, "width": 3.6576, "crown_r_m": 1.8288, "crown_h_m": 9.906, "height_imputed": true, "width_imputed": true, "neighborhood": "North Oakland", "tree_id": "t01785" }, "geometry": { "type": "Point", "coordinates": [ -79.94985488, 40.442023189999979 ] } },
{ "type": "Feature", "properties": { "common_name": "Oak: Northern Red", "condition": "Good", "height": 15.24, "width": 3.6576, "crown_r_m": 1.8288, "crown_h_m": 9.906, "height_imputed": true, "width_imputed": true, "neighborhood": "North Oakland", "tree_id": "t01786" }, "geometry": { "type": "Point", "coordinates": [ -79.94978471, 40.44209851 ] } },
{ "type": "Feature", "properties": { "common_name": "Buckeye: Ohio", "condition": "Fair", "height": 7.62, "width": 2.1336, "crown_r_m": 1.0668, "crown_h_m": 4.953, "height_imputed": true, "width_imputed": true, "neighborhood": "North Oakland", "tree_id": "t01787" }, "geometry": { "type": "Point", "coordinates": [ -79.94995774, 40.44207336 ] } },
{ "type": "Feature", "properties": { "common_name": "Oak: Northern Red", "condition": "Good", "height": 15.24, "width": 3.6576, "crown_r_m": 1.8288, "crown_h_m": 9.906, "height_imputed": true, "width_imputed": true, "neighborhood": "North Oakland", "tree_id": "t01788" }, "geometry": { "type": "Point", "coordinates": [ -79.95019326, 40.44206645 ] } },
{ "type": "Feature", "properties": { "common_name": "Oak: Northern Red", "condition": "Fair", "height": 15.24, "width": 3.6576, "crown_r_m": 1.8288, "crown_h_m": 9.906, "height_imputed": true, "width_imputed": true, "neighborhood": "North Oakland", "tree_id": "t01789" }, "geometry": { "type": "Point", "coordinates": [ -79.95026045, 40.44210216 ] } },
{ "type": "Feature", "properties": { "common_name": "Oak: Northern Red", "condition": "Good", "height": 15.24, "width": 3.6576, "crown_r_m": 1.8288, "crown_h_m": 9.906, "height_imputed": true, "width_imputed": true, "neighborhood": "North Oakland", "tree_id": "t01790" }, "geometry": { "type": "Point", "coordinates": [ -79.95029375, 40.44224612 ] } },
{ "type": "Feature", "properties": { "common_name": "London planetree", "condition": "Poor", "height": 15.24, "width": 3.6576, "crown_r_m": 1.8288, "crown_h_m": 9.906, "height_imputed": true, "width_imputed": true, "neighborhood": "North Oakland", "tree_id": "t01791" }, "geometry": { "type": "Point", "coordinates": [ -79.95031427, 40.44213308 ] } },
{ "type": "Feature", "properties": { "common_name": "Cherry/Plum: spp.", "condition": "Fair", "height": 2.8956, "width": 1.2192, "crown_r_m": 1.0, "crown_h_m": 1.88214, "height_imputed": true, "width_imputed": true, "neighborhood": "North Oakland", "tree_id": "t01792" }, "geometry": { "type": "Point", "coordinates": [ -79.9508142, 40.44234718 ] } },
{ "type": "Feature", "properties": { "common_name": "London planetree", "condition": "Fair", "height": 15.24, "width": 3.6576, "crown_r_m": 1.8288, "crown_h_m": 9.906, "height_imputed": true, "width_imputed": true, "neighborhood": "North Oakland", "tree_id": "t01793" }, "geometry": { "type": "Point", "coordinates": [ -79.95100191, 40.44236715 ] } },
{ "type": "Feature", "properties": { "common_name": "London planetree", "condition": "Good", "height": 15.24, "width": 3.6576, "crown_r_m": 1.8288, "crown_h_m": 9.906, "height_imputed": true, "width_imputed": true, "neighborhood": "North Oakland", "tree_id": "t01794" }, "geometry": { "type": "Point", "coordinates": [ -79.95114574, 40.44239131 ] } },
{ "type": "Feature", "properties": { "common_name": "London planetree", "condition": "Good", "height": 15.24, "width": 3.6576, "crown_r_m": 1.8288, "crown_h_m": 9.906, "height_imputed": true, "width_imputed": true, "neighborhood": "North Oakland", "tree_id": "t01795" }, "geometry": { "type": "Point", "coordinates": [ -79.9530708, 40.4423421 ] } },
{ "type": "Feature", "properties": { "common_name": "London planetree", "condition": "Poor", "height": 15.24, "width": 3.6576, "crown_r_m": 1.8288, "crown_h_m": 9.906, "height_imputed": true, "width_imputed": true, "neighborhood": "North Oakland", "tree_id": "t01796" }, "geometry": { "type": "Point", "coordinates": [ -79.95116932, 40.44243962 ] } },
{ "type": "Feature", "properties": { "common_name": "London planetree", "condition": "Good", "height": 15.24, "width": 3.6576, "crown_r_m": 1.8288, "crown_h_m": 9.906, "height_imputed": true, "width_imputed": true, "neighborhood": "North Oakland", "tree_id": "t01797" }, "geometry": { "type": "Point", "coordinates": [ -79.95118356, 40.44247129 ] } },
{ "type": "Feature", "properties": { "common_name": "Sweetgum: American", "condition": "Good", "height": 12.192, "width": 2.7432, "crown_r_m": 1.3716, "crown_h_m": 7.9248, "height_imputed": true, "width_imputed": true, "neighborhood": "Squirrel Hill South", "tree_id": "t01798" }, "geometry": { "type": "Point", "coordinates": [ -79.94066225, 40.43687299 ] } },
{ "type": "Feature", "properties": { "common_name": "Sweetgum: American", "condition": "Good", "height": 12.192, "width": 2.7432, "crown_r_m": 1.3716, "crown_h_m": 7.9248, "height_imputed": true, "width_imputed": true, "neighborhood": "Squirrel Hill South", "tree_id": "t01799" }, "geometry": { "type": "Point", "coordinates": [ -79.9407415, 40.43696224 ] } },
{ "type": "Feature", "properties": { "common_name": "Sycamore: American", "condition": "Good", "height": 7.62, "width": 2.1336, "crown_r_m": 1.0668, "crown_h_m": 4.953, "height_imputed": true, "width_imputed": true, "neighborhood": "Squirrel Hill South", "tree_id": "t01800" }, "geometry": { "type": "Point", "coordinates": [ -79.94069992, 40.4371186 ] } },
{ "type": "Feature", "properties": { "common_name": "Maple: Norway", "condition": "Fair", "height": 9.6012, "width": 2.4384, "crown_r_m": 1.2192, "crown_h_m": 6.24078, "height_imputed": true, "width_imputed": true, "neighborhood": "Squirrel Hill South", "tree_id": "t01801" }, "geometry": { "type": "Point", "coordinates": [ -79.94080324, 40.43782109 ] } },
{ "type": "Feature", "properties": { "common_name": "Oak: Pin", "condition": "Fair", "height": 16.764, "width": 4.572, "crown_r_m": 2.286, "crown_h_m": 10.8966, "height_imputed": true, "width_imputed": true, "neighborhood": "Squirrel Hill South", "tree_id": "t01802" }, "geometry": { "type": "Point", "coordinates": [ -79.94095955, 40.43786674 ] } },
{ "type": "Feature", "properties": { "common_name": "Oak: Pin", "condition": "Fair", "height": 16.764, "width": 4.572, "crown_r_m": 2.286, "crown_h_m": 10.8966, "height_imputed": true, "width_imputed": true, "neighborhood": "Squirrel Hill South", "tree_id": "t01803" }, "geometry": { "type": "Point", "coordinates": [ -79.9410944, 40.4379047 ] } },
{ "type": "Feature", "properties": { "common_name": "Oak: Pin", "condition": "Fair", "height": 16.764, "width": 4.572, "crown_r_m": 2.286, "crown_h_m": 10.8966, "height_imputed": true, "width_imputed": true, "neighborhood": "Squirrel Hill South", "tree_id": "t01804" }, "geometry": { "type": "Point", "coordinates": [ -79.94154991, 40.43769349 ] } },
{ "type": "Feature", "properties": { "common_name": "Oak: Pin", "condition": "Poor", "height": 16.764, "width": 4.572, "crown_r_m": 2.286, "crown_h_m": 10.8966, "height_imputed": true, "width_imputed": true, "neighborhood": "Squirrel Hill South", "tree_id": "t01805" }, "geometry": { "type": "Point", "coordinates": [ -79.94162038, 40.43770836 ] } },
{ "type": "Feature", "properties": { "common_name": "Oak: Pin", "condition": "Fair", "height": 16.764, "width": 4.572, "crown_r_m": 2.286, "crown_h_m": 10.8966, "height_imputed": true, "width_imputed": true, "neighborhood": "Squirrel Hill South", "tree_id": "t01806" }, "geometry": { "type": "Point", "coordinates": [ -79.9416908, 40.43772161 ] } },
{ "type": "Feature", "properties": { "common_name": "Oak: Pin", "condition": "Fair", "height": 16.764, "width": 4.572, "crown_r_m": 2.286, "crown_h_m": 10.8966, "height_imputed": true, "width_imputed": true, "neighborhood": "Squirrel Hill South", "tree_id": "t01807" }, "geometry": { "type": "Point", "coordinates": [ -79.94173924, 40.43771096 ] } },
{ "type": "Feature", "properties": { "common_name": "Oak: Pin", "condition": "Fair", "height": 16.764, "width": 4.572, "crown_r_m": 2.286, "crown_h_m": 10.8966, "height_imputed": true, "width_imputed": true, "neighborhood": "Squirrel Hill South", "tree_id": "t01808" }, "geometry": { "type": "Point", "coordinates": [ -79.9418795, 40.43771965 ] } },
{ "type": "Feature", "properties": { "common_name": "Oak: Pin", "condition": "Fair", "height": 16.764, "width": 4.572, "crown_r_m": 2.286, "crown_h_m": 10.8966, "height_imputed": true, "width_imputed": true, "neighborhood": "Squirrel Hill South", "tree_id": "t01809" }, "geometry": { "type": "Point", "coordinates": [ -79.94194099, 40.43765366 ] } },
{ "type": "Feature", "properties": { "common_name": "Oak: Pin", "condition": "Fair", "height": 16.764, "width": 4.572, "crown_r_m": 2.286, "crown_h_m": 10.8966, "height_imputed": true, "width_imputed": true, "neighborhood": "Squirrel Hill South", "tree_id": "t01810" }, "geometry": { "type": "Point", "coordinates": [ -79.94196066, 40.43760629 ] } },
{ "type": "Feature", "properties": { "common_name": "Oak: White", "condition": "Fair", "height": 7.62, "width": 2.1336, "crown_r_m": 1.0668, "crown_h_m": 4.953, "height_imputed": true, "width_imputed": true, "neighborhood": "Squirrel Hill South", "tree_id": "t01811" }, "geometry": { "type": "Point", "coordinates": [ -79.9419799, 40.43754596 ] } },
{ "type": "Feature", "properties": { "common_name": "Cherry: Black", "condition": "Fair", "height": 7.62, "width": 2.1336, "crown_r_m": 1.0668, "crown_h_m": 4.953, "height_imputed": true, "width_imputed": true, "neighborhood": "Squirrel Hill South", "tree_id": "t01812" }, "geometry": { "type": "Point", "coordinates": [ -79.94210965, 40.43755532 ] } },
{ "type": "Feature", "properties": { "common_name": "Oak: Pin", "condition": "Fair", "height": 16.764, "width": 4.572, "crown_r_m": 2.286, "crown_h_m": 10.8966, "height_imputed": true, "width_imputed": true, "neighborhood": "Squirrel Hill South", "tree_id": "t01813" }, "geometry": { "type": "Point", "coordinates": [ -79.94212396, 40.43753885000001 ] } },
{ "type": "Feature", "properties": { "common_name": "Tree-of-Heaven", "condition": "Fair", "height": 11.43, "width": 4.4196, "crown_r_m": 2.2098, "crown_h_m": 7.4295, "height_imputed": true, "width_imputed": true, "neighborhood": "Squirrel Hill South", "tree_id": "t01814" }, "geometry": { "type": "Point", "coordinates": [ -79.94213006, 40.43753063 ] } },
{ "type": "Feature", "properties": { "common_name": "Birch: European White", "condition": "Poor", "height": 7.62, "width": 2.1336, "crown_r_m": 1.0668, "crown_h_m": 4.953, "height_imputed": true, "width_imputed": true, "neighborhood": "Squirrel Hill South", "tree_id": "t01815" }, "geometry": { "type": "Point", "coordinates": [ -79.94322715, 40.43700351 ] } },
{ "type": "Feature", "properties": { "common_name": "Locust: Black", "condition": "Poor", "height": 13.716, "width": 4.572, "crown_r_m": 2.286, "crown_h_m": 8.9154, "height_imputed": true, "width_imputed": true, "neighborhood": "Squirrel Hill South", "tree_id": "t01816" }, "geometry": { "type": "Point", "coordinates": [ -79.94357351, 40.4372644 ] } },
{ "type": "Feature", "properties": { "common_name": "Locust: Black", "condition": "Poor", "height": 13.716, "width": 4.572, "crown_r_m": 2.286, "crown_h_m": 8.9154, "height_imputed": true, "width_imputed": true, "neighborhood": "Squirrel Hill South", "tree_id": "t01817" }, "geometry": { "type": "Point", "coordinates": [ -79.94346232, 40.4374525 ] } },
{ "type": "Feature", "properties": { "common_name": "Maple: Sugar", "condition": "Poor", "height": 9.4488, "width": 2.4384, "crown_r_m": 1.2192, "crown_h_m": 6.14172, "height_imputed": true, "width_imputed": true, "neighborhood": "Squirrel Hill South", "tree_id": "t01818" }, "geometry": { "type": "Point", "coordinates": [ -79.94317855, 40.43767193 ] } },
{ "type": "Feature", "properties": { "common_name": "Maple: Sugar", "condition": "Fair", "height": 9.4488, "width": 2.4384, "crown_r_m": 1.2192, "crown_h_m": 6.14172, "height_imputed": true, "width_imputed": true, "neighborhood": "Squirrel Hill South", "tree_id": "t01819" }, "geometry": { "type": "Point", "coordinates": [ -79.94309121, 40.43772544 ] } },
{ "type": "Feature", "properties": { "common_name": "Maple: Norway", "condition": "Good", "height": 9.6012, "width": 2.4384, "crown_r_m": 1.2192, "crown_h_m": 6.24078, "height_imputed": true, "width_imputed": true, "neighborhood": "Squirrel Hill South", "tree_id": "t01820" }, "geometry": { "type": "Point", "coordinates": [ -79.94292275, 40.43734331 ] } },
{ "type": "Feature", "properties": { "common_name": "Oak: White", "condition": "Good", "height": 7.62, "width": 2.1336, "crown_r_m": 1.0668, "crown_h_m": 4.953, "height_imputed": true, "width_imputed": true, "neighborhood": "Squirrel Hill South", "tree_id": "t01821" }, "geometry": { "type": "Point", "coordinates": [ -79.94273415, 40.43760942 ] } },
{ "type": "Feature", "properties": { "common_name": "Honeylocust", "condition": "Poor", "height": 4.572, "width": 2.1336, "crown_r_m": 1.0668, "crown_h_m": 2.9718, "height_imputed": true, "width_imputed": true, "neighborhood": "Squirrel Hill South", "tree_id": "t01822" }, "geometry": { "type": "Point", "coordinates": [ -79.94281559, 40.43814458 ] } },
{ "type": "Feature", "properties": { "common_name": "Maple: Norway", "condition": "Poor", "height": 9.6012, "width": 2.4384, "crown_r_m": 1.2192, "crown_h_m": 6.24078, "height_imputed": true, "width_imputed": true, "neighborhood": "Squirrel Hill South", "tree_id": "t01823" }, "geometry": { "type": "Point", "coordinates": [ -79.94236718, 40.43811744 ] } },
{ "type": "Feature", "properties": { "common_name": "Oak: Pin", "condition": "Fair", "height": 16.764, "width": 4.572, "crown_r_m": 2.286, "crown_h_m": 10.8966, "height_imputed": true, "width_imputed": true, "neighborhood": "Squirrel Hill South", "tree_id": "t01824" }, "geometry": { "type": "Point", "coordinates": [ -79.94237933, 40.43841828 ] } },
{ "type": "Feature", "properties": { "common_name": "Maple: Norway", "condition": "Good", "height": 9.6012, "width": 2.4384, "crown_r_m": 1.2192, "crown_h_m": 6.24078, "height_imputed": true, "width_imputed": true, "neighborhood": "Squirrel Hill South", "tree_id": "t01825" }, "geometry": { "type": "Point", "coordinates": [ -79.94172329, 40.43826309 ] } },
{ "type": "Feature", "properties": { "common_name": "Maple: Norway", "condition": "Fair", "height": 9.6012, "width": 2.4384, "crown_r_m": 1.2192, "crown_h_m": 6.24078, "height_imputed": true, "width_imputed": true, "neighborhood": "Squirrel Hill South", "tree_id": "t01826" }, "geometry": { "type": "Point", "coordinates": [ -79.94176902, 40.438726879999983 ] } },
{ "type": "Feature", "properties": { "common_name": "London planetree", "condition": "Fair", "height": 15.24, "width": 3.6576, "crown_r_m": 1.8288, "crown_h_m": 9.906, "height_imputed": true, "width_imputed": true, "neighborhood": "North Oakland", "tree_id": "t01827" }, "geometry": { "type": "Point", "coordinates": [ -79.95121265, 40.44241862 ] } },
{ "type": "Feature", "properties": { "common_name": "London planetree", "condition": "Fair", "height": 15.24, "width": 3.6576, "crown_r_m": 1.8288, "crown_h_m": 9.906, "height_imputed": true, "width_imputed": true, "neighborhood": "North Oakland", "tree_id": "t01828" }, "geometry": { "type": "Point", "coordinates": [ -79.95123376, 40.44245857 ] } },
{ "type": "Feature", "properties": { "common_name": "London planetree", "condition": "Poor", "height": 15.24, "width": 3.6576, "crown_r_m": 1.8288, "crown_h_m": 9.906, "height_imputed": true, "width_imputed": true, "neighborhood": "North Oakland", "tree_id": "t01829" }, "geometry": { "type": "Point", "coordinates": [ -79.95125943, 40.44250348 ] } },
{ "type": "Feature", "properties": { "common_name": "Maple: Norway", "condition": "Good", "height": 9.6012, "width": 2.4384, "crown_r_m": 1.2192, "crown_h_m": 6.24078, "height_imputed": true, "width_imputed": true, "neighborhood": "Squirrel Hill South", "tree_id": "t01830" }, "geometry": { "type": "Point", "coordinates": [ -79.94171895, 40.43868731 ] } },
{ "type": "Feature", "properties": { "common_name": "Maple: Norway", "condition": "Good", "height": 9.6012, "width": 2.4384, "crown_r_m": 1.2192, "crown_h_m": 6.24078, "height_imputed": true, "width_imputed": true, "neighborhood": "Squirrel Hill South", "tree_id": "t01831" }, "geometry": { "type": "Point", "coordinates": [ -79.94169297, 40.43873642 ] } },
{ "type": "Feature", "properties": { "common_name": "Maple: Norway", "condition": "Poor", "height": 9.6012, "width": 2.4384, "crown_r_m": 1.2192, "crown_h_m": 6.24078, "height_imputed": true, "width_imputed": true, "neighborhood": "Squirrel Hill South", "tree_id": "t01832" }, "geometry": { "type": "Point", "coordinates": [ -79.94164068, 40.43869366 ] } },
{ "type": "Feature", "properties": { "common_name": "Mulberry: White", "condition": "Poor", "height": 9.144, "width": 3.048, "crown_r_m": 1.524, "crown_h_m": 5.9436, "height_imputed": true, "width_imputed": true, "neighborhood": "Squirrel Hill South", "tree_id": "t01833" }, "geometry": { "type": "Point", "coordinates": [ -79.94144453, 40.4385969 ] } },
{ "type": "Feature", "properties": { "common_name": "Oak: Pin", "condition": "Fair", "height": 16.764, "width": 4.572, "crown_r_m": 2.286, "crown_h_m": 10.8966, "height_imputed": true, "width_imputed": true, "neighborhood": "Squirrel Hill South", "tree_id": "t01834" }, "geometry": { "type": "Point", "coordinates": [ -79.940715030000021, 40.43802031 ] } },
{ "type": "Feature", "properties": { "common_name": "Oak: Pin", "condition": "Poor", "height": 16.764, "width": 4.572, "crown_r_m": 2.286, "crown_h_m": 10.8966, "height_imputed": true, "width_imputed": true, "neighborhood": "Squirrel Hill South", "tree_id": "t01835" }, "geometry": { "type": "Point", "coordinates": [ -79.94065498, 40.43806521 ] } },
{ "type": "Feature", "properties": { "common_name": "Oak: Pin", "condition": "Fair", "height": 16.764, "width": 4.572, "crown_r_m": 2.286, "crown_h_m": 10.8966, "height_imputed": true, "width_imputed": true, "neighborhood": "Squirrel Hill South", "tree_id": "t01836" }, "geometry": { "type": "Point", "coordinates": [ -79.94057744, 40.43809423 ] } },
{ "type": "Feature", "properties": { "common_name": "Ginkgo", "condition": "Fair", "height": 3.6576, "width": 1.524, "crown_r_m": 1.0, "crown_h_m": 2.37744, "height_imputed": true, "width_imputed": true, "neighborhood": "Squirrel Hill South", "tree_id": "t01837" }, "geometry": { "type": "Point", "coordinates": [ -79.94256581, 40.44038708 ] } },
{ "type": "Feature", "properties": { "common_name": "Ginkgo", "condition": "Poor", "height": 3.6576, "width": 1.524, "crown_r_m": 1.0, "crown_h_m": 2.37744, "height_imputed": true, "width_imputed": true, "neighborhood": "Squirrel Hill South", "tree_id": "t01838" }, "geometry": { "type": "Point", "coordinates": [ -79.94264476, 40.44040179000001 ] } },
{ "type": "Feature", "properties": { "common_name": "Oak: Swamp White", "condition": "Fair", "height": 3.3528, "width": 1.524, "crown_r_m": 1.0, "crown_h_m": 2.17932, "height_imputed": true, "width_imputed": true, "neighborhood": "Squirrel Hill South", "tree_id": "t01839" }, "geometry": { "type": "Point", "coordinates": [ -79.94262551, 40.440462119999985 ] } },
{ "type": "Feature", "properties": { "common_name": "Ginkgo", "condition": "Fair", "height": 3.6576, "width": 1.524, "crown_r_m": 1.0, "crown_h_m": 2.37744, "height_imputed": true, "width_imputed": true, "neighborhood": "Squirrel Hill South", "tree_id": "t01840" }, "geometry": { "type": "Point", "coordinates": [ -79.94269256, 40.44043654 ] } },
{ "type": "Feature", "properties": { "common_name": "Oak: Bur", "condition": "Poor", "height": 7.62, "width": 2.1336, "crown_r_m": 1.0668, "crown_h_m": 4.953, "height_imputed": true, "width_imputed": true, "neighborhood": "Squirrel Hill South", "tree_id": "t01841" }, "geometry": { "type": "Point", "coordinates": [ -79.94268152, 40.44048861 ] } },
{ "type": "Feature", "properties": { "common_name": "Oak: Bur", "condition": "Fair", "height": 7.62, "width": 2.1336, "crown_r_m": 1.0668, "crown_h_m": 4.953, "height_imputed": true, "width_imputed": true, "neighborhood": "Squirrel Hill South", "tree_id": "t01842" }, "geometry": { "type": "Point", "coordinates": [ -79.94274438, 40.44046472 ] } },
{ "type": "Feature", "properties": { "common_name": "Ginkgo", "condition": "Fair", "height": 3.6576, "width": 1.524, "crown_r_m": 1.0, "crown_h_m": 2.37744, "height_imputed": true, "width_imputed": true, "neighborhood": "Squirrel Hill South", "tree_id": "t01843" }, "geometry": { "type": "Point", "coordinates": [ -79.94296054, 40.440459 ] } },
{ "type": "Feature", "properties": { "common_name": "Oak: Bur", "condition": "Fair", "height": 7.62, "width": 2.1336, "crown_r_m": 1.0668, "crown_h_m": 4.953, "height_imputed": true, "width_imputed": true, "neighborhood": "Squirrel Hill South", "tree_id": "t01844" }, "geometry": { "type": "Point", "coordinates": [ -79.94285982, 40.440362059999984 ] } },
{ "type": "Feature", "properties": { "common_name": "Locust: Black", "condition": "Poor", "height": 13.716, "width": 4.572, "crown_r_m": 2.286, "crown_h_m": 8.9154, "height_imputed": true, "width_imputed": true, "neighborhood": "Squirrel Hill South", "tree_id": "t01845" }, "geometry": { "type": "Point", "coordinates": [ -79.94289741, 40.4402787 ] } },
{ "type": "Feature", "properties": { "common_name": "Elm: American", "condition": "Fair", "height": 4.572, "width": 1.8288, "crown_r_m": 1.0, "crown_h_m": 2.9718, "height_imputed": true, "width_imputed": true, "neighborhood": "Squirrel Hill South", "tree_id": "t01846" }, "geometry": { "type": "Point", "coordinates": [ -79.94303016, 40.44025187 ] } },
{ "type": "Feature", "properties": { "common_name": "Oak: Pin", "condition": "Poor", "height": 16.764, "width": 4.572, "crown_r_m": 2.286, "crown_h_m": 10.8966, "height_imputed": true, "width_imputed": true, "neighborhood": "Squirrel Hill South", "tree_id": "t01847" }, "geometry": { "type": "Point", "coordinates": [ -79.94311925, 40.44018698 ] } },
{ "type": "Feature", "properties": { "common_name": "Oak: Bur", "condition": "Fair", "height": 7.62, "width": 2.1336, "crown_r_m": 1.0668, "crown_h_m": 4.953, "height_imputed": true, "width_imputed": true, "neighborhood": "Squirrel Hill South", "tree_id": "t01848" }, "geometry": { "type": "Point", "coordinates": [ -79.94300545, 40.44033985 ] } },
{ "type": "Feature", "properties": { "common_name": "Coffeetree: Kentucky", "condition": "Fair", "height": 7.62, "width": 2.1336, "crown_r_m": 1.0668, "crown_h_m": 4.953, "height_imputed": true, "width_imputed": true, "neighborhood": "Squirrel Hill South", "tree_id": "t01849" }, "geometry": { "type": "Point", "coordinates": [ -79.94246247, 40.44040525 ] } },
{ "type": "Feature", "properties": { "common_name": "Coffeetree: Kentucky", "condition": "Fair", "height": 7.62, "width": 2.1336, "crown_r_m": 1.0668, "crown_h_m": 4.953, "height_imputed": true, "width_imputed": true, "neighborhood": "Squirrel Hill South", "tree_id": "t01850" }, "geometry": { "type": "Point", "coordinates": [ -79.94252641, 40.44048020000001 ] } },
{ "type": "Feature", "properties": { "common_name": "Oak: Northern Red", "condition": "Poor", "height": 15.24, "width": 3.6576, "crown_r_m": 1.8288, "crown_h_m": 9.906, "height_imputed": true, "width_imputed": true, "neighborhood": "Squirrel Hill South", "tree_id": "t01851" }, "geometry": { "type": "Point", "coordinates": [ -79.942986300000015, 40.44040341 ] } },
{ "type": "Feature", "properties": { "common_name": "Oak: Pin", "condition": "Poor", "height": 16.764, "width": 4.572, "crown_r_m": 2.286, "crown_h_m": 10.8966, "height_imputed": true, "width_imputed": true, "neighborhood": "Squirrel Hill South", "tree_id": "t01852" }, "geometry": { "type": "Point", "coordinates": [ -79.94309828, 40.44038994 ] } },
{ "type": "Feature", "properties": { "common_name": "Ginkgo", "condition": "Poor", "height": 3.6576, "width": 1.524, "crown_r_m": 1.0, "crown_h_m": 2.37744, "height_imputed": true, "width_imputed": true, "neighborhood": "Squirrel Hill South", "tree_id": "t01853" }, "geometry": { "type": "Point", "coordinates": [ -79.94308977, 40.44051975 ] } },
{ "type": "Feature", "properties": { "common_name": "Oak: Northern Red", "condition": "Fair", "height": 15.24, "width": 3.6576, "crown_r_m": 1.8288, "crown_h_m": 9.906, "height_imputed": true, "width_imputed": true, "neighborhood": "Squirrel Hill South", "tree_id": "t01854" }, "geometry": { "type": "Point", "coordinates": [ -79.94319618, 40.4405307 ] } },
{ "type": "Feature", "properties": { "common_name": "Ginkgo", "condition": "Poor", "height": 3.6576, "width": 1.524, "crown_r_m": 1.0, "crown_h_m": 2.37744, "height_imputed": true, "width_imputed": true, "neighborhood": "Squirrel Hill South", "tree_id": "t01855" }, "geometry": { "type": "Point", "coordinates": [ -79.94324849, 40.44050864 ] } },
{ "type": "Feature", "properties": { "common_name": "Oak: Bur", "condition": "Poor", "height": 7.62, "width": 2.1336, "crown_r_m": 1.0668, "crown_h_m": 4.953, "height_imputed": true, "width_imputed": true, "neighborhood": "Squirrel Hill South", "tree_id": "t01856" }, "geometry": { "type": "Point", "coordinates": [ -79.94331376, 40.44055926 ] } },
{ "type": "Feature", "properties": { "common_name": "Oak: Pin", "condition": "Fair", "height": 16.764, "width": 4.572, "crown_r_m": 2.286, "crown_h_m": 10.8966, "height_imputed": true, "width_imputed": true, "neighborhood": "Squirrel Hill South", "tree_id": "t01857" }, "geometry": { "type": "Point", "coordinates": [ -79.943311820000019, 40.44049933 ] } },
{ "type": "Feature", "properties": { "common_name": "Oak: Bur", "condition": "Fair", "height": 7.62, "width": 2.1336, "crown_r_m": 1.0668, "crown_h_m": 4.953, "height_imputed": true, "width_imputed": true, "neighborhood": "Squirrel Hill South", "tree_id": "t01858" }, "geometry": { "type": "Point", "coordinates": [ -79.94338203, 40.4405061 ] } },
{ "type": "Feature", "properties": { "common_name": "Oak: Bur", "condition": "Good", "height": 7.62, "width": 2.1336, "crown_r_m": 1.0668, "crown_h_m": 4.953, "height_imputed": true, "width_imputed": true, "neighborhood": "Squirrel Hill South", "tree_id": "t01859" }, "geometry": { "type": "Point", "coordinates": [ -79.94352772, 40.44042069 ] } },
{ "type": "Feature", "properties": { "common_name": "Oak: Bur", "condition": "Fair", "height": 7.62, "width": 2.1336, "crown_r_m": 1.0668, "crown_h_m": 4.953, "height_imputed": true, "width_imputed": true, "neighborhood": "Squirrel Hill South", "tree_id": "t01860" }, "geometry": { "type": "Point", "coordinates": [ -79.94356806, 40.44035672 ] } },
{ "type": "Feature", "properties": { "common_name": "Oak: Bur", "condition": "Fair", "height": 7.62, "width": 2.1336, "crown_r_m": 1.0668, "crown_h_m": 4.953, "height_imputed": true, "width_imputed": true, "neighborhood": "Squirrel Hill South", "tree_id": "t01861" }, "geometry": { "type": "Point", "coordinates": [ -79.943598310000013, 40.44043879 ] } },
{ "type": "Feature", "properties": { "common_name": "Oak: Pin", "condition": "Good", "height": 16.764, "width": 4.572, "crown_r_m": 2.286, "crown_h_m": 10.8966, "height_imputed": true, "width_imputed": true, "neighborhood": "Squirrel Hill South", "tree_id": "t01862" }, "geometry": { "type": "Point", "coordinates": [ -79.94371559, 40.44039281 ] } },
{ "type": "Feature", "properties": { "common_name": "Linden: Littleleaf", "condition": "Poor", "height": 10.668, "width": 2.7432, "crown_r_m": 1.3716, "crown_h_m": 6.9342, "height_imputed": true, "width_imputed": true, "neighborhood": "Squirrel Hill South", "tree_id": "t01863" }, "geometry": { "type": "Point", "coordinates": [ -79.94388349, 40.44027294 ] } },
{ "type": "Feature", "properties": { "common_name": "Linden: Littleleaf", "condition": "Good", "height": 10.668, "width": 2.7432, "crown_r_m": 1.3716, "crown_h_m": 6.9342, "height_imputed": true, "width_imputed": true, "neighborhood": "Squirrel Hill South", "tree_id": "t01864" }, "geometry": { "type": "Point", "coordinates": [ -79.94387068, 40.44020512 ] } },
{ "type": "Feature", "properties": { "common_name": "Oak: White", "condition": "Good", "height": 7.62, "width": 2.1336, "crown_r_m": 1.0668, "crown_h_m": 4.953, "height_imputed": true, "width_imputed": true, "neighborhood": "Squirrel Hill South", "tree_id": "t01865" }, "geometry": { "type": "Point", "coordinates": [ -79.94391218, 40.44017679 ] } },
{ "type": "Feature", "properties": { "common_name": "Oak: Bur", "condition": "Good", "height": 7.62, "width": 2.1336, "crown_r_m": 1.0668, "crown_h_m": 4.953, "height_imputed": true, "width_imputed": true, "neighborhood": "Squirrel Hill South", "tree_id": "t01866" }, "geometry": { "type": "Point", "coordinates": [ -79.94398319, 40.44020785 ] } },
{ "type": "Feature", "properties": { "common_name": "Oak: Bur", "condition": "Good", "height": 7.62, "width": 2.1336, "crown_r_m": 1.0668, "crown_h_m": 4.953, "height_imputed": true, "width_imputed": true, "neighborhood": "Squirrel Hill South", "tree_id": "t01867" }, "geometry": { "type": "Point", "coordinates": [ -79.94405165, 40.440226 ] } },
{ "type": "Feature", "properties": { "common_name": "Oak: Bur", "condition": "Good", "height": 7.62, "width": 2.1336, "crown_r_m": 1.0668, "crown_h_m": 4.953, "height_imputed": true, "width_imputed": true, "neighborhood": "Squirrel Hill South", "tree_id": "t01868" }, "geometry": { "type": "Point", "coordinates": [ -79.94412081, 40.44020037 ] } },
{ "type": "Feature", "properties": { "common_name": "Ash: Green", "condition": "Poor", "height": 5.334, "width": 2.286, "crown_r_m": 1.143, "crown_h_m": 3.4671, "height_imputed": true, "width_imputed": true, "neighborhood": "Squirrel Hill South", "tree_id": "t01869" }, "geometry": { "type": "Point", "coordinates": [ -79.94391764, 40.44014913 ] } },
{ "type": "Feature", "properties": { "common_name": "Linden: Silver", "condition": "Fair", "height": 3.6576, "width": 1.524, "crown_r_m": 1.0, "crown_h_m": 2.37744, "height_imputed": true, "width_imputed": true, "neighborhood": "Squirrel Hill South", "tree_id": "t01870" }, "geometry": { "type": "Point", "coordinates": [ -79.94362366, 40.44054186 ] } },
{ "type": "Feature", "properties": { "common_name": "Osage-orange", "condition": "Fair", "height": 7.62, "width": 2.1336, "crown_r_m": 1.0668, "crown_h_m": 4.953, "height_imputed": true, "width_imputed": true, "neighborhood": "Squirrel Hill South", "tree_id": "t01871" }, "geometry": { "type": "Point", "coordinates": [ -79.94371343, 40.44032641 ] } },
{ "type": "Feature", "properties": { "common_name": "Linden: Silver", "condition": "Good", "height": 3.6576, "width": 1.524, "crown_r_m": 1.0, "crown_h_m": 2.37744, "height_imputed": true, "width_imputed": true, "neighborhood": "Squirrel Hill South", "tree_id": "t01872" }, "geometry": { "type": "Point", "coordinates": [ -79.94373796, 40.44059965 ] } },
{ "type": "Feature", "properties": { "common_name": "Oak: Bur", "condition": "Good", "height": 7.62, "width": 2.1336, "crown_r_m": 1.0668, "crown_h_m": 4.953, "height_imputed": true, "width_imputed": true, "neighborhood": "Squirrel Hill South", "tree_id": "t01873" }, "geometry": { "type": "Point", "coordinates": [ -79.9438423, 40.44061225 ] } },
{ "type": "Feature", "properties": { "common_name": "Ash: Green", "condition": "Poor", "height": 5.334, "width": 2.286, "crown_r_m": 1.143, "crown_h_m": 3.4671, "height_imputed": true, "width_imputed": true, "neighborhood": "Squirrel Hill South", "tree_id": "t01874" }, "geometry": { "type": "Point", "coordinates": [ -79.9438465, 40.44054573 ] } },
{ "type": "Feature", "properties": { "common_name": "Honeylocust", "condition": "Poor", "height": 4.572, "width": 2.1336, "crown_r_m": 1.0668, "crown_h_m": 2.9718, "height_imputed": true, "width_imputed": true, "neighborhood": "Squirrel Hill South", "tree_id": "t01875" }, "geometry": { "type": "Point", "coordinates": [ -79.94390473, 40.44057541 ] } },
{ "type": "Feature", "properties": { "common_name": "Honeylocust", "condition": "Poor", "height": 4.572, "width": 2.1336, "crown_r_m": 1.0668, "crown_h_m": 2.9718, "height_imputed": true, "width_imputed": true, "neighborhood": "Squirrel Hill South", "tree_id": "t01876" }, "geometry": { "type": "Point", "coordinates": [ -79.9439713, 40.44053526 ] } },
{ "type": "Feature", "properties": { "common_name": "Honeylocust", "condition": "Poor", "height": 4.572, "width": 2.1336, "crown_r_m": 1.0668, "crown_h_m": 2.9718, "height_imputed": true, "width_imputed": true, "neighborhood": "Squirrel Hill South", "tree_id": "t01877" }, "geometry": { "type": "Point", "coordinates": [ -79.94407245, 40.44058033 ] } },
{ "type": "Feature", "properties": { "common_name": "Honeylocust", "condition": "Poor", "height": 4.572, "width": 2.1336, "crown_r_m": 1.0668, "crown_h_m": 2.9718, "height_imputed": true, "width_imputed": true, "neighborhood": "Squirrel Hill South", "tree_id": "t01878" }, "geometry": { "type": "Point", "coordinates": [ -79.94412031, 40.44055188 ] } },
{ "type": "Feature", "properties": { "common_name": "Ash: White", "condition": "Fair", "height": 7.62, "width": 2.1336, "crown_r_m": 1.0668, "crown_h_m": 4.953, "height_imputed": true, "width_imputed": true, "neighborhood": "Squirrel Hill South", "tree_id": "t01879" }, "geometry": { "type": "Point", "coordinates": [ -79.944108, 40.44036898 ] } },
{ "type": "Feature", "properties": { "common_name": "Osage-orange", "condition": "Good", "height": 7.62, "width": 2.1336, "crown_r_m": 1.0668, "crown_h_m": 4.953, "height_imputed": true, "width_imputed": true, "neighborhood": "Squirrel Hill South", "tree_id": "t01880" }, "geometry": { "type": "Point", "coordinates": [ -79.94379239, 40.44057755 ] } },
{ "type": "Feature", "properties": { "common_name": "Arborvitae: Eastern", "condition": "Good", "height": 2.1336, "width": 0.6096, "crown_r_m": 1.0, "crown_h_m": 1.5, "height_imputed": true, "width_imputed": true, "neighborhood": "Squirrel Hill South", "tree_id": "t01881" }, "geometry": { "type": "Point", "coordinates": [ -79.94634317, 40.4394014 ] } },
{ "type": "Feature", "properties": { "common_name": "Arborvitae: Eastern", "condition": "Good", "height": 2.1336, "width": 0.6096, "crown_r_m": 1.0, "crown_h_m": 1.5, "height_imputed": true, "width_imputed": true, "neighborhood": "Squirrel Hill South", "tree_id": "t01882" }, "geometry": { "type": "Point", "coordinates": [ -79.94635446, 40.43935743 ] } },
{ "type": "Feature", "properties": { "common_name": "Arborvitae: Eastern", "condition": "Good", "height": 2.1336, "width": 0.6096, "crown_r_m": 1.0, "crown_h_m": 1.5, "height_imputed": true, "width_imputed": true, "neighborhood": "Squirrel Hill South", "tree_id": "t01883" }, "geometry": { "type": "Point", "coordinates": [ -79.94632643, 40.43934338 ] } },
{ "type": "Feature", "properties": { "common_name": "Arborvitae: Eastern", "condition": "Good", "height": 2.1336, "width": 0.6096, "crown_r_m": 1.0, "crown_h_m": 1.5, "height_imputed": true, "width_imputed": true, "neighborhood": "Squirrel Hill South", "tree_id": "t01884" }, "geometry": { "type": "Point", "coordinates": [ -79.94629846, 40.43933095 ] } },
{ "type": "Feature", "properties": { "common_name": "Arborvitae: Eastern", "condition": "Fair", "height": 2.1336, "width": 0.6096, "crown_r_m": 1.0, "crown_h_m": 1.5, "height_imputed": true, "width_imputed": true, "neighborhood": "Squirrel Hill South", "tree_id": "t01885" }, "geometry": { "type": "Point", "coordinates": [ -79.94626831, 40.439316939999983 ] } },
{ "type": "Feature", "properties": { "common_name": "Arborvitae: Eastern", "condition": "Good", "height": 2.1336, "width": 0.6096, "crown_r_m": 1.0, "crown_h_m": 1.5, "height_imputed": true, "width_imputed": true, "neighborhood": "Squirrel Hill South", "tree_id": "t01886" }, "geometry": { "type": "Point", "coordinates": [ -79.946220830000016, 40.43929191 ] } },
{ "type": "Feature", "properties": { "common_name": "Arborvitae: Eastern", "condition": "Good", "height": 2.1336, "width": 0.6096, "crown_r_m": 1.0, "crown_h_m": 1.5, "height_imputed": true, "width_imputed": true, "neighborhood": "Squirrel Hill South", "tree_id": "t01887" }, "geometry": { "type": "Point", "coordinates": [ -79.94618122, 40.439273639999989 ] } },
{ "type": "Feature", "properties": { "common_name": "Arborvitae: Eastern", "condition": "Fair", "height": 2.1336, "width": 0.6096, "crown_r_m": 1.0, "crown_h_m": 1.5, "height_imputed": true, "width_imputed": true, "neighborhood": "Squirrel Hill South", "tree_id": "t01888" }, "geometry": { "type": "Point", "coordinates": [ -79.94615128, 40.4392661 ] } },
{ "type": "Feature", "properties": { "common_name": "Arborvitae: Eastern", "condition": "Fair", "height": 2.1336, "width": 0.6096, "crown_r_m": 1.0, "crown_h_m": 1.5, "height_imputed": true, "width_imputed": true, "neighborhood": "Squirrel Hill South", "tree_id": "t01889" }, "geometry": { "type": "Point", "coordinates": [ -79.94612347, 40.43925853 ] } },
{ "type": "Feature", "properties": { "common_name": "Arborvitae: Eastern", "condition": "Good", "height": 2.1336, "width": 0.6096, "crown_r_m": 1.0, "crown_h_m": 1.5, "height_imputed": true, "width_imputed": true, "neighborhood": "Squirrel Hill South", "tree_id": "t01890" }, "geometry": { "type": "Point", "coordinates": [ -79.94608913, 40.43924622 ] } },
{ "type": "Feature", "properties": { "common_name": "Arborvitae: Eastern", "condition": "Good", "height": 2.1336, "width": 0.6096, "crown_r_m": 1.0, "crown_h_m": 1.5, "height_imputed": true, "width_imputed": true, "neighborhood": "Squirrel Hill South", "tree_id": "t01891" }, "geometry": { "type": "Point", "coordinates": [ -79.94606619, 40.43919317000001 ] } },
{ "type": "Feature", "properties": { "common_name": "Arborvitae: Eastern", "condition": "Fair", "height": 2.1336, "width": 0.6096, "crown_r_m": 1.0, "crown_h_m": 1.5, "height_imputed": true, "width_imputed": true, "neighborhood": "Squirrel Hill South", "tree_id": "t01892" }, "geometry": { "type": "Point", "coordinates": [ -79.94605056, 40.43916916 ] } },
{ "type": "Feature", "properties": { "common_name": "Arborvitae: Eastern", "condition": "Poor", "height": 2.1336, "width": 0.6096, "crown_r_m": 1.0, "crown_h_m": 1.5, "height_imputed": true, "width_imputed": true, "neighborhood": "Squirrel Hill South", "tree_id": "t01893" }, "geometry": { "type": "Point", "coordinates": [ -79.9460308, 40.43914847 ] } },
{ "type": "Feature", "properties": { "common_name": "Arborvitae: Eastern", "condition": "Fair", "height": 2.1336, "width": 0.6096, "crown_r_m": 1.0, "crown_h_m": 1.5, "height_imputed": true, "width_imputed": true, "neighborhood": "Squirrel Hill South", "tree_id": "t01894" }, "geometry": { "type": "Point", "coordinates": [ -79.94602143, 40.4391211 ] } },
{ "type": "Feature", "properties": { "common_name": "Arborvitae: Eastern", "condition": "Good", "height": 2.1336, "width": 0.6096, "crown_r_m": 1.0, "crown_h_m": 1.5, "height_imputed": true, "width_imputed": true, "neighborhood": "Squirrel Hill South", "tree_id": "t01895" }, "geometry": { "type": "Point", "coordinates": [ -79.94602175, 40.43906599000001 ] } },
{ "type": "Feature", "properties": { "common_name": "Arborvitae: Eastern", "condition": "Good", "height": 2.1336, "width": 0.6096, "crown_r_m": 1.0, "crown_h_m": 1.5, "height_imputed": true, "width_imputed": true, "neighborhood": "Squirrel Hill South", "tree_id": "t01896" }, "geometry": { "type": "Point", "coordinates": [ -79.94606134, 40.43904417 ] } },
{ "type": "Feature", "properties": { "common_name": "Arborvitae: Eastern", "condition": "Fair", "height": 2.1336, "width": 0.6096, "crown_r_m": 1.0, "crown_h_m": 1.5, "height_imputed": true, "width_imputed": true, "neighborhood": "Squirrel Hill South", "tree_id": "t01897" }, "geometry": { "type": "Point", "coordinates": [ -79.94609418, 40.43901628 ] } },
{ "type": "Feature", "properties": { "common_name": "Arborvitae: Eastern", "condition": "Good", "height": 2.1336, "width": 0.6096, "crown_r_m": 1.0, "crown_h_m": 1.5, "height_imputed": true, "width_imputed": true, "neighborhood": "Central Oakland", "tree_id": "t01898" }, "geometry": { "type": "Point", "coordinates": [ -79.95153755, 40.44173363 ] } },
{ "type": "Feature", "properties": { "common_name": "Arborvitae: Eastern", "condition": "Good", "height": 2.1336, "width": 0.6096, "crown_r_m": 1.0, "crown_h_m": 1.5, "height_imputed": true, "width_imputed": true, "neighborhood": "Central Oakland", "tree_id": "t01899" }, "geometry": { "type": "Point", "coordinates": [ -79.95142166, 40.44188103 ] } },
{ "type": "Feature", "properties": { "common_name": "Arborvitae: Eastern", "condition": "Fair", "height": 2.1336, "width": 0.6096, "crown_r_m": 1.0, "crown_h_m": 1.5, "height_imputed": true, "width_imputed": true, "neighborhood": "Squirrel Hill South", "tree_id": "t01900" }, "geometry": { "type": "Point", "coordinates": [ -79.94211545, 40.43838691 ] } },
{ "type": "Feature", "properties": { "common_name": "Arborvitae: Eastern", "condition": "Fair", "height": 2.1336, "width": 0.6096, "crown_r_m": 1.0, "crown_h_m": 1.5, "height_imputed": true, "width_imputed": true, "neighborhood": "Squirrel Hill South", "tree_id": "t01901" }, "geometry": { "type": "Point", "coordinates": [ -79.94209597, 40.4383953 ] } },
{ "type": "Feature", "properties": { "common_name": "Arborvitae: Eastern", "condition": "Poor", "height": 2.1336, "width": 0.6096, "crown_r_m": 1.0, "crown_h_m": 1.5, "height_imputed": true, "width_imputed": true, "neighborhood": "Squirrel Hill South", "tree_id": "t01902" }, "geometry": { "type": "Point", "coordinates": [ -79.94206798, 40.43840523 ] } },
{ "type": "Feature", "properties": { "common_name": "Arborvitae: Eastern", "condition": "Poor", "height": 2.1336, "width": 0.6096, "crown_r_m": 1.0, "crown_h_m": 1.5, "height_imputed": true, "width_imputed": true, "neighborhood": "Squirrel Hill South", "tree_id": "t01903" }, "geometry": { "type": "Point", "coordinates": [ -79.94204466, 40.43840756 ] } },
{ "type": "Feature", "properties": { "common_name": "Arborvitae: Eastern", "condition": "Fair", "height": 2.1336, "width": 0.6096, "crown_r_m": 1.0, "crown_h_m": 1.5, "height_imputed": true, "width_imputed": true, "neighborhood": "Squirrel Hill South", "tree_id": "t01904" }, "geometry": { "type": "Point", "coordinates": [ -79.94201999, 40.43840615 ] } },
{ "type": "Feature", "properties": { "common_name": "Arborvitae: Eastern", "condition": "Good", "height": 2.1336, "width": 0.6096, "crown_r_m": 1.0, "crown_h_m": 1.5, "height_imputed": true, "width_imputed": true, "neighborhood": "Squirrel Hill South", "tree_id": "t01905" }, "geometry": { "type": "Point", "coordinates": [ -79.94198283, 40.43839932 ] } },
{ "type": "Feature", "properties": { "common_name": "Arborvitae: Eastern", "condition": "Good", "height": 2.1336, "width": 0.6096, "crown_r_m": 1.0, "crown_h_m": 1.5, "height_imputed": true, "width_imputed": true, "neighborhood": "Squirrel Hill South", "tree_id": "t01906" }, "geometry": { "type": "Point", "coordinates": [ -79.94196272, 40.43838654 ] } },
{ "type": "Feature", "properties": { "common_name": "Arborvitae: Eastern", "condition": "Good", "height": 2.1336, "width": 0.6096, "crown_r_m": 1.0, "crown_h_m": 1.5, "height_imputed": true, "width_imputed": true, "neighborhood": "Squirrel Hill South", "tree_id": "t01907" }, "geometry": { "type": "Point", "coordinates": [ -79.9419414, 40.43837471 ] } },
{ "type": "Feature", "properties": { "common_name": "Arborvitae: Eastern", "condition": "Good", "height": 2.1336, "width": 0.6096, "crown_r_m": 1.0, "crown_h_m": 1.5, "height_imputed": true, "width_imputed": true, "neighborhood": "Squirrel Hill South", "tree_id": "t01908" }, "geometry": { "type": "Point", "coordinates": [ -79.94192504, 40.43836373 ] } },
{ "type": "Feature", "properties": { "common_name": "Arborvitae: Eastern", "condition": "Good", "height": 2.1336, "width": 0.6096, "crown_r_m": 1.0, "crown_h_m": 1.5, "height_imputed": true, "width_imputed": true, "neighborhood": "Squirrel Hill South", "tree_id": "t01909" }, "geometry": { "type": "Point", "coordinates": [ -79.94190114, 40.43834819 ] } },
{ "type": "Feature", "properties": { "common_name": "Arborvitae: Eastern", "condition": "Good", "height": 2.1336, "width": 0.6096, "crown_r_m": 1.0, "crown_h_m": 1.5, "height_imputed": true, "width_imputed": true, "neighborhood": "Squirrel Hill South", "tree_id": "t01910" }, "geometry": { "type": "Point", "coordinates": [ -79.94188721, 40.43833623 ] } },
{ "type": "Feature", "properties": { "common_name": "Arborvitae: Eastern", "condition": "Good", "height": 2.1336, "width": 0.6096, "crown_r_m": 1.0, "crown_h_m": 1.5, "height_imputed": true, "width_imputed": true, "neighborhood": "Squirrel Hill South", "tree_id": "t01911" }, "geometry": { "type": "Point", "coordinates": [ -79.94187192, 40.43832053 ] } },
{ "type": "Feature", "properties": { "common_name": "Arborvitae: Eastern", "condition": "Good", "height": 2.1336, "width": 0.6096, "crown_r_m": 1.0, "crown_h_m": 1.5, "height_imputed": true, "width_imputed": true, "neighborhood": "Squirrel Hill South", "tree_id": "t01912" }, "geometry": { "type": "Point", "coordinates": [ -79.941859100000016, 40.43830478 ] } },
{ "type": "Feature", "properties": { "common_name": "Arborvitae: Eastern", "condition": "Good", "height": 2.1336, "width": 0.6096, "crown_r_m": 1.0, "crown_h_m": 1.5, "height_imputed": true, "width_imputed": true, "neighborhood": "Squirrel Hill South", "tree_id": "t01913" }, "geometry": { "type": "Point", "coordinates": [ -79.94184997, 40.43828896 ] } },
{ "type": "Feature", "properties": { "common_name": "Arborvitae: Eastern", "condition": "Poor", "height": 2.1336, "width": 0.6096, "crown_r_m": 1.0, "crown_h_m": 1.5, "height_imputed": true, "width_imputed": true, "neighborhood": "Squirrel Hill South", "tree_id": "t01914" }, "geometry": { "type": "Point", "coordinates": [ -79.94184068, 40.43826844 ] } },
{ "type": "Feature", "properties": { "common_name": "Arborvitae: Eastern", "condition": "Good", "height": 2.1336, "width": 0.6096, "crown_r_m": 1.0, "crown_h_m": 1.5, "height_imputed": true, "width_imputed": true, "neighborhood": "Squirrel Hill South", "tree_id": "t01915" }, "geometry": { "type": "Point", "coordinates": [ -79.9418314, 40.43824792 ] } },
{ "type": "Feature", "properties": { "common_name": "London planetree", "condition": "Good", "height": 15.24, "width": 3.6576, "crown_r_m": 1.8288, "crown_h_m": 9.906, "height_imputed": true, "width_imputed": true, "neighborhood": "North Oakland", "tree_id": "t01916" }, "geometry": { "type": "Point", "coordinates": [ -79.95313943, 40.442527750000011 ] } },
{ "type": "Feature", "properties": { "common_name": "London planetree", "condition": "Poor", "height": 15.24, "width": 3.6576, "crown_r_m": 1.8288, "crown_h_m": 9.906, "height_imputed": true, "width_imputed": true, "neighborhood": "North Oakland", "tree_id": "t01917" }, "geometry": { "type": "Point", "coordinates": [ -79.95158008, 40.44335792 ] } },
{ "type": "Feature", "properties": { "common_name": "London planetree", "condition": "Fair", "height": 15.24, "width": 3.6576, "crown_r_m": 1.8288, "crown_h_m": 9.906, "height_imputed": true, "width_imputed": true, "neighborhood": "North Oakland", "tree_id": "t01918" }, "geometry": { "type": "Point", "coordinates": [ -79.95154963, 40.44330133 ] } },
{ "type": "Feature", "properties": { "common_name": "London planetree", "condition": "Fair", "height": 15.24, "width": 3.6576, "crown_r_m": 1.8288, "crown_h_m": 9.906, "height_imputed": true, "width_imputed": true, "neighborhood": "North Oakland", "tree_id": "t01919" }, "geometry": { "type": "Point", "coordinates": [ -79.95152846, 40.4432597 ] } },
{ "type": "Feature", "properties": { "common_name": "London planetree", "condition": "Poor", "height": 15.24, "width": 3.6576, "crown_r_m": 1.8288, "crown_h_m": 9.906, "height_imputed": true, "width_imputed": true, "neighborhood": "North Oakland", "tree_id": "t01920" }, "geometry": { "type": "Point", "coordinates": [ -79.95149488, 40.44317459 ] } },
{ "type": "Feature", "properties": { "common_name": "London planetree", "condition": "Poor", "height": 15.24, "width": 3.6576, "crown_r_m": 1.8288, "crown_h_m": 9.906, "height_imputed": true, "width_imputed": true, "neighborhood": "Squirrel Hill South", "tree_id": "t01921" }, "geometry": { "type": "Point", "coordinates": [ -79.9470819, 40.44142587 ] } },
{ "type": "Feature", "properties": { "common_name": "London planetree", "condition": "Fair", "height": 15.24, "width": 3.6576, "crown_r_m": 1.8288, "crown_h_m": 9.906, "height_imputed": true, "width_imputed": true, "neighborhood": "Squirrel Hill South", "tree_id": "t01922" }, "geometry": { "type": "Point", "coordinates": [ -79.94730173, 40.44133742 ] } },
{ "type": "Feature", "properties": { "common_name": "London planetree", "condition": "Fair", "height": 15.24, "width": 3.6576, "crown_r_m": 1.8288, "crown_h_m": 9.906, "height_imputed": true, "width_imputed": true, "neighborhood": "Squirrel Hill South", "tree_id": "t01923" }, "geometry": { "type": "Point", "coordinates": [ -79.9474807, 40.44123192 ] } },
{ "type": "Feature", "properties": { "common_name": "London planetree", "condition": "Good", "height": 15.24, "width": 3.6576, "crown_r_m": 1.8288, "crown_h_m": 9.906, "height_imputed": true, "width_imputed": true, "neighborhood": "Squirrel Hill South", "tree_id": "t01924" }, "geometry": { "type": "Point", "coordinates": [ -79.94762701, 40.44108652 ] } },
{ "type": "Feature", "properties": { "common_name": "London planetree", "condition": "Fair", "height": 15.24, "width": 3.6576, "crown_r_m": 1.8288, "crown_h_m": 9.906, "height_imputed": true, "width_imputed": true, "neighborhood": "North Oakland", "tree_id": "t01925" }, "geometry": { "type": "Point", "coordinates": [ -79.95148058, 40.44314124 ] } },
{ "type": "Feature", "properties": { "common_name": "London planetree", "condition": "Fair", "height": 15.24, "width": 3.6576, "crown_r_m": 1.8288, "crown_h_m": 9.906, "height_imputed": true, "width_imputed": true, "neighborhood": "North Oakland", "tree_id": "t01926" }, "geometry": { "type": "Point", "coordinates": [ -79.95146415, 40.4431096 ] } },
{ "type": "Feature", "properties": { "common_name": "London planetree", "condition": "Fair", "height": 15.24, "width": 3.6576, "crown_r_m": 1.8288, "crown_h_m": 9.906, "height_imputed": true, "width_imputed": true, "neighborhood": "North Oakland", "tree_id": "t01927" }, "geometry": { "type": "Point", "coordinates": [ -79.95144089, 40.44307138 ] } },
{ "type": "Feature", "properties": { "common_name": "London planetree", "condition": "Poor", "height": 15.24, "width": 3.6576, "crown_r_m": 1.8288, "crown_h_m": 9.906, "height_imputed": true, "width_imputed": true, "neighborhood": "North Oakland", "tree_id": "t01928" }, "geometry": { "type": "Point", "coordinates": [ -79.95141951, 40.44302302 ] } },
{ "type": "Feature", "properties": { "common_name": "London planetree", "condition": "Good", "height": 15.24, "width": 3.6576, "crown_r_m": 1.8288, "crown_h_m": 9.906, "height_imputed": true, "width_imputed": true, "neighborhood": "North Oakland", "tree_id": "t01929" }, "geometry": { "type": "Point", "coordinates": [ -79.9514095, 40.44298623000001 ] } },
{ "type": "Feature", "properties": { "common_name": "London planetree", "condition": "Good", "height": 15.24, "width": 3.6576, "crown_r_m": 1.8288, "crown_h_m": 9.906, "height_imputed": true, "width_imputed": true, "neighborhood": "North Oakland", "tree_id": "t01930" }, "geometry": { "type": "Point", "coordinates": [ -79.95139521, 40.44295287 ] } },
{ "type": "Feature", "properties": { "common_name": "London planetree", "condition": "Good", "height": 15.24, "width": 3.6576, "crown_r_m": 1.8288, "crown_h_m": 9.906, "height_imputed": true, "width_imputed": true, "neighborhood": "North Oakland", "tree_id": "t01931" }, "geometry": { "type": "Point", "coordinates": [ -79.95316978, 40.44258097 ] } },
{ "type": "Feature", "properties": { "common_name": "London planetree", "condition": "Fair", "height": 15.24, "width": 3.6576, "crown_r_m": 1.8288, "crown_h_m": 9.906, "height_imputed": true, "width_imputed": true, "neighborhood": "North Oakland", "tree_id": "t01932" }, "geometry": { "type": "Point", "coordinates": [ -79.95136421, 40.44287948 ] } },
{ "type": "Feature", "properties": { "common_name": "London planetree", "condition": "Fair", "height": 15.24, "width": 3.6576, "crown_r_m": 1.8288, "crown_h_m": 9.906, "height_imputed": true, "width_imputed": true, "neighborhood": "North Oakland", "tree_id": "t01933" }, "geometry": { "type": "Point", "coordinates": [ -79.95134513, 40.44283445 ] } },
{ "type": "Feature", "properties": { "common_name": "London planetree", "condition": "Fair", "height": 15.24, "width": 3.6576, "crown_r_m": 1.8288, "crown_h_m": 9.906, "height_imputed": true, "width_imputed": true, "neighborhood": "North Oakland", "tree_id": "t01934" }, "geometry": { "type": "Point", "coordinates": [ -79.95133046, 40.442789329999989 ] } },
{ "type": "Feature", "properties": { "common_name": "London planetree", "condition": "Poor", "height": 15.24, "width": 3.6576, "crown_r_m": 1.8288, "crown_h_m": 9.906, "height_imputed": true, "width_imputed": true, "neighborhood": "North Oakland", "tree_id": "t01935" }, "geometry": { "type": "Point", "coordinates": [ -79.95131578, 40.44274421 ] } },
{ "type": "Feature", "properties": { "common_name": "London planetree", "condition": "Poor", "height": 15.24, "width": 3.6576, "crown_r_m": 1.8288, "crown_h_m": 9.906, "height_imputed": true, "width_imputed": true, "neighborhood": "North Oakland", "tree_id": "t01936" }, "geometry": { "type": "Point", "coordinates": [ -79.95129934, 40.44271258 ] } },
{ "type": "Feature", "properties": { "common_name": "London planetree", "condition": "Fair", "height": 15.24, "width": 3.6576, "crown_r_m": 1.8288, "crown_h_m": 9.906, "height_imputed": true, "width_imputed": true, "neighborhood": "North Oakland", "tree_id": "t01937" }, "geometry": { "type": "Point", "coordinates": [ -79.95319556, 40.44262924 ] } },
{ "type": "Feature", "properties": { "common_name": "London planetree", "condition": "Good", "height": 15.24, "width": 3.6576, "crown_r_m": 1.8288, "crown_h_m": 9.906, "height_imputed": true, "width_imputed": true, "neighborhood": "North Oakland", "tree_id": "t01938" }, "geometry": { "type": "Point", "coordinates": [ -79.95179905, 40.44327685 ] } },
{ "type": "Feature", "properties": { "common_name": "London planetree", "condition": "Good", "height": 15.24, "width": 3.6576, "crown_r_m": 1.8288, "crown_h_m": 9.906, "height_imputed": true, "width_imputed": true, "neighborhood": "North Oakland", "tree_id": "t01939" }, "geometry": { "type": "Point", "coordinates": [ -79.95178493, 40.44324853 ] } },
{ "type": "Feature", "properties": { "common_name": "London planetree", "condition": "Poor", "height": 15.24, "width": 3.6576, "crown_r_m": 1.8288, "crown_h_m": 9.906, "height_imputed": true, "width_imputed": true, "neighborhood": "Squirrel Hill South", "tree_id": "t01940" }, "geometry": { "type": "Point", "coordinates": [ -79.94416111, 40.43975355 ] } },
{ "type": "Feature", "properties": { "common_name": "London planetree", "condition": "Poor", "height": 15.24, "width": 3.6576, "crown_r_m": 1.8288, "crown_h_m": 9.906, "height_imputed": true, "width_imputed": true, "neighborhood": "Squirrel Hill South", "tree_id": "t01941" }, "geometry": { "type": "Point", "coordinates": [ -79.94381399, 40.44010208 ] } },
{ "type": "Feature", "properties": { "common_name": "London planetree", "condition": "Good", "height": 15.24, "width": 3.6576, "crown_r_m": 1.8288, "crown_h_m": 9.906, "height_imputed": true, "width_imputed": true, "neighborhood": "North Oakland", "tree_id": "t01942" }, "geometry": { "type": "Point", "coordinates": [ -79.95176145, 40.44320358 ] } },
{ "type": "Feature", "properties": { "common_name": "London planetree", "condition": "Good", "height": 15.24, "width": 3.6576, "crown_r_m": 1.8288, "crown_h_m": 9.906, "height_imputed": true, "width_imputed": true, "neighborhood": "North Oakland", "tree_id": "t01943" }, "geometry": { "type": "Point", "coordinates": [ -79.9517377, 40.443150229999986 ] } },
{ "type": "Feature", "properties": { "common_name": "London planetree", "condition": "Good", "height": 15.24, "width": 3.6576, "crown_r_m": 1.8288, "crown_h_m": 9.906, "height_imputed": true, "width_imputed": true, "neighborhood": "North Oakland", "tree_id": "t01944" }, "geometry": { "type": "Point", "coordinates": [ -79.9517211, 40.44311356 ] } },
{ "type": "Feature", "properties": { "common_name": "London planetree", "condition": "Poor", "height": 15.24, "width": 3.6576, "crown_r_m": 1.8288, "crown_h_m": 9.906, "height_imputed": true, "width_imputed": true, "neighborhood": "North Oakland", "tree_id": "t01945" }, "geometry": { "type": "Point", "coordinates": [ -79.95169076, 40.44306033 ] } },
{ "type": "Feature", "properties": { "common_name": "London planetree", "condition": "Fair", "height": 15.24, "width": 3.6576, "crown_r_m": 1.8288, "crown_h_m": 9.906, "height_imputed": true, "width_imputed": true, "neighborhood": "North Oakland", "tree_id": "t01946" }, "geometry": { "type": "Point", "coordinates": [ -79.95166717, 40.44301202 ] } },
{ "type": "Feature", "properties": { "common_name": "London planetree", "condition": "Fair", "height": 15.24, "width": 3.6576, "crown_r_m": 1.8288, "crown_h_m": 9.906, "height_imputed": true, "width_imputed": true, "neighborhood": "North Oakland", "tree_id": "t01947" }, "geometry": { "type": "Point", "coordinates": [ -79.95164601, 40.44297039 ] } },
{ "type": "Feature", "properties": { "common_name": "London planetree", "condition": "Good", "height": 15.24, "width": 3.6576, "crown_r_m": 1.8288, "crown_h_m": 9.906, "height_imputed": true, "width_imputed": true, "neighborhood": "North Oakland", "tree_id": "t01948" }, "geometry": { "type": "Point", "coordinates": [ -79.95321959, 40.44269099000001 ] } },
{ "type": "Feature", "properties": { "common_name": "London planetree", "condition": "Poor", "height": 15.24, "width": 3.6576, "crown_r_m": 1.8288, "crown_h_m": 9.906, "height_imputed": true, "width_imputed": true, "neighborhood": "North Oakland", "tree_id": "t01949" }, "geometry": { "type": "Point", "coordinates": [ -79.95162281, 40.44293384 ] } },
{ "type": "Feature", "properties": { "common_name": "London planetree", "condition": "Fair", "height": 15.24, "width": 3.6576, "crown_r_m": 1.8288, "crown_h_m": 9.906, "height_imputed": true, "width_imputed": true, "neighborhood": "North Oakland", "tree_id": "t01950" }, "geometry": { "type": "Point", "coordinates": [ -79.9516128, 40.44289705 ] } },
{ "type": "Feature", "properties": { "common_name": "London planetree", "condition": "Fair", "height": 15.24, "width": 3.6576, "crown_r_m": 1.8288, "crown_h_m": 9.906, "height_imputed": true, "width_imputed": true, "neighborhood": "North Oakland", "tree_id": "t01951" }, "geometry": { "type": "Point", "coordinates": [ -79.95157537, 40.44282882 ] } },
{ "type": "Feature", "properties": { "common_name": "London planetree", "condition": "Poor", "height": 15.24, "width": 3.6576, "crown_r_m": 1.8288, "crown_h_m": 9.906, "height_imputed": true, "width_imputed": true, "neighborhood": "North Oakland", "tree_id": "t01952" }, "geometry": { "type": "Point", "coordinates": [ -79.95156042, 40.4427753 ] } },
{ "type": "Feature", "properties": { "common_name": "London planetree", "condition": "Good", "height": 15.24, "width": 3.6576, "crown_r_m": 1.8288, "crown_h_m": 9.906, "height_imputed": true, "width_imputed": true, "neighborhood": "North Oakland", "tree_id": "t01953" }, "geometry": { "type": "Point", "coordinates": [ -79.95149511, 40.44266222 ] } },
{ "type": "Feature", "properties": { "common_name": "London planetree", "condition": "Fair", "height": 15.24, "width": 3.6576, "crown_r_m": 1.8288, "crown_h_m": 9.906, "height_imputed": true, "width_imputed": true, "neighborhood": "North Oakland", "tree_id": "t01954" }, "geometry": { "type": "Point", "coordinates": [ -79.95144058, 40.4425422 ] } },
{ "type": "Feature", "properties": { "common_name": "London planetree", "condition": "Fair", "height": 15.24, "width": 3.6576, "crown_r_m": 1.8288, "crown_h_m": 9.906, "height_imputed": true, "width_imputed": true, "neighborhood": "North Oakland", "tree_id": "t01955" }, "geometry": { "type": "Point", "coordinates": [ -79.95142546, 40.44248364 ] } },
{ "type": "Feature", "properties": { "common_name": "London planetree", "condition": "Good", "height": 15.24, "width": 3.6576, "crown_r_m": 1.8288, "crown_h_m": 9.906, "height_imputed": true, "width_imputed": true, "neighborhood": "North Oakland", "tree_id": "t01956" }, "geometry": { "type": "Point", "coordinates": [ -79.95149204, 40.44250086 ] } },
{ "type": "Feature", "properties": { "common_name": "London planetree", "condition": "Good", "height": 15.24, "width": 3.6576, "crown_r_m": 1.8288, "crown_h_m": 9.906, "height_imputed": true, "width_imputed": true, "neighborhood": "North Oakland", "tree_id": "t01957" }, "geometry": { "type": "Point", "coordinates": [ -79.9515225, 40.44255745 ] } },
{ "type": "Feature", "properties": { "common_name": "London planetree", "condition": "Poor", "height": 15.24, "width": 3.6576, "crown_r_m": 1.8288, "crown_h_m": 9.906, "height_imputed": true, "width_imputed": true, "neighborhood": "North Oakland", "tree_id": "t01958" }, "geometry": { "type": "Point", "coordinates": [ -79.95154625, 40.4426108 ] } },
{ "type": "Feature", "properties": { "common_name": "London planetree", "condition": "Good", "height": 15.24, "width": 3.6576, "crown_r_m": 1.8288, "crown_h_m": 9.906, "height_imputed": true, "width_imputed": true, "neighborhood": "North Oakland", "tree_id": "t01959" }, "geometry": { "type": "Point", "coordinates": [ -79.95324612, 40.44274753 ] } },
{ "type": "Feature", "properties": { "common_name": "London planetree", "condition": "Good", "height": 15.24, "width": 3.6576, "crown_r_m": 1.8288, "crown_h_m": 9.906, "height_imputed": true, "width_imputed": true, "neighborhood": "North Oakland", "tree_id": "t01960" }, "geometry": { "type": "Point", "coordinates": [ -79.95156955, 40.44265071 ] } },
{ "type": "Feature", "properties": { "common_name": "London planetree", "condition": "Fair", "height": 15.24, "width": 3.6576, "crown_r_m": 1.8288, "crown_h_m": 9.906, "height_imputed": true, "width_imputed": true, "neighborhood": "North Oakland", "tree_id": "t01961" }, "geometry": { "type": "Point", "coordinates": [ -79.95158605, 40.44268402 ] } },
{ "type": "Feature", "properties": { "common_name": "London planetree", "condition": "Good", "height": 15.24, "width": 3.6576, "crown_r_m": 1.8288, "crown_h_m": 9.906, "height_imputed": true, "width_imputed": true, "neighborhood": "North Oakland", "tree_id": "t01962" }, "geometry": { "type": "Point", "coordinates": [ -79.95160045, 40.442720739999984 ] } },
{ "type": "Feature", "properties": { "common_name": "London planetree", "condition": "Fair", "height": 15.24, "width": 3.6576, "crown_r_m": 1.8288, "crown_h_m": 9.906, "height_imputed": true, "width_imputed": true, "neighborhood": "North Oakland", "tree_id": "t01963" }, "geometry": { "type": "Point", "coordinates": [ -79.95164069, 40.442807399999985 ] } },
{ "type": "Feature", "properties": { "common_name": "London planetree", "condition": "Good", "height": 15.24, "width": 3.6576, "crown_r_m": 1.8288, "crown_h_m": 9.906, "height_imputed": true, "width_imputed": true, "neighborhood": "North Oakland", "tree_id": "t01964" }, "geometry": { "type": "Point", "coordinates": [ -79.95167829, 40.44288067 ] } },
{ "type": "Feature", "properties": { "common_name": "London planetree", "condition": "Good", "height": 15.24, "width": 3.6576, "crown_r_m": 1.8288, "crown_h_m": 9.906, "height_imputed": true, "width_imputed": true, "neighborhood": "North Oakland", "tree_id": "t01965" }, "geometry": { "type": "Point", "coordinates": [ -79.951694890000013, 40.44291734 ] } },
{ "type": "Feature", "properties": { "common_name": "London planetree", "condition": "Good", "height": 15.24, "width": 3.6576, "crown_r_m": 1.8288, "crown_h_m": 9.906, "height_imputed": true, "width_imputed": true, "neighborhood": "North Oakland", "tree_id": "t01966" }, "geometry": { "type": "Point", "coordinates": [ -79.95171809, 40.44295389 ] } },
{ "type": "Feature", "properties": { "common_name": "London planetree", "condition": "Good", "height": 15.24, "width": 3.6576, "crown_r_m": 1.8288, "crown_h_m": 9.906, "height_imputed": true, "width_imputed": true, "neighborhood": "North Oakland", "tree_id": "t01967" }, "geometry": { "type": "Point", "coordinates": [ -79.95173266, 40.44299564 ] } },
{ "type": "Feature", "properties": { "common_name": "London planetree", "condition": "Good", "height": 15.24, "width": 3.6576, "crown_r_m": 1.8288, "crown_h_m": 9.906, "height_imputed": true, "width_imputed": true, "neighborhood": "North Oakland", "tree_id": "t01968" }, "geometry": { "type": "Point", "coordinates": [ -79.95175839, 40.44304223000001 ] } },
{ "type": "Feature", "properties": { "common_name": "London planetree", "condition": "Fair", "height": 15.24, "width": 3.6576, "crown_r_m": 1.8288, "crown_h_m": 9.906, "height_imputed": true, "width_imputed": true, "neighborhood": "North Oakland", "tree_id": "t01969" }, "geometry": { "type": "Point", "coordinates": [ -79.95177482, 40.44307386 ] } },
{ "type": "Feature", "properties": { "common_name": "London planetree", "condition": "Good", "height": 15.24, "width": 3.6576, "crown_r_m": 1.8288, "crown_h_m": 9.906, "height_imputed": true, "width_imputed": true, "neighborhood": "North Oakland", "tree_id": "t01970" }, "geometry": { "type": "Point", "coordinates": [ -79.95327701, 40.44281755 ] } },
{ "type": "Feature", "properties": { "common_name": "London planetree", "condition": "Good", "height": 15.24, "width": 3.6576, "crown_r_m": 1.8288, "crown_h_m": 9.906, "height_imputed": true, "width_imputed": true, "neighborhood": "North Oakland", "tree_id": "t01971" }, "geometry": { "type": "Point", "coordinates": [ -79.95178884, 40.44309882 ] } },
{ "type": "Feature", "properties": { "common_name": "London planetree", "condition": "Good", "height": 15.24, "width": 3.6576, "crown_r_m": 1.8288, "crown_h_m": 9.906, "height_imputed": true, "width_imputed": true, "neighborhood": "North Oakland", "tree_id": "t01972" }, "geometry": { "type": "Point", "coordinates": [ -79.95180324, 40.44313553 ] } },
{ "type": "Feature", "properties": { "common_name": "London planetree", "condition": "Good", "height": 15.24, "width": 3.6576, "crown_r_m": 1.8288, "crown_h_m": 9.906, "height_imputed": true, "width_imputed": true, "neighborhood": "North Oakland", "tree_id": "t01973" }, "geometry": { "type": "Point", "coordinates": [ -79.95183541, 40.44317695 ] } },
{ "type": "Feature", "properties": { "common_name": "London planetree", "condition": "Good", "height": 15.24, "width": 3.6576, "crown_r_m": 1.8288, "crown_h_m": 9.906, "height_imputed": true, "width_imputed": true, "neighborhood": "North Oakland", "tree_id": "t01974" }, "geometry": { "type": "Point", "coordinates": [ -79.95185223, 40.44322035 ] } },
{ "type": "Feature", "properties": { "common_name": "London planetree", "condition": "Good", "height": 15.24, "width": 3.6576, "crown_r_m": 1.8288, "crown_h_m": 9.906, "height_imputed": true, "width_imputed": true, "neighborhood": "North Oakland", "tree_id": "t01975" }, "geometry": { "type": "Point", "coordinates": [ -79.95186668, 40.44325874 ] } },
{ "type": "Feature", "properties": { "common_name": "London planetree", "condition": "Good", "height": 15.24, "width": 3.6576, "crown_r_m": 1.8288, "crown_h_m": 9.906, "height_imputed": true, "width_imputed": true, "neighborhood": "North Oakland", "tree_id": "t01976" }, "geometry": { "type": "Point", "coordinates": [ -79.95330087, 40.442874269999983 ] } },
{ "type": "Feature", "properties": { "common_name": "London planetree", "condition": "Good", "height": 15.24, "width": 3.6576, "crown_r_m": 1.8288, "crown_h_m": 9.906, "height_imputed": true, "width_imputed": true, "neighborhood": "North Oakland", "tree_id": "t01977" }, "geometry": { "type": "Point", "coordinates": [ -79.95310716, 40.44294017 ] } },
{ "type": "Feature", "properties": { "common_name": "London planetree", "condition": "Good", "height": 15.24, "width": 3.6576, "crown_r_m": 1.8288, "crown_h_m": 9.906, "height_imputed": true, "width_imputed": true, "neighborhood": "North Oakland", "tree_id": "t01978" }, "geometry": { "type": "Point", "coordinates": [ -79.95304823, 40.44288749 ] } },
{ "type": "Feature", "properties": { "common_name": "London planetree", "condition": "Good", "height": 15.24, "width": 3.6576, "crown_r_m": 1.8288, "crown_h_m": 9.906, "height_imputed": true, "width_imputed": true, "neighborhood": "Central Oakland", "tree_id": "t01979" }, "geometry": { "type": "Point", "coordinates": [ -79.95249158, 40.44097172 ] } },
{ "type": "Feature", "properties": { "common_name": "London planetree", "condition": "Good", "height": 15.24, "width": 3.6576, "crown_r_m": 1.8288, "crown_h_m": 9.906, "height_imputed": true, "width_imputed": true, "neighborhood": "North Oakland", "tree_id": "t01980" }, "geometry": { "type": "Point", "coordinates": [ -79.95298088, 40.44284674 ] } },
{ "type": "Feature", "properties": { "common_name": "London planetree", "condition": "Fair", "height": 15.24, "width": 3.6576, "crown_r_m": 1.8288, "crown_h_m": 9.906, "height_imputed": true, "width_imputed": true, "neighborhood": "Central Oakland", "tree_id": "t01981" }, "geometry": { "type": "Point", "coordinates": [ -79.9522454, 40.44094811 ] } },
{ "type": "Feature", "properties": { "common_name": "London planetree", "condition": "Good", "height": 15.24, "width": 3.6576, "crown_r_m": 1.8288, "crown_h_m": 9.906, "height_imputed": true, "width_imputed": true, "neighborhood": "Central Oakland", "tree_id": "t01982" }, "geometry": { "type": "Point", "coordinates": [ -79.95220143, 40.4410197 ] } },
{ "type": "Feature", "properties": { "common_name": "London planetree", "condition": "Fair", "height": 15.24, "width": 3.6576, "crown_r_m": 1.8288, "crown_h_m": 9.906, "height_imputed": true, "width_imputed": true, "neighborhood": "Central Oakland", "tree_id": "t01983" }, "geometry": { "type": "Point", "coordinates": [ -79.95212659, 40.44099636 ] } },
{ "type": "Feature", "properties": { "common_name": "London planetree", "condition": "Fair", "height": 15.24, "width": 3.6576, "crown_r_m": 1.8288, "crown_h_m": 9.906, "height_imputed": true, "width_imputed": true, "neighborhood": "North Oakland", "tree_id": "t01984" }, "geometry": { "type": "Point", "coordinates": [ -79.95284408, 40.44200897 ] } },
{ "type": "Feature", "properties": { "common_name": "London planetree", "condition": "Good", "height": 15.24, "width": 3.6576, "crown_r_m": 1.8288, "crown_h_m": 9.906, "height_imputed": true, "width_imputed": true, "neighborhood": "North Oakland", "tree_id": "t01985" }, "geometry": { "type": "Point", "coordinates": [ -79.95292897, 40.44280738 ] } },
{ "type": "Feature", "properties": { "common_name": "London planetree", "condition": "Good", "height": 15.24, "width": 3.6576, "crown_r_m": 1.8288, "crown_h_m": 9.906, "height_imputed": true, "width_imputed": true, "neighborhood": "Central Oakland", "tree_id": "t01986" }, "geometry": { "type": "Point", "coordinates": [ -79.95162305, 40.44147273 ] } },
{ "type": "Feature", "properties": { "common_name": "London planetree", "condition": "Good", "height": 15.24, "width": 3.6576, "crown_r_m": 1.8288, "crown_h_m": 9.906, "height_imputed": true, "width_imputed": true, "neighborhood": "Central Oakland", "tree_id": "t01987" }, "geometry": { "type": "Point", "coordinates": [ -79.9515947, 40.44159709 ] } },
{ "type": "Feature", "properties": { "common_name": "London planetree", "condition": "Fair", "height": 15.24, "width": 3.6576, "crown_r_m": 1.8288, "crown_h_m": 9.906, "height_imputed": true, "width_imputed": true, "neighborhood": "Central Oakland", "tree_id": "t01988" }, "geometry": { "type": "Point", "coordinates": [ -79.9517083, 40.44167276000001 ] } },
{ "type": "Feature", "properties": { "common_name": "London planetree", "condition": "Fair", "height": 15.24, "width": 3.6576, "crown_r_m": 1.8288, "crown_h_m": 9.906, "height_imputed": true, "width_imputed": true, "neighborhood": "North Oakland", "tree_id": "t01989" }, "geometry": { "type": "Point", "coordinates": [ -79.95285453, 40.44275163 ] } },
{ "type": "Feature", "properties": { "common_name": "London planetree", "condition": "Good", "height": 15.24, "width": 3.6576, "crown_r_m": 1.8288, "crown_h_m": 9.906, "height_imputed": true, "width_imputed": true, "neighborhood": "Central Oakland", "tree_id": "t01990" }, "geometry": { "type": "Point", "coordinates": [ -79.951796570000013, 40.44168169 ] } },
{ "type": "Feature", "properties": { "common_name": "London planetree", "condition": "Fair", "height": 15.24, "width": 3.6576, "crown_r_m": 1.8288, "crown_h_m": 9.906, "height_imputed": true, "width_imputed": true, "neighborhood": "Central Oakland", "tree_id": "t01991" }, "geometry": { "type": "Point", "coordinates": [ -79.951812640000014, 40.4417486 ] } },
{ "type": "Feature", "properties": { "common_name": "London planetree", "condition": "Good", "height": 15.24, "width": 3.6576, "crown_r_m": 1.8288, "crown_h_m": 9.906, "height_imputed": true, "width_imputed": true, "neighborhood": "Central Oakland", "tree_id": "t01992" }, "geometry": { "type": "Point", "coordinates": [ -79.95190462, 40.44172916 ] } },
{ "type": "Feature", "properties": { "common_name": "London planetree", "condition": "Good", "height": 15.24, "width": 3.6576, "crown_r_m": 1.8288, "crown_h_m": 9.906, "height_imputed": true, "width_imputed": true, "neighborhood": "Central Oakland", "tree_id": "t01993" }, "geometry": { "type": "Point", "coordinates": [ -79.95213039, 40.44180082 ] } },
{ "type": "Feature", "properties": { "common_name": "London planetree", "condition": "Poor", "height": 15.24, "width": 3.6576, "crown_r_m": 1.8288, "crown_h_m": 9.906, "height_imputed": true, "width_imputed": true, "neighborhood": "Central Oakland", "tree_id": "t01994" }, "geometry": { "type": "Point", "coordinates": [ -79.95215722, 40.44175714 ] } },
{ "type": "Feature", "properties": { "common_name": "London planetree", "condition": "Fair", "height": 15.24, "width": 3.6576, "crown_r_m": 1.8288, "crown_h_m": 9.906, "height_imputed": true, "width_imputed": true, "neighborhood": "Central Oakland", "tree_id": "t01995" }, "geometry": { "type": "Point", "coordinates": [ -79.9521592, 40.44181793 ] } },
{ "type": "Feature", "properties": { "common_name": "London planetree", "condition": "Fair", "height": 15.24, "width": 3.6576, "crown_r_m": 1.8288, "crown_h_m": 9.906, "height_imputed": true, "width_imputed": true, "neighborhood": "Central Oakland", "tree_id": "t01996" }, "geometry": { "type": "Point", "coordinates": [ -79.95220026, 40.44181714 ] } },
{ "type": "Feature", "properties": { "common_name": "London planetree", "condition": "Good", "height": 15.24, "width": 3.6576, "crown_r_m": 1.8288, "crown_h_m": 9.906, "height_imputed": true, "width_imputed": true, "neighborhood": "North Oakland", "tree_id": "t01997" }, "geometry": { "type": "Point", "coordinates": [ -79.95278883, 40.44269403 ] } },
{ "type": "Feature", "properties": { "common_name": "London planetree", "condition": "Fair", "height": 15.24, "width": 3.6576, "crown_r_m": 1.8288, "crown_h_m": 9.906, "height_imputed": true, "width_imputed": true, "neighborhood": "Central Oakland", "tree_id": "t01998" }, "geometry": { "type": "Point", "coordinates": [ -79.95225191, 40.441825969999989 ] } },
{ "type": "Feature", "properties": { "common_name": "London planetree", "condition": "Fair", "height": 15.24, "width": 3.6576, "crown_r_m": 1.8288, "crown_h_m": 9.906, "height_imputed": true, "width_imputed": true, "neighborhood": "Central Oakland", "tree_id": "t01999" }, "geometry": { "type": "Point", "coordinates": [ -79.9522736, 40.44178239 ] } },
{ "type": "Feature", "properties": { "common_name": "London planetree", "condition": "Fair", "height": 15.24, "width": 3.6576, "crown_r_m": 1.8288, "crown_h_m": 9.906, "height_imputed": true, "width_imputed": true, "neighborhood": "Central Oakland", "tree_id": "t02000" }, "geometry": { "type": "Point", "coordinates": [ -79.95231036, 40.4418072 ] } },
{ "type": "Feature", "properties": { "common_name": "London planetree", "condition": "Poor", "height": 15.24, "width": 3.6576, "crown_r_m": 1.8288, "crown_h_m": 9.906, "height_imputed": true, "width_imputed": true, "neighborhood": "Central Oakland", "tree_id": "t02001" }, "geometry": { "type": "Point", "coordinates": [ -79.95233661, 40.44182435 ] } },
{ "type": "Feature", "properties": { "common_name": "London planetree", "condition": "Poor", "height": 15.24, "width": 3.6576, "crown_r_m": 1.8288, "crown_h_m": 9.906, "height_imputed": true, "width_imputed": true, "neighborhood": "Central Oakland", "tree_id": "t02002" }, "geometry": { "type": "Point", "coordinates": [ -79.95237042, 40.44183745 ] } },
{ "type": "Feature", "properties": { "common_name": "London planetree", "condition": "Poor", "height": 15.24, "width": 3.6576, "crown_r_m": 1.8288, "crown_h_m": 9.906, "height_imputed": true, "width_imputed": true, "neighborhood": "Central Oakland", "tree_id": "t02003" }, "geometry": { "type": "Point", "coordinates": [ -79.95232005, 40.44186784 ] } },
{ "type": "Feature", "properties": { "common_name": "London planetree", "condition": "Poor", "height": 15.24, "width": 3.6576, "crown_r_m": 1.8288, "crown_h_m": 9.906, "height_imputed": true, "width_imputed": true, "neighborhood": "Central Oakland", "tree_id": "t02004" }, "geometry": { "type": "Point", "coordinates": [ -79.95235393, 40.44188289 ] } },
{ "type": "Feature", "properties": { "common_name": "London planetree", "condition": "Fair", "height": 15.24, "width": 3.6576, "crown_r_m": 1.8288, "crown_h_m": 9.906, "height_imputed": true, "width_imputed": true, "neighborhood": "Central Oakland", "tree_id": "t02005" }, "geometry": { "type": "Point", "coordinates": [ -79.9524462, 40.44179872 ] } },
{ "type": "Feature", "properties": { "common_name": "London planetree", "condition": "Poor", "height": 15.24, "width": 3.6576, "crown_r_m": 1.8288, "crown_h_m": 9.906, "height_imputed": true, "width_imputed": true, "neighborhood": "Central Oakland", "tree_id": "t02006" }, "geometry": { "type": "Point", "coordinates": [ -79.95228032, 40.44198828 ] } },
{ "type": "Feature", "properties": { "common_name": "London planetree", "condition": "Fair", "height": 15.24, "width": 3.6576, "crown_r_m": 1.8288, "crown_h_m": 9.906, "height_imputed": true, "width_imputed": true, "neighborhood": "Central Oakland", "tree_id": "t02007" }, "geometry": { "type": "Point", "coordinates": [ -79.95223067, 40.44196176 ] } },
{ "type": "Feature", "properties": { "common_name": "London planetree", "condition": "Good", "height": 15.24, "width": 3.6576, "crown_r_m": 1.8288, "crown_h_m": 9.906, "height_imputed": true, "width_imputed": true, "neighborhood": "North Oakland", "tree_id": "t02008" }, "geometry": { "type": "Point", "coordinates": [ -79.95273473, 40.44265471 ] } },
{ "type": "Feature", "properties": { "common_name": "London planetree", "condition": "Fair", "height": 15.24, "width": 3.6576, "crown_r_m": 1.8288, "crown_h_m": 9.906, "height_imputed": true, "width_imputed": true, "neighborhood": "Central Oakland", "tree_id": "t02009" }, "geometry": { "type": "Point", "coordinates": [ -79.95217055, 40.44192955 ] } },
{ "type": "Feature", "properties": { "common_name": "London planetree", "condition": "Fair", "height": 15.24, "width": 3.6576, "crown_r_m": 1.8288, "crown_h_m": 9.906, "height_imputed": true, "width_imputed": true, "neighborhood": "Central Oakland", "tree_id": "t02010" }, "geometry": { "type": "Point", "coordinates": [ -79.95160589, 40.44210463 ] } },
{ "type": "Feature", "properties": { "common_name": "London planetree", "condition": "Fair", "height": 15.24, "width": 3.6576, "crown_r_m": 1.8288, "crown_h_m": 9.906, "height_imputed": true, "width_imputed": true, "neighborhood": "Central Oakland", "tree_id": "t02011" }, "geometry": { "type": "Point", "coordinates": [ -79.95150041, 40.442020309999982 ] } },
{ "type": "Feature", "properties": { "common_name": "London planetree", "condition": "Fair", "height": 15.24, "width": 3.6576, "crown_r_m": 1.8288, "crown_h_m": 9.906, "height_imputed": true, "width_imputed": true, "neighborhood": "Central Oakland", "tree_id": "t02012" }, "geometry": { "type": "Point", "coordinates": [ -79.95146814, 40.44205428 ] } },
{ "type": "Feature", "properties": { "common_name": "London planetree", "condition": "Fair", "height": 15.24, "width": 3.6576, "crown_r_m": 1.8288, "crown_h_m": 9.906, "height_imputed": true, "width_imputed": true, "neighborhood": "Central Oakland", "tree_id": "t02013" }, "geometry": { "type": "Point", "coordinates": [ -79.95138357, 40.44205982 ] } },
{ "type": "Feature", "properties": { "common_name": "London planetree", "condition": "Fair", "height": 15.24, "width": 3.6576, "crown_r_m": 1.8288, "crown_h_m": 9.906, "height_imputed": true, "width_imputed": true, "neighborhood": "Central Oakland", "tree_id": "t02014" }, "geometry": { "type": "Point", "coordinates": [ -79.95135649, 40.44209565 ] } },
{ "type": "Feature", "properties": { "common_name": "London planetree", "condition": "Fair", "height": 15.24, "width": 3.6576, "crown_r_m": 1.8288, "crown_h_m": 9.906, "height_imputed": true, "width_imputed": true, "neighborhood": "North Oakland", "tree_id": "t02015" }, "geometry": { "type": "Point", "coordinates": [ -79.95265325, 40.44258565 ] } },
{ "type": "Feature", "properties": { "common_name": "London planetree", "condition": "Fair", "height": 15.24, "width": 3.6576, "crown_r_m": 1.8288, "crown_h_m": 9.906, "height_imputed": true, "width_imputed": true, "neighborhood": "Central Oakland", "tree_id": "t02016" }, "geometry": { "type": "Point", "coordinates": [ -79.9513688, 40.4421582 ] } },
{ "type": "Feature", "properties": { "common_name": "London planetree", "condition": "Poor", "height": 15.24, "width": 3.6576, "crown_r_m": 1.8288, "crown_h_m": 9.906, "height_imputed": true, "width_imputed": true, "neighborhood": "Central Oakland", "tree_id": "t02017" }, "geometry": { "type": "Point", "coordinates": [ -79.95127558, 40.44213447 ] } },
{ "type": "Feature", "properties": { "common_name": "London planetree", "condition": "Poor", "height": 15.24, "width": 3.6576, "crown_r_m": 1.8288, "crown_h_m": 9.906, "height_imputed": true, "width_imputed": true, "neighborhood": "Central Oakland", "tree_id": "t02018" }, "geometry": { "type": "Point", "coordinates": [ -79.95119801, 40.44211829000001 ] } },
{ "type": "Feature", "properties": { "common_name": "London planetree", "condition": "Fair", "height": 15.24, "width": 3.6576, "crown_r_m": 1.8288, "crown_h_m": 9.906, "height_imputed": true, "width_imputed": true, "neighborhood": "Central Oakland", "tree_id": "t02019" }, "geometry": { "type": "Point", "coordinates": [ -79.95112307, 40.44210402 ] } },
{ "type": "Feature", "properties": { "common_name": "London planetree", "condition": "Poor", "height": 15.24, "width": 3.6576, "crown_r_m": 1.8288, "crown_h_m": 9.906, "height_imputed": true, "width_imputed": true, "neighborhood": "Central Oakland", "tree_id": "t02020" }, "geometry": { "type": "Point", "coordinates": [ -79.95107142, 40.4420952 ] } },
{ "type": "Feature", "properties": { "common_name": "London planetree", "condition": "Fair", "height": 15.24, "width": 3.6576, "crown_r_m": 1.8288, "crown_h_m": 9.906, "height_imputed": true, "width_imputed": true, "neighborhood": "Central Oakland", "tree_id": "t02021" }, "geometry": { "type": "Point", "coordinates": [ -79.95101951, 40.44207852 ] } },
{ "type": "Feature", "properties": { "common_name": "London planetree", "condition": "Fair", "height": 15.24, "width": 3.6576, "crown_r_m": 1.8288, "crown_h_m": 9.906, "height_imputed": true, "width_imputed": true, "neighborhood": "Central Oakland", "tree_id": "t02022" }, "geometry": { "type": "Point", "coordinates": [ -79.95097569, 40.44207347 ] } },
{ "type": "Feature", "properties": { "common_name": "London planetree", "condition": "Good", "height": 15.24, "width": 3.6576, "crown_r_m": 1.8288, "crown_h_m": 9.906, "height_imputed": true, "width_imputed": true, "neighborhood": "Central Oakland", "tree_id": "t02023" }, "geometry": { "type": "Point", "coordinates": [ -79.95093418, 40.44206053 ] } },
{ "type": "Feature", "properties": { "common_name": "London planetree", "condition": "Good", "height": 15.24, "width": 3.6576, "crown_r_m": 1.8288, "crown_h_m": 9.906, "height_imputed": true, "width_imputed": true, "neighborhood": "Central Oakland", "tree_id": "t02024" }, "geometry": { "type": "Point", "coordinates": [ -79.95089023, 40.44205156 ] } },
{ "type": "Feature", "properties": { "common_name": "London planetree", "condition": "Good", "height": 15.24, "width": 3.6576, "crown_r_m": 1.8288, "crown_h_m": 9.906, "height_imputed": true, "width_imputed": true, "neighborhood": "Central Oakland", "tree_id": "t02025" }, "geometry": { "type": "Point", "coordinates": [ -79.95084083, 40.44203288 ] } },
{ "type": "Feature", "properties": { "common_name": "London planetree", "condition": "Good", "height": 15.24, "width": 3.6576, "crown_r_m": 1.8288, "crown_h_m": 9.906, "height_imputed": true, "width_imputed": true, "neighborhood": "North Oakland", "tree_id": "t02026" }, "geometry": { "type": "Point", "coordinates": [ -79.95267322, 40.442523059999985 ] } },
{ "type": "Feature", "properties": { "common_name": "London planetree", "condition": "Good", "height": 15.24, "width": 3.6576, "crown_r_m": 1.8288, "crown_h_m": 9.906, "height_imputed": true, "width_imputed": true, "neighborhood": "Central Oakland", "tree_id": "t02027" }, "geometry": { "type": "Point", "coordinates": [ -79.95079656, 40.442014099999987 ] } },
{ "type": "Feature", "properties": { "common_name": "London planetree", "condition": "Good", "height": 15.24, "width": 3.6576, "crown_r_m": 1.8288, "crown_h_m": 9.906, "height_imputed": true, "width_imputed": true, "neighborhood": "Central Oakland", "tree_id": "t02028" }, "geometry": { "type": "Point", "coordinates": [ -79.95074703, 40.4419915 ] } },
{ "type": "Feature", "properties": { "common_name": "London planetree", "condition": "Good", "height": 15.24, "width": 3.6576, "crown_r_m": 1.8288, "crown_h_m": 9.906, "height_imputed": true, "width_imputed": true, "neighborhood": "Central Oakland", "tree_id": "t02029" }, "geometry": { "type": "Point", "coordinates": [ -79.95069506, 40.441972859999986 ] } },
{ "type": "Feature", "properties": { "common_name": "London planetree", "condition": "Good", "height": 15.24, "width": 3.6576, "crown_r_m": 1.8288, "crown_h_m": 9.906, "height_imputed": true, "width_imputed": true, "neighborhood": "Central Oakland", "tree_id": "t02030" }, "geometry": { "type": "Point", "coordinates": [ -79.95065015, 40.44195518 ] } },
{ "type": "Feature", "properties": { "common_name": "London planetree", "condition": "Poor", "height": 15.24, "width": 3.6576, "crown_r_m": 1.8288, "crown_h_m": 9.906, "height_imputed": true, "width_imputed": true, "neighborhood": "Central Oakland", "tree_id": "t02031" }, "geometry": { "type": "Point", "coordinates": [ -79.95050489, 40.44191086 ] } },
{ "type": "Feature", "properties": { "common_name": "London planetree", "condition": "Poor", "height": 15.24, "width": 3.6576, "crown_r_m": 1.8288, "crown_h_m": 9.906, "height_imputed": true, "width_imputed": true, "neighborhood": "Central Oakland", "tree_id": "t02032" }, "geometry": { "type": "Point", "coordinates": [ -79.95036682, 40.44185070000001 ] } },
{ "type": "Feature", "properties": { "common_name": "London planetree", "condition": "Fair", "height": 15.24, "width": 3.6576, "crown_r_m": 1.8288, "crown_h_m": 9.906, "height_imputed": true, "width_imputed": true, "neighborhood": "Central Oakland", "tree_id": "t02033" }, "geometry": { "type": "Point", "coordinates": [ -79.95026969, 40.441785839999987 ] } },
{ "type": "Feature", "properties": { "common_name": "London planetree", "condition": "Very Good", "height": 15.24, "width": 3.6576, "crown_r_m": 1.8288, "crown_h_m": 9.906, "height_imputed": true, "width_imputed": true, "neighborhood": "Central Oakland", "tree_id": "t02034" }, "geometry": { "type": "Point", "coordinates": [ -79.95033157, 40.44162909 ] } },
{ "type": "Feature", "properties": { "common_name": "London planetree", "condition": "Fair", "height": 15.24, "width": 3.6576, "crown_r_m": 1.8288, "crown_h_m": 9.906, "height_imputed": true, "width_imputed": true, "neighborhood": "North Oakland", "tree_id": "t02035" }, "geometry": { "type": "Point", "coordinates": [ -79.95275428, 40.44251195 ] } },
{ "type": "Feature", "properties": { "common_name": "London planetree", "condition": "Fair", "height": 15.24, "width": 3.6576, "crown_r_m": 1.8288, "crown_h_m": 9.906, "height_imputed": true, "width_imputed": true, "neighborhood": "Squirrel Hill South", "tree_id": "t02036" }, "geometry": { "type": "Point", "coordinates": [ -79.94458061, 40.43808652 ] } },
{ "type": "Feature", "properties": { "common_name": "London planetree", "condition": "Good", "height": 15.24, "width": 3.6576, "crown_r_m": 1.8288, "crown_h_m": 9.906, "height_imputed": true, "width_imputed": true, "neighborhood": "Squirrel Hill North", "tree_id": "t02037" }, "geometry": { "type": "Point", "coordinates": [ -79.94743346, 40.44145275 ] } },
{ "type": "Feature", "properties": { "common_name": "London planetree", "condition": "Good", "height": 15.24, "width": 3.6576, "crown_r_m": 1.8288, "crown_h_m": 9.906, "height_imputed": true, "width_imputed": true, "neighborhood": "North Oakland", "tree_id": "t02038" }, "geometry": { "type": "Point", "coordinates": [ -79.95284186, 40.44256577 ] } },
{ "type": "Feature", "properties": { "common_name": "London planetree", "condition": "Fair", "height": 15.24, "width": 3.6576, "crown_r_m": 1.8288, "crown_h_m": 9.906, "height_imputed": true, "width_imputed": true, "neighborhood": "Squirrel Hill North", "tree_id": "t02039" }, "geometry": { "type": "Point", "coordinates": [ -79.94752457, 40.44138844 ] } },
{ "type": "Feature", "properties": { "common_name": "London planetree", "condition": "Fair", "height": 15.24, "width": 3.6576, "crown_r_m": 1.8288, "crown_h_m": 9.906, "height_imputed": true, "width_imputed": true, "neighborhood": "Squirrel Hill North", "tree_id": "t02040" }, "geometry": { "type": "Point", "coordinates": [ -79.94759098, 40.44134617 ] } },
{ "type": "Feature", "properties": { "common_name": "London planetree", "condition": "Good", "height": 15.24, "width": 3.6576, "crown_r_m": 1.8288, "crown_h_m": 9.906, "height_imputed": true, "width_imputed": true, "neighborhood": "Squirrel Hill North", "tree_id": "t02041" }, "geometry": { "type": "Point", "coordinates": [ -79.94769882, 40.44127506 ] } },
{ "type": "Feature", "properties": { "common_name": "London planetree", "condition": "Poor", "height": 15.24, "width": 3.6576, "crown_r_m": 1.8288, "crown_h_m": 9.906, "height_imputed": true, "width_imputed": true, "neighborhood": "Squirrel Hill North", "tree_id": "t02042" }, "geometry": { "type": "Point", "coordinates": [ -79.94804831, 40.44102515 ] } },
{ "type": "Feature", "properties": { "common_name": "London planetree", "condition": "Fair", "height": 15.24, "width": 3.6576, "crown_r_m": 1.8288, "crown_h_m": 9.906, "height_imputed": true, "width_imputed": true, "neighborhood": "North Oakland", "tree_id": "t02043" }, "geometry": { "type": "Point", "coordinates": [ -79.95287419, 40.44261223 ] } },
{ "type": "Feature", "properties": { "common_name": "London planetree", "condition": "Fair", "height": 15.24, "width": 3.6576, "crown_r_m": 1.8288, "crown_h_m": 9.906, "height_imputed": true, "width_imputed": true, "neighborhood": "North Oakland", "tree_id": "t02044" }, "geometry": { "type": "Point", "coordinates": [ -79.95290444, 40.44203809 ] } },
{ "type": "Feature", "properties": { "common_name": "London planetree", "condition": "Good", "height": 15.24, "width": 3.6576, "crown_r_m": 1.8288, "crown_h_m": 9.906, "height_imputed": true, "width_imputed": true, "neighborhood": "North Oakland", "tree_id": "t02045" }, "geometry": { "type": "Point", "coordinates": [ -79.95299681, 40.44239132 ] } },
{ "type": "Feature", "properties": { "common_name": "London planetree", "condition": "Fair", "height": 15.24, "width": 3.6576, "crown_r_m": 1.8288, "crown_h_m": 9.906, "height_imputed": true, "width_imputed": true, "neighborhood": "North Oakland", "tree_id": "t02046" }, "geometry": { "type": "Point", "coordinates": [ -79.95295206, 40.442301380000011 ] } },
{ "type": "Feature", "properties": { "common_name": "London planetree", "condition": "Good", "height": 15.24, "width": 3.6576, "crown_r_m": 1.8288, "crown_h_m": 9.906, "height_imputed": true, "width_imputed": true, "neighborhood": "North Oakland", "tree_id": "t02047" }, "geometry": { "type": "Point", "coordinates": [ -79.95285155, 40.44232347 ] } },
{ "type": "Feature", "properties": { "common_name": "London planetree", "condition": "Good", "height": 15.24, "width": 3.6576, "crown_r_m": 1.8288, "crown_h_m": 9.906, "height_imputed": true, "width_imputed": true, "neighborhood": "North Oakland", "tree_id": "t02048" }, "geometry": { "type": "Point", "coordinates": [ -79.9526904, 40.4423753 ] } },
{ "type": "Feature", "properties": { "common_name": "London planetree", "condition": "Fair", "height": 15.24, "width": 3.6576, "crown_r_m": 1.8288, "crown_h_m": 9.906, "height_imputed": true, "width_imputed": true, "neighborhood": "North Oakland", "tree_id": "t02049" }, "geometry": { "type": "Point", "coordinates": [ -79.95266422, 40.44244978 ] } },
{ "type": "Feature", "properties": { "common_name": "London planetree", "condition": "Good", "height": 15.24, "width": 3.6576, "crown_r_m": 1.8288, "crown_h_m": 9.906, "height_imputed": true, "width_imputed": true, "neighborhood": "North Oakland", "tree_id": "t02050" }, "geometry": { "type": "Point", "coordinates": [ -79.95259225, 40.44240239 ] } },
{ "type": "Feature", "properties": { "common_name": "London planetree", "condition": "Good", "height": 15.24, "width": 3.6576, "crown_r_m": 1.8288, "crown_h_m": 9.906, "height_imputed": true, "width_imputed": true, "neighborhood": "North Oakland", "tree_id": "t02051" }, "geometry": { "type": "Point", "coordinates": [ -79.95251654, 40.44237525 ] } },
{ "type": "Feature", "properties": { "common_name": "London planetree", "condition": "Good", "height": 15.24, "width": 3.6576, "crown_r_m": 1.8288, "crown_h_m": 9.906, "height_imputed": true, "width_imputed": true, "neighborhood": "North Oakland", "tree_id": "t02052" }, "geometry": { "type": "Point", "coordinates": [ -79.95237304, 40.442361169999984 ] } },
{ "type": "Feature", "properties": { "common_name": "London planetree", "condition": "Good", "height": 15.24, "width": 3.6576, "crown_r_m": 1.8288, "crown_h_m": 9.906, "height_imputed": true, "width_imputed": true, "neighborhood": "North Oakland", "tree_id": "t02053" }, "geometry": { "type": "Point", "coordinates": [ -79.95244403, 40.44231106 ] } },
{ "type": "Feature", "properties": { "common_name": "London planetree", "condition": "Fair", "height": 15.24, "width": 3.6576, "crown_r_m": 1.8288, "crown_h_m": 9.906, "height_imputed": true, "width_imputed": true, "neighborhood": "North Oakland", "tree_id": "t02054" }, "geometry": { "type": "Point", "coordinates": [ -79.95294771, 40.44208266 ] } },
{ "type": "Feature", "properties": { "common_name": "London planetree", "condition": "Good", "height": 15.24, "width": 3.6576, "crown_r_m": 1.8288, "crown_h_m": 9.906, "height_imputed": true, "width_imputed": true, "neighborhood": "North Oakland", "tree_id": "t02055" }, "geometry": { "type": "Point", "coordinates": [ -79.9525276, 40.44222569 ] } },
{ "type": "Feature", "properties": { "common_name": "London planetree", "condition": "Good", "height": 15.24, "width": 3.6576, "crown_r_m": 1.8288, "crown_h_m": 9.906, "height_imputed": true, "width_imputed": true, "neighborhood": "North Oakland", "tree_id": "t02056" }, "geometry": { "type": "Point", "coordinates": [ -79.95266117, 40.44207014 ] } },
{ "type": "Feature", "properties": { "common_name": "London planetree", "condition": "Fair", "height": 15.24, "width": 3.6576, "crown_r_m": 1.8288, "crown_h_m": 9.906, "height_imputed": true, "width_imputed": true, "neighborhood": "North Oakland", "tree_id": "t02057" }, "geometry": { "type": "Point", "coordinates": [ -79.95272588, 40.442097489999988 ] } },
{ "type": "Feature", "properties": { "common_name": "London planetree", "condition": "Fair", "height": 15.24, "width": 3.6576, "crown_r_m": 1.8288, "crown_h_m": 9.906, "height_imputed": true, "width_imputed": true, "neighborhood": "North Oakland", "tree_id": "t02058" }, "geometry": { "type": "Point", "coordinates": [ -79.95275524, 40.44205322 ] } },
{ "type": "Feature", "properties": { "common_name": "London planetree", "condition": "Good", "height": 15.24, "width": 3.6576, "crown_r_m": 1.8288, "crown_h_m": 9.906, "height_imputed": true, "width_imputed": true, "neighborhood": "North Oakland", "tree_id": "t02059" }, "geometry": { "type": "Point", "coordinates": [ -79.95281215, 40.44204373 ] } },
{ "type": "Feature", "properties": { "common_name": "London planetree", "condition": "Good", "height": 15.24, "width": 3.6576, "crown_r_m": 1.8288, "crown_h_m": 9.906, "height_imputed": true, "width_imputed": true, "neighborhood": "North Oakland", "tree_id": "t02060" }, "geometry": { "type": "Point", "coordinates": [ -79.95287026, 40.4420712 ] } },
{ "type": "Feature", "properties": { "common_name": "London planetree", "condition": "Good", "height": 15.24, "width": 3.6576, "crown_r_m": 1.8288, "crown_h_m": 9.906, "height_imputed": true, "width_imputed": true, "neighborhood": "North Oakland", "tree_id": "t02061" }, "geometry": { "type": "Point", "coordinates": [ -79.95290913, 40.44211586 ] } },
{ "type": "Feature", "properties": { "common_name": "London planetree", "condition": "Good", "height": 15.24, "width": 3.6576, "crown_r_m": 1.8288, "crown_h_m": 9.906, "height_imputed": true, "width_imputed": true, "neighborhood": "North Oakland", "tree_id": "t02062" }, "geometry": { "type": "Point", "coordinates": [ -79.95297806, 40.44213588 ] } },
{ "type": "Feature", "properties": { "common_name": "London planetree", "condition": "Good", "height": 15.24, "width": 3.6576, "crown_r_m": 1.8288, "crown_h_m": 9.906, "height_imputed": true, "width_imputed": true, "neighborhood": "North Oakland", "tree_id": "t02063" }, "geometry": { "type": "Point", "coordinates": [ -79.952932600000011, 40.44216081 ] } },
{ "type": "Feature", "properties": { "common_name": "London planetree", "condition": "Good", "height": 15.24, "width": 3.6576, "crown_r_m": 1.8288, "crown_h_m": 9.906, "height_imputed": true, "width_imputed": true, "neighborhood": "North Oakland", "tree_id": "t02064" }, "geometry": { "type": "Point", "coordinates": [ -79.95215027, 40.4431879 ] } },
{ "type": "Feature", "properties": { "common_name": "London planetree", "condition": "Good", "height": 15.24, "width": 3.6576, "crown_r_m": 1.8288, "crown_h_m": 9.906, "height_imputed": true, "width_imputed": true, "neighborhood": "North Oakland", "tree_id": "t02065" }, "geometry": { "type": "Point", "coordinates": [ -79.95209332, 40.4430612 ] } },
{ "type": "Feature", "properties": { "common_name": "London planetree", "condition": "Good", "height": 15.24, "width": 3.6576, "crown_r_m": 1.8288, "crown_h_m": 9.906, "height_imputed": true, "width_imputed": true, "neighborhood": "North Oakland", "tree_id": "t02066" }, "geometry": { "type": "Point", "coordinates": [ -79.95206269, 40.44299957 ] } },
{ "type": "Feature", "properties": { "common_name": "London planetree", "condition": "Good", "height": 15.24, "width": 3.6576, "crown_r_m": 1.8288, "crown_h_m": 9.906, "height_imputed": true, "width_imputed": true, "neighborhood": "North Oakland", "tree_id": "t02067" }, "geometry": { "type": "Point", "coordinates": [ -79.95202744, 40.44293099 ] } },
{ "type": "Feature", "properties": { "common_name": "London planetree", "condition": "Good", "height": 15.24, "width": 3.6576, "crown_r_m": 1.8288, "crown_h_m": 9.906, "height_imputed": true, "width_imputed": true, "neighborhood": "North Oakland", "tree_id": "t02068" }, "geometry": { "type": "Point", "coordinates": [ -79.9519944, 40.442862679999983 ] } },
{ "type": "Feature", "properties": { "common_name": "London planetree", "condition": "Fair", "height": 15.24, "width": 3.6576, "crown_r_m": 1.8288, "crown_h_m": 9.906, "height_imputed": true, "width_imputed": true, "neighborhood": "North Oakland", "tree_id": "t02069" }, "geometry": { "type": "Point", "coordinates": [ -79.95196389, 40.44280442 ] } },
{ "type": "Feature", "properties": { "common_name": "London planetree", "condition": "Good", "height": 15.24, "width": 3.6576, "crown_r_m": 1.8288, "crown_h_m": 9.906, "height_imputed": true, "width_imputed": true, "neighborhood": "North Oakland", "tree_id": "t02070" }, "geometry": { "type": "Point", "coordinates": [ -79.95193278, 40.44272767 ] } },
{ "type": "Feature", "properties": { "common_name": "London planetree", "condition": "Good", "height": 15.24, "width": 3.6576, "crown_r_m": 1.8288, "crown_h_m": 9.906, "height_imputed": true, "width_imputed": true, "neighborhood": "North Oakland", "tree_id": "t02071" }, "geometry": { "type": "Point", "coordinates": [ -79.95190975, 40.44267001 ] } },
{ "type": "Feature", "properties": { "common_name": "London planetree", "condition": "Fair", "height": 15.24, "width": 3.6576, "crown_r_m": 1.8288, "crown_h_m": 9.906, "height_imputed": true, "width_imputed": true, "neighborhood": "North Oakland", "tree_id": "t02072" }, "geometry": { "type": "Point", "coordinates": [ -79.95299505, 40.442184319999988 ] } },
{ "type": "Feature", "properties": { "common_name": "London planetree", "condition": "Good", "height": 15.24, "width": 3.6576, "crown_r_m": 1.8288, "crown_h_m": 9.906, "height_imputed": true, "width_imputed": true, "neighborhood": "North Oakland", "tree_id": "t02073" }, "geometry": { "type": "Point", "coordinates": [ -79.95188573, 40.44260826 ] } },
{ "type": "Feature", "properties": { "common_name": "London planetree", "condition": "Good", "height": 15.24, "width": 3.6576, "crown_r_m": 1.8288, "crown_h_m": 9.906, "height_imputed": true, "width_imputed": true, "neighborhood": "North Oakland", "tree_id": "t02074" }, "geometry": { "type": "Point", "coordinates": [ -79.95001601, 40.44196222 ] } },
{ "type": "Feature", "properties": { "common_name": "London planetree", "condition": "Good", "height": 15.24, "width": 3.6576, "crown_r_m": 1.8288, "crown_h_m": 9.906, "height_imputed": true, "width_imputed": true, "neighborhood": "North Oakland", "tree_id": "t02075" }, "geometry": { "type": "Point", "coordinates": [ -79.95005422, 40.44198671 ] } },
{ "type": "Feature", "properties": { "common_name": "London planetree", "condition": "Fair", "height": 15.24, "width": 3.6576, "crown_r_m": 1.8288, "crown_h_m": 9.906, "height_imputed": true, "width_imputed": true, "neighborhood": "North Oakland", "tree_id": "t02076" }, "geometry": { "type": "Point", "coordinates": [ -79.950119210000011, 40.44202246 ] } },
{ "type": "Feature", "properties": { "common_name": "London planetree", "condition": "Fair", "height": 15.24, "width": 3.6576, "crown_r_m": 1.8288, "crown_h_m": 9.906, "height_imputed": true, "width_imputed": true, "neighborhood": "North Oakland", "tree_id": "t02077" }, "geometry": { "type": "Point", "coordinates": [ -79.95304029, 40.44228384 ] } },
{ "type": "Feature", "properties": { "common_name": "London planetree", "condition": "Poor", "height": 15.24, "width": 3.6576, "crown_r_m": 1.8288, "crown_h_m": 9.906, "height_imputed": true, "width_imputed": true, "neighborhood": "North Oakland", "tree_id": "t02078" }, "geometry": { "type": "Point", "coordinates": [ -79.95045254, 40.4421893 ] } },
{ "type": "Feature", "properties": { "common_name": "London planetree", "condition": "Poor", "height": 15.24, "width": 3.6576, "crown_r_m": 1.8288, "crown_h_m": 9.906, "height_imputed": true, "width_imputed": true, "neighborhood": "North Oakland", "tree_id": "t02079" }, "geometry": { "type": "Point", "coordinates": [ -79.95052605, 40.44221648 ] } },
{ "type": "Feature", "properties": { "common_name": "London planetree", "condition": "Fair", "height": 15.24, "width": 3.6576, "crown_r_m": 1.8288, "crown_h_m": 9.906, "height_imputed": true, "width_imputed": true, "neighborhood": "North Oakland", "tree_id": "t02080" }, "geometry": { "type": "Point", "coordinates": [ -79.95061539, 40.44225681 ] } },
{ "type": "Feature", "properties": { "common_name": "London planetree", "condition": "Fair", "height": 15.24, "width": 3.6576, "crown_r_m": 1.8288, "crown_h_m": 9.906, "height_imputed": true, "width_imputed": true, "neighborhood": "North Oakland", "tree_id": "t02081" }, "geometry": { "type": "Point", "coordinates": [ -79.9507087, 40.44228362 ] } },
{ "type": "Feature", "properties": { "common_name": "London planetree", "condition": "Fair", "height": 15.24, "width": 3.6576, "crown_r_m": 1.8288, "crown_h_m": 9.906, "height_imputed": true, "width_imputed": true, "neighborhood": "North Oakland", "tree_id": "t02082" }, "geometry": { "type": "Point", "coordinates": [ -79.95080431, 40.44231374 ] } },
{ "type": "Feature", "properties": { "common_name": "London planetree", "condition": "Poor", "height": 15.24, "width": 3.6576, "crown_r_m": 1.8288, "crown_h_m": 9.906, "height_imputed": true, "width_imputed": true, "neighborhood": "North Oakland", "tree_id": "t02083" }, "geometry": { "type": "Point", "coordinates": [ -79.95091922, 40.44232837 ] } },
{ "type": "Feature", "properties": { "common_name": "London planetree", "condition": "Good", "height": 15.24, "width": 3.6576, "crown_r_m": 1.8288, "crown_h_m": 9.906, "height_imputed": true, "width_imputed": true, "neighborhood": "North Oakland", "tree_id": "t02084" }, "geometry": { "type": "Point", "coordinates": [ -79.95120654, 40.44250112 ] } },
{ "type": "Feature", "properties": { "common_name": "London planetree", "condition": "Good", "height": 15.24, "width": 3.6576, "crown_r_m": 1.8288, "crown_h_m": 9.906, "height_imputed": true, "width_imputed": true, "neighborhood": "North Oakland", "tree_id": "t02085" }, "geometry": { "type": "Point", "coordinates": [ -79.95122974, 40.442537669999979 ] } },
{ "type": "Feature", "properties": { "common_name": "London planetree", "condition": "Poor", "height": 15.24, "width": 3.6576, "crown_r_m": 1.8288, "crown_h_m": 9.906, "height_imputed": true, "width_imputed": true, "neighborhood": "North Oakland", "tree_id": "t02086" }, "geometry": { "type": "Point", "coordinates": [ -79.95127345, 40.44252843 ] } },
{ "type": "Feature", "properties": { "common_name": "London planetree", "condition": "Poor", "height": 15.24, "width": 3.6576, "crown_r_m": 1.8288, "crown_h_m": 9.906, "height_imputed": true, "width_imputed": true, "neighborhood": "North Oakland", "tree_id": "t02087" }, "geometry": { "type": "Point", "coordinates": [ -79.95129021000001, 40.44257014 ] } },
{ "type": "Feature", "properties": { "common_name": "London planetree", "condition": "Fair", "height": 15.24, "width": 3.6576, "crown_r_m": 1.8288, "crown_h_m": 9.906, "height_imputed": true, "width_imputed": true, "neighborhood": "North Oakland", "tree_id": "t02088" }, "geometry": { "type": "Point", "coordinates": [ -79.95132067, 40.44262673 ] } },
{ "type": "Feature", "properties": { "common_name": "London planetree", "condition": "Good", "height": 15.24, "width": 3.6576, "crown_r_m": 1.8288, "crown_h_m": 9.906, "height_imputed": true, "width_imputed": true, "neighborhood": "North Oakland", "tree_id": "t02089" }, "geometry": { "type": "Point", "coordinates": [ -79.95311852, 40.442455529999989 ] } },
{ "type": "Feature", "properties": { "common_name": "London planetree", "condition": "Fair", "height": 15.24, "width": 3.6576, "crown_r_m": 1.8288, "crown_h_m": 9.906, "height_imputed": true, "width_imputed": true, "neighborhood": "North Oakland", "tree_id": "t02090" }, "geometry": { "type": "Point", "coordinates": [ -79.95135074, 40.44267155 ] } },
{ "type": "Feature", "properties": { "common_name": "London planetree", "condition": "Poor", "height": 15.24, "width": 3.6576, "crown_r_m": 1.8288, "crown_h_m": 9.906, "height_imputed": true, "width_imputed": true, "neighborhood": "North Oakland", "tree_id": "t02091" }, "geometry": { "type": "Point", "coordinates": [ -79.95138015, 40.44272554 ] } },
{ "type": "Feature", "properties": { "common_name": "London planetree", "condition": "Fair", "height": 15.24, "width": 3.6576, "crown_r_m": 1.8288, "crown_h_m": 9.906, "height_imputed": true, "width_imputed": true, "neighborhood": "North Oakland", "tree_id": "t02092" }, "geometry": { "type": "Point", "coordinates": [ -79.95141159, 40.44281237 ] } },
{ "type": "Feature", "properties": { "common_name": "London planetree", "condition": "Good", "height": 15.24, "width": 3.6576, "crown_r_m": 1.8288, "crown_h_m": 9.906, "height_imputed": true, "width_imputed": true, "neighborhood": "North Oakland", "tree_id": "t02093" }, "geometry": { "type": "Point", "coordinates": [ -79.95143726, 40.44285728 ] } },
{ "type": "Feature", "properties": { "common_name": "London planetree", "condition": "Poor", "height": 15.24, "width": 3.6576, "crown_r_m": 1.8288, "crown_h_m": 9.906, "height_imputed": true, "width_imputed": true, "neighborhood": "North Oakland", "tree_id": "t02094" }, "geometry": { "type": "Point", "coordinates": [ -79.95147514, 40.44293894 ] } },
{ "type": "Feature", "properties": { "common_name": "London planetree", "condition": "Good", "height": 15.24, "width": 3.6576, "crown_r_m": 1.8288, "crown_h_m": 9.906, "height_imputed": true, "width_imputed": true, "neighborhood": "North Oakland", "tree_id": "t02095" }, "geometry": { "type": "Point", "coordinates": [ -79.9515252, 40.44304413 ] } },
{ "type": "Feature", "properties": { "common_name": "London planetree", "condition": "Poor", "height": 15.24, "width": 3.6576, "crown_r_m": 1.8288, "crown_h_m": 9.906, "height_imputed": true, "width_imputed": true, "neighborhood": "North Oakland", "tree_id": "t02096" }, "geometry": { "type": "Point", "coordinates": [ -79.95154004, 40.44309428 ] } },
{ "type": "Feature", "properties": { "common_name": "London planetree", "condition": "Poor", "height": 15.24, "width": 3.6576, "crown_r_m": 1.8288, "crown_h_m": 9.906, "height_imputed": true, "width_imputed": true, "neighborhood": "North Oakland", "tree_id": "t02097" }, "geometry": { "type": "Point", "coordinates": [ -79.95156406, 40.44315604 ] } },
{ "type": "Feature", "properties": { "common_name": "London planetree", "condition": "Fair", "height": 15.24, "width": 3.6576, "crown_r_m": 1.8288, "crown_h_m": 9.906, "height_imputed": true, "width_imputed": true, "neighborhood": "North Oakland", "tree_id": "t02098" }, "geometry": { "type": "Point", "coordinates": [ -79.95159501, 40.44322775 ] } },
{ "type": "Feature", "properties": { "common_name": "London planetree", "condition": "Poor", "height": 15.24, "width": 3.6576, "crown_r_m": 1.8288, "crown_h_m": 9.906, "height_imputed": true, "width_imputed": true, "neighborhood": "North Oakland", "tree_id": "t02099" }, "geometry": { "type": "Point", "coordinates": [ -79.95163881, 40.44333662 ] } },
{ "type": "Feature", "properties": { "common_name": "Osage-orange", "condition": "Fair", "height": 7.62, "width": 2.1336, "crown_r_m": 1.0668, "crown_h_m": 4.953, "height_imputed": true, "width_imputed": true, "neighborhood": "Squirrel Hill South", "tree_id": "t02100" }, "geometry": { "type": "Point", "coordinates": [ -79.94504681, 40.43940376 ] } },
{ "type": "Feature", "properties": { "common_name": "Osage-orange", "condition": "Poor", "height": 7.62, "width": 2.1336, "crown_r_m": 1.0668, "crown_h_m": 4.953, "height_imputed": true, "width_imputed": true, "neighborhood": "Squirrel Hill South", "tree_id": "t02101" }, "geometry": { "type": "Point", "coordinates": [ -79.94488551, 40.43933552 ] } },
{ "type": "Feature", "properties": { "common_name": "Hemlock: Eastern", "condition": "Fair", "height": 7.62, "width": 2.1336, "crown_r_m": 1.0668, "crown_h_m": 4.953, "height_imputed": true, "width_imputed": true, "neighborhood": "Squirrel Hill South", "tree_id": "t02102" }, "geometry": { "type": "Point", "coordinates": [ -79.94618718, 40.43843843 ] } },
{ "type": "Feature", "properties": { "common_name": "Yellowwood: American", "condition": "Very Good", "height": 7.62, "width": 2.1336, "crown_r_m": 1.0668, "crown_h_m": 4.953, "height_imputed": true, "width_imputed": true, "neighborhood": "Squirrel Hill South", "tree_id": "t02103" }, "geometry": { "type": "Point", "coordinates": [ -79.94635364, 40.43848785 ] } },
{ "type": "Feature", "properties": { "common_name": "Coffeetree: Kentucky", "condition": "Fair", "height": 7.62, "width": 2.1336, "crown_r_m": 1.0668, "crown_h_m": 4.953, "height_imputed": true, "width_imputed": true, "neighborhood": "Squirrel Hill South", "tree_id": "t02104" }, "geometry": { "type": "Point", "coordinates": [ -79.944268, 40.43808087 ] } },
{ "type": "Feature", "properties": { "common_name": "Coffeetree: Kentucky", "condition": "Good", "height": 7.62, "width": 2.1336, "crown_r_m": 1.0668, "crown_h_m": 4.953, "height_imputed": true, "width_imputed": true, "neighborhood": "Squirrel Hill South", "tree_id": "t02105" }, "geometry": { "type": "Point", "coordinates": [ -79.9443606, 40.4381301 ] } },
{ "type": "Feature", "properties": { "common_name": "Coffeetree: Kentucky", "condition": "Good", "height": 7.62, "width": 2.1336, "crown_r_m": 1.0668, "crown_h_m": 4.953, "height_imputed": true, "width_imputed": true, "neighborhood": "Squirrel Hill South", "tree_id": "t02106" }, "geometry": { "type": "Point", "coordinates": [ -79.94498069, 40.437628869999983 ] } },
{ "type": "Feature", "properties": { "common_name": "Coffeetree: Kentucky", "condition": "Fair", "height": 7.62, "width": 2.1336, "crown_r_m": 1.0668, "crown_h_m": 4.953, "height_imputed": true, "width_imputed": true, "neighborhood": "Squirrel Hill South", "tree_id": "t02107" }, "geometry": { "type": "Point", "coordinates": [ -79.94501883, 40.43754239 ] } },
{ "type": "Feature", "properties": { "common_name": "Linden: Littleleaf", "condition": "Fair", "height": 13.716, "width": 3.048, "crown_r_m": 1.524, "crown_h_m": 8.9154, "height_imputed": false, "width_imputed": false, "neighborhood": "Central Oakland", "tree_id": "t02108" }, "geometry": { "type": "Point", "coordinates": [ -79.95564151, 40.43832297 ] } },
{ "type": "Feature", "properties": { "common_name": "Linden: Littleleaf", "condition": "Fair", "height": 8.2296, "width": 2.7432, "crown_r_m": 1.3716, "crown_h_m": 5.34924, "height_imputed": false, "width_imputed": false, "neighborhood": "Shadyside", "tree_id": "t02109" }, "geometry": { "type": "Point", "coordinates": [ -79.94411589, 40.45072156 ] } },
{ "type": "Feature", "properties": { "common_name": "Oak: Pin", "condition": "Poor", "height": 16.764, "width": 4.572, "crown_r_m": 2.286, "crown_h_m": 10.8966, "height_imputed": true, "width_imputed": true, "neighborhood": "Shadyside", "tree_id": "t02110" }, "geometry": { "type": "Point", "coordinates": [ -79.9455264, 40.45179438 ] } },
{ "type": "Feature", "properties": { "common_name": "Maple: Red", "condition": "Fair", "height": 9.144, "width": 2.1336, "crown_r_m": 1.0668, "crown_h_m": 5.9436, "height_imputed": false, "width_imputed": false, "neighborhood": "Central Oakland", "tree_id": "t02111" }, "geometry": { "type": "Point", "coordinates": [ -79.95141438, 40.43719981 ] } },
{ "type": "Feature", "properties": { "common_name": "London planetree", "condition": "Fair", "height": 15.8496, "width": 3.048, "crown_r_m": 1.524, "crown_h_m": 10.30224, "height_imputed": false, "width_imputed": false, "neighborhood": "Central Oakland", "tree_id": "t02112" }, "geometry": { "type": "Point", "coordinates": [ -79.9515652, 40.43723677 ] } },
{ "type": "Feature", "properties": { "common_name": "Linden: Littleleaf", "condition": "Poor", "height": 12.192, "width": 4.8768, "crown_r_m": 2.4384, "crown_h_m": 7.9248, "height_imputed": false, "width_imputed": false, "neighborhood": "Central Oakland", "tree_id": "t02113" }, "geometry": { "type": "Point", "coordinates": [ -79.95270873, 40.43720026 ] } },
{ "type": "Feature", "properties": { "common_name": "Linden: Littleleaf", "condition": "Poor", "height": 9.144, "width": 2.4384, "crown_r_m": 1.2192, "crown_h_m": 5.9436, "height_imputed": false, "width_imputed": false, "neighborhood": "Middle Hill", "tree_id": "t02114" }, "geometry": { "type": "Point", "coordinates": [ -79.96517931, 40.44919944 ] } },
{ "type": "Feature", "properties": { "common_name": "Oak: Northern Red", "condition": "Fair", "height": 16.764, "width": 3.048, "crown_r_m": 1.524, "crown_h_m": 10.8966, "height_imputed": false, "width_imputed": false, "neighborhood": "North Oakland", "tree_id": "t02115" }, "geometry": { "type": "Point", "coordinates": [ -79.9551472, 40.44864729 ] } },
{ "type": "Feature", "properties": { "common_name": "Oak: Pin", "condition": "Fair", "height": 18.288, "width": 3.048, "crown_r_m": 1.524, "crown_h_m": 11.8872, "height_imputed": false, "width_imputed": false, "neighborhood": "Shadyside", "tree_id": "t02116" }, "geometry": { "type": "Point", "coordinates": [ -79.94697944, 40.45209956 ] } },
{ "type": "Feature", "properties": { "common_name": "Elm: Hybrid", "condition": "Very Good", "height": 7.62, "width": 2.1336, "crown_r_m": 1.0668, "crown_h_m": 4.953, "height_imputed": true, "width_imputed": true, "neighborhood": "Shadyside", "tree_id": "t02117" }, "geometry": { "type": "Point", "coordinates": [ -79.94559921, 40.45165613 ] } },
{ "type": "Feature", "properties": { "common_name": "Elm: Hybrid", "condition": "Very Good", "height": 7.62, "width": 2.1336, "crown_r_m": 1.0668, "crown_h_m": 4.953, "height_imputed": true, "width_imputed": true, "neighborhood": "Shadyside", "tree_id": "t02118" }, "geometry": { "type": "Point", "coordinates": [ -79.94584347, 40.45222332 ] } },
{ "type": "Feature", "properties": { "common_name": "Hornbeam: European", "condition": "Very Good", "height": 4.8768, "width": 1.524, "crown_r_m": 1.0, "crown_h_m": 3.16992, "height_imputed": true, "width_imputed": true, "neighborhood": "Shadyside", "tree_id": "t02119" }, "geometry": { "type": "Point", "coordinates": [ -79.94592592, 40.45118632 ] } },
{ "type": "Feature", "properties": { "common_name": "London planetree", "condition": "Excellent", "height": 16.764, "width": 3.6576, "crown_r_m": 1.8288, "crown_h_m": 10.8966, "height_imputed": false, "width_imputed": false, "neighborhood": "Shadyside", "tree_id": "t02120" }, "geometry": { "type": "Point", "coordinates": [ -79.94709516, 40.45083444 ] } },
{ "type": "Feature", "properties": { "common_name": "Ginkgo", "condition": "Fair", "height": 2.1336, "width": 1.8288, "crown_r_m": 1.0, "crown_h_m": 1.5, "height_imputed": false, "width_imputed": false, "neighborhood": "North Oakland", "tree_id": "t02121" }, "geometry": { "type": "Point", "coordinates": [ -79.9500486, 40.45056235 ] } },
{ "type": "Feature", "properties": { "common_name": "Oak: Scarlet", "condition": "Good", "height": 3.048, "width": 1.2192, "crown_r_m": 1.0, "crown_h_m": 1.9812, "height_imputed": false, "width_imputed": false, "neighborhood": "North Oakland", "tree_id": "t02122" }, "geometry": { "type": "Point", "coordinates": [ -79.95209719, 40.44872826 ] } },
{ "type": "Feature", "properties": { "common_name": "Maple: Red", "condition": "Poor", "height": 7.62, "width": 3.048, "crown_r_m": 1.524, "crown_h_m": 4.953, "height_imputed": false, "width_imputed": false, "neighborhood": "North Oakland", "tree_id": "t02123" }, "geometry": { "type": "Point", "coordinates": [ -79.94896384, 40.45038095 ] } },
{ "type": "Feature", "properties": { "common_name": "Maple: Red", "condition": "Fair", "height": 6.096, "width": 2.7432, "crown_r_m": 1.3716, "crown_h_m": 3.9624, "height_imputed": false, "width_imputed": false, "neighborhood": "Shadyside", "tree_id": "t02124" }, "geometry": { "type": "Point", "coordinates": [ -79.94717583, 40.45092998 ] } },
{ "type": "Feature", "properties": { "common_name": "London planetree", "condition": "Fair", "height": 13.4112, "width": 4.2672, "crown_r_m": 2.1336, "crown_h_m": 8.71728, "height_imputed": false, "width_imputed": false, "neighborhood": "Shadyside", "tree_id": "t02125" }, "geometry": { "type": "Point", "coordinates": [ -79.9461551, 40.45123113 ] } },
{ "type": "Feature", "properties": { "common_name": "Oak: Sawtooth", "condition": "Good", "height": 5.4864, "width": 1.2192, "crown_r_m": 1.0, "crown_h_m": 3.56616, "height_imputed": false, "width_imputed": false, "neighborhood": "North Oakland", "tree_id": "t02126" }, "geometry": { "type": "Point", "coordinates": [ -79.94887459, 40.45029756000001 ] } },
{ "type": "Feature", "properties": { "common_name": "Ginkgo", "condition": "Good", "height": 2.4384, "width": 1.2192, "crown_r_m": 1.0, "crown_h_m": 1.58496, "height_imputed": false, "width_imputed": false, "neighborhood": "North Oakland", "tree_id": "t02127" }, "geometry": { "type": "Point", "coordinates": [ -79.94989591, 40.45026631 ] } },
{ "type": "Feature", "properties": { "common_name": "Oak: Northern Red", "condition": "Good", "height": 3.048, "width": 1.8288, "crown_r_m": 1.0, "crown_h_m": 1.9812, "height_imputed": false, "width_imputed": false, "neighborhood": "North Oakland", "tree_id": "t02128" }, "geometry": { "type": "Point", "coordinates": [ -79.95238077, 40.44853243 ] } },
{ "type": "Feature", "properties": { "common_name": "Oak: Pin", "condition": "Fair", "height": 7.9248, "width": 4.2672, "crown_r_m": 2.1336, "crown_h_m": 5.15112, "height_imputed": false, "width_imputed": false, "neighborhood": "Shadyside", "tree_id": "t02129" }, "geometry": { "type": "Point", "coordinates": [ -79.94624777, 40.45108692 ] } },
{ "type": "Feature", "properties": { "common_name": "Oak: Scarlet", "condition": "Poor", "height": 3.6576, "width": 1.8288, "crown_r_m": 1.0, "crown_h_m": 2.37744, "height_imputed": false, "width_imputed": false, "neighborhood": "North Oakland", "tree_id": "t02130" }, "geometry": { "type": "Point", "coordinates": [ -79.95200378, 40.44880469 ] } },
{ "type": "Feature", "properties": { "common_name": "Maple: Red", "condition": "Fair", "height": 7.62, "width": 3.6576, "crown_r_m": 1.8288, "crown_h_m": 4.953, "height_imputed": false, "width_imputed": false, "neighborhood": "North Oakland", "tree_id": "t02131" }, "geometry": { "type": "Point", "coordinates": [ -79.949062760000018, 40.45035226 ] } },
{ "type": "Feature", "properties": { "common_name": "Oak: Sawtooth", "condition": "Fair", "height": 7.62, "width": 1.524, "crown_r_m": 1.0, "crown_h_m": 4.953, "height_imputed": false, "width_imputed": false, "neighborhood": "North Oakland", "tree_id": "t02132" }, "geometry": { "type": "Point", "coordinates": [ -79.94897835, 40.45026763 ] } },
{ "type": "Feature", "properties": { "common_name": "Elm: Siberian", "condition": "Poor", "height": 13.1064, "width": 3.6576, "crown_r_m": 1.8288, "crown_h_m": 8.51916, "height_imputed": false, "width_imputed": false, "neighborhood": "Shadyside", "tree_id": "t02133" }, "geometry": { "type": "Point", "coordinates": [ -79.94069198, 40.45246966 ] } },
{ "type": "Feature", "properties": { "common_name": "London planetree", "condition": "Fair", "height": 9.144, "width": 3.6576, "crown_r_m": 1.8288, "crown_h_m": 5.9436, "height_imputed": false, "width_imputed": false, "neighborhood": "Shadyside", "tree_id": "t02134" }, "geometry": { "type": "Point", "coordinates": [ -79.94530151, 40.45148274 ] } },
{ "type": "Feature", "properties": { "common_name": "Maple: Red", "condition": "Fair", "height": 10.0584, "width": 4.572, "crown_r_m": 2.286, "crown_h_m": 6.53796, "height_imputed": false, "width_imputed": false, "neighborhood": "Shadyside", "tree_id": "t02135" }, "geometry": { "type": "Point", "coordinates": [ -79.94652249, 40.45100984 ] } },
{ "type": "Feature", "properties": { "common_name": "Maple: Norway", "condition": "Poor", "height": 6.7056, "width": 3.6576, "crown_r_m": 1.8288, "crown_h_m": 4.35864, "height_imputed": false, "width_imputed": false, "neighborhood": "Shadyside", "tree_id": "t02136" }, "geometry": { "type": "Point", "coordinates": [ -79.94745839, 40.45084014 ] } },
{ "type": "Feature", "properties": { "common_name": "Maple: Red", "condition": "Fair", "height": 10.668, "width": 4.572, "crown_r_m": 2.286, "crown_h_m": 6.9342, "height_imputed": false, "width_imputed": false, "neighborhood": "Shadyside", "tree_id": "t02137" }, "geometry": { "type": "Point", "coordinates": [ -79.94664177, 40.45097354 ] } },
{ "type": "Feature", "properties": { "common_name": "Ginkgo", "condition": "Fair", "height": 2.4384, "width": 0.6096, "crown_r_m": 1.0, "crown_h_m": 1.58496, "height_imputed": false, "width_imputed": false, "neighborhood": "North Oakland", "tree_id": "t02138" }, "geometry": { "type": "Point", "coordinates": [ -79.94985903, 40.45021134000001 ] } },
{ "type": "Feature", "properties": { "common_name": "Linden: Littleleaf", "condition": "Fair", "height": 5.4864, "width": 2.4384, "crown_r_m": 1.2192, "crown_h_m": 3.56616, "height_imputed": false, "width_imputed": false, "neighborhood": "Shadyside", "tree_id": "t02139" }, "geometry": { "type": "Point", "coordinates": [ -79.94520168, 40.45150713 ] } },
{ "type": "Feature", "properties": { "common_name": "London planetree", "condition": "Fair", "height": 10.668, "width": 3.3528, "crown_r_m": 1.6764, "crown_h_m": 6.9342, "height_imputed": false, "width_imputed": false, "neighborhood": "Shadyside", "tree_id": "t02140" }, "geometry": { "type": "Point", "coordinates": [ -79.9447847, 40.45159005 ] } },
{ "type": "Feature", "properties": { "common_name": "Oak: Sawtooth", "condition": "Good", "height": 6.096, "width": 1.8288, "crown_r_m": 1.0, "crown_h_m": 3.9624, "height_imputed": false, "width_imputed": false, "neighborhood": "North Oakland", "tree_id": "t02141" }, "geometry": { "type": "Point", "coordinates": [ -79.94913334, 40.45022227 ] } },
{ "type": "Feature", "properties": { "common_name": "Sweetgum: American", "condition": "Fair", "height": 13.4112, "width": 2.7432, "crown_r_m": 1.3716, "crown_h_m": 8.71728, "height_imputed": false, "width_imputed": false, "neighborhood": "Shadyside", "tree_id": "t02142" }, "geometry": { "type": "Point", "coordinates": [ -79.94369328, 40.45168764 ] } },
{ "type": "Feature", "properties": { "common_name": "Maple: Red", "condition": "Fair", "height": 7.3152, "width": 2.4384, "crown_r_m": 1.2192, "crown_h_m": 4.75488, "height_imputed": false, "width_imputed": false, "neighborhood": "Shadyside", "tree_id": "t02143" }, "geometry": { "type": "Point", "coordinates": [ -79.94767584, 40.450778020000016 ] } },
{ "type": "Feature", "properties": { "common_name": "London planetree", "condition": "Fair", "height": 14.6304, "width": 3.9624, "crown_r_m": 1.9812, "crown_h_m": 9.50976, "height_imputed": false, "width_imputed": false, "neighborhood": "Shadyside", "tree_id": "t02144" }, "geometry": { "type": "Point", "coordinates": [ -79.946044020000016, 40.451266009999983 ] } },
{ "type": "Feature", "properties": { "common_name": "Ginkgo", "condition": "Poor", "height": 2.4384, "width": 1.524, "crown_r_m": 1.0, "crown_h_m": 1.58496, "height_imputed": false, "width_imputed": false, "neighborhood": "North Oakland", "tree_id": "t02145" }, "geometry": { "type": "Point", "coordinates": [ -79.94999049, 40.45043563 ] } },
{ "type": "Feature", "properties": { "common_name": "Maple: Red", "condition": "Fair", "height": 7.62, "width": 4.572, "crown_r_m": 2.286, "crown_h_m": 4.953, "height_imputed": false, "width_imputed": false, "neighborhood": "North Oakland", "tree_id": "t02146" }, "geometry": { "type": "Point", "coordinates": [ -79.94916171, 40.45032461000001 ] } },
{ "type": "Feature", "properties": { "common_name": "Oak: Northern Red", "condition": "Good", "height": 3.048, "width": 1.8288, "crown_r_m": 1.0, "crown_h_m": 1.9812, "height_imputed": false, "width_imputed": false, "neighborhood": "North Oakland", "tree_id": "t02147" }, "geometry": { "type": "Point", "coordinates": [ -79.95228556, 40.448595069999989 ] } },
{ "type": "Feature", "properties": { "common_name": "Maple: Freeman", "condition": "Fair", "height": 4.572, "width": 2.1336, "crown_r_m": 1.0668, "crown_h_m": 2.9718, "height_imputed": false, "width_imputed": false, "neighborhood": "North Oakland", "tree_id": "t02148" }, "geometry": { "type": "Point", "coordinates": [ -79.94907315, 40.45023401000001 ] } },
{ "type": "Feature", "properties": { "common_name": "Sweetgum: American", "condition": "Fair", "height": 10.9728, "width": 2.4384, "crown_r_m": 1.2192, "crown_h_m": 7.13232, "height_imputed": false, "width_imputed": false, "neighborhood": "Shadyside", "tree_id": "t02149" }, "geometry": { "type": "Point", "coordinates": [ -79.94350313, 40.45172687 ] } },
{ "type": "Feature", "properties": { "common_name": "Maple: Red", "condition": "Poor", "height": 9.7536, "width": 3.3528, "crown_r_m": 1.6764, "crown_h_m": 6.33984, "height_imputed": false, "width_imputed": false, "neighborhood": "Shadyside", "tree_id": "t02150" }, "geometry": { "type": "Point", "coordinates": [ -79.94406648, 40.451616810000012 ] } },
{ "type": "Feature", "properties": { "common_name": "Maple: Japanese", "condition": "Fair", "height": 5.4864, "width": 1.2192, "crown_r_m": 1.0, "crown_h_m": 3.56616, "height_imputed": false, "width_imputed": false, "neighborhood": "Shadyside", "tree_id": "t02151" }, "geometry": { "type": "Point", "coordinates": [ -79.948256210000011, 40.45063651000001 ] } },
{ "type": "Feature", "properties": { "common_name": "Maple: Norway", "condition": "Fair", "height": 12.192, "width": 2.4384, "crown_r_m": 1.2192, "crown_h_m": 7.9248, "height_imputed": false, "width_imputed": false, "neighborhood": "Shadyside", "tree_id": "t02152" }, "geometry": { "type": "Point", "coordinates": [ -79.947548, 40.45070355 ] } },
{ "type": "Feature", "properties": { "common_name": "Oak: Pin", "condition": "Fair", "height": 10.668, "width": 4.8768, "crown_r_m": 2.4384, "crown_h_m": 6.9342, "height_imputed": false, "width_imputed": false, "neighborhood": "Shadyside", "tree_id": "t02153" }, "geometry": { "type": "Point", "coordinates": [ -79.94642922, 40.4510343 ] } },
{ "type": "Feature", "properties": { "common_name": "Maple: Red", "condition": "Fair", "height": 10.0584, "width": 3.9624, "crown_r_m": 1.9812, "crown_h_m": 6.53796, "height_imputed": false, "width_imputed": false, "neighborhood": "Shadyside", "tree_id": "t02154" }, "geometry": { "type": "Point", "coordinates": [ -79.94725365, 40.45078605 ] } },
{ "type": "Feature", "properties": { "common_name": "Dogwood: Corneliancherry", "condition": "Very Good", "height": 2.4384, "width": 1.2192, "crown_r_m": 1.0, "crown_h_m": 1.58496, "height_imputed": true, "width_imputed": true, "neighborhood": "Shadyside", "tree_id": "t02155" }, "geometry": { "type": "Point", "coordinates": [ -79.9455813, 40.45253859 ] } },
{ "type": "Feature", "properties": { "common_name": "Coffeetree: Kentucky", "condition": "Very Good", "height": 7.62, "width": 2.1336, "crown_r_m": 1.0668, "crown_h_m": 4.953, "height_imputed": true, "width_imputed": true, "neighborhood": "Shadyside", "tree_id": "t02156" }, "geometry": { "type": "Point", "coordinates": [ -79.94643523, 40.45238269 ] } },
{ "type": "Feature", "properties": { "common_name": "Ash: Green", "condition": "Critical", "height": 11.5824, "width": 2.4384, "crown_r_m": 1.2192, "crown_h_m": 7.52856, "height_imputed": false, "width_imputed": false, "neighborhood": "Shadyside", "tree_id": "t02157" }, "geometry": { "type": "Point", "coordinates": [ -79.94818587, 40.45176539 ] } },
{ "type": "Feature", "properties": { "common_name": "Maple: Norway", "condition": "Fair", "height": 9.144, "width": 2.4384, "crown_r_m": 1.2192, "crown_h_m": 5.9436, "height_imputed": false, "width_imputed": false, "neighborhood": "Shadyside", "tree_id": "t02158" }, "geometry": { "type": "Point", "coordinates": [ -79.94825693, 40.45183716 ] } },
{ "type": "Feature", "properties": { "common_name": "Linden: American", "condition": "Very Good", "height": 12.192, "width": 2.4384, "crown_r_m": 1.2192, "crown_h_m": 7.9248, "height_imputed": true, "width_imputed": true, "neighborhood": "Shadyside", "tree_id": "t02159" }, "geometry": { "type": "Point", "coordinates": [ -79.94542397, 40.45124887 ] } },
{ "type": "Feature", "properties": { "common_name": "Maple: Red", "condition": "Fair", "height": 7.62, "width": 2.4384, "crown_r_m": 1.2192, "crown_h_m": 4.953, "height_imputed": false, "width_imputed": false, "neighborhood": "Shadyside", "tree_id": "t02160" }, "geometry": { "type": "Point", "coordinates": [ -79.94505883, 40.45141610000001 ] } },
{ "type": "Feature", "properties": { "common_name": "Oak: Northern Red", "condition": "Fair", "height": 15.24, "width": 4.8768, "crown_r_m": 2.4384, "crown_h_m": 9.906, "height_imputed": false, "width_imputed": false, "neighborhood": "Shadyside", "tree_id": "t02161" }, "geometry": { "type": "Point", "coordinates": [ -79.94424547, 40.44795275 ] } },
{ "type": "Feature", "properties": { "common_name": "Elm: Hybrid", "condition": "Very Good", "height": 7.62, "width": 2.1336, "crown_r_m": 1.0668, "crown_h_m": 4.953, "height_imputed": true, "width_imputed": true, "neighborhood": "Shadyside", "tree_id": "t02162" }, "geometry": { "type": "Point", "coordinates": [ -79.9455571, 40.45156881 ] } },
{ "type": "Feature", "properties": { "common_name": "Cherry/Plum: spp.", "condition": "Fair", "height": 3.3528, "width": 1.2192, "crown_r_m": 1.0, "crown_h_m": 2.17932, "height_imputed": false, "width_imputed": false, "neighborhood": "Shadyside", "tree_id": "t02163" }, "geometry": { "type": "Point", "coordinates": [ -79.94600155, 40.45289527 ] } },
{ "type": "Feature", "properties": { "common_name": "Oak: Pin", "condition": "Fair", "height": 18.288, "width": 9.144, "crown_r_m": 4.572, "crown_h_m": 11.8872, "height_imputed": false, "width_imputed": false, "neighborhood": "Shadyside", "tree_id": "t02164" }, "geometry": { "type": "Point", "coordinates": [ -79.94579272, 40.4520968 ] } },
{ "type": "Feature", "properties": { "common_name": "Elm: Hybrid", "condition": "Very Good", "height": 7.62, "width": 2.1336, "crown_r_m": 1.0668, "crown_h_m": 4.953, "height_imputed": true, "width_imputed": true, "neighborhood": "Shadyside", "tree_id": "t02165" }, "geometry": { "type": "Point", "coordinates": [ -79.94588564, 40.45231252 ] } },
{ "type": "Feature", "properties": { "common_name": "Oak: Pin", "condition": "Poor", "height": 13.716, "width": 7.62, "crown_r_m": 3.81, "crown_h_m": 8.9154, "height_imputed": false, "width_imputed": false, "neighborhood": "Shadyside", "tree_id": "t02166" }, "geometry": { "type": "Point", "coordinates": [ -79.94527228, 40.4512255 ] } },
{ "type": "Feature", "properties": { "common_name": "Oak: Pin", "condition": "Fair", "height": 18.288, "width": 6.096, "crown_r_m": 3.048, "crown_h_m": 11.8872, "height_imputed": false, "width_imputed": false, "neighborhood": "Shadyside", "tree_id": "t02167" }, "geometry": { "type": "Point", "coordinates": [ -79.94425443, 40.44822818 ] } },
{ "type": "Feature", "properties": { "common_name": "Maple: Silver", "condition": "Poor", "height": 12.192, "width": 3.3528, "crown_r_m": 1.6764, "crown_h_m": 7.9248, "height_imputed": false, "width_imputed": false, "neighborhood": "Shadyside", "tree_id": "t02168" }, "geometry": { "type": "Point", "coordinates": [ -79.94444402, 40.44903921 ] } },
{ "type": "Feature", "properties": { "common_name": "Oak: Pin", "condition": "Fair", "height": 19.812, "width": 7.62, "crown_r_m": 3.81, "crown_h_m": 12.8778, "height_imputed": false, "width_imputed": false, "neighborhood": "Shadyside", "tree_id": "t02169" }, "geometry": { "type": "Point", "coordinates": [ -79.94426097, 40.44835367 ] } },
{ "type": "Feature", "properties": { "common_name": "Maple: Norway", "condition": "Poor", "height": 15.8496, "width": 6.096, "crown_r_m": 3.048, "crown_h_m": 10.30224, "height_imputed": false, "width_imputed": false, "neighborhood": "Shadyside", "tree_id": "t02170" }, "geometry": { "type": "Point", "coordinates": [ -79.94430973, 40.448758649999988 ] } },
{ "type": "Feature", "properties": { "common_name": "Cherry/Plum: spp.", "condition": "Fair", "height": 3.6576, "width": 1.8288, "crown_r_m": 1.0, "crown_h_m": 2.37744, "height_imputed": false, "width_imputed": false, "neighborhood": "Shadyside", "tree_id": "t02171" }, "geometry": { "type": "Point", "coordinates": [ -79.94605973, 40.453023529999989 ] } },
{ "type": "Feature", "properties": { "common_name": "Linden: Littleleaf", "condition": "Poor", "height": 10.3632, "width": 2.4384, "crown_r_m": 1.2192, "crown_h_m": 6.73608, "height_imputed": false, "width_imputed": false, "neighborhood": "Shadyside", "tree_id": "t02172" }, "geometry": { "type": "Point", "coordinates": [ -79.94432252, 40.4490387 ] } },
{ "type": "Feature", "properties": { "common_name": "Cherry/Plum: spp.", "condition": "Fair", "height": 2.7432, "width": 1.2192, "crown_r_m": 1.0, "crown_h_m": 1.78308, "height_imputed": false, "width_imputed": false, "neighborhood": "Shadyside", "tree_id": "t02173" }, "geometry": { "type": "Point", "coordinates": [ -79.94616356, 40.45327279 ] } },
{ "type": "Feature", "properties": { "common_name": "Oak: Pin", "condition": "Fair", "height": 18.288, "width": 4.2672, "crown_r_m": 2.1336, "crown_h_m": 11.8872, "height_imputed": false, "width_imputed": false, "neighborhood": "Shadyside", "tree_id": "t02174" }, "geometry": { "type": "Point", "coordinates": [ -79.94424599, 40.4481196 ] } },
{ "type": "Feature", "properties": { "common_name": "Maple: Silver", "condition": "Fair", "height": 18.288, "width": 6.096, "crown_r_m": 3.048, "crown_h_m": 11.8872, "height_imputed": false, "width_imputed": false, "neighborhood": "Shadyside", "tree_id": "t02175" }, "geometry": { "type": "Point", "coordinates": [ -79.9442813, 40.4486392 ] } },
{ "type": "Feature", "properties": { "common_name": "Cherry/Plum: spp.", "condition": "Fair", "height": 3.048, "width": 1.2192, "crown_r_m": 1.0, "crown_h_m": 1.9812, "height_imputed": false, "width_imputed": false, "neighborhood": "Shadyside", "tree_id": "t02176" }, "geometry": { "type": "Point", "coordinates": [ -79.9460281, 40.45295663 ] } },
{ "type": "Feature", "properties": { "common_name": "Linden: Littleleaf", "condition": "Fair", "height": 9.144, "width": 3.9624, "crown_r_m": 1.9812, "crown_h_m": 5.9436, "height_imputed": false, "width_imputed": false, "neighborhood": "Shadyside", "tree_id": "t02177" }, "geometry": { "type": "Point", "coordinates": [ -79.94486892, 40.45029386 ] } },
{ "type": "Feature", "properties": { "common_name": "Maple: Red", "condition": "Poor", "height": 7.0104, "width": 2.1336, "crown_r_m": 1.0668, "crown_h_m": 4.55676, "height_imputed": false, "width_imputed": false, "neighborhood": "Shadyside", "tree_id": "t02178" }, "geometry": { "type": "Point", "coordinates": [ -79.94496133, 40.4514367 ] } },
{ "type": "Feature", "properties": { "common_name": "Maple: Red", "condition": "Fair", "height": 13.716, "width": 3.9624, "crown_r_m": 1.9812, "crown_h_m": 8.9154, "height_imputed": false, "width_imputed": false, "neighborhood": "Shadyside", "tree_id": "t02179" }, "geometry": { "type": "Point", "coordinates": [ -79.94473892, 40.44999447 ] } },
{ "type": "Feature", "properties": { "common_name": "Maple: Sugar", "condition": "Fair", "height": 12.192, "width": 3.6576, "crown_r_m": 1.8288, "crown_h_m": 7.9248, "height_imputed": false, "width_imputed": false, "neighborhood": "Shadyside", "tree_id": "t02180" }, "geometry": { "type": "Point", "coordinates": [ -79.94569104, 40.45217747 ] } },
{ "type": "Feature", "properties": { "common_name": "Beech: American", "condition": "Fair", "height": 5.4864, "width": 1.524, "crown_r_m": 1.0, "crown_h_m": 3.56616, "height_imputed": false, "width_imputed": false, "neighborhood": "Shadyside", "tree_id": "t02181" }, "geometry": { "type": "Point", "coordinates": [ -79.94443094, 40.449278499999984 ] } },
{ "type": "Feature", "properties": { "common_name": "Oak: Pin", "condition": "Fair", "height": 16.4592, "width": 5.1816, "crown_r_m": 2.5908, "crown_h_m": 10.69848, "height_imputed": false, "width_imputed": false, "neighborhood": "Shadyside", "tree_id": "t02182" }, "geometry": { "type": "Point", "coordinates": [ -79.94537359, 40.45113358 ] } },
{ "type": "Feature", "properties": { "common_name": "Oak: Pin", "condition": "Fair", "height": 13.716, "width": 3.9624, "crown_r_m": 1.9812, "crown_h_m": 8.9154, "height_imputed": false, "width_imputed": false, "neighborhood": "Shadyside", "tree_id": "t02183" }, "geometry": { "type": "Point", "coordinates": [ -79.94427044, 40.448494110000013 ] } },
{ "type": "Feature", "properties": { "common_name": "Maple: Red", "condition": "Fair", "height": 6.4008, "width": 1.8288, "crown_r_m": 1.0, "crown_h_m": 4.16052, "height_imputed": false, "width_imputed": false, "neighborhood": "Shadyside", "tree_id": "t02184" }, "geometry": { "type": "Point", "coordinates": [ -79.94437081, 40.44916528 ] } },
{ "type": "Feature", "properties": { "common_name": "Maple: Red", "condition": "Fair", "height": 12.192, "width": 2.7432, "crown_r_m": 1.3716, "crown_h_m": 7.9248, "height_imputed": false, "width_imputed": false, "neighborhood": "Shadyside", "tree_id": "t02185" }, "geometry": { "type": "Point", "coordinates": [ -79.94467789, 40.44958973 ] } },
{ "type": "Feature", "properties": { "common_name": "Oak: Pin", "condition": "Fair", "height": 18.288, "width": 4.8768, "crown_r_m": 2.4384, "crown_h_m": 11.8872, "height_imputed": false, "width_imputed": false, "neighborhood": "Shadyside", "tree_id": "t02186" }, "geometry": { "type": "Point", "coordinates": [ -79.94520008, 40.45104314 ] } },
{ "type": "Feature", "properties": { "common_name": "Maple: Red", "condition": "Poor", "height": 13.4112, "width": 6.096, "crown_r_m": 3.048, "crown_h_m": 8.71728, "height_imputed": false, "width_imputed": false, "neighborhood": "Shadyside", "tree_id": "t02187" }, "geometry": { "type": "Point", "coordinates": [ -79.94454101, 40.44956889 ] } },
{ "type": "Feature", "properties": { "common_name": "Maple: Red", "condition": "Fair", "height": 10.0584, "width": 2.1336, "crown_r_m": 1.0668, "crown_h_m": 6.53796, "height_imputed": false, "width_imputed": false, "neighborhood": "Shadyside", "tree_id": "t02188" }, "geometry": { "type": "Point", "coordinates": [ -79.94521507, 40.45139064 ] } },
{ "type": "Feature", "properties": { "common_name": "Baldcypress: Common", "condition": "Very Good", "height": 0.6096, "width": 0.3048, "crown_r_m": 1.0, "crown_h_m": 1.5, "height_imputed": false, "width_imputed": false, "neighborhood": "Shadyside", "tree_id": "t02189" }, "geometry": { "type": "Point", "coordinates": [ -79.94751044, 40.45208622 ] } },
{ "type": "Feature", "properties": { "common_name": "Coffeetree: Kentucky", "condition": "Very Good", "height": 7.62, "width": 2.1336, "crown_r_m": 1.0668, "crown_h_m": 4.953, "height_imputed": true, "width_imputed": true, "neighborhood": "Shadyside", "tree_id": "t02190" }, "geometry": { "type": "Point", "coordinates": [ -79.94715255, 40.45218561 ] } },
{ "type": "Feature", "properties": { "common_name": "Cherry/Plum: spp.", "condition": "Very Good", "height": 2.8956, "width": 1.2192, "crown_r_m": 1.0, "crown_h_m": 1.88214, "height_imputed": true, "width_imputed": true, "neighborhood": "Shadyside", "tree_id": "t02191" }, "geometry": { "type": "Point", "coordinates": [ -79.94787439, 40.45181557 ] } },
{ "type": "Feature", "properties": { "common_name": "Coffeetree: Kentucky", "condition": "Very Good", "height": 7.62, "width": 2.1336, "crown_r_m": 1.0668, "crown_h_m": 4.953, "height_imputed": true, "width_imputed": true, "neighborhood": "Shadyside", "tree_id": "t02192" }, "geometry": { "type": "Point", "coordinates": [ -79.9467124, 40.452302429999989 ] } },
{ "type": "Feature", "properties": { "common_name": "Pear: Callery", "condition": "Fair", "height": 4.572, "width": 1.2192, "crown_r_m": 1.0, "crown_h_m": 2.9718, "height_imputed": false, "width_imputed": false, "neighborhood": "Shadyside", "tree_id": "t02193" }, "geometry": { "type": "Point", "coordinates": [ -79.944494070000019, 40.4529539 ] } },
{ "type": "Feature", "properties": { "common_name": "Pear: Callery", "condition": "Fair", "height": 4.572, "width": 1.2192, "crown_r_m": 1.0, "crown_h_m": 2.9718, "height_imputed": false, "width_imputed": false, "neighborhood": "Shadyside", "tree_id": "t02194" }, "geometry": { "type": "Point", "coordinates": [ -79.94437366, 40.45298712 ] } },
{ "type": "Feature", "properties": { "common_name": "Maple: Sugar", "condition": "Fair", "height": 9.7536, "width": 2.4384, "crown_r_m": 1.2192, "crown_h_m": 6.33984, "height_imputed": false, "width_imputed": false, "neighborhood": "Shadyside", "tree_id": "t02195" }, "geometry": { "type": "Point", "coordinates": [ -79.9463089, 40.45242259 ] } },
{ "type": "Feature", "properties": { "common_name": "Maple: Red", "condition": "Fair", "height": 8.5344, "width": 3.048, "crown_r_m": 1.524, "crown_h_m": 5.54736, "height_imputed": false, "width_imputed": false, "neighborhood": "Shadyside", "tree_id": "t02196" }, "geometry": { "type": "Point", "coordinates": [ -79.94682167, 40.45226661 ] } },
{ "type": "Feature", "properties": { "common_name": "Tuliptree", "condition": "Good", "height": 3.9624, "width": 1.524, "crown_r_m": 1.0, "crown_h_m": 2.57556, "height_imputed": false, "width_imputed": false, "neighborhood": "Shadyside", "tree_id": "t02197" }, "geometry": { "type": "Point", "coordinates": [ -79.945140660000021, 40.45276163 ] } },
{ "type": "Feature", "properties": { "common_name": "London planetree", "condition": "Fair", "height": 15.24, "width": 3.048, "crown_r_m": 1.524, "crown_h_m": 9.906, "height_imputed": false, "width_imputed": false, "neighborhood": "Shadyside", "tree_id": "t02198" }, "geometry": { "type": "Point", "coordinates": [ -79.94802043, 40.45180978 ] } },
{ "type": "Feature", "properties": { "common_name": "Maple: Norway", "condition": "Fair", "height": 7.3152, "width": 2.7432, "crown_r_m": 1.3716, "crown_h_m": 4.75488, "height_imputed": false, "width_imputed": false, "neighborhood": "Shadyside", "tree_id": "t02199" }, "geometry": { "type": "Point", "coordinates": [ -79.94611188, 40.45247695 ] } },
{ "type": "Feature", "properties": { "common_name": "Tuliptree", "condition": "Good", "height": 3.6576, "width": 1.524, "crown_r_m": 1.0, "crown_h_m": 2.37744, "height_imputed": false, "width_imputed": false, "neighborhood": "Shadyside", "tree_id": "t02200" }, "geometry": { "type": "Point", "coordinates": [ -79.94523785, 40.45273167 ] } },
{ "type": "Feature", "properties": { "common_name": "Maple: Sugar", "condition": "Fair", "height": 8.5344, "width": 2.7432, "crown_r_m": 1.3716, "crown_h_m": 5.54736, "height_imputed": false, "width_imputed": false, "neighborhood": "Shadyside", "tree_id": "t02201" }, "geometry": { "type": "Point", "coordinates": [ -79.94623838, 40.45244268 ] } },
{ "type": "Feature", "properties": { "common_name": "Maple: Norway", "condition": "Fair", "height": 6.096, "width": 2.1336, "crown_r_m": 1.0668, "crown_h_m": 3.9624, "height_imputed": false, "width_imputed": false, "neighborhood": "Shadyside", "tree_id": "t02202" }, "geometry": { "type": "Point", "coordinates": [ -79.94836399, 40.45180887 ] } },
{ "type": "Feature", "properties": { "common_name": "Maple: Red", "condition": "Fair", "height": 8.5344, "width": 2.4384, "crown_r_m": 1.2192, "crown_h_m": 5.54736, "height_imputed": false, "width_imputed": false, "neighborhood": "Shadyside", "tree_id": "t02203" }, "geometry": { "type": "Point", "coordinates": [ -79.94636238, 40.45240657 ] } },
{ "type": "Feature", "properties": { "common_name": "Linden: Littleleaf", "condition": "Fair", "height": 9.144, "width": 3.9624, "crown_r_m": 1.9812, "crown_h_m": 5.9436, "height_imputed": false, "width_imputed": false, "neighborhood": "Shadyside", "tree_id": "t02204" }, "geometry": { "type": "Point", "coordinates": [ -79.94700279, 40.45221348 ] } },
{ "type": "Feature", "properties": { "common_name": "Coffeetree: Kentucky", "condition": "Excellent", "height": 3.6576, "width": 1.524, "crown_r_m": 1.0, "crown_h_m": 2.37744, "height_imputed": false, "width_imputed": false, "neighborhood": "Shadyside", "tree_id": "t02205" }, "geometry": { "type": "Point", "coordinates": [ -79.94653984, 40.45235446 ] } },
{ "type": "Feature", "properties": { "common_name": "Pear: Callery", "condition": "Good", "height": 4.2672, "width": 1.2192, "crown_r_m": 1.0, "crown_h_m": 2.77368, "height_imputed": false, "width_imputed": false, "neighborhood": "Shadyside", "tree_id": "t02206" }, "geometry": { "type": "Point", "coordinates": [ -79.94779782, 40.45198275 ] } },
{ "type": "Feature", "properties": { "common_name": "Maple: Red", "condition": "Fair", "height": 8.2296, "width": 3.3528, "crown_r_m": 1.6764, "crown_h_m": 5.34924, "height_imputed": false, "width_imputed": false, "neighborhood": "Shadyside", "tree_id": "t02207" }, "geometry": { "type": "Point", "coordinates": [ -79.94516542, 40.45265523 ] } },
{ "type": "Feature", "properties": { "common_name": "Ash: Green", "condition": "Poor", "height": 5.1816, "width": 2.1336, "crown_r_m": 1.0668, "crown_h_m": 3.36804, "height_imputed": false, "width_imputed": false, "neighborhood": "Shadyside", "tree_id": "t02208" }, "geometry": { "type": "Point", "coordinates": [ -79.94461125, 40.45282137 ] } },
{ "type": "Feature", "properties": { "common_name": "Tuliptree", "condition": "Good", "height": 3.6576, "width": 1.524, "crown_r_m": 1.0, "crown_h_m": 2.37744, "height_imputed": false, "width_imputed": false, "neighborhood": "Shadyside", "tree_id": "t02209" }, "geometry": { "type": "Point", "coordinates": [ -79.9454981, 40.45265923 ] } },
{ "type": "Feature", "properties": { "common_name": "Honeylocust", "condition": null, "height": 4.572, "width": 2.1336, "crown_r_m": 1.0668, "crown_h_m": 2.9718, "height_imputed": false, "width_imputed": true, "neighborhood": "North Oakland", "tree_id": "t02210" }, "geometry": { "type": "Point", "coordinates": [ -79.95035958, 40.44563336 ] } },
{ "type": "Feature", "properties": { "common_name": "Honeylocust", "condition": null, "height": 4.572, "width": 2.1336, "crown_r_m": 1.0668, "crown_h_m": 2.9718, "height_imputed": false, "width_imputed": true, "neighborhood": "North Oakland", "tree_id": "t02211" }, "geometry": { "type": "Point", "coordinates": [ -79.95032754, 40.44557322 ] } },
{ "type": "Feature", "properties": { "common_name": "London planetree", "condition": "Good", "height": 15.24, "width": 3.048, "crown_r_m": 1.524, "crown_h_m": 9.906, "height_imputed": false, "width_imputed": false, "neighborhood": "Upper Hill", "tree_id": "t02212" }, "geometry": { "type": "Point", "coordinates": [ -79.96460786, 40.45387214 ] } },
{ "type": "Feature", "properties": { "common_name": "London planetree", "condition": "Good", "height": 15.24, "width": 3.6576, "crown_r_m": 1.8288, "crown_h_m": 9.906, "height_imputed": false, "width_imputed": false, "neighborhood": "Upper Hill", "tree_id": "t02213" }, "geometry": { "type": "Point", "coordinates": [ -79.96455274, 40.45382068 ] } },
{ "type": "Feature", "properties": { "common_name": "London planetree", "condition": "Good", "height": 15.24, "width": 3.048, "crown_r_m": 1.524, "crown_h_m": 9.906, "height_imputed": false, "width_imputed": false, "neighborhood": "Upper Hill", "tree_id": "t02214" }, "geometry": { "type": "Point", "coordinates": [ -79.96449665, 40.45375708 ] } },
{ "type": "Feature", "properties": { "common_name": "Linden: Littleleaf", "condition": "Fair", "height": 13.716, "width": 1.8288, "crown_r_m": 1.0, "crown_h_m": 8.9154, "height_imputed": false, "width_imputed": false, "neighborhood": "North Oakland", "tree_id": "t02215" }, "geometry": { "type": "Point", "coordinates": [ -79.95308864, 40.45096681 ] } },
{ "type": "Feature", "properties": { "common_name": "Sweetgum: American", "condition": "Good", "height": 18.288, "width": 3.9624, "crown_r_m": 1.9812, "crown_h_m": 11.8872, "height_imputed": false, "width_imputed": false, "neighborhood": "North Oakland", "tree_id": "t02216" }, "geometry": { "type": "Point", "coordinates": [ -79.95401276, 40.44795217 ] } },
{ "type": "Feature", "properties": { "common_name": "Maple: Norway", "condition": "Fair", "height": 9.144, "width": 2.4384, "crown_r_m": 1.2192, "crown_h_m": 5.9436, "height_imputed": false, "width_imputed": false, "neighborhood": "Shadyside", "tree_id": "t02217" }, "geometry": { "type": "Point", "coordinates": [ -79.9426549, 40.4492644 ] } },
{ "type": "Feature", "properties": { "common_name": "Maple: Red", "condition": "Fair", "height": 11.2776, "width": 3.6576, "crown_r_m": 1.8288, "crown_h_m": 7.33044, "height_imputed": false, "width_imputed": false, "neighborhood": "Shadyside", "tree_id": "t02218" }, "geometry": { "type": "Point", "coordinates": [ -79.94262035, 40.44910757 ] } },
{ "type": "Feature", "properties": { "common_name": "Linden: Littleleaf", "condition": null, "height": 10.668, "width": 2.7432, "crown_r_m": 1.3716, "crown_h_m": 6.9342, "height_imputed": true, "width_imputed": true, "neighborhood": "Shadyside", "tree_id": "t02219" }, "geometry": { "type": "Point", "coordinates": [ -79.94404565, 40.45308896 ] } },
{ "type": "Feature", "properties": { "common_name": "Oak: Northern Red", "condition": "Fair", "height": 16.764, "width": 6.096, "crown_r_m": 3.048, "crown_h_m": 10.8966, "height_imputed": false, "width_imputed": false, "neighborhood": "North Oakland", "tree_id": "t02220" }, "geometry": { "type": "Point", "coordinates": [ -79.95571669, 40.44630241 ] } },
{ "type": "Feature", "properties": { "common_name": "Linden: Littleleaf", "condition": "Good", "height": 16.764, "width": 7.62, "crown_r_m": 3.81, "crown_h_m": 10.8966, "height_imputed": false, "width_imputed": false, "neighborhood": "North Oakland", "tree_id": "t02221" }, "geometry": { "type": "Point", "coordinates": [ -79.95588869, 40.446531899999989 ] } },
{ "type": "Feature", "properties": { "common_name": "Linden: Littleleaf", "condition": "Fair", "height": 10.668, "width": 6.096, "crown_r_m": 3.048, "crown_h_m": 6.9342, "height_imputed": false, "width_imputed": false, "neighborhood": "North Oakland", "tree_id": "t02222" }, "geometry": { "type": "Point", "coordinates": [ -79.94840752, 40.44637102 ] } },
{ "type": "Feature", "properties": { "common_name": "Maple: Norway", "condition": "Fair", "height": 12.192, "width": 7.62, "crown_r_m": 3.81, "crown_h_m": 7.9248, "height_imputed": false, "width_imputed": false, "neighborhood": "North Oakland", "tree_id": "t02223" }, "geometry": { "type": "Point", "coordinates": [ -79.94846977, 40.44636875 ] } },
{ "type": "Feature", "properties": { "common_name": "Maple: Red", "condition": "Fair", "height": 7.9248, "width": 2.4384, "crown_r_m": 1.2192, "crown_h_m": 5.15112, "height_imputed": false, "width_imputed": false, "neighborhood": "Shadyside", "tree_id": "t02224" }, "geometry": { "type": "Point", "coordinates": [ -79.94449237, 40.44916766 ] } },
{ "type": "Feature", "properties": { "common_name": "Oak: Pin", "condition": "Fair", "height": 18.288, "width": 6.096, "crown_r_m": 3.048, "crown_h_m": 11.8872, "height_imputed": false, "width_imputed": false, "neighborhood": "Shadyside", "tree_id": "t02225" }, "geometry": { "type": "Point", "coordinates": [ -79.94479885, 40.44983772 ] } },
{ "type": "Feature", "properties": { "common_name": "Oak: Pin", "condition": "Fair", "height": 21.336, "width": 6.4008, "crown_r_m": 3.2004, "crown_h_m": 13.8684, "height_imputed": false, "width_imputed": false, "neighborhood": "Shadyside", "tree_id": "t02226" }, "geometry": { "type": "Point", "coordinates": [ -79.94486848, 40.45001639 ] } },
{ "type": "Feature", "properties": { "common_name": "Linden: Silver", "condition": "Good", "height": 3.6576, "width": 1.524, "crown_r_m": 1.0, "crown_h_m": 2.37744, "height_imputed": false, "width_imputed": true, "neighborhood": "Shadyside", "tree_id": "t02227" }, "geometry": { "type": "Point", "coordinates": [ -79.94843096, 40.45180174 ] } },
{ "type": "Feature", "properties": { "common_name": "Dogwood: Corneliancherry", "condition": "Good", "height": 3.048, "width": 1.2192, "crown_r_m": 1.0, "crown_h_m": 1.9812, "height_imputed": false, "width_imputed": false, "neighborhood": "Shadyside", "tree_id": "t02228" }, "geometry": { "type": "Point", "coordinates": [ -79.94603508, 40.449643880000011 ] } },
{ "type": "Feature", "properties": { "common_name": "Dogwood: Corneliancherry", "condition": "Good", "height": 3.048, "width": 1.2192, "crown_r_m": 1.0, "crown_h_m": 1.9812, "height_imputed": false, "width_imputed": false, "neighborhood": "Shadyside", "tree_id": "t02229" }, "geometry": { "type": "Point", "coordinates": [ -79.94612227, 40.44954916 ] } },
{ "type": "Feature", "properties": { "common_name": "Locust: Black", "condition": null, "height": 10.668, "width": 4.572, "crown_r_m": 2.286, "crown_h_m": 6.9342, "height_imputed": false, "width_imputed": true, "neighborhood": "Terrace Village", "tree_id": "t02230" }, "geometry": { "type": "Point", "coordinates": [ -79.96015858, 40.44834771 ] } }
]
}
