{
"type": "FeatureCollection",
"name": "trips",
"crs": { "type": "name", "properties": { "name": "urn:ogc:def:crs:OGC:1.3:CRS84" } },
"features": [
{ "type": "Feature", "properties": { "persona": "students", "hour": 8, "length_m": 1462.4, "minutes": 18.75, "sun": [ 1.0, 0.23, 0.347 ] }, "geometry": { "type": "LineString", "coordinates": [ [ -79.9530127, 40.4534699 ], [ -79.9527111, 40.4529886 ], [ -79.952328200000011, 40.4523777 ] ] } },
{ "type": "Feature", "properties": { "persona": "students", "hour": 12, "length_m": 1367.1, "minutes": 17.53, "sun": [ 1.0, 0.92, 0.92 ] }, "geometry": { "type": "LineString", "coordinates": [ [ -79.9679562, 40.4412154 ], [ -79.9664988, 40.4423361 ], [ -79.9664649, 40.4423634 ] ] } },
{ "type": "Feature", "properties": { "persona": "students", "hour": 18, "length_m": 966.2, "minutes": 12.39, "sun": [ 1.0, 1.0, 0.285, 0.285, 0.285 ] }, "geometry": { "type": "LineString", "coordinates": [ [ -79.958653, 40.4378399 ], [ -79.9592397, 40.438312799999984 ], [ -79.9595482, 40.4385588 ], [ -79.9597936, 40.438766 ], [ -79.9598119, 40.4387812 ] ] } },
{ "type": "Feature", "properties": { "persona": "students", "hour": 18, "length_m": 1158.2, "minutes": 14.85, "sun": [ 0.4, 0.4, 0.283, 0.217, 0.838 ] }, "geometry": { "type": "LineString", "coordinates": [ [ -79.944916, 40.4504236 ], [ -79.9449139, 40.4504099 ], [ -79.944565, 40.4496143 ], [ -79.9441418, 40.4486511 ], [ -79.9441303, 40.4483767 ] ] } },
{ "type": "Feature", "properties": { "persona": "students", "hour": 8, "length_m": 744.4, "minutes": 9.54, "sun": [ 0.001, 0.441 ] }, "geometry": { "type": "LineString", "coordinates": [ [ -79.9483336, 40.4492514 ], [ -79.9486795, 40.4500326 ] ] } },
{ "type": "Feature", "properties": { "persona": "students", "hour": 18, "length_m": 1899.5, "minutes": 24.35, "sun": [ 0.522, 0.292, 0.292, 0.292, 0.292, 0.428, 0.428, 0.428, 0.705 ] }, "geometry": { "type": "LineString", "coordinates": [ [ -79.9501789, 40.4417609 ], [ -79.9500864, 40.4417078 ], [ -79.9500272, 40.4416781 ], [ -79.949818, 40.44154 ], [ -79.9493535, 40.4412567 ], [ -79.9487754, 40.4409515 ], [ -79.9485015, 40.4408225 ], [ -79.9484526, 40.4407805 ], [ -79.9483142, 40.4406941 ] ] } },
{ "type": "Feature", "properties": { "persona": "students", "hour": 8, "length_m": 1417.7, "minutes": 18.18, "sun": [ 0.131, 0.131, 0.21, 0.324, 1.0 ] }, "geometry": { "type": "LineString", "coordinates": [ [ -79.944916, 40.4504236 ], [ -79.9449139, 40.4504099 ], [ -79.944565, 40.4496143 ], [ -79.9441418, 40.4486511 ], [ -79.9441303, 40.4483767 ] ] } },
{ "type": "Feature", "properties": { "persona": "students", "hour": 18, "length_m": 1395.8, "minutes": 17.9, "sun": [ 1.0, 0.508, 0.508 ] }, "geometry": { "type": "LineString", "coordinates": [ [ -79.9548731, 40.437119100000011 ], [ -79.9539595, 40.438017 ], [ -79.9539409, 40.4380245 ] ] } },
{ "type": "Feature", "properties": { "persona": "students", "hour": 15, "length_m": 1342.8, "minutes": 17.22, "sun": [ 0.743, 0.743, 0.743, 0.535, 0.535, 1.0 ] }, "geometry": { "type": "LineString", "coordinates": [ [ -79.9539471, 40.438208699999983 ], [ -79.9539628, 40.4382146 ], [ -79.9542801, 40.4384696 ], [ -79.9547919, 40.4388828 ], [ -79.9554192, 40.4393998 ], [ -79.9557525, 40.4396649 ] ] } },
{ "type": "Feature", "properties": { "persona": "students", "hour": 12, "length_m": 1211.9, "minutes": 15.54, "sun": [ 0.299, 0.564 ] }, "geometry": { "type": "LineString", "coordinates": [ [ -79.9505421, 40.4493395 ], [ -79.9500608, 40.448565 ] ] } },
{ "type": "Feature", "properties": { "persona": "students", "hour": 12, "length_m": 1310.0, "minutes": 16.79, "sun": [ 0.663, 0.663, 0.537, 0.537, 0.537, 0.537, 0.537, 0.54, 0.54, 0.54, 0.895, 0.182 ] }, "geometry": { "type": "LineString", "coordinates": [ [ -79.9465347, 40.444577 ], [ -79.9466016, 40.444313 ], [ -79.9467579, 40.4438455 ], [ -79.9468084, 40.4437142 ], [ -79.9468609, 40.4435711 ], [ -79.946921, 40.4433751 ], [ -79.9469038, 40.4433033 ], [ -79.9468352, 40.4432641 ], [ -79.9464187, 40.4431751 ], [ -79.9461636, 40.4431174 ], [ -79.9454018, 40.442957099999987 ], [ -79.945336, 40.4429095 ] ] } },
{ "type": "Feature", "properties": { "persona": "students", "hour": 15, "length_m": 1647.7, "minutes": 21.12, "sun": [ 0.788, 0.861, 0.861, 0.48, 0.48, 0.48, 0.48, 0.67, 0.67, 0.67, 0.67, 0.67, 0.67, 0.618, 0.618, 0.618, 0.618, 0.618, 0.618, 0.618, 0.618, 0.618, 1.0 ] }, "geometry": { "type": "LineString", "coordinates": [ [ -79.9647197, 40.4487879 ], [ -79.964732, 40.4487632 ], [ -79.9647361, 40.4487356 ], [ -79.9647115, 40.4486664 ], [ -79.964693, 40.4486071 ], [ -79.9647115, 40.4485504 ], [ -79.9647415, 40.4485041 ], [ -79.9654595, 40.4479757 ], [ -79.9655326, 40.44789810000001 ], [ -79.9655668, 40.447855 ], [ -79.9655982, 40.4478024 ], [ -79.9657154, 40.4474679 ], [ -79.9657708, 40.4472998 ], [ -79.965805, 40.4471911 ], [ -79.965822, 40.4471027 ], [ -79.965833, 40.4469996 ], [ -79.9658391, 40.446906 ], [ -79.965837800000017, 40.4468082 ], [ -79.9658282, 40.4467156 ], [ -79.9657995, 40.4465418 ], [ -79.9657634, 40.446435799999989 ], [ -79.9657483, 40.4463881 ], [ -79.965741, 40.4463709 ] ] } },
{ "type": "Feature", "properties": { "persona": "students", "hour": 12, "length_m": 709.5, "minutes": 9.1, "sun": [ 1.0, 0.948, 0.722 ] }, "geometry": { "type": "LineString", "coordinates": [ [ -79.9523648, 40.4397574 ], [ -79.953518, 40.440402 ], [ -79.9535229, 40.440414399999987 ] ] } },
{ "type": "Feature", "properties": { "persona": "students", "hour": 18, "length_m": 495.8, "minutes": 6.36, "sun": [ 0.367, 0.367, 0.0 ] }, "geometry": { "type": "LineString", "coordinates": [ [ -79.9562949, 40.4380978 ], [ -79.9565686, 40.4383204 ], [ -79.9569251, 40.4386086 ] ] } },
{ "type": "Feature", "properties": { "persona": "students", "hour": 8, "length_m": 1533.4, "minutes": 19.66, "sun": [ 0.125, 0.125, 0.186 ] }, "geometry": { "type": "LineString", "coordinates": [ [ -79.9519858, 40.4463099 ], [ -79.9520006, 40.446305099999989 ], [ -79.9529899, 40.4455809 ] ] } },
{ "type": "Feature", "properties": { "persona": "students", "hour": 8, "length_m": 2833.2, "minutes": 36.32, "sun": [ 0.084, 0.49, 0.49, 0.49, 0.49, 1.0 ] }, "geometry": { "type": "LineString", "coordinates": [ [ -79.957478400000014, 40.4490405 ], [ -79.9552166, 40.4506183 ], [ -79.9551876, 40.4506392 ], [ -79.9551666, 40.4506486 ], [ -79.9551526, 40.4506521 ], [ -79.9551469, 40.4506521 ] ] } },
{ "type": "Feature", "properties": { "persona": "students", "hour": 15, "length_m": 620.7, "minutes": 7.96, "sun": [ 1.0, 1.0 ] }, "geometry": { "type": "LineString", "coordinates": [ [ -79.9520734, 40.4471398 ], [ -79.9524818, 40.4480286 ] ] } },
{ "type": "Feature", "properties": { "persona": "students", "hour": 8, "length_m": 1432.7, "minutes": 18.37, "sun": [ 0.411, 0.194, 0.194, 0.194, 0.0, 0.0, 0.0 ] }, "geometry": { "type": "LineString", "coordinates": [ [ -79.961223, 40.4439346 ], [ -79.9612298, 40.4439394 ], [ -79.9614891, 40.4440856 ], [ -79.9616537, 40.4441842 ], [ -79.9626818, 40.4447452 ], [ -79.962841, 40.4448322 ], [ -79.9628664, 40.4448068 ] ] } },
{ "type": "Feature", "properties": { "persona": "students", "hour": 15, "length_m": 768.3, "minutes": 9.85, "sun": [ 1.0, 0.964, 0.964, 1.0, 1.0, 1.0, 1.0, 1.0, 1.0 ] }, "geometry": { "type": "LineString", "coordinates": [ [ -79.9631805, 40.4446132 ], [ -79.9631738, 40.4445788 ], [ -79.9631966, 40.4445341 ], [ -79.9632548, 40.4443802 ], [ -79.9632881, 40.4441397 ], [ -79.9633047, 40.4439783 ], [ -79.9632847, 40.443858 ], [ -79.9632448, 40.443741499999987 ], [ -79.9631691, 40.4436061 ] ] } },
{ "type": "Feature", "properties": { "persona": "students", "hour": 12, "length_m": 943.7, "minutes": 12.1, "sun": [ 0.822, 0.887, 0.887, 0.887, 1.0, 1.0, 1.0, 1.0, 1.0, 0.592 ] }, "geometry": { "type": "LineString", "coordinates": [ [ -79.9454544, 40.447284199999977 ], [ -79.9456077, 40.4473001 ], [ -79.9460057, 40.4472734 ], [ -79.9461254, 40.4472566 ], [ -79.9465455, 40.4472235 ], [ -79.9469573, 40.4471932 ], [ -79.9469794, 40.4471712 ], [ -79.9471574, 40.4471583 ], [ -79.9472162, 40.4471541 ], [ -79.9472238, 40.4471554 ] ] } },
{ "type": "Feature", "properties": { "persona": "students", "hour": 18, "length_m": 782.3, "minutes": 10.03, "sun": [ 0.566, 0.225, 0.225, 0.225, 0.225, 0.225, 0.225, 0.225, 0.348 ] }, "geometry": { "type": "LineString", "coordinates": [ [ -79.944417300000012, 40.4472174 ], [ -79.9444052, 40.446616699999986 ], [ -79.9444018, 40.446448599999982 ], [ -79.9444002, 40.4463685 ], [ -79.9443426, 40.4463225 ], [ -79.9443164, 40.4462843 ], [ -79.9443057, 40.4462338 ], [ -79.9443104, 40.4462021 ], [ -79.9443153, 40.4461149 ] ] } },
{ "type": "Feature", "properties": { "persona": "students", "hour": 12, "length_m": 1518.5, "minutes": 19.47, "sun": [ 0.702, 0.617, 0.617, 0.686 ] }, "geometry": { "type": "LineString", "coordinates": [ [ -79.9494001, 40.45168 ], [ -79.9488808, 40.450479 ], [ -79.9488826, 40.4504667 ], [ -79.948886, 40.4504556 ] ] } },
{ "type": "Feature", "properties": { "persona": "students", "hour": 18, "length_m": 493.5, "minutes": 6.33, "sun": [ 0.255, 0.508, 0.508 ] }, "geometry": { "type": "LineString", "coordinates": [ [ -79.9530381, 40.4373152 ], [ -79.9539145, 40.4380207 ], [ -79.9539409, 40.4380245 ] ] } },
{ "type": "Feature", "properties": { "persona": "students", "hour": 15, "length_m": 1081.8, "minutes": 13.87, "sun": [ 0.748, 0.748, 0.748, 0.767, 0.767 ] }, "geometry": { "type": "LineString", "coordinates": [ [ -79.9546422, 40.4375177 ], [ -79.954646, 40.4375296 ], [ -79.9546542, 40.437541 ], [ -79.9562594, 40.438836499999987 ], [ -79.956606, 40.4391186 ] ] } },
{ "type": "Feature", "properties": { "persona": "students", "hour": 15, "length_m": 911.5, "minutes": 11.69, "sun": [ 1.0, 0.965, 0.965, 0.965, 1.0, 1.0 ] }, "geometry": { "type": "LineString", "coordinates": [ [ -79.9520898, 40.4377335 ], [ -79.9519065, 40.4381734 ], [ -79.9518988, 40.4381914 ], [ -79.9516731, 40.43871570000001 ], [ -79.9515356, 40.4390444 ], [ -79.9514843, 40.43916930000001 ] ] } },
{ "type": "Feature", "properties": { "persona": "students", "hour": 15, "length_m": 637.2, "minutes": 8.17, "sun": [ 0.858, 0.959, 0.876, 0.876, 0.584 ] }, "geometry": { "type": "LineString", "coordinates": [ [ -79.9539738, 40.4525188 ], [ -79.9537782, 40.4521996 ], [ -79.9536723, 40.4520269 ], [ -79.9534165, 40.451609500000011 ], [ -79.9533825, 40.451554 ] ] } },
{ "type": "Feature", "properties": { "persona": "students", "hour": 15, "length_m": 912.7, "minutes": 11.7, "sun": [ 0.931, 0.809, 0.722, 0.722, 0.722, 0.722, 0.722, 0.722, 1.0 ] }, "geometry": { "type": "LineString", "coordinates": [ [ -79.9654818, 40.4402945 ], [ -79.9648091, 40.4403998 ], [ -79.9644737, 40.4404465 ], [ -79.9643785, 40.4404603 ], [ -79.9643349, 40.4404679 ], [ -79.9643067, 40.4404776 ], [ -79.964286, 40.4404904 ], [ -79.9640704, 40.4406915 ], [ -79.9640412, 40.440720399999989 ] ] } },
{ "type": "Feature", "properties": { "persona": "students", "hour": 8, "length_m": 472.4, "minutes": 6.06, "sun": [ 0.885, 0.293, 0.293 ] }, "geometry": { "type": "LineString", "coordinates": [ [ -79.9533838, 40.4387491 ], [ -79.9536153, 40.4389321 ], [ -79.9539855, 40.4392322 ] ] } },
{ "type": "Feature", "properties": { "persona": "students", "hour": 8, "length_m": 718.7, "minutes": 9.21, "sun": [ 1.0, 0.333, 0.333, 0.333, 0.768 ] }, "geometry": { "type": "LineString", "coordinates": [ [ -79.9508414, 40.4474521 ], [ -79.9505923, 40.44703830000001 ], [ -79.9505399, 40.4469618 ], [ -79.9505096, 40.4469351 ], [ -79.9504913, 40.4469255 ] ] } },
{ "type": "Feature", "properties": { "persona": "students", "hour": 15, "length_m": 1320.7, "minutes": 16.93, "sun": [ 0.917, 1.0, 1.0, 1.0 ] }, "geometry": { "type": "LineString", "coordinates": [ [ -79.950608, 40.4497436 ], [ -79.9496147, 40.4481446 ], [ -79.9495496, 40.4480399 ], [ -79.9495439, 40.4480305 ] ] } },
{ "type": "Feature", "properties": { "persona": "students", "hour": 12, "length_m": 1368.1, "minutes": 17.54, "sun": [ 0.552, 0.267, 0.267, 0.267, 0.267, 0.267, 0.267, 0.267, 0.267, 0.267, 0.267, 0.267, 0.267, 0.783, 0.783, 0.783, 0.783, 0.783, 0.783, 0.783, 0.783, 0.783, 0.783, 0.783, 0.633, 1.0 ] }, "geometry": { "type": "LineString", "coordinates": [ [ -79.9591607, 40.4462281 ], [ -79.959100300000017, 40.4462079 ], [ -79.9590359, 40.446194 ], [ -79.9589537, 40.4461878 ], [ -79.958893, 40.4462068 ], [ -79.9588406, 40.4462419 ], [ -79.9588126, 40.4462845 ], [ -79.9587935, 40.4463387 ], [ -79.9587719, 40.4464058 ], [ -79.9587448, 40.4465371 ], [ -79.9586864, 40.446706 ], [ -79.9586438, 40.446769899999985 ], [ -79.958595, 40.446804299999989 ], [ -79.9584923, 40.4468248 ], [ -79.9584018, 40.446816 ], [ -79.9583191, 40.4467833 ], [ -79.9582638, 40.4467403 ], [ -79.9582392, 40.446704 ], [ -79.9582264, 40.4466562 ], [ -79.9582263, 40.4465986 ], [ -79.9582476, 40.446547099999982 ], [ -79.9583361, 40.446448299999986 ], [ -79.9584132, 40.446379 ], [ -79.9584593, 40.4463012 ], [ -79.9586627, 40.4457698 ], [ -79.958856, 40.4452921 ] ] } },
{ "type": "Feature", "properties": { "persona": "students", "hour": 8, "length_m": 670.8, "minutes": 8.6, "sun": [ 0.0, 0.022, 0.022, 0.022, 0.022, 0.022 ] }, "geometry": { "type": "LineString", "coordinates": [ [ -79.955465500000017, 40.4414754 ], [ -79.9558203, 40.441681 ], [ -79.9561645, 40.441871 ], [ -79.9562774, 40.441942300000015 ], [ -79.9562818, 40.4419481 ], [ -79.9562833, 40.4419545 ] ] } },
{ "type": "Feature", "properties": { "persona": "students", "hour": 15, "length_m": 1379.1, "minutes": 17.68, "sun": [ 1.0, 0.778, 0.816 ] }, "geometry": { "type": "LineString", "coordinates": [ [ -79.9612346, 40.4385726 ], [ -79.9612115, 40.4385871 ], [ -79.9597539, 40.4396461 ] ] } },
{ "type": "Feature", "properties": { "persona": "students", "hour": 12, "length_m": 1693.8, "minutes": 21.72, "sun": [ 0.783, 0.307 ] }, "geometry": { "type": "LineString", "coordinates": [ [ -79.9478063, 40.4480594 ], [ -79.949282, 40.4476037 ] ] } },
{ "type": "Feature", "properties": { "persona": "students", "hour": 15, "length_m": 2059.7, "minutes": 26.41, "sun": [ 0.62, 0.403, 0.403 ] }, "geometry": { "type": "LineString", "coordinates": [ [ -79.9529899, 40.4455809 ], [ -79.9520006, 40.446305099999989 ], [ -79.9519858, 40.4463099 ] ] } },
{ "type": "Feature", "properties": { "persona": "students", "hour": 12, "length_m": 1415.6, "minutes": 18.15, "sun": [ 0.706, 0.771, 0.768 ] }, "geometry": { "type": "LineString", "coordinates": [ [ -79.951838, 40.4437271 ], [ -79.95092, 40.4439704 ], [ -79.9509101, 40.4439778 ] ] } },
{ "type": "Feature", "properties": { "persona": "students", "hour": 15, "length_m": 811.6, "minutes": 10.4, "sun": [ 0.861, 1.0, 0.768 ] }, "geometry": { "type": "LineString", "coordinates": [ [ -79.9523648, 40.4397574 ], [ -79.953518, 40.440402 ], [ -79.9535229, 40.440414399999987 ] ] } },
{ "type": "Feature", "properties": { "persona": "students", "hour": 8, "length_m": 2153.0, "minutes": 27.6, "sun": [ 0.267, 0.267, 0.583, 0.957 ] }, "geometry": { "type": "LineString", "coordinates": [ [ -79.9681688, 40.4414994 ], [ -79.9681543, 40.4415469 ], [ -79.9670534, 40.442351 ], [ -79.9666607, 40.4426033 ] ] } },
{ "type": "Feature", "properties": { "persona": "students", "hour": 12, "length_m": 956.2, "minutes": 12.26, "sun": [ 0.667, 0.78, 0.78, 0.78, 0.78, 0.78, 0.78, 0.121, 0.121, 0.121, 0.121, 0.121, 0.121, 0.121, 0.121, 0.121 ] }, "geometry": { "type": "LineString", "coordinates": [ [ -79.9440016, 40.44304360000001 ], [ -79.9439909, 40.4431007 ], [ -79.9439965, 40.4431278 ], [ -79.9440171, 40.443152 ], [ -79.9440397, 40.4431672 ], [ -79.9440763, 40.4431785 ], [ -79.9441132, 40.4431804 ], [ -79.9444463, 40.4431362 ], [ -79.9448886, 40.443264 ], [ -79.9449694, 40.4432741 ], [ -79.9450377, 40.4433173 ], [ -79.9450407, 40.4433661 ], [ -79.9449757, 40.443491 ], [ -79.9449719, 40.4435157 ], [ -79.9449734, 40.443535 ], [ -79.9449993, 40.443607 ] ] } },
{ "type": "Feature", "properties": { "persona": "students", "hour": 12, "length_m": 847.5, "minutes": 10.87, "sun": [ 0.0, 0.0, 0.0, 0.0, 0.0 ] }, "geometry": { "type": "LineString", "coordinates": [ [ -79.9546229, 40.4427312 ], [ -79.9539099, 40.4429137 ], [ -79.9538156, 40.4427047 ], [ -79.9537907, 40.4427005 ], [ -79.953769, 40.4426484 ] ] } },
{ "type": "Feature", "properties": { "persona": "students", "hour": 12, "length_m": 1868.8, "minutes": 23.96, "sun": [ 0.693, 0.693, 0.693, 0.765 ] }, "geometry": { "type": "LineString", "coordinates": [ [ -79.9527751, 40.4481986 ], [ -79.9527481, 40.4481861 ], [ -79.9527239, 40.448161899999988 ], [ -79.9523633, 40.4473738 ] ] } },
{ "type": "Feature", "properties": { "persona": "students", "hour": 12, "length_m": 1394.8, "minutes": 17.88, "sun": [ 0.728, 0.728, 0.728, 0.728, 0.728, 0.728, 0.369 ] }, "geometry": { "type": "LineString", "coordinates": [ [ -79.9487845, 40.4443279 ], [ -79.9488859, 40.4443029 ], [ -79.9489721, 40.4442817 ], [ -79.949025, 40.444233 ], [ -79.9493857, 40.4441415 ], [ -79.94947, 40.444156 ], [ -79.9504315, 40.4438999 ] ] } },
{ "type": "Feature", "properties": { "persona": "students", "hour": 8, "length_m": 1270.9, "minutes": 16.29, "sun": [ 0.923, 0.055, 0.316, 0.316, 0.316, 0.316, 0.316, 0.316, 0.316, 0.316, 0.316, 0.316, 0.316, 0.267, 0.267, 0.267, 0.267, 0.267, 0.267, 0.267, 0.267, 0.267, 0.267, 0.267, 0.267, 0.373 ] }, "geometry": { "type": "LineString", "coordinates": [ [ -79.958856, 40.4452921 ], [ -79.9586627, 40.4457698 ], [ -79.9584593, 40.4463012 ], [ -79.9584132, 40.446379 ], [ -79.9583361, 40.446448299999986 ], [ -79.9582476, 40.446547099999982 ], [ -79.9582263, 40.4465986 ], [ -79.9582264, 40.4466562 ], [ -79.9582392, 40.446704 ], [ -79.9582638, 40.4467403 ], [ -79.9583191, 40.4467833 ], [ -79.9584018, 40.446816 ], [ -79.9584923, 40.4468248 ], [ -79.958595, 40.446804299999989 ], [ -79.9586438, 40.446769899999985 ], [ -79.9586864, 40.446706 ], [ -79.9587448, 40.4465371 ], [ -79.9587719, 40.4464058 ], [ -79.9587935, 40.4463387 ], [ -79.9588126, 40.4462845 ], [ -79.9588406, 40.4462419 ], [ -79.958893, 40.4462068 ], [ -79.9589537, 40.4461878 ], [ -79.9590359, 40.446194 ], [ -79.959100300000017, 40.4462079 ], [ -79.9591607, 40.4462281 ] ] } },
{ "type": "Feature", "properties": { "persona": "students", "hour": 8, "length_m": 534.5, "minutes": 6.85, "sun": [ 0.0, 0.0 ] }, "geometry": { "type": "LineString", "coordinates": [ [ -79.9572223, 40.4425458 ], [ -79.9565458, 40.4430514 ] ] } },
{ "type": "Feature", "properties": { "persona": "students", "hour": 8, "length_m": 793.0, "minutes": 10.17, "sun": [ 0.251, 0.363, 0.155 ] }, "geometry": { "type": "LineString", "coordinates": [ [ -79.9509184, 40.4495875 ], [ -79.9517372, 40.4489962 ], [ -79.9517411, 40.4489909 ] ] } },
{ "type": "Feature", "properties": { "persona": "students", "hour": 8, "length_m": 1572.0, "minutes": 20.15, "sun": [ 1.0, 1.0, 1.0, 0.341, 0.341, 0.341, 0.341, 0.063, 0.063, 0.063, 0.063, 0.063, 0.063, 0.088, 0.088, 0.088, 0.088, 0.088, 0.088, 0.088, 0.088, 0.088, 0.0 ] }, "geometry": { "type": "LineString", "coordinates": [ [ -79.9647197, 40.4487879 ], [ -79.964732, 40.4487632 ], [ -79.9647361, 40.4487356 ], [ -79.9647115, 40.4486664 ], [ -79.964693, 40.4486071 ], [ -79.9647115, 40.4485504 ], [ -79.9647415, 40.4485041 ], [ -79.9654595, 40.4479757 ], [ -79.9655326, 40.44789810000001 ], [ -79.9655668, 40.447855 ], [ -79.9655982, 40.4478024 ], [ -79.9657154, 40.4474679 ], [ -79.9657708, 40.4472998 ], [ -79.965805, 40.4471911 ], [ -79.965822, 40.4471027 ], [ -79.965833, 40.4469996 ], [ -79.9658391, 40.446906 ], [ -79.965837800000017, 40.4468082 ], [ -79.9658282, 40.4467156 ], [ -79.9657995, 40.4465418 ], [ -79.9657634, 40.446435799999989 ], [ -79.9657483, 40.4463881 ], [ -79.965741, 40.4463709 ] ] } },
{ "type": "Feature", "properties": { "persona": "students", "hour": 12, "length_m": 1006.2, "minutes": 12.9, "sun": [ 0.983, 0.306, 0.74, 0.74, 0.74, 0.74 ] }, "geometry": { "type": "LineString", "coordinates": [ [ -79.9555263, 40.4462388 ], [ -79.9555438, 40.4462374 ], [ -79.9562152, 40.4457498 ], [ -79.9562275, 40.4457378 ], [ -79.9562284, 40.4457225 ], [ -79.9562248, 40.4457126 ] ] } },
{ "type": "Feature", "properties": { "persona": "students", "hour": 15, "length_m": 1555.9, "minutes": 19.95, "sun": [ 0.745, 0.745, 0.745, 0.745, 0.745, 0.745, 0.581 ] }, "geometry": { "type": "LineString", "coordinates": [ [ -79.9487845, 40.4443279 ], [ -79.9488859, 40.4443029 ], [ -79.9489721, 40.4442817 ], [ -79.949025, 40.444233 ], [ -79.9493857, 40.4441415 ], [ -79.94947, 40.444156 ], [ -79.9504315, 40.4438999 ] ] } },
{ "type": "Feature", "properties": { "persona": "students", "hour": 8, "length_m": 1285.3, "minutes": 16.48, "sun": [ 0.21, 0.21, 0.21, 0.32, 0.32, 0.32, 0.32, 0.32, 0.32, 0.32, 0.417, 0.417, 1.0 ] }, "geometry": { "type": "LineString", "coordinates": [ [ -79.943089, 40.4508121 ], [ -79.9430764, 40.4507975 ], [ -79.9429739, 40.4502235 ], [ -79.9429301, 40.4499236 ], [ -79.9429069, 40.4497995 ], [ -79.9428777, 40.4496571 ], [ -79.942861, 40.4495715 ], [ -79.9428375, 40.4494515 ], [ -79.9427985, 40.4492392 ], [ -79.9427877, 40.4491863 ], [ -79.942748400000013, 40.4490009 ], [ -79.9427125, 40.4486861 ], [ -79.9426896, 40.4485192 ] ] } },
{ "type": "Feature", "properties": { "persona": "students", "hour": 18, "length_m": 718.7, "minutes": 9.21, "sun": [ 0.0, 0.1, 0.1, 0.1, 0.0 ] }, "geometry": { "type": "LineString", "coordinates": [ [ -79.9508414, 40.4474521 ], [ -79.9505923, 40.44703830000001 ], [ -79.9505399, 40.4469618 ], [ -79.9505096, 40.4469351 ], [ -79.9504913, 40.4469255 ] ] } },
{ "type": "Feature", "properties": { "persona": "students", "hour": 15, "length_m": 1545.9, "minutes": 19.82, "sun": [ 0.2, 1.0, 1.0 ] }, "geometry": { "type": "LineString", "coordinates": [ [ -79.9615836, 40.4413736 ], [ -79.9626548, 40.4419503 ], [ -79.9626966, 40.4419705 ] ] } },
{ "type": "Feature", "properties": { "persona": "students", "hour": 12, "length_m": 1846.5, "minutes": 23.67, "sun": [ 0.773, 0.286, 0.286, 0.286, 0.286, 0.643 ] }, "geometry": { "type": "LineString", "coordinates": [ [ -79.9551469, 40.4506521 ], [ -79.9551526, 40.4506521 ], [ -79.9551666, 40.4506486 ], [ -79.9551876, 40.4506392 ], [ -79.9552166, 40.4506183 ], [ -79.957478400000014, 40.4490405 ] ] } },
{ "type": "Feature", "properties": { "persona": "students", "hour": 8, "length_m": 672.9, "minutes": 8.63, "sun": [ 0.022, 0.022, 0.022, 0.022, 0.022, 0.0 ] }, "geometry": { "type": "LineString", "coordinates": [ [ -79.9562833, 40.4419545 ], [ -79.9562818, 40.4419481 ], [ -79.9562774, 40.441942300000015 ], [ -79.9561645, 40.441871 ], [ -79.9558203, 40.441681 ], [ -79.955465500000017, 40.4414754 ] ] } },
{ "type": "Feature", "properties": { "persona": "students", "hour": 18, "length_m": 1684.1, "minutes": 21.59, "sun": [ 0.719, 0.175, 0.175, 0.211, 0.211, 0.211, 0.204 ] }, "geometry": { "type": "LineString", "coordinates": [ [ -79.9628664, 40.4448068 ], [ -79.962841, 40.4448322 ], [ -79.9626818, 40.4447452 ], [ -79.9616537, 40.4441842 ], [ -79.9614891, 40.4440856 ], [ -79.9612298, 40.4439394 ], [ -79.961223, 40.4439346 ] ] } },
{ "type": "Feature", "properties": { "persona": "students", "hour": 12, "length_m": 885.7, "minutes": 11.36, "sun": [ 1.0, 0.561, 0.561, 0.0 ] }, "geometry": { "type": "LineString", "coordinates": [ [ -79.9574475, 40.4426414 ], [ -79.9567405, 40.4431569 ], [ -79.9567299, 40.443172 ], [ -79.9567272, 40.4431807 ] ] } },
{ "type": "Feature", "properties": { "persona": "students", "hour": 15, "length_m": 437.3, "minutes": 5.61, "sun": [ 0.328, 0.328, 0.328, 0.328, 0.328, 0.328, 0.145, 0.145, 0.145, 0.145, 0.15 ] }, "geometry": { "type": "LineString", "coordinates": [ [ -79.9443153, 40.4461149 ], [ -79.9443935, 40.446128 ], [ -79.9444673, 40.4461436 ], [ -79.9445566, 40.4461821 ], [ -79.9446269, 40.446206699999983 ], [ -79.944694, 40.4462077 ], [ -79.9447642, 40.4461965 ], [ -79.9448316, 40.4461685 ], [ -79.9448878, 40.4461106 ], [ -79.9450504, 40.4458823 ], [ -79.945212, 40.445659 ] ] } },
{ "type": "Feature", "properties": { "persona": "students", "hour": 8, "length_m": 1842.6, "minutes": 23.62, "sun": [ 0.265, 0.265, 0.265, 0.321, 0.321, 0.321, 0.321, 0.0, 0.0 ] }, "geometry": { "type": "LineString", "coordinates": [ [ -79.9531685, 40.4489237 ], [ -79.9530565, 40.4486792 ], [ -79.9530804, 40.4486177 ], [ -79.9532897, 40.448478 ], [ -79.9534586, 40.4484235 ], [ -79.9536387, 40.4484092 ], [ -79.953813, 40.4485115 ], [ -79.9541509, 40.448777 ], [ -79.9541677, 40.4488701 ] ] } },
{ "type": "Feature", "properties": { "persona": "students", "hour": 12, "length_m": 433.8, "minutes": 5.56, "sun": [ 0.894, 0.55, 0.867 ] }, "geometry": { "type": "LineString", "coordinates": [ [ -79.9517411, 40.4489909 ], [ -79.9517372, 40.4489962 ], [ -79.9509184, 40.4495875 ] ] } },
{ "type": "Feature", "properties": { "persona": "students", "hour": 18, "length_m": 2210.6, "minutes": 28.34, "sun": [ 0.575, 0.538, 0.15 ] }, "geometry": { "type": "LineString", "coordinates": [ [ -79.9572241, 40.4513735 ], [ -79.9588549, 40.4485822 ], [ -79.958993800000016, 40.44839060000001 ] ] } },
{ "type": "Feature", "properties": { "persona": "students", "hour": 15, "length_m": 666.9, "minutes": 8.55, "sun": [ 0.915, 0.525, 0.525, 0.525, 0.525, 0.525, 0.525, 0.525, 0.525, 0.525, 0.525, 0.525 ] }, "geometry": { "type": "LineString", "coordinates": [ [ -79.9411918, 40.4417371 ], [ -79.9407007, 40.4419402 ], [ -79.940689300000017, 40.4419526 ], [ -79.940689, 40.4419664 ], [ -79.9406967, 40.4419778 ], [ -79.9407146, 40.4419868 ], [ -79.9407323, 40.441986900000011 ], [ -79.9408042, 40.4419543 ], [ -79.9409664, 40.4419055 ], [ -79.9410657, 40.4418832 ], [ -79.9411337, 40.4418725 ], [ -79.941202, 40.4418816 ] ] } },
{ "type": "Feature", "properties": { "persona": "students", "hour": 15, "length_m": 275.8, "minutes": 3.54, "sun": [ 0.982, 0.982, 0.911 ] }, "geometry": { "type": "LineString", "coordinates": [ [ -79.9546038, 40.439729 ], [ -79.9547257, 40.4398268 ], [ -79.9550245, 40.44007 ] ] } },
{ "type": "Feature", "properties": { "persona": "students", "hour": 8, "length_m": 995.6, "minutes": 12.76, "sun": [ 0.345, 1.0, 1.0, 1.0, 1.0, 1.0, 1.0, 1.0, 0.948 ] }, "geometry": { "type": "LineString", "coordinates": [ [ -79.9501789, 40.4417609 ], [ -79.9500864, 40.4417078 ], [ -79.9500272, 40.4416781 ], [ -79.949818, 40.44154 ], [ -79.9493535, 40.4412567 ], [ -79.9487754, 40.4409515 ], [ -79.9485015, 40.4408225 ], [ -79.9484526, 40.4407805 ], [ -79.9483142, 40.4406941 ] ] } },
{ "type": "Feature", "properties": { "persona": "students", "hour": 15, "length_m": 507.0, "minutes": 6.5, "sun": [ 1.0, 0.778, 0.816 ] }, "geometry": { "type": "LineString", "coordinates": [ [ -79.9612346, 40.4385726 ], [ -79.9612115, 40.4385871 ], [ -79.9597539, 40.4396461 ] ] } },
{ "type": "Feature", "properties": { "persona": "students", "hour": 15, "length_m": 1531.2, "minutes": 19.63, "sun": [ 0.514, 0.514, 1.0, 1.0, 1.0, 1.0, 1.0, 1.0, 1.0 ] }, "geometry": { "type": "LineString", "coordinates": [ [ -79.9499606, 40.4418759 ], [ -79.9498703, 40.4418219 ], [ -79.9495005, 40.441610599999983 ], [ -79.948814400000018, 40.4412214 ], [ -79.9486794, 40.4411541 ], [ -79.948490100000015, 40.4410486 ], [ -79.9483489, 40.4409706 ], [ -79.9482568, 40.4409427 ], [ -79.9481794, 40.4409412 ] ] } },
{ "type": "Feature", "properties": { "persona": "students", "hour": 12, "length_m": 1855.9, "minutes": 23.79, "sun": [ 0.532, 0.532, 0.983, 0.965, 0.965, 0.965, 0.965, 0.965, 0.965 ] }, "geometry": { "type": "LineString", "coordinates": [ [ -79.9499606, 40.4418759 ], [ -79.9498703, 40.4418219 ], [ -79.9495005, 40.441610599999983 ], [ -79.948814400000018, 40.4412214 ], [ -79.9486794, 40.4411541 ], [ -79.948490100000015, 40.4410486 ], [ -79.9483489, 40.4409706 ], [ -79.9482568, 40.4409427 ], [ -79.9481794, 40.4409412 ] ] } },
{ "type": "Feature", "properties": { "persona": "students", "hour": 15, "length_m": 787.2, "minutes": 10.09, "sun": [ 0.664, 1.0 ] }, "geometry": { "type": "LineString", "coordinates": [ [ -79.9500608, 40.448565 ], [ -79.9505421, 40.4493395 ] ] } },
{ "type": "Feature", "properties": { "persona": "students", "hour": 12, "length_m": 1594.8, "minutes": 20.45, "sun": [ 0.829, 1.0 ] }, "geometry": { "type": "LineString", "coordinates": [ [ -79.9529335, 40.4506735 ], [ -79.9523954, 40.4497759 ] ] } },
{ "type": "Feature", "properties": { "persona": "students", "hour": 8, "length_m": 1948.7, "minutes": 24.98, "sun": [ 0.374, 0.374, 0.586, 0.462, 0.462, 0.462, 0.462, 0.462, 0.462 ] }, "geometry": { "type": "LineString", "coordinates": [ [ -79.9499606, 40.4418759 ], [ -79.9498703, 40.4418219 ], [ -79.9495005, 40.441610599999983 ], [ -79.948814400000018, 40.4412214 ], [ -79.9486794, 40.4411541 ], [ -79.948490100000015, 40.4410486 ], [ -79.9483489, 40.4409706 ], [ -79.9482568, 40.4409427 ], [ -79.9481794, 40.4409412 ] ] } },
{ "type": "Feature", "properties": { "persona": "students", "hour": 12, "length_m": 1391.4, "minutes": 17.84, "sun": [ 0.928, 0.429, 0.429, 0.429, 0.429, 0.429, 0.874, 0.874 ] }, "geometry": { "type": "LineString", "coordinates": [ [ -79.9650853, 40.4449948 ], [ -79.9650696, 40.4450701 ], [ -79.9650629, 40.4451334 ], [ -79.96506620000001, 40.4452018 ], [ -79.9650853, 40.44526170000001 ], [ -79.9651191, 40.4453267 ], [ -79.9656845, 40.4462411 ], [ -79.9657139, 40.4463085 ] ] } },
{ "type": "Feature", "properties": { "persona": "students", "hour": 18, "length_m": 1325.3, "minutes": 16.99, "sun": [ 0.359, 0.247, 0.0, 1.0 ] }, "geometry": { "type": "LineString", "coordinates": [ [ -79.9540399, 40.4381148 ], [ -79.95405, 40.4381351 ], [ -79.9552776, 40.4391159 ], [ -79.9558982, 40.4396139 ] ] } },
{ "type": "Feature", "properties": { "persona": "students", "hour": 15, "length_m": 995.2, "minutes": 12.76, "sun": [ 0.522, 0.48, 0.48, 0.48, 0.48, 0.376, 0.376, 0.376, 0.722 ] }, "geometry": { "type": "LineString", "coordinates": [ [ -79.9501789, 40.4417609 ], [ -79.9500864, 40.4417078 ], [ -79.9500272, 40.4416781 ], [ -79.949818, 40.44154 ], [ -79.9493535, 40.4412567 ], [ -79.9487754, 40.4409515 ], [ -79.9485015, 40.4408225 ], [ -79.9484526, 40.4407805 ], [ -79.9483142, 40.4406941 ] ] } },
{ "type": "Feature", "properties": { "persona": "students", "hour": 15, "length_m": 1743.2, "minutes": 22.35, "sun": [ 0.745, 0.745, 0.745, 0.745, 0.745, 0.745, 0.581 ] }, "geometry": { "type": "LineString", "coordinates": [ [ -79.9487845, 40.4443279 ], [ -79.9488859, 40.4443029 ], [ -79.9489721, 40.4442817 ], [ -79.949025, 40.444233 ], [ -79.9493857, 40.4441415 ], [ -79.94947, 40.444156 ], [ -79.9504315, 40.4438999 ] ] } },
{ "type": "Feature", "properties": { "persona": "students", "hour": 15, "length_m": 373.2, "minutes": 4.78, "sun": [ 1.0, 1.0, 1.0, 1.0, 1.0 ] }, "geometry": { "type": "LineString", "coordinates": [ [ -79.9570615, 40.4404274 ], [ -79.9572629, 40.440279499999988 ], [ -79.9575003, 40.44010990000001 ], [ -79.9575412, 40.4400807 ], [ -79.9575785, 40.440064 ] ] } },
{ "type": "Feature", "properties": { "persona": "students", "hour": 8, "length_m": 2704.0, "minutes": 34.67, "sun": [ 0.084, 0.49, 0.49, 0.49, 0.49, 1.0 ] }, "geometry": { "type": "LineString", "coordinates": [ [ -79.957478400000014, 40.4490405 ], [ -79.9552166, 40.4506183 ], [ -79.9551876, 40.4506392 ], [ -79.9551666, 40.4506486 ], [ -79.9551526, 40.4506521 ], [ -79.9551469, 40.4506521 ] ] } },
{ "type": "Feature", "properties": { "persona": "students", "hour": 15, "length_m": 1162.9, "minutes": 14.91, "sun": [ 0.858, 0.959, 0.876, 0.876, 0.584 ] }, "geometry": { "type": "LineString", "coordinates": [ [ -79.9539738, 40.4525188 ], [ -79.9537782, 40.4521996 ], [ -79.9536723, 40.4520269 ], [ -79.9534165, 40.451609500000011 ], [ -79.9533825, 40.451554 ] ] } },
{ "type": "Feature", "properties": { "persona": "students", "hour": 18, "length_m": 1238.7, "minutes": 15.88, "sun": [ 0.835, 0.647, 0.254 ] }, "geometry": { "type": "LineString", "coordinates": [ [ -79.9472713, 40.4445804 ], [ -79.9472038, 40.444583 ], [ -79.9463658, 40.4446104 ] ] } },
{ "type": "Feature", "properties": { "persona": "students", "hour": 15, "length_m": 1396.8, "minutes": 17.91, "sun": [ 0.745, 0.745, 0.745, 0.745, 0.745, 0.745, 0.581 ] }, "geometry": { "type": "LineString", "coordinates": [ [ -79.9487845, 40.4443279 ], [ -79.9488859, 40.4443029 ], [ -79.9489721, 40.4442817 ], [ -79.949025, 40.444233 ], [ -79.9493857, 40.4441415 ], [ -79.94947, 40.444156 ], [ -79.9504315, 40.4438999 ] ] } },
{ "type": "Feature", "properties": { "persona": "students", "hour": 15, "length_m": 614.5, "minutes": 7.88, "sun": [ 0.728, 1.0, 1.0, 1.0, 1.0, 1.0, 0.868, 0.868, 0.868, 0.334 ] }, "geometry": { "type": "LineString", "coordinates": [ [ -79.9472238, 40.4471554 ], [ -79.9472162, 40.4471541 ], [ -79.9471574, 40.4471583 ], [ -79.9469794, 40.4471712 ], [ -79.9469573, 40.4471932 ], [ -79.9465455, 40.4472235 ], [ -79.9461254, 40.4472566 ], [ -79.9460057, 40.4472734 ], [ -79.9456077, 40.4473001 ], [ -79.9454544, 40.447284199999977 ] ] } },
{ "type": "Feature", "properties": { "persona": "students", "hour": 12, "length_m": 1065.0, "minutes": 13.65, "sun": [ 0.277, 0.277, 0.476 ] }, "geometry": { "type": "LineString", "coordinates": [ [ -79.9519858, 40.4463099 ], [ -79.9520006, 40.446305099999989 ], [ -79.9529899, 40.4455809 ] ] } },
{ "type": "Feature", "properties": { "persona": "students", "hour": 12, "length_m": 1611.3, "minutes": 20.66, "sun": [ 0.988, 0.341, 0.341, 0.341, 0.068, 0.068, 0.454 ] }, "geometry": { "type": "LineString", "coordinates": [ [ -79.961223, 40.4439346 ], [ -79.9612298, 40.4439394 ], [ -79.9614891, 40.4440856 ], [ -79.9616537, 40.4441842 ], [ -79.9626818, 40.4447452 ], [ -79.962841, 40.4448322 ], [ -79.9628664, 40.4448068 ] ] } },
{ "type": "Feature", "properties": { "persona": "students", "hour": 8, "length_m": 1604.1, "minutes": 20.57, "sun": [ 0.421, 0.49, 0.49, 0.49, 0.689, 0.689, 0.689, 0.689, 0.689, 0.358 ] }, "geometry": { "type": "LineString", "coordinates": [ [ -79.9454544, 40.447284199999977 ], [ -79.9456077, 40.4473001 ], [ -79.9460057, 40.4472734 ], [ -79.9461254, 40.4472566 ], [ -79.9465455, 40.4472235 ], [ -79.9469573, 40.4471932 ], [ -79.9469794, 40.4471712 ], [ -79.9471574, 40.4471583 ], [ -79.9472162, 40.4471541 ], [ -79.9472238, 40.4471554 ] ] } },
{ "type": "Feature", "properties": { "persona": "students", "hour": 12, "length_m": 628.5, "minutes": 8.06, "sun": [ 0.717, 0.717 ] }, "geometry": { "type": "LineString", "coordinates": [ [ -79.9429407, 40.4421877 ], [ -79.9419374, 40.4419718 ] ] } },
{ "type": "Feature", "properties": { "persona": "students", "hour": 12, "length_m": 1663.5, "minutes": 21.33, "sun": [ 0.829, 1.0 ] }, "geometry": { "type": "LineString", "coordinates": [ [ -79.9529335, 40.4506735 ], [ -79.9523954, 40.4497759 ] ] } },
{ "type": "Feature", "properties": { "persona": "students", "hour": 18, "length_m": 1005.5, "minutes": 12.89, "sun": [ 0.651, 1.0, 1.0 ] }, "geometry": { "type": "LineString", "coordinates": [ [ -79.9558518, 40.4378947 ], [ -79.956743, 40.4386099 ], [ -79.957006, 40.4388199 ] ] } },
{ "type": "Feature", "properties": { "persona": "students", "hour": 15, "length_m": 994.8, "minutes": 12.75, "sun": [ 1.0, 1.0, 1.0, 1.0, 0.817 ] }, "geometry": { "type": "LineString", "coordinates": [ [ -79.9461785, 40.4444756 ], [ -79.9461509, 40.4438532 ], [ -79.9460935, 40.4438481 ], [ -79.945997800000015, 40.4438452 ], [ -79.945953, 40.4437962 ] ] } },
{ "type": "Feature", "properties": { "persona": "students", "hour": 12, "length_m": 904.5, "minutes": 11.6, "sun": [ 0.246, 0.246, 0.246, 0.246, 0.246, 0.246, 0.246, 0.495, 0.495, 0.495, 0.495, 0.182 ] }, "geometry": { "type": "LineString", "coordinates": [ [ -79.9461535, 40.4437285 ], [ -79.9461768, 40.443664 ], [ -79.94619, 40.443627199999987 ], [ -79.9462439, 40.4434774 ], [ -79.9462625, 40.4434256 ], [ -79.9463184, 40.4432704 ], [ -79.9463656, 40.4432804 ], [ -79.9464548, 40.4430544 ], [ -79.946193100000016, 40.442997 ], [ -79.9461784, 40.4430368 ], [ -79.9457114, 40.4429516 ], [ -79.9457322, 40.442897 ] ] } },
{ "type": "Feature", "properties": { "persona": "students", "hour": 12, "length_m": 1439.0, "minutes": 18.45, "sun": [ 0.362, 0.861, 0.861, 0.861, 0.861, 0.636, 0.636, 0.636, 0.722 ] }, "geometry": { "type": "LineString", "coordinates": [ [ -79.9501789, 40.4417609 ], [ -79.9500864, 40.4417078 ], [ -79.9500272, 40.4416781 ], [ -79.949818, 40.44154 ], [ -79.9493535, 40.4412567 ], [ -79.9487754, 40.4409515 ], [ -79.9485015, 40.4408225 ], [ -79.9484526, 40.4407805 ], [ -79.9483142, 40.4406941 ] ] } },
{ "type": "Feature", "properties": { "persona": "students", "hour": 18, "length_m": 1408.5, "minutes": 18.06, "sun": [ 0.575, 0.081, 0.081, 0.081, 0.209 ] }, "geometry": { "type": "LineString", "coordinates": [ [ -79.9461185, 40.4446441 ], [ -79.9458329, 40.4446533 ], [ -79.9454344, 40.4446712 ], [ -79.9449466, 40.4446994 ], [ -79.9447667, 40.4447106 ] ] } },
{ "type": "Feature", "properties": { "persona": "students", "hour": 15, "length_m": 1688.4, "minutes": 21.65, "sun": [ 0.478, 0.519, 0.519, 0.519, 0.547 ] }, "geometry": { "type": "LineString", "coordinates": [ [ -79.9447667, 40.4447106 ], [ -79.9449466, 40.4446994 ], [ -79.9454344, 40.4446712 ], [ -79.9458329, 40.4446533 ], [ -79.9461185, 40.4446441 ] ] } },
{ "type": "Feature", "properties": { "persona": "students", "hour": 8, "length_m": 1515.9, "minutes": 19.43, "sun": [ 0.345, 1.0, 1.0, 1.0, 1.0, 1.0, 1.0, 1.0, 0.948 ] }, "geometry": { "type": "LineString", "coordinates": [ [ -79.9501789, 40.4417609 ], [ -79.9500864, 40.4417078 ], [ -79.9500272, 40.4416781 ], [ -79.949818, 40.44154 ], [ -79.9493535, 40.4412567 ], [ -79.9487754, 40.4409515 ], [ -79.9485015, 40.4408225 ], [ -79.9484526, 40.4407805 ], [ -79.9483142, 40.4406941 ] ] } },
{ "type": "Feature", "properties": { "persona": "students", "hour": 8, "length_m": 2292.0, "minutes": 29.38, "sun": [ 0.071, 0.416, 0.235 ] }, "geometry": { "type": "LineString", "coordinates": [ [ -79.9678775, 40.4411323 ], [ -79.966301, 40.4423349 ], [ -79.9662618, 40.4423654 ] ] } },
{ "type": "Feature", "properties": { "persona": "students", "hour": 8, "length_m": 1350.3, "minutes": 17.31, "sun": [ 0.0, 0.157, 0.157, 0.157, 0.327, 0.327, 0.636 ] }, "geometry": { "type": "LineString", "coordinates": [ [ -79.9538845, 40.4476298 ], [ -79.9538901, 40.4476166 ], [ -79.95389950000002, 40.4476053 ], [ -79.9540416, 40.4475048 ], [ -79.9547578, 40.446968 ], [ -79.9547718, 40.44696050000001 ], [ -79.9547853, 40.4469588 ] ] } },
{ "type": "Feature", "properties": { "persona": "students", "hour": 18, "length_m": 1450.8, "minutes": 18.6, "sun": [ 0.204, 0.211, 0.211, 0.211, 0.175, 0.175, 0.719 ] }, "geometry": { "type": "LineString", "coordinates": [ [ -79.961223, 40.4439346 ], [ -79.9612298, 40.4439394 ], [ -79.9614891, 40.4440856 ], [ -79.9616537, 40.4441842 ], [ -79.9626818, 40.4447452 ], [ -79.962841, 40.4448322 ], [ -79.9628664, 40.4448068 ] ] } },
{ "type": "Feature", "properties": { "persona": "students", "hour": 15, "length_m": 1251.7, "minutes": 16.05, "sun": [ 0.715, 0.341, 0.341, 0.341, 0.175, 0.175, 0.864 ] }, "geometry": { "type": "LineString", "coordinates": [ [ -79.961223, 40.4439346 ], [ -79.9612298, 40.4439394 ], [ -79.9614891, 40.4440856 ], [ -79.9616537, 40.4441842 ], [ -79.9626818, 40.4447452 ], [ -79.962841, 40.4448322 ], [ -79.9628664, 40.4448068 ] ] } },
{ "type": "Feature", "properties": { "persona": "students", "hour": 12, "length_m": 1520.2, "minutes": 19.49, "sun": [ 0.362, 0.861, 0.861, 0.861, 0.861, 0.636, 0.636, 0.636, 0.722 ] }, "geometry": { "type": "LineString", "coordinates": [ [ -79.9501789, 40.4417609 ], [ -79.9500864, 40.4417078 ], [ -79.9500272, 40.4416781 ], [ -79.949818, 40.44154 ], [ -79.9493535, 40.4412567 ], [ -79.9487754, 40.4409515 ], [ -79.9485015, 40.4408225 ], [ -79.9484526, 40.4407805 ], [ -79.9483142, 40.4406941 ] ] } },
{ "type": "Feature", "properties": { "persona": "students", "hour": 8, "length_m": 180.1, "minutes": 2.31, "sun": [ 0.77, 0.409 ] }, "geometry": { "type": "LineString", "coordinates": [ [ -79.9567714, 40.4404819 ], [ -79.9563439, 40.440795 ] ] } },
{ "type": "Feature", "properties": { "persona": "students", "hour": 8, "length_m": 743.7, "minutes": 9.53, "sun": [ 0.125, 0.125, 0.186 ] }, "geometry": { "type": "LineString", "coordinates": [ [ -79.9519858, 40.4463099 ], [ -79.9520006, 40.446305099999989 ], [ -79.9529899, 40.4455809 ] ] } },
{ "type": "Feature", "properties": { "persona": "students", "hour": 12, "length_m": 1402.6, "minutes": 17.98, "sun": [ 0.717, 0.717, 0.3, 0.3, 0.433, 0.433 ] }, "geometry": { "type": "LineString", "coordinates": [ [ -79.9429465, 40.4508374 ], [ -79.94285, 40.450333 ], [ -79.9427963, 40.4500527 ], [ -79.942758, 40.449852600000014 ], [ -79.9426066, 40.4490614 ], [ -79.9425986, 40.4490516 ] ] } },
{ "type": "Feature", "properties": { "persona": "students", "hour": 8, "length_m": 1835.8, "minutes": 23.54, "sun": [ 0.084, 0.49, 0.49, 0.49, 0.49, 1.0 ] }, "geometry": { "type": "LineString", "coordinates": [ [ -79.957478400000014, 40.4490405 ], [ -79.9552166, 40.4506183 ], [ -79.9551876, 40.4506392 ], [ -79.9551666, 40.4506486 ], [ -79.9551526, 40.4506521 ], [ -79.9551469, 40.4506521 ] ] } },
{ "type": "Feature", "properties": { "persona": "students", "hour": 8, "length_m": 1607.2, "minutes": 20.61, "sun": [ 0.0, 0.013, 0.0 ] }, "geometry": { "type": "LineString", "coordinates": [ [ -79.9612346, 40.4385726 ], [ -79.9612115, 40.4385871 ], [ -79.9597539, 40.4396461 ] ] } },
{ "type": "Feature", "properties": { "persona": "students", "hour": 12, "length_m": 571.3, "minutes": 7.32, "sun": [ 1.0, 0.95, 0.95, 0.95, 1.0 ] }, "geometry": { "type": "LineString", "coordinates": [ [ -79.9508414, 40.4474521 ], [ -79.9505923, 40.44703830000001 ], [ -79.9505399, 40.4469618 ], [ -79.9505096, 40.4469351 ], [ -79.9504913, 40.4469255 ] ] } },
{ "type": "Feature", "properties": { "persona": "students", "hour": 8, "length_m": 1562.2, "minutes": 20.03, "sun": [ 0.108, 0.108, 0.108, 0.22 ] }, "geometry": { "type": "LineString", "coordinates": [ [ -79.9527751, 40.4481986 ], [ -79.9527481, 40.4481861 ], [ -79.9527239, 40.448161899999988 ], [ -79.9523633, 40.4473738 ] ] } },
{ "type": "Feature", "properties": { "persona": "students", "hour": 15, "length_m": 992.0, "minutes": 12.72, "sun": [ 1.0, 1.0, 0.731, 0.951 ] }, "geometry": { "type": "LineString", "coordinates": [ [ -79.9638454, 40.4425784 ], [ -79.9638793, 40.4425963 ], [ -79.9650347, 40.4432434 ], [ -79.9650468, 40.4432576 ] ] } },
{ "type": "Feature", "properties": { "persona": "students", "hour": 18, "length_m": 1096.7, "minutes": 14.06, "sun": [ 0.0, 0.048, 0.048, 0.048 ] }, "geometry": { "type": "LineString", "coordinates": [ [ -79.9558755, 40.443852 ], [ -79.956715, 40.4445334 ], [ -79.95726, 40.4449775 ], [ -79.9572734, 40.4449766 ] ] } },
{ "type": "Feature", "properties": { "persona": "students", "hour": 8, "length_m": 533.2, "minutes": 6.84, "sun": [ 0.219, 0.219, 0.219, 1.0 ] }, "geometry": { "type": "LineString", "coordinates": [ [ -79.9564153, 40.441863 ], [ -79.9563939, 40.4418625 ], [ -79.9563663, 40.4418535 ], [ -79.9556567, 40.4414487 ] ] } },
{ "type": "Feature", "properties": { "persona": "students", "hour": 18, "length_m": 624.0, "minutes": 8.0, "sun": [ 0.043, 0.055 ] }, "geometry": { "type": "LineString", "coordinates": [ [ -79.9478063, 40.4480594 ], [ -79.949282, 40.4476037 ] ] } },
{ "type": "Feature", "properties": { "persona": "students", "hour": 18, "length_m": 1232.2, "minutes": 15.8, "sun": [ 0.362, 0.223, 0.223, 0.0 ] }, "geometry": { "type": "LineString", "coordinates": [ [ -79.9494001, 40.45168 ], [ -79.9488808, 40.450479 ], [ -79.9488826, 40.4504667 ], [ -79.948886, 40.4504556 ] ] } },
{ "type": "Feature", "properties": { "persona": "students", "hour": 12, "length_m": 1398.9, "minutes": 17.93, "sun": [ 0.252, 0.575, 0.575, 0.575, 0.575, 0.575, 0.575, 0.575, 0.575, 0.575, 0.575, 0.575, 0.575, 0.575, 0.575, 0.83 ] }, "geometry": { "type": "LineString", "coordinates": [ [ -79.957452700000019, 40.4477947 ], [ -79.9574722, 40.4477931 ], [ -79.9574836, 40.4477885 ], [ -79.957956, 40.4474423 ], [ -79.958023700000012, 40.4473908 ], [ -79.9580502, 40.4473709 ], [ -79.9580733, 40.4473451 ], [ -79.9580874, 40.4473219 ], [ -79.9580995, 40.4472979 ], [ -79.9581052, 40.4472726 ], [ -79.9581032, 40.4472379 ], [ -79.9580971, 40.4472058 ], [ -79.9580897, 40.4471859 ], [ -79.9580703, 40.4471604 ], [ -79.9580555, 40.447143 ], [ -79.9569644, 40.4462614 ] ] } },
{ "type": "Feature", "properties": { "persona": "students", "hour": 8, "length_m": 1160.6, "minutes": 14.88, "sun": [ 0.362, 0.348, 0.348, 0.348, 0.148 ] }, "geometry": { "type": "LineString", "coordinates": [ [ -79.9554699, 40.44917 ], [ -79.9554511, 40.4491283 ], [ -79.9554203, 40.4490744 ], [ -79.9553626, 40.4490147 ], [ -79.9542146, 40.4480934 ] ] } },
{ "type": "Feature", "properties": { "persona": "students", "hour": 8, "length_m": 2163.5, "minutes": 27.74, "sun": [ 0.373, 0.267, 0.267, 0.267, 0.267, 0.267, 0.267, 0.267, 0.267, 0.267, 0.267, 0.267, 0.267, 0.316, 0.316, 0.316, 0.316, 0.316, 0.316, 0.316, 0.316, 0.316, 0.316, 0.316, 0.055, 0.923 ] }, "geometry": { "type": "LineString", "coordinates": [ [ -79.9591607, 40.4462281 ], [ -79.959100300000017, 40.4462079 ], [ -79.9590359, 40.446194 ], [ -79.9589537, 40.4461878 ], [ -79.958893, 40.4462068 ], [ -79.9588406, 40.4462419 ], [ -79.9588126, 40.4462845 ], [ -79.9587935, 40.4463387 ], [ -79.9587719, 40.4464058 ], [ -79.9587448, 40.4465371 ], [ -79.9586864, 40.446706 ], [ -79.9586438, 40.446769899999985 ], [ -79.958595, 40.446804299999989 ], [ -79.9584923, 40.4468248 ], [ -79.9584018, 40.446816 ], [ -79.9583191, 40.4467833 ], [ -79.9582638, 40.4467403 ], [ -79.9582392, 40.446704 ], [ -79.9582264, 40.4466562 ], [ -79.9582263, 40.4465986 ], [ -79.9582476, 40.446547099999982 ], [ -79.9583361, 40.446448299999986 ], [ -79.9584132, 40.446379 ], [ -79.9584593, 40.4463012 ], [ -79.9586627, 40.4457698 ], [ -79.958856, 40.4452921 ] ] } },
{ "type": "Feature", "properties": { "persona": "students", "hour": 18, "length_m": 1415.4, "minutes": 18.15, "sun": [ 1.0, 0.388, 0.388, 0.388, 0.388, 0.263 ] }, "geometry": { "type": "LineString", "coordinates": [ [ -79.957478400000014, 40.4490405 ], [ -79.9552166, 40.4506183 ], [ -79.9551876, 40.4506392 ], [ -79.9551666, 40.4506486 ], [ -79.9551526, 40.4506521 ], [ -79.9551469, 40.4506521 ] ] } },
{ "type": "Feature", "properties": { "persona": "students", "hour": 12, "length_m": 2098.5, "minutes": 26.9, "sun": [ 0.837, 0.837, 0.765, 0.765, 0.855, 0.899 ] }, "geometry": { "type": "LineString", "coordinates": [ [ -79.9490145, 40.4416448 ], [ -79.948681800000017, 40.4421106 ], [ -79.9482233, 40.4425783 ], [ -79.9480412, 40.442764 ], [ -79.9476114, 40.4432475 ], [ -79.9473367, 40.443664400000017 ] ] } },
{ "type": "Feature", "properties": { "persona": "students", "hour": 15, "length_m": 671.7, "minutes": 8.61, "sun": [ 0.603, 0.933, 0.933, 0.933, 1.0 ] }, "geometry": { "type": "LineString", "coordinates": [ [ -79.9508414, 40.4474521 ], [ -79.9505923, 40.44703830000001 ], [ -79.9505399, 40.4469618 ], [ -79.9505096, 40.4469351 ], [ -79.9504913, 40.4469255 ] ] } },
{ "type": "Feature", "properties": { "persona": "students", "hour": 8, "length_m": 692.5, "minutes": 8.88, "sun": [ 0.737, 0.737, 0.737, 0.362, 0.362 ] }, "geometry": { "type": "LineString", "coordinates": [ [ -79.9546422, 40.4375177 ], [ -79.954646, 40.4375296 ], [ -79.9546542, 40.437541 ], [ -79.9562594, 40.438836499999987 ], [ -79.956606, 40.4391186 ] ] } },
{ "type": "Feature", "properties": { "persona": "students", "hour": 12, "length_m": 2259.3, "minutes": 28.97, "sun": [ 0.929, 0.774, 0.774, 0.237, 0.237, 0.237, 0.237, 0.219, 0.219, 0.219, 0.219, 0.219, 0.219, 0.306, 0.306, 0.306, 0.306, 0.306, 0.306, 0.306, 0.306, 0.306, 0.874 ] }, "geometry": { "type": "LineString", "coordinates": [ [ -79.9647197, 40.4487879 ], [ -79.964732, 40.4487632 ], [ -79.9647361, 40.4487356 ], [ -79.9647115, 40.4486664 ], [ -79.964693, 40.4486071 ], [ -79.9647115, 40.4485504 ], [ -79.9647415, 40.4485041 ], [ -79.9654595, 40.4479757 ], [ -79.9655326, 40.44789810000001 ], [ -79.9655668, 40.447855 ], [ -79.9655982, 40.4478024 ], [ -79.9657154, 40.4474679 ], [ -79.9657708, 40.4472998 ], [ -79.965805, 40.4471911 ], [ -79.965822, 40.4471027 ], [ -79.965833, 40.4469996 ], [ -79.9658391, 40.446906 ], [ -79.965837800000017, 40.4468082 ], [ -79.9658282, 40.4467156 ], [ -79.9657995, 40.4465418 ], [ -79.9657634, 40.446435799999989 ], [ -79.9657483, 40.4463881 ], [ -79.965741, 40.4463709 ] ] } },
{ "type": "Feature", "properties": { "persona": "students", "hour": 8, "length_m": 1322.2, "minutes": 16.95, "sun": [ 0.742, 0.168, 0.876 ] }, "geometry": { "type": "LineString", "coordinates": [ [ -79.9523648, 40.4397574 ], [ -79.953518, 40.440402 ], [ -79.9535229, 40.440414399999987 ] ] } },
{ "type": "Feature", "properties": { "persona": "students", "hour": 12, "length_m": 1238.3, "minutes": 15.88, "sun": [ 0.217, 0.217, 0.483, 0.333, 0.939 ] }, "geometry": { "type": "LineString", "coordinates": [ [ -79.944916, 40.4504236 ], [ -79.9449139, 40.4504099 ], [ -79.944565, 40.4496143 ], [ -79.9441418, 40.4486511 ], [ -79.9441303, 40.4483767 ] ] } },
{ "type": "Feature", "properties": { "persona": "students", "hour": 12, "length_m": 664.9, "minutes": 8.52, "sun": [ 0.0, 0.0 ] }, "geometry": { "type": "LineString", "coordinates": [ [ -79.9565458, 40.4430514 ], [ -79.9572223, 40.4425458 ] ] } },
{ "type": "Feature", "properties": { "persona": "students", "hour": 8, "length_m": 1861.6, "minutes": 23.87, "sun": [ 0.0, 0.013, 0.0 ] }, "geometry": { "type": "LineString", "coordinates": [ [ -79.9612346, 40.4385726 ], [ -79.9612115, 40.4385871 ], [ -79.9597539, 40.4396461 ] ] } },
{ "type": "Feature", "properties": { "persona": "students", "hour": 18, "length_m": 2218.4, "minutes": 28.44, "sun": [ 1.0, 0.388, 0.388, 0.388, 0.388, 0.263 ] }, "geometry": { "type": "LineString", "coordinates": [ [ -79.957478400000014, 40.4490405 ], [ -79.9552166, 40.4506183 ], [ -79.9551876, 40.4506392 ], [ -79.9551666, 40.4506486 ], [ -79.9551526, 40.4506521 ], [ -79.9551469, 40.4506521 ] ] } },
{ "type": "Feature", "properties": { "persona": "students", "hour": 15, "length_m": 1847.7, "minutes": 23.69, "sun": [ 0.514, 0.514, 1.0, 1.0, 1.0, 1.0, 1.0, 1.0, 1.0 ] }, "geometry": { "type": "LineString", "coordinates": [ [ -79.9499606, 40.4418759 ], [ -79.9498703, 40.4418219 ], [ -79.9495005, 40.441610599999983 ], [ -79.948814400000018, 40.4412214 ], [ -79.9486794, 40.4411541 ], [ -79.948490100000015, 40.4410486 ], [ -79.9483489, 40.4409706 ], [ -79.9482568, 40.4409427 ], [ -79.9481794, 40.4409412 ] ] } },
{ "type": "Feature", "properties": { "persona": "students", "hour": 15, "length_m": 1042.8, "minutes": 13.37, "sun": [ 0.161, 0.642 ] }, "geometry": { "type": "LineString", "coordinates": [ [ -79.9478063, 40.4480594 ], [ -79.949282, 40.4476037 ] ] } },
{ "type": "Feature", "properties": { "persona": "students", "hour": 8, "length_m": 1449.4, "minutes": 18.58, "sun": [ 1.0, 0.741, 0.011, 0.113 ] }, "geometry": { "type": "LineString", "coordinates": [ [ -79.9540399, 40.4381148 ], [ -79.95405, 40.4381351 ], [ -79.9552776, 40.4391159 ], [ -79.9558982, 40.4396139 ] ] } },
{ "type": "Feature", "properties": { "persona": "students", "hour": 18, "length_m": 1090.3, "minutes": 13.98, "sun": [ 0.591, 0.591, 0.449, 1.0 ] }, "geometry": { "type": "LineString", "coordinates": [ [ -79.9638454, 40.4425784 ], [ -79.9638793, 40.4425963 ], [ -79.9650347, 40.4432434 ], [ -79.9650468, 40.4432576 ] ] } },
{ "type": "Feature", "properties": { "persona": "students", "hour": 15, "length_m": 687.7, "minutes": 8.82, "sun": [ 1.0, 0.937, 0.937, 0.937, 0.85 ] }, "geometry": { "type": "LineString", "coordinates": [ [ -79.9552332, 40.4400874 ], [ -79.9553252, 40.440159699999988 ], [ -79.9555942, 40.440377 ], [ -79.9559567, 40.4406745 ], [ -79.9561685, 40.4408402 ] ] } },
{ "type": "Feature", "properties": { "persona": "students", "hour": 8, "length_m": 1764.7, "minutes": 22.62, "sun": [ 0.021, 0.021, 0.327, 0.636 ] }, "geometry": { "type": "LineString", "coordinates": [ [ -79.9565971, 40.4484203 ], [ -79.9565957, 40.4484121 ], [ -79.954796, 40.4469608 ], [ -79.9547853, 40.4469588 ] ] } },
{ "type": "Feature", "properties": { "persona": "students", "hour": 15, "length_m": 808.2, "minutes": 10.36, "sun": [ 0.622, 0.201, 0.201, 0.201, 0.15, 0.15, 0.15 ] }, "geometry": { "type": "LineString", "coordinates": [ [ -79.9538845, 40.4476298 ], [ -79.9538901, 40.4476166 ], [ -79.95389950000002, 40.4476053 ], [ -79.9540416, 40.4475048 ], [ -79.9547578, 40.446968 ], [ -79.9547718, 40.44696050000001 ], [ -79.9547853, 40.4469588 ] ] } },
{ "type": "Feature", "properties": { "persona": "students", "hour": 12, "length_m": 376.5, "minutes": 4.83, "sun": [ 0.379, 0.379, 0.379, 0.379, 1.0 ] }, "geometry": { "type": "LineString", "coordinates": [ [ -79.9534552, 40.4501712 ], [ -79.9533855, 40.4501852 ], [ -79.9530964, 40.4495714 ], [ -79.953076, 40.449527 ], [ -79.9530476, 40.4494707 ] ] } },
{ "type": "Feature", "properties": { "persona": "students", "hour": 18, "length_m": 1569.3, "minutes": 20.12, "sun": [ 0.412, 0.613, 0.613, 0.613, 0.613, 0.613, 0.613 ] }, "geometry": { "type": "LineString", "coordinates": [ [ -79.9504315, 40.4438999 ], [ -79.94947, 40.444156 ], [ -79.9493857, 40.4441415 ], [ -79.949025, 40.444233 ], [ -79.9489721, 40.4442817 ], [ -79.9488859, 40.4443029 ], [ -79.9487845, 40.4443279 ] ] } },
{ "type": "Feature", "properties": { "persona": "students", "hour": 8, "length_m": 1034.7, "minutes": 13.26, "sun": [ 1.0, 0.49, 0.49, 0.49, 0.49, 0.084 ] }, "geometry": { "type": "LineString", "coordinates": [ [ -79.9551469, 40.4506521 ], [ -79.9551526, 40.4506521 ], [ -79.9551666, 40.4506486 ], [ -79.9551876, 40.4506392 ], [ -79.9552166, 40.4506183 ], [ -79.957478400000014, 40.4490405 ] ] } },
{ "type": "Feature", "properties": { "persona": "students", "hour": 8, "length_m": 1340.5, "minutes": 17.19, "sun": [ 0.21, 0.21, 0.21, 0.32, 0.32, 0.32, 0.32, 0.32, 0.32, 0.32, 0.417, 0.417, 1.0 ] }, "geometry": { "type": "LineString", "coordinates": [ [ -79.943089, 40.4508121 ], [ -79.9430764, 40.4507975 ], [ -79.9429739, 40.4502235 ], [ -79.9429301, 40.4499236 ], [ -79.9429069, 40.4497995 ], [ -79.9428777, 40.4496571 ], [ -79.942861, 40.4495715 ], [ -79.9428375, 40.4494515 ], [ -79.9427985, 40.4492392 ], [ -79.9427877, 40.4491863 ], [ -79.942748400000013, 40.4490009 ], [ -79.9427125, 40.4486861 ], [ -79.9426896, 40.4485192 ] ] } },
{ "type": "Feature", "properties": { "persona": "students", "hour": 12, "length_m": 1275.7, "minutes": 16.35, "sun": [ 0.927, 0.911, 0.911 ] }, "geometry": { "type": "LineString", "coordinates": [ [ -79.9548731, 40.437119100000011 ], [ -79.9539595, 40.438017 ], [ -79.9539409, 40.4380245 ] ] } },
{ "type": "Feature", "properties": { "persona": "students", "hour": 15, "length_m": 1553.2, "minutes": 19.91, "sun": [ 0.483, 0.483, 0.483, 0.494, 0.494, 0.494, 0.494, 0.729, 0.729 ] }, "geometry": { "type": "LineString", "coordinates": [ [ -79.9531685, 40.4489237 ], [ -79.9530565, 40.4486792 ], [ -79.9530804, 40.4486177 ], [ -79.9532897, 40.448478 ], [ -79.9534586, 40.4484235 ], [ -79.9536387, 40.4484092 ], [ -79.953813, 40.4485115 ], [ -79.9541509, 40.448777 ], [ -79.9541677, 40.4488701 ] ] } },
{ "type": "Feature", "properties": { "persona": "students", "hour": 18, "length_m": 2031.7, "minutes": 26.05, "sun": [ 0.0, 0.0, 0.163 ] }, "geometry": { "type": "LineString", "coordinates": [ [ -79.9612346, 40.4385726 ], [ -79.9612115, 40.4385871 ], [ -79.9597539, 40.4396461 ] ] } },
{ "type": "Feature", "properties": { "persona": "students", "hour": 8, "length_m": 1573.4, "minutes": 20.17, "sun": [ 0.742, 0.168, 0.876 ] }, "geometry": { "type": "LineString", "coordinates": [ [ -79.9523648, 40.4397574 ], [ -79.953518, 40.440402 ], [ -79.9535229, 40.440414399999987 ] ] } },
{ "type": "Feature", "properties": { "persona": "students", "hour": 12, "length_m": 1025.6, "minutes": 13.15, "sun": [ 0.477, 0.477, 0.477, 0.399, 0.399, 0.824 ] }, "geometry": { "type": "LineString", "coordinates": [ [ -79.9511633, 40.445061 ], [ -79.9511722, 40.4450547 ], [ -79.9511742, 40.4450412 ], [ -79.9507278, 40.4440802 ], [ -79.9507135, 40.444065100000017 ], [ -79.9506929, 40.4440547 ] ] } },
{ "type": "Feature", "properties": { "persona": "students", "hour": 15, "length_m": 1260.8, "minutes": 16.16, "sun": [ 0.376, 0.565, 0.565, 0.565, 0.565, 0.565, 0.565, 0.565, 0.328 ] }, "geometry": { "type": "LineString", "coordinates": [ [ -79.944417300000012, 40.4472174 ], [ -79.9444052, 40.446616699999986 ], [ -79.9444018, 40.446448599999982 ], [ -79.9444002, 40.4463685 ], [ -79.9443426, 40.4463225 ], [ -79.9443164, 40.4462843 ], [ -79.9443057, 40.4462338 ], [ -79.9443104, 40.4462021 ], [ -79.9443153, 40.4461149 ] ] } },
{ "type": "Feature", "properties": { "persona": "students", "hour": 8, "length_m": 2338.2, "minutes": 29.98, "sun": [ 0.0, 0.0, 0.0, 0.194, 0.194, 0.194, 0.411 ] }, "geometry": { "type": "LineString", "coordinates": [ [ -79.9628664, 40.4448068 ], [ -79.962841, 40.4448322 ], [ -79.9626818, 40.4447452 ], [ -79.9616537, 40.4441842 ], [ -79.9614891, 40.4440856 ], [ -79.9612298, 40.4439394 ], [ -79.961223, 40.4439346 ] ] } },
{ "type": "Feature", "properties": { "persona": "students", "hour": 8, "length_m": 1328.6, "minutes": 17.03, "sun": [ 0.742, 0.168, 0.876 ] }, "geometry": { "type": "LineString", "coordinates": [ [ -79.9523648, 40.4397574 ], [ -79.953518, 40.440402 ], [ -79.9535229, 40.440414399999987 ] ] } },
{ "type": "Feature", "properties": { "persona": "students", "hour": 15, "length_m": 1368.1, "minutes": 17.54, "sun": [ 0.697, 0.333, 0.902 ] }, "geometry": { "type": "LineString", "coordinates": [ [ -79.9469681, 40.4508694 ], [ -79.946987, 40.4508651 ], [ -79.9486334, 40.4503634 ] ] } },
{ "type": "Feature", "properties": { "persona": "students", "hour": 8, "length_m": 821.8, "minutes": 10.54, "sun": [ 0.125, 0.125, 0.186 ] }, "geometry": { "type": "LineString", "coordinates": [ [ -79.9519858, 40.4463099 ], [ -79.9520006, 40.446305099999989 ], [ -79.9529899, 40.4455809 ] ] } },
{ "type": "Feature", "properties": { "persona": "students", "hour": 18, "length_m": 1510.9, "minutes": 19.37, "sun": [ 0.49, 0.49, 0.622 ] }, "geometry": { "type": "LineString", "coordinates": [ [ -79.9622764, 40.4486207 ], [ -79.9623709, 40.4482628 ], [ -79.9594192, 40.447730300000011 ] ] } },
{ "type": "Feature", "properties": { "persona": "students", "hour": 12, "length_m": 905.6, "minutes": 11.61, "sun": [ 0.454, 0.068, 0.068, 0.341, 0.341, 0.341, 0.988 ] }, "geometry": { "type": "LineString", "coordinates": [ [ -79.9628664, 40.4448068 ], [ -79.962841, 40.4448322 ], [ -79.9626818, 40.4447452 ], [ -79.9616537, 40.4441842 ], [ -79.9614891, 40.4440856 ], [ -79.9612298, 40.4439394 ], [ -79.961223, 40.4439346 ] ] } },
{ "type": "Feature", "properties": { "persona": "students", "hour": 18, "length_m": 1374.5, "minutes": 17.62, "sun": [ 0.412, 0.613, 0.613, 0.613, 0.613, 0.613, 0.613 ] }, "geometry": { "type": "LineString", "coordinates": [ [ -79.9504315, 40.4438999 ], [ -79.94947, 40.444156 ], [ -79.9493857, 40.4441415 ], [ -79.949025, 40.444233 ], [ -79.9489721, 40.4442817 ], [ -79.9488859, 40.4443029 ], [ -79.9487845, 40.4443279 ] ] } },
{ "type": "Feature", "properties": { "persona": "students", "hour": 12, "length_m": 1675.5, "minutes": 21.48, "sun": [ 0.552, 0.267, 0.267, 0.267, 0.267, 0.267, 0.267, 0.267, 0.267, 0.267, 0.267, 0.267, 0.267, 0.783, 0.783, 0.783, 0.783, 0.783, 0.783, 0.783, 0.783, 0.783, 0.783, 0.783, 0.633, 1.0 ] }, "geometry": { "type": "LineString", "coordinates": [ [ -79.9591607, 40.4462281 ], [ -79.959100300000017, 40.4462079 ], [ -79.9590359, 40.446194 ], [ -79.9589537, 40.4461878 ], [ -79.958893, 40.4462068 ], [ -79.9588406, 40.4462419 ], [ -79.9588126, 40.4462845 ], [ -79.9587935, 40.4463387 ], [ -79.9587719, 40.4464058 ], [ -79.9587448, 40.4465371 ], [ -79.9586864, 40.446706 ], [ -79.9586438, 40.446769899999985 ], [ -79.958595, 40.446804299999989 ], [ -79.9584923, 40.4468248 ], [ -79.9584018, 40.446816 ], [ -79.9583191, 40.4467833 ], [ -79.9582638, 40.4467403 ], [ -79.9582392, 40.446704 ], [ -79.9582264, 40.4466562 ], [ -79.9582263, 40.4465986 ], [ -79.9582476, 40.446547099999982 ], [ -79.9583361, 40.446448299999986 ], [ -79.9584132, 40.446379 ], [ -79.9584593, 40.4463012 ], [ -79.9586627, 40.4457698 ], [ -79.958856, 40.4452921 ] ] } },
{ "type": "Feature", "properties": { "persona": "students", "hour": 15, "length_m": 2234.4, "minutes": 28.65, "sun": [ 0.661, 0.427, 0.217 ] }, "geometry": { "type": "LineString", "coordinates": [ [ -79.9572241, 40.4513735 ], [ -79.9588549, 40.4485822 ], [ -79.958993800000016, 40.44839060000001 ] ] } },
{ "type": "Feature", "properties": { "persona": "students", "hour": 18, "length_m": 1833.0, "minutes": 23.5, "sun": [ 0.522, 0.292, 0.292, 0.292, 0.292, 0.428, 0.428, 0.428, 0.705 ] }, "geometry": { "type": "LineString", "coordinates": [ [ -79.9501789, 40.4417609 ], [ -79.9500864, 40.4417078 ], [ -79.9500272, 40.4416781 ], [ -79.949818, 40.44154 ], [ -79.9493535, 40.4412567 ], [ -79.9487754, 40.4409515 ], [ -79.9485015, 40.4408225 ], [ -79.9484526, 40.4407805 ], [ -79.9483142, 40.4406941 ] ] } },
{ "type": "Feature", "properties": { "persona": "students", "hour": 8, "length_m": 675.7, "minutes": 8.66, "sun": [ 0.969, 0.969, 0.969, 0.969, 0.969 ] }, "geometry": { "type": "LineString", "coordinates": [ [ -79.9512489, 40.44953 ], [ -79.9512831, 40.449505 ], [ -79.9517748, 40.4491358 ], [ -79.9518003, 40.449114 ], [ -79.9518194, 40.4491102 ] ] } },
{ "type": "Feature", "properties": { "persona": "students", "hour": 8, "length_m": 1529.8, "minutes": 19.61, "sun": [ 0.658, 0.658, 0.658, 1.0 ] }, "geometry": { "type": "LineString", "coordinates": [ [ -79.9533599, 40.443125 ], [ -79.9533346, 40.4431215 ], [ -79.953137, 40.443173699999988 ], [ -79.952222, 40.443417 ] ] } },
{ "type": "Feature", "properties": { "persona": "students", "hour": 12, "length_m": 1138.1, "minutes": 14.59, "sun": [ 0.864, 0.864, 0.864, 1.0 ] }, "geometry": { "type": "LineString", "coordinates": [ [ -79.9533599, 40.443125 ], [ -79.9533346, 40.4431215 ], [ -79.953137, 40.443173699999988 ], [ -79.952222, 40.443417 ] ] } },
{ "type": "Feature", "properties": { "persona": "students", "hour": 8, "length_m": 1230.5, "minutes": 15.78, "sun": [ 0.554, 0.609, 0.609, 0.704 ] }, "geometry": { "type": "LineString", "coordinates": [ [ -79.9494001, 40.45168 ], [ -79.9488808, 40.450479 ], [ -79.9488826, 40.4504667 ], [ -79.948886, 40.4504556 ] ] } },
{ "type": "Feature", "properties": { "persona": "students", "hour": 8, "length_m": 864.1, "minutes": 11.08, "sun": [ 0.844, 0.237, 0.413 ] }, "geometry": { "type": "LineString", "coordinates": [ [ -79.9656345, 40.4403845 ], [ -79.9657173, 40.4415835 ], [ -79.9657274, 40.4416174 ] ] } },
{ "type": "Feature", "properties": { "persona": "students", "hour": 18, "length_m": 1171.4, "minutes": 15.02, "sun": [ 0.172, 0.417, 0.582 ] }, "geometry": { "type": "LineString", "coordinates": [ [ -79.9469681, 40.4508694 ], [ -79.946987, 40.4508651 ], [ -79.9486334, 40.4503634 ] ] } },
{ "type": "Feature", "properties": { "persona": "students", "hour": 8, "length_m": 1552.3, "minutes": 19.9, "sun": [ 1.0, 1.0, 1.0, 0.341, 0.341, 0.341, 0.341, 0.063, 0.063, 0.063, 0.063, 0.063, 0.063, 0.088, 0.088, 0.088, 0.088, 0.088, 0.088, 0.088, 0.088, 0.088, 0.0 ] }, "geometry": { "type": "LineString", "coordinates": [ [ -79.9647197, 40.4487879 ], [ -79.964732, 40.4487632 ], [ -79.9647361, 40.4487356 ], [ -79.9647115, 40.4486664 ], [ -79.964693, 40.4486071 ], [ -79.9647115, 40.4485504 ], [ -79.9647415, 40.4485041 ], [ -79.9654595, 40.4479757 ], [ -79.9655326, 40.44789810000001 ], [ -79.9655668, 40.447855 ], [ -79.9655982, 40.4478024 ], [ -79.9657154, 40.4474679 ], [ -79.9657708, 40.4472998 ], [ -79.965805, 40.4471911 ], [ -79.965822, 40.4471027 ], [ -79.965833, 40.4469996 ], [ -79.9658391, 40.446906 ], [ -79.965837800000017, 40.4468082 ], [ -79.9658282, 40.4467156 ], [ -79.9657995, 40.4465418 ], [ -79.9657634, 40.446435799999989 ], [ -79.9657483, 40.4463881 ], [ -79.965741, 40.4463709 ] ] } },
{ "type": "Feature", "properties": { "persona": "students", "hour": 8, "length_m": 1313.5, "minutes": 16.84, "sun": [ 0.411, 0.194, 0.194, 0.194, 0.0, 0.0, 0.0 ] }, "geometry": { "type": "LineString", "coordinates": [ [ -79.961223, 40.4439346 ], [ -79.9612298, 40.4439394 ], [ -79.9614891, 40.4440856 ], [ -79.9616537, 40.4441842 ], [ -79.9626818, 40.4447452 ], [ -79.962841, 40.4448322 ], [ -79.9628664, 40.4448068 ] ] } },
{ "type": "Feature", "properties": { "persona": "students", "hour": 15, "length_m": 1064.6, "minutes": 13.65, "sun": [ 0.715, 0.341, 0.341, 0.341, 0.175, 0.175, 0.864 ] }, "geometry": { "type": "LineString", "coordinates": [ [ -79.961223, 40.4439346 ], [ -79.9612298, 40.4439394 ], [ -79.9614891, 40.4440856 ], [ -79.9616537, 40.4441842 ], [ -79.9626818, 40.4447452 ], [ -79.962841, 40.4448322 ], [ -79.9628664, 40.4448068 ] ] } },
{ "type": "Feature", "properties": { "persona": "students", "hour": 15, "length_m": 1730.7, "minutes": 22.19, "sun": [ 0.514, 0.514, 1.0, 1.0, 1.0, 1.0, 1.0, 1.0, 1.0 ] }, "geometry": { "type": "LineString", "coordinates": [ [ -79.9499606, 40.4418759 ], [ -79.9498703, 40.4418219 ], [ -79.9495005, 40.441610599999983 ], [ -79.948814400000018, 40.4412214 ], [ -79.9486794, 40.4411541 ], [ -79.948490100000015, 40.4410486 ], [ -79.9483489, 40.4409706 ], [ -79.9482568, 40.4409427 ], [ -79.9481794, 40.4409412 ] ] } },
{ "type": "Feature", "properties": { "persona": "students", "hour": 12, "length_m": 783.4, "minutes": 10.04, "sun": [ 0.358, 0.474, 0.474, 0.474, 0.474, 0.474, 0.474, 0.474, 0.328 ] }, "geometry": { "type": "LineString", "coordinates": [ [ -79.944417300000012, 40.4472174 ], [ -79.9444052, 40.446616699999986 ], [ -79.9444018, 40.446448599999982 ], [ -79.9444002, 40.4463685 ], [ -79.9443426, 40.4463225 ], [ -79.9443164, 40.4462843 ], [ -79.9443057, 40.4462338 ], [ -79.9443104, 40.4462021 ], [ -79.9443153, 40.4461149 ] ] } },
{ "type": "Feature", "properties": { "persona": "students", "hour": 12, "length_m": 1038.6, "minutes": 13.32, "sun": [ 1.0, 0.884, 1.0 ] }, "geometry": { "type": "LineString", "coordinates": [ [ -79.9628706, 40.4420541 ], [ -79.9621182, 40.442774 ], [ -79.9621893, 40.4428143 ] ] } },
{ "type": "Feature", "properties": { "persona": "students", "hour": 8, "length_m": 910.8, "minutes": 11.68, "sun": [ 0.0, 0.391, 0.391 ] }, "geometry": { "type": "LineString", "coordinates": [ [ -79.9548731, 40.437119100000011 ], [ -79.9539595, 40.438017 ], [ -79.9539409, 40.4380245 ] ] } },
{ "type": "Feature", "properties": { "persona": "students", "hour": 12, "length_m": 2580.1, "minutes": 33.08, "sun": [ 0.915, 0.261, 0.3 ] }, "geometry": { "type": "LineString", "coordinates": [ [ -79.9572241, 40.4513735 ], [ -79.9588549, 40.4485822 ], [ -79.958993800000016, 40.44839060000001 ] ] } },
{ "type": "Feature", "properties": { "persona": "students", "hour": 15, "length_m": 1082.8, "minutes": 13.88, "sun": [ 1.0, 1.0, 1.0 ] }, "geometry": { "type": "LineString", "coordinates": [ [ -79.9558518, 40.4378947 ], [ -79.956743, 40.4386099 ], [ -79.957006, 40.4388199 ] ] } },
{ "type": "Feature", "properties": { "persona": "students", "hour": 15, "length_m": 1841.1, "minutes": 23.6, "sun": [ 0.788, 0.861, 0.861, 0.48, 0.48, 0.48, 0.48, 0.67, 0.67, 0.67, 0.67, 0.67, 0.67, 0.618, 0.618, 0.618, 0.618, 0.618, 0.618, 0.618, 0.618, 0.618, 1.0 ] }, "geometry": { "type": "LineString", "coordinates": [ [ -79.9647197, 40.4487879 ], [ -79.964732, 40.4487632 ], [ -79.9647361, 40.4487356 ], [ -79.9647115, 40.4486664 ], [ -79.964693, 40.4486071 ], [ -79.9647115, 40.4485504 ], [ -79.9647415, 40.4485041 ], [ -79.9654595, 40.4479757 ], [ -79.9655326, 40.44789810000001 ], [ -79.9655668, 40.447855 ], [ -79.9655982, 40.4478024 ], [ -79.9657154, 40.4474679 ], [ -79.9657708, 40.4472998 ], [ -79.965805, 40.4471911 ], [ -79.965822, 40.4471027 ], [ -79.965833, 40.4469996 ], [ -79.9658391, 40.446906 ], [ -79.965837800000017, 40.4468082 ], [ -79.9658282, 40.4467156 ], [ -79.9657995, 40.4465418 ], [ -79.9657634, 40.446435799999989 ], [ -79.9657483, 40.4463881 ], [ -79.965741, 40.4463709 ] ] } },
{ "type": "Feature", "properties": { "persona": "students", "hour": 8, "length_m": 1630.7, "minutes": 20.91, "sun": [ 0.098, 0.098, 0.098, 0.098, 0.098, 0.098, 0.098, 0.0, 0.0, 0.0, 0.0, 0.55 ] }, "geometry": { "type": "LineString", "coordinates": [ [ -79.9461535, 40.4437285 ], [ -79.9461768, 40.443664 ], [ -79.94619, 40.443627199999987 ], [ -79.9462439, 40.4434774 ], [ -79.9462625, 40.4434256 ], [ -79.9463184, 40.4432704 ], [ -79.9463656, 40.4432804 ], [ -79.9464548, 40.4430544 ], [ -79.946193100000016, 40.442997 ], [ -79.9461784, 40.4430368 ], [ -79.9457114, 40.4429516 ], [ -79.9457322, 40.442897 ] ] } },
{ "type": "Feature", "properties": { "persona": "students", "hour": 8, "length_m": 1147.6, "minutes": 14.71, "sun": [ 0.125, 0.125, 0.186 ] }, "geometry": { "type": "LineString", "coordinates": [ [ -79.9519858, 40.4463099 ], [ -79.9520006, 40.446305099999989 ], [ -79.9529899, 40.4455809 ] ] } },
{ "type": "Feature", "properties": { "persona": "students", "hour": 18, "length_m": 948.4, "minutes": 12.16, "sun": [ 0.0, 0.0, 0.0, 0.615, 0.615, 0.615, 0.615 ] }, "geometry": { "type": "LineString", "coordinates": [ [ -79.9503313, 40.4441265 ], [ -79.9503169, 40.4441402 ], [ -79.9503107, 40.4441525 ], [ -79.95043, 40.4451004 ], [ -79.9504354, 40.4451075 ], [ -79.9504431, 40.4451134 ], [ -79.9504537, 40.4451153 ] ] } },
{ "type": "Feature", "properties": { "persona": "students", "hour": 12, "length_m": 1935.9, "minutes": 24.82, "sun": [ 0.706, 0.706, 0.706, 0.706, 0.706, 0.706, 0.591, 0.591, 0.591, 0.591 ] }, "geometry": { "type": "LineString", "coordinates": [ [ -79.9451211, 40.4505001 ], [ -79.9451238, 40.450490599999988 ], [ -79.945148, 40.450469 ], [ -79.9451753, 40.4504556 ], [ -79.9452665, 40.4503814 ], [ -79.9454693, 40.450184 ], [ -79.945956, 40.4497106 ], [ -79.946079, 40.449601400000013 ], [ -79.946359, 40.449328 ], [ -79.9464022, 40.449287299999988 ] ] } },
{ "type": "Feature", "properties": { "persona": "students", "hour": 8, "length_m": 1102.2, "minutes": 14.13, "sun": [ 0.21, 0.21, 0.21, 0.32, 0.32, 0.32, 0.32, 0.32, 0.32, 0.32, 0.417, 0.417, 1.0 ] }, "geometry": { "type": "LineString", "coordinates": [ [ -79.943089, 40.4508121 ], [ -79.9430764, 40.4507975 ], [ -79.9429739, 40.4502235 ], [ -79.9429301, 40.4499236 ], [ -79.9429069, 40.4497995 ], [ -79.9428777, 40.4496571 ], [ -79.942861, 40.4495715 ], [ -79.9428375, 40.4494515 ], [ -79.9427985, 40.4492392 ], [ -79.9427877, 40.4491863 ], [ -79.942748400000013, 40.4490009 ], [ -79.9427125, 40.4486861 ], [ -79.9426896, 40.4485192 ] ] } },
{ "type": "Feature", "properties": { "persona": "students", "hour": 8, "length_m": 1357.2, "minutes": 17.4, "sun": [ 0.0, 0.0, 0.0, 0.0, 0.0, 0.0, 0.0, 0.0, 0.0, 0.087, 0.087, 0.087 ] }, "geometry": { "type": "LineString", "coordinates": [ [ -79.9637539, 40.4378279 ], [ -79.9637303, 40.4378388 ], [ -79.9636194, 40.4378922 ], [ -79.9635377, 40.437932 ], [ -79.9634183, 40.438023200000011 ], [ -79.9631376, 40.438216 ], [ -79.9630587, 40.4382805 ], [ -79.9628001, 40.4384723 ], [ -79.9624268, 40.438762099999977 ], [ -79.9620766, 40.4390362 ], [ -79.9620574, 40.4390403 ], [ -79.9620403, 40.4390351 ] ] } },
{ "type": "Feature", "properties": { "persona": "students", "hour": 12, "length_m": 1512.2, "minutes": 19.39, "sun": [ 0.988, 0.341, 0.341, 0.341, 0.068, 0.068, 0.454 ] }, "geometry": { "type": "LineString", "coordinates": [ [ -79.961223, 40.4439346 ], [ -79.9612298, 40.4439394 ], [ -79.9614891, 40.4440856 ], [ -79.9616537, 40.4441842 ], [ -79.9626818, 40.4447452 ], [ -79.962841, 40.4448322 ], [ -79.9628664, 40.4448068 ] ] } },
{ "type": "Feature", "properties": { "persona": "students", "hour": 15, "length_m": 1342.5, "minutes": 17.21, "sun": [ 0.592, 0.592, 0.592, 0.643, 0.643, 0.643, 0.643, 0.643, 0.643, 0.643, 0.252, 0.252, 0.742 ] }, "geometry": { "type": "LineString", "coordinates": [ [ -79.943089, 40.4508121 ], [ -79.9430764, 40.4507975 ], [ -79.9429739, 40.4502235 ], [ -79.9429301, 40.4499236 ], [ -79.9429069, 40.4497995 ], [ -79.9428777, 40.4496571 ], [ -79.942861, 40.4495715 ], [ -79.9428375, 40.4494515 ], [ -79.9427985, 40.4492392 ], [ -79.9427877, 40.4491863 ], [ -79.942748400000013, 40.4490009 ], [ -79.9427125, 40.4486861 ], [ -79.9426896, 40.4485192 ] ] } },
{ "type": "Feature", "properties": { "persona": "students", "hour": 12, "length_m": 1049.7, "minutes": 13.46, "sun": [ 0.275, 0.275, 0.275, 0.275, 0.626 ] }, "geometry": { "type": "LineString", "coordinates": [ [ -79.9461785, 40.4444756 ], [ -79.9461509, 40.4438532 ], [ -79.9460935, 40.4438481 ], [ -79.945997800000015, 40.4438452 ], [ -79.945953, 40.4437962 ] ] } },
{ "type": "Feature", "properties": { "persona": "students", "hour": 8, "length_m": 1426.4, "minutes": 18.29, "sun": [ 0.175, 0.049, 0.305 ] }, "geometry": { "type": "LineString", "coordinates": [ [ -79.9472713, 40.4445804 ], [ -79.9472038, 40.444583 ], [ -79.9463658, 40.4446104 ] ] } },
{ "type": "Feature", "properties": { "persona": "students", "hour": 8, "length_m": 1446.3, "minutes": 18.54, "sun": [ 1.0, 1.0, 1.0, 0.341, 0.341, 0.341, 0.341, 0.063, 0.063, 0.063, 0.063, 0.063, 0.063, 0.088, 0.088, 0.088, 0.088, 0.088, 0.088, 0.088, 0.088, 0.088, 0.0 ] }, "geometry": { "type": "LineString", "coordinates": [ [ -79.9647197, 40.4487879 ], [ -79.964732, 40.4487632 ], [ -79.9647361, 40.4487356 ], [ -79.9647115, 40.4486664 ], [ -79.964693, 40.4486071 ], [ -79.9647115, 40.4485504 ], [ -79.9647415, 40.4485041 ], [ -79.9654595, 40.4479757 ], [ -79.9655326, 40.44789810000001 ], [ -79.9655668, 40.447855 ], [ -79.9655982, 40.4478024 ], [ -79.9657154, 40.4474679 ], [ -79.9657708, 40.4472998 ], [ -79.965805, 40.4471911 ], [ -79.965822, 40.4471027 ], [ -79.965833, 40.4469996 ], [ -79.9658391, 40.446906 ], [ -79.965837800000017, 40.4468082 ], [ -79.9658282, 40.4467156 ], [ -79.9657995, 40.4465418 ], [ -79.9657634, 40.446435799999989 ], [ -79.9657483, 40.4463881 ], [ -79.965741, 40.4463709 ] ] } },
{ "type": "Feature", "properties": { "persona": "students", "hour": 18, "length_m": 849.2, "minutes": 10.89, "sun": [ 0.745, 0.287, 0.287, 0.536 ] }, "geometry": { "type": "LineString", "coordinates": [ [ -79.9574475, 40.4426414 ], [ -79.9567405, 40.4431569 ], [ -79.9567299, 40.443172 ], [ -79.9567272, 40.4431807 ] ] } },
{ "type": "Feature", "properties": { "persona": "students", "hour": 12, "length_m": 1634.0, "minutes": 20.95, "sun": [ 0.783, 0.783, 0.783, 0.783, 0.783, 0.783, 0.626 ] }, "geometry": { "type": "LineString", "coordinates": [ [ -79.9644864, 40.4489468 ], [ -79.964479, 40.4489438 ], [ -79.9644411, 40.4489447 ], [ -79.9644051, 40.4489456 ], [ -79.9622851, 40.448946 ], [ -79.9621826, 40.4489325 ], [ -79.9616321, 40.44882710000001 ] ] } },
{ "type": "Feature", "properties": { "persona": "students", "hour": 15, "length_m": 1396.6, "minutes": 17.9, "sun": [ 0.483, 0.483, 0.483, 0.494, 0.494, 0.494, 0.494, 0.729, 0.729 ] }, "geometry": { "type": "LineString", "coordinates": [ [ -79.9531685, 40.4489237 ], [ -79.9530565, 40.4486792 ], [ -79.9530804, 40.4486177 ], [ -79.9532897, 40.448478 ], [ -79.9534586, 40.4484235 ], [ -79.9536387, 40.4484092 ], [ -79.953813, 40.4485115 ], [ -79.9541509, 40.448777 ], [ -79.9541677, 40.4488701 ] ] } },
{ "type": "Feature", "properties": { "persona": "students", "hour": 15, "length_m": 566.4, "minutes": 7.26, "sun": [ 0.858, 0.959, 0.876, 0.876, 0.584 ] }, "geometry": { "type": "LineString", "coordinates": [ [ -79.9539738, 40.4525188 ], [ -79.9537782, 40.4521996 ], [ -79.9536723, 40.4520269 ], [ -79.9534165, 40.451609500000011 ], [ -79.9533825, 40.451554 ] ] } },
{ "type": "Feature", "properties": { "persona": "students", "hour": 15, "length_m": 633.9, "minutes": 8.13, "sun": [ 0.161, 0.642 ] }, "geometry": { "type": "LineString", "coordinates": [ [ -79.9478063, 40.4480594 ], [ -79.949282, 40.4476037 ] ] } },
{ "type": "Feature", "properties": { "persona": "students", "hour": 18, "length_m": 1040.8, "minutes": 13.34, "sun": [ 0.279, 0.471, 0.471, 0.471, 0.583, 0.583, 0.583, 0.583, 0.583, 1.0 ] }, "geometry": { "type": "LineString", "coordinates": [ [ -79.9454544, 40.447284199999977 ], [ -79.9456077, 40.4473001 ], [ -79.9460057, 40.4472734 ], [ -79.9461254, 40.4472566 ], [ -79.9465455, 40.4472235 ], [ -79.9469573, 40.4471932 ], [ -79.9469794, 40.4471712 ], [ -79.9471574, 40.4471583 ], [ -79.9472162, 40.4471541 ], [ -79.9472238, 40.4471554 ] ] } },
{ "type": "Feature", "properties": { "persona": "students", "hour": 12, "length_m": 1490.0, "minutes": 19.1, "sun": [ 0.532, 0.532, 0.983, 0.965, 0.965, 0.965, 0.965, 0.965, 0.965 ] }, "geometry": { "type": "LineString", "coordinates": [ [ -79.9499606, 40.4418759 ], [ -79.9498703, 40.4418219 ], [ -79.9495005, 40.441610599999983 ], [ -79.948814400000018, 40.4412214 ], [ -79.9486794, 40.4411541 ], [ -79.948490100000015, 40.4410486 ], [ -79.9483489, 40.4409706 ], [ -79.9482568, 40.4409427 ], [ -79.9481794, 40.4409412 ] ] } },
{ "type": "Feature", "properties": { "persona": "students", "hour": 12, "length_m": 1708.5, "minutes": 21.9, "sun": [ 0.532, 0.532, 0.983, 0.965, 0.965, 0.965, 0.965, 0.965, 0.965 ] }, "geometry": { "type": "LineString", "coordinates": [ [ -79.9499606, 40.4418759 ], [ -79.9498703, 40.4418219 ], [ -79.9495005, 40.441610599999983 ], [ -79.948814400000018, 40.4412214 ], [ -79.9486794, 40.4411541 ], [ -79.948490100000015, 40.4410486 ], [ -79.9483489, 40.4409706 ], [ -79.9482568, 40.4409427 ], [ -79.9481794, 40.4409412 ] ] } },
{ "type": "Feature", "properties": { "persona": "students", "hour": 12, "length_m": 1035.0, "minutes": 13.27, "sun": [ 1.0, 0.881, 0.881, 0.881, 0.881, 0.863, 0.863, 0.863, 0.037 ] }, "geometry": { "type": "LineString", "coordinates": [ [ -79.9558755, 40.443852 ], [ -79.9558739, 40.4438507 ], [ -79.9558663, 40.4438376 ], [ -79.9558636, 40.4438246 ], [ -79.9558708, 40.4438029 ], [ -79.9561961, 40.4435739 ], [ -79.9565432, 40.4433054 ], [ -79.956567, 40.443287 ], [ -79.9565843, 40.4432827 ] ] } },
{ "type": "Feature", "properties": { "persona": "students", "hour": 12, "length_m": 824.6, "minutes": 10.57, "sun": [ 0.575, 1.0, 0.401 ] }, "geometry": { "type": "LineString", "coordinates": [ [ -79.9612346, 40.4385726 ], [ -79.9612115, 40.4385871 ], [ -79.9597539, 40.4396461 ] ] } },
{ "type": "Feature", "properties": { "persona": "students", "hour": 18, "length_m": 1576.4, "minutes": 20.21, "sun": [ 0.0, 0.906 ] }, "geometry": { "type": "LineString", "coordinates": [ [ -79.9520734, 40.4471398 ], [ -79.9524818, 40.4480286 ] ] } },
{ "type": "Feature", "properties": { "persona": "students", "hour": 12, "length_m": 849.3, "minutes": 10.89, "sun": [ 1.0, 0.219, 0.219, 0.219 ] }, "geometry": { "type": "LineString", "coordinates": [ [ -79.9547507, 40.4445772 ], [ -79.9547443, 40.4445804 ], [ -79.9547183, 40.4445998 ], [ -79.9541054, 40.4450574 ] ] } },
{ "type": "Feature", "properties": { "persona": "students", "hour": 8, "length_m": 1155.0, "minutes": 14.81, "sun": [ 1.0, 1.0, 0.904, 0.904, 0.0, 0.0, 0.0 ] }, "geometry": { "type": "LineString", "coordinates": [ [ -79.9585389, 40.4362071 ], [ -79.9586476, 40.436305 ], [ -79.9592203, 40.4367582 ], [ -79.9595556, 40.4370277 ], [ -79.9602161, 40.4375662 ], [ -79.96023550000001, 40.4375733 ], [ -79.9602546, 40.4375735 ] ] } },
{ "type": "Feature", "properties": { "persona": "students", "hour": 18, "length_m": 1933.1, "minutes": 24.78, "sun": [ 1.0, 0.855, 0.079, 0.079, 0.297 ] }, "geometry": { "type": "LineString", "coordinates": [ [ -79.9539738, 40.4525188 ], [ -79.9537782, 40.4521996 ], [ -79.9536723, 40.4520269 ], [ -79.9534165, 40.451609500000011 ], [ -79.9533825, 40.451554 ] ] } },
{ "type": "Feature", "properties": { "persona": "students", "hour": 15, "length_m": 397.5, "minutes": 5.1, "sun": [ 0.604, 0.633, 1.0 ] }, "geometry": { "type": "LineString", "coordinates": [ [ -79.9509184, 40.4495875 ], [ -79.9517372, 40.4489962 ], [ -79.9517411, 40.4489909 ] ] } },
{ "type": "Feature", "properties": { "persona": "students", "hour": 15, "length_m": 1238.0, "minutes": 15.87, "sun": [ 0.412, 0.412, 0.412, 0.412, 0.412, 0.412, 0.51, 0.51, 0.51, 0.51 ] }, "geometry": { "type": "LineString", "coordinates": [ [ -79.9451211, 40.4505001 ], [ -79.9451238, 40.450490599999988 ], [ -79.945148, 40.450469 ], [ -79.9451753, 40.4504556 ], [ -79.9452665, 40.4503814 ], [ -79.9454693, 40.450184 ], [ -79.945956, 40.4497106 ], [ -79.946079, 40.449601400000013 ], [ -79.946359, 40.449328 ], [ -79.9464022, 40.449287299999988 ] ] } },
{ "type": "Feature", "properties": { "persona": "students", "hour": 12, "length_m": 1910.0, "minutes": 24.49, "sun": [ 0.575, 1.0, 0.401 ] }, "geometry": { "type": "LineString", "coordinates": [ [ -79.9612346, 40.4385726 ], [ -79.9612115, 40.4385871 ], [ -79.9597539, 40.4396461 ] ] } },
{ "type": "Feature", "properties": { "persona": "students", "hour": 8, "length_m": 840.4, "minutes": 10.77, "sun": [ 0.0, 0.0, 0.0, 0.194, 0.194, 0.194, 0.411 ] }, "geometry": { "type": "LineString", "coordinates": [ [ -79.9628664, 40.4448068 ], [ -79.962841, 40.4448322 ], [ -79.9626818, 40.4447452 ], [ -79.9616537, 40.4441842 ], [ -79.9614891, 40.4440856 ], [ -79.9612298, 40.4439394 ], [ -79.961223, 40.4439346 ] ] } },
{ "type": "Feature", "properties": { "persona": "students", "hour": 8, "length_m": 1368.9, "minutes": 17.55, "sun": [ 0.131, 0.406, 0.406, 0.406 ] }, "geometry": { "type": "LineString", "coordinates": [ [ -79.951368200000019, 40.4450461 ], [ -79.9510489, 40.4443664 ], [ -79.950895, 40.4440163 ], [ -79.9508957, 40.4440035 ] ] } },
{ "type": "Feature", "properties": { "persona": "students", "hour": 8, "length_m": 2330.9, "minutes": 29.88, "sun": [ 1.0, 1.0, 1.0, 0.341, 0.341, 0.341, 0.341, 0.063, 0.063, 0.063, 0.063, 0.063, 0.063, 0.088, 0.088, 0.088, 0.088, 0.088, 0.088, 0.088, 0.088, 0.088, 0.0 ] }, "geometry": { "type": "LineString", "coordinates": [ [ -79.9647197, 40.4487879 ], [ -79.964732, 40.4487632 ], [ -79.9647361, 40.4487356 ], [ -79.9647115, 40.4486664 ], [ -79.964693, 40.4486071 ], [ -79.9647115, 40.4485504 ], [ -79.9647415, 40.4485041 ], [ -79.9654595, 40.4479757 ], [ -79.9655326, 40.44789810000001 ], [ -79.9655668, 40.447855 ], [ -79.9655982, 40.4478024 ], [ -79.9657154, 40.4474679 ], [ -79.9657708, 40.4472998 ], [ -79.965805, 40.4471911 ], [ -79.965822, 40.4471027 ], [ -79.965833, 40.4469996 ], [ -79.9658391, 40.446906 ], [ -79.965837800000017, 40.4468082 ], [ -79.9658282, 40.4467156 ], [ -79.9657995, 40.4465418 ], [ -79.9657634, 40.446435799999989 ], [ -79.9657483, 40.4463881 ], [ -79.965741, 40.4463709 ] ] } },
{ "type": "Feature", "properties": { "persona": "students", "hour": 12, "length_m": 865.1, "minutes": 11.09, "sun": [ 0.679, 0.679, 0.679, 0.679, 0.679, 0.556 ] }, "geometry": { "type": "LineString", "coordinates": [ [ -79.9539471, 40.438208699999983 ], [ -79.9539628, 40.4382146 ], [ -79.9542801, 40.4384696 ], [ -79.9547919, 40.4388828 ], [ -79.9554192, 40.4393998 ], [ -79.9557525, 40.4396649 ] ] } },
{ "type": "Feature", "properties": { "persona": "students", "hour": 8, "length_m": 177.3, "minutes": 2.27, "sun": [ 0.0, 0.0, 0.0, 0.0, 0.0 ] }, "geometry": { "type": "LineString", "coordinates": [ [ -79.9606895, 40.4418226 ], [ -79.961158, 40.4420509 ], [ -79.9612194, 40.4420804 ], [ -79.9612795, 40.4421101 ], [ -79.9614781, 40.4422069 ] ] } },
{ "type": "Feature", "properties": { "persona": "students", "hour": 12, "length_m": 553.3, "minutes": 7.09, "sun": [ 0.401, 1.0, 0.575 ] }, "geometry": { "type": "LineString", "coordinates": [ [ -79.9597539, 40.4396461 ], [ -79.9612115, 40.4385871 ], [ -79.9612346, 40.4385726 ] ] } },
{ "type": "Feature", "properties": { "persona": "students", "hour": 12, "length_m": 1373.3, "minutes": 17.61, "sun": [ 0.277, 0.277, 0.476 ] }, "geometry": { "type": "LineString", "coordinates": [ [ -79.9519858, 40.4463099 ], [ -79.9520006, 40.446305099999989 ], [ -79.9529899, 40.4455809 ] ] } },
{ "type": "Feature", "properties": { "persona": "students", "hour": 8, "length_m": 1686.4, "minutes": 21.62, "sun": [ 0.742, 0.168, 0.876 ] }, "geometry": { "type": "LineString", "coordinates": [ [ -79.9523648, 40.4397574 ], [ -79.953518, 40.440402 ], [ -79.9535229, 40.440414399999987 ] ] } },
{ "type": "Feature", "properties": { "persona": "students", "hour": 15, "length_m": 2218.2, "minutes": 28.44, "sun": [ 0.514, 0.514, 1.0, 1.0, 1.0, 1.0, 1.0, 1.0, 1.0 ] }, "geometry": { "type": "LineString", "coordinates": [ [ -79.9499606, 40.4418759 ], [ -79.9498703, 40.4418219 ], [ -79.9495005, 40.441610599999983 ], [ -79.948814400000018, 40.4412214 ], [ -79.9486794, 40.4411541 ], [ -79.948490100000015, 40.4410486 ], [ -79.9483489, 40.4409706 ], [ -79.9482568, 40.4409427 ], [ -79.9481794, 40.4409412 ] ] } },
{ "type": "Feature", "properties": { "persona": "students", "hour": 12, "length_m": 754.3, "minutes": 9.67, "sun": [ 1.0, 1.0, 1.0, 0.969, 0.969, 0.969, 0.969, 0.408 ] }, "geometry": { "type": "LineString", "coordinates": [ [ -79.9570964, 40.4415721 ], [ -79.9570955, 40.4415818 ], [ -79.9571007, 40.4415907 ], [ -79.9572061, 40.441675600000011 ], [ -79.9574807, 40.4418992 ], [ -79.9577615, 40.4421219 ], [ -79.9577798, 40.4421268 ], [ -79.9577982, 40.4421281 ] ] } },
{ "type": "Feature", "properties": { "persona": "students", "hour": 18, "length_m": 1873.6, "minutes": 24.02, "sun": [ 0.788, 0.948, 0.948, 1.0, 1.0, 1.0, 1.0, 1.0, 1.0, 1.0, 1.0, 1.0, 1.0, 0.948, 0.948, 0.948, 0.948, 0.948, 0.948, 0.948, 0.948, 0.948, 1.0 ] }, "geometry": { "type": "LineString", "coordinates": [ [ -79.9647197, 40.4487879 ], [ -79.964732, 40.4487632 ], [ -79.9647361, 40.4487356 ], [ -79.9647115, 40.4486664 ], [ -79.964693, 40.4486071 ], [ -79.9647115, 40.4485504 ], [ -79.9647415, 40.4485041 ], [ -79.9654595, 40.4479757 ], [ -79.9655326, 40.44789810000001 ], [ -79.9655668, 40.447855 ], [ -79.9655982, 40.4478024 ], [ -79.9657154, 40.4474679 ], [ -79.9657708, 40.4472998 ], [ -79.965805, 40.4471911 ], [ -79.965822, 40.4471027 ], [ -79.965833, 40.4469996 ], [ -79.9658391, 40.446906 ], [ -79.965837800000017, 40.4468082 ], [ -79.9658282, 40.4467156 ], [ -79.9657995, 40.4465418 ], [ -79.9657634, 40.446435799999989 ], [ -79.9657483, 40.4463881 ], [ -79.965741, 40.4463709 ] ] } },
{ "type": "Feature", "properties": { "persona": "students", "hour": 12, "length_m": 1003.2, "minutes": 12.86, "sun": [ 0.575, 1.0, 0.401 ] }, "geometry": { "type": "LineString", "coordinates": [ [ -79.9612346, 40.4385726 ], [ -79.9612115, 40.4385871 ], [ -79.9597539, 40.4396461 ] ] } },
{ "type": "Feature", "properties": { "persona": "students", "hour": 12, "length_m": 2120.8, "minutes": 27.19, "sun": [ 0.121, 0.121, 0.121, 0.121, 0.121, 0.121, 0.121, 0.121, 0.121, 0.78, 0.78, 0.78, 0.78, 0.78, 0.78, 0.667 ] }, "geometry": { "type": "LineString", "coordinates": [ [ -79.9449993, 40.443607 ], [ -79.9449734, 40.443535 ], [ -79.9449719, 40.4435157 ], [ -79.9449757, 40.443491 ], [ -79.9450407, 40.4433661 ], [ -79.9450377, 40.4433173 ], [ -79.9449694, 40.4432741 ], [ -79.9448886, 40.443264 ], [ -79.9444463, 40.4431362 ], [ -79.9441132, 40.4431804 ], [ -79.9440763, 40.4431785 ], [ -79.9440397, 40.4431672 ], [ -79.9440171, 40.443152 ], [ -79.9439965, 40.4431278 ], [ -79.9439909, 40.4431007 ], [ -79.9440016, 40.44304360000001 ] ] } },
{ "type": "Feature", "properties": { "persona": "students", "hour": 18, "length_m": 1169.6, "minutes": 15.0, "sun": [ 0.613, 0.613, 0.613, 0.613, 0.613, 0.613, 0.412 ] }, "geometry": { "type": "LineString", "coordinates": [ [ -79.9487845, 40.4443279 ], [ -79.9488859, 40.4443029 ], [ -79.9489721, 40.4442817 ], [ -79.949025, 40.444233 ], [ -79.9493857, 40.4441415 ], [ -79.94947, 40.444156 ], [ -79.9504315, 40.4438999 ] ] } },
{ "type": "Feature", "properties": { "persona": "students", "hour": 8, "length_m": 905.0, "minutes": 11.6, "sun": [ 0.21, 0.21, 0.21, 0.32, 0.32, 0.32, 0.32, 0.32, 0.32, 0.32, 0.417, 0.417, 1.0 ] }, "geometry": { "type": "LineString", "coordinates": [ [ -79.943089, 40.4508121 ], [ -79.9430764, 40.4507975 ], [ -79.9429739, 40.4502235 ], [ -79.9429301, 40.4499236 ], [ -79.9429069, 40.4497995 ], [ -79.9428777, 40.4496571 ], [ -79.942861, 40.4495715 ], [ -79.9428375, 40.4494515 ], [ -79.9427985, 40.4492392 ], [ -79.9427877, 40.4491863 ], [ -79.942748400000013, 40.4490009 ], [ -79.9427125, 40.4486861 ], [ -79.9426896, 40.4485192 ] ] } },
{ "type": "Feature", "properties": { "persona": "students", "hour": 12, "length_m": 1856.6, "minutes": 23.8, "sun": [ 0.663, 0.663, 0.537, 0.537, 0.537, 0.537, 0.537, 0.54, 0.54, 0.54, 0.895, 0.182 ] }, "geometry": { "type": "LineString", "coordinates": [ [ -79.9465347, 40.444577 ], [ -79.9466016, 40.444313 ], [ -79.9467579, 40.4438455 ], [ -79.9468084, 40.4437142 ], [ -79.9468609, 40.4435711 ], [ -79.946921, 40.4433751 ], [ -79.9469038, 40.4433033 ], [ -79.9468352, 40.4432641 ], [ -79.9464187, 40.4431751 ], [ -79.9461636, 40.4431174 ], [ -79.9454018, 40.442957099999987 ], [ -79.945336, 40.4429095 ] ] } },
{ "type": "Feature", "properties": { "persona": "students", "hour": 12, "length_m": 1165.3, "minutes": 14.94, "sun": [ 0.454, 0.068, 0.068, 0.341, 0.341, 0.341, 0.988 ] }, "geometry": { "type": "LineString", "coordinates": [ [ -79.9628664, 40.4448068 ], [ -79.962841, 40.4448322 ], [ -79.9626818, 40.4447452 ], [ -79.9616537, 40.4441842 ], [ -79.9614891, 40.4440856 ], [ -79.9612298, 40.4439394 ], [ -79.961223, 40.4439346 ] ] } },
{ "type": "Feature", "properties": { "persona": "students", "hour": 18, "length_m": 1500.3, "minutes": 19.23, "sun": [ 1.0, 0.508, 0.508 ] }, "geometry": { "type": "LineString", "coordinates": [ [ -79.9548731, 40.437119100000011 ], [ -79.9539595, 40.438017 ], [ -79.9539409, 40.4380245 ] ] } },
{ "type": "Feature", "properties": { "persona": "students", "hour": 15, "length_m": 1361.6, "minutes": 17.46, "sun": [ 0.788, 0.861, 0.861, 0.48, 0.48, 0.48, 0.48, 0.67, 0.67, 0.67, 0.67, 0.67, 0.67, 0.618, 0.618, 0.618, 0.618, 0.618, 0.618, 0.618, 0.618, 0.618, 1.0 ] }, "geometry": { "type": "LineString", "coordinates": [ [ -79.9647197, 40.4487879 ], [ -79.964732, 40.4487632 ], [ -79.9647361, 40.4487356 ], [ -79.9647115, 40.4486664 ], [ -79.964693, 40.4486071 ], [ -79.9647115, 40.4485504 ], [ -79.9647415, 40.4485041 ], [ -79.9654595, 40.4479757 ], [ -79.9655326, 40.44789810000001 ], [ -79.9655668, 40.447855 ], [ -79.9655982, 40.4478024 ], [ -79.9657154, 40.4474679 ], [ -79.9657708, 40.4472998 ], [ -79.965805, 40.4471911 ], [ -79.965822, 40.4471027 ], [ -79.965833, 40.4469996 ], [ -79.9658391, 40.446906 ], [ -79.965837800000017, 40.4468082 ], [ -79.9658282, 40.4467156 ], [ -79.9657995, 40.4465418 ], [ -79.9657634, 40.446435799999989 ], [ -79.9657483, 40.4463881 ], [ -79.965741, 40.4463709 ] ] } },
{ "type": "Feature", "properties": { "persona": "students", "hour": 12, "length_m": 788.9, "minutes": 10.11, "sun": [ 0.867, 0.55, 0.894 ] }, "geometry": { "type": "LineString", "coordinates": [ [ -79.9509184, 40.4495875 ], [ -79.9517372, 40.4489962 ], [ -79.9517411, 40.4489909 ] ] } },
{ "type": "Feature", "properties": { "persona": "students", "hour": 8, "length_m": 1449.4, "minutes": 18.58, "sun": [ 1.0, 0.741, 0.011, 0.113 ] }, "geometry": { "type": "LineString", "coordinates": [ [ -79.9540399, 40.4381148 ], [ -79.95405, 40.4381351 ], [ -79.9552776, 40.4391159 ], [ -79.9558982, 40.4396139 ] ] } },
{ "type": "Feature", "properties": { "persona": "students", "hour": 18, "length_m": 879.8, "minutes": 11.28, "sun": [ 0.421, 0.913, 0.913, 0.913, 0.566, 0.566 ] }, "geometry": { "type": "LineString", "coordinates": [ [ -79.9532081, 40.4457206 ], [ -79.9532138, 40.4457206 ], [ -79.9532307, 40.4457238 ], [ -79.9532548, 40.4457314 ], [ -79.9546543, 40.4468516 ], [ -79.954662, 40.4468625 ] ] } },
{ "type": "Feature", "properties": { "persona": "students", "hour": 15, "length_m": 1020.7, "minutes": 13.09, "sun": [ 0.396, 0.396, 0.111, 0.111, 0.452, 0.452, 0.452 ] }, "geometry": { "type": "LineString", "coordinates": [ [ -79.9585389, 40.4362071 ], [ -79.9586476, 40.436305 ], [ -79.9592203, 40.4367582 ], [ -79.9595556, 40.4370277 ], [ -79.9602161, 40.4375662 ], [ -79.96023550000001, 40.4375733 ], [ -79.9602546, 40.4375735 ] ] } },
{ "type": "Feature", "properties": { "persona": "students", "hour": 18, "length_m": 1010.5, "minutes": 12.95, "sun": [ 0.73, 0.73, 0.73, 0.63 ] }, "geometry": { "type": "LineString", "coordinates": [ [ -79.9495439, 40.4480305 ], [ -79.9495496, 40.4480399 ], [ -79.9496147, 40.4481446 ], [ -79.950608, 40.4497436 ] ] } },
{ "type": "Feature", "properties": { "persona": "students", "hour": 12, "length_m": 712.7, "minutes": 9.14, "sun": [ 0.358, 0.808, 0.808, 0.808 ] }, "geometry": { "type": "LineString", "coordinates": [ [ -79.943832200000017, 40.4472605 ], [ -79.9437908, 40.4462183 ], [ -79.9437545, 40.4461971 ], [ -79.9437511, 40.4461158 ] ] } },
{ "type": "Feature", "properties": { "persona": "students", "hour": 12, "length_m": 1011.8, "minutes": 12.97, "sun": [ 0.928, 0.429, 0.429, 0.429, 0.429, 0.429, 0.874, 0.874 ] }, "geometry": { "type": "LineString", "coordinates": [ [ -79.9650853, 40.4449948 ], [ -79.9650696, 40.4450701 ], [ -79.9650629, 40.4451334 ], [ -79.96506620000001, 40.4452018 ], [ -79.9650853, 40.44526170000001 ], [ -79.9651191, 40.4453267 ], [ -79.9656845, 40.4462411 ], [ -79.9657139, 40.4463085 ] ] } },
{ "type": "Feature", "properties": { "persona": "students", "hour": 12, "length_m": 1314.3, "minutes": 16.85, "sun": [ 1.0, 1.0, 0.949, 0.526 ] }, "geometry": { "type": "LineString", "coordinates": [ [ -79.9638454, 40.4425784 ], [ -79.9638793, 40.4425963 ], [ -79.9650347, 40.4432434 ], [ -79.9650468, 40.4432576 ] ] } },
{ "type": "Feature", "properties": { "persona": "students", "hour": 8, "length_m": 1978.7, "minutes": 25.37, "sun": [ 0.374, 0.374, 0.586, 0.462, 0.462, 0.462, 0.462, 0.462, 0.462 ] }, "geometry": { "type": "LineString", "coordinates": [ [ -79.9499606, 40.4418759 ], [ -79.9498703, 40.4418219 ], [ -79.9495005, 40.441610599999983 ], [ -79.948814400000018, 40.4412214 ], [ -79.9486794, 40.4411541 ], [ -79.948490100000015, 40.4410486 ], [ -79.9483489, 40.4409706 ], [ -79.9482568, 40.4409427 ], [ -79.9481794, 40.4409412 ] ] } },
{ "type": "Feature", "properties": { "persona": "students", "hour": 8, "length_m": 1194.2, "minutes": 15.31, "sun": [ 0.998, 0.083, 0.347 ] }, "geometry": { "type": "LineString", "coordinates": [ [ -79.951879, 40.4539448 ], [ -79.951431, 40.4532359 ], [ -79.9511364, 40.452769600000011 ] ] } },
{ "type": "Feature", "properties": { "persona": "students", "hour": 18, "length_m": 1096.7, "minutes": 14.06, "sun": [ 0.601, 0.601, 1.0, 1.0, 1.0, 1.0, 1.0, 1.0, 1.0 ] }, "geometry": { "type": "LineString", "coordinates": [ [ -79.9499606, 40.4418759 ], [ -79.9498703, 40.4418219 ], [ -79.9495005, 40.441610599999983 ], [ -79.948814400000018, 40.4412214 ], [ -79.9486794, 40.4411541 ], [ -79.948490100000015, 40.4410486 ], [ -79.9483489, 40.4409706 ], [ -79.9482568, 40.4409427 ], [ -79.9481794, 40.4409412 ] ] } },
{ "type": "Feature", "properties": { "persona": "students", "hour": 18, "length_m": 809.9, "minutes": 10.38, "sun": [ 0.9, 0.753, 0.64 ] }, "geometry": { "type": "LineString", "coordinates": [ [ -79.9423507, 40.4473544 ], [ -79.9421602, 40.446039499999983 ], [ -79.9421608, 40.4460022 ] ] } },
{ "type": "Feature", "properties": { "persona": "students", "hour": 15, "length_m": 1131.7, "minutes": 14.51, "sun": [ 0.581, 0.745, 0.745, 0.745, 0.745, 0.745, 0.745 ] }, "geometry": { "type": "LineString", "coordinates": [ [ -79.9504315, 40.4438999 ], [ -79.94947, 40.444156 ], [ -79.9493857, 40.4441415 ], [ -79.949025, 40.444233 ], [ -79.9489721, 40.4442817 ], [ -79.9488859, 40.4443029 ], [ -79.9487845, 40.4443279 ] ] } },
{ "type": "Feature", "properties": { "persona": "students", "hour": 12, "length_m": 1138.3, "minutes": 14.59, "sun": [ 0.911, 0.806, 0.821 ] }, "geometry": { "type": "LineString", "coordinates": [ [ -79.9521722, 40.4378991 ], [ -79.9519418, 40.4384303 ], [ -79.9516197, 40.4391899 ] ] } },
{ "type": "Feature", "properties": { "persona": "students", "hour": 15, "length_m": 1097.4, "minutes": 14.07, "sun": [ 0.861, 1.0, 0.768 ] }, "geometry": { "type": "LineString", "coordinates": [ [ -79.9523648, 40.4397574 ], [ -79.953518, 40.440402 ], [ -79.9535229, 40.440414399999987 ] ] } },
{ "type": "Feature", "properties": { "persona": "students", "hour": 12, "length_m": 1434.4, "minutes": 18.39, "sun": [ 1.0, 1.0, 0.566 ] }, "geometry": { "type": "LineString", "coordinates": [ [ -79.9626966, 40.4419705 ], [ -79.9626548, 40.4419503 ], [ -79.9615836, 40.4413736 ] ] } },
{ "type": "Feature", "properties": { "persona": "students", "hour": 12, "length_m": 1006.2, "minutes": 12.9, "sun": [ 0.679, 0.679, 0.679, 0.679, 0.679, 0.556 ] }, "geometry": { "type": "LineString", "coordinates": [ [ -79.9539471, 40.438208699999983 ], [ -79.9539628, 40.4382146 ], [ -79.9542801, 40.4384696 ], [ -79.9547919, 40.4388828 ], [ -79.9554192, 40.4393998 ], [ -79.9557525, 40.4396649 ] ] } },
{ "type": "Feature", "properties": { "persona": "students", "hour": 18, "length_m": 1084.8, "minutes": 13.91, "sun": [ 0.63, 0.73, 0.73, 0.73 ] }, "geometry": { "type": "LineString", "coordinates": [ [ -79.950608, 40.4497436 ], [ -79.9496147, 40.4481446 ], [ -79.9495496, 40.4480399 ], [ -79.9495439, 40.4480305 ] ] } },
{ "type": "Feature", "properties": { "persona": "students", "hour": 18, "length_m": 693.3, "minutes": 8.89, "sun": [ 1.0, 1.0, 1.0, 1.0, 1.0, 1.0, 1.0, 1.0, 1.0, 0.24, 0.24, 0.24 ] }, "geometry": { "type": "LineString", "coordinates": [ [ -79.9637539, 40.4378279 ], [ -79.9637303, 40.4378388 ], [ -79.9636194, 40.4378922 ], [ -79.9635377, 40.437932 ], [ -79.9634183, 40.438023200000011 ], [ -79.9631376, 40.438216 ], [ -79.9630587, 40.4382805 ], [ -79.9628001, 40.4384723 ], [ -79.9624268, 40.438762099999977 ], [ -79.9620766, 40.4390362 ], [ -79.9620574, 40.4390403 ], [ -79.9620403, 40.4390351 ] ] } },
{ "type": "Feature", "properties": { "persona": "students", "hour": 15, "length_m": 1647.5, "minutes": 21.12, "sun": [ 0.917, 1.0, 1.0, 1.0 ] }, "geometry": { "type": "LineString", "coordinates": [ [ -79.950608, 40.4497436 ], [ -79.9496147, 40.4481446 ], [ -79.9495496, 40.4480399 ], [ -79.9495439, 40.4480305 ] ] } },
{ "type": "Feature", "properties": { "persona": "students", "hour": 18, "length_m": 1097.4, "minutes": 14.07, "sun": [ 0.745, 0.745, 0.537, 0.537, 0.537, 0.537, 0.537, 0.466, 0.466, 0.466, 0.686, 0.602 ] }, "geometry": { "type": "LineString", "coordinates": [ [ -79.9465347, 40.444577 ], [ -79.9466016, 40.444313 ], [ -79.9467579, 40.4438455 ], [ -79.9468084, 40.4437142 ], [ -79.9468609, 40.4435711 ], [ -79.946921, 40.4433751 ], [ -79.9469038, 40.4433033 ], [ -79.9468352, 40.4432641 ], [ -79.9464187, 40.4431751 ], [ -79.9461636, 40.4431174 ], [ -79.9454018, 40.442957099999987 ], [ -79.945336, 40.4429095 ] ] } },
{ "type": "Feature", "properties": { "persona": "students", "hour": 8, "length_m": 1672.1, "minutes": 21.44, "sun": [ 0.362, 0.348, 0.348, 0.348, 0.148 ] }, "geometry": { "type": "LineString", "coordinates": [ [ -79.9554699, 40.44917 ], [ -79.9554511, 40.4491283 ], [ -79.9554203, 40.4490744 ], [ -79.9553626, 40.4490147 ], [ -79.9542146, 40.4480934 ] ] } },
{ "type": "Feature", "properties": { "persona": "students", "hour": 15, "length_m": 2287.2, "minutes": 29.32, "sun": [ 0.514, 0.514, 1.0, 1.0, 1.0, 1.0, 1.0, 1.0, 1.0 ] }, "geometry": { "type": "LineString", "coordinates": [ [ -79.9499606, 40.4418759 ], [ -79.9498703, 40.4418219 ], [ -79.9495005, 40.441610599999983 ], [ -79.948814400000018, 40.4412214 ], [ -79.9486794, 40.4411541 ], [ -79.948490100000015, 40.4410486 ], [ -79.9483489, 40.4409706 ], [ -79.9482568, 40.4409427 ], [ -79.9481794, 40.4409412 ] ] } },
{ "type": "Feature", "properties": { "persona": "students", "hour": 12, "length_m": 1896.8, "minutes": 24.32, "sun": [ 0.362, 0.861, 0.861, 0.861, 0.861, 0.636, 0.636, 0.636, 0.722 ] }, "geometry": { "type": "LineString", "coordinates": [ [ -79.9501789, 40.4417609 ], [ -79.9500864, 40.4417078 ], [ -79.9500272, 40.4416781 ], [ -79.949818, 40.44154 ], [ -79.9493535, 40.4412567 ], [ -79.9487754, 40.4409515 ], [ -79.9485015, 40.4408225 ], [ -79.9484526, 40.4407805 ], [ -79.9483142, 40.4406941 ] ] } },
{ "type": "Feature", "properties": { "persona": "students", "hour": 15, "length_m": 1252.4, "minutes": 16.06, "sun": [ 1.0, 1.0, 1.0, 0.76 ] }, "geometry": { "type": "LineString", "coordinates": [ [ -79.9592163, 40.4435667 ], [ -79.9592107, 40.4435797 ], [ -79.9587092, 40.4439394 ], [ -79.9581348, 40.4443542 ] ] } },
{ "type": "Feature", "properties": { "persona": "students", "hour": 15, "length_m": 1395.9, "minutes": 17.9, "sun": [ 1.0, 0.861, 0.861 ] }, "geometry": { "type": "LineString", "coordinates": [ [ -79.9675752, 40.4400812 ], [ -79.9661484, 40.4403042 ], [ -79.9661081, 40.4403105 ] ] } },
{ "type": "Feature", "properties": { "persona": "students", "hour": 8, "length_m": 963.0, "minutes": 12.35, "sun": [ 0.131, 0.131, 0.21, 0.324, 1.0 ] }, "geometry": { "type": "LineString", "coordinates": [ [ -79.944916, 40.4504236 ], [ -79.9449139, 40.4504099 ], [ -79.944565, 40.4496143 ], [ -79.9441418, 40.4486511 ], [ -79.9441303, 40.4483767 ] ] } },
{ "type": "Feature", "properties": { "persona": "students", "hour": 15, "length_m": 1153.8, "minutes": 14.79, "sun": [ 0.235, 0.456, 0.456, 0.898, 0.898, 0.898, 0.898, 0.898, 0.898, 0.898, 0.898, 0.898, 0.898, 0.898, 0.898, 0.881 ] }, "geometry": { "type": "LineString", "coordinates": [ [ -79.957452700000019, 40.4477947 ], [ -79.9574722, 40.4477931 ], [ -79.9574836, 40.4477885 ], [ -79.957956, 40.4474423 ], [ -79.958023700000012, 40.4473908 ], [ -79.9580502, 40.4473709 ], [ -79.9580733, 40.4473451 ], [ -79.9580874, 40.4473219 ], [ -79.9580995, 40.4472979 ], [ -79.9581052, 40.4472726 ], [ -79.9581032, 40.4472379 ], [ -79.9580971, 40.4472058 ], [ -79.9580897, 40.4471859 ], [ -79.9580703, 40.4471604 ], [ -79.9580555, 40.447143 ], [ -79.9569644, 40.4462614 ] ] } },
{ "type": "Feature", "properties": { "persona": "students", "hour": 12, "length_m": 1462.2, "minutes": 18.75, "sun": [ 0.929, 0.774, 0.774, 0.237, 0.237, 0.237, 0.237, 0.219, 0.219, 0.219, 0.219, 0.219, 0.219, 0.306, 0.306, 0.306, 0.306, 0.306, 0.306, 0.306, 0.306, 0.306, 0.874 ] }, "geometry": { "type": "LineString", "coordinates": [ [ -79.9647197, 40.4487879 ], [ -79.964732, 40.4487632 ], [ -79.9647361, 40.4487356 ], [ -79.9647115, 40.4486664 ], [ -79.964693, 40.4486071 ], [ -79.9647115, 40.4485504 ], [ -79.9647415, 40.4485041 ], [ -79.9654595, 40.4479757 ], [ -79.9655326, 40.44789810000001 ], [ -79.9655668, 40.447855 ], [ -79.9655982, 40.4478024 ], [ -79.9657154, 40.4474679 ], [ -79.9657708, 40.4472998 ], [ -79.965805, 40.4471911 ], [ -79.965822, 40.4471027 ], [ -79.965833, 40.4469996 ], [ -79.9658391, 40.446906 ], [ -79.965837800000017, 40.4468082 ], [ -79.9658282, 40.4467156 ], [ -79.9657995, 40.4465418 ], [ -79.9657634, 40.446435799999989 ], [ -79.9657483, 40.4463881 ], [ -79.965741, 40.4463709 ] ] } },
{ "type": "Feature", "properties": { "persona": "students", "hour": 18, "length_m": 1678.5, "minutes": 21.52, "sun": [ 0.829, 0.667, 0.716 ] }, "geometry": { "type": "LineString", "coordinates": [ [ -79.947412, 40.453198499999985 ], [ -79.9495629, 40.4525574 ], [ -79.9495894, 40.4525407 ] ] } },
{ "type": "Feature", "properties": { "persona": "students", "hour": 15, "length_m": 699.0, "minutes": 8.96, "sun": [ 0.507, 0.507, 0.15, 0.15 ] }, "geometry": { "type": "LineString", "coordinates": [ [ -79.9565971, 40.4484203 ], [ -79.9565957, 40.4484121 ], [ -79.954796, 40.4469608 ], [ -79.9547853, 40.4469588 ] ] } },
{ "type": "Feature", "properties": { "persona": "students", "hour": 15, "length_m": 926.6, "minutes": 11.88, "sun": [ 1.0, 0.847, 0.847, 0.847, 0.898, 0.898, 0.898 ] }, "geometry": { "type": "LineString", "coordinates": [ [ -79.958535, 40.4377611 ], [ -79.9585269, 40.4377706 ], [ -79.9583107, 40.4379262 ], [ -79.9583054, 40.4379476 ], [ -79.9581653, 40.4380512 ], [ -79.958135, 40.4380277 ], [ -79.957734400000021, 40.4383073 ] ] } },
{ "type": "Feature", "properties": { "persona": "students", "hour": 12, "length_m": 1400.9, "minutes": 17.96, "sun": [ 0.728, 0.728, 0.728, 0.728, 0.728, 0.728, 0.369 ] }, "geometry": { "type": "LineString", "coordinates": [ [ -79.9487845, 40.4443279 ], [ -79.9488859, 40.4443029 ], [ -79.9489721, 40.4442817 ], [ -79.949025, 40.444233 ], [ -79.9493857, 40.4441415 ], [ -79.94947, 40.444156 ], [ -79.9504315, 40.4438999 ] ] } },
{ "type": "Feature", "properties": { "persona": "students", "hour": 8, "length_m": 929.5, "minutes": 11.92, "sun": [ 0.125, 0.125, 0.186 ] }, "geometry": { "type": "LineString", "coordinates": [ [ -79.9519858, 40.4463099 ], [ -79.9520006, 40.446305099999989 ], [ -79.9529899, 40.4455809 ] ] } },
{ "type": "Feature", "properties": { "persona": "students", "hour": 18, "length_m": 1280.8, "minutes": 16.42, "sun": [ 0.263, 0.388, 0.388, 0.388, 0.388, 1.0 ] }, "geometry": { "type": "LineString", "coordinates": [ [ -79.9551469, 40.4506521 ], [ -79.9551526, 40.4506521 ], [ -79.9551666, 40.4506486 ], [ -79.9551876, 40.4506392 ], [ -79.9552166, 40.4506183 ], [ -79.957478400000014, 40.4490405 ] ] } },
{ "type": "Feature", "properties": { "persona": "students", "hour": 15, "length_m": 688.0, "minutes": 8.82, "sun": [ 1.0, 0.885, 0.885, 0.885 ] }, "geometry": { "type": "LineString", "coordinates": [ [ -79.9601448, 40.4391811 ], [ -79.9595011, 40.4396483 ], [ -79.959465, 40.4396745 ], [ -79.9594523, 40.43968060000001 ] ] } },
{ "type": "Feature", "properties": { "persona": "students", "hour": 8, "length_m": 2070.1, "minutes": 26.54, "sun": [ 0.047, 0.135 ] }, "geometry": { "type": "LineString", "coordinates": [ [ -79.9597855, 40.440164 ], [ -79.9587984, 40.4408785 ] ] } },
{ "type": "Feature", "properties": { "persona": "students", "hour": 15, "length_m": 1369.5, "minutes": 17.56, "sun": [ 0.49, 0.422, 0.422, 0.422, 0.422, 0.66 ] }, "geometry": { "type": "LineString", "coordinates": [ [ -79.9551469, 40.4506521 ], [ -79.9551526, 40.4506521 ], [ -79.9551666, 40.4506486 ], [ -79.9551876, 40.4506392 ], [ -79.9552166, 40.4506183 ], [ -79.957478400000014, 40.4490405 ] ] } },
{ "type": "Feature", "properties": { "persona": "students", "hour": 15, "length_m": 466.9, "minutes": 5.99, "sun": [ 1.0, 1.0, 0.731, 0.951 ] }, "geometry": { "type": "LineString", "coordinates": [ [ -79.9638454, 40.4425784 ], [ -79.9638793, 40.4425963 ], [ -79.9650347, 40.4432434 ], [ -79.9650468, 40.4432576 ] ] } },
{ "type": "Feature", "properties": { "persona": "students", "hour": 15, "length_m": 1398.7, "minutes": 17.93, "sun": [ 0.235, 0.235, 0.235, 0.456, 0.948 ] }, "geometry": { "type": "LineString", "coordinates": [ [ -79.957452700000019, 40.4477947 ], [ -79.9574393, 40.4477908 ], [ -79.9574262, 40.447783199999989 ], [ -79.9556522, 40.4463506 ], [ -79.9556488, 40.4463417 ] ] } },
{ "type": "Feature", "properties": { "persona": "students", "hour": 12, "length_m": 1310.6, "minutes": 16.8, "sun": [ 0.454, 0.068, 0.068, 0.341, 0.341, 0.341, 0.988 ] }, "geometry": { "type": "LineString", "coordinates": [ [ -79.9628664, 40.4448068 ], [ -79.962841, 40.4448322 ], [ -79.9626818, 40.4447452 ], [ -79.9616537, 40.4441842 ], [ -79.9614891, 40.4440856 ], [ -79.9612298, 40.4439394 ], [ -79.961223, 40.4439346 ] ] } },
{ "type": "Feature", "properties": { "persona": "students", "hour": 12, "length_m": 371.8, "minutes": 4.77, "sun": [ 0.796, 0.507 ] }, "geometry": { "type": "LineString", "coordinates": [ [ -79.9484639, 40.446393 ], [ -79.9485252, 40.4469197 ] ] } },
{ "type": "Feature", "properties": { "persona": "students", "hour": 15, "length_m": 1524.5, "minutes": 19.54, "sun": [ 0.745, 0.745, 0.745, 0.745, 0.745, 0.745, 0.581 ] }, "geometry": { "type": "LineString", "coordinates": [ [ -79.9487845, 40.4443279 ], [ -79.9488859, 40.4443029 ], [ -79.9489721, 40.4442817 ], [ -79.949025, 40.444233 ], [ -79.9493857, 40.4441415 ], [ -79.94947, 40.444156 ], [ -79.9504315, 40.4438999 ] ] } },
{ "type": "Feature", "properties": { "persona": "students", "hour": 12, "length_m": 1016.2, "minutes": 13.03, "sun": [ 0.864, 0.864, 0.864, 1.0 ] }, "geometry": { "type": "LineString", "coordinates": [ [ -79.9533599, 40.443125 ], [ -79.9533346, 40.4431215 ], [ -79.953137, 40.443173699999988 ], [ -79.952222, 40.443417 ] ] } },
{ "type": "Feature", "properties": { "persona": "students", "hour": 8, "length_m": 776.5, "minutes": 9.95, "sun": [ 1.0, 0.844, 0.844 ] }, "geometry": { "type": "LineString", "coordinates": [ [ -79.9675752, 40.4400812 ], [ -79.9661484, 40.4403042 ], [ -79.9661081, 40.4403105 ] ] } },
{ "type": "Feature", "properties": { "persona": "students", "hour": 15, "length_m": 2113.7, "minutes": 27.1, "sun": [ 0.661, 0.427, 0.217 ] }, "geometry": { "type": "LineString", "coordinates": [ [ -79.9572241, 40.4513735 ], [ -79.9588549, 40.4485822 ], [ -79.958993800000016, 40.44839060000001 ] ] } },
{ "type": "Feature", "properties": { "persona": "students", "hour": 15, "length_m": 1046.2, "minutes": 13.41, "sun": [ 1.0, 0.594, 0.594, 0.594, 0.594, 0.594, 0.594, 0.594, 0.594, 0.594, 0.594, 0.594, 0.594, 0.594 ] }, "geometry": { "type": "LineString", "coordinates": [ [ -79.953262, 40.4405105 ], [ -79.9532647, 40.4405269 ], [ -79.9532175, 40.4405777 ], [ -79.9531627, 40.4405884 ], [ -79.9530611, 40.4406204 ], [ -79.9530016, 40.440647 ], [ -79.9529362, 40.4406781 ], [ -79.9528988, 40.4406977 ], [ -79.9528696, 40.4407226 ], [ -79.95284860000001, 40.440736799999989 ], [ -79.9528463, 40.440758099999989 ], [ -79.9528451, 40.4407812 ], [ -79.9529152, 40.4410353 ], [ -79.9529183, 40.441086 ] ] } },
{ "type": "Feature", "properties": { "persona": "students", "hour": 8, "length_m": 915.0, "minutes": 11.73, "sun": [ 0.417, 0.35, 0.324 ] }, "geometry": { "type": "LineString", "coordinates": [ [ -79.9423507, 40.4473544 ], [ -79.9421602, 40.446039499999983 ], [ -79.9421608, 40.4460022 ] ] } },
{ "type": "Feature", "properties": { "persona": "students", "hour": 8, "length_m": 671.5, "minutes": 8.61, "sun": [ 0.01, 0.075, 0.062, 0.062 ] }, "geometry": { "type": "LineString", "coordinates": [ [ -79.9650468, 40.4432576 ], [ -79.9650347, 40.4432434 ], [ -79.9638793, 40.4425963 ], [ -79.9638454, 40.4425784 ] ] } },
{ "type": "Feature", "properties": { "persona": "students", "hour": 15, "length_m": 2081.2, "minutes": 26.68, "sun": [ 0.788, 0.861, 0.861, 0.48, 0.48, 0.48, 0.48, 0.67, 0.67, 0.67, 0.67, 0.67, 0.67, 0.618, 0.618, 0.618, 0.618, 0.618, 0.618, 0.618, 0.618, 0.618, 1.0 ] }, "geometry": { "type": "LineString", "coordinates": [ [ -79.9647197, 40.4487879 ], [ -79.964732, 40.4487632 ], [ -79.9647361, 40.4487356 ], [ -79.9647115, 40.4486664 ], [ -79.964693, 40.4486071 ], [ -79.9647115, 40.4485504 ], [ -79.9647415, 40.4485041 ], [ -79.9654595, 40.4479757 ], [ -79.9655326, 40.44789810000001 ], [ -79.9655668, 40.447855 ], [ -79.9655982, 40.4478024 ], [ -79.9657154, 40.4474679 ], [ -79.9657708, 40.4472998 ], [ -79.965805, 40.4471911 ], [ -79.965822, 40.4471027 ], [ -79.965833, 40.4469996 ], [ -79.9658391, 40.446906 ], [ -79.965837800000017, 40.4468082 ], [ -79.9658282, 40.4467156 ], [ -79.9657995, 40.4465418 ], [ -79.9657634, 40.446435799999989 ], [ -79.9657483, 40.4463881 ], [ -79.965741, 40.4463709 ] ] } },
{ "type": "Feature", "properties": { "persona": "students", "hour": 15, "length_m": 1073.0, "minutes": 13.76, "sun": [ 1.0, 0.714, 0.714 ] }, "geometry": { "type": "LineString", "coordinates": [ [ -79.9548731, 40.437119100000011 ], [ -79.9539595, 40.438017 ], [ -79.9539409, 40.4380245 ] ] } },
{ "type": "Feature", "properties": { "persona": "students", "hour": 12, "length_m": 1268.1, "minutes": 16.26, "sun": [ 0.121, 0.121, 0.121, 0.121, 0.121, 0.121, 0.121, 0.121, 0.121, 0.78, 0.78, 0.78, 0.78, 0.78, 0.78, 0.667 ] }, "geometry": { "type": "LineString", "coordinates": [ [ -79.9449993, 40.443607 ], [ -79.9449734, 40.443535 ], [ -79.9449719, 40.4435157 ], [ -79.9449757, 40.443491 ], [ -79.9450407, 40.4433661 ], [ -79.9450377, 40.4433173 ], [ -79.9449694, 40.4432741 ], [ -79.9448886, 40.443264 ], [ -79.9444463, 40.4431362 ], [ -79.9441132, 40.4431804 ], [ -79.9440763, 40.4431785 ], [ -79.9440397, 40.4431672 ], [ -79.9440171, 40.443152 ], [ -79.9439965, 40.4431278 ], [ -79.9439909, 40.4431007 ], [ -79.9440016, 40.44304360000001 ] ] } },
{ "type": "Feature", "properties": { "persona": "students", "hour": 15, "length_m": 1086.5, "minutes": 13.93, "sun": [ 1.0, 1.0, 0.2 ] }, "geometry": { "type": "LineString", "coordinates": [ [ -79.9626966, 40.4419705 ], [ -79.9626548, 40.4419503 ], [ -79.9615836, 40.4413736 ] ] } },
{ "type": "Feature", "properties": { "persona": "students", "hour": 15, "length_m": 542.9, "minutes": 6.96, "sun": [ 0.929, 0.37, 0.37, 0.37, 0.935, 0.935, 0.935, 0.935, 0.935, 0.935, 0.935, 0.935, 0.935 ] }, "geometry": { "type": "LineString", "coordinates": [ [ -79.9507697, 40.4468993 ], [ -79.9508013, 40.4468934 ], [ -79.9510854, 40.4468791 ], [ -79.9512321, 40.446872 ], [ -79.9513145, 40.4468597 ], [ -79.9514095, 40.4468416 ], [ -79.9515169, 40.446815 ], [ -79.9515855, 40.4467941 ], [ -79.9516349, 40.4467765 ], [ -79.9517354, 40.4467314 ], [ -79.9517916, 40.4467095 ], [ -79.9518128, 40.4467043 ], [ -79.9518246, 40.4467047 ] ] } },
{ "type": "Feature", "properties": { "persona": "students", "hour": 18, "length_m": 1513.7, "minutes": 19.41, "sun": [ 1.0, 0.855, 0.079, 0.079, 0.297 ] }, "geometry": { "type": "LineString", "coordinates": [ [ -79.9539738, 40.4525188 ], [ -79.9537782, 40.4521996 ], [ -79.9536723, 40.4520269 ], [ -79.9534165, 40.451609500000011 ], [ -79.9533825, 40.451554 ] ] } },
{ "type": "Feature", "properties": { "persona": "students", "hour": 12, "length_m": 478.0, "minutes": 6.13, "sun": [ 0.638, 0.638, 0.638, 0.638, 0.638, 0.638, 0.638, 0.837, 0.837 ] }, "geometry": { "type": "LineString", "coordinates": [ [ -79.9531685, 40.4489237 ], [ -79.9530565, 40.4486792 ], [ -79.9530804, 40.4486177 ], [ -79.9532897, 40.448478 ], [ -79.9534586, 40.4484235 ], [ -79.9536387, 40.4484092 ], [ -79.953813, 40.4485115 ], [ -79.9541509, 40.448777 ], [ -79.9541677, 40.4488701 ] ] } },
{ "type": "Feature", "properties": { "persona": "students", "hour": 12, "length_m": 3046.7, "minutes": 39.06, "sun": [ 0.915, 0.261, 0.3 ] }, "geometry": { "type": "LineString", "coordinates": [ [ -79.9572241, 40.4513735 ], [ -79.9588549, 40.4485822 ], [ -79.958993800000016, 40.44839060000001 ] ] } },
{ "type": "Feature", "properties": { "persona": "students", "hour": 12, "length_m": 1441.5, "minutes": 18.48, "sun": [ 0.638, 0.638, 0.638, 0.638, 0.638, 0.638, 0.638, 0.837, 0.837 ] }, "geometry": { "type": "LineString", "coordinates": [ [ -79.9531685, 40.4489237 ], [ -79.9530565, 40.4486792 ], [ -79.9530804, 40.4486177 ], [ -79.9532897, 40.448478 ], [ -79.9534586, 40.4484235 ], [ -79.9536387, 40.4484092 ], [ -79.953813, 40.4485115 ], [ -79.9541509, 40.448777 ], [ -79.9541677, 40.4488701 ] ] } },
{ "type": "Feature", "properties": { "persona": "students", "hour": 15, "length_m": 1803.2, "minutes": 23.12, "sun": [ 0.861, 1.0, 0.768 ] }, "geometry": { "type": "LineString", "coordinates": [ [ -79.9523648, 40.4397574 ], [ -79.953518, 40.440402 ], [ -79.9535229, 40.440414399999987 ] ] } },
{ "type": "Feature", "properties": { "persona": "students", "hour": 8, "length_m": 2164.4, "minutes": 27.75, "sun": [ 0.0, 0.613, 0.0 ] }, "geometry": { "type": "LineString", "coordinates": [ [ -79.9621893, 40.4428143 ], [ -79.9621182, 40.442774 ], [ -79.9628706, 40.4420541 ] ] } },
{ "type": "Feature", "properties": { "persona": "students", "hour": 12, "length_m": 1778.4, "minutes": 22.8, "sun": [ 0.728, 0.728, 0.728, 0.728, 0.728, 0.728, 0.369 ] }, "geometry": { "type": "LineString", "coordinates": [ [ -79.9487845, 40.4443279 ], [ -79.9488859, 40.4443029 ], [ -79.9489721, 40.4442817 ], [ -79.949025, 40.444233 ], [ -79.9493857, 40.4441415 ], [ -79.94947, 40.444156 ], [ -79.9504315, 40.4438999 ] ] } },
{ "type": "Feature", "properties": { "persona": "students", "hour": 8, "length_m": 417.4, "minutes": 5.35, "sun": [ 0.742, 0.168, 0.876 ] }, "geometry": { "type": "LineString", "coordinates": [ [ -79.9523648, 40.4397574 ], [ -79.953518, 40.440402 ], [ -79.9535229, 40.440414399999987 ] ] } },
{ "type": "Feature", "properties": { "persona": "students", "hour": 15, "length_m": 1958.9, "minutes": 25.11, "sun": [ 0.249, 0.249, 0.249, 0.249, 0.249, 0.249, 0.249, 0.249, 0.249, 0.717, 0.717, 0.717, 0.717, 0.717, 0.717, 0.815 ] }, "geometry": { "type": "LineString", "coordinates": [ [ -79.9449993, 40.443607 ], [ -79.9449734, 40.443535 ], [ -79.9449719, 40.4435157 ], [ -79.9449757, 40.443491 ], [ -79.9450407, 40.4433661 ], [ -79.9450377, 40.4433173 ], [ -79.9449694, 40.4432741 ], [ -79.9448886, 40.443264 ], [ -79.9444463, 40.4431362 ], [ -79.9441132, 40.4431804 ], [ -79.9440763, 40.4431785 ], [ -79.9440397, 40.4431672 ], [ -79.9440171, 40.443152 ], [ -79.9439965, 40.4431278 ], [ -79.9439909, 40.4431007 ], [ -79.9440016, 40.44304360000001 ] ] } },
{ "type": "Feature", "properties": { "persona": "students", "hour": 8, "length_m": 2011.5, "minutes": 25.79, "sun": [ 0.0, 0.0, 0.0, 0.194, 0.194, 0.194, 0.411 ] }, "geometry": { "type": "LineString", "coordinates": [ [ -79.9628664, 40.4448068 ], [ -79.962841, 40.4448322 ], [ -79.9626818, 40.4447452 ], [ -79.9616537, 40.4441842 ], [ -79.9614891, 40.4440856 ], [ -79.9612298, 40.4439394 ], [ -79.961223, 40.4439346 ] ] } },
{ "type": "Feature", "properties": { "persona": "students", "hour": 12, "length_m": 1288.1, "minutes": 16.51, "sun": [ 0.847, 0.847, 0.847, 0.762, 0.762, 0.762, 0.762, 0.762, 0.762, 0.762, 0.456, 0.456, 0.935 ] }, "geometry": { "type": "LineString", "coordinates": [ [ -79.943089, 40.4508121 ], [ -79.9430764, 40.4507975 ], [ -79.9429739, 40.4502235 ], [ -79.9429301, 40.4499236 ], [ -79.9429069, 40.4497995 ], [ -79.9428777, 40.4496571 ], [ -79.942861, 40.4495715 ], [ -79.9428375, 40.4494515 ], [ -79.9427985, 40.4492392 ], [ -79.9427877, 40.4491863 ], [ -79.942748400000013, 40.4490009 ], [ -79.9427125, 40.4486861 ], [ -79.9426896, 40.4485192 ] ] } },
{ "type": "Feature", "properties": { "persona": "students", "hour": 15, "length_m": 904.1, "minutes": 11.59, "sun": [ 0.522, 0.48, 0.48, 0.48, 0.48, 0.376, 0.376, 0.376, 0.722 ] }, "geometry": { "type": "LineString", "coordinates": [ [ -79.9501789, 40.4417609 ], [ -79.9500864, 40.4417078 ], [ -79.9500272, 40.4416781 ], [ -79.949818, 40.44154 ], [ -79.9493535, 40.4412567 ], [ -79.9487754, 40.4409515 ], [ -79.9485015, 40.4408225 ], [ -79.9484526, 40.4407805 ], [ -79.9483142, 40.4406941 ] ] } },
{ "type": "Feature", "properties": { "persona": "students", "hour": 15, "length_m": 1094.3, "minutes": 14.03, "sun": [ 0.743, 0.743, 0.743, 0.535, 0.535, 1.0 ] }, "geometry": { "type": "LineString", "coordinates": [ [ -79.9539471, 40.438208699999983 ], [ -79.9539628, 40.4382146 ], [ -79.9542801, 40.4384696 ], [ -79.9547919, 40.4388828 ], [ -79.9554192, 40.4393998 ], [ -79.9557525, 40.4396649 ] ] } },
{ "type": "Feature", "properties": { "persona": "students", "hour": 18, "length_m": 1345.0, "minutes": 17.24, "sun": [ 0.272, 0.486, 0.486, 0.486, 0.601 ] }, "geometry": { "type": "LineString", "coordinates": [ [ -79.9550692, 40.4371018 ], [ -79.9550704, 40.4371056 ], [ -79.9550728, 40.4371088 ], [ -79.9557343, 40.4376418 ], [ -79.9561739, 40.4379994 ] ] } },
{ "type": "Feature", "properties": { "persona": "students", "hour": 18, "length_m": 1507.3, "minutes": 19.32, "sun": [ 0.717, 0.37, 0.37, 0.37, 0.37, 0.37, 0.15, 0.15, 0.15, 0.15, 0.15, 0.15, 0.15, 0.15, 0.15, 0.15, 0.09 ] }, "geometry": { "type": "LineString", "coordinates": [ [ -79.955669, 40.4492013 ], [ -79.9556784, 40.4491964 ], [ -79.955698600000019, 40.449188199999988 ], [ -79.9557167, 40.4491821 ], [ -79.95576490000002, 40.4491581 ], [ -79.9558246, 40.4491234 ], [ -79.9581441, 40.4474436 ], [ -79.9581799, 40.4474048 ], [ -79.9582088, 40.4473627 ], [ -79.9582249, 40.4473219 ], [ -79.9582316, 40.4472795 ], [ -79.9582352, 40.4472418 ], [ -79.9582245, 40.4471928 ], [ -79.9582101, 40.4471514 ], [ -79.9581947, 40.4471234 ], [ -79.9581682, 40.4470905 ], [ -79.9574184, 40.4464838 ] ] } },
{ "type": "Feature", "properties": { "persona": "students", "hour": 18, "length_m": 2148.7, "minutes": 27.55, "sun": [ 0.587, 0.081, 0.403, 0.403, 0.62, 0.855 ] }, "geometry": { "type": "LineString", "coordinates": [ [ -79.9473367, 40.443664400000017 ], [ -79.9476114, 40.4432475 ], [ -79.9480412, 40.442764 ], [ -79.9482233, 40.4425783 ], [ -79.948681800000017, 40.4421106 ], [ -79.9490145, 40.4416448 ] ] } },
{ "type": "Feature", "properties": { "persona": "students", "hour": 15, "length_m": 1007.6, "minutes": 12.92, "sun": [ 1.0, 0.524, 0.524, 0.524, 0.133, 0.133, 0.133, 0.133, 0.205 ] }, "geometry": { "type": "LineString", "coordinates": [ [ -79.9565843, 40.4432827 ], [ -79.956567, 40.443287 ], [ -79.9565432, 40.4433054 ], [ -79.9561961, 40.4435739 ], [ -79.9558708, 40.4438029 ], [ -79.9558636, 40.4438246 ], [ -79.9558663, 40.4438376 ], [ -79.9558739, 40.4438507 ], [ -79.9558755, 40.443852 ] ] } },
{ "type": "Feature", "properties": { "persona": "students", "hour": 8, "length_m": 1738.6, "minutes": 22.29, "sun": [ 0.196, 0.177, 0.177, 0.173, 0.173, 0.173, 0.173, 0.173, 0.173, 0.173, 0.173, 0.173, 0.173, 0.173, 0.173, 0.231 ] }, "geometry": { "type": "LineString", "coordinates": [ [ -79.957452700000019, 40.4477947 ], [ -79.9574722, 40.4477931 ], [ -79.9574836, 40.4477885 ], [ -79.957956, 40.4474423 ], [ -79.958023700000012, 40.4473908 ], [ -79.9580502, 40.4473709 ], [ -79.9580733, 40.4473451 ], [ -79.9580874, 40.4473219 ], [ -79.9580995, 40.4472979 ], [ -79.9581052, 40.4472726 ], [ -79.9581032, 40.4472379 ], [ -79.9580971, 40.4472058 ], [ -79.9580897, 40.4471859 ], [ -79.9580703, 40.4471604 ], [ -79.9580555, 40.447143 ], [ -79.9569644, 40.4462614 ] ] } },
{ "type": "Feature", "properties": { "persona": "students", "hour": 12, "length_m": 1900.2, "minutes": 24.36, "sun": [ 0.35, 0.796 ] }, "geometry": { "type": "LineString", "coordinates": [ [ -79.9453201, 40.45134250000001 ], [ -79.9434087, 40.451730499999989 ] ] } },
{ "type": "Feature", "properties": { "persona": "students", "hour": 12, "length_m": 1445.9, "minutes": 18.54, "sun": [ 1.0, 0.792, 0.792, 0.792, 1.0, 1.0 ] }, "geometry": { "type": "LineString", "coordinates": [ [ -79.9520898, 40.4377335 ], [ -79.9519065, 40.4381734 ], [ -79.9518988, 40.4381914 ], [ -79.9516731, 40.43871570000001 ], [ -79.9515356, 40.4390444 ], [ -79.9514843, 40.43916930000001 ] ] } },
{ "type": "Feature", "properties": { "persona": "students", "hour": 12, "length_m": 1386.0, "minutes": 17.77, "sun": [ 0.928, 0.429, 0.429, 0.429, 0.429, 0.429, 0.874, 0.874 ] }, "geometry": { "type": "LineString", "coordinates": [ [ -79.9650853, 40.4449948 ], [ -79.9650696, 40.4450701 ], [ -79.9650629, 40.4451334 ], [ -79.96506620000001, 40.4452018 ], [ -79.9650853, 40.44526170000001 ], [ -79.9651191, 40.4453267 ], [ -79.9656845, 40.4462411 ], [ -79.9657139, 40.4463085 ] ] } },
{ "type": "Feature", "properties": { "persona": "students", "hour": 12, "length_m": 1422.0, "minutes": 18.23, "sun": [ 0.358, 0.474, 0.474, 0.474, 0.474, 0.474, 0.474, 0.474, 0.328 ] }, "geometry": { "type": "LineString", "coordinates": [ [ -79.944417300000012, 40.4472174 ], [ -79.9444052, 40.446616699999986 ], [ -79.9444018, 40.446448599999982 ], [ -79.9444002, 40.4463685 ], [ -79.9443426, 40.4463225 ], [ -79.9443164, 40.4462843 ], [ -79.9443057, 40.4462338 ], [ -79.9443104, 40.4462021 ], [ -79.9443153, 40.4461149 ] ] } },
{ "type": "Feature", "properties": { "persona": "students", "hour": 15, "length_m": 2455.0, "minutes": 31.47, "sun": [ 1.0, 1.0, 0.2 ] }, "geometry": { "type": "LineString", "coordinates": [ [ -79.9626966, 40.4419705 ], [ -79.9626548, 40.4419503 ], [ -79.9615836, 40.4413736 ] ] } },
{ "type": "Feature", "properties": { "persona": "students", "hour": 8, "length_m": 1849.9, "minutes": 23.72, "sun": [ 0.125, 0.125, 0.186 ] }, "geometry": { "type": "LineString", "coordinates": [ [ -79.9519858, 40.4463099 ], [ -79.9520006, 40.446305099999989 ], [ -79.9529899, 40.4455809 ] ] } },
{ "type": "Feature", "properties": { "persona": "students", "hour": 8, "length_m": 1385.5, "minutes": 17.76, "sun": [ 0.061, 0.319, 0.319, 0.319 ] }, "geometry": { "type": "LineString", "coordinates": [ [ -79.950608, 40.4497436 ], [ -79.9496147, 40.4481446 ], [ -79.9495496, 40.4480399 ], [ -79.9495439, 40.4480305 ] ] } },
{ "type": "Feature", "properties": { "persona": "students", "hour": 8, "length_m": 433.8, "minutes": 5.56, "sun": [ 0.155, 0.363, 0.251 ] }, "geometry": { "type": "LineString", "coordinates": [ [ -79.9517411, 40.4489909 ], [ -79.9517372, 40.4489962 ], [ -79.9509184, 40.4495875 ] ] } },
{ "type": "Feature", "properties": { "persona": "students", "hour": 15, "length_m": 578.3, "minutes": 7.41, "sun": [ 0.948, 0.948, 0.179 ] }, "geometry": { "type": "LineString", "coordinates": [ [ -79.9555263, 40.4462388 ], [ -79.9555122, 40.4462321 ], [ -79.9545661, 40.445469 ] ] } },
{ "type": "Feature", "properties": { "persona": "students", "hour": 18, "length_m": 1268.1, "minutes": 16.26, "sun": [ 0.051, 0.051, 0.051, 0.051, 0.051, 0.051, 0.051, 0.051, 0.051, 0.442, 0.442, 0.442, 0.442, 0.442, 0.442, 0.778 ] }, "geometry": { "type": "LineString", "coordinates": [ [ -79.9449993, 40.443607 ], [ -79.9449734, 40.443535 ], [ -79.9449719, 40.4435157 ], [ -79.9449757, 40.443491 ], [ -79.9450407, 40.4433661 ], [ -79.9450377, 40.4433173 ], [ -79.9449694, 40.4432741 ], [ -79.9448886, 40.443264 ], [ -79.9444463, 40.4431362 ], [ -79.9441132, 40.4431804 ], [ -79.9440763, 40.4431785 ], [ -79.9440397, 40.4431672 ], [ -79.9440171, 40.443152 ], [ -79.9439965, 40.4431278 ], [ -79.9439909, 40.4431007 ], [ -79.9440016, 40.44304360000001 ] ] } },
{ "type": "Feature", "properties": { "persona": "students", "hour": 12, "length_m": 198.0, "minutes": 2.54, "sun": [ 1.0, 0.95, 0.95, 0.95, 1.0 ] }, "geometry": { "type": "LineString", "coordinates": [ [ -79.9508414, 40.4474521 ], [ -79.9505923, 40.44703830000001 ], [ -79.9505399, 40.4469618 ], [ -79.9505096, 40.4469351 ], [ -79.9504913, 40.4469255 ] ] } },
{ "type": "Feature", "properties": { "persona": "students", "hour": 12, "length_m": 1705.6, "minutes": 21.87, "sun": [ 0.362, 0.861, 0.861, 0.861, 0.861, 0.636, 0.636, 0.636, 0.722 ] }, "geometry": { "type": "LineString", "coordinates": [ [ -79.9501789, 40.4417609 ], [ -79.9500864, 40.4417078 ], [ -79.9500272, 40.4416781 ], [ -79.949818, 40.44154 ], [ -79.9493535, 40.4412567 ], [ -79.9487754, 40.4409515 ], [ -79.9485015, 40.4408225 ], [ -79.9484526, 40.4407805 ], [ -79.9483142, 40.4406941 ] ] } },
{ "type": "Feature", "properties": { "persona": "students", "hour": 12, "length_m": 1955.9, "minutes": 25.08, "sun": [ 1.0, 0.948, 0.722 ] }, "geometry": { "type": "LineString", "coordinates": [ [ -79.9523648, 40.4397574 ], [ -79.953518, 40.440402 ], [ -79.9535229, 40.440414399999987 ] ] } },
{ "type": "Feature", "properties": { "persona": "students", "hour": 12, "length_m": 1336.3, "minutes": 17.13, "sun": [ 0.822, 0.887, 0.887, 0.887, 1.0, 1.0, 1.0, 1.0, 1.0, 0.592 ] }, "geometry": { "type": "LineString", "coordinates": [ [ -79.9454544, 40.447284199999977 ], [ -79.9456077, 40.4473001 ], [ -79.9460057, 40.4472734 ], [ -79.9461254, 40.4472566 ], [ -79.9465455, 40.4472235 ], [ -79.9469573, 40.4471932 ], [ -79.9469794, 40.4471712 ], [ -79.9471574, 40.4471583 ], [ -79.9472162, 40.4471541 ], [ -79.9472238, 40.4471554 ] ] } },
{ "type": "Feature", "properties": { "persona": "students", "hour": 18, "length_m": 1533.7, "minutes": 19.66, "sun": [ 0.593, 0.593, 0.0 ] }, "geometry": { "type": "LineString", "coordinates": [ [ -79.9626966, 40.4419705 ], [ -79.9626548, 40.4419503 ], [ -79.9615836, 40.4413736 ] ] } },
{ "type": "Feature", "properties": { "persona": "students", "hour": 12, "length_m": 2189.3, "minutes": 28.07, "sun": [ 0.929, 0.774, 0.774, 0.237, 0.237, 0.237, 0.237, 0.219, 0.219, 0.219, 0.219, 0.219, 0.219, 0.306, 0.306, 0.306, 0.306, 0.306, 0.306, 0.306, 0.306, 0.306, 0.874 ] }, "geometry": { "type": "LineString", "coordinates": [ [ -79.9647197, 40.4487879 ], [ -79.964732, 40.4487632 ], [ -79.9647361, 40.4487356 ], [ -79.9647115, 40.4486664 ], [ -79.964693, 40.4486071 ], [ -79.9647115, 40.4485504 ], [ -79.9647415, 40.4485041 ], [ -79.9654595, 40.4479757 ], [ -79.9655326, 40.44789810000001 ], [ -79.9655668, 40.447855 ], [ -79.9655982, 40.4478024 ], [ -79.9657154, 40.4474679 ], [ -79.9657708, 40.4472998 ], [ -79.965805, 40.4471911 ], [ -79.965822, 40.4471027 ], [ -79.965833, 40.4469996 ], [ -79.9658391, 40.446906 ], [ -79.965837800000017, 40.4468082 ], [ -79.9658282, 40.4467156 ], [ -79.9657995, 40.4465418 ], [ -79.9657634, 40.446435799999989 ], [ -79.9657483, 40.4463881 ], [ -79.965741, 40.4463709 ] ] } },
{ "type": "Feature", "properties": { "persona": "students", "hour": 12, "length_m": 1192.4, "minutes": 15.29, "sun": [ 0.706, 0.706, 0.706, 0.706, 0.706, 0.706, 0.591, 0.591, 0.591, 0.591 ] }, "geometry": { "type": "LineString", "coordinates": [ [ -79.9451211, 40.4505001 ], [ -79.9451238, 40.450490599999988 ], [ -79.945148, 40.450469 ], [ -79.9451753, 40.4504556 ], [ -79.9452665, 40.4503814 ], [ -79.9454693, 40.450184 ], [ -79.945956, 40.4497106 ], [ -79.946079, 40.449601400000013 ], [ -79.946359, 40.449328 ], [ -79.9464022, 40.449287299999988 ] ] } },
{ "type": "Feature", "properties": { "persona": "older_adults", "hour": 12, "length_m": 658.1, "minutes": 12.19, "sun": [ 0.719, 0.638 ] }, "geometry": { "type": "LineString", "coordinates": [ [ -79.9559837, 40.4369034 ], [ -79.9573485, 40.4380082 ] ] } },
{ "type": "Feature", "properties": { "persona": "older_adults", "hour": 12, "length_m": 1507.6, "minutes": 27.92, "sun": [ 0.754, 1.0, 1.0, 0.949, 0.949, 0.949, 1.0 ] }, "geometry": { "type": "LineString", "coordinates": [ [ -79.9612448, 40.4459905 ], [ -79.9612878, 40.44601380000001 ], [ -79.9622909, 40.4462494 ], [ -79.9638267, 40.446633 ], [ -79.9638638, 40.446725 ], [ -79.9638619, 40.4467855 ], [ -79.9637423, 40.4469439 ] ] } },
{ "type": "Feature", "properties": { "persona": "older_adults", "hour": 15, "length_m": 954.4, "minutes": 17.67, "sun": [ 0.452, 0.452, 0.452, 0.111, 0.111, 0.396, 0.396 ] }, "geometry": { "type": "LineString", "coordinates": [ [ -79.9602546, 40.4375735 ], [ -79.96023550000001, 40.4375733 ], [ -79.9602161, 40.4375662 ], [ -79.9595556, 40.4370277 ], [ -79.9592203, 40.4367582 ], [ -79.9586476, 40.436305 ], [ -79.9585389, 40.4362071 ] ] } },
{ "type": "Feature", "properties": { "persona": "older_adults", "hour": 12, "length_m": 1016.4, "minutes": 18.82, "sun": [ 0.643, 0.286, 0.286, 0.286, 0.286, 0.773 ] }, "geometry": { "type": "LineString", "coordinates": [ [ -79.957478400000014, 40.4490405 ], [ -79.9552166, 40.4506183 ], [ -79.9551876, 40.4506392 ], [ -79.9551666, 40.4506486 ], [ -79.9551526, 40.4506521 ], [ -79.9551469, 40.4506521 ] ] } },
{ "type": "Feature", "properties": { "persona": "older_adults", "hour": 8, "length_m": 470.6, "minutes": 8.71, "sun": [ 0.057, 0.057, 0.187 ] }, "geometry": { "type": "LineString", "coordinates": [ [ -79.9546038, 40.439729 ], [ -79.9547257, 40.4398268 ], [ -79.9550245, 40.44007 ] ] } },
{ "type": "Feature", "properties": { "persona": "older_adults", "hour": 12, "length_m": 946.4, "minutes": 17.53, "sun": [ 0.809, 0.74, 0.702, 0.702, 0.702, 0.702, 0.702, 0.702, 1.0 ] }, "geometry": { "type": "LineString", "coordinates": [ [ -79.9654818, 40.4402945 ], [ -79.9648091, 40.4403998 ], [ -79.9644737, 40.4404465 ], [ -79.9643785, 40.4404603 ], [ -79.9643349, 40.4404679 ], [ -79.9643067, 40.4404776 ], [ -79.964286, 40.4404904 ], [ -79.9640704, 40.4406915 ], [ -79.9640412, 40.440720399999989 ] ] } },
{ "type": "Feature", "properties": { "persona": "older_adults", "hour": 15, "length_m": 523.5, "minutes": 9.69, "sun": [ 0.439, 0.439, 0.439, 0.439, 0.439, 0.439, 0.439 ] }, "geometry": { "type": "LineString", "coordinates": [ [ -79.9425496, 40.453217 ], [ -79.9423098, 40.4535225 ], [ -79.9423033, 40.4535597 ], [ -79.9423228, 40.4536069 ], [ -79.942406, 40.4536342 ], [ -79.9424077, 40.453705 ], [ -79.9425886, 40.453951 ] ] } },
{ "type": "Feature", "properties": { "persona": "older_adults", "hour": 15, "length_m": 647.8, "minutes": 12.0, "sun": [ 0.831, 1.0 ] }, "geometry": { "type": "LineString", "coordinates": [ [ -79.9517487, 40.4525788 ], [ -79.9525723, 40.4539547 ] ] } },
{ "type": "Feature", "properties": { "persona": "older_adults", "hour": 15, "length_m": 839.9, "minutes": 15.55, "sun": [ 0.816, 0.778, 1.0 ] }, "geometry": { "type": "LineString", "coordinates": [ [ -79.9597539, 40.4396461 ], [ -79.9612115, 40.4385871 ], [ -79.9612346, 40.4385726 ] ] } },
{ "type": "Feature", "properties": { "persona": "older_adults", "hour": 18, "length_m": 739.4, "minutes": 13.69, "sun": [ 0.15, 0.235, 0.323, 0.323, 0.323 ] }, "geometry": { "type": "LineString", "coordinates": [ [ -79.9455237, 40.4514305 ], [ -79.9455251, 40.4514387 ], [ -79.945911400000014, 40.4523309 ], [ -79.9459415, 40.4523991 ], [ -79.945951, 40.4524039 ] ] } },
{ "type": "Feature", "properties": { "persona": "older_adults", "hour": 15, "length_m": 678.4, "minutes": 12.56, "sun": [ 0.88, 0.88, 0.88, 0.287, 0.287, 0.287, 0.287, 1.0 ] }, "geometry": { "type": "LineString", "coordinates": [ [ -79.9570964, 40.4415721 ], [ -79.9570955, 40.4415818 ], [ -79.9571007, 40.4415907 ], [ -79.9572061, 40.441675600000011 ], [ -79.9574807, 40.4418992 ], [ -79.9577615, 40.4421219 ], [ -79.9577798, 40.4421268 ], [ -79.9577982, 40.4421281 ] ] } },
{ "type": "Feature", "properties": { "persona": "older_adults", "hour": 18, "length_m": 608.1, "minutes": 11.26, "sun": [ 0.217, 0.217, 0.018, 0.018, 0.471, 0.471, 0.471 ] }, "geometry": { "type": "LineString", "coordinates": [ [ -79.9585389, 40.4362071 ], [ -79.9586476, 40.436305 ], [ -79.9592203, 40.4367582 ], [ -79.9595556, 40.4370277 ], [ -79.9602161, 40.4375662 ], [ -79.96023550000001, 40.4375733 ], [ -79.9602546, 40.4375735 ] ] } },
{ "type": "Feature", "properties": { "persona": "older_adults", "hour": 12, "length_m": 1126.2, "minutes": 20.86, "sun": [ 1.0, 0.334, 0.334, 0.367, 0.939 ] }, "geometry": { "type": "LineString", "coordinates": [ [ -79.9494364, 40.454013 ], [ -79.949507200000014, 40.4540016 ], [ -79.9497649, 40.4539941 ], [ -79.9509752, 40.4539721 ], [ -79.9517364, 40.453966499999986 ] ] } },
{ "type": "Feature", "properties": { "persona": "older_adults", "hour": 12, "length_m": 718.5, "minutes": 13.31, "sun": [ 0.735, 0.664, 0.328 ] }, "geometry": { "type": "LineString", "coordinates": [ [ -79.9511364, 40.452769600000011 ], [ -79.951431, 40.4532359 ], [ -79.951879, 40.4539448 ] ] } },
{ "type": "Feature", "properties": { "persona": "older_adults", "hour": 8, "length_m": 627.0, "minutes": 11.61, "sun": [ 1.0, 0.92, 0.92, 0.92, 0.92 ] }, "geometry": { "type": "LineString", "coordinates": [ [ -79.9572217, 40.438837200000016 ], [ -79.9572221, 40.4388406 ], [ -79.957224, 40.4388441 ], [ -79.957871, 40.439369 ], [ -79.9579249, 40.439412 ] ] } },
{ "type": "Feature", "properties": { "persona": "older_adults", "hour": 18, "length_m": 532.1, "minutes": 9.85, "sun": [ 0.729, 0.741, 0.707 ] }, "geometry": { "type": "LineString", "coordinates": [ [ -79.952328200000011, 40.4523777 ], [ -79.9527111, 40.4529886 ], [ -79.9530127, 40.4534699 ] ] } },
{ "type": "Feature", "properties": { "persona": "older_adults", "hour": 12, "length_m": 877.1, "minutes": 16.24, "sun": [ 0.606, 0.476 ] }, "geometry": { "type": "LineString", "coordinates": [ [ -79.9510271, 40.4404108 ], [ -79.9524425, 40.4404198 ] ] } },
{ "type": "Feature", "properties": { "persona": "older_adults", "hour": 18, "length_m": 296.2, "minutes": 5.49, "sun": [ 0.0, 0.339, 0.339, 0.339, 0.339, 0.869 ] }, "geometry": { "type": "LineString", "coordinates": [ [ -79.9494247, 40.4475094 ], [ -79.9491842, 40.4471166 ], [ -79.9491829, 40.4470897 ], [ -79.9491868, 40.4470664 ], [ -79.9491966, 40.4470529 ], [ -79.9492118, 40.447039 ] ] } },
{ "type": "Feature", "properties": { "persona": "older_adults", "hour": 12, "length_m": 722.2, "minutes": 13.37, "sun": [ 0.143, 0.143, 0.143 ] }, "geometry": { "type": "LineString", "coordinates": [ [ -79.9606895, 40.4418226 ], [ -79.9603764, 40.4421656 ], [ -79.959927, 40.442659 ] ] } },
{ "type": "Feature", "properties": { "persona": "older_adults", "hour": 15, "length_m": 531.3, "minutes": 9.84, "sun": [ 0.88, 0.88, 0.88, 0.287, 0.287, 0.287, 0.287, 1.0 ] }, "geometry": { "type": "LineString", "coordinates": [ [ -79.9570964, 40.4415721 ], [ -79.9570955, 40.4415818 ], [ -79.9571007, 40.4415907 ], [ -79.9572061, 40.441675600000011 ], [ -79.9574807, 40.4418992 ], [ -79.9577615, 40.4421219 ], [ -79.9577798, 40.4421268 ], [ -79.9577982, 40.4421281 ] ] } },
{ "type": "Feature", "properties": { "persona": "older_adults", "hour": 12, "length_m": 690.4, "minutes": 12.78, "sun": [ 1.0, 1.0, 1.0 ] }, "geometry": { "type": "LineString", "coordinates": [ [ -79.9558518, 40.4378947 ], [ -79.956743, 40.4386099 ], [ -79.957006, 40.4388199 ] ] } },
{ "type": "Feature", "properties": { "persona": "older_adults", "hour": 12, "length_m": 683.0, "minutes": 12.65, "sun": [ 0.143, 0.143, 0.143 ] }, "geometry": { "type": "LineString", "coordinates": [ [ -79.9606895, 40.4418226 ], [ -79.9603764, 40.4421656 ], [ -79.959927, 40.442659 ] ] } },
{ "type": "Feature", "properties": { "persona": "older_adults", "hour": 12, "length_m": 390.9, "minutes": 7.24, "sun": [ 0.937, 0.893 ] }, "geometry": { "type": "LineString", "coordinates": [ [ -79.9499338, 40.4499764 ], [ -79.9493451, 40.4501487 ] ] } },
{ "type": "Feature", "properties": { "persona": "older_adults", "hour": 15, "length_m": 891.3, "minutes": 16.5, "sun": [ 0.541, 0.983 ] }, "geometry": { "type": "LineString", "coordinates": [ [ -79.9559837, 40.4369034 ], [ -79.9573485, 40.4380082 ] ] } },
{ "type": "Feature", "properties": { "persona": "older_adults", "hour": 12, "length_m": 1047.7, "minutes": 19.4, "sun": [ 1.0, 0.853, 1.0 ] }, "geometry": { "type": "LineString", "coordinates": [ [ -79.947619, 40.4532856 ], [ -79.9482202, 40.4531026 ], [ -79.9488261, 40.4529297 ] ] } },
{ "type": "Feature", "properties": { "persona": "older_adults", "hour": 8, "length_m": 1587.4, "minutes": 29.4, "sun": [ 1.0, 1.0, 1.0, 0.341, 0.341, 0.341, 0.341, 0.063, 0.063, 0.063, 0.063, 0.063, 0.063, 0.088, 0.088, 0.088, 0.088, 0.088, 0.088, 0.088, 0.088, 0.088, 0.0 ] }, "geometry": { "type": "LineString", "coordinates": [ [ -79.9647197, 40.4487879 ], [ -79.964732, 40.4487632 ], [ -79.9647361, 40.4487356 ], [ -79.9647115, 40.4486664 ], [ -79.964693, 40.4486071 ], [ -79.9647115, 40.4485504 ], [ -79.9647415, 40.4485041 ], [ -79.9654595, 40.4479757 ], [ -79.9655326, 40.44789810000001 ], [ -79.9655668, 40.447855 ], [ -79.9655982, 40.4478024 ], [ -79.9657154, 40.4474679 ], [ -79.9657708, 40.4472998 ], [ -79.965805, 40.4471911 ], [ -79.965822, 40.4471027 ], [ -79.965833, 40.4469996 ], [ -79.9658391, 40.446906 ], [ -79.965837800000017, 40.4468082 ], [ -79.9658282, 40.4467156 ], [ -79.9657995, 40.4465418 ], [ -79.9657634, 40.446435799999989 ], [ -79.9657483, 40.4463881 ], [ -79.965741, 40.4463709 ] ] } },
{ "type": "Feature", "properties": { "persona": "older_adults", "hour": 15, "length_m": 1034.2, "minutes": 19.15, "sun": [ 0.861, 1.0, 0.768 ] }, "geometry": { "type": "LineString", "coordinates": [ [ -79.9523648, 40.4397574 ], [ -79.953518, 40.440402 ], [ -79.9535229, 40.440414399999987 ] ] } },
{ "type": "Feature", "properties": { "persona": "older_adults", "hour": 12, "length_m": 1122.3, "minutes": 20.78, "sun": [ 1.0, 0.948, 0.722 ] }, "geometry": { "type": "LineString", "coordinates": [ [ -79.9523648, 40.4397574 ], [ -79.953518, 40.440402 ], [ -79.9535229, 40.440414399999987 ] ] } },
{ "type": "Feature", "properties": { "persona": "older_adults", "hour": 12, "length_m": 2315.6, "minutes": 42.88, "sun": [ 0.929, 0.774, 0.774, 0.237, 0.237, 0.237, 0.237, 0.219, 0.219, 0.219, 0.219, 0.219, 0.219, 0.306, 0.306, 0.306, 0.306, 0.306, 0.306, 0.306, 0.306, 0.306, 0.874 ] }, "geometry": { "type": "LineString", "coordinates": [ [ -79.9647197, 40.4487879 ], [ -79.964732, 40.4487632 ], [ -79.9647361, 40.4487356 ], [ -79.9647115, 40.4486664 ], [ -79.964693, 40.4486071 ], [ -79.9647115, 40.4485504 ], [ -79.9647415, 40.4485041 ], [ -79.9654595, 40.4479757 ], [ -79.9655326, 40.44789810000001 ], [ -79.9655668, 40.447855 ], [ -79.9655982, 40.4478024 ], [ -79.9657154, 40.4474679 ], [ -79.9657708, 40.4472998 ], [ -79.965805, 40.4471911 ], [ -79.965822, 40.4471027 ], [ -79.965833, 40.4469996 ], [ -79.9658391, 40.446906 ], [ -79.965837800000017, 40.4468082 ], [ -79.9658282, 40.4467156 ], [ -79.9657995, 40.4465418 ], [ -79.9657634, 40.446435799999989 ], [ -79.9657483, 40.4463881 ], [ -79.965741, 40.4463709 ] ] } },
{ "type": "Feature", "properties": { "persona": "older_adults", "hour": 15, "length_m": 1210.0, "minutes": 22.41, "sun": [ 0.743, 0.743, 0.743, 0.535, 0.535, 1.0 ] }, "geometry": { "type": "LineString", "coordinates": [ [ -79.9539471, 40.438208699999983 ], [ -79.9539628, 40.4382146 ], [ -79.9542801, 40.4384696 ], [ -79.9547919, 40.4388828 ], [ -79.9554192, 40.4393998 ], [ -79.9557525, 40.4396649 ] ] } },
{ "type": "Feature", "properties": { "persona": "older_adults", "hour": 12, "length_m": 672.5, "minutes": 12.45, "sun": [ 0.945, 0.945, 0.945, 0.945, 0.876, 0.876, 0.876 ] }, "geometry": { "type": "LineString", "coordinates": [ [ -79.9558061, 40.442505 ], [ -79.9561331, 40.4422695 ], [ -79.9563597, 40.4421011 ], [ -79.9563748, 40.4420857 ], [ -79.9563889, 40.4420604 ], [ -79.9564206, 40.4420357 ], [ -79.9564371, 40.4420285 ] ] } },
{ "type": "Feature", "properties": { "persona": "older_adults", "hour": 12, "length_m": 1358.9, "minutes": 25.17, "sun": [ 0.754, 1.0, 1.0, 0.949, 0.949, 0.949, 1.0 ] }, "geometry": { "type": "LineString", "coordinates": [ [ -79.9612448, 40.4459905 ], [ -79.9612878, 40.44601380000001 ], [ -79.9622909, 40.4462494 ], [ -79.9638267, 40.446633 ], [ -79.9638638, 40.446725 ], [ -79.9638619, 40.4467855 ], [ -79.9637423, 40.4469439 ] ] } },
{ "type": "Feature", "properties": { "persona": "older_adults", "hour": 12, "length_m": 990.9, "minutes": 18.35, "sun": [ 1.0, 0.535, 0.649 ] }, "geometry": { "type": "LineString", "coordinates": [ [ -79.9678775, 40.4411323 ], [ -79.966301, 40.4423349 ], [ -79.9662618, 40.4423654 ] ] } },
{ "type": "Feature", "properties": { "persona": "older_adults", "hour": 12, "length_m": 1862.2, "minutes": 34.49, "sun": [ 1.0, 0.633, 0.783, 0.783, 0.783, 0.783, 0.783, 0.783, 0.783, 0.783, 0.783, 0.783, 0.783, 0.267, 0.267, 0.267, 0.267, 0.267, 0.267, 0.267, 0.267, 0.267, 0.267, 0.267, 0.267, 0.552 ] }, "geometry": { "type": "LineString", "coordinates": [ [ -79.958856, 40.4452921 ], [ -79.9586627, 40.4457698 ], [ -79.9584593, 40.4463012 ], [ -79.9584132, 40.446379 ], [ -79.9583361, 40.446448299999986 ], [ -79.9582476, 40.446547099999982 ], [ -79.9582263, 40.4465986 ], [ -79.9582264, 40.4466562 ], [ -79.9582392, 40.446704 ], [ -79.9582638, 40.4467403 ], [ -79.9583191, 40.4467833 ], [ -79.9584018, 40.446816 ], [ -79.9584923, 40.4468248 ], [ -79.958595, 40.446804299999989 ], [ -79.9586438, 40.446769899999985 ], [ -79.9586864, 40.446706 ], [ -79.9587448, 40.4465371 ], [ -79.9587719, 40.4464058 ], [ -79.9587935, 40.4463387 ], [ -79.9588126, 40.4462845 ], [ -79.9588406, 40.4462419 ], [ -79.958893, 40.4462068 ], [ -79.9589537, 40.4461878 ], [ -79.9590359, 40.446194 ], [ -79.959100300000017, 40.4462079 ], [ -79.9591607, 40.4462281 ] ] } },
{ "type": "Feature", "properties": { "persona": "older_adults", "hour": 8, "length_m": 444.1, "minutes": 8.22, "sun": [ 0.0, 0.823, 0.823, 0.823 ] }, "geometry": { "type": "LineString", "coordinates": [ [ -79.9547507, 40.4445772 ], [ -79.9547443, 40.4445804 ], [ -79.9547183, 40.4445998 ], [ -79.9541054, 40.4450574 ] ] } },
{ "type": "Feature", "properties": { "persona": "older_adults", "hour": 12, "length_m": 926.9, "minutes": 17.16, "sun": [ 1.0, 0.913, 0.913 ] }, "geometry": { "type": "LineString", "coordinates": [ [ -79.9675752, 40.4400812 ], [ -79.9661484, 40.4403042 ], [ -79.9661081, 40.4403105 ] ] } },
{ "type": "Feature", "properties": { "persona": "older_adults", "hour": 12, "length_m": 763.3, "minutes": 14.14, "sun": [ 0.679, 0.679, 0.547, 0.547, 0.584, 0.584, 0.584 ] }, "geometry": { "type": "LineString", "coordinates": [ [ -79.9585389, 40.4362071 ], [ -79.9586476, 40.436305 ], [ -79.9592203, 40.4367582 ], [ -79.9595556, 40.4370277 ], [ -79.9602161, 40.4375662 ], [ -79.96023550000001, 40.4375733 ], [ -79.9602546, 40.4375735 ] ] } },
{ "type": "Feature", "properties": { "persona": "older_adults", "hour": 12, "length_m": 527.0, "minutes": 9.76, "sun": [ 0.817, 0.817, 0.817 ] }, "geometry": { "type": "LineString", "coordinates": [ [ -79.9587286, 40.4393059 ], [ -79.9593041, 40.4397684 ], [ -79.9593075, 40.439777 ] ] } },
{ "type": "Feature", "properties": { "persona": "older_adults", "hour": 15, "length_m": 428.9, "minutes": 7.94, "sun": [ 1.0, 1.0, 1.0 ] }, "geometry": { "type": "LineString", "coordinates": [ [ -79.9492432, 40.4531059 ], [ -79.9493274, 40.4532702 ], [ -79.9494364, 40.454013 ] ] } },
{ "type": "Feature", "properties": { "persona": "older_adults", "hour": 8, "length_m": 577.7, "minutes": 10.7, "sun": [ 0.444, 0.181 ] }, "geometry": { "type": "LineString", "coordinates": [ [ -79.9559837, 40.4369034 ], [ -79.9573485, 40.4380082 ] ] } },
{ "type": "Feature", "properties": { "persona": "older_adults", "hour": 18, "length_m": 1109.2, "minutes": 20.54, "sun": [ 0.928, 1.0, 1.0, 0.612, 0.612, 0.612, 0.612, 0.612, 0.742 ] }, "geometry": { "type": "LineString", "coordinates": [ [ -79.9631805, 40.4446132 ], [ -79.9631738, 40.4445788 ], [ -79.9631966, 40.4445341 ], [ -79.9632548, 40.4443802 ], [ -79.9632881, 40.4441397 ], [ -79.9633047, 40.4439783 ], [ -79.9632847, 40.443858 ], [ -79.9632448, 40.443741499999987 ], [ -79.9631691, 40.4436061 ] ] } },
{ "type": "Feature", "properties": { "persona": "older_adults", "hour": 12, "length_m": 422.2, "minutes": 7.82, "sun": [ 0.735, 0.664, 0.328 ] }, "geometry": { "type": "LineString", "coordinates": [ [ -79.9511364, 40.452769600000011 ], [ -79.951431, 40.4532359 ], [ -79.951879, 40.4539448 ] ] } },
{ "type": "Feature", "properties": { "persona": "older_adults", "hour": 15, "length_m": 884.5, "minutes": 16.38, "sun": [ 0.931, 0.809, 0.722, 0.722, 0.722, 0.722, 0.722, 0.722, 1.0 ] }, "geometry": { "type": "LineString", "coordinates": [ [ -79.9654818, 40.4402945 ], [ -79.9648091, 40.4403998 ], [ -79.9644737, 40.4404465 ], [ -79.9643785, 40.4404603 ], [ -79.9643349, 40.4404679 ], [ -79.9643067, 40.4404776 ], [ -79.964286, 40.4404904 ], [ -79.9640704, 40.4406915 ], [ -79.9640412, 40.440720399999989 ] ] } },
{ "type": "Feature", "properties": { "persona": "older_adults", "hour": 15, "length_m": 693.1, "minutes": 12.84, "sun": [ 0.728, 1.0, 1.0, 1.0, 1.0, 1.0, 0.868, 0.868, 0.868, 0.334 ] }, "geometry": { "type": "LineString", "coordinates": [ [ -79.9472238, 40.4471554 ], [ -79.9472162, 40.4471541 ], [ -79.9471574, 40.4471583 ], [ -79.9469794, 40.4471712 ], [ -79.9469573, 40.4471932 ], [ -79.9465455, 40.4472235 ], [ -79.9461254, 40.4472566 ], [ -79.9460057, 40.4472734 ], [ -79.9456077, 40.4473001 ], [ -79.9454544, 40.447284199999977 ] ] } },
{ "type": "Feature", "properties": { "persona": "older_adults", "hour": 15, "length_m": 291.6, "minutes": 5.4, "sun": [ 0.602, 0.617, 0.617 ] }, "geometry": { "type": "LineString", "coordinates": [ [ -79.9452652, 40.4538433 ], [ -79.9444835, 40.454077 ], [ -79.9444742, 40.4540788 ] ] } },
{ "type": "Feature", "properties": { "persona": "older_adults", "hour": 8, "length_m": 1336.5, "minutes": 24.75, "sun": [ 0.915, 0.15, 0.383 ] }, "geometry": { "type": "LineString", "coordinates": [ [ -79.9572241, 40.4513735 ], [ -79.9588549, 40.4485822 ], [ -79.958993800000016, 40.44839060000001 ] ] } },
{ "type": "Feature", "properties": { "persona": "older_adults", "hour": 12, "length_m": 1021.1, "minutes": 18.91, "sun": [ 0.735, 0.664, 0.328 ] }, "geometry": { "type": "LineString", "coordinates": [ [ -79.9511364, 40.452769600000011 ], [ -79.951431, 40.4532359 ], [ -79.951879, 40.4539448 ] ] } },
{ "type": "Feature", "properties": { "persona": "older_adults", "hour": 18, "length_m": 1187.7, "minutes": 21.99, "sun": [ 1.0, 0.508, 0.508 ] }, "geometry": { "type": "LineString", "coordinates": [ [ -79.9548731, 40.437119100000011 ], [ -79.9539595, 40.438017 ], [ -79.9539409, 40.4380245 ] ] } },
{ "type": "Feature", "properties": { "persona": "older_adults", "hour": 12, "length_m": 892.6, "minutes": 16.53, "sun": [ 0.837, 0.837, 0.638, 0.638, 0.638, 0.638, 0.638, 0.638, 0.638 ] }, "geometry": { "type": "LineString", "coordinates": [ [ -79.9541677, 40.4488701 ], [ -79.9541509, 40.448777 ], [ -79.953813, 40.4485115 ], [ -79.9536387, 40.4484092 ], [ -79.9534586, 40.4484235 ], [ -79.9532897, 40.448478 ], [ -79.9530804, 40.4486177 ], [ -79.9530565, 40.4486792 ], [ -79.9531685, 40.4489237 ] ] } },
{ "type": "Feature", "properties": { "persona": "older_adults", "hour": 8, "length_m": 192.3, "minutes": 3.56, "sun": [ 0.347, 0.083, 0.998 ] }, "geometry": { "type": "LineString", "coordinates": [ [ -79.9511364, 40.452769600000011 ], [ -79.951431, 40.4532359 ], [ -79.951879, 40.4539448 ] ] } },
{ "type": "Feature", "properties": { "persona": "older_adults", "hour": 12, "length_m": 1345.3, "minutes": 24.91, "sun": [ 0.96, 1.0, 1.0, 1.0, 1.0 ] }, "geometry": { "type": "LineString", "coordinates": [ [ -79.9550692, 40.4371018 ], [ -79.9550704, 40.4371056 ], [ -79.9550728, 40.4371088 ], [ -79.9557343, 40.4376418 ], [ -79.9561739, 40.4379994 ] ] } },
{ "type": "Feature", "properties": { "persona": "older_adults", "hour": 12, "length_m": 891.8, "minutes": 16.52, "sun": [ 0.235, 0.235, 0.235, 0.235, 0.235, 0.235, 0.235, 0.388, 0.388, 0.388, 1.0 ] }, "geometry": { "type": "LineString", "coordinates": [ [ -79.955632, 40.4491089 ], [ -79.9556258, 40.44910680000001 ], [ -79.9556147, 40.4490933 ], [ -79.9555832, 40.4490482 ], [ -79.9555266, 40.4489744 ], [ -79.9554665, 40.4489152 ], [ -79.955358600000011, 40.448828 ], [ -79.9548473, 40.448416699999989 ], [ -79.95411, 40.447826 ], [ -79.9538871, 40.4476413 ], [ -79.9538845, 40.4476298 ] ] } },
{ "type": "Feature", "properties": { "persona": "older_adults", "hour": 8, "length_m": 1733.1, "minutes": 32.09, "sun": [ 0.187, 0.565, 0.565, 0.543, 0.543, 0.543, 0.558 ] }, "geometry": { "type": "LineString", "coordinates": [ [ -79.9612448, 40.4459905 ], [ -79.9612878, 40.44601380000001 ], [ -79.9622909, 40.4462494 ], [ -79.9638267, 40.446633 ], [ -79.9638638, 40.446725 ], [ -79.9638619, 40.4467855 ], [ -79.9637423, 40.4469439 ] ] } },
{ "type": "Feature", "properties": { "persona": "older_adults", "hour": 12, "length_m": 987.9, "minutes": 18.29, "sun": [ 0.35, 0.796 ] }, "geometry": { "type": "LineString", "coordinates": [ [ -79.9453201, 40.45134250000001 ], [ -79.9434087, 40.451730499999989 ] ] } },
{ "type": "Feature", "properties": { "persona": "older_adults", "hour": 15, "length_m": 545.7, "minutes": 10.11, "sun": [ 0.664, 1.0 ] }, "geometry": { "type": "LineString", "coordinates": [ [ -79.9500608, 40.448565 ], [ -79.9505421, 40.4493395 ] ] } },
{ "type": "Feature", "properties": { "persona": "older_adults", "hour": 15, "length_m": 708.4, "minutes": 13.12, "sun": [ 0.831, 0.644, 0.326 ] }, "geometry": { "type": "LineString", "coordinates": [ [ -79.9511364, 40.452769600000011 ], [ -79.951431, 40.4532359 ], [ -79.951879, 40.4539448 ] ] } },
{ "type": "Feature", "properties": { "persona": "older_adults", "hour": 8, "length_m": 1793.6, "minutes": 33.21, "sun": [ 0.915, 0.15, 0.383 ] }, "geometry": { "type": "LineString", "coordinates": [ [ -79.9572241, 40.4513735 ], [ -79.9588549, 40.4485822 ], [ -79.958993800000016, 40.44839060000001 ] ] } },
{ "type": "Feature", "properties": { "persona": "older_adults", "hour": 15, "length_m": 763.3, "minutes": 14.14, "sun": [ 0.396, 0.396, 0.111, 0.111, 0.452, 0.452, 0.452 ] }, "geometry": { "type": "LineString", "coordinates": [ [ -79.9585389, 40.4362071 ], [ -79.9586476, 40.436305 ], [ -79.9592203, 40.4367582 ], [ -79.9595556, 40.4370277 ], [ -79.9602161, 40.4375662 ], [ -79.96023550000001, 40.4375733 ], [ -79.9602546, 40.4375735 ] ] } },
{ "type": "Feature", "properties": { "persona": "older_adults", "hour": 8, "length_m": 840.2, "minutes": 15.56, "sun": [ 0.393, 0.094, 0.0, 0.06, 0.06 ] }, "geometry": { "type": "LineString", "coordinates": [ [ -79.9545704, 40.4376224 ], [ -79.9553092, 40.4382172 ], [ -79.9560876, 40.4388449 ], [ -79.9564843, 40.4391691 ], [ -79.9564886, 40.4391852 ] ] } },
{ "type": "Feature", "properties": { "persona": "older_adults", "hour": 12, "length_m": 450.2, "minutes": 8.34, "sun": [ 1.0, 1.0, 1.0, 1.0, 1.0, 1.0, 1.0, 1.0, 1.0 ] }, "geometry": { "type": "LineString", "coordinates": [ [ -79.961242, 40.4383779 ], [ -79.9612289, 40.4383743 ], [ -79.9612038, 40.4383542 ], [ -79.9604085, 40.4377213 ], [ -79.9603689, 40.4376881 ], [ -79.9603629, 40.4376744 ], [ -79.9603619, 40.4376534 ], [ -79.9603374, 40.4376534 ], [ -79.9602886, 40.4376095 ] ] } },
{ "type": "Feature", "properties": { "persona": "older_adults", "hour": 12, "length_m": 454.8, "minutes": 8.42, "sun": [ 0.679, 0.679, 0.547, 0.547, 0.584, 0.584, 0.584 ] }, "geometry": { "type": "LineString", "coordinates": [ [ -79.9585389, 40.4362071 ], [ -79.9586476, 40.436305 ], [ -79.9592203, 40.4367582 ], [ -79.9595556, 40.4370277 ], [ -79.9602161, 40.4375662 ], [ -79.96023550000001, 40.4375733 ], [ -79.9602546, 40.4375735 ] ] } },
{ "type": "Feature", "properties": { "persona": "older_adults", "hour": 8, "length_m": 1861.0, "minutes": 34.46, "sun": [ 0.915, 0.15, 0.383 ] }, "geometry": { "type": "LineString", "coordinates": [ [ -79.9572241, 40.4513735 ], [ -79.9588549, 40.4485822 ], [ -79.958993800000016, 40.44839060000001 ] ] } },
{ "type": "Feature", "properties": { "persona": "older_adults", "hour": 12, "length_m": 1086.5, "minutes": 20.12, "sun": [ 0.486, 0.853, 0.853 ] }, "geometry": { "type": "LineString", "coordinates": [ [ -79.9491667, 40.4515589 ], [ -79.949595, 40.4525232 ], [ -79.9495894, 40.4525407 ] ] } },
{ "type": "Feature", "properties": { "persona": "older_adults", "hour": 8, "length_m": 374.0, "minutes": 6.93, "sun": [ 0.203, 0.203, 0.203, 0.0, 0.0, 0.251 ] }, "geometry": { "type": "LineString", "coordinates": [ [ -79.9539471, 40.438208699999983 ], [ -79.9539628, 40.4382146 ], [ -79.9542801, 40.4384696 ], [ -79.9547919, 40.4388828 ], [ -79.9554192, 40.4393998 ], [ -79.9557525, 40.4396649 ] ] } },
{ "type": "Feature", "properties": { "persona": "older_adults", "hour": 12, "length_m": 561.1, "minutes": 10.39, "sun": [ 0.143, 0.143, 0.143 ] }, "geometry": { "type": "LineString", "coordinates": [ [ -79.9606895, 40.4418226 ], [ -79.9603764, 40.4421656 ], [ -79.959927, 40.442659 ] ] } },
{ "type": "Feature", "properties": { "persona": "older_adults", "hour": 12, "length_m": 892.2, "minutes": 16.52, "sun": [ 0.809, 0.74, 0.702, 0.702, 0.702, 0.702, 0.702, 0.702, 1.0 ] }, "geometry": { "type": "LineString", "coordinates": [ [ -79.9654818, 40.4402945 ], [ -79.9648091, 40.4403998 ], [ -79.9644737, 40.4404465 ], [ -79.9643785, 40.4404603 ], [ -79.9643349, 40.4404679 ], [ -79.9643067, 40.4404776 ], [ -79.964286, 40.4404904 ], [ -79.9640704, 40.4406915 ], [ -79.9640412, 40.440720399999989 ] ] } },
{ "type": "Feature", "properties": { "persona": "older_adults", "hour": 8, "length_m": 849.4, "minutes": 15.73, "sun": [ 0.0, 0.0, 0.0 ] }, "geometry": { "type": "LineString", "coordinates": [ [ -79.9615836, 40.4413736 ], [ -79.9626548, 40.4419503 ], [ -79.9626966, 40.4419705 ] ] } },
{ "type": "Feature", "properties": { "persona": "older_adults", "hour": 15, "length_m": 555.9, "minutes": 10.3, "sun": [ 1.0, 0.778, 0.816 ] }, "geometry": { "type": "LineString", "coordinates": [ [ -79.9612346, 40.4385726 ], [ -79.9612115, 40.4385871 ], [ -79.9597539, 40.4396461 ] ] } },
{ "type": "Feature", "properties": { "persona": "older_adults", "hour": 18, "length_m": 263.4, "minutes": 4.88, "sun": [ 0.254, 0.254, 0.254, 0.254 ] }, "geometry": { "type": "LineString", "coordinates": [ [ -79.9523231, 40.4487431 ], [ -79.9526251, 40.4485228 ], [ -79.9526576, 40.4485033 ], [ -79.9526812, 40.4484982 ] ] } },
{ "type": "Feature", "properties": { "persona": "older_adults", "hour": 12, "length_m": 1361.1, "minutes": 25.2, "sun": [ 0.929, 0.774, 0.774, 0.237, 0.237, 0.237, 0.237, 0.219, 0.219, 0.219, 0.219, 0.219, 0.219, 0.306, 0.306, 0.306, 0.306, 0.306, 0.306, 0.306, 0.306, 0.306, 0.874 ] }, "geometry": { "type": "LineString", "coordinates": [ [ -79.9647197, 40.4487879 ], [ -79.964732, 40.4487632 ], [ -79.9647361, 40.4487356 ], [ -79.9647115, 40.4486664 ], [ -79.964693, 40.4486071 ], [ -79.9647115, 40.4485504 ], [ -79.9647415, 40.4485041 ], [ -79.9654595, 40.4479757 ], [ -79.9655326, 40.44789810000001 ], [ -79.9655668, 40.447855 ], [ -79.9655982, 40.4478024 ], [ -79.9657154, 40.4474679 ], [ -79.9657708, 40.4472998 ], [ -79.965805, 40.4471911 ], [ -79.965822, 40.4471027 ], [ -79.965833, 40.4469996 ], [ -79.9658391, 40.446906 ], [ -79.965837800000017, 40.4468082 ], [ -79.9658282, 40.4467156 ], [ -79.9657995, 40.4465418 ], [ -79.9657634, 40.446435799999989 ], [ -79.9657483, 40.4463881 ], [ -79.965741, 40.4463709 ] ] } },
{ "type": "Feature", "properties": { "persona": "older_adults", "hour": 15, "length_m": 583.7, "minutes": 10.81, "sun": [ 1.0, 0.722, 0.722, 0.722, 0.722 ] }, "geometry": { "type": "LineString", "coordinates": [ [ -79.9572217, 40.438837200000016 ], [ -79.9572221, 40.4388406 ], [ -79.957224, 40.4388441 ], [ -79.957871, 40.439369 ], [ -79.9579249, 40.439412 ] ] } },
{ "type": "Feature", "properties": { "persona": "older_adults", "hour": 8, "length_m": 342.2, "minutes": 6.34, "sun": [ 1.0, 0.983, 0.983, 0.983, 0.983, 0.983 ] }, "geometry": { "type": "LineString", "coordinates": [ [ -79.9666066, 40.4478033 ], [ -79.9653732, 40.4486662 ], [ -79.9653608, 40.4486677 ], [ -79.9653297, 40.4486902 ], [ -79.9652899, 40.4487191 ], [ -79.965282, 40.4487258 ] ] } },
{ "type": "Feature", "properties": { "persona": "older_adults", "hour": 12, "length_m": 559.0, "minutes": 10.35, "sun": [ 0.783, 0.307 ] }, "geometry": { "type": "LineString", "coordinates": [ [ -79.9478063, 40.4480594 ], [ -79.949282, 40.4476037 ] ] } },
{ "type": "Feature", "properties": { "persona": "older_adults", "hour": 8, "length_m": 646.9, "minutes": 11.98, "sun": [ 1.0, 1.0, 0.904, 0.904, 0.0, 0.0, 0.0 ] }, "geometry": { "type": "LineString", "coordinates": [ [ -79.9585389, 40.4362071 ], [ -79.9586476, 40.436305 ], [ -79.9592203, 40.4367582 ], [ -79.9595556, 40.4370277 ], [ -79.9602161, 40.4375662 ], [ -79.96023550000001, 40.4375733 ], [ -79.9602546, 40.4375735 ] ] } },
{ "type": "Feature", "properties": { "persona": "older_adults", "hour": 15, "length_m": 505.5, "minutes": 9.36, "sun": [ 0.492, 0.554, 0.554, 0.554, 0.554 ] }, "geometry": { "type": "LineString", "coordinates": [ [ -79.9513123, 40.4505898 ], [ -79.9513507, 40.4506563 ], [ -79.9516479, 40.4511321 ], [ -79.9518254, 40.4514089 ], [ -79.951871, 40.4514811 ] ] } },
{ "type": "Feature", "properties": { "persona": "older_adults", "hour": 12, "length_m": 716.9, "minutes": 13.28, "sun": [ 0.591, 0.591, 0.591, 0.591, 0.706, 0.706, 0.706, 0.706, 0.706, 0.706 ] }, "geometry": { "type": "LineString", "coordinates": [ [ -79.9464022, 40.449287299999988 ], [ -79.946359, 40.449328 ], [ -79.946079, 40.449601400000013 ], [ -79.945956, 40.4497106 ], [ -79.9454693, 40.450184 ], [ -79.9452665, 40.4503814 ], [ -79.9451753, 40.4504556 ], [ -79.945148, 40.450469 ], [ -79.9451238, 40.450490599999988 ], [ -79.9451211, 40.4505001 ] ] } },
{ "type": "Feature", "properties": { "persona": "older_adults", "hour": 15, "length_m": 640.3, "minutes": 11.86, "sun": [ 0.831, 0.644, 0.326 ] }, "geometry": { "type": "LineString", "coordinates": [ [ -79.9511364, 40.452769600000011 ], [ -79.951431, 40.4532359 ], [ -79.951879, 40.4539448 ] ] } },
{ "type": "Feature", "properties": { "persona": "older_adults", "hour": 15, "length_m": 1269.9, "minutes": 23.52, "sun": [ 0.966, 1.0, 1.0, 0.983, 0.983, 0.983, 1.0 ] }, "geometry": { "type": "LineString", "coordinates": [ [ -79.9612448, 40.4459905 ], [ -79.9612878, 40.44601380000001 ], [ -79.9622909, 40.4462494 ], [ -79.9638267, 40.446633 ], [ -79.9638638, 40.446725 ], [ -79.9638619, 40.4467855 ], [ -79.9637423, 40.4469439 ] ] } },
{ "type": "Feature", "properties": { "persona": "older_adults", "hour": 8, "length_m": 716.1, "minutes": 13.26, "sun": [ 1.0, 0.741, 0.011, 0.113 ] }, "geometry": { "type": "LineString", "coordinates": [ [ -79.9540399, 40.4381148 ], [ -79.95405, 40.4381351 ], [ -79.9552776, 40.4391159 ], [ -79.9558982, 40.4396139 ] ] } },
{ "type": "Feature", "properties": { "persona": "older_adults", "hour": 12, "length_m": 931.9, "minutes": 17.26, "sun": [ 0.822, 0.887, 0.887, 0.887, 1.0, 1.0, 1.0, 1.0, 1.0, 0.592 ] }, "geometry": { "type": "LineString", "coordinates": [ [ -79.9454544, 40.447284199999977 ], [ -79.9456077, 40.4473001 ], [ -79.9460057, 40.4472734 ], [ -79.9461254, 40.4472566 ], [ -79.9465455, 40.4472235 ], [ -79.9469573, 40.4471932 ], [ -79.9469794, 40.4471712 ], [ -79.9471574, 40.4471583 ], [ -79.9472162, 40.4471541 ], [ -79.9472238, 40.4471554 ] ] } },
{ "type": "Feature", "properties": { "persona": "older_adults", "hour": 12, "length_m": 724.3, "minutes": 13.41, "sun": [ 0.377, 0.377, 0.377, 0.32, 0.32 ] }, "geometry": { "type": "LineString", "coordinates": [ [ -79.9459498, 40.449532599999984 ], [ -79.9459254, 40.449558 ], [ -79.9458725, 40.4496099 ], [ -79.9454434, 40.4500022 ], [ -79.9450473, 40.450361900000011 ] ] } },
{ "type": "Feature", "properties": { "persona": "older_adults", "hour": 12, "length_m": 253.6, "minutes": 4.7, "sun": [ 0.827, 0.827, 0.827, 0.827, 0.827 ] }, "geometry": { "type": "LineString", "coordinates": [ [ -79.9518194, 40.4491102 ], [ -79.9518003, 40.449114 ], [ -79.9517748, 40.4491358 ], [ -79.9512831, 40.449505 ], [ -79.9512489, 40.44953 ] ] } },
{ "type": "Feature", "properties": { "persona": "older_adults", "hour": 12, "length_m": 1007.4, "minutes": 18.66, "sun": [ 0.401, 1.0, 0.575 ] }, "geometry": { "type": "LineString", "coordinates": [ [ -79.9597539, 40.4396461 ], [ -79.9612115, 40.4385871 ], [ -79.9612346, 40.4385726 ] ] } },
{ "type": "Feature", "properties": { "persona": "older_adults", "hour": 12, "length_m": 510.6, "minutes": 9.46, "sun": [ 1.0, 1.0, 1.0, 0.969, 0.969, 0.969, 0.969, 0.408 ] }, "geometry": { "type": "LineString", "coordinates": [ [ -79.9570964, 40.4415721 ], [ -79.9570955, 40.4415818 ], [ -79.9571007, 40.4415907 ], [ -79.9572061, 40.441675600000011 ], [ -79.9574807, 40.4418992 ], [ -79.9577615, 40.4421219 ], [ -79.9577798, 40.4421268 ], [ -79.9577982, 40.4421281 ] ] } },
{ "type": "Feature", "properties": { "persona": "older_adults", "hour": 12, "length_m": 469.3, "minutes": 8.69, "sun": [ 0.719, 0.638 ] }, "geometry": { "type": "LineString", "coordinates": [ [ -79.9559837, 40.4369034 ], [ -79.9573485, 40.4380082 ] ] } },
{ "type": "Feature", "properties": { "persona": "older_adults", "hour": 8, "length_m": 708.4, "minutes": 13.12, "sun": [ 0.347, 0.083, 0.998 ] }, "geometry": { "type": "LineString", "coordinates": [ [ -79.9511364, 40.452769600000011 ], [ -79.951431, 40.4532359 ], [ -79.951879, 40.4539448 ] ] } },
{ "type": "Feature", "properties": { "persona": "older_adults", "hour": 15, "length_m": 1119.6, "minutes": 20.73, "sun": [ 0.2, 1.0, 1.0 ] }, "geometry": { "type": "LineString", "coordinates": [ [ -79.9615836, 40.4413736 ], [ -79.9626548, 40.4419503 ], [ -79.9626966, 40.4419705 ] ] } },
{ "type": "Feature", "properties": { "persona": "older_adults", "hour": 18, "length_m": 1025.1, "minutes": 18.98, "sun": [ 0.117, 0.117, 0.117, 0.186, 0.186 ] }, "geometry": { "type": "LineString", "coordinates": [ [ -79.9546422, 40.4375177 ], [ -79.954646, 40.4375296 ], [ -79.9546542, 40.437541 ], [ -79.9562594, 40.438836499999987 ], [ -79.956606, 40.4391186 ] ] } },
{ "type": "Feature", "properties": { "persona": "older_adults", "hour": 8, "length_m": 708.5, "minutes": 13.12, "sun": [ 0.0, 0.0, 0.0 ] }, "geometry": { "type": "LineString", "coordinates": [ [ -79.9606895, 40.4418226 ], [ -79.9603764, 40.4421656 ], [ -79.959927, 40.442659 ] ] } },
{ "type": "Feature", "properties": { "persona": "older_adults", "hour": 18, "length_m": 689.7, "minutes": 12.77, "sun": [ 0.651, 1.0, 1.0 ] }, "geometry": { "type": "LineString", "coordinates": [ [ -79.9558518, 40.4378947 ], [ -79.956743, 40.4386099 ], [ -79.957006, 40.4388199 ] ] } },
{ "type": "Feature", "properties": { "persona": "older_adults", "hour": 12, "length_m": 665.7, "minutes": 12.33, "sun": [ 0.679, 0.679, 0.547, 0.547, 0.584, 0.584, 0.584 ] }, "geometry": { "type": "LineString", "coordinates": [ [ -79.9585389, 40.4362071 ], [ -79.9586476, 40.436305 ], [ -79.9592203, 40.4367582 ], [ -79.9595556, 40.4370277 ], [ -79.9602161, 40.4375662 ], [ -79.96023550000001, 40.4375733 ], [ -79.9602546, 40.4375735 ] ] } },
{ "type": "Feature", "properties": { "persona": "older_adults", "hour": 15, "length_m": 1060.8, "minutes": 19.64, "sun": [ 0.385, 0.801, 0.801 ] }, "geometry": { "type": "LineString", "coordinates": [ [ -79.9431307, 40.4509388 ], [ -79.944963, 40.4505648 ], [ -79.944980300000012, 40.4505649 ] ] } },
{ "type": "Feature", "properties": { "persona": "older_adults", "hour": 12, "length_m": 621.1, "minutes": 11.5, "sun": [ 1.0, 1.0, 1.0 ] }, "geometry": { "type": "LineString", "coordinates": [ [ -79.9558518, 40.4378947 ], [ -79.956743, 40.4386099 ], [ -79.957006, 40.4388199 ] ] } },
{ "type": "Feature", "properties": { "persona": "older_adults", "hour": 8, "length_m": 1015.1, "minutes": 18.8, "sun": [ 0.197, 0.827, 0.596, 0.596, 0.596, 0.596, 0.596, 0.596, 0.01 ] }, "geometry": { "type": "LineString", "coordinates": [ [ -79.9654818, 40.4402945 ], [ -79.9648091, 40.4403998 ], [ -79.9644737, 40.4404465 ], [ -79.9643785, 40.4404603 ], [ -79.9643349, 40.4404679 ], [ -79.9643067, 40.4404776 ], [ -79.964286, 40.4404904 ], [ -79.9640704, 40.4406915 ], [ -79.9640412, 40.440720399999989 ] ] } },
{ "type": "Feature", "properties": { "persona": "older_adults", "hour": 12, "length_m": 848.1, "minutes": 15.71, "sun": [ 0.679, 0.679, 0.547, 0.547, 0.584, 0.584, 0.584 ] }, "geometry": { "type": "LineString", "coordinates": [ [ -79.9585389, 40.4362071 ], [ -79.9586476, 40.436305 ], [ -79.9592203, 40.4367582 ], [ -79.9595556, 40.4370277 ], [ -79.9602161, 40.4375662 ], [ -79.96023550000001, 40.4375733 ], [ -79.9602546, 40.4375735 ] ] } },
{ "type": "Feature", "properties": { "persona": "older_adults", "hour": 18, "length_m": 455.1, "minutes": 8.43, "sun": [ 0.0, 0.0, 0.459 ] }, "geometry": { "type": "LineString", "coordinates": [ [ -79.9498609, 40.4501426 ], [ -79.9498678, 40.4501367 ], [ -79.9506922, 40.449885699999989 ] ] } },
{ "type": "Feature", "properties": { "persona": "older_adults", "hour": 12, "length_m": 580.9, "minutes": 10.76, "sun": [ 0.822, 0.887, 0.887, 0.887, 1.0, 1.0, 1.0, 1.0, 1.0, 0.592 ] }, "geometry": { "type": "LineString", "coordinates": [ [ -79.9454544, 40.447284199999977 ], [ -79.9456077, 40.4473001 ], [ -79.9460057, 40.4472734 ], [ -79.9461254, 40.4472566 ], [ -79.9465455, 40.4472235 ], [ -79.9469573, 40.4471932 ], [ -79.9469794, 40.4471712 ], [ -79.9471574, 40.4471583 ], [ -79.9472162, 40.4471541 ], [ -79.9472238, 40.4471554 ] ] } },
{ "type": "Feature", "properties": { "persona": "older_adults", "hour": 12, "length_m": 1006.3, "minutes": 18.64, "sun": [ 0.526, 0.949, 1.0, 1.0 ] }, "geometry": { "type": "LineString", "coordinates": [ [ -79.9650468, 40.4432576 ], [ -79.9650347, 40.4432434 ], [ -79.9638793, 40.4425963 ], [ -79.9638454, 40.4425784 ] ] } },
{ "type": "Feature", "properties": { "persona": "older_adults", "hour": 15, "length_m": 1225.1, "minutes": 22.69, "sun": [ 1.0, 0.964, 0.964, 1.0, 1.0, 1.0, 1.0, 1.0, 1.0 ] }, "geometry": { "type": "LineString", "coordinates": [ [ -79.9631805, 40.4446132 ], [ -79.9631738, 40.4445788 ], [ -79.9631966, 40.4445341 ], [ -79.9632548, 40.4443802 ], [ -79.9632881, 40.4441397 ], [ -79.9633047, 40.4439783 ], [ -79.9632847, 40.443858 ], [ -79.9632448, 40.443741499999987 ], [ -79.9631691, 40.4436061 ] ] } },
{ "type": "Feature", "properties": { "persona": "older_adults", "hour": 15, "length_m": 523.8, "minutes": 9.7, "sun": [ 0.553, 1.0, 1.0, 1.0, 1.0, 1.0, 1.0, 0.575 ] }, "geometry": { "type": "LineString", "coordinates": [ [ -79.9594105, 40.4398789 ], [ -79.9593846, 40.4398908 ], [ -79.9593727, 40.4399056 ], [ -79.9593405, 40.4399518 ], [ -79.9591803, 40.4400668 ], [ -79.9585558, 40.4405196 ], [ -79.9584849, 40.4405512 ], [ -79.958438, 40.4405842 ] ] } },
{ "type": "Feature", "properties": { "persona": "older_adults", "hour": 12, "length_m": 1332.5, "minutes": 24.68, "sun": [ 0.754, 1.0, 1.0, 0.949, 0.949, 0.949, 1.0 ] }, "geometry": { "type": "LineString", "coordinates": [ [ -79.9612448, 40.4459905 ], [ -79.9612878, 40.44601380000001 ], [ -79.9622909, 40.4462494 ], [ -79.9638267, 40.446633 ], [ -79.9638638, 40.446725 ], [ -79.9638619, 40.4467855 ], [ -79.9637423, 40.4469439 ] ] } },
{ "type": "Feature", "properties": { "persona": "older_adults", "hour": 15, "length_m": 889.8, "minutes": 16.48, "sun": [ 0.951, 0.667, 0.897 ] }, "geometry": { "type": "LineString", "coordinates": [ [ -79.9495894, 40.4525407 ], [ -79.9495629, 40.4525574 ], [ -79.947412, 40.453198499999985 ] ] } },
{ "type": "Feature", "properties": { "persona": "older_adults", "hour": 18, "length_m": 1119.7, "minutes": 20.73, "sun": [ 0.982, 0.982, 1.0 ] }, "geometry": { "type": "LineString", "coordinates": [ [ -79.9519858, 40.4463099 ], [ -79.9520006, 40.446305099999989 ], [ -79.9529899, 40.4455809 ] ] } },
{ "type": "Feature", "properties": { "persona": "older_adults", "hour": 8, "length_m": 971.8, "minutes": 18.0, "sun": [ 0.0, 0.157, 0.157, 0.157, 0.327, 0.327, 0.636 ] }, "geometry": { "type": "LineString", "coordinates": [ [ -79.9538845, 40.4476298 ], [ -79.9538901, 40.4476166 ], [ -79.95389950000002, 40.4476053 ], [ -79.9540416, 40.4475048 ], [ -79.9547578, 40.446968 ], [ -79.9547718, 40.44696050000001 ], [ -79.9547853, 40.4469588 ] ] } },
{ "type": "Feature", "properties": { "persona": "older_adults", "hour": 8, "length_m": 836.2, "minutes": 15.49, "sun": [ 0.406, 0.406, 0.112, 0.112, 0.2, 0.2 ] }, "geometry": { "type": "LineString", "coordinates": [ [ -79.9425986, 40.4490516 ], [ -79.9426066, 40.4490614 ], [ -79.942758, 40.449852600000014 ], [ -79.9427963, 40.4500527 ], [ -79.94285, 40.450333 ], [ -79.9429465, 40.4508374 ] ] } },
{ "type": "Feature", "properties": { "persona": "older_adults", "hour": 12, "length_m": 1471.5, "minutes": 27.25, "sun": [ 0.929, 0.774, 0.774, 0.237, 0.237, 0.237, 0.237, 0.219, 0.219, 0.219, 0.219, 0.219, 0.219, 0.306, 0.306, 0.306, 0.306, 0.306, 0.306, 0.306, 0.306, 0.306, 0.874 ] }, "geometry": { "type": "LineString", "coordinates": [ [ -79.9647197, 40.4487879 ], [ -79.964732, 40.4487632 ], [ -79.9647361, 40.4487356 ], [ -79.9647115, 40.4486664 ], [ -79.964693, 40.4486071 ], [ -79.9647115, 40.4485504 ], [ -79.9647415, 40.4485041 ], [ -79.9654595, 40.4479757 ], [ -79.9655326, 40.44789810000001 ], [ -79.9655668, 40.447855 ], [ -79.9655982, 40.4478024 ], [ -79.9657154, 40.4474679 ], [ -79.9657708, 40.4472998 ], [ -79.965805, 40.4471911 ], [ -79.965822, 40.4471027 ], [ -79.965833, 40.4469996 ], [ -79.9658391, 40.446906 ], [ -79.965837800000017, 40.4468082 ], [ -79.9658282, 40.4467156 ], [ -79.9657995, 40.4465418 ], [ -79.9657634, 40.446435799999989 ], [ -79.9657483, 40.4463881 ], [ -79.965741, 40.4463709 ] ] } },
{ "type": "Feature", "properties": { "persona": "older_adults", "hour": 12, "length_m": 1033.5, "minutes": 19.14, "sun": [ 1.0, 1.0, 0.609, 0.531 ] }, "geometry": { "type": "LineString", "coordinates": [ [ -79.9540399, 40.4381148 ], [ -79.95405, 40.4381351 ], [ -79.9552776, 40.4391159 ], [ -79.9558982, 40.4396139 ] ] } },
{ "type": "Feature", "properties": { "persona": "older_adults", "hour": 15, "length_m": 379.8, "minutes": 7.03, "sun": [ 1.0, 0.778, 0.816 ] }, "geometry": { "type": "LineString", "coordinates": [ [ -79.9612346, 40.4385726 ], [ -79.9612115, 40.4385871 ], [ -79.9597539, 40.4396461 ] ] } },
{ "type": "Feature", "properties": { "persona": "older_adults", "hour": 15, "length_m": 1376.5, "minutes": 25.49, "sun": [ 0.966, 1.0, 1.0, 0.983, 0.983, 0.983, 1.0 ] }, "geometry": { "type": "LineString", "coordinates": [ [ -79.9612448, 40.4459905 ], [ -79.9612878, 40.44601380000001 ], [ -79.9622909, 40.4462494 ], [ -79.9638267, 40.446633 ], [ -79.9638638, 40.446725 ], [ -79.9638619, 40.4467855 ], [ -79.9637423, 40.4469439 ] ] } },
{ "type": "Feature", "properties": { "persona": "older_adults", "hour": 12, "length_m": 927.2, "minutes": 17.17, "sun": [ 0.679, 0.679, 0.547, 0.547, 0.584, 0.584, 0.584 ] }, "geometry": { "type": "LineString", "coordinates": [ [ -79.9585389, 40.4362071 ], [ -79.9586476, 40.436305 ], [ -79.9592203, 40.4367582 ], [ -79.9595556, 40.4370277 ], [ -79.9602161, 40.4375662 ], [ -79.96023550000001, 40.4375733 ], [ -79.9602546, 40.4375735 ] ] } },
{ "type": "Feature", "properties": { "persona": "older_adults", "hour": 12, "length_m": 405.4, "minutes": 7.51, "sun": [ 1.0, 0.917, 0.917, 0.917 ] }, "geometry": { "type": "LineString", "coordinates": [ [ -79.9603319, 40.4405553 ], [ -79.960343, 40.4405715 ], [ -79.9603587, 40.4405898 ], [ -79.9610076, 40.4409331 ] ] } },
{ "type": "Feature", "properties": { "persona": "older_adults", "hour": 18, "length_m": 1675.4, "minutes": 31.03, "sun": [ 0.788, 0.948, 0.948, 1.0, 1.0, 1.0, 1.0, 1.0, 1.0, 1.0, 1.0, 1.0, 1.0, 0.948, 0.948, 0.948, 0.948, 0.948, 0.948, 0.948, 0.948, 0.948, 1.0 ] }, "geometry": { "type": "LineString", "coordinates": [ [ -79.9647197, 40.4487879 ], [ -79.964732, 40.4487632 ], [ -79.9647361, 40.4487356 ], [ -79.9647115, 40.4486664 ], [ -79.964693, 40.4486071 ], [ -79.9647115, 40.4485504 ], [ -79.9647415, 40.4485041 ], [ -79.9654595, 40.4479757 ], [ -79.9655326, 40.44789810000001 ], [ -79.9655668, 40.447855 ], [ -79.9655982, 40.4478024 ], [ -79.9657154, 40.4474679 ], [ -79.9657708, 40.4472998 ], [ -79.965805, 40.4471911 ], [ -79.965822, 40.4471027 ], [ -79.965833, 40.4469996 ], [ -79.9658391, 40.446906 ], [ -79.965837800000017, 40.4468082 ], [ -79.9658282, 40.4467156 ], [ -79.9657995, 40.4465418 ], [ -79.9657634, 40.446435799999989 ], [ -79.9657483, 40.4463881 ], [ -79.965741, 40.4463709 ] ] } },
{ "type": "Feature", "properties": { "persona": "older_adults", "hour": 15, "length_m": 922.1, "minutes": 17.08, "sun": [ 0.951, 0.667, 0.897 ] }, "geometry": { "type": "LineString", "coordinates": [ [ -79.9495894, 40.4525407 ], [ -79.9495629, 40.4525574 ], [ -79.947412, 40.453198499999985 ] ] } },
{ "type": "Feature", "properties": { "persona": "older_adults", "hour": 12, "length_m": 962.4, "minutes": 17.82, "sun": [ 0.143, 0.143, 0.143 ] }, "geometry": { "type": "LineString", "coordinates": [ [ -79.9606895, 40.4418226 ], [ -79.9603764, 40.4421656 ], [ -79.959927, 40.442659 ] ] } },
{ "type": "Feature", "properties": { "persona": "older_adults", "hour": 12, "length_m": 1343.7, "minutes": 24.88, "sun": [ 0.915, 0.261, 0.3 ] }, "geometry": { "type": "LineString", "coordinates": [ [ -79.9572241, 40.4513735 ], [ -79.9588549, 40.4485822 ], [ -79.958993800000016, 40.44839060000001 ] ] } },
{ "type": "Feature", "properties": { "persona": "older_adults", "hour": 15, "length_m": 777.5, "minutes": 14.4, "sun": [ 0.396, 0.396, 0.111, 0.111, 0.452, 0.452, 0.452 ] }, "geometry": { "type": "LineString", "coordinates": [ [ -79.9585389, 40.4362071 ], [ -79.9586476, 40.436305 ], [ -79.9592203, 40.4367582 ], [ -79.9595556, 40.4370277 ], [ -79.9602161, 40.4375662 ], [ -79.96023550000001, 40.4375733 ], [ -79.9602546, 40.4375735 ] ] } },
{ "type": "Feature", "properties": { "persona": "older_adults", "hour": 15, "length_m": 602.2, "minutes": 11.15, "sun": [ 0.41, 0.41, 0.41 ] }, "geometry": { "type": "LineString", "coordinates": [ [ -79.9606895, 40.4418226 ], [ -79.9603764, 40.4421656 ], [ -79.959927, 40.442659 ] ] } },
{ "type": "Feature", "properties": { "persona": "older_adults", "hour": 15, "length_m": 1620.8, "minutes": 30.01, "sun": [ 0.966, 1.0, 1.0, 0.983, 0.983, 0.983, 1.0 ] }, "geometry": { "type": "LineString", "coordinates": [ [ -79.9612448, 40.4459905 ], [ -79.9612878, 40.44601380000001 ], [ -79.9622909, 40.4462494 ], [ -79.9638267, 40.446633 ], [ -79.9638638, 40.446725 ], [ -79.9638619, 40.4467855 ], [ -79.9637423, 40.4469439 ] ] } },
{ "type": "Feature", "properties": { "persona": "older_adults", "hour": 18, "length_m": 1012.8, "minutes": 18.76, "sun": [ 0.603, 0.603, 0.603, 0.717, 0.717 ] }, "geometry": { "type": "LineString", "coordinates": [ [ -79.9459498, 40.449532599999984 ], [ -79.9459254, 40.449558 ], [ -79.9458725, 40.4496099 ], [ -79.9454434, 40.4500022 ], [ -79.9450473, 40.450361900000011 ] ] } },
{ "type": "Feature", "properties": { "persona": "older_adults", "hour": 15, "length_m": 859.0, "minutes": 15.91, "sun": [ 0.921, 0.522, 0.522, 0.522, 0.935 ] }, "geometry": { "type": "LineString", "coordinates": [ [ -79.9550692, 40.4371018 ], [ -79.9550704, 40.4371056 ], [ -79.9550728, 40.4371088 ], [ -79.9557343, 40.4376418 ], [ -79.9561739, 40.4379994 ] ] } },
{ "type": "Feature", "properties": { "persona": "older_adults", "hour": 18, "length_m": 892.2, "minutes": 16.52, "sun": [ 1.0, 0.965, 0.879, 0.879, 0.879, 0.879, 0.879, 0.879, 1.0 ] }, "geometry": { "type": "LineString", "coordinates": [ [ -79.9654818, 40.4402945 ], [ -79.9648091, 40.4403998 ], [ -79.9644737, 40.4404465 ], [ -79.9643785, 40.4404603 ], [ -79.9643349, 40.4404679 ], [ -79.9643067, 40.4404776 ], [ -79.964286, 40.4404904 ], [ -79.9640704, 40.4406915 ], [ -79.9640412, 40.440720399999989 ] ] } },
{ "type": "Feature", "properties": { "persona": "older_adults", "hour": 18, "length_m": 1115.8, "minutes": 20.66, "sun": [ 0.219, 0.439, 0.439, 0.83, 0.83, 0.83, 0.83, 0.83, 0.83, 0.83, 0.83, 0.83, 0.83, 0.83, 0.83, 0.176 ] }, "geometry": { "type": "LineString", "coordinates": [ [ -79.957452700000019, 40.4477947 ], [ -79.9574722, 40.4477931 ], [ -79.9574836, 40.4477885 ], [ -79.957956, 40.4474423 ], [ -79.958023700000012, 40.4473908 ], [ -79.9580502, 40.4473709 ], [ -79.9580733, 40.4473451 ], [ -79.9580874, 40.4473219 ], [ -79.9580995, 40.4472979 ], [ -79.9581052, 40.4472726 ], [ -79.9581032, 40.4472379 ], [ -79.9580971, 40.4472058 ], [ -79.9580897, 40.4471859 ], [ -79.9580703, 40.4471604 ], [ -79.9580555, 40.447143 ], [ -79.9569644, 40.4462614 ] ] } },
{ "type": "Feature", "properties": { "persona": "older_adults", "hour": 8, "length_m": 863.8, "minutes": 16.0, "sun": [ 0.205, 0.343, 0.189, 0.189, 0.058 ] }, "geometry": { "type": "LineString", "coordinates": [ [ -79.9645944, 40.4428716 ], [ -79.9645287, 40.4428348 ], [ -79.9638409, 40.4424402 ], [ -79.9633389, 40.4421735 ], [ -79.9629614, 40.4419536 ] ] } },
{ "type": "Feature", "properties": { "persona": "older_adults", "hour": 12, "length_m": 1111.9, "minutes": 20.59, "sun": [ 0.566, 1.0, 1.0 ] }, "geometry": { "type": "LineString", "coordinates": [ [ -79.9615836, 40.4413736 ], [ -79.9626548, 40.4419503 ], [ -79.9626966, 40.4419705 ] ] } },
{ "type": "Feature", "properties": { "persona": "older_adults", "hour": 12, "length_m": 597.5, "minutes": 11.06, "sun": [ 0.143, 0.143, 0.143 ] }, "geometry": { "type": "LineString", "coordinates": [ [ -79.9606895, 40.4418226 ], [ -79.9603764, 40.4421656 ], [ -79.959927, 40.442659 ] ] } },
{ "type": "Feature", "properties": { "persona": "older_adults", "hour": 15, "length_m": 762.8, "minutes": 14.13, "sun": [ 0.493, 0.493, 0.493, 0.82 ] }, "geometry": { "type": "LineString", "coordinates": [ [ -79.9455237, 40.4514305 ], [ -79.9455312, 40.4514242 ], [ -79.9456701, 40.4513879 ], [ -79.9486849, 40.4504895 ] ] } },
{ "type": "Feature", "properties": { "persona": "older_adults", "hour": 12, "length_m": 465.7, "minutes": 8.62, "sun": [ 0.679, 0.679, 0.547, 0.547, 0.584, 0.584, 0.584 ] }, "geometry": { "type": "LineString", "coordinates": [ [ -79.9585389, 40.4362071 ], [ -79.9586476, 40.436305 ], [ -79.9592203, 40.4367582 ], [ -79.9595556, 40.4370277 ], [ -79.9602161, 40.4375662 ], [ -79.96023550000001, 40.4375733 ], [ -79.9602546, 40.4375735 ] ] } },
{ "type": "Feature", "properties": { "persona": "older_adults", "hour": 15, "length_m": 587.1, "minutes": 10.87, "sun": [ 0.697, 0.333, 0.902 ] }, "geometry": { "type": "LineString", "coordinates": [ [ -79.9469681, 40.4508694 ], [ -79.946987, 40.4508651 ], [ -79.9486334, 40.4503634 ] ] } },
{ "type": "Feature", "properties": { "persona": "older_adults", "hour": 12, "length_m": 928.4, "minutes": 17.19, "sun": [ 0.323, 0.323, 0.636, 0.566, 0.566 ] }, "geometry": { "type": "LineString", "coordinates": [ [ -79.9554895, 40.4366927 ], [ -79.95580630000002, 40.43695360000001 ], [ -79.9564539, 40.4374775 ], [ -79.9572308, 40.4380942 ], [ -79.9575781, 40.438378299999982 ] ] } },
{ "type": "Feature", "properties": { "persona": "older_adults", "hour": 8, "length_m": 638.5, "minutes": 11.82, "sun": [ 0.362, 0.348, 0.348, 0.348, 0.148 ] }, "geometry": { "type": "LineString", "coordinates": [ [ -79.9554699, 40.44917 ], [ -79.9554511, 40.4491283 ], [ -79.9554203, 40.4490744 ], [ -79.9553626, 40.4490147 ], [ -79.9542146, 40.4480934 ] ] } },
{ "type": "Feature", "properties": { "persona": "older_adults", "hour": 12, "length_m": 740.2, "minutes": 13.71, "sun": [ 0.867, 0.55, 0.894 ] }, "geometry": { "type": "LineString", "coordinates": [ [ -79.9509184, 40.4495875 ], [ -79.9517372, 40.4489962 ], [ -79.9517411, 40.4489909 ] ] } },
{ "type": "Feature", "properties": { "persona": "older_adults", "hour": 15, "length_m": 1011.5, "minutes": 18.73, "sun": [ 0.847, 0.847, 0.847, 1.0 ] }, "geometry": { "type": "LineString", "coordinates": [ [ -79.9533599, 40.443125 ], [ -79.9533346, 40.4431215 ], [ -79.953137, 40.443173699999988 ], [ -79.952222, 40.443417 ] ] } },
{ "type": "Feature", "properties": { "persona": "older_adults", "hour": 12, "length_m": 833.2, "minutes": 15.43, "sun": [ 1.0, 0.334, 0.334, 0.367, 0.939 ] }, "geometry": { "type": "LineString", "coordinates": [ [ -79.9494364, 40.454013 ], [ -79.949507200000014, 40.4540016 ], [ -79.9497649, 40.4539941 ], [ -79.9509752, 40.4539721 ], [ -79.9517364, 40.453966499999986 ] ] } },
{ "type": "Feature", "properties": { "persona": "older_adults", "hour": 15, "length_m": 831.4, "minutes": 15.4, "sun": [ 0.77, 0.77, 0.77, 0.77, 0.77, 0.77, 0.572, 0.572, 0.847 ] }, "geometry": { "type": "LineString", "coordinates": [ [ -79.9570121, 40.436302499999989 ], [ -79.9570169, 40.4363158 ], [ -79.9570202, 40.43633 ], [ -79.9570806, 40.4364122 ], [ -79.957098, 40.436439799999988 ], [ -79.9571181, 40.4364627 ], [ -79.9585709, 40.4376289 ], [ -79.9586118, 40.4376631 ], [ -79.9586228, 40.4376672 ] ] } },
{ "type": "Feature", "properties": { "persona": "older_adults", "hour": 12, "length_m": 1155.8, "minutes": 21.4, "sun": [ 0.759, 0.73, 0.791, 0.791, 0.363 ] }, "geometry": { "type": "LineString", "coordinates": [ [ -79.9539738, 40.4525188 ], [ -79.9537782, 40.4521996 ], [ -79.9536723, 40.4520269 ], [ -79.9534165, 40.451609500000011 ], [ -79.9533825, 40.451554 ] ] } },
{ "type": "Feature", "properties": { "persona": "older_adults", "hour": 18, "length_m": 1724.0, "minutes": 31.93, "sun": [ 0.501, 1.0, 1.0, 0.483, 0.483, 0.483, 0.996 ] }, "geometry": { "type": "LineString", "coordinates": [ [ -79.9612448, 40.4459905 ], [ -79.9612878, 40.44601380000001 ], [ -79.9622909, 40.4462494 ], [ -79.9638267, 40.446633 ], [ -79.9638638, 40.446725 ], [ -79.9638619, 40.4467855 ], [ -79.9637423, 40.4469439 ] ] } },
{ "type": "Feature", "properties": { "persona": "older_adults", "hour": 18, "length_m": 993.5, "minutes": 18.4, "sun": [ 0.16, 0.16, 0.16 ] }, "geometry": { "type": "LineString", "coordinates": [ [ -79.9606895, 40.4418226 ], [ -79.9603764, 40.4421656 ], [ -79.959927, 40.442659 ] ] } },
{ "type": "Feature", "properties": { "persona": "older_adults", "hour": 12, "length_m": 894.0, "minutes": 16.56, "sun": [ 0.805, 0.317, 0.706 ] }, "geometry": { "type": "LineString", "coordinates": [ [ -79.9469681, 40.4508694 ], [ -79.946987, 40.4508651 ], [ -79.9486334, 40.4503634 ] ] } },
{ "type": "Feature", "properties": { "persona": "older_adults", "hour": 12, "length_m": 985.0, "minutes": 18.24, "sun": [ 0.939, 0.333, 0.483, 0.217, 0.217 ] }, "geometry": { "type": "LineString", "coordinates": [ [ -79.9441303, 40.4483767 ], [ -79.9441418, 40.4486511 ], [ -79.944565, 40.4496143 ], [ -79.9449139, 40.4504099 ], [ -79.944916, 40.4504236 ] ] } },
{ "type": "Feature", "properties": { "persona": "older_adults", "hour": 8, "length_m": 1273.8, "minutes": 23.59, "sun": [ 0.187, 0.565, 0.565, 0.543, 0.543, 0.543, 0.558 ] }, "geometry": { "type": "LineString", "coordinates": [ [ -79.9612448, 40.4459905 ], [ -79.9612878, 40.44601380000001 ], [ -79.9622909, 40.4462494 ], [ -79.9638267, 40.446633 ], [ -79.9638638, 40.446725 ], [ -79.9638619, 40.4467855 ], [ -79.9637423, 40.4469439 ] ] } },
{ "type": "Feature", "properties": { "persona": "older_adults", "hour": 12, "length_m": 1047.7, "minutes": 19.4, "sun": [ 1.0, 0.92, 0.92 ] }, "geometry": { "type": "LineString", "coordinates": [ [ -79.9679562, 40.4412154 ], [ -79.9664988, 40.4423361 ], [ -79.9664649, 40.4423634 ] ] } },
{ "type": "Feature", "properties": { "persona": "older_adults", "hour": 15, "length_m": 1539.0, "minutes": 28.5, "sun": [ 0.966, 1.0, 1.0, 0.983, 0.983, 0.983, 1.0 ] }, "geometry": { "type": "LineString", "coordinates": [ [ -79.9612448, 40.4459905 ], [ -79.9612878, 40.44601380000001 ], [ -79.9622909, 40.4462494 ], [ -79.9638267, 40.446633 ], [ -79.9638638, 40.446725 ], [ -79.9638619, 40.4467855 ], [ -79.9637423, 40.4469439 ] ] } },
{ "type": "Feature", "properties": { "persona": "older_adults", "hour": 15, "length_m": 813.8, "minutes": 15.07, "sun": [ 0.421, 0.421, 0.421, 0.421, 1.0 ] }, "geometry": { "type": "LineString", "coordinates": [ [ -79.9595797, 40.4411337 ], [ -79.9595804, 40.4411213 ], [ -79.9595924, 40.4411002 ], [ -79.9601608, 40.4406941 ], [ -79.9601862, 40.440689 ] ] } },
{ "type": "Feature", "properties": { "persona": "older_adults", "hour": 12, "length_m": 585.8, "minutes": 10.85, "sun": [ 0.277, 0.277, 0.476 ] }, "geometry": { "type": "LineString", "coordinates": [ [ -79.9519858, 40.4463099 ], [ -79.9520006, 40.446305099999989 ], [ -79.9529899, 40.4455809 ] ] } },
{ "type": "Feature", "properties": { "persona": "older_adults", "hour": 15, "length_m": 751.6, "minutes": 13.92, "sun": [ 0.396, 0.396, 0.111, 0.111, 0.452, 0.452, 0.452 ] }, "geometry": { "type": "LineString", "coordinates": [ [ -79.9585389, 40.4362071 ], [ -79.9586476, 40.436305 ], [ -79.9592203, 40.4367582 ], [ -79.9595556, 40.4370277 ], [ -79.9602161, 40.4375662 ], [ -79.96023550000001, 40.4375733 ], [ -79.9602546, 40.4375735 ] ] } },
{ "type": "Feature", "properties": { "persona": "older_adults", "hour": 12, "length_m": 1418.2, "minutes": 26.26, "sun": [ 0.754, 1.0, 1.0, 0.949, 0.949, 0.949, 1.0 ] }, "geometry": { "type": "LineString", "coordinates": [ [ -79.9612448, 40.4459905 ], [ -79.9612878, 40.44601380000001 ], [ -79.9622909, 40.4462494 ], [ -79.9638267, 40.446633 ], [ -79.9638638, 40.446725 ], [ -79.9638619, 40.4467855 ], [ -79.9637423, 40.4469439 ] ] } },
{ "type": "Feature", "properties": { "persona": "older_adults", "hour": 15, "length_m": 926.4, "minutes": 17.16, "sun": [ 1.0, 1.0, 0.592, 0.592, 0.592 ] }, "geometry": { "type": "LineString", "coordinates": [ [ -79.958653, 40.4378399 ], [ -79.9592397, 40.438312799999984 ], [ -79.9595482, 40.4385588 ], [ -79.9597936, 40.438766 ], [ -79.9598119, 40.4387812 ] ] } },
{ "type": "Feature", "properties": { "persona": "older_adults", "hour": 8, "length_m": 1252.8, "minutes": 23.2, "sun": [ 0.421, 0.49, 0.49, 0.49, 0.689, 0.689, 0.689, 0.689, 0.689, 0.358 ] }, "geometry": { "type": "LineString", "coordinates": [ [ -79.9454544, 40.447284199999977 ], [ -79.9456077, 40.4473001 ], [ -79.9460057, 40.4472734 ], [ -79.9461254, 40.4472566 ], [ -79.9465455, 40.4472235 ], [ -79.9469573, 40.4471932 ], [ -79.9469794, 40.4471712 ], [ -79.9471574, 40.4471583 ], [ -79.9472162, 40.4471541 ], [ -79.9472238, 40.4471554 ] ] } },
{ "type": "Feature", "properties": { "persona": "older_adults", "hour": 18, "length_m": 375.2, "minutes": 6.95, "sun": [ 0.573, 0.347 ] }, "geometry": { "type": "LineString", "coordinates": [ [ -79.9510833, 40.4478542 ], [ -79.9514019, 40.4483836 ] ] } },
{ "type": "Feature", "properties": { "persona": "older_adults", "hour": 8, "length_m": 654.4, "minutes": 12.12, "sun": [ 0.906, 0.111, 0.111, 0.111, 0.544 ] }, "geometry": { "type": "LineString", "coordinates": [ [ -79.9447667, 40.4447106 ], [ -79.9449466, 40.4446994 ], [ -79.9454344, 40.4446712 ], [ -79.9458329, 40.4446533 ], [ -79.9461185, 40.4446441 ] ] } },
{ "type": "Feature", "properties": { "persona": "older_adults", "hour": 12, "length_m": 811.2, "minutes": 15.02, "sun": [ 0.902, 0.902, 0.902, 0.918, 0.918 ] }, "geometry": { "type": "LineString", "coordinates": [ [ -79.9546422, 40.4375177 ], [ -79.954646, 40.4375296 ], [ -79.9546542, 40.437541 ], [ -79.9562594, 40.438836499999987 ], [ -79.956606, 40.4391186 ] ] } },
{ "type": "Feature", "properties": { "persona": "older_adults", "hour": 12, "length_m": 878.2, "minutes": 16.26, "sun": [ 0.972, 0.8, 0.853 ] }, "geometry": { "type": "LineString", "coordinates": [ [ -79.947412, 40.453198499999985 ], [ -79.9495629, 40.4525574 ], [ -79.9495894, 40.4525407 ] ] } },
{ "type": "Feature", "properties": { "persona": "older_adults", "hour": 8, "length_m": 708.4, "minutes": 13.12, "sun": [ 1.0, 1.0, 0.904, 0.904, 0.0, 0.0, 0.0 ] }, "geometry": { "type": "LineString", "coordinates": [ [ -79.9585389, 40.4362071 ], [ -79.9586476, 40.436305 ], [ -79.9592203, 40.4367582 ], [ -79.9595556, 40.4370277 ], [ -79.9602161, 40.4375662 ], [ -79.96023550000001, 40.4375733 ], [ -79.9602546, 40.4375735 ] ] } },
{ "type": "Feature", "properties": { "persona": "older_adults", "hour": 12, "length_m": 1260.1, "minutes": 23.34, "sun": [ 0.252, 0.575, 0.575, 0.575, 0.575, 0.575, 0.575, 0.575, 0.575, 0.575, 0.575, 0.575, 0.575, 0.575, 0.575, 0.83 ] }, "geometry": { "type": "LineString", "coordinates": [ [ -79.957452700000019, 40.4477947 ], [ -79.9574722, 40.4477931 ], [ -79.9574836, 40.4477885 ], [ -79.957956, 40.4474423 ], [ -79.958023700000012, 40.4473908 ], [ -79.9580502, 40.4473709 ], [ -79.9580733, 40.4473451 ], [ -79.9580874, 40.4473219 ], [ -79.9580995, 40.4472979 ], [ -79.9581052, 40.4472726 ], [ -79.9581032, 40.4472379 ], [ -79.9580971, 40.4472058 ], [ -79.9580897, 40.4471859 ], [ -79.9580703, 40.4471604 ], [ -79.9580555, 40.447143 ], [ -79.9569644, 40.4462614 ] ] } },
{ "type": "Feature", "properties": { "persona": "older_adults", "hour": 15, "length_m": 631.6, "minutes": 11.7, "sun": [ 0.816, 0.778, 1.0 ] }, "geometry": { "type": "LineString", "coordinates": [ [ -79.9597539, 40.4396461 ], [ -79.9612115, 40.4385871 ], [ -79.9612346, 40.4385726 ] ] } },
{ "type": "Feature", "properties": { "persona": "older_adults", "hour": 15, "length_m": 333.6, "minutes": 6.18, "sun": [ 0.831, 0.797, 0.836 ] }, "geometry": { "type": "LineString", "coordinates": [ [ -79.952328200000011, 40.4523777 ], [ -79.9527111, 40.4529886 ], [ -79.9530127, 40.4534699 ] ] } },
{ "type": "Feature", "properties": { "persona": "older_adults", "hour": 8, "length_m": 469.6, "minutes": 8.7, "sun": [ 0.426, 0.153, 0.153 ] }, "geometry": { "type": "LineString", "coordinates": [ [ -79.9511684, 40.4506683 ], [ -79.9514573, 40.4511345 ], [ -79.9514874, 40.4511837 ] ] } },
{ "type": "Feature", "properties": { "persona": "older_adults", "hour": 8, "length_m": 657.7, "minutes": 12.18, "sun": [ 0.108, 0.108, 0.108, 0.108, 0.108, 0.108, 0.108, 0.108, 0.376 ] }, "geometry": { "type": "LineString", "coordinates": [ [ -79.961242, 40.4383779 ], [ -79.9612289, 40.4383743 ], [ -79.9612038, 40.4383542 ], [ -79.9604085, 40.4377213 ], [ -79.9603689, 40.4376881 ], [ -79.9603629, 40.4376744 ], [ -79.9603619, 40.4376534 ], [ -79.9603374, 40.4376534 ], [ -79.9602886, 40.4376095 ] ] } },
{ "type": "Feature", "properties": { "persona": "older_adults", "hour": 12, "length_m": 680.0, "minutes": 12.59, "sun": [ 1.0, 0.771, 0.771, 0.771, 0.955, 0.955, 0.955, 0.955, 0.955, 0.955, 0.955, 0.955, 0.955 ] }, "geometry": { "type": "LineString", "coordinates": [ [ -79.9507697, 40.4468993 ], [ -79.9508013, 40.4468934 ], [ -79.9510854, 40.4468791 ], [ -79.9512321, 40.446872 ], [ -79.9513145, 40.4468597 ], [ -79.9514095, 40.4468416 ], [ -79.9515169, 40.446815 ], [ -79.9515855, 40.4467941 ], [ -79.9516349, 40.4467765 ], [ -79.9517354, 40.4467314 ], [ -79.9517916, 40.4467095 ], [ -79.9518128, 40.4467043 ], [ -79.9518246, 40.4467047 ] ] } },
{ "type": "Feature", "properties": { "persona": "older_adults", "hour": 12, "length_m": 1686.1, "minutes": 31.22, "sun": [ 0.754, 1.0, 1.0, 0.949, 0.949, 0.949, 1.0 ] }, "geometry": { "type": "LineString", "coordinates": [ [ -79.9612448, 40.4459905 ], [ -79.9612878, 40.44601380000001 ], [ -79.9622909, 40.4462494 ], [ -79.9638267, 40.446633 ], [ -79.9638638, 40.446725 ], [ -79.9638619, 40.4467855 ], [ -79.9637423, 40.4469439 ] ] } },
{ "type": "Feature", "properties": { "persona": "older_adults", "hour": 12, "length_m": 777.2, "minutes": 14.39, "sun": [ 0.559, 0.559, 0.559, 0.559, 0.657, 0.657, 0.725 ] }, "geometry": { "type": "LineString", "coordinates": [ [ -79.954858, 40.4508714 ], [ -79.9546478, 40.451018099999985 ], [ -79.954599500000015, 40.4510456 ], [ -79.9545329, 40.4510724 ], [ -79.9541115, 40.4512009 ], [ -79.95410480000001, 40.4512011 ], [ -79.954100400000016, 40.4512008 ] ] } },
{ "type": "Feature", "properties": { "persona": "older_adults", "hour": 12, "length_m": 1488.2, "minutes": 27.56, "sun": [ 1.0, 0.855, 0.855, 0.856, 0.856, 0.856, 0.856, 0.856, 1.0 ] }, "geometry": { "type": "LineString", "coordinates": [ [ -79.9631805, 40.4446132 ], [ -79.9631738, 40.4445788 ], [ -79.9631966, 40.4445341 ], [ -79.9632548, 40.4443802 ], [ -79.9632881, 40.4441397 ], [ -79.9633047, 40.4439783 ], [ -79.9632847, 40.443858 ], [ -79.9632448, 40.443741499999987 ], [ -79.9631691, 40.4436061 ] ] } },
{ "type": "Feature", "properties": { "persona": "older_adults", "hour": 15, "length_m": 699.4, "minutes": 12.95, "sun": [ 0.604, 0.633, 1.0 ] }, "geometry": { "type": "LineString", "coordinates": [ [ -79.9509184, 40.4495875 ], [ -79.9517372, 40.4489962 ], [ -79.9517411, 40.4489909 ] ] } },
{ "type": "Feature", "properties": { "persona": "older_adults", "hour": 12, "length_m": 765.2, "minutes": 14.17, "sun": [ 1.0, 0.95, 0.95, 0.95, 1.0 ] }, "geometry": { "type": "LineString", "coordinates": [ [ -79.9508414, 40.4474521 ], [ -79.9505923, 40.44703830000001 ], [ -79.9505399, 40.4469618 ], [ -79.9505096, 40.4469351 ], [ -79.9504913, 40.4469255 ] ] } },
{ "type": "Feature", "properties": { "persona": "older_adults", "hour": 12, "length_m": 1105.8, "minutes": 20.48, "sun": [ 0.679, 0.679, 0.679, 0.679, 0.679, 0.556 ] }, "geometry": { "type": "LineString", "coordinates": [ [ -79.9539471, 40.438208699999983 ], [ -79.9539628, 40.4382146 ], [ -79.9542801, 40.4384696 ], [ -79.9547919, 40.4388828 ], [ -79.9554192, 40.4393998 ], [ -79.9557525, 40.4396649 ] ] } },
{ "type": "Feature", "properties": { "persona": "older_adults", "hour": 12, "length_m": 708.4, "minutes": 13.12, "sun": [ 0.679, 0.679, 0.547, 0.547, 0.584, 0.584, 0.584 ] }, "geometry": { "type": "LineString", "coordinates": [ [ -79.9585389, 40.4362071 ], [ -79.9586476, 40.436305 ], [ -79.9592203, 40.4367582 ], [ -79.9595556, 40.4370277 ], [ -79.9602161, 40.4375662 ], [ -79.96023550000001, 40.4375733 ], [ -79.9602546, 40.4375735 ] ] } },
{ "type": "Feature", "properties": { "persona": "older_adults", "hour": 15, "length_m": 1013.3, "minutes": 18.76, "sun": [ 0.933, 0.933, 0.861 ] }, "geometry": { "type": "LineString", "coordinates": [ [ -79.9656703, 40.4428046 ], [ -79.9656623, 40.4428018 ], [ -79.9654918, 40.4404015 ] ] } },
{ "type": "Feature", "properties": { "persona": "older_adults", "hour": 15, "length_m": 1105.8, "minutes": 20.48, "sun": [ 0.743, 0.743, 0.743, 0.535, 0.535, 1.0 ] }, "geometry": { "type": "LineString", "coordinates": [ [ -79.9539471, 40.438208699999983 ], [ -79.9539628, 40.4382146 ], [ -79.9542801, 40.4384696 ], [ -79.9547919, 40.4388828 ], [ -79.9554192, 40.4393998 ], [ -79.9557525, 40.4396649 ] ] } },
{ "type": "Feature", "properties": { "persona": "older_adults", "hour": 8, "length_m": 200.5, "minutes": 3.71, "sun": [ 0.0, 0.0, 0.0, 0.0 ] }, "geometry": { "type": "LineString", "coordinates": [ [ -79.9531716, 40.451473 ], [ -79.9520789, 40.451796699999989 ], [ -79.9520689, 40.4517953 ], [ -79.952062600000019, 40.45179430000001 ] ] } },
{ "type": "Feature", "properties": { "persona": "older_adults", "hour": 12, "length_m": 919.4, "minutes": 17.03, "sun": [ 1.0, 0.864, 0.847, 0.694, 0.694 ] }, "geometry": { "type": "LineString", "coordinates": [ [ -79.9545704, 40.4376224 ], [ -79.9553092, 40.4382172 ], [ -79.9560876, 40.4388449 ], [ -79.9564843, 40.4391691 ], [ -79.9564886, 40.4391852 ] ] } },
{ "type": "Feature", "properties": { "persona": "older_adults", "hour": 12, "length_m": 1004.9, "minutes": 18.61, "sun": [ 0.702, 0.702, 0.702, 0.913, 0.913, 0.727, 0.727, 0.727, 0.727 ] }, "geometry": { "type": "LineString", "coordinates": [ [ -79.9638125, 40.4409429 ], [ -79.9638055, 40.4409401 ], [ -79.9637985, 40.4409357 ], [ -79.9632742, 40.4405261 ], [ -79.962456, 40.4398758 ], [ -79.9619094, 40.4394266 ], [ -79.9618631, 40.4393884 ], [ -79.9618587, 40.4393817 ], [ -79.9618583, 40.4393757 ] ] } },
{ "type": "Feature", "properties": { "persona": "older_adults", "hour": 8, "length_m": 2098.5, "minutes": 38.86, "sun": [ 0.187, 0.565, 0.565, 0.543, 0.543, 0.543, 0.558 ] }, "geometry": { "type": "LineString", "coordinates": [ [ -79.9612448, 40.4459905 ], [ -79.9612878, 40.44601380000001 ], [ -79.9622909, 40.4462494 ], [ -79.9638267, 40.446633 ], [ -79.9638638, 40.446725 ], [ -79.9638619, 40.4467855 ], [ -79.9637423, 40.4469439 ] ] } },
{ "type": "Feature", "properties": { "persona": "older_adults", "hour": 15, "length_m": 780.1, "minutes": 14.45, "sun": [ 1.0, 0.477, 0.477, 1.0 ] }, "geometry": { "type": "LineString", "coordinates": [ [ -79.9574475, 40.4426414 ], [ -79.9567405, 40.4431569 ], [ -79.9567299, 40.443172 ], [ -79.9567272, 40.4431807 ] ] } },
{ "type": "Feature", "properties": { "persona": "older_adults", "hour": 8, "length_m": 827.3, "minutes": 15.32, "sun": [ 0.0, 0.0, 0.0 ] }, "geometry": { "type": "LineString", "coordinates": [ [ -79.9606895, 40.4418226 ], [ -79.9603764, 40.4421656 ], [ -79.959927, 40.442659 ] ] } },
{ "type": "Feature", "properties": { "persona": "older_adults", "hour": 12, "length_m": 158.1, "minutes": 2.93, "sun": [ 1.0, 1.0, 1.0, 1.0, 0.96 ] }, "geometry": { "type": "LineString", "coordinates": [ [ -79.9561739, 40.4379994 ], [ -79.9557343, 40.4376418 ], [ -79.9550728, 40.4371088 ], [ -79.9550704, 40.4371056 ], [ -79.9550692, 40.4371018 ] ] } },
{ "type": "Feature", "properties": { "persona": "older_adults", "hour": 15, "length_m": 696.3, "minutes": 12.89, "sun": [ 0.98, 0.797 ] }, "geometry": { "type": "LineString", "coordinates": [ [ -79.9529335, 40.4506735 ], [ -79.9523954, 40.4497759 ] ] } },
{ "type": "Feature", "properties": { "persona": "older_adults", "hour": 12, "length_m": 671.8, "minutes": 12.44, "sun": [ 1.0, 1.0, 1.0, 0.968, 0.968, 0.968, 0.968, 0.968, 0.968, 0.968, 0.968, 0.968, 0.968 ] }, "geometry": { "type": "LineString", "coordinates": [ [ -79.9644567, 40.4443083 ], [ -79.9646744, 40.4446272 ], [ -79.9646919, 40.4446799 ], [ -79.9648751, 40.4449454 ], [ -79.9649814, 40.445101399999984 ], [ -79.96499230000002, 40.4451529 ], [ -79.9649869, 40.4452089 ], [ -79.9649657, 40.4452576 ], [ -79.964915, 40.4453059 ], [ -79.9648542, 40.4453453 ], [ -79.9649184, 40.445406 ], [ -79.9648604, 40.445444899999984 ], [ -79.9649189, 40.445494 ] ] } },
{ "type": "Feature", "properties": { "persona": "older_adults", "hour": 12, "length_m": 982.2, "minutes": 18.19, "sun": [ 1.0, 0.461, 0.461, 0.461, 0.362 ] }, "geometry": { "type": "LineString", "coordinates": [ [ -79.9554699, 40.44917 ], [ -79.9554511, 40.4491283 ], [ -79.9554203, 40.4490744 ], [ -79.9553626, 40.4490147 ], [ -79.9542146, 40.4480934 ] ] } },
{ "type": "Feature", "properties": { "persona": "older_adults", "hour": 15, "length_m": 683.0, "minutes": 12.65, "sun": [ 0.41, 0.41, 0.41 ] }, "geometry": { "type": "LineString", "coordinates": [ [ -79.9606895, 40.4418226 ], [ -79.9603764, 40.4421656 ], [ -79.959927, 40.442659 ] ] } },
{ "type": "Feature", "properties": { "persona": "older_adults", "hour": 12, "length_m": 1095.9, "minutes": 20.29, "sun": [ 0.679, 0.679, 0.547, 0.547, 0.584, 0.584, 0.584 ] }, "geometry": { "type": "LineString", "coordinates": [ [ -79.9585389, 40.4362071 ], [ -79.9586476, 40.436305 ], [ -79.9592203, 40.4367582 ], [ -79.9595556, 40.4370277 ], [ -79.9602161, 40.4375662 ], [ -79.96023550000001, 40.4375733 ], [ -79.9602546, 40.4375735 ] ] } },
{ "type": "Feature", "properties": { "persona": "older_adults", "hour": 8, "length_m": 916.4, "minutes": 16.97, "sun": [ 0.0, 0.391, 0.391 ] }, "geometry": { "type": "LineString", "coordinates": [ [ -79.9548731, 40.437119100000011 ], [ -79.9539595, 40.438017 ], [ -79.9539409, 40.4380245 ] ] } },
{ "type": "Feature", "properties": { "persona": "older_adults", "hour": 12, "length_m": 680.1, "minutes": 12.59, "sun": [ 0.401, 1.0, 0.575 ] }, "geometry": { "type": "LineString", "coordinates": [ [ -79.9597539, 40.4396461 ], [ -79.9612115, 40.4385871 ], [ -79.9612346, 40.4385726 ] ] } },
{ "type": "Feature", "properties": { "persona": "older_adults", "hour": 8, "length_m": 881.3, "minutes": 16.32, "sun": [ 1.0, 0.658, 0.658, 0.658 ] }, "geometry": { "type": "LineString", "coordinates": [ [ -79.952222, 40.443417 ], [ -79.953137, 40.443173699999988 ], [ -79.9533346, 40.4431215 ], [ -79.9533599, 40.443125 ] ] } },
{ "type": "Feature", "properties": { "persona": "older_adults", "hour": 15, "length_m": 449.7, "minutes": 8.33, "sun": [ 0.339, 0.339, 0.49, 0.49, 0.49 ] }, "geometry": { "type": "LineString", "coordinates": [ [ -79.9450473, 40.450361900000011 ], [ -79.9454434, 40.4500022 ], [ -79.9458725, 40.4496099 ], [ -79.9459254, 40.449558 ], [ -79.9459498, 40.449532599999984 ] ] } },
{ "type": "Feature", "properties": { "persona": "older_adults", "hour": 12, "length_m": 737.3, "minutes": 13.65, "sun": [ 0.702, 0.702, 0.702, 0.913, 0.913, 0.727, 0.727, 0.727, 0.727 ] }, "geometry": { "type": "LineString", "coordinates": [ [ -79.9638125, 40.4409429 ], [ -79.9638055, 40.4409401 ], [ -79.9637985, 40.4409357 ], [ -79.9632742, 40.4405261 ], [ -79.962456, 40.4398758 ], [ -79.9619094, 40.4394266 ], [ -79.9618631, 40.4393884 ], [ -79.9618587, 40.4393817 ], [ -79.9618583, 40.4393757 ] ] } },
{ "type": "Feature", "properties": { "persona": "older_adults", "hour": 12, "length_m": 1255.4, "minutes": 23.25, "sun": [ 0.929, 0.774, 0.774, 0.237, 0.237, 0.237, 0.237, 0.219, 0.219, 0.219, 0.219, 0.219, 0.219, 0.306, 0.306, 0.306, 0.306, 0.306, 0.306, 0.306, 0.306, 0.306, 0.874 ] }, "geometry": { "type": "LineString", "coordinates": [ [ -79.9647197, 40.4487879 ], [ -79.964732, 40.4487632 ], [ -79.9647361, 40.4487356 ], [ -79.9647115, 40.4486664 ], [ -79.964693, 40.4486071 ], [ -79.9647115, 40.4485504 ], [ -79.9647415, 40.4485041 ], [ -79.9654595, 40.4479757 ], [ -79.9655326, 40.44789810000001 ], [ -79.9655668, 40.447855 ], [ -79.9655982, 40.4478024 ], [ -79.9657154, 40.4474679 ], [ -79.9657708, 40.4472998 ], [ -79.965805, 40.4471911 ], [ -79.965822, 40.4471027 ], [ -79.965833, 40.4469996 ], [ -79.9658391, 40.446906 ], [ -79.965837800000017, 40.4468082 ], [ -79.9658282, 40.4467156 ], [ -79.9657995, 40.4465418 ], [ -79.9657634, 40.446435799999989 ], [ -79.9657483, 40.4463881 ], [ -79.965741, 40.4463709 ] ] } },
{ "type": "Feature", "properties": { "persona": "older_adults", "hour": 12, "length_m": 1005.4, "minutes": 18.62, "sun": [ 0.143, 0.143, 0.143 ] }, "geometry": { "type": "LineString", "coordinates": [ [ -79.9606895, 40.4418226 ], [ -79.9603764, 40.4421656 ], [ -79.959927, 40.442659 ] ] } },
{ "type": "Feature", "properties": { "persona": "older_adults", "hour": 18, "length_m": 426.4, "minutes": 7.9, "sun": [ 0.536, 0.287, 0.287, 0.745 ] }, "geometry": { "type": "LineString", "coordinates": [ [ -79.9567272, 40.4431807 ], [ -79.9567299, 40.443172 ], [ -79.9567405, 40.4431569 ], [ -79.9574475, 40.4426414 ] ] } },
{ "type": "Feature", "properties": { "persona": "older_adults", "hour": 12, "length_m": 947.0, "minutes": 17.54, "sun": [ 1.0, 0.334, 0.334, 0.367, 0.939 ] }, "geometry": { "type": "LineString", "coordinates": [ [ -79.9494364, 40.454013 ], [ -79.949507200000014, 40.4540016 ], [ -79.9497649, 40.4539941 ], [ -79.9509752, 40.4539721 ], [ -79.9517364, 40.453966499999986 ] ] } },
{ "type": "Feature", "properties": { "persona": "older_adults", "hour": 15, "length_m": 451.8, "minutes": 8.37, "sun": [ 1.0, 0.738, 0.738, 0.738, 0.444 ] }, "geometry": { "type": "LineString", "coordinates": [ [ -79.9554699, 40.44917 ], [ -79.9554511, 40.4491283 ], [ -79.9554203, 40.4490744 ], [ -79.9553626, 40.4490147 ], [ -79.9542146, 40.4480934 ] ] } },
{ "type": "Feature", "properties": { "persona": "older_adults", "hour": 12, "length_m": 1048.1, "minutes": 19.41, "sun": [ 0.702, 0.702, 0.702, 0.913, 0.913, 0.727, 0.727, 0.727, 0.727 ] }, "geometry": { "type": "LineString", "coordinates": [ [ -79.9638125, 40.4409429 ], [ -79.9638055, 40.4409401 ], [ -79.9637985, 40.4409357 ], [ -79.9632742, 40.4405261 ], [ -79.962456, 40.4398758 ], [ -79.9619094, 40.4394266 ], [ -79.9618631, 40.4393884 ], [ -79.9618587, 40.4393817 ], [ -79.9618583, 40.4393757 ] ] } },
{ "type": "Feature", "properties": { "persona": "older_adults", "hour": 12, "length_m": 806.7, "minutes": 14.94, "sun": [ 0.759, 0.73, 0.791, 0.791, 0.363 ] }, "geometry": { "type": "LineString", "coordinates": [ [ -79.9539738, 40.4525188 ], [ -79.9537782, 40.4521996 ], [ -79.9536723, 40.4520269 ], [ -79.9534165, 40.451609500000011 ], [ -79.9533825, 40.451554 ] ] } },
{ "type": "Feature", "properties": { "persona": "older_adults", "hour": 8, "length_m": 1254.5, "minutes": 23.23, "sun": [ 0.187, 0.565, 0.565, 0.543, 0.543, 0.543, 0.558 ] }, "geometry": { "type": "LineString", "coordinates": [ [ -79.9612448, 40.4459905 ], [ -79.9612878, 40.44601380000001 ], [ -79.9622909, 40.4462494 ], [ -79.9638267, 40.446633 ], [ -79.9638638, 40.446725 ], [ -79.9638619, 40.4467855 ], [ -79.9637423, 40.4469439 ] ] } },
{ "type": "Feature", "properties": { "persona": "older_adults", "hour": 15, "length_m": 678.3, "minutes": 12.56, "sun": [ 0.98, 0.797 ] }, "geometry": { "type": "LineString", "coordinates": [ [ -79.9529335, 40.4506735 ], [ -79.9523954, 40.4497759 ] ] } },
{ "type": "Feature", "properties": { "persona": "older_adults", "hour": 15, "length_m": 745.6, "minutes": 13.81, "sun": [ 1.0, 0.83, 0.83, 0.83, 0.83, 0.83, 0.983, 0.983, 0.983, 0.591, 0.591, 0.591 ] }, "geometry": { "type": "LineString", "coordinates": [ [ -79.9637539, 40.4378279 ], [ -79.9637303, 40.4378388 ], [ -79.9636194, 40.4378922 ], [ -79.9635377, 40.437932 ], [ -79.9634183, 40.438023200000011 ], [ -79.9631376, 40.438216 ], [ -79.9630587, 40.4382805 ], [ -79.9628001, 40.4384723 ], [ -79.9624268, 40.438762099999977 ], [ -79.9620766, 40.4390362 ], [ -79.9620574, 40.4390403 ], [ -79.9620403, 40.4390351 ] ] } },
{ "type": "Feature", "properties": { "persona": "older_adults", "hour": 15, "length_m": 468.8, "minutes": 8.68, "sun": [ 1.0, 0.722, 0.722, 0.722, 0.722 ] }, "geometry": { "type": "LineString", "coordinates": [ [ -79.9572217, 40.438837200000016 ], [ -79.9572221, 40.4388406 ], [ -79.957224, 40.4388441 ], [ -79.957871, 40.439369 ], [ -79.9579249, 40.439412 ] ] } },
{ "type": "Feature", "properties": { "persona": "older_adults", "hour": 12, "length_m": 892.2, "minutes": 16.52, "sun": [ 0.809, 0.74, 0.702, 0.702, 0.702, 0.702, 0.702, 0.702, 1.0 ] }, "geometry": { "type": "LineString", "coordinates": [ [ -79.9654818, 40.4402945 ], [ -79.9648091, 40.4403998 ], [ -79.9644737, 40.4404465 ], [ -79.9643785, 40.4404603 ], [ -79.9643349, 40.4404679 ], [ -79.9643067, 40.4404776 ], [ -79.964286, 40.4404904 ], [ -79.9640704, 40.4406915 ], [ -79.9640412, 40.440720399999989 ] ] } },
{ "type": "Feature", "properties": { "persona": "older_adults", "hour": 15, "length_m": 829.9, "minutes": 15.37, "sun": [ 1.0, 1.0, 1.0, 1.0, 1.0 ] }, "geometry": { "type": "LineString", "coordinates": [ [ -79.958535, 40.4377611 ], [ -79.9585343, 40.4377484 ], [ -79.9585236, 40.4377364 ], [ -79.957442, 40.4368619 ], [ -79.9568801, 40.4364139 ] ] } },
{ "type": "Feature", "properties": { "persona": "older_adults", "hour": 15, "length_m": 979.8, "minutes": 18.14, "sun": [ 0.816, 0.778, 1.0 ] }, "geometry": { "type": "LineString", "coordinates": [ [ -79.9597539, 40.4396461 ], [ -79.9612115, 40.4385871 ], [ -79.9612346, 40.4385726 ] ] } },
{ "type": "Feature", "properties": { "persona": "older_adults", "hour": 18, "length_m": 732.9, "minutes": 13.57, "sun": [ 0.729, 0.741, 0.707 ] }, "geometry": { "type": "LineString", "coordinates": [ [ -79.952328200000011, 40.4523777 ], [ -79.9527111, 40.4529886 ], [ -79.9530127, 40.4534699 ] ] } },
{ "type": "Feature", "properties": { "persona": "older_adults", "hour": 15, "length_m": 995.2, "minutes": 18.43, "sun": [ 1.0, 0.964, 0.964, 1.0, 1.0, 1.0, 1.0, 1.0, 1.0 ] }, "geometry": { "type": "LineString", "coordinates": [ [ -79.9631805, 40.4446132 ], [ -79.9631738, 40.4445788 ], [ -79.9631966, 40.4445341 ], [ -79.9632548, 40.4443802 ], [ -79.9632881, 40.4441397 ], [ -79.9633047, 40.4439783 ], [ -79.9632847, 40.443858 ], [ -79.9632448, 40.443741499999987 ], [ -79.9631691, 40.4436061 ] ] } },
{ "type": "Feature", "properties": { "persona": "older_adults", "hour": 15, "length_m": 1019.8, "minutes": 18.89, "sun": [ 1.0, 0.798, 0.139, 1.0 ] }, "geometry": { "type": "LineString", "coordinates": [ [ -79.9540399, 40.4381148 ], [ -79.95405, 40.4381351 ], [ -79.9552776, 40.4391159 ], [ -79.9558982, 40.4396139 ] ] } },
{ "type": "Feature", "properties": { "persona": "older_adults", "hour": 15, "length_m": 1057.8, "minutes": 19.59, "sun": [ 0.722, 0.722, 0.722, 0.896, 0.896, 0.493, 0.493, 0.493, 0.493 ] }, "geometry": { "type": "LineString", "coordinates": [ [ -79.9638125, 40.4409429 ], [ -79.9638055, 40.4409401 ], [ -79.9637985, 40.4409357 ], [ -79.9632742, 40.4405261 ], [ -79.962456, 40.4398758 ], [ -79.9619094, 40.4394266 ], [ -79.9618631, 40.4393884 ], [ -79.9618587, 40.4393817 ], [ -79.9618583, 40.4393757 ] ] } },
{ "type": "Feature", "properties": { "persona": "older_adults", "hour": 18, "length_m": 609.9, "minutes": 11.29, "sun": [ 1.0, 0.681, 0.623 ] }, "geometry": { "type": "LineString", "coordinates": [ [ -79.9687505, 40.4492791 ], [ -79.9677222, 40.447605799999984 ], [ -79.9677247, 40.4476002 ] ] } },
{ "type": "Feature", "properties": { "persona": "older_adults", "hour": 8, "length_m": 259.2, "minutes": 4.8, "sun": [ 0.247, 0.345, 0.201 ] }, "geometry": { "type": "LineString", "coordinates": [ [ -79.9492432, 40.4531059 ], [ -79.9493274, 40.4532702 ], [ -79.9494364, 40.454013 ] ] } },
{ "type": "Feature", "properties": { "persona": "older_adults", "hour": 12, "length_m": 722.2, "minutes": 13.37, "sun": [ 0.143, 0.143, 0.143 ] }, "geometry": { "type": "LineString", "coordinates": [ [ -79.9606895, 40.4418226 ], [ -79.9603764, 40.4421656 ], [ -79.959927, 40.442659 ] ] } },
{ "type": "Feature", "properties": { "persona": "older_adults", "hour": 15, "length_m": 722.1, "minutes": 13.37, "sun": [ 1.0, 0.55, 0.55, 0.367, 1.0 ] }, "geometry": { "type": "LineString", "coordinates": [ [ -79.9494364, 40.454013 ], [ -79.949507200000014, 40.4540016 ], [ -79.9497649, 40.4539941 ], [ -79.9509752, 40.4539721 ], [ -79.9517364, 40.453966499999986 ] ] } },
{ "type": "Feature", "properties": { "persona": "older_adults", "hour": 15, "length_m": 1157.8, "minutes": 21.44, "sun": [ 0.745, 0.745, 0.745, 0.745, 0.745, 0.745, 0.581 ] }, "geometry": { "type": "LineString", "coordinates": [ [ -79.9487845, 40.4443279 ], [ -79.9488859, 40.4443029 ], [ -79.9489721, 40.4442817 ], [ -79.949025, 40.444233 ], [ -79.9493857, 40.4441415 ], [ -79.94947, 40.444156 ], [ -79.9504315, 40.4438999 ] ] } },
{ "type": "Feature", "properties": { "persona": "older_adults", "hour": 15, "length_m": 515.9, "minutes": 9.55, "sun": [ 0.591, 0.591, 0.591, 0.591, 0.869, 0.869 ] }, "geometry": { "type": "LineString", "coordinates": [ [ -79.9446594, 40.4516138 ], [ -79.9446375, 40.4516178 ], [ -79.9445705, 40.4516299 ], [ -79.9445197, 40.4516398 ], [ -79.9434769, 40.451851 ], [ -79.9434545, 40.4518558 ] ] } },
{ "type": "Feature", "properties": { "persona": "older_adults", "hour": 8, "length_m": 427.5, "minutes": 7.92, "sun": [ 0.247, 0.345, 0.201 ] }, "geometry": { "type": "LineString", "coordinates": [ [ -79.9492432, 40.4531059 ], [ -79.9493274, 40.4532702 ], [ -79.9494364, 40.454013 ] ] } },
{ "type": "Feature", "properties": { "persona": "older_adults", "hour": 8, "length_m": 909.5, "minutes": 16.84, "sun": [ 0.208, 0.329 ] }, "geometry": { "type": "LineString", "coordinates": [ [ -79.9478063, 40.4480594 ], [ -79.949282, 40.4476037 ] ] } },
{ "type": "Feature", "properties": { "persona": "older_adults", "hour": 15, "length_m": 141.6, "minutes": 2.62, "sun": [ 0.636, 0.949, 0.949 ] }, "geometry": { "type": "LineString", "coordinates": [ [ -79.9627769, 40.437454 ], [ -79.9630649, 40.4372479 ], [ -79.9631045, 40.4372353 ] ] } },
{ "type": "Feature", "properties": { "persona": "older_adults", "hour": 15, "length_m": 458.4, "minutes": 8.49, "sun": [ 0.951, 0.667, 0.897 ] }, "geometry": { "type": "LineString", "coordinates": [ [ -79.9495894, 40.4525407 ], [ -79.9495629, 40.4525574 ], [ -79.947412, 40.453198499999985 ] ] } },
{ "type": "Feature", "properties": { "persona": "older_adults", "hour": 8, "length_m": 600.6, "minutes": 11.12, "sun": [ 1.0, 1.0, 0.904, 0.904, 0.0, 0.0, 0.0 ] }, "geometry": { "type": "LineString", "coordinates": [ [ -79.9585389, 40.4362071 ], [ -79.9586476, 40.436305 ], [ -79.9592203, 40.4367582 ], [ -79.9595556, 40.4370277 ], [ -79.9602161, 40.4375662 ], [ -79.96023550000001, 40.4375733 ], [ -79.9602546, 40.4375735 ] ] } },
{ "type": "Feature", "properties": { "persona": "older_adults", "hour": 18, "length_m": 1479.3, "minutes": 27.39, "sun": [ 0.575, 0.538, 0.15 ] }, "geometry": { "type": "LineString", "coordinates": [ [ -79.9572241, 40.4513735 ], [ -79.9588549, 40.4485822 ], [ -79.958993800000016, 40.44839060000001 ] ] } },
{ "type": "Feature", "properties": { "persona": "older_adults", "hour": 18, "length_m": 725.1, "minutes": 13.43, "sun": [ 0.248, 0.248, 0.248, 0.248, 0.248, 0.248, 0.318, 0.318, 0.318, 0.318 ] }, "geometry": { "type": "LineString", "coordinates": [ [ -79.9451211, 40.4505001 ], [ -79.9451238, 40.450490599999988 ], [ -79.945148, 40.450469 ], [ -79.9451753, 40.4504556 ], [ -79.9452665, 40.4503814 ], [ -79.9454693, 40.450184 ], [ -79.945956, 40.4497106 ], [ -79.946079, 40.449601400000013 ], [ -79.946359, 40.449328 ], [ -79.9464022, 40.449287299999988 ] ] } },
{ "type": "Feature", "properties": { "persona": "older_adults", "hour": 18, "length_m": 817.2, "minutes": 15.13, "sun": [ 1.0, 1.0, 0.285, 0.285, 0.285 ] }, "geometry": { "type": "LineString", "coordinates": [ [ -79.958653, 40.4378399 ], [ -79.9592397, 40.438312799999984 ], [ -79.9595482, 40.4385588 ], [ -79.9597936, 40.438766 ], [ -79.9598119, 40.4387812 ] ] } },
{ "type": "Feature", "properties": { "persona": "older_adults", "hour": 15, "length_m": 429.0, "minutes": 7.94, "sun": [ 0.412, 0.412, 0.412, 0.412, 0.412, 0.412, 0.51, 0.51, 0.51, 0.51 ] }, "geometry": { "type": "LineString", "coordinates": [ [ -79.9451211, 40.4505001 ], [ -79.9451238, 40.450490599999988 ], [ -79.945148, 40.450469 ], [ -79.9451753, 40.4504556 ], [ -79.9452665, 40.4503814 ], [ -79.9454693, 40.450184 ], [ -79.945956, 40.4497106 ], [ -79.946079, 40.449601400000013 ], [ -79.946359, 40.449328 ], [ -79.9464022, 40.449287299999988 ] ] } },
{ "type": "Feature", "properties": { "persona": "older_adults", "hour": 15, "length_m": 284.6, "minutes": 5.27, "sun": [ 1.0, 1.0 ] }, "geometry": { "type": "LineString", "coordinates": [ [ -79.9514019, 40.4483836 ], [ -79.9516951, 40.448870799999987 ] ] } },
{ "type": "Feature", "properties": { "persona": "older_adults", "hour": 15, "length_m": 700.5, "minutes": 12.97, "sun": [ 0.951, 0.667, 0.897 ] }, "geometry": { "type": "LineString", "coordinates": [ [ -79.9495894, 40.4525407 ], [ -79.9495629, 40.4525574 ], [ -79.947412, 40.453198499999985 ] ] } },
{ "type": "Feature", "properties": { "persona": "older_adults", "hour": 8, "length_m": 771.3, "minutes": 14.28, "sun": [ 0.0, 0.0, 0.0 ] }, "geometry": { "type": "LineString", "coordinates": [ [ -79.9606895, 40.4418226 ], [ -79.9603764, 40.4421656 ], [ -79.959927, 40.442659 ] ] } },
{ "type": "Feature", "properties": { "persona": "older_adults", "hour": 8, "length_m": 547.7, "minutes": 10.14, "sun": [ 0.347, 0.51 ] }, "geometry": { "type": "LineString", "coordinates": [ [ -79.9517487, 40.4525788 ], [ -79.9525723, 40.4539547 ] ] } },
{ "type": "Feature", "properties": { "persona": "older_adults", "hour": 15, "length_m": 774.5, "minutes": 14.34, "sun": [ 0.271, 0.271, 0.792, 0.636, 0.636 ] }, "geometry": { "type": "LineString", "coordinates": [ [ -79.9554895, 40.4366927 ], [ -79.95580630000002, 40.43695360000001 ], [ -79.9564539, 40.4374775 ], [ -79.9572308, 40.4380942 ], [ -79.9575781, 40.438378299999982 ] ] } },
{ "type": "Feature", "properties": { "persona": "older_adults", "hour": 15, "length_m": 999.1, "minutes": 18.5, "sun": [ 0.15, 0.15, 0.15, 0.201, 0.201, 0.201, 0.622 ] }, "geometry": { "type": "LineString", "coordinates": [ [ -79.9547853, 40.4469588 ], [ -79.9547718, 40.44696050000001 ], [ -79.9547578, 40.446968 ], [ -79.9540416, 40.4475048 ], [ -79.95389950000002, 40.4476053 ], [ -79.9538901, 40.4476166 ], [ -79.9538845, 40.4476298 ] ] } },
{ "type": "Feature", "properties": { "persona": "older_adults", "hour": 18, "length_m": 1767.1, "minutes": 32.72, "sun": [ 0.788, 0.948, 0.948, 1.0, 1.0, 1.0, 1.0, 1.0, 1.0, 1.0, 1.0, 1.0, 1.0, 0.948, 0.948, 0.948, 0.948, 0.948, 0.948, 0.948, 0.948, 0.948, 1.0 ] }, "geometry": { "type": "LineString", "coordinates": [ [ -79.9647197, 40.4487879 ], [ -79.964732, 40.4487632 ], [ -79.9647361, 40.4487356 ], [ -79.9647115, 40.4486664 ], [ -79.964693, 40.4486071 ], [ -79.9647115, 40.4485504 ], [ -79.9647415, 40.4485041 ], [ -79.9654595, 40.4479757 ], [ -79.9655326, 40.44789810000001 ], [ -79.9655668, 40.447855 ], [ -79.9655982, 40.4478024 ], [ -79.9657154, 40.4474679 ], [ -79.9657708, 40.4472998 ], [ -79.965805, 40.4471911 ], [ -79.965822, 40.4471027 ], [ -79.965833, 40.4469996 ], [ -79.9658391, 40.446906 ], [ -79.965837800000017, 40.4468082 ], [ -79.9658282, 40.4467156 ], [ -79.9657995, 40.4465418 ], [ -79.9657634, 40.446435799999989 ], [ -79.9657483, 40.4463881 ], [ -79.965741, 40.4463709 ] ] } },
{ "type": "Feature", "properties": { "persona": "older_adults", "hour": 15, "length_m": 837.5, "minutes": 15.51, "sun": [ 1.0, 0.592, 0.592, 0.592, 0.592, 0.592, 0.592, 0.422, 0.422, 0.422, 1.0 ] }, "geometry": { "type": "LineString", "coordinates": [ [ -79.955669, 40.4492013 ], [ -79.955662, 40.4492092 ], [ -79.955661, 40.4492219 ], [ -79.9556603, 40.4492561 ], [ -79.9556597, 40.4493036 ], [ -79.955657, 40.449348 ], [ -79.9556449, 40.4493969 ], [ -79.95513560000002, 40.4506382 ], [ -79.9551336, 40.4506447 ], [ -79.9551373, 40.4506499 ], [ -79.9551392, 40.45065060000001 ] ] } },
{ "type": "Feature", "properties": { "persona": "older_adults", "hour": 18, "length_m": 981.4, "minutes": 18.17, "sun": [ 1.0, 1.0, 1.0 ] }, "geometry": { "type": "LineString", "coordinates": [ [ -79.9533505, 40.4386041 ], [ -79.9533432, 40.4386262 ], [ -79.95259, 40.4393536 ] ] } },
{ "type": "Feature", "properties": { "persona": "older_adults", "hour": 8, "length_m": 458.7, "minutes": 8.49, "sun": [ 0.347, 0.23, 1.0 ] }, "geometry": { "type": "LineString", "coordinates": [ [ -79.952328200000011, 40.4523777 ], [ -79.9527111, 40.4529886 ], [ -79.9530127, 40.4534699 ] ] } },
{ "type": "Feature", "properties": { "persona": "older_adults", "hour": 15, "length_m": 686.0, "minutes": 12.7, "sun": [ 1.0, 0.714, 0.714 ] }, "geometry": { "type": "LineString", "coordinates": [ [ -79.9548731, 40.437119100000011 ], [ -79.9539595, 40.438017 ], [ -79.9539409, 40.4380245 ] ] } },
{ "type": "Feature", "properties": { "persona": "older_adults", "hour": 8, "length_m": 909.7, "minutes": 16.85, "sun": [ 0.54, 0.54, 0.433 ] }, "geometry": { "type": "LineString", "coordinates": [ [ -79.945991, 40.4525156 ], [ -79.9459988, 40.45251050000001 ], [ -79.9491667, 40.4515589 ] ] } },
{ "type": "Feature", "properties": { "persona": "older_adults", "hour": 15, "length_m": 657.3, "minutes": 12.17, "sun": [ 0.672, 0.714, 0.714 ] }, "geometry": { "type": "LineString", "coordinates": [ [ -79.9530381, 40.4373152 ], [ -79.9539145, 40.4380207 ], [ -79.9539409, 40.4380245 ] ] } },
{ "type": "Feature", "properties": { "persona": "older_adults", "hour": 8, "length_m": 631.6, "minutes": 11.7, "sun": [ 0.0, 0.013, 0.0 ] }, "geometry": { "type": "LineString", "coordinates": [ [ -79.9597539, 40.4396461 ], [ -79.9612115, 40.4385871 ], [ -79.9612346, 40.4385726 ] ] } },
{ "type": "Feature", "properties": { "persona": "older_adults", "hour": 15, "length_m": 756.1, "minutes": 14.0, "sun": [ 0.41, 0.41, 0.41 ] }, "geometry": { "type": "LineString", "coordinates": [ [ -79.9606895, 40.4418226 ], [ -79.9603764, 40.4421656 ], [ -79.959927, 40.442659 ] ] } },
{ "type": "Feature", "properties": { "persona": "older_adults", "hour": 8, "length_m": 1039.7, "minutes": 19.25, "sun": [ 0.197, 0.827, 0.596, 0.596, 0.596, 0.596, 0.596, 0.596, 0.01 ] }, "geometry": { "type": "LineString", "coordinates": [ [ -79.9654818, 40.4402945 ], [ -79.9648091, 40.4403998 ], [ -79.9644737, 40.4404465 ], [ -79.9643785, 40.4404603 ], [ -79.9643349, 40.4404679 ], [ -79.9643067, 40.4404776 ], [ -79.964286, 40.4404904 ], [ -79.9640704, 40.4406915 ], [ -79.9640412, 40.440720399999989 ] ] } },
{ "type": "Feature", "properties": { "persona": "older_adults", "hour": 15, "length_m": 827.3, "minutes": 15.32, "sun": [ 0.41, 0.41, 0.41 ] }, "geometry": { "type": "LineString", "coordinates": [ [ -79.9606895, 40.4418226 ], [ -79.9603764, 40.4421656 ], [ -79.959927, 40.442659 ] ] } },
{ "type": "Feature", "properties": { "persona": "older_adults", "hour": 8, "length_m": 945.5, "minutes": 17.51, "sun": [ 0.247, 0.837, 0.935 ] }, "geometry": { "type": "LineString", "coordinates": [ [ -79.9488261, 40.4529297 ], [ -79.9482202, 40.4531026 ], [ -79.947619, 40.4532856 ] ] } },
{ "type": "Feature", "properties": { "persona": "older_adults", "hour": 18, "length_m": 330.3, "minutes": 6.12, "sun": [ 0.0, 0.0, 0.0, 0.0, 0.561 ] }, "geometry": { "type": "LineString", "coordinates": [ [ -79.9570615, 40.4404274 ], [ -79.9572629, 40.440279499999988 ], [ -79.9575003, 40.44010990000001 ], [ -79.9575412, 40.4400807 ], [ -79.9575785, 40.440064 ] ] } },
{ "type": "Feature", "properties": { "persona": "older_adults", "hour": 8, "length_m": 1294.1, "minutes": 23.97, "sun": [ 0.0, 0.0, 0.0 ] }, "geometry": { "type": "LineString", "coordinates": [ [ -79.9606895, 40.4418226 ], [ -79.9603764, 40.4421656 ], [ -79.959927, 40.442659 ] ] } },
{ "type": "Feature", "properties": { "persona": "older_adults", "hour": 15, "length_m": 1512.1, "minutes": 28.0, "sun": [ 0.966, 1.0, 1.0, 0.983, 0.983, 0.983, 1.0 ] }, "geometry": { "type": "LineString", "coordinates": [ [ -79.9612448, 40.4459905 ], [ -79.9612878, 40.44601380000001 ], [ -79.9622909, 40.4462494 ], [ -79.9638267, 40.446633 ], [ -79.9638638, 40.446725 ], [ -79.9638619, 40.4467855 ], [ -79.9637423, 40.4469439 ] ] } },
{ "type": "Feature", "properties": { "persona": "older_adults", "hour": 8, "length_m": 853.9, "minutes": 15.81, "sun": [ 0.347, 0.23, 1.0 ] }, "geometry": { "type": "LineString", "coordinates": [ [ -79.952328200000011, 40.4523777 ], [ -79.9527111, 40.4529886 ], [ -79.9530127, 40.4534699 ] ] } },
{ "type": "Feature", "properties": { "persona": "older_adults", "hour": 18, "length_m": 920.1, "minutes": 17.04, "sun": [ 0.476, 1.0, 0.516 ] }, "geometry": { "type": "LineString", "coordinates": [ [ -79.9678775, 40.4411323 ], [ -79.966301, 40.4423349 ], [ -79.9662618, 40.4423654 ] ] } },
{ "type": "Feature", "properties": { "persona": "older_adults", "hour": 15, "length_m": 762.8, "minutes": 14.13, "sun": [ 0.831, 1.0 ] }, "geometry": { "type": "LineString", "coordinates": [ [ -79.9517487, 40.4525788 ], [ -79.9525723, 40.4539547 ] ] } },
{ "type": "Feature", "properties": { "persona": "older_adults", "hour": 15, "length_m": 1078.1, "minutes": 19.96, "sun": [ 0.541, 0.983 ] }, "geometry": { "type": "LineString", "coordinates": [ [ -79.9559837, 40.4369034 ], [ -79.9573485, 40.4380082 ] ] } },
{ "type": "Feature", "properties": { "persona": "older_adults", "hour": 15, "length_m": 503.5, "minutes": 9.32, "sun": [ 1.0, 1.0, 1.0, 1.0, 1.0 ] }, "geometry": { "type": "LineString", "coordinates": [ [ -79.9569703, 40.4414734 ], [ -79.956982900000014, 40.441470700000018 ], [ -79.9569937, 40.4414648 ], [ -79.9574985, 40.4410948 ], [ -79.9575097, 40.4410839 ] ] } },
{ "type": "Feature", "properties": { "persona": "older_adults", "hour": 18, "length_m": 1495.4, "minutes": 27.69, "sun": [ 0.501, 1.0, 1.0, 0.483, 0.483, 0.483, 0.996 ] }, "geometry": { "type": "LineString", "coordinates": [ [ -79.9612448, 40.4459905 ], [ -79.9612878, 40.44601380000001 ], [ -79.9622909, 40.4462494 ], [ -79.9638267, 40.446633 ], [ -79.9638638, 40.446725 ], [ -79.9638619, 40.4467855 ], [ -79.9637423, 40.4469439 ] ] } },
{ "type": "Feature", "properties": { "persona": "older_adults", "hour": 18, "length_m": 2057.9, "minutes": 38.11, "sun": [ 0.501, 1.0, 1.0, 0.483, 0.483, 0.483, 0.996 ] }, "geometry": { "type": "LineString", "coordinates": [ [ -79.9612448, 40.4459905 ], [ -79.9612878, 40.44601380000001 ], [ -79.9622909, 40.4462494 ], [ -79.9638267, 40.446633 ], [ -79.9638638, 40.446725 ], [ -79.9638619, 40.4467855 ], [ -79.9637423, 40.4469439 ] ] } },
{ "type": "Feature", "properties": { "persona": "older_adults", "hour": 15, "length_m": 747.4, "minutes": 13.84, "sun": [ 1.0, 1.0, 1.0, 1.0, 1.0 ] }, "geometry": { "type": "LineString", "coordinates": [ [ -79.958535, 40.4377611 ], [ -79.9585343, 40.4377484 ], [ -79.9585236, 40.4377364 ], [ -79.957442, 40.4368619 ], [ -79.9568801, 40.4364139 ] ] } },
{ "type": "Feature", "properties": { "persona": "older_adults", "hour": 15, "length_m": 978.0, "minutes": 18.11, "sun": [ 0.864, 0.175, 0.175, 0.341, 0.341, 0.341, 0.715 ] }, "geometry": { "type": "LineString", "coordinates": [ [ -79.9628664, 40.4448068 ], [ -79.962841, 40.4448322 ], [ -79.9626818, 40.4447452 ], [ -79.9616537, 40.4441842 ], [ -79.9614891, 40.4440856 ], [ -79.9612298, 40.4439394 ], [ -79.961223, 40.4439346 ] ] } },
{ "type": "Feature", "properties": { "persona": "older_adults", "hour": 15, "length_m": 657.7, "minutes": 12.18, "sun": [ 0.73, 0.73, 0.73, 0.73, 0.73, 0.73, 0.73, 0.73, 1.0 ] }, "geometry": { "type": "LineString", "coordinates": [ [ -79.961242, 40.4383779 ], [ -79.9612289, 40.4383743 ], [ -79.9612038, 40.4383542 ], [ -79.9604085, 40.4377213 ], [ -79.9603689, 40.4376881 ], [ -79.9603629, 40.4376744 ], [ -79.9603619, 40.4376534 ], [ -79.9603374, 40.4376534 ], [ -79.9602886, 40.4376095 ] ] } },
{ "type": "Feature", "properties": { "persona": "older_adults", "hour": 15, "length_m": 879.7, "minutes": 16.29, "sun": [ 0.396, 0.396, 0.111, 0.111, 0.452, 0.452, 0.452 ] }, "geometry": { "type": "LineString", "coordinates": [ [ -79.9585389, 40.4362071 ], [ -79.9586476, 40.436305 ], [ -79.9592203, 40.4367582 ], [ -79.9595556, 40.4370277 ], [ -79.9602161, 40.4375662 ], [ -79.96023550000001, 40.4375733 ], [ -79.9602546, 40.4375735 ] ] } },
{ "type": "Feature", "properties": { "persona": "older_adults", "hour": 8, "length_m": 1003.6, "minutes": 18.58, "sun": [ 0.548, 0.747, 0.747 ] }, "geometry": { "type": "LineString", "coordinates": [ [ -79.9431307, 40.4509388 ], [ -79.944963, 40.4505648 ], [ -79.944980300000012, 40.4505649 ] ] } },
{ "type": "Feature", "properties": { "persona": "older_adults", "hour": 15, "length_m": 2069.7, "minutes": 38.33, "sun": [ 0.966, 1.0, 1.0, 0.983, 0.983, 0.983, 1.0 ] }, "geometry": { "type": "LineString", "coordinates": [ [ -79.9612448, 40.4459905 ], [ -79.9612878, 40.44601380000001 ], [ -79.9622909, 40.4462494 ], [ -79.9638267, 40.446633 ], [ -79.9638638, 40.446725 ], [ -79.9638619, 40.4467855 ], [ -79.9637423, 40.4469439 ] ] } },
{ "type": "Feature", "properties": { "persona": "older_adults", "hour": 18, "length_m": 854.3, "minutes": 15.82, "sun": [ 0.331, 0.906 ] }, "geometry": { "type": "LineString", "coordinates": [ [ -79.9486795, 40.4500326 ], [ -79.9483336, 40.4492514 ] ] } },
{ "type": "Feature", "properties": { "persona": "older_adults", "hour": 15, "length_m": 311.9, "minutes": 5.78, "sun": [ 1.0, 1.0, 1.0, 1.0 ] }, "geometry": { "type": "LineString", "coordinates": [ [ -79.9510496, 40.45260540000001 ], [ -79.9515698, 40.4524447 ], [ -79.9516332, 40.4523904 ], [ -79.9518828, 40.4523138 ] ] } },
{ "type": "Feature", "properties": { "persona": "older_adults", "hour": 8, "length_m": 862.2, "minutes": 15.97, "sun": [ 0.086, 0.0, 0.0, 0.0, 0.0 ] }, "geometry": { "type": "LineString", "coordinates": [ [ -79.958653, 40.4378399 ], [ -79.9592397, 40.438312799999984 ], [ -79.9595482, 40.4385588 ], [ -79.9597936, 40.438766 ], [ -79.9598119, 40.4387812 ] ] } },
{ "type": "Feature", "properties": { "persona": "older_adults", "hour": 15, "length_m": 467.7, "minutes": 8.66, "sun": [ 0.41, 0.41, 0.41 ] }, "geometry": { "type": "LineString", "coordinates": [ [ -79.9606895, 40.4418226 ], [ -79.9603764, 40.4421656 ], [ -79.959927, 40.442659 ] ] } },
{ "type": "Feature", "properties": { "persona": "older_adults", "hour": 15, "length_m": 631.4, "minutes": 11.69, "sun": [ 1.0, 0.722, 0.722, 0.722, 0.722 ] }, "geometry": { "type": "LineString", "coordinates": [ [ -79.9572217, 40.438837200000016 ], [ -79.9572221, 40.4388406 ], [ -79.957224, 40.4388441 ], [ -79.957871, 40.439369 ], [ -79.9579249, 40.439412 ] ] } },
{ "type": "Feature", "properties": { "persona": "workers", "hour": 18, "length_m": 2059.6, "minutes": 28.61, "sun": [ 0.362, 0.223, 0.223, 0.0 ] }, "geometry": { "type": "LineString", "coordinates": [ [ -79.9494001, 40.45168 ], [ -79.9488808, 40.450479 ], [ -79.9488826, 40.4504667 ], [ -79.948886, 40.4504556 ] ] } },
{ "type": "Feature", "properties": { "persona": "workers", "hour": 18, "length_m": 2102.8, "minutes": 29.21, "sun": [ 0.501, 1.0, 1.0, 0.483, 0.483, 0.483, 0.996 ] }, "geometry": { "type": "LineString", "coordinates": [ [ -79.9612448, 40.4459905 ], [ -79.9612878, 40.44601380000001 ], [ -79.9622909, 40.4462494 ], [ -79.9638267, 40.446633 ], [ -79.9638638, 40.446725 ], [ -79.9638619, 40.4467855 ], [ -79.9637423, 40.4469439 ] ] } },
{ "type": "Feature", "properties": { "persona": "workers", "hour": 8, "length_m": 1775.3, "minutes": 24.66, "sun": [ 0.125, 0.125, 0.186 ] }, "geometry": { "type": "LineString", "coordinates": [ [ -79.9519858, 40.4463099 ], [ -79.9520006, 40.446305099999989 ], [ -79.9529899, 40.4455809 ] ] } },
{ "type": "Feature", "properties": { "persona": "workers", "hour": 12, "length_m": 1543.4, "minutes": 21.44, "sun": [ 0.369, 0.728, 0.728, 0.728, 0.728, 0.728, 0.728 ] }, "geometry": { "type": "LineString", "coordinates": [ [ -79.9504315, 40.4438999 ], [ -79.94947, 40.444156 ], [ -79.9493857, 40.4441415 ], [ -79.949025, 40.444233 ], [ -79.9489721, 40.4442817 ], [ -79.9488859, 40.4443029 ], [ -79.9487845, 40.4443279 ] ] } },
{ "type": "Feature", "properties": { "persona": "workers", "hour": 15, "length_m": 914.2, "minutes": 12.7, "sun": [ 0.929, 0.37, 0.37, 0.37, 0.935, 0.935, 0.935, 0.935, 0.935, 0.935, 0.935, 0.935, 0.935 ] }, "geometry": { "type": "LineString", "coordinates": [ [ -79.9507697, 40.4468993 ], [ -79.9508013, 40.4468934 ], [ -79.9510854, 40.4468791 ], [ -79.9512321, 40.446872 ], [ -79.9513145, 40.4468597 ], [ -79.9514095, 40.4468416 ], [ -79.9515169, 40.446815 ], [ -79.9515855, 40.4467941 ], [ -79.9516349, 40.4467765 ], [ -79.9517354, 40.4467314 ], [ -79.9517916, 40.4467095 ], [ -79.9518128, 40.4467043 ], [ -79.9518246, 40.4467047 ] ] } },
{ "type": "Feature", "properties": { "persona": "workers", "hour": 15, "length_m": 614.8, "minutes": 8.54, "sun": [ 0.235, 0.235, 0.235, 0.456, 0.948 ] }, "geometry": { "type": "LineString", "coordinates": [ [ -79.957452700000019, 40.4477947 ], [ -79.9574393, 40.4477908 ], [ -79.9574262, 40.447783199999989 ], [ -79.9556522, 40.4463506 ], [ -79.9556488, 40.4463417 ] ] } },
{ "type": "Feature", "properties": { "persona": "workers", "hour": 12, "length_m": 902.0, "minutes": 12.53, "sun": [ 0.702, 0.702, 0.702, 0.913, 0.913, 0.727, 0.727, 0.727, 0.727 ] }, "geometry": { "type": "LineString", "coordinates": [ [ -79.9638125, 40.4409429 ], [ -79.9638055, 40.4409401 ], [ -79.9637985, 40.4409357 ], [ -79.9632742, 40.4405261 ], [ -79.962456, 40.4398758 ], [ -79.9619094, 40.4394266 ], [ -79.9618631, 40.4393884 ], [ -79.9618587, 40.4393817 ], [ -79.9618583, 40.4393757 ] ] } },
{ "type": "Feature", "properties": { "persona": "workers", "hour": 12, "length_m": 1788.6, "minutes": 24.84, "sun": [ 0.532, 0.532, 0.983, 0.965, 0.965, 0.965, 0.965, 0.965, 0.965 ] }, "geometry": { "type": "LineString", "coordinates": [ [ -79.9499606, 40.4418759 ], [ -79.9498703, 40.4418219 ], [ -79.9495005, 40.441610599999983 ], [ -79.948814400000018, 40.4412214 ], [ -79.9486794, 40.4411541 ], [ -79.948490100000015, 40.4410486 ], [ -79.9483489, 40.4409706 ], [ -79.9482568, 40.4409427 ], [ -79.9481794, 40.4409412 ] ] } },
{ "type": "Feature", "properties": { "persona": "workers", "hour": 12, "length_m": 1418.2, "minutes": 19.7, "sun": [ 0.754, 1.0, 1.0, 0.949, 0.949, 0.949, 1.0 ] }, "geometry": { "type": "LineString", "coordinates": [ [ -79.9612448, 40.4459905 ], [ -79.9612878, 40.44601380000001 ], [ -79.9622909, 40.4462494 ], [ -79.9638267, 40.446633 ], [ -79.9638638, 40.446725 ], [ -79.9638619, 40.4467855 ], [ -79.9637423, 40.4469439 ] ] } },
{ "type": "Feature", "properties": { "persona": "workers", "hour": 12, "length_m": 1794.8, "minutes": 24.93, "sun": [ 0.702, 0.617, 0.617, 0.686 ] }, "geometry": { "type": "LineString", "coordinates": [ [ -79.9494001, 40.45168 ], [ -79.9488808, 40.450479 ], [ -79.9488826, 40.4504667 ], [ -79.948886, 40.4504556 ] ] } },
{ "type": "Feature", "properties": { "persona": "workers", "hour": 8, "length_m": 2988.0, "minutes": 41.5, "sun": [ 0.084, 0.49, 0.49, 0.49, 0.49, 1.0 ] }, "geometry": { "type": "LineString", "coordinates": [ [ -79.957478400000014, 40.4490405 ], [ -79.9552166, 40.4506183 ], [ -79.9551876, 40.4506392 ], [ -79.9551666, 40.4506486 ], [ -79.9551526, 40.4506521 ], [ -79.9551469, 40.4506521 ] ] } },
{ "type": "Feature", "properties": { "persona": "workers", "hour": 8, "length_m": 1670.1, "minutes": 23.2, "sun": [ 0.411, 0.194, 0.194, 0.194, 0.0, 0.0, 0.0 ] }, "geometry": { "type": "LineString", "coordinates": [ [ -79.961223, 40.4439346 ], [ -79.9612298, 40.4439394 ], [ -79.9614891, 40.4440856 ], [ -79.9616537, 40.4441842 ], [ -79.9626818, 40.4447452 ], [ -79.962841, 40.4448322 ], [ -79.9628664, 40.4448068 ] ] } },
{ "type": "Feature", "properties": { "persona": "workers", "hour": 8, "length_m": 2073.2, "minutes": 28.79, "sun": [ 1.0, 0.49, 0.49, 0.49, 0.49, 0.084 ] }, "geometry": { "type": "LineString", "coordinates": [ [ -79.9551469, 40.4506521 ], [ -79.9551526, 40.4506521 ], [ -79.9551666, 40.4506486 ], [ -79.9551876, 40.4506392 ], [ -79.9552166, 40.4506183 ], [ -79.957478400000014, 40.4490405 ] ] } },
{ "type": "Feature", "properties": { "persona": "workers", "hour": 18, "length_m": 665.9, "minutes": 9.25, "sun": [ 0.217, 0.217, 0.018, 0.018, 0.471, 0.471, 0.471 ] }, "geometry": { "type": "LineString", "coordinates": [ [ -79.9585389, 40.4362071 ], [ -79.9586476, 40.436305 ], [ -79.9592203, 40.4367582 ], [ -79.9595556, 40.4370277 ], [ -79.9602161, 40.4375662 ], [ -79.96023550000001, 40.4375733 ], [ -79.9602546, 40.4375735 ] ] } },
{ "type": "Feature", "properties": { "persona": "workers", "hour": 18, "length_m": 784.4, "minutes": 10.89, "sun": [ 0.729, 0.407, 0.765 ] }, "geometry": { "type": "LineString", "coordinates": [ [ -79.9511364, 40.452769600000011 ], [ -79.951431, 40.4532359 ], [ -79.951879, 40.4539448 ] ] } },
{ "type": "Feature", "properties": { "persona": "workers", "hour": 12, "length_m": 1168.2, "minutes": 16.22, "sun": [ 1.0, 0.884, 1.0 ] }, "geometry": { "type": "LineString", "coordinates": [ [ -79.9628706, 40.4420541 ], [ -79.9621182, 40.442774 ], [ -79.9621893, 40.4428143 ] ] } },
{ "type": "Feature", "properties": { "persona": "workers", "hour": 8, "length_m": 1652.4, "minutes": 22.95, "sun": [ 0.047, 0.135 ] }, "geometry": { "type": "LineString", "coordinates": [ [ -79.9597855, 40.440164 ], [ -79.9587984, 40.4408785 ] ] } },
{ "type": "Feature", "properties": { "persona": "workers", "hour": 8, "length_m": 1278.8, "minutes": 17.76, "sun": [ 0.062, 0.062, 0.075, 0.01 ] }, "geometry": { "type": "LineString", "coordinates": [ [ -79.9638454, 40.4425784 ], [ -79.9638793, 40.4425963 ], [ -79.9650347, 40.4432434 ], [ -79.9650468, 40.4432576 ] ] } },
{ "type": "Feature", "properties": { "persona": "workers", "hour": 15, "length_m": 2241.3, "minutes": 31.13, "sun": [ 0.661, 0.427, 0.217 ] }, "geometry": { "type": "LineString", "coordinates": [ [ -79.9572241, 40.4513735 ], [ -79.9588549, 40.4485822 ], [ -79.958993800000016, 40.44839060000001 ] ] } },
{ "type": "Feature", "properties": { "persona": "workers", "hour": 8, "length_m": 2143.4, "minutes": 29.77, "sun": [ 0.229, 0.229, 0.238 ] }, "geometry": { "type": "LineString", "coordinates": [ [ -79.945951, 40.4524039 ], [ -79.9459605, 40.452406299999979 ], [ -79.9491233, 40.4514616 ] ] } },
{ "type": "Feature", "properties": { "persona": "workers", "hour": 12, "length_m": 917.6, "minutes": 12.74, "sun": [ 0.584, 0.584, 0.722, 0.722, 0.722, 1.0 ] }, "geometry": { "type": "LineString", "coordinates": [ [ -79.954662, 40.4468625 ], [ -79.9546543, 40.4468516 ], [ -79.9532548, 40.4457314 ], [ -79.9532307, 40.4457238 ], [ -79.9532138, 40.4457206 ], [ -79.9532081, 40.4457206 ] ] } },
{ "type": "Feature", "properties": { "persona": "workers", "hour": 18, "length_m": 602.1, "minutes": 8.36, "sun": [ 0.966, 1.0, 1.0, 1.0, 1.0 ] }, "geometry": { "type": "LineString", "coordinates": [ [ -79.9568801, 40.4364139 ], [ -79.957442, 40.4368619 ], [ -79.9585236, 40.4377364 ], [ -79.9585343, 40.4377484 ], [ -79.958535, 40.4377611 ] ] } },
{ "type": "Feature", "properties": { "persona": "workers", "hour": 8, "length_m": 695.8, "minutes": 9.66, "sun": [ 0.149, 0.149, 0.149, 0.149, 0.0 ] }, "geometry": { "type": "LineString", "coordinates": [ [ -79.9479204, 40.4487129 ], [ -79.9476917, 40.4481899 ], [ -79.9476811, 40.4481636 ], [ -79.947669100000013, 40.4481494 ], [ -79.9476564, 40.4481408 ] ] } },
{ "type": "Feature", "properties": { "persona": "workers", "hour": 15, "length_m": 662.9, "minutes": 9.21, "sun": [ 0.553, 1.0, 1.0, 1.0, 1.0, 1.0, 1.0, 0.575 ] }, "geometry": { "type": "LineString", "coordinates": [ [ -79.9594105, 40.4398789 ], [ -79.9593846, 40.4398908 ], [ -79.9593727, 40.4399056 ], [ -79.9593405, 40.4399518 ], [ -79.9591803, 40.4400668 ], [ -79.9585558, 40.4405196 ], [ -79.9584849, 40.4405512 ], [ -79.958438, 40.4405842 ] ] } },
{ "type": "Feature", "properties": { "persona": "workers", "hour": 18, "length_m": 1495.2, "minutes": 20.77, "sun": [ 0.982, 0.982, 1.0 ] }, "geometry": { "type": "LineString", "coordinates": [ [ -79.9519858, 40.4463099 ], [ -79.9520006, 40.446305099999989 ], [ -79.9529899, 40.4455809 ] ] } },
{ "type": "Feature", "properties": { "persona": "workers", "hour": 8, "length_m": 2038.7, "minutes": 28.32, "sun": [ 0.742, 0.168, 0.876 ] }, "geometry": { "type": "LineString", "coordinates": [ [ -79.9523648, 40.4397574 ], [ -79.953518, 40.440402 ], [ -79.9535229, 40.440414399999987 ] ] } },
{ "type": "Feature", "properties": { "persona": "workers", "hour": 18, "length_m": 1469.7, "minutes": 20.41, "sun": [ 0.185, 0.085, 0.124 ] }, "geometry": { "type": "LineString", "coordinates": [ [ -79.9521722, 40.4378991 ], [ -79.9519418, 40.4384303 ], [ -79.9516197, 40.4391899 ] ] } },
{ "type": "Feature", "properties": { "persona": "workers", "hour": 18, "length_m": 1884.8, "minutes": 26.18, "sun": [ 0.263, 0.388, 0.388, 0.388, 0.388, 1.0 ] }, "geometry": { "type": "LineString", "coordinates": [ [ -79.9551469, 40.4506521 ], [ -79.9551526, 40.4506521 ], [ -79.9551666, 40.4506486 ], [ -79.9551876, 40.4506392 ], [ -79.9552166, 40.4506183 ], [ -79.957478400000014, 40.4490405 ] ] } },
{ "type": "Feature", "properties": { "persona": "workers", "hour": 8, "length_m": 1184.7, "minutes": 16.45, "sun": [ 0.672, 0.401, 0.993 ] }, "geometry": { "type": "LineString", "coordinates": [ [ -79.9495894, 40.4525407 ], [ -79.9495629, 40.4525574 ], [ -79.947412, 40.453198499999985 ] ] } },
{ "type": "Feature", "properties": { "persona": "workers", "hour": 8, "length_m": 2036.1, "minutes": 28.28, "sun": [ 0.125, 0.125, 0.186 ] }, "geometry": { "type": "LineString", "coordinates": [ [ -79.9519858, 40.4463099 ], [ -79.9520006, 40.446305099999989 ], [ -79.9529899, 40.4455809 ] ] } },
{ "type": "Feature", "properties": { "persona": "workers", "hour": 18, "length_m": 1346.6, "minutes": 18.7, "sun": [ 0.601, 0.601, 1.0, 1.0, 1.0, 1.0, 1.0, 1.0, 1.0 ] }, "geometry": { "type": "LineString", "coordinates": [ [ -79.9499606, 40.4418759 ], [ -79.9498703, 40.4418219 ], [ -79.9495005, 40.441610599999983 ], [ -79.948814400000018, 40.4412214 ], [ -79.9486794, 40.4411541 ], [ -79.948490100000015, 40.4410486 ], [ -79.9483489, 40.4409706 ], [ -79.9482568, 40.4409427 ], [ -79.9481794, 40.4409412 ] ] } },
{ "type": "Feature", "properties": { "persona": "workers", "hour": 8, "length_m": 2333.6, "minutes": 32.41, "sun": [ 0.915, 0.15, 0.383 ] }, "geometry": { "type": "LineString", "coordinates": [ [ -79.9572241, 40.4513735 ], [ -79.9588549, 40.4485822 ], [ -79.958993800000016, 40.44839060000001 ] ] } },
{ "type": "Feature", "properties": { "persona": "workers", "hour": 18, "length_m": 1770.3, "minutes": 24.59, "sun": [ 0.177, 1.0, 1.0, 1.0, 1.0, 1.0, 1.0, 1.0 ] }, "geometry": { "type": "LineString", "coordinates": [ [ -79.9650853, 40.4449948 ], [ -79.9650696, 40.4450701 ], [ -79.9650629, 40.4451334 ], [ -79.96506620000001, 40.4452018 ], [ -79.9650853, 40.44526170000001 ], [ -79.9651191, 40.4453267 ], [ -79.9656845, 40.4462411 ], [ -79.9657139, 40.4463085 ] ] } },
{ "type": "Feature", "properties": { "persona": "workers", "hour": 8, "length_m": 2684.1, "minutes": 37.28, "sun": [ 0.187, 0.565, 0.565, 0.543, 0.543, 0.543, 0.558 ] }, "geometry": { "type": "LineString", "coordinates": [ [ -79.9612448, 40.4459905 ], [ -79.9612878, 40.44601380000001 ], [ -79.9622909, 40.4462494 ], [ -79.9638267, 40.446633 ], [ -79.9638638, 40.446725 ], [ -79.9638619, 40.4467855 ], [ -79.9637423, 40.4469439 ] ] } },
{ "type": "Feature", "properties": { "persona": "workers", "hour": 8, "length_m": 1537.0, "minutes": 21.35, "sun": [ 0.48, 0.12, 0.12, 0.12, 0.12, 0.12, 0.12, 0.12, 0.348 ] }, "geometry": { "type": "LineString", "coordinates": [ [ -79.944417300000012, 40.4472174 ], [ -79.9444052, 40.446616699999986 ], [ -79.9444018, 40.446448599999982 ], [ -79.9444002, 40.4463685 ], [ -79.9443426, 40.4463225 ], [ -79.9443164, 40.4462843 ], [ -79.9443057, 40.4462338 ], [ -79.9443104, 40.4462021 ], [ -79.9443153, 40.4461149 ] ] } },
{ "type": "Feature", "properties": { "persona": "workers", "hour": 12, "length_m": 849.3, "minutes": 11.8, "sun": [ 0.735, 0.778, 1.0 ] }, "geometry": { "type": "LineString", "coordinates": [ [ -79.952328200000011, 40.4523777 ], [ -79.9527111, 40.4529886 ], [ -79.9530127, 40.4534699 ] ] } },
{ "type": "Feature", "properties": { "persona": "workers", "hour": 18, "length_m": 1221.0, "minutes": 16.96, "sun": [ 0.985, 0.249, 0.211, 0.211, 0.211, 0.211, 0.211, 0.211 ] }, "geometry": { "type": "LineString", "coordinates": [ [ -79.9550896, 40.4510183 ], [ -79.9550826, 40.4510312 ], [ -79.9547966, 40.4517483 ], [ -79.954617, 40.4521015 ], [ -79.9545666, 40.4522005 ], [ -79.9545456, 40.4522182 ], [ -79.9545253, 40.4522219 ], [ -79.9544017, 40.4521889 ] ] } },
{ "type": "Feature", "properties": { "persona": "workers", "hour": 8, "length_m": 1594.7, "minutes": 22.15, "sun": [ 0.554, 0.609, 0.609, 0.704 ] }, "geometry": { "type": "LineString", "coordinates": [ [ -79.9494001, 40.45168 ], [ -79.9488808, 40.450479 ], [ -79.9488826, 40.4504667 ], [ -79.948886, 40.4504556 ] ] } },
{ "type": "Feature", "properties": { "persona": "workers", "hour": 12, "length_m": 2092.4, "minutes": 29.06, "sun": [ 0.358, 0.808, 0.808, 0.808 ] }, "geometry": { "type": "LineString", "coordinates": [ [ -79.943832200000017, 40.4472605 ], [ -79.9437908, 40.4462183 ], [ -79.9437545, 40.4461971 ], [ -79.9437511, 40.4461158 ] ] } },
{ "type": "Feature", "properties": { "persona": "workers", "hour": 8, "length_m": 1085.0, "minutes": 15.07, "sun": [ 0.0, 0.0, 0.0, 0.194, 0.194, 0.194, 0.411 ] }, "geometry": { "type": "LineString", "coordinates": [ [ -79.9628664, 40.4448068 ], [ -79.962841, 40.4448322 ], [ -79.9626818, 40.4447452 ], [ -79.9616537, 40.4441842 ], [ -79.9614891, 40.4440856 ], [ -79.9612298, 40.4439394 ], [ -79.961223, 40.4439346 ] ] } },
{ "type": "Feature", "properties": { "persona": "workers", "hour": 18, "length_m": 1956.0, "minutes": 27.17, "sun": [ 0.788, 0.948, 0.948, 1.0, 1.0, 1.0, 1.0, 1.0, 1.0, 1.0, 1.0, 1.0, 1.0, 0.948, 0.948, 0.948, 0.948, 0.948, 0.948, 0.948, 0.948, 0.948, 1.0 ] }, "geometry": { "type": "LineString", "coordinates": [ [ -79.9647197, 40.4487879 ], [ -79.964732, 40.4487632 ], [ -79.9647361, 40.4487356 ], [ -79.9647115, 40.4486664 ], [ -79.964693, 40.4486071 ], [ -79.9647115, 40.4485504 ], [ -79.9647415, 40.4485041 ], [ -79.9654595, 40.4479757 ], [ -79.9655326, 40.44789810000001 ], [ -79.9655668, 40.447855 ], [ -79.9655982, 40.4478024 ], [ -79.9657154, 40.4474679 ], [ -79.9657708, 40.4472998 ], [ -79.965805, 40.4471911 ], [ -79.965822, 40.4471027 ], [ -79.965833, 40.4469996 ], [ -79.9658391, 40.446906 ], [ -79.965837800000017, 40.4468082 ], [ -79.9658282, 40.4467156 ], [ -79.9657995, 40.4465418 ], [ -79.9657634, 40.446435799999989 ], [ -79.9657483, 40.4463881 ], [ -79.965741, 40.4463709 ] ] } },
{ "type": "Feature", "properties": { "persona": "workers", "hour": 15, "length_m": 1944.7, "minutes": 27.01, "sun": [ 0.715, 0.341, 0.341, 0.341, 0.175, 0.175, 0.864 ] }, "geometry": { "type": "LineString", "coordinates": [ [ -79.961223, 40.4439346 ], [ -79.9612298, 40.4439394 ], [ -79.9614891, 40.4440856 ], [ -79.9616537, 40.4441842 ], [ -79.9626818, 40.4447452 ], [ -79.962841, 40.4448322 ], [ -79.9628664, 40.4448068 ] ] } },
{ "type": "Feature", "properties": { "persona": "workers", "hour": 8, "length_m": 2094.8, "minutes": 29.09, "sun": [ 0.0, 0.0, 0.0, 0.0, 0.0, 0.0, 0.0, 0.0, 0.133, 0.419 ] }, "geometry": { "type": "LineString", "coordinates": [ [ -79.963865, 40.4379628 ], [ -79.9638177, 40.4379784 ], [ -79.9637378, 40.4380046 ], [ -79.9636417, 40.438049 ], [ -79.9635649, 40.4380919 ], [ -79.9635002, 40.4381327 ], [ -79.963379, 40.4382161 ], [ -79.9631264, 40.438437 ], [ -79.9625978, 40.4388272 ], [ -79.9620495, 40.4392341 ] ] } },
{ "type": "Feature", "properties": { "persona": "workers", "hour": 8, "length_m": 2359.9, "minutes": 32.78, "sun": [ 0.923, 0.055, 0.316, 0.316, 0.316, 0.316, 0.316, 0.316, 0.316, 0.316, 0.316, 0.316, 0.316, 0.267, 0.267, 0.267, 0.267, 0.267, 0.267, 0.267, 0.267, 0.267, 0.267, 0.267, 0.267, 0.373 ] }, "geometry": { "type": "LineString", "coordinates": [ [ -79.958856, 40.4452921 ], [ -79.9586627, 40.4457698 ], [ -79.9584593, 40.4463012 ], [ -79.9584132, 40.446379 ], [ -79.9583361, 40.446448299999986 ], [ -79.9582476, 40.446547099999982 ], [ -79.9582263, 40.4465986 ], [ -79.9582264, 40.4466562 ], [ -79.9582392, 40.446704 ], [ -79.9582638, 40.4467403 ], [ -79.9583191, 40.4467833 ], [ -79.9584018, 40.446816 ], [ -79.9584923, 40.4468248 ], [ -79.958595, 40.446804299999989 ], [ -79.9586438, 40.446769899999985 ], [ -79.9586864, 40.446706 ], [ -79.9587448, 40.4465371 ], [ -79.9587719, 40.4464058 ], [ -79.9587935, 40.4463387 ], [ -79.9588126, 40.4462845 ], [ -79.9588406, 40.4462419 ], [ -79.958893, 40.4462068 ], [ -79.9589537, 40.4461878 ], [ -79.9590359, 40.446194 ], [ -79.959100300000017, 40.4462079 ], [ -79.9591607, 40.4462281 ] ] } },
{ "type": "Feature", "properties": { "persona": "workers", "hour": 18, "length_m": 1786.2, "minutes": 24.81, "sun": [ 0.855, 0.62, 0.403, 0.403, 0.081, 0.587 ] }, "geometry": { "type": "LineString", "coordinates": [ [ -79.9490145, 40.4416448 ], [ -79.948681800000017, 40.4421106 ], [ -79.9482233, 40.4425783 ], [ -79.9480412, 40.442764 ], [ -79.9476114, 40.4432475 ], [ -79.9473367, 40.443664400000017 ] ] } },
{ "type": "Feature", "properties": { "persona": "workers", "hour": 8, "length_m": 2033.6, "minutes": 28.24, "sun": [ 0.125, 0.125, 0.186 ] }, "geometry": { "type": "LineString", "coordinates": [ [ -79.9519858, 40.4463099 ], [ -79.9520006, 40.446305099999989 ], [ -79.9529899, 40.4455809 ] ] } },
{ "type": "Feature", "properties": { "persona": "workers", "hour": 8, "length_m": 809.3, "minutes": 11.24, "sun": [ 0.347, 0.083, 0.998 ] }, "geometry": { "type": "LineString", "coordinates": [ [ -79.9511364, 40.452769600000011 ], [ -79.951431, 40.4532359 ], [ -79.951879, 40.4539448 ] ] } },
{ "type": "Feature", "properties": { "persona": "workers", "hour": 18, "length_m": 586.1, "minutes": 8.14, "sun": [ 0.163, 0.0, 0.0 ] }, "geometry": { "type": "LineString", "coordinates": [ [ -79.9597539, 40.4396461 ], [ -79.9612115, 40.4385871 ], [ -79.9612346, 40.4385726 ] ] } },
{ "type": "Feature", "properties": { "persona": "workers", "hour": 18, "length_m": 2049.4, "minutes": 28.46, "sun": [ 0.501, 1.0, 1.0, 0.483, 0.483, 0.483, 0.996 ] }, "geometry": { "type": "LineString", "coordinates": [ [ -79.9612448, 40.4459905 ], [ -79.9612878, 40.44601380000001 ], [ -79.9622909, 40.4462494 ], [ -79.9638267, 40.446633 ], [ -79.9638638, 40.446725 ], [ -79.9638619, 40.4467855 ], [ -79.9637423, 40.4469439 ] ] } },
{ "type": "Feature", "properties": { "persona": "workers", "hour": 12, "length_m": 1748.1, "minutes": 24.28, "sun": [ 0.369, 0.728, 0.728, 0.728, 0.728, 0.728, 0.728 ] }, "geometry": { "type": "LineString", "coordinates": [ [ -79.9504315, 40.4438999 ], [ -79.94947, 40.444156 ], [ -79.9493857, 40.4441415 ], [ -79.949025, 40.444233 ], [ -79.9489721, 40.4442817 ], [ -79.9488859, 40.4443029 ], [ -79.9487845, 40.4443279 ] ] } },
{ "type": "Feature", "properties": { "persona": "workers", "hour": 18, "length_m": 1527.9, "minutes": 21.22, "sun": [ 0.362, 0.223, 0.223, 0.0 ] }, "geometry": { "type": "LineString", "coordinates": [ [ -79.9494001, 40.45168 ], [ -79.9488808, 40.450479 ], [ -79.9488826, 40.4504667 ], [ -79.948886, 40.4504556 ] ] } },
{ "type": "Feature", "properties": { "persona": "workers", "hour": 12, "length_m": 1862.2, "minutes": 25.86, "sun": [ 1.0, 0.633, 0.783, 0.783, 0.783, 0.783, 0.783, 0.783, 0.783, 0.783, 0.783, 0.783, 0.783, 0.267, 0.267, 0.267, 0.267, 0.267, 0.267, 0.267, 0.267, 0.267, 0.267, 0.267, 0.267, 0.552 ] }, "geometry": { "type": "LineString", "coordinates": [ [ -79.958856, 40.4452921 ], [ -79.9586627, 40.4457698 ], [ -79.9584593, 40.4463012 ], [ -79.9584132, 40.446379 ], [ -79.9583361, 40.446448299999986 ], [ -79.9582476, 40.446547099999982 ], [ -79.9582263, 40.4465986 ], [ -79.9582264, 40.4466562 ], [ -79.9582392, 40.446704 ], [ -79.9582638, 40.4467403 ], [ -79.9583191, 40.4467833 ], [ -79.9584018, 40.446816 ], [ -79.9584923, 40.4468248 ], [ -79.958595, 40.446804299999989 ], [ -79.9586438, 40.446769899999985 ], [ -79.9586864, 40.446706 ], [ -79.9587448, 40.4465371 ], [ -79.9587719, 40.4464058 ], [ -79.9587935, 40.4463387 ], [ -79.9588126, 40.4462845 ], [ -79.9588406, 40.4462419 ], [ -79.958893, 40.4462068 ], [ -79.9589537, 40.4461878 ], [ -79.9590359, 40.446194 ], [ -79.959100300000017, 40.4462079 ], [ -79.9591607, 40.4462281 ] ] } },
{ "type": "Feature", "properties": { "persona": "workers", "hour": 12, "length_m": 806.1, "minutes": 11.2, "sun": [ 0.867, 0.55, 0.894 ] }, "geometry": { "type": "LineString", "coordinates": [ [ -79.9509184, 40.4495875 ], [ -79.9517372, 40.4489962 ], [ -79.9517411, 40.4489909 ] ] } },
{ "type": "Feature", "properties": { "persona": "workers", "hour": 8, "length_m": 2025.5, "minutes": 28.13, "sun": [ 0.345, 1.0, 1.0, 1.0, 1.0, 1.0, 1.0, 1.0, 0.948 ] }, "geometry": { "type": "LineString", "coordinates": [ [ -79.9501789, 40.4417609 ], [ -79.9500864, 40.4417078 ], [ -79.9500272, 40.4416781 ], [ -79.949818, 40.44154 ], [ -79.9493535, 40.4412567 ], [ -79.9487754, 40.4409515 ], [ -79.9485015, 40.4408225 ], [ -79.9484526, 40.4407805 ], [ -79.9483142, 40.4406941 ] ] } },
{ "type": "Feature", "properties": { "persona": "workers", "hour": 12, "length_m": 386.6, "minutes": 5.37, "sun": [ 1.0, 1.0, 1.0, 1.0, 0.96 ] }, "geometry": { "type": "LineString", "coordinates": [ [ -79.9561739, 40.4379994 ], [ -79.9557343, 40.4376418 ], [ -79.9550728, 40.4371088 ], [ -79.9550704, 40.4371056 ], [ -79.9550692, 40.4371018 ] ] } },
{ "type": "Feature", "properties": { "persona": "workers", "hour": 18, "length_m": 3046.3, "minutes": 42.31, "sun": [ 0.575, 0.538, 0.15 ] }, "geometry": { "type": "LineString", "coordinates": [ [ -79.9572241, 40.4513735 ], [ -79.9588549, 40.4485822 ], [ -79.958993800000016, 40.44839060000001 ] ] } },
{ "type": "Feature", "properties": { "persona": "workers", "hour": 12, "length_m": 1325.0, "minutes": 18.4, "sun": [ 0.773, 0.286, 0.286, 0.286, 0.286, 0.643 ] }, "geometry": { "type": "LineString", "coordinates": [ [ -79.9551469, 40.4506521 ], [ -79.9551526, 40.4506521 ], [ -79.9551666, 40.4506486 ], [ -79.9551876, 40.4506392 ], [ -79.9552166, 40.4506183 ], [ -79.957478400000014, 40.4490405 ] ] } },
{ "type": "Feature", "properties": { "persona": "workers", "hour": 8, "length_m": 812.0, "minutes": 11.28, "sun": [ 0.155, 0.363, 0.251 ] }, "geometry": { "type": "LineString", "coordinates": [ [ -79.9517411, 40.4489909 ], [ -79.9517372, 40.4489962 ], [ -79.9509184, 40.4495875 ] ] } },
{ "type": "Feature", "properties": { "persona": "workers", "hour": 18, "length_m": 1446.6, "minutes": 20.09, "sun": [ 0.219, 0.439, 0.439, 0.83, 0.83, 0.83, 0.83, 0.83, 0.83, 0.83, 0.83, 0.83, 0.83, 0.83, 0.83, 0.176 ] }, "geometry": { "type": "LineString", "coordinates": [ [ -79.957452700000019, 40.4477947 ], [ -79.9574722, 40.4477931 ], [ -79.9574836, 40.4477885 ], [ -79.957956, 40.4474423 ], [ -79.958023700000012, 40.4473908 ], [ -79.9580502, 40.4473709 ], [ -79.9580733, 40.4473451 ], [ -79.9580874, 40.4473219 ], [ -79.9580995, 40.4472979 ], [ -79.9581052, 40.4472726 ], [ -79.9581032, 40.4472379 ], [ -79.9580971, 40.4472058 ], [ -79.9580897, 40.4471859 ], [ -79.9580703, 40.4471604 ], [ -79.9580555, 40.447143 ], [ -79.9569644, 40.4462614 ] ] } },
{ "type": "Feature", "properties": { "persona": "workers", "hour": 12, "length_m": 2010.6, "minutes": 27.92, "sun": [ 0.401, 1.0, 0.575 ] }, "geometry": { "type": "LineString", "coordinates": [ [ -79.9597539, 40.4396461 ], [ -79.9612115, 40.4385871 ], [ -79.9612346, 40.4385726 ] ] } },
{ "type": "Feature", "properties": { "persona": "workers", "hour": 12, "length_m": 791.6, "minutes": 10.99, "sun": [ 0.993, 1.0, 1.0 ] }, "geometry": { "type": "LineString", "coordinates": [ [ -79.952111, 40.4432364 ], [ -79.951802200000017, 40.4425302 ], [ -79.9518183, 40.4425008 ] ] } },
{ "type": "Feature", "properties": { "persona": "workers", "hour": 18, "length_m": 2110.1, "minutes": 29.31, "sun": [ 0.204, 0.211, 0.211, 0.211, 0.175, 0.175, 0.719 ] }, "geometry": { "type": "LineString", "coordinates": [ [ -79.961223, 40.4439346 ], [ -79.9612298, 40.4439394 ], [ -79.9614891, 40.4440856 ], [ -79.9616537, 40.4441842 ], [ -79.9626818, 40.4447452 ], [ -79.962841, 40.4448322 ], [ -79.9628664, 40.4448068 ] ] } },
{ "type": "Feature", "properties": { "persona": "workers", "hour": 12, "length_m": 517.1, "minutes": 7.18, "sun": [ 0.932, 0.932 ] }, "geometry": { "type": "LineString", "coordinates": [ [ -79.9579178, 40.4428408 ], [ -79.9585064, 40.4431708 ] ] } },
{ "type": "Feature", "properties": { "persona": "workers", "hour": 8, "length_m": 811.8, "minutes": 11.28, "sun": [ 0.201, 1.0, 1.0, 1.0, 0.675 ] }, "geometry": { "type": "LineString", "coordinates": [ [ -79.9494364, 40.454013 ], [ -79.949507200000014, 40.4540016 ], [ -79.9497649, 40.4539941 ], [ -79.9509752, 40.4539721 ], [ -79.9517364, 40.453966499999986 ] ] } },
{ "type": "Feature", "properties": { "persona": "workers", "hour": 18, "length_m": 1093.3, "minutes": 15.18, "sun": [ 0.0, 0.048, 0.048, 0.048 ] }, "geometry": { "type": "LineString", "coordinates": [ [ -79.9558755, 40.443852 ], [ -79.956715, 40.4445334 ], [ -79.95726, 40.4449775 ], [ -79.9572734, 40.4449766 ] ] } },
{ "type": "Feature", "properties": { "persona": "workers", "hour": 8, "length_m": 1545.1, "minutes": 21.46, "sun": [ 0.345, 1.0, 1.0, 1.0, 1.0, 1.0, 1.0, 1.0, 0.948 ] }, "geometry": { "type": "LineString", "coordinates": [ [ -79.9501789, 40.4417609 ], [ -79.9500864, 40.4417078 ], [ -79.9500272, 40.4416781 ], [ -79.949818, 40.44154 ], [ -79.9493535, 40.4412567 ], [ -79.9487754, 40.4409515 ], [ -79.9485015, 40.4408225 ], [ -79.9484526, 40.4407805 ], [ -79.9483142, 40.4406941 ] ] } },
{ "type": "Feature", "properties": { "persona": "workers", "hour": 8, "length_m": 1141.8, "minutes": 15.86, "sun": [ 0.403, 0.851, 0.526 ] }, "geometry": { "type": "LineString", "coordinates": [ [ -79.9521722, 40.4378991 ], [ -79.9519418, 40.4384303 ], [ -79.9516197, 40.4391899 ] ] } },
{ "type": "Feature", "properties": { "persona": "workers", "hour": 8, "length_m": 1428.5, "minutes": 19.84, "sun": [ 0.2, 0.2, 0.112, 0.112, 0.406, 0.406 ] }, "geometry": { "type": "LineString", "coordinates": [ [ -79.9429465, 40.4508374 ], [ -79.94285, 40.450333 ], [ -79.9427963, 40.4500527 ], [ -79.942758, 40.449852600000014 ], [ -79.9426066, 40.4490614 ], [ -79.9425986, 40.4490516 ] ] } },
{ "type": "Feature", "properties": { "persona": "workers", "hour": 18, "length_m": 359.7, "minutes": 5.0, "sun": [ 0.729, 0.407, 0.765 ] }, "geometry": { "type": "LineString", "coordinates": [ [ -79.9511364, 40.452769600000011 ], [ -79.951431, 40.4532359 ], [ -79.951879, 40.4539448 ] ] } },
{ "type": "Feature", "properties": { "persona": "workers", "hour": 12, "length_m": 1444.2, "minutes": 20.06, "sun": [ 0.929, 0.774, 0.774, 0.237, 0.237, 0.237, 0.237, 0.219, 0.219, 0.219, 0.219, 0.219, 0.219, 0.306, 0.306, 0.306, 0.306, 0.306, 0.306, 0.306, 0.306, 0.306, 0.874 ] }, "geometry": { "type": "LineString", "coordinates": [ [ -79.9647197, 40.4487879 ], [ -79.964732, 40.4487632 ], [ -79.9647361, 40.4487356 ], [ -79.9647115, 40.4486664 ], [ -79.964693, 40.4486071 ], [ -79.9647115, 40.4485504 ], [ -79.9647415, 40.4485041 ], [ -79.9654595, 40.4479757 ], [ -79.9655326, 40.44789810000001 ], [ -79.9655668, 40.447855 ], [ -79.9655982, 40.4478024 ], [ -79.9657154, 40.4474679 ], [ -79.9657708, 40.4472998 ], [ -79.965805, 40.4471911 ], [ -79.965822, 40.4471027 ], [ -79.965833, 40.4469996 ], [ -79.9658391, 40.446906 ], [ -79.965837800000017, 40.4468082 ], [ -79.9658282, 40.4467156 ], [ -79.9657995, 40.4465418 ], [ -79.9657634, 40.446435799999989 ], [ -79.9657483, 40.4463881 ], [ -79.965741, 40.4463709 ] ] } },
{ "type": "Feature", "properties": { "persona": "workers", "hour": 8, "length_m": 1363.4, "minutes": 18.94, "sun": [ 0.345, 1.0, 1.0, 1.0, 1.0, 1.0, 1.0, 1.0, 0.948 ] }, "geometry": { "type": "LineString", "coordinates": [ [ -79.9501789, 40.4417609 ], [ -79.9500864, 40.4417078 ], [ -79.9500272, 40.4416781 ], [ -79.949818, 40.44154 ], [ -79.9493535, 40.4412567 ], [ -79.9487754, 40.4409515 ], [ -79.9485015, 40.4408225 ], [ -79.9484526, 40.4407805 ], [ -79.9483142, 40.4406941 ] ] } },
{ "type": "Feature", "properties": { "persona": "workers", "hour": 18, "length_m": 2898.1, "minutes": 40.25, "sun": [ 0.575, 0.538, 0.15 ] }, "geometry": { "type": "LineString", "coordinates": [ [ -79.9572241, 40.4513735 ], [ -79.9588549, 40.4485822 ], [ -79.958993800000016, 40.44839060000001 ] ] } },
{ "type": "Feature", "properties": { "persona": "workers", "hour": 18, "length_m": 1509.7, "minutes": 20.97, "sun": [ 0.267, 0.471 ] }, "geometry": { "type": "LineString", "coordinates": [ [ -79.9453201, 40.45134250000001 ], [ -79.9434087, 40.451730499999989 ] ] } },
{ "type": "Feature", "properties": { "persona": "workers", "hour": 12, "length_m": 1829.5, "minutes": 25.41, "sun": [ 0.915, 0.261, 0.3 ] }, "geometry": { "type": "LineString", "coordinates": [ [ -79.9572241, 40.4513735 ], [ -79.9588549, 40.4485822 ], [ -79.958993800000016, 40.44839060000001 ] ] } },
{ "type": "Feature", "properties": { "persona": "workers", "hour": 8, "length_m": 593.9, "minutes": 8.25, "sun": [ 0.0, 0.823, 0.823, 0.823 ] }, "geometry": { "type": "LineString", "coordinates": [ [ -79.9547507, 40.4445772 ], [ -79.9547443, 40.4445804 ], [ -79.9547183, 40.4445998 ], [ -79.9541054, 40.4450574 ] ] } },
{ "type": "Feature", "properties": { "persona": "workers", "hour": 8, "length_m": 2379.0, "minutes": 33.04, "sun": [ 0.084, 0.49, 0.49, 0.49, 0.49, 1.0 ] }, "geometry": { "type": "LineString", "coordinates": [ [ -79.957478400000014, 40.4490405 ], [ -79.9552166, 40.4506183 ], [ -79.9551876, 40.4506392 ], [ -79.9551666, 40.4506486 ], [ -79.9551526, 40.4506521 ], [ -79.9551469, 40.4506521 ] ] } },
{ "type": "Feature", "properties": { "persona": "workers", "hour": 18, "length_m": 1811.4, "minutes": 25.16, "sun": [ 1.0, 0.388, 0.388, 0.388, 0.388, 0.263 ] }, "geometry": { "type": "LineString", "coordinates": [ [ -79.957478400000014, 40.4490405 ], [ -79.9552166, 40.4506183 ], [ -79.9551876, 40.4506392 ], [ -79.9551666, 40.4506486 ], [ -79.9551526, 40.4506521 ], [ -79.9551469, 40.4506521 ] ] } },
{ "type": "Feature", "properties": { "persona": "workers", "hour": 8, "length_m": 526.6, "minutes": 7.31, "sun": [ 0.0, 0.0, 0.0 ] }, "geometry": { "type": "LineString", "coordinates": [ [ -79.9626966, 40.4419705 ], [ -79.9626548, 40.4419503 ], [ -79.9615836, 40.4413736 ] ] } },
{ "type": "Feature", "properties": { "persona": "workers", "hour": 18, "length_m": 1552.8, "minutes": 21.57, "sun": [ 0.505, 0.336 ] }, "geometry": { "type": "LineString", "coordinates": [ [ -79.9510271, 40.4404108 ], [ -79.9524425, 40.4404198 ] ] } },
{ "type": "Feature", "properties": { "persona": "workers", "hour": 8, "length_m": 999.1, "minutes": 13.88, "sun": [ 0.577, 0.49, 0.49, 0.49, 0.864, 0.864, 0.864, 0.864, 0.864, 0.864, 1.0 ] }, "geometry": { "type": "LineString", "coordinates": [ [ -79.9551392, 40.45065060000001 ], [ -79.9551373, 40.4506499 ], [ -79.9551336, 40.4506447 ], [ -79.95513560000002, 40.4506382 ], [ -79.9556449, 40.4493969 ], [ -79.955657, 40.449348 ], [ -79.9556597, 40.4493036 ], [ -79.9556603, 40.4492561 ], [ -79.955661, 40.4492219 ], [ -79.955662, 40.4492092 ], [ -79.955669, 40.4492013 ] ] } },
{ "type": "Feature", "properties": { "persona": "workers", "hour": 8, "length_m": 905.8, "minutes": 12.58, "sun": [ 0.203, 0.203, 0.203, 0.0, 0.0, 0.251 ] }, "geometry": { "type": "LineString", "coordinates": [ [ -79.9539471, 40.438208699999983 ], [ -79.9539628, 40.4382146 ], [ -79.9542801, 40.4384696 ], [ -79.9547919, 40.4388828 ], [ -79.9554192, 40.4393998 ], [ -79.9557525, 40.4396649 ] ] } },
{ "type": "Feature", "properties": { "persona": "workers", "hour": 8, "length_m": 2458.9, "minutes": 34.15, "sun": [ 0.28, 0.283 ] }, "geometry": { "type": "LineString", "coordinates": [ [ -79.9434087, 40.451730499999989 ], [ -79.9453201, 40.45134250000001 ] ] } },
{ "type": "Feature", "properties": { "persona": "workers", "hour": 8, "length_m": 942.6, "minutes": 13.09, "sun": [ 0.406, 0.406, 0.112, 0.112, 0.2, 0.2 ] }, "geometry": { "type": "LineString", "coordinates": [ [ -79.9425986, 40.4490516 ], [ -79.9426066, 40.4490614 ], [ -79.942758, 40.449852600000014 ], [ -79.9427963, 40.4500527 ], [ -79.94285, 40.450333 ], [ -79.9429465, 40.4508374 ] ] } },
{ "type": "Feature", "properties": { "persona": "workers", "hour": 12, "length_m": 1640.1, "minutes": 22.78, "sun": [ 0.679, 0.679, 0.679, 0.679, 0.679, 0.556 ] }, "geometry": { "type": "LineString", "coordinates": [ [ -79.9539471, 40.438208699999983 ], [ -79.9539628, 40.4382146 ], [ -79.9542801, 40.4384696 ], [ -79.9547919, 40.4388828 ], [ -79.9554192, 40.4393998 ], [ -79.9557525, 40.4396649 ] ] } },
{ "type": "Feature", "properties": { "persona": "workers", "hour": 18, "length_m": 1079.3, "minutes": 14.99, "sun": [ 0.16, 0.16, 0.16 ] }, "geometry": { "type": "LineString", "coordinates": [ [ -79.9606895, 40.4418226 ], [ -79.9603764, 40.4421656 ], [ -79.959927, 40.442659 ] ] } },
{ "type": "Feature", "properties": { "persona": "workers", "hour": 15, "length_m": 1285.6, "minutes": 17.86, "sun": [ 0.3, 0.643 ] }, "geometry": { "type": "LineString", "coordinates": [ [ -79.9453201, 40.45134250000001 ], [ -79.9434087, 40.451730499999989 ] ] } },
{ "type": "Feature", "properties": { "persona": "workers", "hour": 18, "length_m": 1072.8, "minutes": 14.9, "sun": [ 0.982, 0.982, 1.0 ] }, "geometry": { "type": "LineString", "coordinates": [ [ -79.9519858, 40.4463099 ], [ -79.9520006, 40.446305099999989 ], [ -79.9529899, 40.4455809 ] ] } },
{ "type": "Feature", "properties": { "persona": "workers", "hour": 18, "length_m": 2501.7, "minutes": 34.75, "sun": [ 0.351, 0.35, 0.35, 0.35, 0.35, 0.35, 0.35, 0.35, 0.35, 0.35, 0.35, 0.35, 0.35, 0.717, 0.717, 0.717, 0.717, 0.717, 0.717, 0.717, 0.717, 0.717, 0.717, 0.717, 0.483, 0.227 ] }, "geometry": { "type": "LineString", "coordinates": [ [ -79.9591607, 40.4462281 ], [ -79.959100300000017, 40.4462079 ], [ -79.9590359, 40.446194 ], [ -79.9589537, 40.4461878 ], [ -79.958893, 40.4462068 ], [ -79.9588406, 40.4462419 ], [ -79.9588126, 40.4462845 ], [ -79.9587935, 40.4463387 ], [ -79.9587719, 40.4464058 ], [ -79.9587448, 40.4465371 ], [ -79.9586864, 40.446706 ], [ -79.9586438, 40.446769899999985 ], [ -79.958595, 40.446804299999989 ], [ -79.9584923, 40.4468248 ], [ -79.9584018, 40.446816 ], [ -79.9583191, 40.4467833 ], [ -79.9582638, 40.4467403 ], [ -79.9582392, 40.446704 ], [ -79.9582264, 40.4466562 ], [ -79.9582263, 40.4465986 ], [ -79.9582476, 40.446547099999982 ], [ -79.9583361, 40.446448299999986 ], [ -79.9584132, 40.446379 ], [ -79.9584593, 40.4463012 ], [ -79.9586627, 40.4457698 ], [ -79.958856, 40.4452921 ] ] } },
{ "type": "Feature", "properties": { "persona": "workers", "hour": 18, "length_m": 1080.7, "minutes": 15.01, "sun": [ 0.982, 0.982, 1.0 ] }, "geometry": { "type": "LineString", "coordinates": [ [ -79.9519858, 40.4463099 ], [ -79.9520006, 40.446305099999989 ], [ -79.9529899, 40.4455809 ] ] } },
{ "type": "Feature", "properties": { "persona": "workers", "hour": 8, "length_m": 2460.9, "minutes": 34.18, "sun": [ 0.084, 0.49, 0.49, 0.49, 0.49, 1.0 ] }, "geometry": { "type": "LineString", "coordinates": [ [ -79.957478400000014, 40.4490405 ], [ -79.9552166, 40.4506183 ], [ -79.9551876, 40.4506392 ], [ -79.9551666, 40.4506486 ], [ -79.9551526, 40.4506521 ], [ -79.9551469, 40.4506521 ] ] } },
{ "type": "Feature", "properties": { "persona": "workers", "hour": 8, "length_m": 1789.8, "minutes": 24.86, "sun": [ 0.554, 0.609, 0.609, 0.704 ] }, "geometry": { "type": "LineString", "coordinates": [ [ -79.9494001, 40.45168 ], [ -79.9488808, 40.450479 ], [ -79.9488826, 40.4504667 ], [ -79.948886, 40.4504556 ] ] } },
{ "type": "Feature", "properties": { "persona": "workers", "hour": 18, "length_m": 2943.2, "minutes": 40.88, "sun": [ 1.0, 0.388, 0.388, 0.388, 0.388, 0.263 ] }, "geometry": { "type": "LineString", "coordinates": [ [ -79.957478400000014, 40.4490405 ], [ -79.9552166, 40.4506183 ], [ -79.9551876, 40.4506392 ], [ -79.9551666, 40.4506486 ], [ -79.9551526, 40.4506521 ], [ -79.9551469, 40.4506521 ] ] } },
{ "type": "Feature", "properties": { "persona": "workers", "hour": 12, "length_m": 1575.5, "minutes": 21.88, "sun": [ 1.0, 0.948, 0.722 ] }, "geometry": { "type": "LineString", "coordinates": [ [ -79.9523648, 40.4397574 ], [ -79.953518, 40.440402 ], [ -79.9535229, 40.440414399999987 ] ] } },
{ "type": "Feature", "properties": { "persona": "workers", "hour": 8, "length_m": 2207.6, "minutes": 30.66, "sun": [ 0.0, 0.485, 0.485, 0.485, 0.094, 0.094 ] }, "geometry": { "type": "LineString", "coordinates": [ [ -79.9520898, 40.4377335 ], [ -79.9519065, 40.4381734 ], [ -79.9518988, 40.4381914 ], [ -79.9516731, 40.43871570000001 ], [ -79.9515356, 40.4390444 ], [ -79.9514843, 40.43916930000001 ] ] } },
{ "type": "Feature", "properties": { "persona": "workers", "hour": 18, "length_m": 2245.3, "minutes": 31.19, "sun": [ 1.0, 0.449, 0.591, 0.591 ] }, "geometry": { "type": "LineString", "coordinates": [ [ -79.9650468, 40.4432576 ], [ -79.9650347, 40.4432434 ], [ -79.9638793, 40.4425963 ], [ -79.9638454, 40.4425784 ] ] } },
{ "type": "Feature", "properties": { "persona": "workers", "hour": 18, "length_m": 1692.1, "minutes": 23.5, "sun": [ 0.402, 0.0, 0.0 ] }, "geometry": { "type": "LineString", "coordinates": [ [ -79.951838, 40.4437271 ], [ -79.95092, 40.4439704 ], [ -79.9509101, 40.4439778 ] ] } },
{ "type": "Feature", "properties": { "persona": "workers", "hour": 8, "length_m": 1878.8, "minutes": 26.09, "sun": [ 0.915, 0.15, 0.383 ] }, "geometry": { "type": "LineString", "coordinates": [ [ -79.9572241, 40.4513735 ], [ -79.9588549, 40.4485822 ], [ -79.958993800000016, 40.44839060000001 ] ] } },
{ "type": "Feature", "properties": { "persona": "workers", "hour": 8, "length_m": 860.3, "minutes": 11.95, "sun": [ 1.0, 0.741, 0.011, 0.113 ] }, "geometry": { "type": "LineString", "coordinates": [ [ -79.9540399, 40.4381148 ], [ -79.95405, 40.4381351 ], [ -79.9552776, 40.4391159 ], [ -79.9558982, 40.4396139 ] ] } },
{ "type": "Feature", "properties": { "persona": "workers", "hour": 8, "length_m": 500.2, "minutes": 6.95, "sun": [ 0.0, 0.013, 0.0 ] }, "geometry": { "type": "LineString", "coordinates": [ [ -79.9612346, 40.4385726 ], [ -79.9612115, 40.4385871 ], [ -79.9597539, 40.4396461 ] ] } },
{ "type": "Feature", "properties": { "persona": "workers", "hour": 18, "length_m": 2108.1, "minutes": 29.28, "sun": [ 0.248, 0.248, 0.248, 0.248, 0.248, 0.248, 0.318, 0.318, 0.318, 0.318 ] }, "geometry": { "type": "LineString", "coordinates": [ [ -79.9451211, 40.4505001 ], [ -79.9451238, 40.450490599999988 ], [ -79.945148, 40.450469 ], [ -79.9451753, 40.4504556 ], [ -79.9452665, 40.4503814 ], [ -79.9454693, 40.450184 ], [ -79.945956, 40.4497106 ], [ -79.946079, 40.449601400000013 ], [ -79.946359, 40.449328 ], [ -79.9464022, 40.449287299999988 ] ] } },
{ "type": "Feature", "properties": { "persona": "workers", "hour": 12, "length_m": 356.3, "minutes": 4.95, "sun": [ 1.0, 0.881, 0.881, 0.881, 0.881, 0.863, 0.863, 0.863, 0.037 ] }, "geometry": { "type": "LineString", "coordinates": [ [ -79.9558755, 40.443852 ], [ -79.9558739, 40.4438507 ], [ -79.9558663, 40.4438376 ], [ -79.9558636, 40.4438246 ], [ -79.9558708, 40.4438029 ], [ -79.9561961, 40.4435739 ], [ -79.9565432, 40.4433054 ], [ -79.956567, 40.443287 ], [ -79.9565843, 40.4432827 ] ] } },
{ "type": "Feature", "properties": { "persona": "workers", "hour": 18, "length_m": 431.0, "minutes": 5.99, "sun": [ 0.015, 0.0, 0.0, 0.095, 0.095, 0.095, 0.095, 0.108 ] }, "geometry": { "type": "LineString", "coordinates": [ [ -79.958438, 40.4405842 ], [ -79.9584849, 40.4405512 ], [ -79.9585558, 40.4405196 ], [ -79.9591803, 40.4400668 ], [ -79.9593405, 40.4399518 ], [ -79.9593727, 40.4399056 ], [ -79.9593846, 40.4398908 ], [ -79.9594105, 40.4398789 ] ] } },
{ "type": "Feature", "properties": { "persona": "workers", "hour": 18, "length_m": 844.8, "minutes": 11.73, "sun": [ 1.0, 0.965, 0.879, 0.879, 0.879, 0.879, 0.879, 0.879, 1.0 ] }, "geometry": { "type": "LineString", "coordinates": [ [ -79.9654818, 40.4402945 ], [ -79.9648091, 40.4403998 ], [ -79.9644737, 40.4404465 ], [ -79.9643785, 40.4404603 ], [ -79.9643349, 40.4404679 ], [ -79.9643067, 40.4404776 ], [ -79.964286, 40.4404904 ], [ -79.9640704, 40.4406915 ], [ -79.9640412, 40.440720399999989 ] ] } },
{ "type": "Feature", "properties": { "persona": "workers", "hour": 18, "length_m": 1632.1, "minutes": 22.67, "sun": [ 0.601, 0.601, 1.0, 1.0, 1.0, 1.0, 1.0, 1.0, 1.0 ] }, "geometry": { "type": "LineString", "coordinates": [ [ -79.9499606, 40.4418759 ], [ -79.9498703, 40.4418219 ], [ -79.9495005, 40.441610599999983 ], [ -79.948814400000018, 40.4412214 ], [ -79.9486794, 40.4411541 ], [ -79.948490100000015, 40.4410486 ], [ -79.9483489, 40.4409706 ], [ -79.9482568, 40.4409427 ], [ -79.9481794, 40.4409412 ] ] } },
{ "type": "Feature", "properties": { "persona": "workers", "hour": 12, "length_m": 2218.2, "minutes": 30.81, "sun": [ 0.532, 0.532, 0.983, 0.965, 0.965, 0.965, 0.965, 0.965, 0.965 ] }, "geometry": { "type": "LineString", "coordinates": [ [ -79.9499606, 40.4418759 ], [ -79.9498703, 40.4418219 ], [ -79.9495005, 40.441610599999983 ], [ -79.948814400000018, 40.4412214 ], [ -79.9486794, 40.4411541 ], [ -79.948490100000015, 40.4410486 ], [ -79.9483489, 40.4409706 ], [ -79.9482568, 40.4409427 ], [ -79.9481794, 40.4409412 ] ] } },
{ "type": "Feature", "properties": { "persona": "workers", "hour": 8, "length_m": 1363.2, "minutes": 18.93, "sun": [ 0.742, 0.168, 0.876 ] }, "geometry": { "type": "LineString", "coordinates": [ [ -79.9523648, 40.4397574 ], [ -79.953518, 40.440402 ], [ -79.9535229, 40.440414399999987 ] ] } },
{ "type": "Feature", "properties": { "persona": "workers", "hour": 18, "length_m": 2202.5, "minutes": 30.59, "sun": [ 0.788, 0.948, 0.948, 1.0, 1.0, 1.0, 1.0, 1.0, 1.0, 1.0, 1.0, 1.0, 1.0, 0.948, 0.948, 0.948, 0.948, 0.948, 0.948, 0.948, 0.948, 0.948, 1.0 ] }, "geometry": { "type": "LineString", "coordinates": [ [ -79.9647197, 40.4487879 ], [ -79.964732, 40.4487632 ], [ -79.9647361, 40.4487356 ], [ -79.9647115, 40.4486664 ], [ -79.964693, 40.4486071 ], [ -79.9647115, 40.4485504 ], [ -79.9647415, 40.4485041 ], [ -79.9654595, 40.4479757 ], [ -79.9655326, 40.44789810000001 ], [ -79.9655668, 40.447855 ], [ -79.9655982, 40.4478024 ], [ -79.9657154, 40.4474679 ], [ -79.9657708, 40.4472998 ], [ -79.965805, 40.4471911 ], [ -79.965822, 40.4471027 ], [ -79.965833, 40.4469996 ], [ -79.9658391, 40.446906 ], [ -79.965837800000017, 40.4468082 ], [ -79.9658282, 40.4467156 ], [ -79.9657995, 40.4465418 ], [ -79.9657634, 40.446435799999989 ], [ -79.9657483, 40.4463881 ], [ -79.965741, 40.4463709 ] ] } },
{ "type": "Feature", "properties": { "persona": "workers", "hour": 12, "length_m": 1824.1, "minutes": 25.33, "sun": [ 0.369, 0.728, 0.728, 0.728, 0.728, 0.728, 0.728 ] }, "geometry": { "type": "LineString", "coordinates": [ [ -79.9504315, 40.4438999 ], [ -79.94947, 40.444156 ], [ -79.9493857, 40.4441415 ], [ -79.949025, 40.444233 ], [ -79.9489721, 40.4442817 ], [ -79.9488859, 40.4443029 ], [ -79.9487845, 40.4443279 ] ] } },
{ "type": "Feature", "properties": { "persona": "workers", "hour": 12, "length_m": 793.1, "minutes": 11.02, "sun": [ 1.0, 1.0, 1.0 ] }, "geometry": { "type": "LineString", "coordinates": [ [ -79.9558518, 40.4378947 ], [ -79.956743, 40.4386099 ], [ -79.957006, 40.4388199 ] ] } },
{ "type": "Feature", "properties": { "persona": "workers", "hour": 12, "length_m": 1717.1, "minutes": 23.85, "sun": [ 0.121, 0.121, 0.121, 0.121, 0.121, 0.121, 0.121, 0.121, 0.121, 0.78, 0.78, 0.78, 0.78, 0.78, 0.78, 0.667 ] }, "geometry": { "type": "LineString", "coordinates": [ [ -79.9449993, 40.443607 ], [ -79.9449734, 40.443535 ], [ -79.9449719, 40.4435157 ], [ -79.9449757, 40.443491 ], [ -79.9450407, 40.4433661 ], [ -79.9450377, 40.4433173 ], [ -79.9449694, 40.4432741 ], [ -79.9448886, 40.443264 ], [ -79.9444463, 40.4431362 ], [ -79.9441132, 40.4431804 ], [ -79.9440763, 40.4431785 ], [ -79.9440397, 40.4431672 ], [ -79.9440171, 40.443152 ], [ -79.9439965, 40.4431278 ], [ -79.9439909, 40.4431007 ], [ -79.9440016, 40.44304360000001 ] ] } },
{ "type": "Feature", "properties": { "persona": "workers", "hour": 8, "length_m": 1399.5, "minutes": 19.44, "sun": [ 0.187, 0.565, 0.565, 0.543, 0.543, 0.543, 0.558 ] }, "geometry": { "type": "LineString", "coordinates": [ [ -79.9612448, 40.4459905 ], [ -79.9612878, 40.44601380000001 ], [ -79.9622909, 40.4462494 ], [ -79.9638267, 40.446633 ], [ -79.9638638, 40.446725 ], [ -79.9638619, 40.4467855 ], [ -79.9637423, 40.4469439 ] ] } },
{ "type": "Feature", "properties": { "persona": "workers", "hour": 8, "length_m": 1852.0, "minutes": 25.72, "sun": [ 0.131, 0.131, 0.21, 0.324, 1.0 ] }, "geometry": { "type": "LineString", "coordinates": [ [ -79.944916, 40.4504236 ], [ -79.9449139, 40.4504099 ], [ -79.944565, 40.4496143 ], [ -79.9441418, 40.4486511 ], [ -79.9441303, 40.4483767 ] ] } },
{ "type": "Feature", "properties": { "persona": "workers", "hour": 8, "length_m": 638.1, "minutes": 8.86, "sun": [ 0.759, 0.143, 0.156, 0.156, 0.0 ] }, "geometry": { "type": "LineString", "coordinates": [ [ -79.9539738, 40.4525188 ], [ -79.9537782, 40.4521996 ], [ -79.9536723, 40.4520269 ], [ -79.9534165, 40.451609500000011 ], [ -79.9533825, 40.451554 ] ] } },
{ "type": "Feature", "properties": { "persona": "workers", "hour": 18, "length_m": 971.1, "minutes": 13.49, "sun": [ 0.931, 0.913, 0.83 ] }, "geometry": { "type": "LineString", "coordinates": [ [ -79.953262, 40.4405105 ], [ -79.9514944, 40.4404962 ], [ -79.950671, 40.440496300000014 ] ] } },
{ "type": "Feature", "properties": { "persona": "workers", "hour": 12, "length_m": 1011.8, "minutes": 14.05, "sun": [ 0.928, 0.429, 0.429, 0.429, 0.429, 0.429, 0.874, 0.874 ] }, "geometry": { "type": "LineString", "coordinates": [ [ -79.9650853, 40.4449948 ], [ -79.9650696, 40.4450701 ], [ -79.9650629, 40.4451334 ], [ -79.96506620000001, 40.4452018 ], [ -79.9650853, 40.44526170000001 ], [ -79.9651191, 40.4453267 ], [ -79.9656845, 40.4462411 ], [ -79.9657139, 40.4463085 ] ] } },
{ "type": "Feature", "properties": { "persona": "workers", "hour": 8, "length_m": 1341.8, "minutes": 18.64, "sun": [ 0.0, 0.117, 0.117, 0.117 ] }, "geometry": { "type": "LineString", "coordinates": [ [ -79.9558755, 40.443852 ], [ -79.956715, 40.4445334 ], [ -79.95726, 40.4449775 ], [ -79.9572734, 40.4449766 ] ] } },
{ "type": "Feature", "properties": { "persona": "workers", "hour": 12, "length_m": 1822.0, "minutes": 25.31, "sun": [ 0.754, 1.0, 1.0, 0.949, 0.949, 0.949, 1.0 ] }, "geometry": { "type": "LineString", "coordinates": [ [ -79.9612448, 40.4459905 ], [ -79.9612878, 40.44601380000001 ], [ -79.9622909, 40.4462494 ], [ -79.9638267, 40.446633 ], [ -79.9638638, 40.446725 ], [ -79.9638619, 40.4467855 ], [ -79.9637423, 40.4469439 ] ] } },
{ "type": "Feature", "properties": { "persona": "workers", "hour": 12, "length_m": 1160.7, "minutes": 16.12, "sun": [ 0.719, 0.638 ] }, "geometry": { "type": "LineString", "coordinates": [ [ -79.9559837, 40.4369034 ], [ -79.9573485, 40.4380082 ] ] } },
{ "type": "Feature", "properties": { "persona": "workers", "hour": 18, "length_m": 2280.5, "minutes": 31.67, "sun": [ 1.0, 0.388, 0.388, 0.388, 0.388, 0.263 ] }, "geometry": { "type": "LineString", "coordinates": [ [ -79.957478400000014, 40.4490405 ], [ -79.9552166, 40.4506183 ], [ -79.9551876, 40.4506392 ], [ -79.9551666, 40.4506486 ], [ -79.9551526, 40.4506521 ], [ -79.9551469, 40.4506521 ] ] } },
{ "type": "Feature", "properties": { "persona": "workers", "hour": 8, "length_m": 1433.3, "minutes": 19.91, "sun": [ 0.411, 0.194, 0.194, 0.194, 0.0, 0.0, 0.0 ] }, "geometry": { "type": "LineString", "coordinates": [ [ -79.961223, 40.4439346 ], [ -79.9612298, 40.4439394 ], [ -79.9614891, 40.4440856 ], [ -79.9616537, 40.4441842 ], [ -79.9626818, 40.4447452 ], [ -79.962841, 40.4448322 ], [ -79.9628664, 40.4448068 ] ] } },
{ "type": "Feature", "properties": { "persona": "workers", "hour": 8, "length_m": 1643.6, "minutes": 22.83, "sun": [ 0.722, 0.722, 0.722, 0.722, 0.722, 0.722, 0.64, 0.64, 0.64, 0.64 ] }, "geometry": { "type": "LineString", "coordinates": [ [ -79.9451211, 40.4505001 ], [ -79.9451238, 40.450490599999988 ], [ -79.945148, 40.450469 ], [ -79.9451753, 40.4504556 ], [ -79.9452665, 40.4503814 ], [ -79.9454693, 40.450184 ], [ -79.945956, 40.4497106 ], [ -79.946079, 40.449601400000013 ], [ -79.946359, 40.449328 ], [ -79.9464022, 40.449287299999988 ] ] } },
{ "type": "Feature", "properties": { "persona": "workers", "hour": 15, "length_m": 2186.6, "minutes": 30.37, "sun": [ 0.788, 0.861, 0.861, 0.48, 0.48, 0.48, 0.48, 0.67, 0.67, 0.67, 0.67, 0.67, 0.67, 0.618, 0.618, 0.618, 0.618, 0.618, 0.618, 0.618, 0.618, 0.618, 1.0 ] }, "geometry": { "type": "LineString", "coordinates": [ [ -79.9647197, 40.4487879 ], [ -79.964732, 40.4487632 ], [ -79.9647361, 40.4487356 ], [ -79.9647115, 40.4486664 ], [ -79.964693, 40.4486071 ], [ -79.9647115, 40.4485504 ], [ -79.9647415, 40.4485041 ], [ -79.9654595, 40.4479757 ], [ -79.9655326, 40.44789810000001 ], [ -79.9655668, 40.447855 ], [ -79.9655982, 40.4478024 ], [ -79.9657154, 40.4474679 ], [ -79.9657708, 40.4472998 ], [ -79.965805, 40.4471911 ], [ -79.965822, 40.4471027 ], [ -79.965833, 40.4469996 ], [ -79.9658391, 40.446906 ], [ -79.965837800000017, 40.4468082 ], [ -79.9658282, 40.4467156 ], [ -79.9657995, 40.4465418 ], [ -79.9657634, 40.446435799999989 ], [ -79.9657483, 40.4463881 ], [ -79.965741, 40.4463709 ] ] } },
{ "type": "Feature", "properties": { "persona": "workers", "hour": 8, "length_m": 843.5, "minutes": 11.72, "sun": [ 0.212, 0.212, 0.212, 0.212 ] }, "geometry": { "type": "LineString", "coordinates": [ [ -79.9506438, 40.4535912 ], [ -79.9504445, 40.4533947 ], [ -79.950231, 40.4530272 ], [ -79.9499766, 40.4525894 ] ] } },
{ "type": "Feature", "properties": { "persona": "workers", "hour": 8, "length_m": 967.5, "minutes": 13.44, "sun": [ 0.417, 0.35, 0.324 ] }, "geometry": { "type": "LineString", "coordinates": [ [ -79.9423507, 40.4473544 ], [ -79.9421602, 40.446039499999983 ], [ -79.9421608, 40.4460022 ] ] } },
{ "type": "Feature", "properties": { "persona": "workers", "hour": 12, "length_m": 1258.2, "minutes": 17.48, "sun": [ 0.277, 0.277, 0.476 ] }, "geometry": { "type": "LineString", "coordinates": [ [ -79.9519858, 40.4463099 ], [ -79.9520006, 40.446305099999989 ], [ -79.9529899, 40.4455809 ] ] } },
{ "type": "Feature", "properties": { "persona": "workers", "hour": 8, "length_m": 2670.6, "minutes": 37.09, "sun": [ 0.915, 0.15, 0.383 ] }, "geometry": { "type": "LineString", "coordinates": [ [ -79.9572241, 40.4513735 ], [ -79.9588549, 40.4485822 ], [ -79.958993800000016, 40.44839060000001 ] ] } },
{ "type": "Feature", "properties": { "persona": "workers", "hour": 18, "length_m": 2058.7, "minutes": 28.59, "sun": [ 0.788, 0.948, 0.948, 1.0, 1.0, 1.0, 1.0, 1.0, 1.0, 1.0, 1.0, 1.0, 1.0, 0.948, 0.948, 0.948, 0.948, 0.948, 0.948, 0.948, 0.948, 0.948, 1.0 ] }, "geometry": { "type": "LineString", "coordinates": [ [ -79.9647197, 40.4487879 ], [ -79.964732, 40.4487632 ], [ -79.9647361, 40.4487356 ], [ -79.9647115, 40.4486664 ], [ -79.964693, 40.4486071 ], [ -79.9647115, 40.4485504 ], [ -79.9647415, 40.4485041 ], [ -79.9654595, 40.4479757 ], [ -79.9655326, 40.44789810000001 ], [ -79.9655668, 40.447855 ], [ -79.9655982, 40.4478024 ], [ -79.9657154, 40.4474679 ], [ -79.9657708, 40.4472998 ], [ -79.965805, 40.4471911 ], [ -79.965822, 40.4471027 ], [ -79.965833, 40.4469996 ], [ -79.9658391, 40.446906 ], [ -79.965837800000017, 40.4468082 ], [ -79.9658282, 40.4467156 ], [ -79.9657995, 40.4465418 ], [ -79.9657634, 40.446435799999989 ], [ -79.9657483, 40.4463881 ], [ -79.965741, 40.4463709 ] ] } },
{ "type": "Feature", "properties": { "persona": "workers", "hour": 8, "length_m": 182.7, "minutes": 2.54, "sun": [ 0.565, 0.565, 0.565, 0.565, 0.565, 0.565, 0.565 ] }, "geometry": { "type": "LineString", "coordinates": [ [ -79.943096, 40.4451254 ], [ -79.9430417, 40.4450291 ], [ -79.9431257, 40.4448747 ], [ -79.9431256, 40.4448262 ], [ -79.9431504, 40.4447991 ], [ -79.943127, 40.4447737 ], [ -79.9431293, 40.4447349 ] ] } },
{ "type": "Feature", "properties": { "persona": "workers", "hour": 18, "length_m": 2330.9, "minutes": 32.37, "sun": [ 0.163, 0.0, 0.0 ] }, "geometry": { "type": "LineString", "coordinates": [ [ -79.9597539, 40.4396461 ], [ -79.9612115, 40.4385871 ], [ -79.9612346, 40.4385726 ] ] } },
{ "type": "Feature", "properties": { "persona": "workers", "hour": 12, "length_m": 1975.5, "minutes": 27.44, "sun": [ 0.532, 0.532, 0.983, 0.965, 0.965, 0.965, 0.965, 0.965, 0.965 ] }, "geometry": { "type": "LineString", "coordinates": [ [ -79.9499606, 40.4418759 ], [ -79.9498703, 40.4418219 ], [ -79.9495005, 40.441610599999983 ], [ -79.948814400000018, 40.4412214 ], [ -79.9486794, 40.4411541 ], [ -79.948490100000015, 40.4410486 ], [ -79.9483489, 40.4409706 ], [ -79.9482568, 40.4409427 ], [ -79.9481794, 40.4409412 ] ] } },
{ "type": "Feature", "properties": { "persona": "workers", "hour": 18, "length_m": 1998.1, "minutes": 27.75, "sun": [ 0.501, 1.0, 1.0, 0.483, 0.483, 0.483, 0.996 ] }, "geometry": { "type": "LineString", "coordinates": [ [ -79.9612448, 40.4459905 ], [ -79.9612878, 40.44601380000001 ], [ -79.9622909, 40.4462494 ], [ -79.9638267, 40.446633 ], [ -79.9638638, 40.446725 ], [ -79.9638619, 40.4467855 ], [ -79.9637423, 40.4469439 ] ] } },
{ "type": "Feature", "properties": { "persona": "workers", "hour": 8, "length_m": 1895.1, "minutes": 26.32, "sun": [ 0.759, 0.143, 0.156, 0.156, 0.0 ] }, "geometry": { "type": "LineString", "coordinates": [ [ -79.9539738, 40.4525188 ], [ -79.9537782, 40.4521996 ], [ -79.9536723, 40.4520269 ], [ -79.9534165, 40.451609500000011 ], [ -79.9533825, 40.451554 ] ] } },
{ "type": "Feature", "properties": { "persona": "workers", "hour": 12, "length_m": 1789.7, "minutes": 24.86, "sun": [ 0.754, 1.0, 1.0, 0.949, 0.949, 0.949, 1.0 ] }, "geometry": { "type": "LineString", "coordinates": [ [ -79.9612448, 40.4459905 ], [ -79.9612878, 40.44601380000001 ], [ -79.9622909, 40.4462494 ], [ -79.9638267, 40.446633 ], [ -79.9638638, 40.446725 ], [ -79.9638619, 40.4467855 ], [ -79.9637423, 40.4469439 ] ] } },
{ "type": "Feature", "properties": { "persona": "workers", "hour": 8, "length_m": 1358.2, "minutes": 18.86, "sun": [ 0.765, 0.24, 0.24, 0.24, 0.242 ] }, "geometry": { "type": "LineString", "coordinates": [ [ -79.9550692, 40.4371018 ], [ -79.9550704, 40.4371056 ], [ -79.9550728, 40.4371088 ], [ -79.9557343, 40.4376418 ], [ -79.9561739, 40.4379994 ] ] } },
{ "type": "Feature", "properties": { "persona": "workers", "hour": 8, "length_m": 1332.3, "minutes": 18.5, "sun": [ 0.091, 0.091, 0.04, 0.04, 0.04, 0.04, 0.04, 0.04, 0.55, 0.55, 0.55 ] }, "geometry": { "type": "LineString", "coordinates": [ [ -79.9471966, 40.441978199999987 ], [ -79.9471763, 40.442128399999987 ], [ -79.9469875, 40.4426588 ], [ -79.9469501, 40.4427656 ], [ -79.9468263, 40.4428319 ], [ -79.9467265, 40.4428638 ], [ -79.9464599, 40.4429346 ], [ -79.9464347, 40.44293720000001 ], [ -79.9462973, 40.442942199999983 ], [ -79.9460227, 40.442916 ], [ -79.9457322, 40.442897 ] ] } },
{ "type": "Feature", "properties": { "persona": "workers", "hour": 18, "length_m": 1788.6, "minutes": 24.84, "sun": [ 0.356, 1.0, 0.938 ] }, "geometry": { "type": "LineString", "coordinates": [ [ -79.9523648, 40.4397574 ], [ -79.953518, 40.440402 ], [ -79.9535229, 40.440414399999987 ] ] } },
{ "type": "Feature", "properties": { "persona": "workers", "hour": 15, "length_m": 689.6, "minutes": 9.58, "sun": [ 1.0, 0.798, 0.139, 1.0 ] }, "geometry": { "type": "LineString", "coordinates": [ [ -79.9540399, 40.4381148 ], [ -79.95405, 40.4381351 ], [ -79.9552776, 40.4391159 ], [ -79.9558982, 40.4396139 ] ] } },
{ "type": "Feature", "properties": { "persona": "workers", "hour": 8, "length_m": 1858.5, "minutes": 25.81, "sun": [ 0.108, 0.108, 0.108, 0.22 ] }, "geometry": { "type": "LineString", "coordinates": [ [ -79.9527751, 40.4481986 ], [ -79.9527481, 40.4481861 ], [ -79.9527239, 40.448161899999988 ], [ -79.9523633, 40.4473738 ] ] } },
{ "type": "Feature", "properties": { "persona": "workers", "hour": 15, "length_m": 992.0, "minutes": 13.78, "sun": [ 1.0, 1.0, 0.731, 0.951 ] }, "geometry": { "type": "LineString", "coordinates": [ [ -79.9638454, 40.4425784 ], [ -79.9638793, 40.4425963 ], [ -79.9650347, 40.4432434 ], [ -79.9650468, 40.4432576 ] ] } },
{ "type": "Feature", "properties": { "persona": "workers", "hour": 15, "length_m": 810.4, "minutes": 11.26, "sun": [ 0.861, 1.0, 0.768 ] }, "geometry": { "type": "LineString", "coordinates": [ [ -79.9523648, 40.4397574 ], [ -79.953518, 40.440402 ], [ -79.9535229, 40.440414399999987 ] ] } },
{ "type": "Feature", "properties": { "persona": "workers", "hour": 12, "length_m": 1378.3, "minutes": 19.14, "sun": [ 0.853, 0.8, 0.972 ] }, "geometry": { "type": "LineString", "coordinates": [ [ -79.9495894, 40.4525407 ], [ -79.9495629, 40.4525574 ], [ -79.947412, 40.453198499999985 ] ] } },
{ "type": "Feature", "properties": { "persona": "workers", "hour": 12, "length_m": 1419.2, "minutes": 19.71, "sun": [ 0.939, 0.333, 0.483, 0.217, 0.217 ] }, "geometry": { "type": "LineString", "coordinates": [ [ -79.9441303, 40.4483767 ], [ -79.9441418, 40.4486511 ], [ -79.944565, 40.4496143 ], [ -79.9449139, 40.4504099 ], [ -79.944916, 40.4504236 ] ] } },
{ "type": "Feature", "properties": { "persona": "workers", "hour": 8, "length_m": 1476.8, "minutes": 20.51, "sun": [ 0.345, 1.0, 1.0, 1.0, 1.0, 1.0, 1.0, 1.0, 0.948 ] }, "geometry": { "type": "LineString", "coordinates": [ [ -79.9501789, 40.4417609 ], [ -79.9500864, 40.4417078 ], [ -79.9500272, 40.4416781 ], [ -79.949818, 40.44154 ], [ -79.9493535, 40.4412567 ], [ -79.9487754, 40.4409515 ], [ -79.9485015, 40.4408225 ], [ -79.9484526, 40.4407805 ], [ -79.9483142, 40.4406941 ] ] } },
{ "type": "Feature", "properties": { "persona": "workers", "hour": 18, "length_m": 2398.0, "minutes": 33.31, "sun": [ 1.0, 0.254, 0.254, 0.254, 0.254, 0.254, 0.254, 0.254, 0.315, 0.0 ] }, "geometry": { "type": "LineString", "coordinates": [ [ -79.963865, 40.4379628 ], [ -79.9638177, 40.4379784 ], [ -79.9637378, 40.4380046 ], [ -79.9636417, 40.438049 ], [ -79.9635649, 40.4380919 ], [ -79.9635002, 40.4381327 ], [ -79.963379, 40.4382161 ], [ -79.9631264, 40.438437 ], [ -79.9625978, 40.4388272 ], [ -79.9620495, 40.4392341 ] ] } },
{ "type": "Feature", "properties": { "persona": "workers", "hour": 18, "length_m": 1751.1, "minutes": 24.32, "sun": [ 0.788, 0.948, 0.948, 1.0, 1.0, 1.0, 1.0, 1.0, 1.0, 1.0, 1.0, 1.0, 1.0, 0.948, 0.948, 0.948, 0.948, 0.948, 0.948, 0.948, 0.948, 0.948, 1.0 ] }, "geometry": { "type": "LineString", "coordinates": [ [ -79.9647197, 40.4487879 ], [ -79.964732, 40.4487632 ], [ -79.9647361, 40.4487356 ], [ -79.9647115, 40.4486664 ], [ -79.964693, 40.4486071 ], [ -79.9647115, 40.4485504 ], [ -79.9647415, 40.4485041 ], [ -79.9654595, 40.4479757 ], [ -79.9655326, 40.44789810000001 ], [ -79.9655668, 40.447855 ], [ -79.9655982, 40.4478024 ], [ -79.9657154, 40.4474679 ], [ -79.9657708, 40.4472998 ], [ -79.965805, 40.4471911 ], [ -79.965822, 40.4471027 ], [ -79.965833, 40.4469996 ], [ -79.9658391, 40.446906 ], [ -79.965837800000017, 40.4468082 ], [ -79.9658282, 40.4467156 ], [ -79.9657995, 40.4465418 ], [ -79.9657634, 40.446435799999989 ], [ -79.9657483, 40.4463881 ], [ -79.965741, 40.4463709 ] ] } },
{ "type": "Feature", "properties": { "persona": "workers", "hour": 8, "length_m": 918.4, "minutes": 12.76, "sun": [ 1.0, 1.0, 0.904, 0.904, 0.0, 0.0, 0.0 ] }, "geometry": { "type": "LineString", "coordinates": [ [ -79.9585389, 40.4362071 ], [ -79.9586476, 40.436305 ], [ -79.9592203, 40.4367582 ], [ -79.9595556, 40.4370277 ], [ -79.9602161, 40.4375662 ], [ -79.96023550000001, 40.4375733 ], [ -79.9602546, 40.4375735 ] ] } },
{ "type": "Feature", "properties": { "persona": "workers", "hour": 18, "length_m": 2020.7, "minutes": 28.07, "sun": [ 0.719, 0.175, 0.175, 0.211, 0.211, 0.211, 0.204 ] }, "geometry": { "type": "LineString", "coordinates": [ [ -79.9628664, 40.4448068 ], [ -79.962841, 40.4448322 ], [ -79.9626818, 40.4447452 ], [ -79.9616537, 40.4441842 ], [ -79.9614891, 40.4440856 ], [ -79.9612298, 40.4439394 ], [ -79.961223, 40.4439346 ] ] } },
{ "type": "Feature", "properties": { "persona": "workers", "hour": 18, "length_m": 849.3, "minutes": 11.8, "sun": [ 0.004, 0.004, 0.004, 0.004, 0.0 ] }, "geometry": { "type": "LineString", "coordinates": [ [ -79.9595797, 40.4411337 ], [ -79.9595804, 40.4411213 ], [ -79.9595924, 40.4411002 ], [ -79.9601608, 40.4406941 ], [ -79.9601862, 40.440689 ] ] } },
{ "type": "Feature", "properties": { "persona": "workers", "hour": 8, "length_m": 2174.1, "minutes": 30.2, "sun": [ 0.086, 0.0, 0.0, 0.0, 0.0 ] }, "geometry": { "type": "LineString", "coordinates": [ [ -79.958653, 40.4378399 ], [ -79.9592397, 40.438312799999984 ], [ -79.9595482, 40.4385588 ], [ -79.9597936, 40.438766 ], [ -79.9598119, 40.4387812 ] ] } },
{ "type": "Feature", "properties": { "persona": "workers", "hour": 12, "length_m": 1211.0, "minutes": 16.82, "sun": [ 0.591, 0.591, 0.591, 0.591, 0.706, 0.706, 0.706, 0.706, 0.706, 0.706 ] }, "geometry": { "type": "LineString", "coordinates": [ [ -79.9464022, 40.449287299999988 ], [ -79.946359, 40.449328 ], [ -79.946079, 40.449601400000013 ], [ -79.945956, 40.4497106 ], [ -79.9454693, 40.450184 ], [ -79.9452665, 40.4503814 ], [ -79.9451753, 40.4504556 ], [ -79.945148, 40.450469 ], [ -79.9451238, 40.450490599999988 ], [ -79.9451211, 40.4505001 ] ] } },
{ "type": "Feature", "properties": { "persona": "workers", "hour": 12, "length_m": 1127.1, "minutes": 15.65, "sun": [ 1.0, 0.948, 0.722 ] }, "geometry": { "type": "LineString", "coordinates": [ [ -79.9523648, 40.4397574 ], [ -79.953518, 40.440402 ], [ -79.9535229, 40.440414399999987 ] ] } },
{ "type": "Feature", "properties": { "persona": "workers", "hour": 18, "length_m": 2260.2, "minutes": 31.39, "sun": [ 0.0, 0.0, 0.163 ] }, "geometry": { "type": "LineString", "coordinates": [ [ -79.9612346, 40.4385726 ], [ -79.9612115, 40.4385871 ], [ -79.9597539, 40.4396461 ] ] } },
{ "type": "Feature", "properties": { "persona": "workers", "hour": 15, "length_m": 974.9, "minutes": 13.54, "sun": [ 0.931, 0.809, 0.722, 0.722, 0.722, 0.722, 0.722, 0.722, 1.0 ] }, "geometry": { "type": "LineString", "coordinates": [ [ -79.9654818, 40.4402945 ], [ -79.9648091, 40.4403998 ], [ -79.9644737, 40.4404465 ], [ -79.9643785, 40.4404603 ], [ -79.9643349, 40.4404679 ], [ -79.9643067, 40.4404776 ], [ -79.964286, 40.4404904 ], [ -79.9640704, 40.4406915 ], [ -79.9640412, 40.440720399999989 ] ] } },
{ "type": "Feature", "properties": { "persona": "workers", "hour": 15, "length_m": 927.4, "minutes": 12.88, "sun": [ 0.55, 0.55, 0.5, 0.5, 0.983, 0.983 ] }, "geometry": { "type": "LineString", "coordinates": [ [ -79.9425986, 40.4490516 ], [ -79.9426066, 40.4490614 ], [ -79.942758, 40.449852600000014 ], [ -79.9427963, 40.4500527 ], [ -79.94285, 40.450333 ], [ -79.9429465, 40.4508374 ] ] } },
{ "type": "Feature", "properties": { "persona": "workers", "hour": 12, "length_m": 1139.2, "minutes": 15.82, "sun": [ 0.0, 0.0, 0.0, 0.0, 0.0 ] }, "geometry": { "type": "LineString", "coordinates": [ [ -79.9546229, 40.4427312 ], [ -79.9539099, 40.4429137 ], [ -79.9538156, 40.4427047 ], [ -79.9537907, 40.4427005 ], [ -79.953769, 40.4426484 ] ] } },
{ "type": "Feature", "properties": { "persona": "workers", "hour": 8, "length_m": 2166.0, "minutes": 30.08, "sun": [ 1.0, 0.49, 0.49, 0.49, 0.49, 0.084 ] }, "geometry": { "type": "LineString", "coordinates": [ [ -79.9551469, 40.4506521 ], [ -79.9551526, 40.4506521 ], [ -79.9551666, 40.4506486 ], [ -79.9551876, 40.4506392 ], [ -79.9552166, 40.4506183 ], [ -79.957478400000014, 40.4490405 ] ] } },
{ "type": "Feature", "properties": { "persona": "workers", "hour": 18, "length_m": 745.6, "minutes": 10.36, "sun": [ 1.0, 1.0, 1.0, 1.0, 1.0, 1.0, 1.0, 1.0, 1.0, 0.24, 0.24, 0.24 ] }, "geometry": { "type": "LineString", "coordinates": [ [ -79.9637539, 40.4378279 ], [ -79.9637303, 40.4378388 ], [ -79.9636194, 40.4378922 ], [ -79.9635377, 40.437932 ], [ -79.9634183, 40.438023200000011 ], [ -79.9631376, 40.438216 ], [ -79.9630587, 40.4382805 ], [ -79.9628001, 40.4384723 ], [ -79.9624268, 40.438762099999977 ], [ -79.9620766, 40.4390362 ], [ -79.9620574, 40.4390403 ], [ -79.9620403, 40.4390351 ] ] } },
{ "type": "Feature", "properties": { "persona": "workers", "hour": 8, "length_m": 1048.1, "minutes": 14.56, "sun": [ 0.596, 0.596, 0.596, 0.006, 0.243, 0.965, 0.965, 0.965, 0.965 ] }, "geometry": { "type": "LineString", "coordinates": [ [ -79.9638125, 40.4409429 ], [ -79.9638055, 40.4409401 ], [ -79.9637985, 40.4409357 ], [ -79.9632742, 40.4405261 ], [ -79.962456, 40.4398758 ], [ -79.9619094, 40.4394266 ], [ -79.9618631, 40.4393884 ], [ -79.9618587, 40.4393817 ], [ -79.9618583, 40.4393757 ] ] } },
{ "type": "Feature", "properties": { "persona": "workers", "hour": 18, "length_m": 2027.0, "minutes": 28.15, "sun": [ 0.729, 0.741, 0.707 ] }, "geometry": { "type": "LineString", "coordinates": [ [ -79.952328200000011, 40.4523777 ], [ -79.9527111, 40.4529886 ], [ -79.9530127, 40.4534699 ] ] } },
{ "type": "Feature", "properties": { "persona": "workers", "hour": 15, "length_m": 2209.4, "minutes": 30.69, "sun": [ 0.49, 0.328, 0.328, 0.593 ] }, "geometry": { "type": "LineString", "coordinates": [ [ -79.9494001, 40.45168 ], [ -79.9488808, 40.450479 ], [ -79.9488826, 40.4504667 ], [ -79.948886, 40.4504556 ] ] } },
{ "type": "Feature", "properties": { "persona": "workers", "hour": 8, "length_m": 2198.4, "minutes": 30.53, "sun": [ 1.0, 0.844, 0.844 ] }, "geometry": { "type": "LineString", "coordinates": [ [ -79.9675752, 40.4400812 ], [ -79.9661484, 40.4403042 ], [ -79.9661081, 40.4403105 ] ] } },
{ "type": "Feature", "properties": { "persona": "workers", "hour": 18, "length_m": 1634.2, "minutes": 22.7, "sun": [ 0.928, 0.928, 0.928, 0.008 ] }, "geometry": { "type": "LineString", "coordinates": [ [ -79.9527751, 40.4481986 ], [ -79.9527481, 40.4481861 ], [ -79.9527239, 40.448161899999988 ], [ -79.9523633, 40.4473738 ] ] } },
{ "type": "Feature", "properties": { "persona": "workers", "hour": 8, "length_m": 1578.9, "minutes": 21.93, "sun": [ 1.0, 1.0, 1.0, 0.341, 0.341, 0.341, 0.341, 0.063, 0.063, 0.063, 0.063, 0.063, 0.063, 0.088, 0.088, 0.088, 0.088, 0.088, 0.088, 0.088, 0.088, 0.088, 0.0 ] }, "geometry": { "type": "LineString", "coordinates": [ [ -79.9647197, 40.4487879 ], [ -79.964732, 40.4487632 ], [ -79.9647361, 40.4487356 ], [ -79.9647115, 40.4486664 ], [ -79.964693, 40.4486071 ], [ -79.9647115, 40.4485504 ], [ -79.9647415, 40.4485041 ], [ -79.9654595, 40.4479757 ], [ -79.9655326, 40.44789810000001 ], [ -79.9655668, 40.447855 ], [ -79.9655982, 40.4478024 ], [ -79.9657154, 40.4474679 ], [ -79.9657708, 40.4472998 ], [ -79.965805, 40.4471911 ], [ -79.965822, 40.4471027 ], [ -79.965833, 40.4469996 ], [ -79.9658391, 40.446906 ], [ -79.965837800000017, 40.4468082 ], [ -79.9658282, 40.4467156 ], [ -79.9657995, 40.4465418 ], [ -79.9657634, 40.446435799999989 ], [ -79.9657483, 40.4463881 ], [ -79.965741, 40.4463709 ] ] } },
{ "type": "Feature", "properties": { "persona": "workers", "hour": 8, "length_m": 604.8, "minutes": 8.4, "sun": [ 0.0, 0.0, 0.0, 0.0, 0.36 ] }, "geometry": { "type": "LineString", "coordinates": [ [ -79.9576554, 40.4425088 ], [ -79.9576493, 40.4425285 ], [ -79.9576463, 40.4425455 ], [ -79.9576505, 40.4425635 ], [ -79.9589009, 40.4432535 ] ] } },
{ "type": "Feature", "properties": { "persona": "workers", "hour": 18, "length_m": 924.8, "minutes": 12.84, "sun": [ 0.982, 0.982, 1.0 ] }, "geometry": { "type": "LineString", "coordinates": [ [ -79.9519858, 40.4463099 ], [ -79.9520006, 40.446305099999989 ], [ -79.9529899, 40.4455809 ] ] } },
{ "type": "Feature", "properties": { "persona": "workers", "hour": 8, "length_m": 1265.3, "minutes": 17.57, "sun": [ 0.201, 1.0, 1.0, 1.0, 0.675 ] }, "geometry": { "type": "LineString", "coordinates": [ [ -79.9494364, 40.454013 ], [ -79.949507200000014, 40.4540016 ], [ -79.9497649, 40.4539941 ], [ -79.9509752, 40.4539721 ], [ -79.9517364, 40.453966499999986 ] ] } },
{ "type": "Feature", "properties": { "persona": "workers", "hour": 8, "length_m": 2086.8, "minutes": 28.98, "sun": [ 1.0, 1.0, 1.0, 0.341, 0.341, 0.341, 0.341, 0.063, 0.063, 0.063, 0.063, 0.063, 0.063, 0.088, 0.088, 0.088, 0.088, 0.088, 0.088, 0.088, 0.088, 0.088, 0.0 ] }, "geometry": { "type": "LineString", "coordinates": [ [ -79.9647197, 40.4487879 ], [ -79.964732, 40.4487632 ], [ -79.9647361, 40.4487356 ], [ -79.9647115, 40.4486664 ], [ -79.964693, 40.4486071 ], [ -79.9647115, 40.4485504 ], [ -79.9647415, 40.4485041 ], [ -79.9654595, 40.4479757 ], [ -79.9655326, 40.44789810000001 ], [ -79.9655668, 40.447855 ], [ -79.9655982, 40.4478024 ], [ -79.9657154, 40.4474679 ], [ -79.9657708, 40.4472998 ], [ -79.965805, 40.4471911 ], [ -79.965822, 40.4471027 ], [ -79.965833, 40.4469996 ], [ -79.9658391, 40.446906 ], [ -79.965837800000017, 40.4468082 ], [ -79.9658282, 40.4467156 ], [ -79.9657995, 40.4465418 ], [ -79.9657634, 40.446435799999989 ], [ -79.9657483, 40.4463881 ], [ -79.965741, 40.4463709 ] ] } },
{ "type": "Feature", "properties": { "persona": "workers", "hour": 15, "length_m": 1671.4, "minutes": 23.21, "sun": [ 0.592, 0.592, 0.592, 0.643, 0.643, 0.643, 0.643, 0.643, 0.643, 0.643, 0.252, 0.252, 0.742 ] }, "geometry": { "type": "LineString", "coordinates": [ [ -79.943089, 40.4508121 ], [ -79.9430764, 40.4507975 ], [ -79.9429739, 40.4502235 ], [ -79.9429301, 40.4499236 ], [ -79.9429069, 40.4497995 ], [ -79.9428777, 40.4496571 ], [ -79.942861, 40.4495715 ], [ -79.9428375, 40.4494515 ], [ -79.9427985, 40.4492392 ], [ -79.9427877, 40.4491863 ], [ -79.942748400000013, 40.4490009 ], [ -79.9427125, 40.4486861 ], [ -79.9426896, 40.4485192 ] ] } },
{ "type": "Feature", "properties": { "persona": "workers", "hour": 18, "length_m": 1251.3, "minutes": 17.38, "sun": [ 0.982, 0.982, 1.0 ] }, "geometry": { "type": "LineString", "coordinates": [ [ -79.9519858, 40.4463099 ], [ -79.9520006, 40.446305099999989 ], [ -79.9529899, 40.4455809 ] ] } },
{ "type": "Feature", "properties": { "persona": "workers", "hour": 8, "length_m": 611.0, "minutes": 8.49, "sun": [ 0.0, 0.0, 0.0, 0.0, 0.0 ] }, "geometry": { "type": "LineString", "coordinates": [ [ -79.9546229, 40.4427312 ], [ -79.9539099, 40.4429137 ], [ -79.9538156, 40.4427047 ], [ -79.9537907, 40.4427005 ], [ -79.953769, 40.4426484 ] ] } },
{ "type": "Feature", "properties": { "persona": "workers", "hour": 8, "length_m": 1581.1, "minutes": 21.96, "sun": [ 0.188, 0.188, 0.0, 0.0, 0.0, 0.0, 0.0, 0.0, 0.0, 0.0, 0.598, 0.55 ] }, "geometry": { "type": "LineString", "coordinates": [ [ -79.9465347, 40.444577 ], [ -79.9466016, 40.444313 ], [ -79.9467579, 40.4438455 ], [ -79.9468084, 40.4437142 ], [ -79.9468609, 40.4435711 ], [ -79.946921, 40.4433751 ], [ -79.9469038, 40.4433033 ], [ -79.9468352, 40.4432641 ], [ -79.9464187, 40.4431751 ], [ -79.9461636, 40.4431174 ], [ -79.9454018, 40.442957099999987 ], [ -79.945336, 40.4429095 ] ] } },
{ "type": "Feature", "properties": { "persona": "workers", "hour": 8, "length_m": 648.9, "minutes": 9.01, "sun": [ 0.155, 0.363, 0.251 ] }, "geometry": { "type": "LineString", "coordinates": [ [ -79.9517411, 40.4489909 ], [ -79.9517372, 40.4489962 ], [ -79.9509184, 40.4495875 ] ] } },
{ "type": "Feature", "properties": { "persona": "workers", "hour": 12, "length_m": 1534.1, "minutes": 21.31, "sun": [ 0.773, 0.286, 0.286, 0.286, 0.286, 0.643 ] }, "geometry": { "type": "LineString", "coordinates": [ [ -79.9551469, 40.4506521 ], [ -79.9551526, 40.4506521 ], [ -79.9551666, 40.4506486 ], [ -79.9551876, 40.4506392 ], [ -79.9552166, 40.4506183 ], [ -79.957478400000014, 40.4490405 ] ] } },
{ "type": "Feature", "properties": { "persona": "workers", "hour": 12, "length_m": 1163.2, "minutes": 16.16, "sun": [ 0.929, 0.774, 0.774, 0.237, 0.237, 0.237, 0.237, 0.219, 0.219, 0.219, 0.219, 0.219, 0.219, 0.306, 0.306, 0.306, 0.306, 0.306, 0.306, 0.306, 0.306, 0.306, 0.874 ] }, "geometry": { "type": "LineString", "coordinates": [ [ -79.9647197, 40.4487879 ], [ -79.964732, 40.4487632 ], [ -79.9647361, 40.4487356 ], [ -79.9647115, 40.4486664 ], [ -79.964693, 40.4486071 ], [ -79.9647115, 40.4485504 ], [ -79.9647415, 40.4485041 ], [ -79.9654595, 40.4479757 ], [ -79.9655326, 40.44789810000001 ], [ -79.9655668, 40.447855 ], [ -79.9655982, 40.4478024 ], [ -79.9657154, 40.4474679 ], [ -79.9657708, 40.4472998 ], [ -79.965805, 40.4471911 ], [ -79.965822, 40.4471027 ], [ -79.965833, 40.4469996 ], [ -79.9658391, 40.446906 ], [ -79.965837800000017, 40.4468082 ], [ -79.9658282, 40.4467156 ], [ -79.9657995, 40.4465418 ], [ -79.9657634, 40.446435799999989 ], [ -79.9657483, 40.4463881 ], [ -79.965741, 40.4463709 ] ] } },
{ "type": "Feature", "properties": { "persona": "workers", "hour": 8, "length_m": 1645.0, "minutes": 22.85, "sun": [ 0.275, 0.796, 0.796, 0.796, 0.796, 0.796, 0.796 ] }, "geometry": { "type": "LineString", "coordinates": [ [ -79.9504315, 40.4438999 ], [ -79.94947, 40.444156 ], [ -79.9493857, 40.4441415 ], [ -79.949025, 40.444233 ], [ -79.9489721, 40.4442817 ], [ -79.9488859, 40.4443029 ], [ -79.9487845, 40.4443279 ] ] } },
{ "type": "Feature", "properties": { "persona": "workers", "hour": 8, "length_m": 2371.2, "minutes": 32.93, "sun": [ 0.084, 0.49, 0.49, 0.49, 0.49, 1.0 ] }, "geometry": { "type": "LineString", "coordinates": [ [ -79.957478400000014, 40.4490405 ], [ -79.9552166, 40.4506183 ], [ -79.9551876, 40.4506392 ], [ -79.9551666, 40.4506486 ], [ -79.9551526, 40.4506521 ], [ -79.9551469, 40.4506521 ] ] } },
{ "type": "Feature", "properties": { "persona": "workers", "hour": 18, "length_m": 218.1, "minutes": 3.03, "sun": [ 0.516, 0.354 ] }, "geometry": { "type": "LineString", "coordinates": [ [ -79.9477765, 40.4464484 ], [ -79.9482798, 40.4464077 ] ] } },
{ "type": "Feature", "properties": { "persona": "workers", "hour": 8, "length_m": 1210.0, "minutes": 16.81, "sun": [ 0.203, 0.203, 0.203, 0.0, 0.0, 0.251 ] }, "geometry": { "type": "LineString", "coordinates": [ [ -79.9539471, 40.438208699999983 ], [ -79.9539628, 40.4382146 ], [ -79.9542801, 40.4384696 ], [ -79.9547919, 40.4388828 ], [ -79.9554192, 40.4393998 ], [ -79.9557525, 40.4396649 ] ] } },
{ "type": "Feature", "properties": { "persona": "workers", "hour": 18, "length_m": 2415.5, "minutes": 33.55, "sun": [ 0.501, 1.0, 1.0, 0.483, 0.483, 0.483, 0.996 ] }, "geometry": { "type": "LineString", "coordinates": [ [ -79.9612448, 40.4459905 ], [ -79.9612878, 40.44601380000001 ], [ -79.9622909, 40.4462494 ], [ -79.9638267, 40.446633 ], [ -79.9638638, 40.446725 ], [ -79.9638619, 40.4467855 ], [ -79.9637423, 40.4469439 ] ] } },
{ "type": "Feature", "properties": { "persona": "workers", "hour": 18, "length_m": 931.4, "minutes": 12.94, "sun": [ 0.108, 0.095, 0.095, 0.095, 0.095, 0.0, 0.0, 0.015 ] }, "geometry": { "type": "LineString", "coordinates": [ [ -79.9594105, 40.4398789 ], [ -79.9593846, 40.4398908 ], [ -79.9593727, 40.4399056 ], [ -79.9593405, 40.4399518 ], [ -79.9591803, 40.4400668 ], [ -79.9585558, 40.4405196 ], [ -79.9584849, 40.4405512 ], [ -79.958438, 40.4405842 ] ] } },
{ "type": "Feature", "properties": { "persona": "workers", "hour": 8, "length_m": 2267.2, "minutes": 31.49, "sun": [ 1.0, 1.0, 1.0, 0.341, 0.341, 0.341, 0.341, 0.063, 0.063, 0.063, 0.063, 0.063, 0.063, 0.088, 0.088, 0.088, 0.088, 0.088, 0.088, 0.088, 0.088, 0.088, 0.0 ] }, "geometry": { "type": "LineString", "coordinates": [ [ -79.9647197, 40.4487879 ], [ -79.964732, 40.4487632 ], [ -79.9647361, 40.4487356 ], [ -79.9647115, 40.4486664 ], [ -79.964693, 40.4486071 ], [ -79.9647115, 40.4485504 ], [ -79.9647415, 40.4485041 ], [ -79.9654595, 40.4479757 ], [ -79.9655326, 40.44789810000001 ], [ -79.9655668, 40.447855 ], [ -79.9655982, 40.4478024 ], [ -79.9657154, 40.4474679 ], [ -79.9657708, 40.4472998 ], [ -79.965805, 40.4471911 ], [ -79.965822, 40.4471027 ], [ -79.965833, 40.4469996 ], [ -79.9658391, 40.446906 ], [ -79.965837800000017, 40.4468082 ], [ -79.9658282, 40.4467156 ], [ -79.9657995, 40.4465418 ], [ -79.9657634, 40.446435799999989 ], [ -79.9657483, 40.4463881 ], [ -79.965741, 40.4463709 ] ] } },
{ "type": "Feature", "properties": { "persona": "workers", "hour": 8, "length_m": 877.9, "minutes": 12.19, "sun": [ 0.0, 0.0, 0.0 ] }, "geometry": { "type": "LineString", "coordinates": [ [ -79.9615836, 40.4413736 ], [ -79.9626548, 40.4419503 ], [ -79.9626966, 40.4419705 ] ] } },
{ "type": "Feature", "properties": { "persona": "workers", "hour": 18, "length_m": 1175.2, "minutes": 16.32, "sun": [ 0.651, 1.0, 1.0 ] }, "geometry": { "type": "LineString", "coordinates": [ [ -79.9558518, 40.4378947 ], [ -79.956743, 40.4386099 ], [ -79.957006, 40.4388199 ] ] } },
{ "type": "Feature", "properties": { "persona": "workers", "hour": 12, "length_m": 2071.6, "minutes": 28.77, "sun": [ 1.0, 0.948, 0.722 ] }, "geometry": { "type": "LineString", "coordinates": [ [ -79.9523648, 40.4397574 ], [ -79.953518, 40.440402 ], [ -79.9535229, 40.440414399999987 ] ] } },
{ "type": "Feature", "properties": { "persona": "workers", "hour": 8, "length_m": 1555.1, "minutes": 21.6, "sun": [ 0.411, 0.194, 0.194, 0.194, 0.0, 0.0, 0.0 ] }, "geometry": { "type": "LineString", "coordinates": [ [ -79.961223, 40.4439346 ], [ -79.9612298, 40.4439394 ], [ -79.9614891, 40.4440856 ], [ -79.9616537, 40.4441842 ], [ -79.9626818, 40.4447452 ], [ -79.962841, 40.4448322 ], [ -79.9628664, 40.4448068 ] ] } },
{ "type": "Feature", "properties": { "persona": "workers", "hour": 8, "length_m": 1511.2, "minutes": 20.99, "sun": [ 0.061, 0.319, 0.319, 0.319 ] }, "geometry": { "type": "LineString", "coordinates": [ [ -79.950608, 40.4497436 ], [ -79.9496147, 40.4481446 ], [ -79.9495496, 40.4480399 ], [ -79.9495439, 40.4480305 ] ] } },
{ "type": "Feature", "properties": { "persona": "workers", "hour": 18, "length_m": 748.7, "minutes": 10.4, "sun": [ 1.0, 0.982, 0.982 ] }, "geometry": { "type": "LineString", "coordinates": [ [ -79.9529899, 40.4455809 ], [ -79.9520006, 40.446305099999989 ], [ -79.9519858, 40.4463099 ] ] } },
{ "type": "Feature", "properties": { "persona": "workers", "hour": 8, "length_m": 1880.6, "minutes": 26.12, "sun": [ 0.411, 0.194, 0.194, 0.194, 0.0, 0.0, 0.0 ] }, "geometry": { "type": "LineString", "coordinates": [ [ -79.961223, 40.4439346 ], [ -79.9612298, 40.4439394 ], [ -79.9614891, 40.4440856 ], [ -79.9616537, 40.4441842 ], [ -79.9626818, 40.4447452 ], [ -79.962841, 40.4448322 ], [ -79.9628664, 40.4448068 ] ] } },
{ "type": "Feature", "properties": { "persona": "workers", "hour": 18, "length_m": 823.4, "minutes": 11.44, "sun": [ 0.511, 0.476, 0.446 ] }, "geometry": { "type": "LineString", "coordinates": [ [ -79.9443165, 40.4528977 ], [ -79.945781200000013, 40.4524583 ], [ -79.9457976, 40.4524466 ] ] } },
{ "type": "Feature", "properties": { "persona": "workers", "hour": 8, "length_m": 1293.4, "minutes": 17.96, "sun": [ 0.411, 0.194, 0.194, 0.194, 0.0, 0.0, 0.0 ] }, "geometry": { "type": "LineString", "coordinates": [ [ -79.961223, 40.4439346 ], [ -79.9612298, 40.4439394 ], [ -79.9614891, 40.4440856 ], [ -79.9616537, 40.4441842 ], [ -79.9626818, 40.4447452 ], [ -79.962841, 40.4448322 ], [ -79.9628664, 40.4448068 ] ] } },
{ "type": "Feature", "properties": { "persona": "workers", "hour": 8, "length_m": 587.1, "minutes": 8.15, "sun": [ 0.251, 0.363, 0.155 ] }, "geometry": { "type": "LineString", "coordinates": [ [ -79.9509184, 40.4495875 ], [ -79.9517372, 40.4489962 ], [ -79.9517411, 40.4489909 ] ] } },
{ "type": "Feature", "properties": { "persona": "workers", "hour": 8, "length_m": 1062.9, "minutes": 14.76, "sun": [ 0.0, 0.013, 0.0 ] }, "geometry": { "type": "LineString", "coordinates": [ [ -79.9612346, 40.4385726 ], [ -79.9612115, 40.4385871 ], [ -79.9597539, 40.4396461 ] ] } },
{ "type": "Feature", "properties": { "persona": "workers", "hour": 12, "length_m": 1429.7, "minutes": 19.86, "sun": [ 0.369, 0.728, 0.728, 0.728, 0.728, 0.728, 0.728 ] }, "geometry": { "type": "LineString", "coordinates": [ [ -79.9504315, 40.4438999 ], [ -79.94947, 40.444156 ], [ -79.9493857, 40.4441415 ], [ -79.949025, 40.444233 ], [ -79.9489721, 40.4442817 ], [ -79.9488859, 40.4443029 ], [ -79.9487845, 40.4443279 ] ] } },
{ "type": "Feature", "properties": { "persona": "workers", "hour": 18, "length_m": 1489.2, "minutes": 20.68, "sun": [ 0.931, 0.913, 0.83 ] }, "geometry": { "type": "LineString", "coordinates": [ [ -79.953262, 40.4405105 ], [ -79.9514944, 40.4404962 ], [ -79.950671, 40.440496300000014 ] ] } },
{ "type": "Feature", "properties": { "persona": "workers", "hour": 18, "length_m": 1625.9, "minutes": 22.58, "sun": [ 0.015, 0.0, 0.0, 0.095, 0.095, 0.095, 0.095, 0.108 ] }, "geometry": { "type": "LineString", "coordinates": [ [ -79.958438, 40.4405842 ], [ -79.9584849, 40.4405512 ], [ -79.9585558, 40.4405196 ], [ -79.9591803, 40.4400668 ], [ -79.9593405, 40.4399518 ], [ -79.9593727, 40.4399056 ], [ -79.9593846, 40.4398908 ], [ -79.9594105, 40.4398789 ] ] } },
{ "type": "Feature", "properties": { "persona": "workers", "hour": 12, "length_m": 1713.3, "minutes": 23.8, "sun": [ 0.575, 1.0, 0.401 ] }, "geometry": { "type": "LineString", "coordinates": [ [ -79.9612346, 40.4385726 ], [ -79.9612115, 40.4385871 ], [ -79.9597539, 40.4396461 ] ] } },
{ "type": "Feature", "properties": { "persona": "workers", "hour": 8, "length_m": 799.3, "minutes": 11.1, "sun": [ 0.406, 0.406, 0.112, 0.112, 0.2, 0.2 ] }, "geometry": { "type": "LineString", "coordinates": [ [ -79.9425986, 40.4490516 ], [ -79.9426066, 40.4490614 ], [ -79.942758, 40.449852600000014 ], [ -79.9427963, 40.4500527 ], [ -79.94285, 40.450333 ], [ -79.9429465, 40.4508374 ] ] } },
{ "type": "Feature", "properties": { "persona": "workers", "hour": 18, "length_m": 2437.0, "minutes": 33.85, "sun": [ 0.781, 0.597, 0.597, 0.597, 0.48, 0.48 ] }, "geometry": { "type": "LineString", "coordinates": [ [ -79.9520898, 40.4377335 ], [ -79.9519065, 40.4381734 ], [ -79.9518988, 40.4381914 ], [ -79.9516731, 40.43871570000001 ], [ -79.9515356, 40.4390444 ], [ -79.9514843, 40.43916930000001 ] ] } },
{ "type": "Feature", "properties": { "persona": "workers", "hour": 8, "length_m": 1112.8, "minutes": 15.46, "sun": [ 0.48, 0.12, 0.12, 0.12, 0.12, 0.12, 0.12, 0.12, 0.348 ] }, "geometry": { "type": "LineString", "coordinates": [ [ -79.944417300000012, 40.4472174 ], [ -79.9444052, 40.446616699999986 ], [ -79.9444018, 40.446448599999982 ], [ -79.9444002, 40.4463685 ], [ -79.9443426, 40.4463225 ], [ -79.9443164, 40.4462843 ], [ -79.9443057, 40.4462338 ], [ -79.9443104, 40.4462021 ], [ -79.9443153, 40.4461149 ] ] } },
{ "type": "Feature", "properties": { "persona": "workers", "hour": 18, "length_m": 1531.2, "minutes": 21.27, "sun": [ 0.351, 0.35, 0.35, 0.35, 0.35, 0.35, 0.35, 0.35, 0.35, 0.35, 0.35, 0.35, 0.35, 0.717, 0.717, 0.717, 0.717, 0.717, 0.717, 0.717, 0.717, 0.717, 0.717, 0.717, 0.483, 0.227 ] }, "geometry": { "type": "LineString", "coordinates": [ [ -79.9591607, 40.4462281 ], [ -79.959100300000017, 40.4462079 ], [ -79.9590359, 40.446194 ], [ -79.9589537, 40.4461878 ], [ -79.958893, 40.4462068 ], [ -79.9588406, 40.4462419 ], [ -79.9588126, 40.4462845 ], [ -79.9587935, 40.4463387 ], [ -79.9587719, 40.4464058 ], [ -79.9587448, 40.4465371 ], [ -79.9586864, 40.446706 ], [ -79.9586438, 40.446769899999985 ], [ -79.958595, 40.446804299999989 ], [ -79.9584923, 40.4468248 ], [ -79.9584018, 40.446816 ], [ -79.9583191, 40.4467833 ], [ -79.9582638, 40.4467403 ], [ -79.9582392, 40.446704 ], [ -79.9582264, 40.4466562 ], [ -79.9582263, 40.4465986 ], [ -79.9582476, 40.446547099999982 ], [ -79.9583361, 40.446448299999986 ], [ -79.9584132, 40.446379 ], [ -79.9584593, 40.4463012 ], [ -79.9586627, 40.4457698 ], [ -79.958856, 40.4452921 ] ] } },
{ "type": "Feature", "properties": { "persona": "workers", "hour": 18, "length_m": 1699.8, "minutes": 23.61, "sun": [ 1.0, 1.0, 1.0, 1.0, 1.0, 1.0, 1.0, 1.0, 1.0, 0.24, 0.24, 0.24 ] }, "geometry": { "type": "LineString", "coordinates": [ [ -79.9637539, 40.4378279 ], [ -79.9637303, 40.4378388 ], [ -79.9636194, 40.4378922 ], [ -79.9635377, 40.437932 ], [ -79.9634183, 40.438023200000011 ], [ -79.9631376, 40.438216 ], [ -79.9630587, 40.4382805 ], [ -79.9628001, 40.4384723 ], [ -79.9624268, 40.438762099999977 ], [ -79.9620766, 40.4390362 ], [ -79.9620574, 40.4390403 ], [ -79.9620403, 40.4390351 ] ] } },
{ "type": "Feature", "properties": { "persona": "workers", "hour": 8, "length_m": 1809.3, "minutes": 25.13, "sun": [ 0.0, 0.0, 0.0 ] }, "geometry": { "type": "LineString", "coordinates": [ [ -79.9606895, 40.4418226 ], [ -79.9603764, 40.4421656 ], [ -79.959927, 40.442659 ] ] } },
{ "type": "Feature", "properties": { "persona": "workers", "hour": 8, "length_m": 2389.3, "minutes": 33.19, "sun": [ 0.347, 0.23, 1.0 ] }, "geometry": { "type": "LineString", "coordinates": [ [ -79.952328200000011, 40.4523777 ], [ -79.9527111, 40.4529886 ], [ -79.9530127, 40.4534699 ] ] } },
{ "type": "Feature", "properties": { "persona": "workers", "hour": 15, "length_m": 1004.7, "minutes": 13.95, "sun": [ 1.0, 0.913, 1.0 ] }, "geometry": { "type": "LineString", "coordinates": [ [ -79.953262, 40.4405105 ], [ -79.9514944, 40.4404962 ], [ -79.950671, 40.440496300000014 ] ] } },
{ "type": "Feature", "properties": { "persona": "workers", "hour": 8, "length_m": 1283.6, "minutes": 17.83, "sun": [ 0.125, 0.125, 0.186 ] }, "geometry": { "type": "LineString", "coordinates": [ [ -79.9519858, 40.4463099 ], [ -79.9520006, 40.446305099999989 ], [ -79.9529899, 40.4455809 ] ] } },
{ "type": "Feature", "properties": { "persona": "workers", "hour": 8, "length_m": 1945.0, "minutes": 27.01, "sun": [ 0.187, 0.565, 0.565, 0.543, 0.543, 0.543, 0.558 ] }, "geometry": { "type": "LineString", "coordinates": [ [ -79.9612448, 40.4459905 ], [ -79.9612878, 40.44601380000001 ], [ -79.9622909, 40.4462494 ], [ -79.9638267, 40.446633 ], [ -79.9638638, 40.446725 ], [ -79.9638619, 40.4467855 ], [ -79.9637423, 40.4469439 ] ] } },
{ "type": "Feature", "properties": { "persona": "workers", "hour": 12, "length_m": 656.5, "minutes": 9.12, "sun": [ 0.844, 0.844, 0.844, 0.428, 0.428, 0.584 ] }, "geometry": { "type": "LineString", "coordinates": [ [ -79.9540069, 40.4473296 ], [ -79.9540182, 40.4473334 ], [ -79.9540319, 40.4473325 ], [ -79.9546526, 40.4468839 ], [ -79.9546603, 40.446873 ], [ -79.954662, 40.4468625 ] ] } },
{ "type": "Feature", "properties": { "persona": "workers", "hour": 8, "length_m": 1792.1, "minutes": 24.89, "sun": [ 0.187, 0.565, 0.565, 0.543, 0.543, 0.543, 0.558 ] }, "geometry": { "type": "LineString", "coordinates": [ [ -79.9612448, 40.4459905 ], [ -79.9612878, 40.44601380000001 ], [ -79.9622909, 40.4462494 ], [ -79.9638267, 40.446633 ], [ -79.9638638, 40.446725 ], [ -79.9638619, 40.4467855 ], [ -79.9637423, 40.4469439 ] ] } },
{ "type": "Feature", "properties": { "persona": "workers", "hour": 12, "length_m": 786.7, "minutes": 10.93, "sun": [ 0.526, 0.958 ] }, "geometry": { "type": "LineString", "coordinates": [ [ -79.9597855, 40.440164 ], [ -79.9587984, 40.4408785 ] ] } },
{ "type": "Feature", "properties": { "persona": "workers", "hour": 8, "length_m": 1214.2, "minutes": 16.86, "sun": [ 0.269, 0.085, 0.085, 0.0, 0.0, 0.0, 0.0, 0.0, 0.0 ] }, "geometry": { "type": "LineString", "coordinates": [ [ -79.9631805, 40.4446132 ], [ -79.9631738, 40.4445788 ], [ -79.9631966, 40.4445341 ], [ -79.9632548, 40.4443802 ], [ -79.9632881, 40.4441397 ], [ -79.9633047, 40.4439783 ], [ -79.9632847, 40.443858 ], [ -79.9632448, 40.443741499999987 ], [ -79.9631691, 40.4436061 ] ] } },
{ "type": "Feature", "properties": { "persona": "workers", "hour": 18, "length_m": 1267.0, "minutes": 17.6, "sun": [ 0.068, 0.949, 0.796, 1.0, 1.0 ] }, "geometry": { "type": "LineString", "coordinates": [ [ -79.9545704, 40.4376224 ], [ -79.9553092, 40.4382172 ], [ -79.9560876, 40.4388449 ], [ -79.9564843, 40.4391691 ], [ -79.9564886, 40.4391852 ] ] } },
{ "type": "Feature", "properties": { "persona": "workers", "hour": 18, "length_m": 1738.4, "minutes": 24.14, "sun": [ 0.788, 0.948, 0.948, 1.0, 1.0, 1.0, 1.0, 1.0, 1.0, 1.0, 1.0, 1.0, 1.0, 0.948, 0.948, 0.948, 0.948, 0.948, 0.948, 0.948, 0.948, 0.948, 1.0 ] }, "geometry": { "type": "LineString", "coordinates": [ [ -79.9647197, 40.4487879 ], [ -79.964732, 40.4487632 ], [ -79.9647361, 40.4487356 ], [ -79.9647115, 40.4486664 ], [ -79.964693, 40.4486071 ], [ -79.9647115, 40.4485504 ], [ -79.9647415, 40.4485041 ], [ -79.9654595, 40.4479757 ], [ -79.9655326, 40.44789810000001 ], [ -79.9655668, 40.447855 ], [ -79.9655982, 40.4478024 ], [ -79.9657154, 40.4474679 ], [ -79.9657708, 40.4472998 ], [ -79.965805, 40.4471911 ], [ -79.965822, 40.4471027 ], [ -79.965833, 40.4469996 ], [ -79.9658391, 40.446906 ], [ -79.965837800000017, 40.4468082 ], [ -79.9658282, 40.4467156 ], [ -79.9657995, 40.4465418 ], [ -79.9657634, 40.446435799999989 ], [ -79.9657483, 40.4463881 ], [ -79.965741, 40.4463709 ] ] } },
{ "type": "Feature", "properties": { "persona": "workers", "hour": 8, "length_m": 931.7, "minutes": 12.94, "sun": [ 0.208, 0.329 ] }, "geometry": { "type": "LineString", "coordinates": [ [ -79.9478063, 40.4480594 ], [ -79.949282, 40.4476037 ] ] } },
{ "type": "Feature", "properties": { "persona": "workers", "hour": 18, "length_m": 801.8, "minutes": 11.14, "sun": [ 0.311, 0.311, 0.311, 0.311, 0.152 ] }, "geometry": { "type": "LineString", "coordinates": [ [ -79.9461785, 40.4444756 ], [ -79.9461509, 40.4438532 ], [ -79.9460935, 40.4438481 ], [ -79.945997800000015, 40.4438452 ], [ -79.945953, 40.4437962 ] ] } },
{ "type": "Feature", "properties": { "persona": "workers", "hour": 8, "length_m": 2275.0, "minutes": 31.6, "sun": [ 0.0, 0.013, 0.0 ] }, "geometry": { "type": "LineString", "coordinates": [ [ -79.9597539, 40.4396461 ], [ -79.9612115, 40.4385871 ], [ -79.9612346, 40.4385726 ] ] } },
{ "type": "Feature", "properties": { "persona": "workers", "hour": 8, "length_m": 844.1, "minutes": 11.72, "sun": [ 0.48, 0.335, 0.335, 0.335 ] }, "geometry": { "type": "LineString", "coordinates": [ [ -79.943832200000017, 40.4472605 ], [ -79.9437908, 40.4462183 ], [ -79.9437545, 40.4461971 ], [ -79.9437511, 40.4461158 ] ] } },
{ "type": "Feature", "properties": { "persona": "workers", "hour": 12, "length_m": 2224.9, "minutes": 30.9, "sun": [ 0.754, 1.0, 1.0, 0.949, 0.949, 0.949, 1.0 ] }, "geometry": { "type": "LineString", "coordinates": [ [ -79.9612448, 40.4459905 ], [ -79.9612878, 40.44601380000001 ], [ -79.9622909, 40.4462494 ], [ -79.9638267, 40.446633 ], [ -79.9638638, 40.446725 ], [ -79.9638619, 40.4467855 ], [ -79.9637423, 40.4469439 ] ] } },
{ "type": "Feature", "properties": { "persona": "workers", "hour": 18, "length_m": 2103.5, "minutes": 29.22, "sun": [ 0.0, 0.0, 0.163 ] }, "geometry": { "type": "LineString", "coordinates": [ [ -79.9612346, 40.4385726 ], [ -79.9612115, 40.4385871 ], [ -79.9597539, 40.4396461 ] ] } },
{ "type": "Feature", "properties": { "persona": "workers", "hour": 18, "length_m": 574.5, "minutes": 7.98, "sun": [ 0.271, 0.443, 0.443, 0.443, 0.55 ] }, "geometry": { "type": "LineString", "coordinates": [ [ -79.9552332, 40.4400874 ], [ -79.9553252, 40.440159699999988 ], [ -79.9555942, 40.440377 ], [ -79.9559567, 40.4406745 ], [ -79.9561685, 40.4408402 ] ] } },
{ "type": "Feature", "properties": { "persona": "workers", "hour": 18, "length_m": 436.7, "minutes": 6.07, "sun": [ 0.788, 0.948, 0.948, 1.0, 1.0, 1.0, 1.0, 1.0, 1.0, 1.0, 1.0, 1.0, 1.0, 0.948, 0.948, 0.948, 0.948, 0.948, 0.948, 0.948, 0.948, 0.948, 1.0 ] }, "geometry": { "type": "LineString", "coordinates": [ [ -79.9647197, 40.4487879 ], [ -79.964732, 40.4487632 ], [ -79.9647361, 40.4487356 ], [ -79.9647115, 40.4486664 ], [ -79.964693, 40.4486071 ], [ -79.9647115, 40.4485504 ], [ -79.9647415, 40.4485041 ], [ -79.9654595, 40.4479757 ], [ -79.9655326, 40.44789810000001 ], [ -79.9655668, 40.447855 ], [ -79.9655982, 40.4478024 ], [ -79.9657154, 40.4474679 ], [ -79.9657708, 40.4472998 ], [ -79.965805, 40.4471911 ], [ -79.965822, 40.4471027 ], [ -79.965833, 40.4469996 ], [ -79.9658391, 40.446906 ], [ -79.965837800000017, 40.4468082 ], [ -79.9658282, 40.4467156 ], [ -79.9657995, 40.4465418 ], [ -79.9657634, 40.446435799999989 ], [ -79.9657483, 40.4463881 ], [ -79.965741, 40.4463709 ] ] } },
{ "type": "Feature", "properties": { "persona": "workers", "hour": 12, "length_m": 1812.0, "minutes": 25.17, "sun": [ 0.754, 1.0, 1.0, 0.949, 0.949, 0.949, 1.0 ] }, "geometry": { "type": "LineString", "coordinates": [ [ -79.9612448, 40.4459905 ], [ -79.9612878, 40.44601380000001 ], [ -79.9622909, 40.4462494 ], [ -79.9638267, 40.446633 ], [ -79.9638638, 40.446725 ], [ -79.9638619, 40.4467855 ], [ -79.9637423, 40.4469439 ] ] } },
{ "type": "Feature", "properties": { "persona": "workers", "hour": 15, "length_m": 1267.0, "minutes": 17.6, "sun": [ 0.3, 0.643 ] }, "geometry": { "type": "LineString", "coordinates": [ [ -79.9453201, 40.45134250000001 ], [ -79.9434087, 40.451730499999989 ] ] } },
{ "type": "Feature", "properties": { "persona": "workers", "hour": 18, "length_m": 1577.6, "minutes": 21.91, "sun": [ 0.967, 0.967, 0.8, 0.8, 0.65, 0.65 ] }, "geometry": { "type": "LineString", "coordinates": [ [ -79.9429465, 40.4508374 ], [ -79.94285, 40.450333 ], [ -79.9427963, 40.4500527 ], [ -79.942758, 40.449852600000014 ], [ -79.9426066, 40.4490614 ], [ -79.9425986, 40.4490516 ] ] } },
{ "type": "Feature", "properties": { "persona": "workers", "hour": 18, "length_m": 1930.5, "minutes": 26.81, "sun": [ 0.522, 0.292, 0.292, 0.292, 0.292, 0.428, 0.428, 0.428, 0.705 ] }, "geometry": { "type": "LineString", "coordinates": [ [ -79.9501789, 40.4417609 ], [ -79.9500864, 40.4417078 ], [ -79.9500272, 40.4416781 ], [ -79.949818, 40.44154 ], [ -79.9493535, 40.4412567 ], [ -79.9487754, 40.4409515 ], [ -79.9485015, 40.4408225 ], [ -79.9484526, 40.4407805 ], [ -79.9483142, 40.4406941 ] ] } },
{ "type": "Feature", "properties": { "persona": "workers", "hour": 15, "length_m": 1260.5, "minutes": 17.51, "sun": [ 0.3, 0.643 ] }, "geometry": { "type": "LineString", "coordinates": [ [ -79.9453201, 40.45134250000001 ], [ -79.9434087, 40.451730499999989 ] ] } },
{ "type": "Feature", "properties": { "persona": "workers", "hour": 18, "length_m": 636.4, "minutes": 8.84, "sun": [ 0.356, 1.0, 0.938 ] }, "geometry": { "type": "LineString", "coordinates": [ [ -79.9523648, 40.4397574 ], [ -79.953518, 40.440402 ], [ -79.9535229, 40.440414399999987 ] ] } },
{ "type": "Feature", "properties": { "persona": "workers", "hour": 18, "length_m": 851.5, "minutes": 11.83, "sun": [ 0.729, 0.407, 0.765 ] }, "geometry": { "type": "LineString", "coordinates": [ [ -79.9511364, 40.452769600000011 ], [ -79.951431, 40.4532359 ], [ -79.951879, 40.4539448 ] ] } },
{ "type": "Feature", "properties": { "persona": "workers", "hour": 18, "length_m": 1654.3, "minutes": 22.98, "sun": [ 0.16, 0.16, 0.16 ] }, "geometry": { "type": "LineString", "coordinates": [ [ -79.9606895, 40.4418226 ], [ -79.9603764, 40.4421656 ], [ -79.959927, 40.442659 ] ] } },
{ "type": "Feature", "properties": { "persona": "workers", "hour": 12, "length_m": 1542.2, "minutes": 21.42, "sun": [ 0.277, 0.277, 0.476 ] }, "geometry": { "type": "LineString", "coordinates": [ [ -79.9519858, 40.4463099 ], [ -79.9520006, 40.446305099999989 ], [ -79.9529899, 40.4455809 ] ] } },
{ "type": "Feature", "properties": { "persona": "workers", "hour": 12, "length_m": 756.7, "minutes": 10.51, "sun": [ 1.0, 0.677, 0.677, 0.677, 0.677, 0.677, 0.677, 0.286, 0.286, 0.286, 1.0 ] }, "geometry": { "type": "LineString", "coordinates": [ [ -79.955669, 40.4492013 ], [ -79.955662, 40.4492092 ], [ -79.955661, 40.4492219 ], [ -79.9556603, 40.4492561 ], [ -79.9556597, 40.4493036 ], [ -79.955657, 40.449348 ], [ -79.9556449, 40.4493969 ], [ -79.95513560000002, 40.4506382 ], [ -79.9551336, 40.4506447 ], [ -79.9551373, 40.4506499 ], [ -79.9551392, 40.45065060000001 ] ] } },
{ "type": "Feature", "properties": { "persona": "workers", "hour": 12, "length_m": 983.5, "minutes": 13.66, "sun": [ 0.275, 0.275, 0.275, 0.275, 0.626 ] }, "geometry": { "type": "LineString", "coordinates": [ [ -79.9461785, 40.4444756 ], [ -79.9461509, 40.4438532 ], [ -79.9460935, 40.4438481 ], [ -79.945997800000015, 40.4438452 ], [ -79.945953, 40.4437962 ] ] } },
{ "type": "Feature", "properties": { "persona": "workers", "hour": 18, "length_m": 1332.5, "minutes": 18.51, "sun": [ 0.0, 0.0, 0.163 ] }, "geometry": { "type": "LineString", "coordinates": [ [ -79.9612346, 40.4385726 ], [ -79.9612115, 40.4385871 ], [ -79.9597539, 40.4396461 ] ] } },
{ "type": "Feature", "properties": { "persona": "workers", "hour": 12, "length_m": 1286.7, "minutes": 17.87, "sun": [ 0.706, 0.706, 0.706, 0.706, 0.706, 0.706, 0.591, 0.591, 0.591, 0.591 ] }, "geometry": { "type": "LineString", "coordinates": [ [ -79.9451211, 40.4505001 ], [ -79.9451238, 40.450490599999988 ], [ -79.945148, 40.450469 ], [ -79.9451753, 40.4504556 ], [ -79.9452665, 40.4503814 ], [ -79.9454693, 40.450184 ], [ -79.945956, 40.4497106 ], [ -79.946079, 40.449601400000013 ], [ -79.946359, 40.449328 ], [ -79.9464022, 40.449287299999988 ] ] } },
{ "type": "Feature", "properties": { "persona": "workers", "hour": 12, "length_m": 2464.5, "minutes": 34.23, "sun": [ 0.643, 0.286, 0.286, 0.286, 0.286, 0.773 ] }, "geometry": { "type": "LineString", "coordinates": [ [ -79.957478400000014, 40.4490405 ], [ -79.9552166, 40.4506183 ], [ -79.9551876, 40.4506392 ], [ -79.9551666, 40.4506486 ], [ -79.9551526, 40.4506521 ], [ -79.9551469, 40.4506521 ] ] } },
{ "type": "Feature", "properties": { "persona": "workers", "hour": 18, "length_m": 1382.0, "minutes": 19.19, "sun": [ 0.575, 0.538, 0.15 ] }, "geometry": { "type": "LineString", "coordinates": [ [ -79.9572241, 40.4513735 ], [ -79.9588549, 40.4485822 ], [ -79.958993800000016, 40.44839060000001 ] ] } },
{ "type": "Feature", "properties": { "persona": "workers", "hour": 18, "length_m": 2009.1, "minutes": 27.9, "sun": [ 0.248, 0.248, 0.248, 0.248, 0.248, 0.248, 0.318, 0.318, 0.318, 0.318 ] }, "geometry": { "type": "LineString", "coordinates": [ [ -79.9451211, 40.4505001 ], [ -79.9451238, 40.450490599999988 ], [ -79.945148, 40.450469 ], [ -79.9451753, 40.4504556 ], [ -79.9452665, 40.4503814 ], [ -79.9454693, 40.450184 ], [ -79.945956, 40.4497106 ], [ -79.946079, 40.449601400000013 ], [ -79.946359, 40.449328 ], [ -79.9464022, 40.449287299999988 ] ] } },
{ "type": "Feature", "properties": { "persona": "workers", "hour": 15, "length_m": 702.8, "minutes": 9.76, "sun": [ 0.205, 0.133, 0.133, 0.133, 0.133, 0.524, 0.524, 0.524, 1.0 ] }, "geometry": { "type": "LineString", "coordinates": [ [ -79.9558755, 40.443852 ], [ -79.9558739, 40.4438507 ], [ -79.9558663, 40.4438376 ], [ -79.9558636, 40.4438246 ], [ -79.9558708, 40.4438029 ], [ -79.9561961, 40.4435739 ], [ -79.9565432, 40.4433054 ], [ -79.956567, 40.443287 ], [ -79.9565843, 40.4432827 ] ] } },
{ "type": "Feature", "properties": { "persona": "workers", "hour": 18, "length_m": 677.7, "minutes": 9.41, "sun": [ 0.16, 0.16, 0.16 ] }, "geometry": { "type": "LineString", "coordinates": [ [ -79.9606895, 40.4418226 ], [ -79.9603764, 40.4421656 ], [ -79.959927, 40.442659 ] ] } },
{ "type": "Feature", "properties": { "persona": "workers", "hour": 15, "length_m": 1466.0, "minutes": 20.36, "sun": [ 0.592, 0.583, 0.233, 0.233, 0.233 ] }, "geometry": { "type": "LineString", "coordinates": [ [ -79.943089, 40.4508121 ], [ -79.9431113, 40.4508134 ], [ -79.9448959, 40.450447 ], [ -79.944906, 40.4504411 ], [ -79.944914400000016, 40.4504315 ] ] } },
{ "type": "Feature", "properties": { "persona": "workers", "hour": 18, "length_m": 1565.8, "minutes": 21.75, "sun": [ 0.745, 0.745, 0.537, 0.537, 0.537, 0.537, 0.537, 0.466, 0.466, 0.466, 0.686, 0.602 ] }, "geometry": { "type": "LineString", "coordinates": [ [ -79.9465347, 40.444577 ], [ -79.9466016, 40.444313 ], [ -79.9467579, 40.4438455 ], [ -79.9468084, 40.4437142 ], [ -79.9468609, 40.4435711 ], [ -79.946921, 40.4433751 ], [ -79.9469038, 40.4433033 ], [ -79.9468352, 40.4432641 ], [ -79.9464187, 40.4431751 ], [ -79.9461636, 40.4431174 ], [ -79.9454018, 40.442957099999987 ], [ -79.945336, 40.4429095 ] ] } },
{ "type": "Feature", "properties": { "persona": "workers", "hour": 18, "length_m": 866.8, "minutes": 12.04, "sun": [ 0.984, 0.984, 0.984, 0.984, 0.967, 0.967, 1.0 ] }, "geometry": { "type": "LineString", "coordinates": [ [ -79.954858, 40.4508714 ], [ -79.9546478, 40.451018099999985 ], [ -79.954599500000015, 40.4510456 ], [ -79.9545329, 40.4510724 ], [ -79.9541115, 40.4512009 ], [ -79.95410480000001, 40.4512011 ], [ -79.954100400000016, 40.4512008 ] ] } },
{ "type": "Feature", "properties": { "persona": "workers", "hour": 12, "length_m": 2039.9, "minutes": 28.33, "sun": [ 0.754, 1.0, 1.0, 0.949, 0.949, 0.949, 1.0 ] }, "geometry": { "type": "LineString", "coordinates": [ [ -79.9612448, 40.4459905 ], [ -79.9612878, 40.44601380000001 ], [ -79.9622909, 40.4462494 ], [ -79.9638267, 40.446633 ], [ -79.9638638, 40.446725 ], [ -79.9638619, 40.4467855 ], [ -79.9637423, 40.4469439 ] ] } },
{ "type": "Feature", "properties": { "persona": "workers", "hour": 18, "length_m": 1365.9, "minutes": 18.97, "sun": [ 0.412, 0.613, 0.613, 0.613, 0.613, 0.613, 0.613 ] }, "geometry": { "type": "LineString", "coordinates": [ [ -79.9504315, 40.4438999 ], [ -79.94947, 40.444156 ], [ -79.9493857, 40.4441415 ], [ -79.949025, 40.444233 ], [ -79.9489721, 40.4442817 ], [ -79.9488859, 40.4443029 ], [ -79.9487845, 40.4443279 ] ] } },
{ "type": "Feature", "properties": { "persona": "workers", "hour": 12, "length_m": 1993.4, "minutes": 27.69, "sun": [ 0.778, 0.783, 0.783, 0.783 ] }, "geometry": { "type": "LineString", "coordinates": [ [ -79.950608, 40.4497436 ], [ -79.9496147, 40.4481446 ], [ -79.9495496, 40.4480399 ], [ -79.9495439, 40.4480305 ] ] } },
{ "type": "Feature", "properties": { "persona": "workers", "hour": 18, "length_m": 1331.4, "minutes": 18.49, "sun": [ 0.729, 0.407, 0.765 ] }, "geometry": { "type": "LineString", "coordinates": [ [ -79.9511364, 40.452769600000011 ], [ -79.951431, 40.4532359 ], [ -79.951879, 40.4539448 ] ] } },
{ "type": "Feature", "properties": { "persona": "workers", "hour": 18, "length_m": 638.8, "minutes": 8.87, "sun": [ 0.684, 0.462 ] }, "geometry": { "type": "LineString", "coordinates": [ [ -79.9636554, 40.4412711 ], [ -79.9629614, 40.4419536 ] ] } },
{ "type": "Feature", "properties": { "persona": "workers", "hour": 12, "length_m": 883.7, "minutes": 12.27, "sun": [ 0.719, 0.638 ] }, "geometry": { "type": "LineString", "coordinates": [ [ -79.9559837, 40.4369034 ], [ -79.9573485, 40.4380082 ] ] } },
{ "type": "Feature", "properties": { "persona": "workers", "hour": 15, "length_m": 1502.5, "minutes": 20.87, "sun": [ 1.0, 1.0, 0.592, 0.592, 0.592 ] }, "geometry": { "type": "LineString", "coordinates": [ [ -79.958653, 40.4378399 ], [ -79.9592397, 40.438312799999984 ], [ -79.9595482, 40.4385588 ], [ -79.9597936, 40.438766 ], [ -79.9598119, 40.4387812 ] ] } },
{ "type": "Feature", "properties": { "persona": "workers", "hour": 18, "length_m": 1314.3, "minutes": 18.25, "sun": [ 0.591, 0.591, 0.449, 1.0 ] }, "geometry": { "type": "LineString", "coordinates": [ [ -79.9638454, 40.4425784 ], [ -79.9638793, 40.4425963 ], [ -79.9650347, 40.4432434 ], [ -79.9650468, 40.4432576 ] ] } },
{ "type": "Feature", "properties": { "persona": "workers", "hour": 18, "length_m": 1918.9, "minutes": 26.65, "sun": [ 0.501, 1.0, 1.0, 0.483, 0.483, 0.483, 0.996 ] }, "geometry": { "type": "LineString", "coordinates": [ [ -79.9612448, 40.4459905 ], [ -79.9612878, 40.44601380000001 ], [ -79.9622909, 40.4462494 ], [ -79.9638267, 40.446633 ], [ -79.9638638, 40.446725 ], [ -79.9638619, 40.4467855 ], [ -79.9637423, 40.4469439 ] ] } },
{ "type": "Feature", "properties": { "persona": "workers", "hour": 15, "length_m": 1352.1, "minutes": 18.78, "sun": [ 0.661, 0.427, 0.217 ] }, "geometry": { "type": "LineString", "coordinates": [ [ -79.9572241, 40.4513735 ], [ -79.9588549, 40.4485822 ], [ -79.958993800000016, 40.44839060000001 ] ] } },
{ "type": "Feature", "properties": { "persona": "workers", "hour": 18, "length_m": 2477.3, "minutes": 34.41, "sun": [ 0.855, 0.62, 0.403, 0.403, 0.081, 0.587 ] }, "geometry": { "type": "LineString", "coordinates": [ [ -79.9490145, 40.4416448 ], [ -79.948681800000017, 40.4421106 ], [ -79.9482233, 40.4425783 ], [ -79.9480412, 40.442764 ], [ -79.9476114, 40.4432475 ], [ -79.9473367, 40.443664400000017 ] ] } },
{ "type": "Feature", "properties": { "persona": "workers", "hour": 12, "length_m": 1279.5, "minutes": 17.77, "sun": [ 0.277, 0.277, 0.476 ] }, "geometry": { "type": "LineString", "coordinates": [ [ -79.9519858, 40.4463099 ], [ -79.9520006, 40.446305099999989 ], [ -79.9529899, 40.4455809 ] ] } },
{ "type": "Feature", "properties": { "persona": "workers", "hour": 18, "length_m": 664.1, "minutes": 9.22, "sun": [ 0.508, 0.946, 0.946, 0.982, 1.0 ] }, "geometry": { "type": "LineString", "coordinates": [ [ -79.9494364, 40.454013 ], [ -79.949507200000014, 40.4540016 ], [ -79.9497649, 40.4539941 ], [ -79.9509752, 40.4539721 ], [ -79.9517364, 40.453966499999986 ] ] } },
{ "type": "Feature", "properties": { "persona": "workers", "hour": 12, "length_m": 932.4, "minutes": 12.95, "sun": [ 0.575, 1.0, 0.401 ] }, "geometry": { "type": "LineString", "coordinates": [ [ -79.9612346, 40.4385726 ], [ -79.9612115, 40.4385871 ], [ -79.9597539, 40.4396461 ] ] } },
{ "type": "Feature", "properties": { "persona": "workers", "hour": 18, "length_m": 1372.2, "minutes": 19.06, "sun": [ 0.0, 0.0, 0.163 ] }, "geometry": { "type": "LineString", "coordinates": [ [ -79.9612346, 40.4385726 ], [ -79.9612115, 40.4385871 ], [ -79.9597539, 40.4396461 ] ] } },
{ "type": "Feature", "properties": { "persona": "workers", "hour": 12, "length_m": 1485.0, "minutes": 20.62, "sun": [ 0.358, 0.474, 0.474, 0.474, 0.474, 0.474, 0.474, 0.474, 0.328 ] }, "geometry": { "type": "LineString", "coordinates": [ [ -79.944417300000012, 40.4472174 ], [ -79.9444052, 40.446616699999986 ], [ -79.9444018, 40.446448599999982 ], [ -79.9444002, 40.4463685 ], [ -79.9443426, 40.4463225 ], [ -79.9443164, 40.4462843 ], [ -79.9443057, 40.4462338 ], [ -79.9443104, 40.4462021 ], [ -79.9443153, 40.4461149 ] ] } },
{ "type": "Feature", "properties": { "persona": "workers", "hour": 18, "length_m": 1089.1, "minutes": 15.13, "sun": [ 0.719, 0.175, 0.175, 0.211, 0.211, 0.211, 0.204 ] }, "geometry": { "type": "LineString", "coordinates": [ [ -79.9628664, 40.4448068 ], [ -79.962841, 40.4448322 ], [ -79.9626818, 40.4447452 ], [ -79.9616537, 40.4441842 ], [ -79.9614891, 40.4440856 ], [ -79.9612298, 40.4439394 ], [ -79.961223, 40.4439346 ] ] } },
{ "type": "Feature", "properties": { "persona": "workers", "hour": 12, "length_m": 1120.0, "minutes": 15.56, "sun": [ 1.0, 0.461, 0.461, 0.461, 0.362 ] }, "geometry": { "type": "LineString", "coordinates": [ [ -79.9554699, 40.44917 ], [ -79.9554511, 40.4491283 ], [ -79.9554203, 40.4490744 ], [ -79.9553626, 40.4490147 ], [ -79.9542146, 40.4480934 ] ] } },
{ "type": "Feature", "properties": { "persona": "workers", "hour": 12, "length_m": 1573.5, "minutes": 21.85, "sun": [ 0.728, 0.728, 0.728, 0.728, 0.728, 0.728, 0.369 ] }, "geometry": { "type": "LineString", "coordinates": [ [ -79.9487845, 40.4443279 ], [ -79.9488859, 40.4443029 ], [ -79.9489721, 40.4442817 ], [ -79.949025, 40.444233 ], [ -79.9493857, 40.4441415 ], [ -79.94947, 40.444156 ], [ -79.9504315, 40.4438999 ] ] } },
{ "type": "Feature", "properties": { "persona": "workers", "hour": 15, "length_m": 237.8, "minutes": 3.3, "sun": [ 0.128, 0.752 ] }, "geometry": { "type": "LineString", "coordinates": [ [ -79.9494772, 40.446314 ], [ -79.9494254, 40.4458257 ] ] } },
{ "type": "Feature", "properties": { "persona": "mobility_constrained", "hour": 15, "length_m": 561.1, "minutes": 11.69, "sun": [ 0.41, 0.41, 0.41 ] }, "geometry": { "type": "LineString", "coordinates": [ [ -79.9606895, 40.4418226 ], [ -79.9603764, 40.4421656 ], [ -79.959927, 40.442659 ] ] } },
{ "type": "Feature", "properties": { "persona": "mobility_constrained", "hour": 8, "length_m": 631.6, "minutes": 13.16, "sun": [ 0.0, 0.013, 0.0 ] }, "geometry": { "type": "LineString", "coordinates": [ [ -79.9597539, 40.4396461 ], [ -79.9612115, 40.4385871 ], [ -79.9612346, 40.4385726 ] ] } },
{ "type": "Feature", "properties": { "persona": "mobility_constrained", "hour": 12, "length_m": 813.4, "minutes": 16.95, "sun": [ 0.82, 0.681, 0.681, 0.681, 0.681, 0.681, 0.681, 0.681, 0.681, 0.681, 0.681, 0.681, 0.681, 0.681, 0.681, 0.681, 1.0 ] }, "geometry": { "type": "LineString", "coordinates": [ [ -79.9629978, 40.4452666 ], [ -79.9630933, 40.4452968 ], [ -79.9631391, 40.4453113 ], [ -79.963363, 40.4453822 ], [ -79.9635695, 40.4456217 ], [ -79.9636781, 40.4457416 ], [ -79.9637056, 40.44575170000001 ], [ -79.9637347, 40.4457524 ], [ -79.9637622, 40.4457489 ], [ -79.9637866, 40.4457397 ], [ -79.9638085, 40.4457303 ], [ -79.9639028, 40.44564 ], [ -79.963913, 40.4456334 ], [ -79.9639252, 40.4456322 ], [ -79.9639352, 40.4456336 ], [ -79.9639454, 40.4456357 ], [ -79.9639548, 40.4456382 ] ] } },
{ "type": "Feature", "properties": { "persona": "mobility_constrained", "hour": 15, "length_m": 600.5, "minutes": 12.51, "sun": [ 0.636, 0.738, 1.0 ] }, "geometry": { "type": "LineString", "coordinates": [ [ -79.9627769, 40.437454 ], [ -79.962116200000011, 40.437927 ], [ -79.9620948, 40.437942899999989 ] ] } },
{ "type": "Feature", "properties": { "persona": "mobility_constrained", "hour": 18, "length_m": 667.6, "minutes": 13.91, "sun": [ 0.16, 0.16, 0.16 ] }, "geometry": { "type": "LineString", "coordinates": [ [ -79.9606895, 40.4418226 ], [ -79.9603764, 40.4421656 ], [ -79.959927, 40.442659 ] ] } },
{ "type": "Feature", "properties": { "persona": "mobility_constrained", "hour": 8, "length_m": 728.0, "minutes": 15.17, "sun": [ 0.0, 0.0, 0.0 ] }, "geometry": { "type": "LineString", "coordinates": [ [ -79.9606895, 40.4418226 ], [ -79.9603764, 40.4421656 ], [ -79.959927, 40.442659 ] ] } },
{ "type": "Feature", "properties": { "persona": "mobility_constrained", "hour": 8, "length_m": 362.5, "minutes": 7.55, "sun": [ 0.062, 0.062, 0.062, 0.062, 0.062, 0.062, 0.062 ] }, "geometry": { "type": "LineString", "coordinates": [ [ -79.9425496, 40.453217 ], [ -79.9423098, 40.4535225 ], [ -79.9423033, 40.4535597 ], [ -79.9423228, 40.4536069 ], [ -79.942406, 40.4536342 ], [ -79.9424077, 40.453705 ], [ -79.9425886, 40.453951 ] ] } },
{ "type": "Feature", "properties": { "persona": "mobility_constrained", "hour": 15, "length_m": 736.7, "minutes": 15.35, "sun": [ 0.396, 0.396, 0.111, 0.111, 0.452, 0.452, 0.452 ] }, "geometry": { "type": "LineString", "coordinates": [ [ -79.9585389, 40.4362071 ], [ -79.9586476, 40.436305 ], [ -79.9592203, 40.4367582 ], [ -79.9595556, 40.4370277 ], [ -79.9602161, 40.4375662 ], [ -79.96023550000001, 40.4375733 ], [ -79.9602546, 40.4375735 ] ] } },
{ "type": "Feature", "properties": { "persona": "mobility_constrained", "hour": 8, "length_m": 640.3, "minutes": 13.34, "sun": [ 0.347, 0.083, 0.998 ] }, "geometry": { "type": "LineString", "coordinates": [ [ -79.9511364, 40.452769600000011 ], [ -79.951431, 40.4532359 ], [ -79.951879, 40.4539448 ] ] } },
{ "type": "Feature", "properties": { "persona": "mobility_constrained", "hour": 8, "length_m": 324.4, "minutes": 6.76, "sun": [ 0.755, 0.237, 0.237, 0.237 ] }, "geometry": { "type": "LineString", "coordinates": [ [ -79.9508676, 40.4498284 ], [ -79.9508659, 40.449849 ], [ -79.9510972, 40.450218 ], [ -79.9511093, 40.4502388 ] ] } },
{ "type": "Feature", "properties": { "persona": "mobility_constrained", "hour": 12, "length_m": 602.1, "minutes": 12.54, "sun": [ 0.738, 0.851, 0.851, 1.0 ] }, "geometry": { "type": "LineString", "coordinates": [ [ -79.9465868, 40.4535986 ], [ -79.9467448, 40.4539156 ], [ -79.9470522, 40.4538255 ], [ -79.9474421, 40.453816199999984 ] ] } },
{ "type": "Feature", "properties": { "persona": "mobility_constrained", "hour": 15, "length_m": 605.9, "minutes": 12.62, "sun": [ 0.439, 0.439, 0.439, 0.439, 0.439, 0.439, 0.439 ] }, "geometry": { "type": "LineString", "coordinates": [ [ -79.9425496, 40.453217 ], [ -79.9423098, 40.4535225 ], [ -79.9423033, 40.4535597 ], [ -79.9423228, 40.4536069 ], [ -79.942406, 40.4536342 ], [ -79.9424077, 40.453705 ], [ -79.9425886, 40.453951 ] ] } },
{ "type": "Feature", "properties": { "persona": "mobility_constrained", "hour": 12, "length_m": 472.7, "minutes": 9.85, "sun": [ 0.556, 0.679, 0.679, 0.679, 0.679, 0.679 ] }, "geometry": { "type": "LineString", "coordinates": [ [ -79.9557525, 40.4396649 ], [ -79.9554192, 40.4393998 ], [ -79.9547919, 40.4388828 ], [ -79.9542801, 40.4384696 ], [ -79.9539628, 40.4382146 ], [ -79.9539471, 40.438208699999983 ] ] } },
{ "type": "Feature", "properties": { "persona": "mobility_constrained", "hour": 8, "length_m": 253.6, "minutes": 5.28, "sun": [ 0.969, 0.969, 0.969, 0.969, 0.969 ] }, "geometry": { "type": "LineString", "coordinates": [ [ -79.9518194, 40.4491102 ], [ -79.9518003, 40.449114 ], [ -79.9517748, 40.4491358 ], [ -79.9512831, 40.449505 ], [ -79.9512489, 40.44953 ] ] } },
{ "type": "Feature", "properties": { "persona": "mobility_constrained", "hour": 15, "length_m": 895.4, "minutes": 18.65, "sun": [ 0.41, 0.41, 0.41 ] }, "geometry": { "type": "LineString", "coordinates": [ [ -79.9606895, 40.4418226 ], [ -79.9603764, 40.4421656 ], [ -79.959927, 40.442659 ] ] } },
{ "type": "Feature", "properties": { "persona": "mobility_constrained", "hour": 8, "length_m": 744.4, "minutes": 15.51, "sun": [ 0.596, 0.596, 0.596, 0.006, 0.243, 0.965, 0.965, 0.965, 0.965 ] }, "geometry": { "type": "LineString", "coordinates": [ [ -79.9638125, 40.4409429 ], [ -79.9638055, 40.4409401 ], [ -79.9637985, 40.4409357 ], [ -79.9632742, 40.4405261 ], [ -79.962456, 40.4398758 ], [ -79.9619094, 40.4394266 ], [ -79.9618631, 40.4393884 ], [ -79.9618587, 40.4393817 ], [ -79.9618583, 40.4393757 ] ] } },
{ "type": "Feature", "properties": { "persona": "mobility_constrained", "hour": 12, "length_m": 541.7, "minutes": 11.29, "sun": [ 1.0, 0.455 ] }, "geometry": { "type": "LineString", "coordinates": [ [ -79.9597054, 40.4388581 ], [ -79.9590215, 40.4393515 ] ] } },
{ "type": "Feature", "properties": { "persona": "mobility_constrained", "hour": 12, "length_m": 531.0, "minutes": 11.06, "sun": [ 0.679, 0.679, 0.547, 0.547, 0.584, 0.584, 0.584 ] }, "geometry": { "type": "LineString", "coordinates": [ [ -79.9585389, 40.4362071 ], [ -79.9586476, 40.436305 ], [ -79.9592203, 40.4367582 ], [ -79.9595556, 40.4370277 ], [ -79.9602161, 40.4375662 ], [ -79.96023550000001, 40.4375733 ], [ -79.9602546, 40.4375735 ] ] } },
{ "type": "Feature", "properties": { "persona": "mobility_constrained", "hour": 15, "length_m": 636.9, "minutes": 13.27, "sun": [ 0.421, 0.421, 0.421, 0.421, 1.0 ] }, "geometry": { "type": "LineString", "coordinates": [ [ -79.9595797, 40.4411337 ], [ -79.9595804, 40.4411213 ], [ -79.9595924, 40.4411002 ], [ -79.9601608, 40.4406941 ], [ -79.9601862, 40.440689 ] ] } },
{ "type": "Feature", "properties": { "persona": "mobility_constrained", "hour": 8, "length_m": 600.4, "minutes": 12.51, "sun": [ 0.003, 0.003, 0.516, 0.516, 0.516, 1.0 ] }, "geometry": { "type": "LineString", "coordinates": [ [ -79.954662, 40.4468625 ], [ -79.9546543, 40.4468516 ], [ -79.9532548, 40.4457314 ], [ -79.9532307, 40.4457238 ], [ -79.9532138, 40.4457206 ], [ -79.9532081, 40.4457206 ] ] } },
{ "type": "Feature", "properties": { "persona": "mobility_constrained", "hour": 8, "length_m": 881.3, "minutes": 18.36, "sun": [ 0.0, 0.0, 0.0 ] }, "geometry": { "type": "LineString", "coordinates": [ [ -79.9606895, 40.4418226 ], [ -79.9603764, 40.4421656 ], [ -79.959927, 40.442659 ] ] } },
{ "type": "Feature", "properties": { "persona": "mobility_constrained", "hour": 8, "length_m": 258.5, "minutes": 5.39, "sun": [ 0.327, 0.997 ] }, "geometry": { "type": "LineString", "coordinates": [ [ -79.9519338, 40.4519806 ], [ -79.9513127, 40.452171 ] ] } },
{ "type": "Feature", "properties": { "persona": "mobility_constrained", "hour": 15, "length_m": 788.6, "minutes": 16.43, "sun": [ 0.717, 0.258, 0.258, 0.258 ] }, "geometry": { "type": "LineString", "coordinates": [ [ -79.9556567, 40.4414487 ], [ -79.9563663, 40.4418535 ], [ -79.9563939, 40.4418625 ], [ -79.9564153, 40.441863 ] ] } },
{ "type": "Feature", "properties": { "persona": "mobility_constrained", "hour": 15, "length_m": 454.4, "minutes": 9.47, "sun": [ 0.439, 0.439, 0.439, 0.439, 0.439, 0.439, 0.439 ] }, "geometry": { "type": "LineString", "coordinates": [ [ -79.9425886, 40.453951 ], [ -79.9424077, 40.453705 ], [ -79.942406, 40.4536342 ], [ -79.9423228, 40.4536069 ], [ -79.9423033, 40.4535597 ], [ -79.9423098, 40.4535225 ], [ -79.9425496, 40.453217 ] ] } },
{ "type": "Feature", "properties": { "persona": "mobility_constrained", "hour": 8, "length_m": 918.3, "minutes": 19.13, "sun": [ 0.269, 0.085, 0.085, 0.0, 0.0, 0.0, 0.0, 0.0, 0.0 ] }, "geometry": { "type": "LineString", "coordinates": [ [ -79.9631805, 40.4446132 ], [ -79.9631738, 40.4445788 ], [ -79.9631966, 40.4445341 ], [ -79.9632548, 40.4443802 ], [ -79.9632881, 40.4441397 ], [ -79.9633047, 40.4439783 ], [ -79.9632847, 40.443858 ], [ -79.9632448, 40.443741499999987 ], [ -79.9631691, 40.4436061 ] ] } },
{ "type": "Feature", "properties": { "persona": "mobility_constrained", "hour": 15, "length_m": 760.6, "minutes": 15.85, "sun": [ 0.49, 0.49, 0.49, 0.339, 0.339 ] }, "geometry": { "type": "LineString", "coordinates": [ [ -79.9459498, 40.449532599999984 ], [ -79.9459254, 40.449558 ], [ -79.9458725, 40.4496099 ], [ -79.9454434, 40.4500022 ], [ -79.9450473, 40.450361900000011 ] ] } },
{ "type": "Feature", "properties": { "persona": "mobility_constrained", "hour": 12, "length_m": 724.0, "minutes": 15.08, "sun": [ 0.397, 0.397, 0.397, 0.397, 0.757, 0.757, 0.757, 0.757, 0.757, 0.757, 0.757, 0.757, 0.757, 0.757, 0.757, 0.757, 0.757, 0.757, 0.757, 0.757, 0.757, 0.757, 0.757, 0.757, 0.757, 0.757, 0.757, 0.757, 0.757, 0.757, 0.757, 0.757 ] }, "geometry": { "type": "LineString", "coordinates": [ [ -79.9630032, 40.438801 ], [ -79.9630043, 40.438825 ], [ -79.963002700000018, 40.4388363 ], [ -79.9629975, 40.4388464 ], [ -79.9628591, 40.438979 ], [ -79.9627877, 40.4390418 ], [ -79.962782500000017, 40.4390436 ], [ -79.9627758, 40.4390443 ], [ -79.9627496, 40.4390425 ], [ -79.9627315, 40.4390424 ], [ -79.962715, 40.4390441 ], [ -79.9626966, 40.4390507 ], [ -79.9626889, 40.4390552 ], [ -79.9626835, 40.4390609 ], [ -79.9626789, 40.439073 ], [ -79.9626563, 40.4391408 ], [ -79.96263260000002, 40.43922220000001 ], [ -79.9626235, 40.4392854 ], [ -79.9626204, 40.4393083 ], [ -79.9626206, 40.4393299 ], [ -79.9626228, 40.4393498 ], [ -79.9626315, 40.4393699 ], [ -79.9626448, 40.439387 ], [ -79.9626599, 40.4394015 ], [ -79.9626774, 40.439413 ], [ -79.962695, 40.4394231 ], [ -79.9627145, 40.4394309 ], [ -79.9627256, 40.43943440000001 ], [ -79.9627372, 40.4394367 ], [ -79.9627621, 40.4394408 ], [ -79.9627815, 40.439442399999983 ], [ -79.9628028, 40.4394411 ] ] } },
{ "type": "Feature", "properties": { "persona": "mobility_constrained", "hour": 18, "length_m": 1347.0, "minutes": 28.06, "sun": [ 0.788, 0.948, 0.948, 1.0, 1.0, 1.0, 1.0, 1.0, 1.0, 1.0, 1.0, 1.0, 1.0, 0.948, 0.948, 0.948, 0.948, 0.948, 0.948, 0.948, 0.948, 0.948, 1.0 ] }, "geometry": { "type": "LineString", "coordinates": [ [ -79.9647197, 40.4487879 ], [ -79.964732, 40.4487632 ], [ -79.9647361, 40.4487356 ], [ -79.9647115, 40.4486664 ], [ -79.964693, 40.4486071 ], [ -79.9647115, 40.4485504 ], [ -79.9647415, 40.4485041 ], [ -79.9654595, 40.4479757 ], [ -79.9655326, 40.44789810000001 ], [ -79.9655668, 40.447855 ], [ -79.9655982, 40.4478024 ], [ -79.9657154, 40.4474679 ], [ -79.9657708, 40.4472998 ], [ -79.965805, 40.4471911 ], [ -79.965822, 40.4471027 ], [ -79.965833, 40.4469996 ], [ -79.9658391, 40.446906 ], [ -79.965837800000017, 40.4468082 ], [ -79.9658282, 40.4467156 ], [ -79.9657995, 40.4465418 ], [ -79.9657634, 40.446435799999989 ], [ -79.9657483, 40.4463881 ], [ -79.965741, 40.4463709 ] ] } },
{ "type": "Feature", "properties": { "persona": "mobility_constrained", "hour": 12, "length_m": 428.4, "minutes": 8.93, "sun": [ 1.0, 1.0, 1.0 ] }, "geometry": { "type": "LineString", "coordinates": [ [ -79.9558518, 40.4378947 ], [ -79.956743, 40.4386099 ], [ -79.957006, 40.4388199 ] ] } },
{ "type": "Feature", "properties": { "persona": "mobility_constrained", "hour": 12, "length_m": 690.5, "minutes": 14.39, "sun": [ 1.0, 0.881, 0.881, 0.881, 0.881, 0.863, 0.863, 0.863, 0.037 ] }, "geometry": { "type": "LineString", "coordinates": [ [ -79.9558755, 40.443852 ], [ -79.9558739, 40.4438507 ], [ -79.9558663, 40.4438376 ], [ -79.9558636, 40.4438246 ], [ -79.9558708, 40.4438029 ], [ -79.9561961, 40.4435739 ], [ -79.9565432, 40.4433054 ], [ -79.956567, 40.443287 ], [ -79.9565843, 40.4432827 ] ] } },
{ "type": "Feature", "properties": { "persona": "mobility_constrained", "hour": 8, "length_m": 709.0, "minutes": 14.77, "sun": [ 0.048, 0.048, 0.048, 0.557, 0.557, 0.557, 0.557, 0.0 ] }, "geometry": { "type": "LineString", "coordinates": [ [ -79.9570964, 40.4415721 ], [ -79.9570955, 40.4415818 ], [ -79.9571007, 40.4415907 ], [ -79.9572061, 40.441675600000011 ], [ -79.9574807, 40.4418992 ], [ -79.9577615, 40.4421219 ], [ -79.9577798, 40.4421268 ], [ -79.9577982, 40.4421281 ] ] } },
{ "type": "Feature", "properties": { "persona": "mobility_constrained", "hour": 18, "length_m": 617.2, "minutes": 12.86, "sun": [ 0.109, 0.109, 0.109, 0.109, 0.109, 0.109, 0.109 ] }, "geometry": { "type": "LineString", "coordinates": [ [ -79.9425496, 40.453217 ], [ -79.9423098, 40.4535225 ], [ -79.9423033, 40.4535597 ], [ -79.9423228, 40.4536069 ], [ -79.942406, 40.4536342 ], [ -79.9424077, 40.453705 ], [ -79.9425886, 40.453951 ] ] } },
{ "type": "Feature", "properties": { "persona": "mobility_constrained", "hour": 15, "length_m": 347.3, "minutes": 7.24, "sun": [ 0.858, 0.959, 0.876, 0.876, 0.584 ] }, "geometry": { "type": "LineString", "coordinates": [ [ -79.9539738, 40.4525188 ], [ -79.9537782, 40.4521996 ], [ -79.9536723, 40.4520269 ], [ -79.9534165, 40.451609500000011 ], [ -79.9533825, 40.451554 ] ] } },
{ "type": "Feature", "properties": { "persona": "mobility_constrained", "hour": 15, "length_m": 666.4, "minutes": 13.88, "sun": [ 0.931, 0.809, 0.722, 0.722, 0.722, 0.722, 0.722, 0.722, 1.0 ] }, "geometry": { "type": "LineString", "coordinates": [ [ -79.9654818, 40.4402945 ], [ -79.9648091, 40.4403998 ], [ -79.9644737, 40.4404465 ], [ -79.9643785, 40.4404603 ], [ -79.9643349, 40.4404679 ], [ -79.9643067, 40.4404776 ], [ -79.964286, 40.4404904 ], [ -79.9640704, 40.4406915 ], [ -79.9640412, 40.440720399999989 ] ] } },
{ "type": "Feature", "properties": { "persona": "mobility_constrained", "hour": 8, "length_m": 481.9, "minutes": 10.04, "sun": [ 0.741, 0.113 ] }, "geometry": { "type": "LineString", "coordinates": [ [ -79.9542879, 40.4378612 ], [ -79.9562051, 40.4394088 ] ] } },
{ "type": "Feature", "properties": { "persona": "mobility_constrained", "hour": 15, "length_m": 411.3, "minutes": 8.57, "sun": [ 0.673, 0.673, 0.673, 0.955 ] }, "geometry": { "type": "LineString", "coordinates": [ [ -79.9460807, 40.4537469 ], [ -79.946036, 40.4537593 ], [ -79.9459054, 40.4537983 ], [ -79.9452655, 40.453995 ] ] } },
{ "type": "Feature", "properties": { "persona": "mobility_constrained", "hour": 15, "length_m": 690.4, "minutes": 14.38, "sun": [ 1.0, 1.0, 1.0 ] }, "geometry": { "type": "LineString", "coordinates": [ [ -79.9558518, 40.4378947 ], [ -79.956743, 40.4386099 ], [ -79.957006, 40.4388199 ] ] } },
{ "type": "Feature", "properties": { "persona": "mobility_constrained", "hour": 15, "length_m": 549.1, "minutes": 11.44, "sun": [ 1.0, 0.953 ] }, "geometry": { "type": "LineString", "coordinates": [ [ -79.9567149, 40.4392006 ], [ -79.9576155, 40.4399206 ] ] } },
{ "type": "Feature", "properties": { "persona": "mobility_constrained", "hour": 12, "length_m": 905.8, "minutes": 18.87, "sun": [ 0.252, 0.575, 0.575, 0.575, 0.575, 0.575, 0.575, 0.575, 0.575, 0.575, 0.575, 0.575, 0.575, 0.575, 0.575, 0.83 ] }, "geometry": { "type": "LineString", "coordinates": [ [ -79.957452700000019, 40.4477947 ], [ -79.9574722, 40.4477931 ], [ -79.9574836, 40.4477885 ], [ -79.957956, 40.4474423 ], [ -79.958023700000012, 40.4473908 ], [ -79.9580502, 40.4473709 ], [ -79.9580733, 40.4473451 ], [ -79.9580874, 40.4473219 ], [ -79.9580995, 40.4472979 ], [ -79.9581052, 40.4472726 ], [ -79.9581032, 40.4472379 ], [ -79.9580971, 40.4472058 ], [ -79.9580897, 40.4471859 ], [ -79.9580703, 40.4471604 ], [ -79.9580555, 40.447143 ], [ -79.9569644, 40.4462614 ] ] } },
{ "type": "Feature", "properties": { "persona": "mobility_constrained", "hour": 12, "length_m": 516.4, "minutes": 10.76, "sun": [ 0.956, 0.889, 0.861, 0.861, 1.0 ] }, "geometry": { "type": "LineString", "coordinates": [ [ -79.9645944, 40.4428716 ], [ -79.9645287, 40.4428348 ], [ -79.9638409, 40.4424402 ], [ -79.9633389, 40.4421735 ], [ -79.9629614, 40.4419536 ] ] } },
{ "type": "Feature", "properties": { "persona": "mobility_constrained", "hour": 12, "length_m": 523.8, "minutes": 10.91, "sun": [ 1.0, 0.948, 0.948, 0.948, 0.948, 1.0, 1.0, 0.958 ] }, "geometry": { "type": "LineString", "coordinates": [ [ -79.9594105, 40.4398789 ], [ -79.9593846, 40.4398908 ], [ -79.9593727, 40.4399056 ], [ -79.9593405, 40.4399518 ], [ -79.9591803, 40.4400668 ], [ -79.9585558, 40.4405196 ], [ -79.9584849, 40.4405512 ], [ -79.958438, 40.4405842 ] ] } },
{ "type": "Feature", "properties": { "persona": "mobility_constrained", "hour": 15, "length_m": 388.4, "minutes": 8.09, "sun": [ 0.73, 0.73, 0.73, 0.73, 0.73, 0.73, 0.73, 0.73, 1.0 ] }, "geometry": { "type": "LineString", "coordinates": [ [ -79.961242, 40.4383779 ], [ -79.9612289, 40.4383743 ], [ -79.9612038, 40.4383542 ], [ -79.9604085, 40.4377213 ], [ -79.9603689, 40.4376881 ], [ -79.9603629, 40.4376744 ], [ -79.9603619, 40.4376534 ], [ -79.9603374, 40.4376534 ], [ -79.9602886, 40.4376095 ] ] } },
{ "type": "Feature", "properties": { "persona": "mobility_constrained", "hour": 12, "length_m": 561.0, "minutes": 11.69, "sun": [ 0.164, 0.164, 0.164, 0.164, 0.164 ] }, "geometry": { "type": "LineString", "coordinates": [ [ -79.9569703, 40.4414734 ], [ -79.956982900000014, 40.441470700000018 ], [ -79.9569937, 40.4414648 ], [ -79.9574985, 40.4410948 ], [ -79.9575097, 40.4410839 ] ] } },
{ "type": "Feature", "properties": { "persona": "mobility_constrained", "hour": 15, "length_m": 634.5, "minutes": 13.22, "sun": [ 0.41, 0.41, 0.41 ] }, "geometry": { "type": "LineString", "coordinates": [ [ -79.9606895, 40.4418226 ], [ -79.9603764, 40.4421656 ], [ -79.959927, 40.442659 ] ] } },
{ "type": "Feature", "properties": { "persona": "mobility_constrained", "hour": 8, "length_m": 827.3, "minutes": 17.24, "sun": [ 0.0, 0.0, 0.0 ] }, "geometry": { "type": "LineString", "coordinates": [ [ -79.9606895, 40.4418226 ], [ -79.9603764, 40.4421656 ], [ -79.959927, 40.442659 ] ] } },
{ "type": "Feature", "properties": { "persona": "mobility_constrained", "hour": 15, "length_m": 550.7, "minutes": 11.47, "sun": [ 0.446, 0.446, 1.0 ] }, "geometry": { "type": "LineString", "coordinates": [ [ -79.9562949, 40.4380978 ], [ -79.9565686, 40.4383204 ], [ -79.9569251, 40.4386086 ] ] } },
{ "type": "Feature", "properties": { "persona": "mobility_constrained", "hour": 12, "length_m": 612.9, "minutes": 12.77, "sun": [ 0.958, 1.0, 1.0, 0.948, 0.948, 0.948, 0.948, 1.0 ] }, "geometry": { "type": "LineString", "coordinates": [ [ -79.958438, 40.4405842 ], [ -79.9584849, 40.4405512 ], [ -79.9585558, 40.4405196 ], [ -79.9591803, 40.4400668 ], [ -79.9593405, 40.4399518 ], [ -79.9593727, 40.4399056 ], [ -79.9593846, 40.4398908 ], [ -79.9594105, 40.4398789 ] ] } },
{ "type": "Feature", "properties": { "persona": "mobility_constrained", "hour": 12, "length_m": 597.5, "minutes": 12.45, "sun": [ 0.143, 0.143, 0.143 ] }, "geometry": { "type": "LineString", "coordinates": [ [ -79.9606895, 40.4418226 ], [ -79.9603764, 40.4421656 ], [ -79.959927, 40.442659 ] ] } },
{ "type": "Feature", "properties": { "persona": "mobility_constrained", "hour": 15, "length_m": 415.5, "minutes": 8.66, "sun": [ 0.714, 0.714, 0.672 ] }, "geometry": { "type": "LineString", "coordinates": [ [ -79.9539409, 40.4380245 ], [ -79.9539145, 40.4380207 ], [ -79.9530381, 40.4373152 ] ] } },
{ "type": "Feature", "properties": { "persona": "mobility_constrained", "hour": 8, "length_m": 600.5, "minutes": 12.51, "sun": [ 1.0, 0.755, 1.0 ] }, "geometry": { "type": "LineString", "coordinates": [ [ -79.9627769, 40.437454 ], [ -79.962116200000011, 40.437927 ], [ -79.9620948, 40.437942899999989 ] ] } },
{ "type": "Feature", "properties": { "persona": "mobility_constrained", "hour": 12, "length_m": 812.2, "minutes": 16.92, "sun": [ 1.0, 0.966, 0.966, 0.779, 0.779, 0.455 ] }, "geometry": { "type": "LineString", "coordinates": [ [ -79.9578331, 40.4383946 ], [ -79.9579254, 40.4384682 ], [ -79.9584038, 40.4388536 ], [ -79.958734, 40.4391196 ], [ -79.9587699, 40.4391484 ], [ -79.9590215, 40.4393515 ] ] } },
{ "type": "Feature", "properties": { "persona": "mobility_constrained", "hour": 15, "length_m": 363.3, "minutes": 7.57, "sun": [ 1.0, 0.933, 0.933, 0.933, 0.933 ] }, "geometry": { "type": "LineString", "coordinates": [ [ -79.9622698, 40.4398469 ], [ -79.9629987, 40.4404226 ], [ -79.9637276, 40.440988 ], [ -79.9637367, 40.4409972 ], [ -79.963739300000015, 40.4410042 ] ] } },
{ "type": "Feature", "properties": { "persona": "mobility_constrained", "hour": 18, "length_m": 384.0, "minutes": 8.0, "sun": [ 0.004, 0.004, 0.004, 0.004, 0.0 ] }, "geometry": { "type": "LineString", "coordinates": [ [ -79.9595797, 40.4411337 ], [ -79.9595804, 40.4411213 ], [ -79.9595924, 40.4411002 ], [ -79.9601608, 40.4406941 ], [ -79.9601862, 40.440689 ] ] } },
{ "type": "Feature", "properties": { "persona": "mobility_constrained", "hour": 15, "length_m": 830.5, "minutes": 17.3, "sun": [ 0.931, 0.809, 0.722, 0.722, 0.722, 0.722, 0.722, 0.722, 1.0 ] }, "geometry": { "type": "LineString", "coordinates": [ [ -79.9654818, 40.4402945 ], [ -79.9648091, 40.4403998 ], [ -79.9644737, 40.4404465 ], [ -79.9643785, 40.4404603 ], [ -79.9643349, 40.4404679 ], [ -79.9643067, 40.4404776 ], [ -79.964286, 40.4404904 ], [ -79.9640704, 40.4406915 ], [ -79.9640412, 40.440720399999989 ] ] } },
{ "type": "Feature", "properties": { "persona": "mobility_constrained", "hour": 15, "length_m": 634.3, "minutes": 13.21, "sun": [ 1.0, 0.984, 0.984, 1.0, 1.0 ] }, "geometry": { "type": "LineString", "coordinates": [ [ -79.9595224, 40.4371607 ], [ -79.9595301, 40.4371614 ], [ -79.9595396, 40.4371677 ], [ -79.960723, 40.438119 ], [ -79.9607362, 40.4381292 ] ] } },
{ "type": "Feature", "properties": { "persona": "mobility_constrained", "hour": 12, "length_m": 249.2, "minutes": 5.19, "sun": [ 0.941, 0.571, 0.164, 1.0 ] }, "geometry": { "type": "LineString", "coordinates": [ [ -79.9582085, 40.4405688 ], [ -79.958207, 40.4405819 ], [ -79.9576619, 40.4409754 ], [ -79.9576191, 40.441000699999989 ] ] } },
{ "type": "Feature", "properties": { "persona": "mobility_constrained", "hour": 12, "length_m": 679.8, "minutes": 14.16, "sun": [ 0.143, 0.143, 0.143 ] }, "geometry": { "type": "LineString", "coordinates": [ [ -79.9606895, 40.4418226 ], [ -79.9603764, 40.4421656 ], [ -79.959927, 40.442659 ] ] } },
{ "type": "Feature", "properties": { "persona": "mobility_constrained", "hour": 12, "length_m": 459.2, "minutes": 9.57, "sun": [ 1.0, 1.0, 0.49, 0.49, 0.49 ] }, "geometry": { "type": "LineString", "coordinates": [ [ -79.958653, 40.4378399 ], [ -79.9592397, 40.438312799999984 ], [ -79.9595482, 40.4385588 ], [ -79.9597936, 40.438766 ], [ -79.9598119, 40.4387812 ] ] } },
{ "type": "Feature", "properties": { "persona": "mobility_constrained", "hour": 12, "length_m": 745.9, "minutes": 15.54, "sun": [ 0.643, 0.286, 0.286, 0.286, 0.286, 0.773 ] }, "geometry": { "type": "LineString", "coordinates": [ [ -79.957478400000014, 40.4490405 ], [ -79.9552166, 40.4506183 ], [ -79.9551876, 40.4506392 ], [ -79.9551666, 40.4506486 ], [ -79.9551526, 40.4506521 ], [ -79.9551469, 40.4506521 ] ] } },
{ "type": "Feature", "properties": { "persona": "mobility_constrained", "hour": 18, "length_m": 831.6, "minutes": 17.33, "sun": [ 0.365, 0.515, 0.235, 0.235, 0.462 ] }, "geometry": { "type": "LineString", "coordinates": [ [ -79.9645944, 40.4428716 ], [ -79.9645287, 40.4428348 ], [ -79.9638409, 40.4424402 ], [ -79.9633389, 40.4421735 ], [ -79.9629614, 40.4419536 ] ] } },
{ "type": "Feature", "properties": { "persona": "mobility_constrained", "hour": 12, "length_m": 647.8, "minutes": 13.5, "sun": [ 1.0, 1.0, 1.0, 1.0, 0.79 ] }, "geometry": { "type": "LineString", "coordinates": [ [ -79.9595797, 40.4411337 ], [ -79.9595804, 40.4411213 ], [ -79.9595924, 40.4411002 ], [ -79.9601608, 40.4406941 ], [ -79.9601862, 40.440689 ] ] } },
{ "type": "Feature", "properties": { "persona": "mobility_constrained", "hour": 15, "length_m": 574.5, "minutes": 11.97, "sun": [ 0.968, 0.868, 0.868, 0.868, 0.811, 0.811, 1.0 ] }, "geometry": { "type": "LineString", "coordinates": [ [ -79.9534795, 40.4386655 ], [ -79.953492, 40.43868 ], [ -79.9538683, 40.4389817 ], [ -79.9542253, 40.4392756 ], [ -79.9546009, 40.43957730000001 ], [ -79.9549177, 40.4398342 ], [ -79.9552332, 40.4400874 ] ] } },
{ "type": "Feature", "properties": { "persona": "mobility_constrained", "hour": 8, "length_m": 1693.4, "minutes": 35.28, "sun": [ 0.187, 0.565, 0.565, 0.543, 0.543, 0.543, 0.558 ] }, "geometry": { "type": "LineString", "coordinates": [ [ -79.9612448, 40.4459905 ], [ -79.9612878, 40.44601380000001 ], [ -79.9622909, 40.4462494 ], [ -79.9638267, 40.446633 ], [ -79.9638638, 40.446725 ], [ -79.9638619, 40.4467855 ], [ -79.9637423, 40.4469439 ] ] } },
{ "type": "Feature", "properties": { "persona": "mobility_constrained", "hour": 18, "length_m": 758.3, "minutes": 15.8, "sun": [ 0.362, 0.223, 0.223, 0.0 ] }, "geometry": { "type": "LineString", "coordinates": [ [ -79.9494001, 40.45168 ], [ -79.9488808, 40.450479 ], [ -79.9488826, 40.4504667 ], [ -79.948886, 40.4504556 ] ] } },
{ "type": "Feature", "properties": { "persona": "mobility_constrained", "hour": 12, "length_m": 1517.9, "minutes": 31.62, "sun": [ 0.754, 1.0, 1.0, 0.949, 0.949, 0.949, 1.0 ] }, "geometry": { "type": "LineString", "coordinates": [ [ -79.9612448, 40.4459905 ], [ -79.9612878, 40.44601380000001 ], [ -79.9622909, 40.4462494 ], [ -79.9638267, 40.446633 ], [ -79.9638638, 40.446725 ], [ -79.9638619, 40.4467855 ], [ -79.9637423, 40.4469439 ] ] } },
{ "type": "Feature", "properties": { "persona": "mobility_constrained", "hour": 8, "length_m": 480.4, "minutes": 10.01, "sun": [ 0.435, 0.626 ] }, "geometry": { "type": "LineString", "coordinates": [ [ -79.9505421, 40.4493395 ], [ -79.9500608, 40.448565 ] ] } },
{ "type": "Feature", "properties": { "persona": "mobility_constrained", "hour": 8, "length_m": 467.7, "minutes": 9.74, "sun": [ 0.0, 0.0, 0.0 ] }, "geometry": { "type": "LineString", "coordinates": [ [ -79.9606895, 40.4418226 ], [ -79.9603764, 40.4421656 ], [ -79.959927, 40.442659 ] ] } },
{ "type": "Feature", "properties": { "persona": "mobility_constrained", "hour": 12, "length_m": 593.9, "minutes": 12.37, "sun": [ 1.0, 0.219, 0.219, 0.219 ] }, "geometry": { "type": "LineString", "coordinates": [ [ -79.9547507, 40.4445772 ], [ -79.9547443, 40.4445804 ], [ -79.9547183, 40.4445998 ], [ -79.9541054, 40.4450574 ] ] } },
{ "type": "Feature", "properties": { "persona": "mobility_constrained", "hour": 15, "length_m": 643.1, "minutes": 13.4, "sun": [ 0.743, 0.743, 0.743, 0.535, 0.535, 1.0 ] }, "geometry": { "type": "LineString", "coordinates": [ [ -79.9539471, 40.438208699999983 ], [ -79.9539628, 40.4382146 ], [ -79.9542801, 40.4384696 ], [ -79.9547919, 40.4388828 ], [ -79.9554192, 40.4393998 ], [ -79.9557525, 40.4396649 ] ] } },
{ "type": "Feature", "properties": { "persona": "mobility_constrained", "hour": 12, "length_m": 483.5, "minutes": 10.07, "sun": [ 0.735, 0.778, 1.0 ] }, "geometry": { "type": "LineString", "coordinates": [ [ -79.952328200000011, 40.4523777 ], [ -79.9527111, 40.4529886 ], [ -79.9530127, 40.4534699 ] ] } },
{ "type": "Feature", "properties": { "persona": "mobility_constrained", "hour": 15, "length_m": 559.0, "minutes": 11.65, "sun": [ 0.161, 0.642 ] }, "geometry": { "type": "LineString", "coordinates": [ [ -79.9478063, 40.4480594 ], [ -79.949282, 40.4476037 ] ] } },
{ "type": "Feature", "properties": { "persona": "mobility_constrained", "hour": 15, "length_m": 700.5, "minutes": 14.59, "sun": [ 1.0, 0.714, 0.714 ] }, "geometry": { "type": "LineString", "coordinates": [ [ -79.9548731, 40.437119100000011 ], [ -79.9539595, 40.438017 ], [ -79.9539409, 40.4380245 ] ] } },
{ "type": "Feature", "properties": { "persona": "mobility_constrained", "hour": 15, "length_m": 679.6, "minutes": 14.16, "sun": [ 1.0, 1.0, 1.0 ] }, "geometry": { "type": "LineString", "coordinates": [ [ -79.9558518, 40.4378947 ], [ -79.956743, 40.4386099 ], [ -79.957006, 40.4388199 ] ] } },
{ "type": "Feature", "properties": { "persona": "mobility_constrained", "hour": 8, "length_m": 551.6, "minutes": 11.49, "sun": [ 0.0, 0.069 ] }, "geometry": { "type": "LineString", "coordinates": [ [ -79.9567149, 40.4392006 ], [ -79.9576155, 40.4399206 ] ] } },
{ "type": "Feature", "properties": { "persona": "mobility_constrained", "hour": 12, "length_m": 1736.3, "minutes": 36.17, "sun": [ 0.915, 0.261, 0.3 ] }, "geometry": { "type": "LineString", "coordinates": [ [ -79.9572241, 40.4513735 ], [ -79.9588549, 40.4485822 ], [ -79.958993800000016, 40.44839060000001 ] ] } },
{ "type": "Feature", "properties": { "persona": "mobility_constrained", "hour": 18, "length_m": 573.7, "minutes": 11.95, "sun": [ 0.287, 0.812, 0.369 ] }, "geometry": { "type": "LineString", "coordinates": [ [ -79.9509184, 40.4495875 ], [ -79.9517372, 40.4489962 ], [ -79.9517411, 40.4489909 ] ] } },
{ "type": "Feature", "properties": { "persona": "mobility_constrained", "hour": 12, "length_m": 824.0, "minutes": 17.17, "sun": [ 1.0, 1.0, 0.566 ] }, "geometry": { "type": "LineString", "coordinates": [ [ -79.9626966, 40.4419705 ], [ -79.9626548, 40.4419503 ], [ -79.9615836, 40.4413736 ] ] } },
{ "type": "Feature", "properties": { "persona": "mobility_constrained", "hour": 8, "length_m": 527.0, "minutes": 10.98, "sun": [ 0.007, 0.007, 0.007 ] }, "geometry": { "type": "LineString", "coordinates": [ [ -79.9587286, 40.4393059 ], [ -79.9593041, 40.4397684 ], [ -79.9593075, 40.439777 ] ] } },
{ "type": "Feature", "properties": { "persona": "mobility_constrained", "hour": 15, "length_m": 265.6, "minutes": 5.53, "sun": [ 0.831, 0.644, 0.326 ] }, "geometry": { "type": "LineString", "coordinates": [ [ -79.9511364, 40.452769600000011 ], [ -79.951431, 40.4532359 ], [ -79.951879, 40.4539448 ] ] } },
{ "type": "Feature", "properties": { "persona": "mobility_constrained", "hour": 15, "length_m": 690.5, "minutes": 14.39, "sun": [ 0.205, 0.133, 0.133, 0.133, 0.133, 0.524, 0.524, 0.524, 1.0 ] }, "geometry": { "type": "LineString", "coordinates": [ [ -79.9558755, 40.443852 ], [ -79.9558739, 40.4438507 ], [ -79.9558663, 40.4438376 ], [ -79.9558636, 40.4438246 ], [ -79.9558708, 40.4438029 ], [ -79.9561961, 40.4435739 ], [ -79.9565432, 40.4433054 ], [ -79.956567, 40.443287 ], [ -79.9565843, 40.4432827 ] ] } },
{ "type": "Feature", "properties": { "persona": "mobility_constrained", "hour": 12, "length_m": 311.8, "minutes": 6.5, "sun": [ 0.883, 0.446 ] }, "geometry": { "type": "LineString", "coordinates": [ [ -79.9510833, 40.4478542 ], [ -79.9514019, 40.4483836 ] ] } },
{ "type": "Feature", "properties": { "persona": "mobility_constrained", "hour": 15, "length_m": 528.6, "minutes": 11.01, "sun": [ 0.15, 0.15, 0.15, 0.201, 0.201, 0.201, 0.622 ] }, "geometry": { "type": "LineString", "coordinates": [ [ -79.9547853, 40.4469588 ], [ -79.9547718, 40.44696050000001 ], [ -79.9547578, 40.446968 ], [ -79.9540416, 40.4475048 ], [ -79.95389950000002, 40.4476053 ], [ -79.9538901, 40.4476166 ], [ -79.9538845, 40.4476298 ] ] } },
{ "type": "Feature", "properties": { "persona": "mobility_constrained", "hour": 15, "length_m": 766.6, "minutes": 15.97, "sun": [ 0.971, 0.176, 0.176, 0.236, 0.236, 1.0 ] }, "geometry": { "type": "LineString", "coordinates": [ [ -79.9578331, 40.4383946 ], [ -79.9579254, 40.4384682 ], [ -79.9584038, 40.4388536 ], [ -79.958734, 40.4391196 ], [ -79.9587699, 40.4391484 ], [ -79.9590215, 40.4393515 ] ] } },
{ "type": "Feature", "properties": { "persona": "mobility_constrained", "hour": 15, "length_m": 651.1, "minutes": 13.56, "sun": [ 1.0, 0.664 ] }, "geometry": { "type": "LineString", "coordinates": [ [ -79.9505421, 40.4493395 ], [ -79.9500608, 40.448565 ] ] } },
{ "type": "Feature", "properties": { "persona": "mobility_constrained", "hour": 12, "length_m": 494.9, "minutes": 10.31, "sun": [ 0.302, 0.617 ] }, "geometry": { "type": "LineString", "coordinates": [ [ -79.951634, 40.4485149 ], [ -79.9524983, 40.4482253 ] ] } },
{ "type": "Feature", "properties": { "persona": "mobility_constrained", "hour": 12, "length_m": 145.4, "minutes": 3.03, "sun": [ 0.824, 1.0, 0.868 ] }, "geometry": { "type": "LineString", "coordinates": [ [ -79.9561979, 40.4400192 ], [ -79.9564358, 40.4402084 ], [ -79.9567714, 40.4404819 ] ] } },
{ "type": "Feature", "properties": { "persona": "mobility_constrained", "hour": 18, "length_m": 360.7, "minutes": 7.51, "sun": [ 0.802, 0.696, 0.696, 0.696, 0.696, 0.696, 0.696, 0.696, 0.696, 0.696, 0.696, 0.696, 0.696, 0.696, 0.696, 0.696, 0.749 ] }, "geometry": { "type": "LineString", "coordinates": [ [ -79.9629978, 40.4452666 ], [ -79.9630933, 40.4452968 ], [ -79.9631391, 40.4453113 ], [ -79.963363, 40.4453822 ], [ -79.9635695, 40.4456217 ], [ -79.9636781, 40.4457416 ], [ -79.9637056, 40.44575170000001 ], [ -79.9637347, 40.4457524 ], [ -79.9637622, 40.4457489 ], [ -79.9637866, 40.4457397 ], [ -79.9638085, 40.4457303 ], [ -79.9639028, 40.44564 ], [ -79.963913, 40.4456334 ], [ -79.9639252, 40.4456322 ], [ -79.9639352, 40.4456336 ], [ -79.9639454, 40.4456357 ], [ -79.9639548, 40.4456382 ] ] } },
{ "type": "Feature", "properties": { "persona": "mobility_constrained", "hour": 18, "length_m": 682.2, "minutes": 14.21, "sun": [ 0.693, 1.0, 0.561 ] }, "geometry": { "type": "LineString", "coordinates": [ [ -79.9566119, 40.4392763 ], [ -79.9566236, 40.4392768 ], [ -79.9571446, 40.43970070000001 ] ] } },
{ "type": "Feature", "properties": { "persona": "mobility_constrained", "hour": 12, "length_m": 900.8, "minutes": 18.77, "sun": [ 1.0, 0.855, 0.855, 0.856, 0.856, 0.856, 0.856, 0.856, 1.0 ] }, "geometry": { "type": "LineString", "coordinates": [ [ -79.9631805, 40.4446132 ], [ -79.9631738, 40.4445788 ], [ -79.9631966, 40.4445341 ], [ -79.9632548, 40.4443802 ], [ -79.9632881, 40.4441397 ], [ -79.9633047, 40.4439783 ], [ -79.9632847, 40.443858 ], [ -79.9632448, 40.443741499999987 ], [ -79.9631691, 40.4436061 ] ] } },
{ "type": "Feature", "properties": { "persona": "mobility_constrained", "hour": 8, "length_m": 756.1, "minutes": 15.75, "sun": [ 0.0, 0.0, 0.0 ] }, "geometry": { "type": "LineString", "coordinates": [ [ -79.9606895, 40.4418226 ], [ -79.9603764, 40.4421656 ], [ -79.959927, 40.442659 ] ] } },
{ "type": "Feature", "properties": { "persona": "mobility_constrained", "hour": 12, "length_m": 281.6, "minutes": 5.87, "sun": [ 0.947, 0.947, 0.841 ] }, "geometry": { "type": "LineString", "coordinates": [ [ -79.9546038, 40.439729 ], [ -79.9547257, 40.4398268 ], [ -79.9550245, 40.44007 ] ] } },
{ "type": "Feature", "properties": { "persona": "mobility_constrained", "hour": 12, "length_m": 485.6, "minutes": 10.12, "sun": [ 1.0, 0.95, 0.95, 0.95, 1.0 ] }, "geometry": { "type": "LineString", "coordinates": [ [ -79.9508414, 40.4474521 ], [ -79.9505923, 40.44703830000001 ], [ -79.9505399, 40.4469618 ], [ -79.9505096, 40.4469351 ], [ -79.9504913, 40.4469255 ] ] } },
{ "type": "Feature", "properties": { "persona": "mobility_constrained", "hour": 12, "length_m": 671.8, "minutes": 14.0, "sun": [ 0.754, 1.0, 1.0, 0.949, 0.949, 0.949, 1.0 ] }, "geometry": { "type": "LineString", "coordinates": [ [ -79.9612448, 40.4459905 ], [ -79.9612878, 40.44601380000001 ], [ -79.9622909, 40.4462494 ], [ -79.9638267, 40.446633 ], [ -79.9638638, 40.446725 ], [ -79.9638619, 40.4467855 ], [ -79.9637423, 40.4469439 ] ] } },
{ "type": "Feature", "properties": { "persona": "mobility_constrained", "hour": 12, "length_m": 772.6, "minutes": 16.1, "sun": [ 0.822, 0.887, 0.887, 0.887, 1.0, 1.0, 1.0, 1.0, 1.0, 0.592 ] }, "geometry": { "type": "LineString", "coordinates": [ [ -79.9454544, 40.447284199999977 ], [ -79.9456077, 40.4473001 ], [ -79.9460057, 40.4472734 ], [ -79.9461254, 40.4472566 ], [ -79.9465455, 40.4472235 ], [ -79.9469573, 40.4471932 ], [ -79.9469794, 40.4471712 ], [ -79.9471574, 40.4471583 ], [ -79.9472162, 40.4471541 ], [ -79.9472238, 40.4471554 ] ] } },
{ "type": "Feature", "properties": { "persona": "mobility_constrained", "hour": 15, "length_m": 275.8, "minutes": 5.75, "sun": [ 0.73, 0.73, 0.73, 0.73, 0.73, 0.73, 0.73, 0.73, 1.0 ] }, "geometry": { "type": "LineString", "coordinates": [ [ -79.961242, 40.4383779 ], [ -79.9612289, 40.4383743 ], [ -79.9612038, 40.4383542 ], [ -79.9604085, 40.4377213 ], [ -79.9603689, 40.4376881 ], [ -79.9603629, 40.4376744 ], [ -79.9603619, 40.4376534 ], [ -79.9603374, 40.4376534 ], [ -79.9602886, 40.4376095 ] ] } },
{ "type": "Feature", "properties": { "persona": "mobility_constrained", "hour": 8, "length_m": 339.0, "minutes": 7.06, "sun": [ 0.322, 0.506, 0.546 ] }, "geometry": { "type": "LineString", "coordinates": [ [ -79.9441688, 40.4534884 ], [ -79.9444377, 40.454016 ], [ -79.9444742, 40.4540788 ] ] } },
{ "type": "Feature", "properties": { "persona": "mobility_constrained", "hour": 8, "length_m": 449.5, "minutes": 9.36, "sun": [ 0.131, 0.131, 0.21, 0.324, 1.0 ] }, "geometry": { "type": "LineString", "coordinates": [ [ -79.944916, 40.4504236 ], [ -79.9449139, 40.4504099 ], [ -79.944565, 40.4496143 ], [ -79.9441418, 40.4486511 ], [ -79.9441303, 40.4483767 ] ] } },
{ "type": "Feature", "properties": { "persona": "mobility_constrained", "hour": 18, "length_m": 696.0, "minutes": 14.5, "sun": [ 0.0, 0.195 ] }, "geometry": { "type": "LineString", "coordinates": [ [ -79.9546721, 40.4428074 ], [ -79.9537304, 40.4430552 ] ] } },
{ "type": "Feature", "properties": { "persona": "mobility_constrained", "hour": 15, "length_m": 785.5, "minutes": 16.36, "sun": [ 1.0, 0.861, 0.861 ] }, "geometry": { "type": "LineString", "coordinates": [ [ -79.9675752, 40.4400812 ], [ -79.9661484, 40.4403042 ], [ -79.9661081, 40.4403105 ] ] } },
{ "type": "Feature", "properties": { "persona": "mobility_constrained", "hour": 8, "length_m": 572.6, "minutes": 11.93, "sun": [ 0.347, 0.23, 1.0 ] }, "geometry": { "type": "LineString", "coordinates": [ [ -79.952328200000011, 40.4523777 ], [ -79.9527111, 40.4529886 ], [ -79.9530127, 40.4534699 ] ] } },
{ "type": "Feature", "properties": { "persona": "mobility_constrained", "hour": 15, "length_m": 842.4, "minutes": 17.55, "sun": [ 0.856, 0.856, 0.567 ] }, "geometry": { "type": "LineString", "coordinates": [ [ -79.9660753, 40.4398824 ], [ -79.9660372, 40.4392597 ], [ -79.9655422, 40.4392841 ] ] } },
{ "type": "Feature", "properties": { "persona": "mobility_constrained", "hour": 15, "length_m": 704.5, "minutes": 14.68, "sun": [ 0.697, 0.333, 0.902 ] }, "geometry": { "type": "LineString", "coordinates": [ [ -79.9469681, 40.4508694 ], [ -79.946987, 40.4508651 ], [ -79.9486334, 40.4503634 ] ] } },
{ "type": "Feature", "properties": { "persona": "mobility_constrained", "hour": 18, "length_m": 730.7, "minutes": 15.22, "sun": [ 0.906, 0.331 ] }, "geometry": { "type": "LineString", "coordinates": [ [ -79.9483336, 40.4492514 ], [ -79.9486795, 40.4500326 ] ] } },
{ "type": "Feature", "properties": { "persona": "mobility_constrained", "hour": 12, "length_m": 755.4, "minutes": 15.74, "sun": [ 0.277, 0.277, 0.476 ] }, "geometry": { "type": "LineString", "coordinates": [ [ -79.9519858, 40.4463099 ], [ -79.9520006, 40.446305099999989 ], [ -79.9529899, 40.4455809 ] ] } },
{ "type": "Feature", "properties": { "persona": "mobility_constrained", "hour": 8, "length_m": 800.6, "minutes": 16.68, "sun": [ 0.588, 0.87, 0.87, 0.122, 0.122 ] }, "geometry": { "type": "LineString", "coordinates": [ [ -79.9595224, 40.4371607 ], [ -79.9595301, 40.4371614 ], [ -79.9595396, 40.4371677 ], [ -79.960723, 40.438119 ], [ -79.9607362, 40.4381292 ] ] } },
{ "type": "Feature", "properties": { "persona": "mobility_constrained", "hour": 18, "length_m": 947.7, "minutes": 19.74, "sun": [ 0.217, 0.217, 0.018, 0.018, 0.471, 0.471, 0.471 ] }, "geometry": { "type": "LineString", "coordinates": [ [ -79.9585389, 40.4362071 ], [ -79.9586476, 40.436305 ], [ -79.9592203, 40.4367582 ], [ -79.9595556, 40.4370277 ], [ -79.9602161, 40.4375662 ], [ -79.96023550000001, 40.4375733 ], [ -79.9602546, 40.4375735 ] ] } },
{ "type": "Feature", "properties": { "persona": "mobility_constrained", "hour": 12, "length_m": 699.5, "minutes": 14.57, "sun": [ 0.783, 0.783, 0.783, 0.778 ] }, "geometry": { "type": "LineString", "coordinates": [ [ -79.9495439, 40.4480305 ], [ -79.9495496, 40.4480399 ], [ -79.9496147, 40.4481446 ], [ -79.950608, 40.4497436 ] ] } },
{ "type": "Feature", "properties": { "persona": "mobility_constrained", "hour": 12, "length_m": 709.5, "minutes": 14.78, "sun": [ 0.49, 0.464, 0.464, 0.464, 0.464, 0.464, 0.464, 0.464, 0.04, 0.894 ] }, "geometry": { "type": "LineString", "coordinates": [ [ -79.963865, 40.4379628 ], [ -79.9638177, 40.4379784 ], [ -79.9637378, 40.4380046 ], [ -79.9636417, 40.438049 ], [ -79.9635649, 40.4380919 ], [ -79.9635002, 40.4381327 ], [ -79.963379, 40.4382161 ], [ -79.9631264, 40.438437 ], [ -79.9625978, 40.4388272 ], [ -79.9620495, 40.4392341 ] ] } },
{ "type": "Feature", "properties": { "persona": "mobility_constrained", "hour": 8, "length_m": 158.1, "minutes": 3.29, "sun": [ 0.242, 0.24, 0.24, 0.24, 0.765 ] }, "geometry": { "type": "LineString", "coordinates": [ [ -79.9561739, 40.4379994 ], [ -79.9557343, 40.4376418 ], [ -79.9550728, 40.4371088 ], [ -79.9550704, 40.4371056 ], [ -79.9550692, 40.4371018 ] ] } },
{ "type": "Feature", "properties": { "persona": "mobility_constrained", "hour": 15, "length_m": 631.9, "minutes": 13.16, "sun": [ 0.916, 0.531, 0.439, 0.439, 0.844 ] }, "geometry": { "type": "LineString", "coordinates": [ [ -79.9645944, 40.4428716 ], [ -79.9645287, 40.4428348 ], [ -79.9638409, 40.4424402 ], [ -79.9633389, 40.4421735 ], [ -79.9629614, 40.4419536 ] ] } },
{ "type": "Feature", "properties": { "persona": "mobility_constrained", "hour": 12, "length_m": 251.3, "minutes": 5.23, "sun": [ 0.983, 0.295, 0.295, 0.295, 0.295 ] }, "geometry": { "type": "LineString", "coordinates": [ [ -79.9598989, 40.4414148 ], [ -79.9597291, 40.4415293 ], [ -79.9594915, 40.4417012 ], [ -79.959337, 40.4418406 ], [ -79.9592884, 40.4418787 ] ] } },
{ "type": "Feature", "properties": { "persona": "mobility_constrained", "hour": 8, "length_m": 773.4, "minutes": 16.11, "sun": [ 0.0, 0.0, 0.0 ] }, "geometry": { "type": "LineString", "coordinates": [ [ -79.9606895, 40.4418226 ], [ -79.9603764, 40.4421656 ], [ -79.959927, 40.442659 ] ] } },
{ "type": "Feature", "properties": { "persona": "mobility_constrained", "hour": 15, "length_m": 682.2, "minutes": 14.21, "sun": [ 0.385, 0.801, 0.801 ] }, "geometry": { "type": "LineString", "coordinates": [ [ -79.9431307, 40.4509388 ], [ -79.944963, 40.4505648 ], [ -79.944980300000012, 40.4505649 ] ] } },
{ "type": "Feature", "properties": { "persona": "mobility_constrained", "hour": 12, "length_m": 869.9, "minutes": 18.12, "sun": [ 0.377, 0.377, 0.377, 0.32, 0.32 ] }, "geometry": { "type": "LineString", "coordinates": [ [ -79.9459498, 40.449532599999984 ], [ -79.9459254, 40.449558 ], [ -79.9458725, 40.4496099 ], [ -79.9454434, 40.4500022 ], [ -79.9450473, 40.450361900000011 ] ] } },
{ "type": "Feature", "properties": { "persona": "mobility_constrained", "hour": 12, "length_m": 561.1, "minutes": 11.69, "sun": [ 0.143, 0.143, 0.143 ] }, "geometry": { "type": "LineString", "coordinates": [ [ -79.9606895, 40.4418226 ], [ -79.9603764, 40.4421656 ], [ -79.959927, 40.442659 ] ] } },
{ "type": "Feature", "properties": { "persona": "mobility_constrained", "hour": 12, "length_m": 367.7, "minutes": 7.66, "sun": [ 1.0, 1.0, 1.0, 1.0, 1.0, 1.0, 1.0, 1.0, 1.0 ] }, "geometry": { "type": "LineString", "coordinates": [ [ -79.961242, 40.4383779 ], [ -79.9612289, 40.4383743 ], [ -79.9612038, 40.4383542 ], [ -79.9604085, 40.4377213 ], [ -79.9603689, 40.4376881 ], [ -79.9603629, 40.4376744 ], [ -79.9603619, 40.4376534 ], [ -79.9603374, 40.4376534 ], [ -79.9602886, 40.4376095 ] ] } },
{ "type": "Feature", "properties": { "persona": "mobility_constrained", "hour": 12, "length_m": 325.9, "minutes": 6.79, "sun": [ 0.559, 0.559, 0.559, 0.559, 0.657, 0.657, 0.725 ] }, "geometry": { "type": "LineString", "coordinates": [ [ -79.954858, 40.4508714 ], [ -79.9546478, 40.451018099999985 ], [ -79.954599500000015, 40.4510456 ], [ -79.9545329, 40.4510724 ], [ -79.9541115, 40.4512009 ], [ -79.95410480000001, 40.4512011 ], [ -79.954100400000016, 40.4512008 ] ] } },
{ "type": "Feature", "properties": { "persona": "mobility_constrained", "hour": 8, "length_m": 617.6, "minutes": 12.87, "sun": [ 0.208, 0.329 ] }, "geometry": { "type": "LineString", "coordinates": [ [ -79.9478063, 40.4480594 ], [ -79.949282, 40.4476037 ] ] } },
{ "type": "Feature", "properties": { "persona": "mobility_constrained", "hour": 15, "length_m": 546.9, "minutes": 11.39, "sun": [ 0.951, 0.667, 0.897 ] }, "geometry": { "type": "LineString", "coordinates": [ [ -79.9495894, 40.4525407 ], [ -79.9495629, 40.4525574 ], [ -79.947412, 40.453198499999985 ] ] } },
{ "type": "Feature", "properties": { "persona": "mobility_constrained", "hour": 15, "length_m": 348.2, "minutes": 7.26, "sun": [ 0.861, 1.0, 0.768 ] }, "geometry": { "type": "LineString", "coordinates": [ [ -79.9523648, 40.4397574 ], [ -79.953518, 40.440402 ], [ -79.9535229, 40.440414399999987 ] ] } },
{ "type": "Feature", "properties": { "persona": "mobility_constrained", "hour": 12, "length_m": 642.5, "minutes": 13.39, "sun": [ 1.0, 1.0, 1.0, 1.0, 0.79 ] }, "geometry": { "type": "LineString", "coordinates": [ [ -79.9595797, 40.4411337 ], [ -79.9595804, 40.4411213 ], [ -79.9595924, 40.4411002 ], [ -79.9601608, 40.4406941 ], [ -79.9601862, 40.440689 ] ] } },
{ "type": "Feature", "properties": { "persona": "mobility_constrained", "hour": 12, "length_m": 689.4, "minutes": 14.36, "sun": [ 0.143, 0.143, 0.143 ] }, "geometry": { "type": "LineString", "coordinates": [ [ -79.9606895, 40.4418226 ], [ -79.9603764, 40.4421656 ], [ -79.959927, 40.442659 ] ] } },
{ "type": "Feature", "properties": { "persona": "mobility_constrained", "hour": 12, "length_m": 833.6, "minutes": 17.37, "sun": [ 1.0, 1.0, 0.609, 0.531 ] }, "geometry": { "type": "LineString", "coordinates": [ [ -79.9540399, 40.4381148 ], [ -79.95405, 40.4381351 ], [ -79.9552776, 40.4391159 ], [ -79.9558982, 40.4396139 ] ] } },
{ "type": "Feature", "properties": { "persona": "mobility_constrained", "hour": 8, "length_m": 621.3, "minutes": 12.94, "sun": [ 0.672, 0.401, 0.993 ] }, "geometry": { "type": "LineString", "coordinates": [ [ -79.9495894, 40.4525407 ], [ -79.9495629, 40.4525574 ], [ -79.947412, 40.453198499999985 ] ] } },
{ "type": "Feature", "properties": { "persona": "mobility_constrained", "hour": 15, "length_m": 657.7, "minutes": 13.7, "sun": [ 0.73, 0.73, 0.73, 0.73, 0.73, 0.73, 0.73, 0.73, 1.0 ] }, "geometry": { "type": "LineString", "coordinates": [ [ -79.961242, 40.4383779 ], [ -79.9612289, 40.4383743 ], [ -79.9612038, 40.4383542 ], [ -79.9604085, 40.4377213 ], [ -79.9603689, 40.4376881 ], [ -79.9603629, 40.4376744 ], [ -79.9603619, 40.4376534 ], [ -79.9603374, 40.4376534 ], [ -79.9602886, 40.4376095 ] ] } },
{ "type": "Feature", "properties": { "persona": "mobility_constrained", "hour": 12, "length_m": 487.9, "minutes": 10.16, "sun": [ 0.806, 0.65, 0.65, 0.65 ] }, "geometry": { "type": "LineString", "coordinates": [ [ -79.9556567, 40.4414487 ], [ -79.9563663, 40.4418535 ], [ -79.9563939, 40.4418625 ], [ -79.9564153, 40.441863 ] ] } },
{ "type": "Feature", "properties": { "persona": "mobility_constrained", "hour": 12, "length_m": 953.5, "minutes": 19.87, "sun": [ 0.454, 0.068, 0.068, 0.341, 0.341, 0.341, 0.988 ] }, "geometry": { "type": "LineString", "coordinates": [ [ -79.9628664, 40.4448068 ], [ -79.962841, 40.4448322 ], [ -79.9626818, 40.4447452 ], [ -79.9616537, 40.4441842 ], [ -79.9614891, 40.4440856 ], [ -79.9612298, 40.4439394 ], [ -79.961223, 40.4439346 ] ] } },
{ "type": "Feature", "properties": { "persona": "mobility_constrained", "hour": 12, "length_m": 181.7, "minutes": 3.79, "sun": [ 1.0, 0.363, 0.363, 0.764 ] }, "geometry": { "type": "LineString", "coordinates": [ [ -79.9547192, 40.4511543 ], [ -79.9538295, 40.4514126 ], [ -79.9534733, 40.4515218 ], [ -79.9534623, 40.4515334 ] ] } },
{ "type": "Feature", "properties": { "persona": "mobility_constrained", "hour": 12, "length_m": 784.8, "minutes": 16.35, "sun": [ 0.575, 1.0, 0.401 ] }, "geometry": { "type": "LineString", "coordinates": [ [ -79.9612346, 40.4385726 ], [ -79.9612115, 40.4385871 ], [ -79.9597539, 40.4396461 ] ] } },
{ "type": "Feature", "properties": { "persona": "mobility_constrained", "hour": 8, "length_m": 517.2, "minutes": 10.77, "sun": [ 0.247, 0.837, 0.935 ] }, "geometry": { "type": "LineString", "coordinates": [ [ -79.9488261, 40.4529297 ], [ -79.9482202, 40.4531026 ], [ -79.947619, 40.4532856 ] ] } },
{ "type": "Feature", "properties": { "persona": "mobility_constrained", "hour": 8, "length_m": 282.6, "minutes": 5.89, "sun": [ 0.831, 0.831, 0.831, 0.831, 0.105, 0.105, 0.105 ] }, "geometry": { "type": "LineString", "coordinates": [ [ -79.9558061, 40.442505 ], [ -79.9561331, 40.4422695 ], [ -79.9563597, 40.4421011 ], [ -79.9563748, 40.4420857 ], [ -79.9563889, 40.4420604 ], [ -79.9564206, 40.4420357 ], [ -79.9564371, 40.4420285 ] ] } },
{ "type": "Feature", "properties": { "persona": "mobility_constrained", "hour": 12, "length_m": 652.0, "minutes": 13.58, "sun": [ 0.575, 1.0, 0.401 ] }, "geometry": { "type": "LineString", "coordinates": [ [ -79.9612346, 40.4385726 ], [ -79.9612115, 40.4385871 ], [ -79.9597539, 40.4396461 ] ] } },
{ "type": "Feature", "properties": { "persona": "mobility_constrained", "hour": 12, "length_m": 554.5, "minutes": 11.55, "sun": [ 1.0, 1.0, 1.0, 1.0, 1.0, 1.0, 1.0 ] }, "geometry": { "type": "LineString", "coordinates": [ [ -79.9569787, 40.4404855 ], [ -79.9570082, 40.4405141 ], [ -79.957082, 40.4405765 ], [ -79.957335, 40.4407857 ], [ -79.9573441, 40.4407932 ], [ -79.9575956, 40.4409945 ], [ -79.9576191, 40.441000699999989 ] ] } },
{ "type": "Feature", "properties": { "persona": "mobility_constrained", "hour": 12, "length_m": 642.5, "minutes": 13.39, "sun": [ 1.0, 1.0, 1.0, 1.0, 0.79 ] }, "geometry": { "type": "LineString", "coordinates": [ [ -79.9595797, 40.4411337 ], [ -79.9595804, 40.4411213 ], [ -79.9595924, 40.4411002 ], [ -79.9601608, 40.4406941 ], [ -79.9601862, 40.440689 ] ] } },
{ "type": "Feature", "properties": { "persona": "mobility_constrained", "hour": 12, "length_m": 551.3, "minutes": 11.48, "sun": [ 0.143, 0.143, 0.143 ] }, "geometry": { "type": "LineString", "coordinates": [ [ -79.9606895, 40.4418226 ], [ -79.9603764, 40.4421656 ], [ -79.959927, 40.442659 ] ] } },
{ "type": "Feature", "properties": { "persona": "mobility_constrained", "hour": 18, "length_m": 595.5, "minutes": 12.41, "sun": [ 0.068, 0.949, 0.796, 1.0, 1.0 ] }, "geometry": { "type": "LineString", "coordinates": [ [ -79.9545704, 40.4376224 ], [ -79.9553092, 40.4382172 ], [ -79.9560876, 40.4388449 ], [ -79.9564843, 40.4391691 ], [ -79.9564886, 40.4391852 ] ] } },
{ "type": "Feature", "properties": { "persona": "mobility_constrained", "hour": 8, "length_m": 321.1, "minutes": 6.69, "sun": [ 0.398, 0.398, 0.398, 0.398, 0.237 ] }, "geometry": { "type": "LineString", "coordinates": [ [ -79.951871, 40.4514811 ], [ -79.9518254, 40.4514089 ], [ -79.9516479, 40.4511321 ], [ -79.9513507, 40.4506563 ], [ -79.9513123, 40.4505898 ] ] } },
{ "type": "Feature", "properties": { "persona": "mobility_constrained", "hour": 12, "length_m": 287.1, "minutes": 5.98, "sun": [ 0.806, 0.65, 0.65, 0.65 ] }, "geometry": { "type": "LineString", "coordinates": [ [ -79.9556567, 40.4414487 ], [ -79.9563663, 40.4418535 ], [ -79.9563939, 40.4418625 ], [ -79.9564153, 40.441863 ] ] } },
{ "type": "Feature", "properties": { "persona": "mobility_constrained", "hour": 18, "length_m": 452.5, "minutes": 9.43, "sun": [ 0.388, 0.388, 0.388, 0.388, 0.022, 0.022, 0.022, 0.022, 0.022, 0.691 ] }, "geometry": { "type": "LineString", "coordinates": [ [ -79.9488829, 40.447062099999989 ], [ -79.948796, 40.4470741 ], [ -79.94854, 40.4471087 ], [ -79.9483183, 40.4471247 ], [ -79.9475906, 40.4471694 ], [ -79.9475683, 40.4471704 ], [ -79.9475453, 40.4471772 ], [ -79.9475261, 40.4471869 ], [ -79.9475102, 40.4471962 ], [ -79.9475061, 40.4471993 ] ] } },
{ "type": "Feature", "properties": { "persona": "mobility_constrained", "hour": 18, "length_m": 663.2, "minutes": 13.82, "sun": [ 0.367, 0.367, 0.0 ] }, "geometry": { "type": "LineString", "coordinates": [ [ -79.9562949, 40.4380978 ], [ -79.9565686, 40.4383204 ], [ -79.9569251, 40.4386086 ] ] } },
{ "type": "Feature", "properties": { "persona": "mobility_constrained", "hour": 8, "length_m": 527.0, "minutes": 10.98, "sun": [ 0.007, 0.007, 0.007 ] }, "geometry": { "type": "LineString", "coordinates": [ [ -79.9587286, 40.4393059 ], [ -79.9593041, 40.4397684 ], [ -79.9593075, 40.439777 ] ] } },
{ "type": "Feature", "properties": { "persona": "mobility_constrained", "hour": 8, "length_m": 378.7, "minutes": 7.89, "sun": [ 0.0, 0.0 ] }, "geometry": { "type": "LineString", "coordinates": [ [ -79.9565458, 40.4430514 ], [ -79.9572223, 40.4425458 ] ] } },
{ "type": "Feature", "properties": { "persona": "mobility_constrained", "hour": 18, "length_m": 363.3, "minutes": 7.57, "sun": [ 0.967, 1.0, 1.0, 1.0, 1.0 ] }, "geometry": { "type": "LineString", "coordinates": [ [ -79.9622698, 40.4398469 ], [ -79.9629987, 40.4404226 ], [ -79.9637276, 40.440988 ], [ -79.9637367, 40.4409972 ], [ -79.963739300000015, 40.4410042 ] ] } },
{ "type": "Feature", "properties": { "persona": "mobility_constrained", "hour": 15, "length_m": 537.4, "minutes": 11.2, "sun": [ 1.0, 0.428, 0.428, 0.428, 0.428, 0.428, 0.428, 0.428, 0.879, 0.788 ] }, "geometry": { "type": "LineString", "coordinates": [ [ -79.963865, 40.4379628 ], [ -79.9638177, 40.4379784 ], [ -79.9637378, 40.4380046 ], [ -79.9636417, 40.438049 ], [ -79.9635649, 40.4380919 ], [ -79.9635002, 40.4381327 ], [ -79.963379, 40.4382161 ], [ -79.9631264, 40.438437 ], [ -79.9625978, 40.4388272 ], [ -79.9620495, 40.4392341 ] ] } },
{ "type": "Feature", "properties": { "persona": "mobility_constrained", "hour": 8, "length_m": 969.1, "minutes": 20.19, "sun": [ 0.759, 0.143, 0.156, 0.156, 0.0 ] }, "geometry": { "type": "LineString", "coordinates": [ [ -79.9539738, 40.4525188 ], [ -79.9537782, 40.4521996 ], [ -79.9536723, 40.4520269 ], [ -79.9534165, 40.451609500000011 ], [ -79.9533825, 40.451554 ] ] } },
{ "type": "Feature", "properties": { "persona": "mobility_constrained", "hour": 8, "length_m": 1264.2, "minutes": 26.34, "sun": [ 0.196, 0.177, 0.177, 0.173, 0.173, 0.173, 0.173, 0.173, 0.173, 0.173, 0.173, 0.173, 0.173, 0.173, 0.173, 0.231 ] }, "geometry": { "type": "LineString", "coordinates": [ [ -79.957452700000019, 40.4477947 ], [ -79.9574722, 40.4477931 ], [ -79.9574836, 40.4477885 ], [ -79.957956, 40.4474423 ], [ -79.958023700000012, 40.4473908 ], [ -79.9580502, 40.4473709 ], [ -79.9580733, 40.4473451 ], [ -79.9580874, 40.4473219 ], [ -79.9580995, 40.4472979 ], [ -79.9581052, 40.4472726 ], [ -79.9581032, 40.4472379 ], [ -79.9580971, 40.4472058 ], [ -79.9580897, 40.4471859 ], [ -79.9580703, 40.4471604 ], [ -79.9580555, 40.447143 ], [ -79.9569644, 40.4462614 ] ] } },
{ "type": "Feature", "properties": { "persona": "mobility_constrained", "hour": 12, "length_m": 382.3, "minutes": 7.96, "sun": [ 1.0, 0.567, 0.567, 0.567, 0.567, 1.0 ] }, "geometry": { "type": "LineString", "coordinates": [ [ -79.9494247, 40.4475094 ], [ -79.9491842, 40.4471166 ], [ -79.9491829, 40.4470897 ], [ -79.9491868, 40.4470664 ], [ -79.9491966, 40.4470529 ], [ -79.9492118, 40.447039 ] ] } },
{ "type": "Feature", "properties": { "persona": "mobility_constrained", "hour": 8, "length_m": 464.8, "minutes": 9.68, "sun": [ 1.0, 0.217, 0.0, 0.0 ] }, "geometry": { "type": "LineString", "coordinates": [ [ -79.9568727, 40.4405653 ], [ -79.957104, 40.4407445 ], [ -79.9575107, 40.441069 ], [ -79.9575097, 40.4410839 ] ] } },
{ "type": "Feature", "properties": { "persona": "mobility_constrained", "hour": 12, "length_m": 556.7, "minutes": 11.6, "sun": [ 1.0, 0.685, 0.685, 0.685, 0.898, 0.898, 0.898 ] }, "geometry": { "type": "LineString", "coordinates": [ [ -79.958535, 40.4377611 ], [ -79.9585269, 40.4377706 ], [ -79.9583107, 40.4379262 ], [ -79.9583054, 40.4379476 ], [ -79.9581653, 40.4380512 ], [ -79.958135, 40.4380277 ], [ -79.957734400000021, 40.4383073 ] ] } },
{ "type": "Feature", "properties": { "persona": "mobility_constrained", "hour": 18, "length_m": 275.2, "minutes": 5.73, "sun": [ 0.0, 0.166, 0.842, 0.748 ] }, "geometry": { "type": "LineString", "coordinates": [ [ -79.9568727, 40.4405653 ], [ -79.957104, 40.4407445 ], [ -79.9575107, 40.441069 ], [ -79.9575097, 40.4410839 ] ] } },
{ "type": "Feature", "properties": { "persona": "mobility_constrained", "hour": 12, "length_m": 695.4, "minutes": 14.49, "sun": [ 1.0, 1.0, 1.0 ] }, "geometry": { "type": "LineString", "coordinates": [ [ -79.9558518, 40.4378947 ], [ -79.956743, 40.4386099 ], [ -79.957006, 40.4388199 ] ] } },
{ "type": "Feature", "properties": { "persona": "mobility_constrained", "hour": 12, "length_m": 620.8, "minutes": 12.93, "sun": [ 0.783, 0.307 ] }, "geometry": { "type": "LineString", "coordinates": [ [ -79.9478063, 40.4480594 ], [ -79.949282, 40.4476037 ] ] } },
{ "type": "Feature", "properties": { "persona": "mobility_constrained", "hour": 15, "length_m": 549.2, "minutes": 11.44, "sun": [ 1.0, 0.722, 0.722, 0.722, 0.722 ] }, "geometry": { "type": "LineString", "coordinates": [ [ -79.9572217, 40.438837200000016 ], [ -79.9572221, 40.4388406 ], [ -79.957224, 40.4388441 ], [ -79.957871, 40.439369 ], [ -79.9579249, 40.439412 ] ] } },
{ "type": "Feature", "properties": { "persona": "mobility_constrained", "hour": 12, "length_m": 895.4, "minutes": 18.65, "sun": [ 0.143, 0.143, 0.143 ] }, "geometry": { "type": "LineString", "coordinates": [ [ -79.9606895, 40.4418226 ], [ -79.9603764, 40.4421656 ], [ -79.959927, 40.442659 ] ] } },
{ "type": "Feature", "properties": { "persona": "mobility_constrained", "hour": 12, "length_m": 453.7, "minutes": 9.45, "sun": [ 0.407, 0.407, 0.407, 0.407, 0.407, 0.407, 0.407 ] }, "geometry": { "type": "LineString", "coordinates": [ [ -79.9425496, 40.453217 ], [ -79.9423098, 40.4535225 ], [ -79.9423033, 40.4535597 ], [ -79.9423228, 40.4536069 ], [ -79.942406, 40.4536342 ], [ -79.9424077, 40.453705 ], [ -79.9425886, 40.453951 ] ] } },
{ "type": "Feature", "properties": { "persona": "mobility_constrained", "hour": 8, "length_m": 304.9, "minutes": 6.35, "sun": [ 0.093, 0.737, 0.765 ] }, "geometry": { "type": "LineString", "coordinates": [ [ -79.955724, 40.4377911 ], [ -79.9549895, 40.4371959 ], [ -79.9549843, 40.43719380000001 ] ] } },
{ "type": "Feature", "properties": { "persona": "mobility_constrained", "hour": 15, "length_m": 522.9, "minutes": 10.89, "sun": [ 0.864, 0.175, 0.175, 0.341, 0.341, 0.341, 0.715 ] }, "geometry": { "type": "LineString", "coordinates": [ [ -79.9628664, 40.4448068 ], [ -79.962841, 40.4448322 ], [ -79.9626818, 40.4447452 ], [ -79.9616537, 40.4441842 ], [ -79.9614891, 40.4440856 ], [ -79.9612298, 40.4439394 ], [ -79.961223, 40.4439346 ] ] } },
{ "type": "Feature", "properties": { "persona": "mobility_constrained", "hour": 8, "length_m": 781.3, "minutes": 16.28, "sun": [ 0.421, 0.49, 0.49, 0.49, 0.689, 0.689, 0.689, 0.689, 0.689, 0.358 ] }, "geometry": { "type": "LineString", "coordinates": [ [ -79.9454544, 40.447284199999977 ], [ -79.9456077, 40.4473001 ], [ -79.9460057, 40.4472734 ], [ -79.9461254, 40.4472566 ], [ -79.9465455, 40.4472235 ], [ -79.9469573, 40.4471932 ], [ -79.9469794, 40.4471712 ], [ -79.9471574, 40.4471583 ], [ -79.9472162, 40.4471541 ], [ -79.9472238, 40.4471554 ] ] } },
{ "type": "Feature", "properties": { "persona": "mobility_constrained", "hour": 15, "length_m": 766.6, "minutes": 15.97, "sun": [ 0.971, 0.176, 0.176, 0.236, 0.236, 1.0 ] }, "geometry": { "type": "LineString", "coordinates": [ [ -79.9578331, 40.4383946 ], [ -79.9579254, 40.4384682 ], [ -79.9584038, 40.4388536 ], [ -79.958734, 40.4391196 ], [ -79.9587699, 40.4391484 ], [ -79.9590215, 40.4393515 ] ] } },
{ "type": "Feature", "properties": { "persona": "mobility_constrained", "hour": 18, "length_m": 555.1, "minutes": 11.56, "sun": [ 0.16, 0.16, 0.16 ] }, "geometry": { "type": "LineString", "coordinates": [ [ -79.9606895, 40.4418226 ], [ -79.9603764, 40.4421656 ], [ -79.959927, 40.442659 ] ] } },
{ "type": "Feature", "properties": { "persona": "mobility_constrained", "hour": 8, "length_m": 709.5, "minutes": 14.78, "sun": [ 0.0, 0.0, 0.0, 0.0, 0.0, 0.0, 0.0, 0.0, 0.133, 0.419 ] }, "geometry": { "type": "LineString", "coordinates": [ [ -79.963865, 40.4379628 ], [ -79.9638177, 40.4379784 ], [ -79.9637378, 40.4380046 ], [ -79.9636417, 40.438049 ], [ -79.9635649, 40.4380919 ], [ -79.9635002, 40.4381327 ], [ -79.963379, 40.4382161 ], [ -79.9631264, 40.438437 ], [ -79.9625978, 40.4388272 ], [ -79.9620495, 40.4392341 ] ] } },
{ "type": "Feature", "properties": { "persona": "mobility_constrained", "hour": 8, "length_m": 948.6, "minutes": 19.76, "sun": [ 0.0, 0.0, 0.0 ] }, "geometry": { "type": "LineString", "coordinates": [ [ -79.9606895, 40.4418226 ], [ -79.9603764, 40.4421656 ], [ -79.959927, 40.442659 ] ] } },
{ "type": "Feature", "properties": { "persona": "mobility_constrained", "hour": 15, "length_m": 669.8, "minutes": 13.95, "sun": [ 1.0, 0.82, 1.0 ] }, "geometry": { "type": "LineString", "coordinates": [ [ -79.9488261, 40.4529297 ], [ -79.9482202, 40.4531026 ], [ -79.947619, 40.4532856 ] ] } },
{ "type": "Feature", "properties": { "persona": "mobility_constrained", "hour": 15, "length_m": 175.1, "minutes": 3.65, "sun": [ 1.0, 0.778, 0.816 ] }, "geometry": { "type": "LineString", "coordinates": [ [ -79.9612346, 40.4385726 ], [ -79.9612115, 40.4385871 ], [ -79.9597539, 40.4396461 ] ] } },
{ "type": "Feature", "properties": { "persona": "mobility_constrained", "hour": 18, "length_m": 545.9, "minutes": 11.37, "sun": [ 0.66, 0.686, 0.717 ] }, "geometry": { "type": "LineString", "coordinates": [ [ -79.9523133, 40.4499094 ], [ -79.9521563, 40.4496349 ], [ -79.9520157, 40.4494161 ] ] } },
{ "type": "Feature", "properties": { "persona": "mobility_constrained", "hour": 12, "length_m": 738.7, "minutes": 15.39, "sun": [ 0.867, 0.55, 0.894 ] }, "geometry": { "type": "LineString", "coordinates": [ [ -79.9509184, 40.4495875 ], [ -79.9517372, 40.4489962 ], [ -79.9517411, 40.4489909 ] ] } },
{ "type": "Feature", "properties": { "persona": "mobility_constrained", "hour": 12, "length_m": 715.4, "minutes": 14.9, "sun": [ 1.0, 0.966, 0.966, 0.779, 0.779, 0.455 ] }, "geometry": { "type": "LineString", "coordinates": [ [ -79.9578331, 40.4383946 ], [ -79.9579254, 40.4384682 ], [ -79.9584038, 40.4388536 ], [ -79.958734, 40.4391196 ], [ -79.9587699, 40.4391484 ], [ -79.9590215, 40.4393515 ] ] } },
{ "type": "Feature", "properties": { "persona": "mobility_constrained", "hour": 18, "length_m": 827.3, "minutes": 17.24, "sun": [ 0.16, 0.16, 0.16 ] }, "geometry": { "type": "LineString", "coordinates": [ [ -79.9606895, 40.4418226 ], [ -79.9603764, 40.4421656 ], [ -79.959927, 40.442659 ] ] } },
{ "type": "Feature", "properties": { "persona": "mobility_constrained", "hour": 18, "length_m": 769.1, "minutes": 16.02, "sun": [ 1.0, 0.254, 0.254, 0.254, 0.254, 0.254, 0.254, 0.254, 0.315, 0.0 ] }, "geometry": { "type": "LineString", "coordinates": [ [ -79.963865, 40.4379628 ], [ -79.9638177, 40.4379784 ], [ -79.9637378, 40.4380046 ], [ -79.9636417, 40.438049 ], [ -79.9635649, 40.4380919 ], [ -79.9635002, 40.4381327 ], [ -79.963379, 40.4382161 ], [ -79.9631264, 40.438437 ], [ -79.9625978, 40.4388272 ], [ -79.9620495, 40.4392341 ] ] } },
{ "type": "Feature", "properties": { "persona": "mobility_constrained", "hour": 12, "length_m": 631.6, "minutes": 13.16, "sun": [ 0.401, 1.0, 0.575 ] }, "geometry": { "type": "LineString", "coordinates": [ [ -79.9597539, 40.4396461 ], [ -79.9612115, 40.4385871 ], [ -79.9612346, 40.4385726 ] ] } },
{ "type": "Feature", "properties": { "persona": "mobility_constrained", "hour": 15, "length_m": 382.0, "minutes": 7.96, "sun": [ 0.439, 0.439, 0.439, 0.439, 0.439, 0.439, 0.439 ] }, "geometry": { "type": "LineString", "coordinates": [ [ -79.9425496, 40.453217 ], [ -79.9423098, 40.4535225 ], [ -79.9423033, 40.4535597 ], [ -79.9423228, 40.4536069 ], [ -79.942406, 40.4536342 ], [ -79.9424077, 40.453705 ], [ -79.9425886, 40.453951 ] ] } },
{ "type": "Feature", "properties": { "persona": "mobility_constrained", "hour": 8, "length_m": 277.1, "minutes": 5.77, "sun": [ 0.82, 0.82, 0.82, 0.991 ] }, "geometry": { "type": "LineString", "coordinates": [ [ -79.9460807, 40.4537469 ], [ -79.946036, 40.4537593 ], [ -79.9459054, 40.4537983 ], [ -79.9452655, 40.453995 ] ] } },
{ "type": "Feature", "properties": { "persona": "mobility_constrained", "hour": 8, "length_m": 744.6, "minutes": 15.51, "sun": [ 0.197, 0.827, 0.596, 0.596, 0.596, 0.596, 0.596, 0.596, 0.01 ] }, "geometry": { "type": "LineString", "coordinates": [ [ -79.9654818, 40.4402945 ], [ -79.9648091, 40.4403998 ], [ -79.9644737, 40.4404465 ], [ -79.9643785, 40.4404603 ], [ -79.9643349, 40.4404679 ], [ -79.9643067, 40.4404776 ], [ -79.964286, 40.4404904 ], [ -79.9640704, 40.4406915 ], [ -79.9640412, 40.440720399999989 ] ] } },
{ "type": "Feature", "properties": { "persona": "mobility_constrained", "hour": 15, "length_m": 545.7, "minutes": 11.37, "sun": [ 1.0, 0.33, 0.33, 0.33, 0.33, 0.291, 0.291 ] }, "geometry": { "type": "LineString", "coordinates": [ [ -79.9569787, 40.4404855 ], [ -79.9570082, 40.4405141 ], [ -79.957082, 40.4405765 ], [ -79.957335, 40.4407857 ], [ -79.9573441, 40.4407932 ], [ -79.9575956, 40.4409945 ], [ -79.9576191, 40.441000699999989 ] ] } },
{ "type": "Feature", "properties": { "persona": "mobility_constrained", "hour": 18, "length_m": 568.0, "minutes": 11.83, "sun": [ 1.0, 1.0, 0.57 ] }, "geometry": { "type": "LineString", "coordinates": [ [ -79.9539855, 40.4392322 ], [ -79.9536153, 40.4389321 ], [ -79.9533838, 40.4387491 ] ] } },
{ "type": "Feature", "properties": { "persona": "mobility_constrained", "hour": 18, "length_m": 684.3, "minutes": 14.26, "sun": [ 0.16, 0.16, 0.16 ] }, "geometry": { "type": "LineString", "coordinates": [ [ -79.9606895, 40.4418226 ], [ -79.9603764, 40.4421656 ], [ -79.959927, 40.442659 ] ] } },
{ "type": "Feature", "properties": { "persona": "mobility_constrained", "hour": 15, "length_m": 564.7, "minutes": 11.76, "sun": [ 1.0, 1.0, 1.0, 1.0, 1.0 ] }, "geometry": { "type": "LineString", "coordinates": [ [ -79.9568801, 40.4364139 ], [ -79.957442, 40.4368619 ], [ -79.9585236, 40.4377364 ], [ -79.9585343, 40.4377484 ], [ -79.958535, 40.4377611 ] ] } },
{ "type": "Feature", "properties": { "persona": "mobility_constrained", "hour": 15, "length_m": 616.3, "minutes": 12.84, "sun": [ 0.971, 0.176, 0.176, 0.236, 0.236, 1.0 ] }, "geometry": { "type": "LineString", "coordinates": [ [ -79.9578331, 40.4383946 ], [ -79.9579254, 40.4384682 ], [ -79.9584038, 40.4388536 ], [ -79.958734, 40.4391196 ], [ -79.9587699, 40.4391484 ], [ -79.9590215, 40.4393515 ] ] } },
{ "type": "Feature", "properties": { "persona": "mobility_constrained", "hour": 18, "length_m": 183.2, "minutes": 3.82, "sun": [ 0.729, 0.729 ] }, "geometry": { "type": "LineString", "coordinates": [ [ -79.9511364, 40.452769600000011 ], [ -79.9517487, 40.4525788 ] ] } },
{ "type": "Feature", "properties": { "persona": "mobility_constrained", "hour": 12, "length_m": 827.3, "minutes": 17.24, "sun": [ 0.143, 0.143, 0.143 ] }, "geometry": { "type": "LineString", "coordinates": [ [ -79.9606895, 40.4418226 ], [ -79.9603764, 40.4421656 ], [ -79.959927, 40.442659 ] ] } },
{ "type": "Feature", "properties": { "persona": "mobility_constrained", "hour": 8, "length_m": 784.8, "minutes": 16.35, "sun": [ 0.0, 0.013, 0.0 ] }, "geometry": { "type": "LineString", "coordinates": [ [ -79.9612346, 40.4385726 ], [ -79.9612115, 40.4385871 ], [ -79.9597539, 40.4396461 ] ] } },
{ "type": "Feature", "properties": { "persona": "mobility_constrained", "hour": 12, "length_m": 313.8, "minutes": 6.54, "sun": [ 0.488, 0.894, 0.894, 0.894, 0.603 ] }, "geometry": { "type": "LineString", "coordinates": [ [ -79.9499766, 40.4525894 ], [ -79.9501468, 40.4525349 ], [ -79.950284, 40.4524909 ], [ -79.9507571, 40.452339399999985 ], [ -79.9507731, 40.452341 ] ] } },
{ "type": "Feature", "properties": { "persona": "mobility_constrained", "hour": 15, "length_m": 486.8, "minutes": 10.14, "sun": [ 1.0, 0.885, 0.885, 0.885 ] }, "geometry": { "type": "LineString", "coordinates": [ [ -79.9601448, 40.4391811 ], [ -79.9595011, 40.4396483 ], [ -79.959465, 40.4396745 ], [ -79.9594523, 40.43968060000001 ] ] } },
{ "type": "Feature", "properties": { "persona": "mobility_constrained", "hour": 8, "length_m": 627.0, "minutes": 13.06, "sun": [ 0.155, 0.363, 0.251 ] }, "geometry": { "type": "LineString", "coordinates": [ [ -79.9517411, 40.4489909 ], [ -79.9517372, 40.4489962 ], [ -79.9509184, 40.4495875 ] ] } },
{ "type": "Feature", "properties": { "persona": "mobility_constrained", "hour": 12, "length_m": 894.9, "minutes": 18.64, "sun": [ 0.566, 1.0, 1.0 ] }, "geometry": { "type": "LineString", "coordinates": [ [ -79.9615836, 40.4413736 ], [ -79.9626548, 40.4419503 ], [ -79.9626966, 40.4419705 ] ] } },
{ "type": "Feature", "properties": { "persona": "mobility_constrained", "hour": 15, "length_m": 154.1, "minutes": 3.21, "sun": [ 0.509, 0.796 ] }, "geometry": { "type": "LineString", "coordinates": [ [ -79.951802200000017, 40.439314499999988 ], [ -79.9523312, 40.4396072 ] ] } },
{ "type": "Feature", "properties": { "persona": "mobility_constrained", "hour": 12, "length_m": 600.7, "minutes": 12.51, "sun": [ 0.96, 1.0, 1.0, 1.0, 1.0 ] }, "geometry": { "type": "LineString", "coordinates": [ [ -79.9550692, 40.4371018 ], [ -79.9550704, 40.4371056 ], [ -79.9550728, 40.4371088 ], [ -79.9557343, 40.4376418 ], [ -79.9561739, 40.4379994 ] ] } },
{ "type": "Feature", "properties": { "persona": "mobility_constrained", "hour": 12, "length_m": 1630.2, "minutes": 33.96, "sun": [ 0.915, 0.261, 0.3 ] }, "geometry": { "type": "LineString", "coordinates": [ [ -79.9572241, 40.4513735 ], [ -79.9588549, 40.4485822 ], [ -79.958993800000016, 40.44839060000001 ] ] } },
{ "type": "Feature", "properties": { "persona": "mobility_constrained", "hour": 8, "length_m": 945.4, "minutes": 19.69, "sun": [ 0.0, 0.0, 0.0 ] }, "geometry": { "type": "LineString", "coordinates": [ [ -79.9615836, 40.4413736 ], [ -79.9626548, 40.4419503 ], [ -79.9626966, 40.4419705 ] ] } },
{ "type": "Feature", "properties": { "persona": "mobility_constrained", "hour": 12, "length_m": 605.3, "minutes": 12.61, "sun": [ 1.0, 0.461, 0.461, 0.461, 0.362 ] }, "geometry": { "type": "LineString", "coordinates": [ [ -79.9554699, 40.44917 ], [ -79.9554511, 40.4491283 ], [ -79.9554203, 40.4490744 ], [ -79.9553626, 40.4490147 ], [ -79.9542146, 40.4480934 ] ] } },
{ "type": "Feature", "properties": { "persona": "mobility_constrained", "hour": 12, "length_m": 679.1, "minutes": 14.15, "sun": [ 0.829, 1.0 ] }, "geometry": { "type": "LineString", "coordinates": [ [ -79.9529335, 40.4506735 ], [ -79.9523954, 40.4497759 ] ] } },
{ "type": "Feature", "properties": { "persona": "mobility_constrained", "hour": 15, "length_m": 736.7, "minutes": 15.35, "sun": [ 0.396, 0.396, 0.111, 0.111, 0.452, 0.452, 0.452 ] }, "geometry": { "type": "LineString", "coordinates": [ [ -79.9585389, 40.4362071 ], [ -79.9586476, 40.436305 ], [ -79.9592203, 40.4367582 ], [ -79.9595556, 40.4370277 ], [ -79.9602161, 40.4375662 ], [ -79.96023550000001, 40.4375733 ], [ -79.9602546, 40.4375735 ] ] } },
{ "type": "Feature", "properties": { "persona": "mobility_constrained", "hour": 15, "length_m": 751.7, "minutes": 15.66, "sun": [ 0.41, 0.41, 0.41 ] }, "geometry": { "type": "LineString", "coordinates": [ [ -79.9606895, 40.4418226 ], [ -79.9603764, 40.4421656 ], [ -79.959927, 40.442659 ] ] } },
{ "type": "Feature", "properties": { "persona": "mobility_constrained", "hour": 18, "length_m": 388.4, "minutes": 8.09, "sun": [ 0.747, 0.747, 0.747, 0.747, 0.747, 0.747, 0.747, 0.747, 0.797 ] }, "geometry": { "type": "LineString", "coordinates": [ [ -79.961242, 40.4383779 ], [ -79.9612289, 40.4383743 ], [ -79.9612038, 40.4383542 ], [ -79.9604085, 40.4377213 ], [ -79.9603689, 40.4376881 ], [ -79.9603629, 40.4376744 ], [ -79.9603619, 40.4376534 ], [ -79.9603374, 40.4376534 ], [ -79.9602886, 40.4376095 ] ] } },
{ "type": "Feature", "properties": { "persona": "mobility_constrained", "hour": 8, "length_m": 673.9, "minutes": 14.04, "sun": [ 0.356, 0.0, 0.086, 0.086, 0.086 ] }, "geometry": { "type": "LineString", "coordinates": [ [ -79.9568801, 40.4364139 ], [ -79.957442, 40.4368619 ], [ -79.9585236, 40.4377364 ], [ -79.9585343, 40.4377484 ], [ -79.958535, 40.4377611 ] ] } },
{ "type": "Feature", "properties": { "persona": "mobility_constrained", "hour": 12, "length_m": 534.1, "minutes": 11.13, "sun": [ 0.735, 1.0 ] }, "geometry": { "type": "LineString", "coordinates": [ [ -79.9517487, 40.4525788 ], [ -79.9525723, 40.4539547 ] ] } },
{ "type": "Feature", "properties": { "persona": "mobility_constrained", "hour": 15, "length_m": 503.7, "minutes": 10.49, "sun": [ 1.0, 1.0, 1.0, 1.0, 1.0 ] }, "geometry": { "type": "LineString", "coordinates": [ [ -79.9569703, 40.4414734 ], [ -79.956982900000014, 40.441470700000018 ], [ -79.9569937, 40.4414648 ], [ -79.9574985, 40.4410948 ], [ -79.9575097, 40.4410839 ] ] } },
{ "type": "Feature", "properties": { "persona": "mobility_constrained", "hour": 12, "length_m": 362.5, "minutes": 7.55, "sun": [ 0.407, 0.407, 0.407, 0.407, 0.407, 0.407, 0.407 ] }, "geometry": { "type": "LineString", "coordinates": [ [ -79.9425496, 40.453217 ], [ -79.9423098, 40.4535225 ], [ -79.9423033, 40.4535597 ], [ -79.9423228, 40.4536069 ], [ -79.942406, 40.4536342 ], [ -79.9424077, 40.453705 ], [ -79.9425886, 40.453951 ] ] } },
{ "type": "Feature", "properties": { "persona": "mobility_constrained", "hour": 12, "length_m": 863.4, "minutes": 17.99, "sun": [ 1.0, 0.535, 0.649 ] }, "geometry": { "type": "LineString", "coordinates": [ [ -79.9678775, 40.4411323 ], [ -79.966301, 40.4423349 ], [ -79.9662618, 40.4423654 ] ] } },
{ "type": "Feature", "properties": { "persona": "mobility_constrained", "hour": 18, "length_m": 963.8, "minutes": 20.08, "sun": [ 1.0, 0.855, 0.079, 0.079, 0.297 ] }, "geometry": { "type": "LineString", "coordinates": [ [ -79.9539738, 40.4525188 ], [ -79.9537782, 40.4521996 ], [ -79.9536723, 40.4520269 ], [ -79.9534165, 40.451609500000011 ], [ -79.9533825, 40.451554 ] ] } },
{ "type": "Feature", "properties": { "persona": "mobility_constrained", "hour": 15, "length_m": 671.8, "minutes": 14.0, "sun": [ 0.966, 1.0, 1.0, 0.983, 0.983, 0.983, 1.0 ] }, "geometry": { "type": "LineString", "coordinates": [ [ -79.9612448, 40.4459905 ], [ -79.9612878, 40.44601380000001 ], [ -79.9622909, 40.4462494 ], [ -79.9638267, 40.446633 ], [ -79.9638638, 40.446725 ], [ -79.9638619, 40.4467855 ], [ -79.9637423, 40.4469439 ] ] } },
{ "type": "Feature", "properties": { "persona": "mobility_constrained", "hour": 15, "length_m": 633.3, "minutes": 13.19, "sun": [ 1.0, 1.0, 0.592, 0.592, 0.592 ] }, "geometry": { "type": "LineString", "coordinates": [ [ -79.958653, 40.4378399 ], [ -79.9592397, 40.438312799999984 ], [ -79.9595482, 40.4385588 ], [ -79.9597936, 40.438766 ], [ -79.9598119, 40.4387812 ] ] } },
{ "type": "Feature", "properties": { "persona": "mobility_constrained", "hour": 8, "length_m": 553.9, "minutes": 11.54, "sun": [ 0.203, 0.203, 0.203, 0.0, 0.0, 0.251 ] }, "geometry": { "type": "LineString", "coordinates": [ [ -79.9539471, 40.438208699999983 ], [ -79.9539628, 40.4382146 ], [ -79.9542801, 40.4384696 ], [ -79.9547919, 40.4388828 ], [ -79.9554192, 40.4393998 ], [ -79.9557525, 40.4396649 ] ] } },
{ "type": "Feature", "properties": { "persona": "mobility_constrained", "hour": 12, "length_m": 514.5, "minutes": 10.72, "sun": [ 1.0, 1.0, 1.0, 0.826, 0.826 ] }, "geometry": { "type": "LineString", "coordinates": [ [ -79.9595224, 40.4371607 ], [ -79.9595301, 40.4371614 ], [ -79.9595396, 40.4371677 ], [ -79.960723, 40.438119 ], [ -79.9607362, 40.4381292 ] ] } },
{ "type": "Feature", "properties": { "persona": "mobility_constrained", "hour": 12, "length_m": 392.8, "minutes": 8.18, "sun": [ 0.679, 0.679, 0.547, 0.547, 0.584, 0.584, 0.584 ] }, "geometry": { "type": "LineString", "coordinates": [ [ -79.9585389, 40.4362071 ], [ -79.9586476, 40.436305 ], [ -79.9592203, 40.4367582 ], [ -79.9595556, 40.4370277 ], [ -79.9602161, 40.4375662 ], [ -79.96023550000001, 40.4375733 ], [ -79.9602546, 40.4375735 ] ] } },
{ "type": "Feature", "properties": { "persona": "mobility_constrained", "hour": 15, "length_m": 570.5, "minutes": 11.89, "sun": [ 0.831, 0.797, 0.836 ] }, "geometry": { "type": "LineString", "coordinates": [ [ -79.952328200000011, 40.4523777 ], [ -79.9527111, 40.4529886 ], [ -79.9530127, 40.4534699 ] ] } },
{ "type": "Feature", "properties": { "persona": "mobility_constrained", "hour": 12, "length_m": 275.8, "minutes": 5.75, "sun": [ 1.0, 1.0, 1.0, 1.0, 1.0, 1.0, 1.0, 1.0, 1.0 ] }, "geometry": { "type": "LineString", "coordinates": [ [ -79.961242, 40.4383779 ], [ -79.9612289, 40.4383743 ], [ -79.9612038, 40.4383542 ], [ -79.9604085, 40.4377213 ], [ -79.9603689, 40.4376881 ], [ -79.9603629, 40.4376744 ], [ -79.9603619, 40.4376534 ], [ -79.9603374, 40.4376534 ], [ -79.9602886, 40.4376095 ] ] } },
{ "type": "Feature", "properties": { "persona": "mobility_constrained", "hour": 15, "length_m": 723.3, "minutes": 15.07, "sun": [ 0.971, 0.176, 0.176, 0.236, 0.236, 1.0 ] }, "geometry": { "type": "LineString", "coordinates": [ [ -79.9578331, 40.4383946 ], [ -79.9579254, 40.4384682 ], [ -79.9584038, 40.4388536 ], [ -79.958734, 40.4391196 ], [ -79.9587699, 40.4391484 ], [ -79.9590215, 40.4393515 ] ] } },
{ "type": "Feature", "properties": { "persona": "mobility_constrained", "hour": 12, "length_m": 1103.3, "minutes": 22.99, "sun": [ 0.754, 1.0, 1.0, 0.949, 0.949, 0.949, 1.0 ] }, "geometry": { "type": "LineString", "coordinates": [ [ -79.9612448, 40.4459905 ], [ -79.9612878, 40.44601380000001 ], [ -79.9622909, 40.4462494 ], [ -79.9638267, 40.446633 ], [ -79.9638638, 40.446725 ], [ -79.9638619, 40.4467855 ], [ -79.9637423, 40.4469439 ] ] } },
{ "type": "Feature", "properties": { "persona": "mobility_constrained", "hour": 15, "length_m": 744.3, "minutes": 15.51, "sun": [ 0.743, 0.743, 0.743, 0.535, 0.535, 1.0 ] }, "geometry": { "type": "LineString", "coordinates": [ [ -79.9539471, 40.438208699999983 ], [ -79.9539628, 40.4382146 ], [ -79.9542801, 40.4384696 ], [ -79.9547919, 40.4388828 ], [ -79.9554192, 40.4393998 ], [ -79.9557525, 40.4396649 ] ] } },
{ "type": "Feature", "properties": { "persona": "mobility_constrained", "hour": 15, "length_m": 600.5, "minutes": 12.51, "sun": [ 0.636, 0.738, 1.0 ] }, "geometry": { "type": "LineString", "coordinates": [ [ -79.9627769, 40.437454 ], [ -79.962116200000011, 40.437927 ], [ -79.9620948, 40.437942899999989 ] ] } },
{ "type": "Feature", "properties": { "persona": "mobility_constrained", "hour": 8, "length_m": 1044.6, "minutes": 21.76, "sun": [ 0.0, 0.613, 0.0 ] }, "geometry": { "type": "LineString", "coordinates": [ [ -79.9628706, 40.4420541 ], [ -79.9621182, 40.442774 ], [ -79.9621893, 40.4428143 ] ] } },
{ "type": "Feature", "properties": { "persona": "mobility_constrained", "hour": 15, "length_m": 1547.5, "minutes": 32.24, "sun": [ 0.661, 0.427, 0.217 ] }, "geometry": { "type": "LineString", "coordinates": [ [ -79.9572241, 40.4513735 ], [ -79.9588549, 40.4485822 ], [ -79.958993800000016, 40.44839060000001 ] ] } },
{ "type": "Feature", "properties": { "persona": "mobility_constrained", "hour": 18, "length_m": 781.3, "minutes": 16.28, "sun": [ 0.15, 0.235, 0.323, 0.323, 0.323 ] }, "geometry": { "type": "LineString", "coordinates": [ [ -79.9455237, 40.4514305 ], [ -79.9455251, 40.4514387 ], [ -79.945911400000014, 40.4523309 ], [ -79.9459415, 40.4523991 ], [ -79.945951, 40.4524039 ] ] } },
{ "type": "Feature", "properties": { "persona": "mobility_constrained", "hour": 18, "length_m": 1798.3, "minutes": 37.46, "sun": [ 0.501, 1.0, 1.0, 0.483, 0.483, 0.483, 0.996 ] }, "geometry": { "type": "LineString", "coordinates": [ [ -79.9612448, 40.4459905 ], [ -79.9612878, 40.44601380000001 ], [ -79.9622909, 40.4462494 ], [ -79.9638267, 40.446633 ], [ -79.9638638, 40.446725 ], [ -79.9638619, 40.4467855 ], [ -79.9637423, 40.4469439 ] ] } },
{ "type": "Feature", "properties": { "persona": "mobility_constrained", "hour": 15, "length_m": 586.1, "minutes": 12.21, "sun": [ 0.816, 0.778, 1.0 ] }, "geometry": { "type": "LineString", "coordinates": [ [ -79.9597539, 40.4396461 ], [ -79.9612115, 40.4385871 ], [ -79.9612346, 40.4385726 ] ] } },
{ "type": "Feature", "properties": { "persona": "mobility_constrained", "hour": 12, "length_m": 916.5, "minutes": 19.09, "sun": [ 0.759, 0.73, 0.791, 0.791, 0.363 ] }, "geometry": { "type": "LineString", "coordinates": [ [ -79.9539738, 40.4525188 ], [ -79.9537782, 40.4521996 ], [ -79.9536723, 40.4520269 ], [ -79.9534165, 40.451609500000011 ], [ -79.9533825, 40.451554 ] ] } },
{ "type": "Feature", "properties": { "persona": "mobility_constrained", "hour": 12, "length_m": 348.4, "minutes": 7.26, "sun": [ 1.0, 1.0, 1.0, 1.0, 1.0, 1.0, 1.0, 1.0, 1.0 ] }, "geometry": { "type": "LineString", "coordinates": [ [ -79.961242, 40.4383779 ], [ -79.9612289, 40.4383743 ], [ -79.9612038, 40.4383542 ], [ -79.9604085, 40.4377213 ], [ -79.9603689, 40.4376881 ], [ -79.9603629, 40.4376744 ], [ -79.9603619, 40.4376534 ], [ -79.9603374, 40.4376534 ], [ -79.9602886, 40.4376095 ] ] } },
{ "type": "Feature", "properties": { "persona": "mobility_constrained", "hour": 15, "length_m": 1844.9, "minutes": 38.44, "sun": [ 0.661, 0.427, 0.217 ] }, "geometry": { "type": "LineString", "coordinates": [ [ -79.9572241, 40.4513735 ], [ -79.9588549, 40.4485822 ], [ -79.958993800000016, 40.44839060000001 ] ] } },
{ "type": "Feature", "properties": { "persona": "mobility_constrained", "hour": 8, "length_m": 600.5, "minutes": 12.51, "sun": [ 1.0, 0.755, 1.0 ] }, "geometry": { "type": "LineString", "coordinates": [ [ -79.9627769, 40.437454 ], [ -79.962116200000011, 40.437927 ], [ -79.9620948, 40.437942899999989 ] ] } },
{ "type": "Feature", "properties": { "persona": "mobility_constrained", "hour": 12, "length_m": 359.2, "minutes": 7.48, "sun": [ 0.735, 1.0 ] }, "geometry": { "type": "LineString", "coordinates": [ [ -79.9517487, 40.4525788 ], [ -79.9525723, 40.4539547 ] ] } },
{ "type": "Feature", "properties": { "persona": "mobility_constrained", "hour": 12, "length_m": 512.2, "minutes": 10.67, "sun": [ 1.0, 1.0, 1.0, 1.0, 1.0 ] }, "geometry": { "type": "LineString", "coordinates": [ [ -79.9570615, 40.4404274 ], [ -79.9572629, 40.440279499999988 ], [ -79.9575003, 40.44010990000001 ], [ -79.9575412, 40.4400807 ], [ -79.9575785, 40.440064 ] ] } },
{ "type": "Feature", "properties": { "persona": "mobility_constrained", "hour": 15, "length_m": 748.3, "minutes": 15.59, "sun": [ 0.492, 0.554, 0.554, 0.554, 0.554 ] }, "geometry": { "type": "LineString", "coordinates": [ [ -79.9513123, 40.4505898 ], [ -79.9513507, 40.4506563 ], [ -79.9516479, 40.4511321 ], [ -79.9518254, 40.4514089 ], [ -79.951871, 40.4514811 ] ] } },
{ "type": "Feature", "properties": { "persona": "mobility_constrained", "hour": 18, "length_m": 475.3, "minutes": 9.9, "sun": [ 0.365, 0.596 ] }, "geometry": { "type": "LineString", "coordinates": [ [ -79.9559837, 40.4369034 ], [ -79.9573485, 40.4380082 ] ] } },
{ "type": "Feature", "properties": { "persona": "mobility_constrained", "hour": 8, "length_m": 1992.6, "minutes": 41.51, "sun": [ 0.187, 0.565, 0.565, 0.543, 0.543, 0.543, 0.558 ] }, "geometry": { "type": "LineString", "coordinates": [ [ -79.9612448, 40.4459905 ], [ -79.9612878, 40.44601380000001 ], [ -79.9622909, 40.4462494 ], [ -79.9638267, 40.446633 ], [ -79.9638638, 40.446725 ], [ -79.9638619, 40.4467855 ], [ -79.9637423, 40.4469439 ] ] } },
{ "type": "Feature", "properties": { "persona": "mobility_constrained", "hour": 12, "length_m": 373.1, "minutes": 7.77, "sun": [ 0.13, 0.526 ] }, "geometry": { "type": "LineString", "coordinates": [ [ -79.9607022, 40.4394928 ], [ -79.9599188, 40.4400671 ] ] } },
{ "type": "Feature", "properties": { "persona": "mobility_constrained", "hour": 8, "length_m": 845.1, "minutes": 17.61, "sun": [ 0.0, 0.0, 0.0 ] }, "geometry": { "type": "LineString", "coordinates": [ [ -79.9626966, 40.4419705 ], [ -79.9626548, 40.4419503 ], [ -79.9615836, 40.4413736 ] ] } },
{ "type": "Feature", "properties": { "persona": "mobility_constrained", "hour": 12, "length_m": 1031.2, "minutes": 21.48, "sun": [ 0.454, 0.068, 0.068, 0.341, 0.341, 0.341, 0.988 ] }, "geometry": { "type": "LineString", "coordinates": [ [ -79.9628664, 40.4448068 ], [ -79.962841, 40.4448322 ], [ -79.9626818, 40.4447452 ], [ -79.9616537, 40.4441842 ], [ -79.9614891, 40.4440856 ], [ -79.9612298, 40.4439394 ], [ -79.961223, 40.4439346 ] ] } },
{ "type": "Feature", "properties": { "persona": "mobility_constrained", "hour": 15, "length_m": 450.2, "minutes": 9.38, "sun": [ 0.73, 0.73, 0.73, 0.73, 0.73, 0.73, 0.73, 0.73, 1.0 ] }, "geometry": { "type": "LineString", "coordinates": [ [ -79.961242, 40.4383779 ], [ -79.9612289, 40.4383743 ], [ -79.9612038, 40.4383542 ], [ -79.9604085, 40.4377213 ], [ -79.9603689, 40.4376881 ], [ -79.9603629, 40.4376744 ], [ -79.9603619, 40.4376534 ], [ -79.9603374, 40.4376534 ], [ -79.9602886, 40.4376095 ] ] } },
{ "type": "Feature", "properties": { "persona": "mobility_constrained", "hour": 12, "length_m": 570.5, "minutes": 11.89, "sun": [ 0.735, 0.778, 1.0 ] }, "geometry": { "type": "LineString", "coordinates": [ [ -79.952328200000011, 40.4523777 ], [ -79.9527111, 40.4529886 ], [ -79.9530127, 40.4534699 ] ] } },
{ "type": "Feature", "properties": { "persona": "mobility_constrained", "hour": 12, "length_m": 669.5, "minutes": 13.95, "sun": [ 0.958, 1.0, 1.0, 0.948, 0.948, 0.948, 0.948, 1.0 ] }, "geometry": { "type": "LineString", "coordinates": [ [ -79.958438, 40.4405842 ], [ -79.9584849, 40.4405512 ], [ -79.9585558, 40.4405196 ], [ -79.9591803, 40.4400668 ], [ -79.9593405, 40.4399518 ], [ -79.9593727, 40.4399056 ], [ -79.9593846, 40.4398908 ], [ -79.9594105, 40.4398789 ] ] } },
{ "type": "Feature", "properties": { "persona": "mobility_constrained", "hour": 12, "length_m": 677.3, "minutes": 14.11, "sun": [ 0.956, 0.889, 0.861, 0.861, 1.0 ] }, "geometry": { "type": "LineString", "coordinates": [ [ -79.9645944, 40.4428716 ], [ -79.9645287, 40.4428348 ], [ -79.9638409, 40.4424402 ], [ -79.9633389, 40.4421735 ], [ -79.9629614, 40.4419536 ] ] } },
{ "type": "Feature", "properties": { "persona": "mobility_constrained", "hour": 12, "length_m": 1564.8, "minutes": 32.6, "sun": [ 0.754, 1.0, 1.0, 0.949, 0.949, 0.949, 1.0 ] }, "geometry": { "type": "LineString", "coordinates": [ [ -79.9612448, 40.4459905 ], [ -79.9612878, 40.44601380000001 ], [ -79.9622909, 40.4462494 ], [ -79.9638267, 40.446633 ], [ -79.9638638, 40.446725 ], [ -79.9638619, 40.4467855 ], [ -79.9637423, 40.4469439 ] ] } },
{ "type": "Feature", "properties": { "persona": "mobility_constrained", "hour": 15, "length_m": 827.3, "minutes": 17.24, "sun": [ 0.41, 0.41, 0.41 ] }, "geometry": { "type": "LineString", "coordinates": [ [ -79.9606895, 40.4418226 ], [ -79.9603764, 40.4421656 ], [ -79.959927, 40.442659 ] ] } },
{ "type": "Feature", "properties": { "persona": "mobility_constrained", "hour": 8, "length_m": 560.9, "minutes": 11.68, "sun": [ 0.657, 0.276, 0.229, 0.229, 0.229 ] }, "geometry": { "type": "LineString", "coordinates": [ [ -79.9455237, 40.4514305 ], [ -79.9455251, 40.4514387 ], [ -79.945911400000014, 40.4523309 ], [ -79.9459415, 40.4523991 ], [ -79.945951, 40.4524039 ] ] } },
{ "type": "Feature", "properties": { "persona": "mobility_constrained", "hour": 18, "length_m": 564.8, "minutes": 11.77, "sun": [ 0.0, 0.0, 0.0, 0.0, 0.561 ] }, "geometry": { "type": "LineString", "coordinates": [ [ -79.9570615, 40.4404274 ], [ -79.9572629, 40.440279499999988 ], [ -79.9575003, 40.44010990000001 ], [ -79.9575412, 40.4400807 ], [ -79.9575785, 40.440064 ] ] } },
{ "type": "Feature", "properties": { "persona": "mobility_constrained", "hour": 12, "length_m": 487.2, "minutes": 10.15, "sun": [ 0.143, 0.143, 0.143 ] }, "geometry": { "type": "LineString", "coordinates": [ [ -79.9606895, 40.4418226 ], [ -79.9603764, 40.4421656 ], [ -79.959927, 40.442659 ] ] } },
{ "type": "Feature", "properties": { "persona": "mobility_constrained", "hour": 12, "length_m": 638.2, "minutes": 13.3, "sun": [ 0.143, 0.143, 0.143 ] }, "geometry": { "type": "LineString", "coordinates": [ [ -79.9606895, 40.4418226 ], [ -79.9603764, 40.4421656 ], [ -79.959927, 40.442659 ] ] } },
{ "type": "Feature", "properties": { "persona": "mobility_constrained", "hour": 12, "length_m": 669.8, "minutes": 13.95, "sun": [ 1.0, 0.853, 1.0 ] }, "geometry": { "type": "LineString", "coordinates": [ [ -79.9488261, 40.4529297 ], [ -79.9482202, 40.4531026 ], [ -79.947619, 40.4532856 ] ] } },
{ "type": "Feature", "properties": { "persona": "mobility_constrained", "hour": 8, "length_m": 1555.1, "minutes": 32.4, "sun": [ 0.923, 0.055, 0.316, 0.316, 0.316, 0.316, 0.316, 0.316, 0.316, 0.316, 0.316, 0.316, 0.316, 0.267, 0.267, 0.267, 0.267, 0.267, 0.267, 0.267, 0.267, 0.267, 0.267, 0.267, 0.267, 0.373 ] }, "geometry": { "type": "LineString", "coordinates": [ [ -79.958856, 40.4452921 ], [ -79.9586627, 40.4457698 ], [ -79.9584593, 40.4463012 ], [ -79.9584132, 40.446379 ], [ -79.9583361, 40.446448299999986 ], [ -79.9582476, 40.446547099999982 ], [ -79.9582263, 40.4465986 ], [ -79.9582264, 40.4466562 ], [ -79.9582392, 40.446704 ], [ -79.9582638, 40.4467403 ], [ -79.9583191, 40.4467833 ], [ -79.9584018, 40.446816 ], [ -79.9584923, 40.4468248 ], [ -79.958595, 40.446804299999989 ], [ -79.9586438, 40.446769899999985 ], [ -79.9586864, 40.446706 ], [ -79.9587448, 40.4465371 ], [ -79.9587719, 40.4464058 ], [ -79.9587935, 40.4463387 ], [ -79.9588126, 40.4462845 ], [ -79.9588406, 40.4462419 ], [ -79.958893, 40.4462068 ], [ -79.9589537, 40.4461878 ], [ -79.9590359, 40.446194 ], [ -79.959100300000017, 40.4462079 ], [ -79.9591607, 40.4462281 ] ] } },
{ "type": "Feature", "properties": { "persona": "mobility_constrained", "hour": 8, "length_m": 763.3, "minutes": 15.9, "sun": [ 1.0, 1.0, 0.904, 0.904, 0.0, 0.0, 0.0 ] }, "geometry": { "type": "LineString", "coordinates": [ [ -79.9585389, 40.4362071 ], [ -79.9586476, 40.436305 ], [ -79.9592203, 40.4367582 ], [ -79.9595556, 40.4370277 ], [ -79.9602161, 40.4375662 ], [ -79.96023550000001, 40.4375733 ], [ -79.9602546, 40.4375735 ] ] } },
{ "type": "Feature", "properties": { "persona": "mobility_constrained", "hour": 8, "length_m": 386.9, "minutes": 8.06, "sun": [ 0.062, 0.0, 0.0, 0.047 ] }, "geometry": { "type": "LineString", "coordinates": [ [ -79.9582085, 40.4405688 ], [ -79.958207, 40.4405819 ], [ -79.9576619, 40.4409754 ], [ -79.9576191, 40.441000699999989 ] ] } },
{ "type": "Feature", "properties": { "persona": "mobility_constrained", "hour": 15, "length_m": 680.1, "minutes": 14.17, "sun": [ 0.816, 0.778, 1.0 ] }, "geometry": { "type": "LineString", "coordinates": [ [ -79.9597539, 40.4396461 ], [ -79.9612115, 40.4385871 ], [ -79.9612346, 40.4385726 ] ] } },
{ "type": "Feature", "properties": { "persona": "mobility_constrained", "hour": 8, "length_m": 1763.9, "minutes": 36.75, "sun": [ 0.187, 0.565, 0.565, 0.543, 0.543, 0.543, 0.558 ] }, "geometry": { "type": "LineString", "coordinates": [ [ -79.9612448, 40.4459905 ], [ -79.9612878, 40.44601380000001 ], [ -79.9622909, 40.4462494 ], [ -79.9638267, 40.446633 ], [ -79.9638638, 40.446725 ], [ -79.9638619, 40.4467855 ], [ -79.9637423, 40.4469439 ] ] } },
{ "type": "Feature", "properties": { "persona": "mobility_constrained", "hour": 12, "length_m": 813.3, "minutes": 16.94, "sun": [ 0.686, 0.617, 0.617, 0.702 ] }, "geometry": { "type": "LineString", "coordinates": [ [ -79.948886, 40.4504556 ], [ -79.9488826, 40.4504667 ], [ -79.9488808, 40.450479 ], [ -79.9494001, 40.45168 ] ] } },
{ "type": "Feature", "properties": { "persona": "mobility_constrained", "hour": 18, "length_m": 751.6, "minutes": 15.66, "sun": [ 0.217, 0.217, 0.018, 0.018, 0.471, 0.471, 0.471 ] }, "geometry": { "type": "LineString", "coordinates": [ [ -79.9585389, 40.4362071 ], [ -79.9586476, 40.436305 ], [ -79.9592203, 40.4367582 ], [ -79.9595556, 40.4370277 ], [ -79.9602161, 40.4375662 ], [ -79.96023550000001, 40.4375733 ], [ -79.9602546, 40.4375735 ] ] } },
{ "type": "Feature", "properties": { "persona": "mobility_constrained", "hour": 8, "length_m": 272.8, "minutes": 5.68, "sun": [ 0.062, 0.0, 0.0, 0.047 ] }, "geometry": { "type": "LineString", "coordinates": [ [ -79.9582085, 40.4405688 ], [ -79.958207, 40.4405819 ], [ -79.9576619, 40.4409754 ], [ -79.9576191, 40.441000699999989 ] ] } },
{ "type": "Feature", "properties": { "persona": "mobility_constrained", "hour": 15, "length_m": 579.8, "minutes": 12.08, "sun": [ 0.161, 0.642 ] }, "geometry": { "type": "LineString", "coordinates": [ [ -79.9478063, 40.4480594 ], [ -79.949282, 40.4476037 ] ] } },
{ "type": "Feature", "properties": { "persona": "mobility_constrained", "hour": 15, "length_m": 670.2, "minutes": 13.96, "sun": [ 1.0, 0.592, 0.592, 0.592, 0.592, 0.592, 0.592, 0.422, 0.422, 0.422, 1.0 ] }, "geometry": { "type": "LineString", "coordinates": [ [ -79.955669, 40.4492013 ], [ -79.955662, 40.4492092 ], [ -79.955661, 40.4492219 ], [ -79.9556603, 40.4492561 ], [ -79.9556597, 40.4493036 ], [ -79.955657, 40.449348 ], [ -79.9556449, 40.4493969 ], [ -79.95513560000002, 40.4506382 ], [ -79.9551336, 40.4506447 ], [ -79.9551373, 40.4506499 ], [ -79.9551392, 40.45065060000001 ] ] } },
{ "type": "Feature", "properties": { "persona": "mobility_constrained", "hour": 15, "length_m": 808.6, "minutes": 16.85, "sun": [ 0.15, 0.15, 0.15, 0.201, 0.201, 0.201, 0.622 ] }, "geometry": { "type": "LineString", "coordinates": [ [ -79.9547853, 40.4469588 ], [ -79.9547718, 40.44696050000001 ], [ -79.9547578, 40.446968 ], [ -79.9540416, 40.4475048 ], [ -79.95389950000002, 40.4476053 ], [ -79.9538901, 40.4476166 ], [ -79.9538845, 40.4476298 ] ] } },
{ "type": "Feature", "properties": { "persona": "mobility_constrained", "hour": 8, "length_m": 500.2, "minutes": 10.42, "sun": [ 0.0, 0.013, 0.0 ] }, "geometry": { "type": "LineString", "coordinates": [ [ -79.9612346, 40.4385726 ], [ -79.9612115, 40.4385871 ], [ -79.9597539, 40.4396461 ] ] } },
{ "type": "Feature", "properties": { "persona": "mobility_constrained", "hour": 18, "length_m": 629.1, "minutes": 13.11, "sun": [ 1.0, 1.0, 0.285, 0.285, 0.285 ] }, "geometry": { "type": "LineString", "coordinates": [ [ -79.958653, 40.4378399 ], [ -79.9592397, 40.438312799999984 ], [ -79.9595482, 40.4385588 ], [ -79.9597936, 40.438766 ], [ -79.9598119, 40.4387812 ] ] } },
{ "type": "Feature", "properties": { "persona": "mobility_constrained", "hour": 8, "length_m": 772.7, "minutes": 16.1, "sun": [ 1.0, 1.0, 0.904, 0.904, 0.0, 0.0, 0.0 ] }, "geometry": { "type": "LineString", "coordinates": [ [ -79.9585389, 40.4362071 ], [ -79.9586476, 40.436305 ], [ -79.9592203, 40.4367582 ], [ -79.9595556, 40.4370277 ], [ -79.9602161, 40.4375662 ], [ -79.96023550000001, 40.4375733 ], [ -79.9602546, 40.4375735 ] ] } },
{ "type": "Feature", "properties": { "persona": "mobility_constrained", "hour": 8, "length_m": 707.2, "minutes": 14.73, "sun": [ 0.247, 0.837, 0.935 ] }, "geometry": { "type": "LineString", "coordinates": [ [ -79.9488261, 40.4529297 ], [ -79.9482202, 40.4531026 ], [ -79.947619, 40.4532856 ] ] } },
{ "type": "Feature", "properties": { "persona": "mobility_constrained", "hour": 15, "length_m": 813.0, "minutes": 16.94, "sun": [ 1.0, 0.861, 0.861 ] }, "geometry": { "type": "LineString", "coordinates": [ [ -79.9675752, 40.4400812 ], [ -79.9661484, 40.4403042 ], [ -79.9661081, 40.4403105 ] ] } },
{ "type": "Feature", "properties": { "persona": "mobility_constrained", "hour": 8, "length_m": 399.0, "minutes": 8.31, "sun": [ 0.155, 0.363, 0.251 ] }, "geometry": { "type": "LineString", "coordinates": [ [ -79.9517411, 40.4489909 ], [ -79.9517372, 40.4489962 ], [ -79.9509184, 40.4495875 ] ] } },
{ "type": "Feature", "properties": { "persona": "mobility_constrained", "hour": 15, "length_m": 543.5, "minutes": 11.32, "sun": [ 0.673, 1.0, 1.0, 1.0 ] }, "geometry": { "type": "LineString", "coordinates": [ [ -79.9465868, 40.4535986 ], [ -79.9467448, 40.4539156 ], [ -79.9470522, 40.4538255 ], [ -79.9474421, 40.453816199999984 ] ] } },
{ "type": "Feature", "properties": { "persona": "mobility_constrained", "hour": 8, "length_m": 718.5, "minutes": 14.97, "sun": [ 0.347, 0.083, 0.998 ] }, "geometry": { "type": "LineString", "coordinates": [ [ -79.9511364, 40.452769600000011 ], [ -79.951431, 40.4532359 ], [ -79.951879, 40.4539448 ] ] } },
{ "type": "Feature", "properties": { "persona": "mobility_constrained", "hour": 15, "length_m": 573.8, "minutes": 11.95, "sun": [ 1.0, 0.421, 0.421, 0.421, 0.421 ] }, "geometry": { "type": "LineString", "coordinates": [ [ -79.9601862, 40.440689 ], [ -79.9601608, 40.4406941 ], [ -79.9595924, 40.4411002 ], [ -79.9595804, 40.4411213 ], [ -79.9595797, 40.4411337 ] ] } },
{ "type": "Feature", "properties": { "persona": "mobility_constrained", "hour": 15, "length_m": 299.9, "minutes": 6.25, "sun": [ 0.971, 0.176, 0.176, 0.236, 0.236, 1.0 ] }, "geometry": { "type": "LineString", "coordinates": [ [ -79.9578331, 40.4383946 ], [ -79.9579254, 40.4384682 ], [ -79.9584038, 40.4388536 ], [ -79.958734, 40.4391196 ], [ -79.9587699, 40.4391484 ], [ -79.9590215, 40.4393515 ] ] } },
{ "type": "Feature", "properties": { "persona": "mobility_constrained", "hour": 8, "length_m": 216.1, "minutes": 4.5, "sun": [ 0.293, 0.293, 0.885 ] }, "geometry": { "type": "LineString", "coordinates": [ [ -79.9539855, 40.4392322 ], [ -79.9536153, 40.4389321 ], [ -79.9533838, 40.4387491 ] ] } },
{ "type": "Feature", "properties": { "persona": "mobility_constrained", "hour": 15, "length_m": 806.0, "minutes": 16.79, "sun": [ 0.493, 0.493, 0.493, 0.82 ] }, "geometry": { "type": "LineString", "coordinates": [ [ -79.9455237, 40.4514305 ], [ -79.9455312, 40.4514242 ], [ -79.9456701, 40.4513879 ], [ -79.9486849, 40.4504895 ] ] } },
{ "type": "Feature", "properties": { "persona": "mobility_constrained", "hour": 15, "length_m": 373.1, "minutes": 7.77, "sun": [ 0.891, 1.0 ] }, "geometry": { "type": "LineString", "coordinates": [ [ -79.9607022, 40.4394928 ], [ -79.9599188, 40.4400671 ] ] } },
{ "type": "Feature", "properties": { "persona": "mobility_constrained", "hour": 15, "length_m": 467.3, "minutes": 9.73, "sun": [ 0.792, 0.639, 1.0 ] }, "geometry": { "type": "LineString", "coordinates": [ [ -79.9561979, 40.4400192 ], [ -79.9564358, 40.4402084 ], [ -79.9567714, 40.4404819 ] ] } },
{ "type": "Feature", "properties": { "persona": "mobility_constrained", "hour": 8, "length_m": 834.6, "minutes": 17.39, "sun": [ 0.071, 0.416, 0.235 ] }, "geometry": { "type": "LineString", "coordinates": [ [ -79.9678775, 40.4411323 ], [ -79.966301, 40.4423349 ], [ -79.9662618, 40.4423654 ] ] } },
{ "type": "Feature", "properties": { "persona": "mobility_constrained", "hour": 15, "length_m": 561.1, "minutes": 11.69, "sun": [ 0.41, 0.41, 0.41 ] }, "geometry": { "type": "LineString", "coordinates": [ [ -79.9606895, 40.4418226 ], [ -79.9603764, 40.4421656 ], [ -79.959927, 40.442659 ] ] } },
{ "type": "Feature", "properties": { "persona": "mobility_constrained", "hour": 8, "length_m": 509.8, "minutes": 10.62, "sun": [ 1.0, 0.353, 0.353, 0.353, 0.351, 0.351, 0.351, 0.351, 0.351, 0.351, 0.351, 0.351, 0.351 ] }, "geometry": { "type": "LineString", "coordinates": [ [ -79.9507697, 40.4468993 ], [ -79.9508013, 40.4468934 ], [ -79.9510854, 40.4468791 ], [ -79.9512321, 40.446872 ], [ -79.9513145, 40.4468597 ], [ -79.9514095, 40.4468416 ], [ -79.9515169, 40.446815 ], [ -79.9515855, 40.4467941 ], [ -79.9516349, 40.4467765 ], [ -79.9517354, 40.4467314 ], [ -79.9517916, 40.4467095 ], [ -79.9518128, 40.4467043 ], [ -79.9518246, 40.4467047 ] ] } },
{ "type": "Feature", "properties": { "persona": "mobility_constrained", "hour": 8, "length_m": 273.7, "minutes": 5.7, "sun": [ 0.062, 0.0, 0.0, 0.0 ] }, "geometry": { "type": "LineString", "coordinates": [ [ -79.959033, 40.4412399 ], [ -79.9590306, 40.4412516 ], [ -79.9584694, 40.4416571 ], [ -79.9584464, 40.4416632 ] ] } },
{ "type": "Feature", "properties": { "persona": "mobility_constrained", "hour": 8, "length_m": 671.8, "minutes": 14.0, "sun": [ 0.131, 0.131, 0.131, 0.533, 0.21 ] }, "geometry": { "type": "LineString", "coordinates": [ [ -79.944914400000016, 40.4504315 ], [ -79.944906, 40.4504411 ], [ -79.9448959, 40.450447 ], [ -79.9431113, 40.4508134 ], [ -79.943089, 40.4508121 ] ] } },
{ "type": "Feature", "properties": { "persona": "mobility_constrained", "hour": 8, "length_m": 501.6, "minutes": 10.45, "sun": [ 0.247, 0.837, 0.935 ] }, "geometry": { "type": "LineString", "coordinates": [ [ -79.9488261, 40.4529297 ], [ -79.9482202, 40.4531026 ], [ -79.947619, 40.4532856 ] ] } },
{ "type": "Feature", "properties": { "persona": "mobility_constrained", "hour": 15, "length_m": 1995.3, "minutes": 41.57, "sun": [ 0.881, 0.881, 0.881, 0.881, 0.881, 0.881, 0.553, 0.553, 0.897 ] }, "geometry": { "type": "LineString", "coordinates": [ [ -79.9684041, 40.4455011 ], [ -79.9676583, 40.4459619 ], [ -79.9676624, 40.4459684 ], [ -79.967678, 40.44599620000001 ], [ -79.9676929, 40.44602290000001 ], [ -79.9676958, 40.44603 ], [ -79.9663051, 40.4468868 ], [ -79.9665389, 40.4472521 ], [ -79.9665538, 40.4472751 ] ] } },
{ "type": "Feature", "properties": { "persona": "mobility_constrained", "hour": 15, "length_m": 856.7, "minutes": 17.85, "sun": [ 0.49, 0.328, 0.328, 0.593 ] }, "geometry": { "type": "LineString", "coordinates": [ [ -79.9494001, 40.45168 ], [ -79.9488808, 40.450479 ], [ -79.9488826, 40.4504667 ], [ -79.948886, 40.4504556 ] ] } },
{ "type": "Feature", "properties": { "persona": "mobility_constrained", "hour": 8, "length_m": 827.3, "minutes": 17.24, "sun": [ 0.0, 0.0, 0.0 ] }, "geometry": { "type": "LineString", "coordinates": [ [ -79.9606895, 40.4418226 ], [ -79.9603764, 40.4421656 ], [ -79.959927, 40.442659 ] ] } },
{ "type": "Feature", "properties": { "persona": "mobility_constrained", "hour": 15, "length_m": 355.5, "minutes": 7.41, "sun": [ 1.0, 0.406, 0.406 ] }, "geometry": { "type": "LineString", "coordinates": [ [ -79.9560088, 40.439699899999987 ], [ -79.9565001, 40.4401114 ], [ -79.9565314, 40.4401365 ] ] } },
{ "type": "Feature", "properties": { "persona": "mobility_constrained", "hour": 18, "length_m": 1772.7, "minutes": 36.93, "sun": [ 0.501, 1.0, 1.0, 0.483, 0.483, 0.483, 0.996 ] }, "geometry": { "type": "LineString", "coordinates": [ [ -79.9612448, 40.4459905 ], [ -79.9612878, 40.44601380000001 ], [ -79.9622909, 40.4462494 ], [ -79.9638267, 40.446633 ], [ -79.9638638, 40.446725 ], [ -79.9638619, 40.4467855 ], [ -79.9637423, 40.4469439 ] ] } },
{ "type": "Feature", "properties": { "persona": "mobility_constrained", "hour": 15, "length_m": 606.3, "minutes": 12.63, "sun": [ 0.396, 0.396, 0.111, 0.111, 0.452, 0.452, 0.452 ] }, "geometry": { "type": "LineString", "coordinates": [ [ -79.9585389, 40.4362071 ], [ -79.9586476, 40.436305 ], [ -79.9592203, 40.4367582 ], [ -79.9595556, 40.4370277 ], [ -79.9602161, 40.4375662 ], [ -79.96023550000001, 40.4375733 ], [ -79.9602546, 40.4375735 ] ] } },
{ "type": "Feature", "properties": { "persona": "mobility_constrained", "hour": 8, "length_m": 1660.9, "minutes": 34.6, "sun": [ 0.915, 0.15, 0.383 ] }, "geometry": { "type": "LineString", "coordinates": [ [ -79.9572241, 40.4513735 ], [ -79.9588549, 40.4485822 ], [ -79.958993800000016, 40.44839060000001 ] ] } },
{ "type": "Feature", "properties": { "persona": "mobility_constrained", "hour": 15, "length_m": 240.6, "minutes": 5.01, "sun": [ 0.669, 0.575, 0.575, 0.592, 0.5 ] }, "geometry": { "type": "LineString", "coordinates": [ [ -79.9548933, 40.4510267 ], [ -79.9545975, 40.4517196 ], [ -79.9545839, 40.4517521 ], [ -79.9544552, 40.4520607 ], [ -79.9544447, 40.4520859 ] ] } },
{ "type": "Feature", "properties": { "persona": "mobility_constrained", "hour": 15, "length_m": 708.9, "minutes": 14.77, "sun": [ 0.743, 0.743, 0.743, 0.535, 0.535, 1.0 ] }, "geometry": { "type": "LineString", "coordinates": [ [ -79.9539471, 40.438208699999983 ], [ -79.9539628, 40.4382146 ], [ -79.9542801, 40.4384696 ], [ -79.9547919, 40.4388828 ], [ -79.9554192, 40.4393998 ], [ -79.9557525, 40.4396649 ] ] } }
]
}
