{"type":"FeatureCollection","features":[{"id":"0","type":"Feature","properties":{"common_name":"Hornbeam: European","condition":"Good","height":4.8768,"width":1.524,"crown_r_m":1.0,"crown_h_m":3.16992,"height_imputed":false,"width_imputed":false,"neighborhood":"Shadyside","tree_id":"t00000"},"geometry":{"type":"Point","coordinates":[-79.94129,40.45132]}},{"id":"1","type":"Feature","properties":{"common_name":"Linden: Littleleaf","condition":"Fair","height":6.096,"width":2.7432,"crown_r_m":1.3716,"crown_h_m":3.9624,"height_imputed":false,"width_imputed":false,"neighborhood":"Shadyside","tree_id":"t00001"},"geometry":{"type":"Point","coordinates":[-79.94275,40.44914]}},{"id":"2","type":"Feature","properties":{"common_name":"Hornbeam: European","condition":"Good","height":4.8768,"width":1.2192,"crown_r_m":1.0,"crown_h_m":3.16992,"height_imputed":false,"width_imputed":false,"neighborhood":"Shadyside","tree_id":"t00002"},"geometry":{"type":"Point","coordinates":[-79.94121,40.45134]}},{"id":"3","type":"Feature","properties":{"common_name":"Zelkova: Japanese","condition":"Fair","height":9.7536,"width":2.4384,"crown_r_m":1.2192,"crown_h_m":6.33984,"height_imputed":false,"width_imputed":false,"neighborhood":"Shadyside","tree_id":"t00003"},"geometry":{"type":"Point","coordinates":[-79.94278,40.45001]}},{"id":"4","type":"Feature","properties":{"common_name":"Linden: Littleleaf","condition":"Fair","height":5.4864,"width":2.7432,"crown_r_m":1.3716,"crown_h_m":3.56616,"height_imputed":false,"width_imputed":false,"neighborhood":"Shadyside","tree_id":"t00004"},"geometry":{"type":"Point","coordinates":[-79.94272,40.44901]}},{"id":"5","type":"Feature","properties":{"common_name":"Maple: Red","condition":"Fair","height":8.5344,"width":2.4384,"crown_r_m":1.2192,"crown_h_m":5.54736,"height_imputed":false,"width_imputed":false,"neighborhood":"Shadyside","tree_id":"t00005"},"geometry":{"type":"Point","coordinates":[-79.9485,40.45042]}},{"id":"6","type":"Feature","properties":{"common_name":"Maple: Freeman","condition":"Fair","height":4.572,"width":1.8288,"crown_r_m":1.0,"crown_h_m":2.9718,"height_imputed":false,"width_imputed":false,"neighborhood":"Shadyside","tree_id":"t00006"},"geometry":{"type":"Point","coordinates":[-79.94597,40.44969]}},{"id":"7","type":"Feature","properties":{"common_name":"Dogwood: Corneliancherry","condition":"Good","height":2.4384,"width":1.2192,"crown_r_m":1.0,"crown_h_m":1.58496,"height_imputed":false,"width_imputed":false,"neighborhood":"Shadyside","tree_id":"t00007"},"geometry":{"type":"Point","coordinates":[-79.94561,40.45002]}},{"id":"8","type":"Feature","properties":{"common_name":"Oak: Pin","condition":"Poor","height":18.288,"width":7.62,"crown_r_m":3.81,"crown_h_m":11.8872,"height_imputed":false,"width_imputed":false,"neighborhood":"Shadyside","tree_id":"t00008"},"geometry":{"type":"Point","coordinates":[-79.94637,40.45339]}},{"id":"9","type":"Feature","properties":{"common_name":"Pear: Callery","condition":"Fair","height":3.9624,"width":1.524,"crown_r_m":1.0,"crown_h_m":2.57556,"height_imputed":false,"width_imputed":false,"neighborhood":"Shadyside","tree_id":"t00009"},"geometry":{"type":"Point","coordinates":[-79.94787,40.45196]}},{"id":"10","type":"Feature","properties":{"common_name":"Oak: Pin","condition":"Fair","height":19.5072,"width":9.144,"crown_r_m":4.572,"crown_h_m":12.67968,"height_imputed":false,"width_imputed":false,"neighborhood":"Shadyside","tree_id":"t00010"},"geometry":{"type":"Point","coordinates":[-79.94516,40.45063]}},{"id":"11","type":"Feature","properties":{"common_name":"Oak: Pin","condition":"Fair","height":19.812,"width":8.5344,"crown_r_m":4.2672,"crown_h_m":12.8778,"height_imputed":false,"width_imputed":false,"neighborhood":"Shadyside","tree_id":"t00011"},"geometry":{"type":"Point","coordinates":[-79.94565,40.45179]}},{"id":"12","type":"Feature","properties":{"common_name":"Crabapple: Flowering","condition":"Fair","height":3.9624,"width":1.524,"crown_r_m":1.0,"crown_h_m":2.57556,"height_imputed":false,"width_imputed":false,"neighborhood":"Shadyside","tree_id":"t00012"},"geometry":{"type":"Point","coordinates":[-79.94415,40.44796]}},{"id":"13","type":"Feature","properties":{"common_name":"Oak: Northern Red","condition":"Fair","height":15.24,"width":4.572,"crown_r_m":2.286,"crown_h_m":9.906,"height_imputed":false,"width_imputed":false,"neighborhood":"Shadyside","tree_id":"t00013"},"geometry":{"type":"Point","coordinates":[-79.94422,40.44746]}},{"id":"14","type":"Feature","properties":{"common_name":"Maple: Freeman","condition":"Good","height":6.096,"width":1.524,"crown_r_m":1.0,"crown_h_m":3.9624,"height_imputed":false,"width_imputed":false,"neighborhood":"Shadyside","tree_id":"t00014"},"geometry":{"type":"Point","coordinates":[-79.94429,40.44897]}},{"id":"15","type":"Feature","properties":{"common_name":"Oak: Pin","condition":"Fair","height":16.764,"width":4.572,"crown_r_m":2.286,"crown_h_m":10.8966,"height_imputed":false,"width_imputed":false,"neighborhood":"Shadyside","tree_id":"t00015"},"geometry":{"type":"Point","coordinates":[-79.94426,40.44891]}},{"id":"16","type":"Feature","properties":{"common_name":"Oak: Pin","condition":"Fair","height":18.288,"width":6.096,"crown_r_m":3.048,"crown_h_m":11.8872,"height_imputed":false,"width_imputed":false,"neighborhood":"Shadyside","tree_id":"t00016"},"geometry":{"type":"Point","coordinates":[-79.94523,40.45113]}},{"id":"17","type":"Feature","properties":{"common_name":"Oak: Pin","condition":"Fair","height":19.812,"width":6.096,"crown_r_m":3.048,"crown_h_m":12.8778,"height_imputed":false,"width_imputed":false,"neighborhood":"Shadyside","tree_id":"t00017"},"geometry":{"type":"Point","coordinates":[-79.94508,40.4508]}},{"id":"18","type":"Feature","properties":{"common_name":"Hornbeam: European","condition":"Good","height":5.1816,"width":1.524,"crown_r_m":1.0,"crown_h_m":3.36804,"height_imputed":false,"width_imputed":false,"neighborhood":"Shadyside","tree_id":"t00018"},"geometry":{"type":"Point","coordinates":[-79.94144,40.45128]}},{"id":"19","type":"Feature","properties":{"common_name":"Hornbeam: European","condition":"Good","height":4.8768,"width":1.524,"crown_r_m":1.0,"crown_h_m":3.16992,"height_imputed":false,"width_imputed":false,"neighborhood":"Shadyside","tree_id":"t00019"},"geometry":{"type":"Point","coordinates":[-79.94137,40.4513]}},{"id":"20","type":"Feature","properties":{"common_name":"Hornbeam: European","condition":"Good","height":4.8768,"width":1.524,"crown_r_m":1.0,"crown_h_m":3.16992,"height_imputed":false,"width_imputed":false,"neighborhood":"Shadyside","tree_id":"t00020"},"geometry":{"type":"Point","coordinates":[-79.94159,40.45126]}},{"id":"21","type":"Feature","properties":{"common_name":"Linden: Littleleaf","condition":"Fair","height":9.144,"width":3.048,"crown_r_m":1.524,"crown_h_m":5.9436,"height_imputed":false,"width_imputed":false,"neighborhood":"Shadyside","tree_id":"t00021"},"geometry":{"type":"Point","coordinates":[-79.94361,40.45081]}},{"id":"22","type":"Feature","properties":{"common_name":"Oak: Pin","condition":"Fair","height":21.336,"width":3.6576,"crown_r_m":1.8288,"crown_h_m":13.8684,"height_imputed":false,"width_imputed":false,"neighborhood":"Shadyside","tree_id":"t00022"},"geometry":{"type":"Point","coordinates":[-79.94322,40.45094]}},{"id":"23","type":"Feature","properties":{"common_name":"Hornbeam: European","condition":"Good","height":5.1816,"width":1.524,"crown_r_m":1.0,"crown_h_m":3.36804,"height_imputed":false,"width_imputed":false,"neighborhood":"Shadyside","tree_id":"t00023"},"geometry":{"type":"Point","coordinates":[-79.94151,40.45127]}},{"id":"24","type":"Feature","properties":{"common_name":"Maple: Red","condition":"Fair","height":8.5344,"width":2.7432,"crown_r_m":1.3716,"crown_h_m":5.54736,"height_imputed":false,"width_imputed":false,"neighborhood":"Shadyside","tree_id":"t00024"},"geometry":{"type":"Point","coordinates":[-79.9435,40.45085]}},{"id":"25","type":"Feature","properties":{"common_name":"Linden: Littleleaf","condition":"Fair","height":7.62,"width":2.7432,"crown_r_m":1.3716,"crown_h_m":4.953,"height_imputed":false,"width_imputed":false,"neighborhood":"Shadyside","tree_id":"t00025"},"geometry":{"type":"Point","coordinates":[-79.94316,40.45106]}},{"id":"26","type":"Feature","properties":{"common_name":"Linden: Littleleaf","condition":"Fair","height":8.5344,"width":3.3528,"crown_r_m":1.6764,"crown_h_m":5.54736,"height_imputed":false,"width_imputed":false,"neighborhood":"Shadyside","tree_id":"t00026"},"geometry":{"type":"Point","coordinates":[-79.94375,40.45079]}},{"id":"27","type":"Feature","properties":{"common_name":"Sweetgum: American","condition":"Fair","height":7.9248,"width":2.7432,"crown_r_m":1.3716,"crown_h_m":5.15112,"height_imputed":false,"width_imputed":false,"neighborhood":"Shadyside","tree_id":"t00027"},"geometry":{"type":"Point","coordinates":[-79.94142,40.45301]}},{"id":"28","type":"Feature","properties":{"common_name":"Sweetgum: American","condition":"Poor","height":6.7056,"width":2.4384,"crown_r_m":1.2192,"crown_h_m":4.35864,"height_imputed":false,"width_imputed":false,"neighborhood":"Shadyside","tree_id":"t00028"},"geometry":{"type":"Point","coordinates":[-79.94149,40.45278]}},{"id":"29","type":"Feature","properties":{"common_name":"Sweetgum: American","condition":"Poor","height":7.3152,"width":2.7432,"crown_r_m":1.3716,"crown_h_m":4.75488,"height_imputed":false,"width_imputed":false,"neighborhood":"Shadyside","tree_id":"t00029"},"geometry":{"type":"Point","coordinates":[-79.94152,40.45272]}},{"id":"30","type":"Feature","properties":{"common_name":"Sweetgum: American","condition":"Fair","height":7.9248,"width":3.048,"crown_r_m":1.524,"crown_h_m":5.15112,"height_imputed":false,"width_imputed":false,"neighborhood":"Shadyside","tree_id":"t00030"},"geometry":{"type":"Point","coordinates":[-79.94138,40.4531]}},{"id":"31","type":"Feature","properties":{"common_name":"Honeylocust: Thornless","condition":"Fair","height":3.6576,"width":1.2192,"crown_r_m":1.0,"crown_h_m":2.37744,"height_imputed":false,"width_imputed":false,"neighborhood":"Shadyside","tree_id":"t00031"},"geometry":{"type":"Point","coordinates":[-79.94427,40.45397]}},{"id":"32","type":"Feature","properties":{"common_name":"Oak: Black","condition":"Fair","height":15.24,"width":2.4384,"crown_r_m":1.2192,"crown_h_m":9.906,"height_imputed":false,"width_imputed":false,"neighborhood":"Shadyside","tree_id":"t00032"},"geometry":{"type":"Point","coordinates":[-79.94117,40.45371]}},{"id":"33","type":"Feature","properties":{"common_name":"Sweetgum: American","condition":"Fair","height":7.62,"width":2.7432,"crown_r_m":1.3716,"crown_h_m":4.953,"height_imputed":false,"width_imputed":false,"neighborhood":"Shadyside","tree_id":"t00033"},"geometry":{"type":"Point","coordinates":[-79.94133,40.45324]}},{"id":"34","type":"Feature","properties":{"common_name":"Crabapple: Flowering","condition":"Fair","height":3.048,"width":1.524,"crown_r_m":1.0,"crown_h_m":1.9812,"height_imputed":false,"width_imputed":false,"neighborhood":"Central Oakland","tree_id":"t00034"},"geometry":{"type":"Point","coordinates":[-79.95429,40.43627]}},{"id":"35","type":"Feature","properties":{"common_name":"Oak: Pin","condition":"Good","height":9.144,"width":2.4384,"crown_r_m":1.2192,"crown_h_m":5.9436,"height_imputed":false,"width_imputed":false,"neighborhood":"Shadyside","tree_id":"t00035"},"geometry":{"type":"Point","coordinates":[-79.94116,40.4515]}},{"id":"36","type":"Feature","properties":{"common_name":"Tree-of-Heaven","condition":"Critical","height":13.716,"width":3.048,"crown_r_m":1.524,"crown_h_m":8.9154,"height_imputed":false,"width_imputed":false,"neighborhood":"Middle Hill","tree_id":"t00036"},"geometry":{"type":"Point","coordinates":[-79.96604,40.45118]}},{"id":"37","type":"Feature","properties":{"common_name":"Linden: Littleleaf","condition":"Poor","height":6.096,"width":3.6576,"crown_r_m":1.8288,"crown_h_m":3.9624,"height_imputed":false,"width_imputed":false,"neighborhood":"Middle Hill","tree_id":"t00037"},"geometry":{"type":"Point","coordinates":[-79.96667,40.4503]}},{"id":"38","type":"Feature","properties":{"common_name":"Mulberry: White","condition":"Fair","height":9.144,"width":3.6576,"crown_r_m":1.8288,"crown_h_m":5.9436,"height_imputed":false,"width_imputed":false,"neighborhood":"Middle Hill","tree_id":"t00038"},"geometry":{"type":"Point","coordinates":[-79.96625,40.45124]}},{"id":"39","type":"Feature","properties":{"common_name":"Mulberry: White","condition":"Poor","height":9.144,"width":2.4384,"crown_r_m":1.2192,"crown_h_m":5.9436,"height_imputed":false,"width_imputed":false,"neighborhood":"Middle Hill","tree_id":"t00039"},"geometry":{"type":"Point","coordinates":[-79.96604,40.45117]}},{"id":"40","type":"Feature","properties":{"common_name":"Linden: Littleleaf","condition":"Good","height":13.716,"width":3.048,"crown_r_m":1.524,"crown_h_m":8.9154,"height_imputed":false,"width_imputed":false,"neighborhood":"Middle Hill","tree_id":"t00040"},"geometry":{"type":"Point","coordinates":[-79.96563,40.45076]}},{"id":"41","type":"Feature","properties":{"common_name":"Linden: Littleleaf","condition":"Fair","height":13.716,"width":3.048,"crown_r_m":1.524,"crown_h_m":8.9154,"height_imputed":false,"width_imputed":false,"neighborhood":"Middle Hill","tree_id":"t00041"},"geometry":{"type":"Point","coordinates":[-79.96541,40.45086]}},{"id":"42","type":"Feature","properties":{"common_name":"Apple: Common","condition":"Fair","height":10.668,"width":3.6576,"crown_r_m":1.8288,"crown_h_m":6.9342,"height_imputed":false,"width_imputed":false,"neighborhood":"Middle Hill","tree_id":"t00042"},"geometry":{"type":"Point","coordinates":[-79.96581,40.45148]}},{"id":"43","type":"Feature","properties":{"common_name":"Tree-of-Heaven","condition":"Critical","height":9.144,"width":3.048,"crown_r_m":1.524,"crown_h_m":5.9436,"height_imputed":false,"width_imputed":false,"neighborhood":"Middle Hill","tree_id":"t00043"},"geometry":{"type":"Point","coordinates":[-79.96604,40.45141]}},{"id":"44","type":"Feature","properties":{"common_name":"Tree-of-Heaven","condition":"Poor","height":12.192,"width":6.096,"crown_r_m":3.048,"crown_h_m":7.9248,"height_imputed":false,"width_imputed":false,"neighborhood":"Middle Hill","tree_id":"t00044"},"geometry":{"type":"Point","coordinates":[-79.96637,40.45128]}},{"id":"45","type":"Feature","properties":{"common_name":"Mountainash: American","condition":"Poor","height":9.144,"width":1.8288,"crown_r_m":1.0,"crown_h_m":5.9436,"height_imputed":false,"width_imputed":false,"neighborhood":"Middle Hill","tree_id":"t00045"},"geometry":{"type":"Point","coordinates":[-79.96861,40.44951]}},{"id":"46","type":"Feature","properties":{"common_name":"Linden: American","condition":"Fair","height":9.144,"width":2.4384,"crown_r_m":1.2192,"crown_h_m":5.9436,"height_imputed":false,"width_imputed":false,"neighborhood":"Middle Hill","tree_id":"t00046"},"geometry":{"type":"Point","coordinates":[-79.96792,40.44791]}},{"id":"47","type":"Feature","properties":{"common_name":"Maple: Norway","condition":"Fair","height":4.572,"width":2.1336,"crown_r_m":1.0668,"crown_h_m":2.9718,"height_imputed":false,"width_imputed":false,"neighborhood":"Middle Hill","tree_id":"t00047"},"geometry":{"type":"Point","coordinates":[-79.96837,40.44961]}},{"id":"48","type":"Feature","properties":{"common_name":"Maple: Norway","condition":"Poor","height":7.62,"width":2.1336,"crown_r_m":1.0668,"crown_h_m":4.953,"height_imputed":false,"width_imputed":false,"neighborhood":"Middle Hill","tree_id":"t00048"},"geometry":{"type":"Point","coordinates":[-79.96828,40.44965]}},{"id":"49","type":"Feature","properties":{"common_name":"Maple: Red","condition":"Fair","height":9.144,"width":3.048,"crown_r_m":1.524,"crown_h_m":5.9436,"height_imputed":false,"width_imputed":false,"neighborhood":"Middle Hill","tree_id":"t00049"},"geometry":{"type":"Point","coordinates":[-79.96872,40.44883]}},{"id":"50","type":"Feature","properties":{"common_name":"Maple: Norway","condition":"Critical","height":6.096,"width":2.4384,"crown_r_m":1.2192,"crown_h_m":3.9624,"height_imputed":false,"width_imputed":false,"neighborhood":"Upper Hill","tree_id":"t00050"},"geometry":{"type":"Point","coordinates":[-79.96152,40.45298]}},{"id":"51","type":"Feature","properties":{"common_name":"Ash: White","condition":"Critical","height":6.096,"width":4.572,"crown_r_m":2.286,"crown_h_m":3.9624,"height_imputed":false,"width_imputed":false,"neighborhood":"Upper Hill","tree_id":"t00051"},"geometry":{"type":"Point","coordinates":[-79.96255,40.45197]}},{"id":"52","type":"Feature","properties":{"common_name":"Tree-of-Heaven","condition":"Fair","height":10.668,"width":7.62,"crown_r_m":3.81,"crown_h_m":6.9342,"height_imputed":false,"width_imputed":false,"neighborhood":"Upper Hill","tree_id":"t00052"},"geometry":{"type":"Point","coordinates":[-79.96374,40.45052]}},{"id":"53","type":"Feature","properties":{"common_name":"Linden: Littleleaf","condition":"Poor","height":6.096,"width":1.8288,"crown_r_m":1.0,"crown_h_m":3.9624,"height_imputed":false,"width_imputed":false,"neighborhood":"Upper Hill","tree_id":"t00053"},"geometry":{"type":"Point","coordinates":[-79.96015,40.4518]}},{"id":"54","type":"Feature","properties":{"common_name":"Maple: Norway","condition":"Critical","height":5.4864,"width":2.1336,"crown_r_m":1.0668,"crown_h_m":3.56616,"height_imputed":false,"width_imputed":false,"neighborhood":"Upper Hill","tree_id":"t00054"},"geometry":{"type":"Point","coordinates":[-79.96027,40.45124]}},{"id":"55","type":"Feature","properties":{"common_name":"Maple: Norway","condition":"Critical","height":7.62,"width":2.4384,"crown_r_m":1.2192,"crown_h_m":4.953,"height_imputed":false,"width_imputed":false,"neighborhood":"Upper Hill","tree_id":"t00055"},"geometry":{"type":"Point","coordinates":[-79.96007,40.45118]}},{"id":"56","type":"Feature","properties":{"common_name":"Maple: Norway","condition":"Poor","height":7.62,"width":2.1336,"crown_r_m":1.0668,"crown_h_m":4.953,"height_imputed":false,"width_imputed":false,"neighborhood":"Upper Hill","tree_id":"t00056"},"geometry":{"type":"Point","coordinates":[-79.96016,40.45121]}},{"id":"57","type":"Feature","properties":{"common_name":"Linden: Littleleaf","condition":"Poor","height":12.192,"width":3.048,"crown_r_m":1.524,"crown_h_m":7.9248,"height_imputed":false,"width_imputed":false,"neighborhood":"Upper Hill","tree_id":"t00057"},"geometry":{"type":"Point","coordinates":[-79.95982,40.4524]}},{"id":"58","type":"Feature","properties":{"common_name":"Maple: Norway","condition":"Fair","height":13.716,"width":7.9248,"crown_r_m":3.9624,"crown_h_m":8.9154,"height_imputed":false,"width_imputed":false,"neighborhood":"Upper Hill","tree_id":"t00058"},"geometry":{"type":"Point","coordinates":[-79.95689,40.45336]}},{"id":"59","type":"Feature","properties":{"common_name":"Linden: Littleleaf","condition":"Poor","height":9.144,"width":3.6576,"crown_r_m":1.8288,"crown_h_m":5.9436,"height_imputed":false,"width_imputed":false,"neighborhood":"Upper Hill","tree_id":"t00059"},"geometry":{"type":"Point","coordinates":[-79.95698,40.45205]}},{"id":"60","type":"Feature","properties":{"common_name":"London planetree","condition":"Fair","height":15.24,"width":6.4008,"crown_r_m":3.2004,"crown_h_m":9.906,"height_imputed":false,"width_imputed":false,"neighborhood":"Upper Hill","tree_id":"t00060"},"geometry":{"type":"Point","coordinates":[-79.95781,40.45036]}},{"id":"61","type":"Feature","properties":{"common_name":"Maple: Hedge","condition":"Good","height":6.096,"width":2.1336,"crown_r_m":1.0668,"crown_h_m":3.9624,"height_imputed":false,"width_imputed":false,"neighborhood":"Upper Hill","tree_id":"t00061"},"geometry":{"type":"Point","coordinates":[-79.95851,40.45358]}},{"id":"62","type":"Feature","properties":{"common_name":"Maple: Hedge","condition":"Fair","height":4.2672,"width":1.8288,"crown_r_m":1.0,"crown_h_m":2.77368,"height_imputed":false,"width_imputed":false,"neighborhood":"Upper Hill","tree_id":"t00062"},"geometry":{"type":"Point","coordinates":[-79.95838,40.45353]}},{"id":"63","type":"Feature","properties":{"common_name":"Spruce: Colorado","condition":"Poor","height":16.764,"width":6.096,"crown_r_m":3.048,"crown_h_m":10.8966,"height_imputed":false,"width_imputed":false,"neighborhood":"Upper Hill","tree_id":"t00063"},"geometry":{"type":"Point","coordinates":[-79.95964,40.45383]}},{"id":"64","type":"Feature","properties":{"common_name":"Honeylocust","condition":"Good","height":4.572,"width":2.1336,"crown_r_m":1.0668,"crown_h_m":2.9718,"height_imputed":false,"width_imputed":false,"neighborhood":"Upper Hill","tree_id":"t00064"},"geometry":{"type":"Point","coordinates":[-79.96027,40.45433]}},{"id":"65","type":"Feature","properties":{"common_name":"Maple: Hedge","condition":"Good","height":4.572,"width":2.1336,"crown_r_m":1.0668,"crown_h_m":2.9718,"height_imputed":false,"width_imputed":false,"neighborhood":"Upper Hill","tree_id":"t00065"},"geometry":{"type":"Point","coordinates":[-79.95881,40.45368]}},{"id":"66","type":"Feature","properties":{"common_name":"Oak: Pin","condition":"Fair","height":13.716,"width":3.6576,"crown_r_m":1.8288,"crown_h_m":8.9154,"height_imputed":false,"width_imputed":false,"neighborhood":"Upper Hill","tree_id":"t00066"},"geometry":{"type":"Point","coordinates":[-79.95819,40.45306]}},{"id":"67","type":"Feature","properties":{"common_name":"Crabapple: Flowering","condition":"Good","height":2.7432,"width":1.2192,"crown_r_m":1.0,"crown_h_m":1.78308,"height_imputed":false,"width_imputed":false,"neighborhood":"Upper Hill","tree_id":"t00067"},"geometry":{"type":"Point","coordinates":[-79.95744,40.45149]}},{"id":"68","type":"Feature","properties":{"common_name":"Maple: Red","condition":"Poor","height":6.096,"width":2.4384,"crown_r_m":1.2192,"crown_h_m":3.9624,"height_imputed":false,"width_imputed":false,"neighborhood":"Upper Hill","tree_id":"t00068"},"geometry":{"type":"Point","coordinates":[-79.96164,40.45418]}},{"id":"69","type":"Feature","properties":{"common_name":"Maple: Norway","condition":"Critical","height":9.144,"width":3.9624,"crown_r_m":1.9812,"crown_h_m":5.9436,"height_imputed":false,"width_imputed":false,"neighborhood":"Upper Hill","tree_id":"t00069"},"geometry":{"type":"Point","coordinates":[-79.96324,40.45419]}},{"id":"70","type":"Feature","properties":{"common_name":"London planetree","condition":"Poor","height":9.144,"width":3.6576,"crown_r_m":1.8288,"crown_h_m":5.9436,"height_imputed":false,"width_imputed":false,"neighborhood":"Upper Hill","tree_id":"t00070"},"geometry":{"type":"Point","coordinates":[-79.9637,40.45446]}},{"id":"71","type":"Feature","properties":{"common_name":"London planetree","condition":"Poor","height":4.572,"width":1.524,"crown_r_m":1.0,"crown_h_m":2.9718,"height_imputed":false,"width_imputed":false,"neighborhood":"North Oakland","tree_id":"t00071"},"geometry":{"type":"Point","coordinates":[-79.95129,40.45204]}},{"id":"72","type":"Feature","properties":{"common_name":"Honeylocust: Thornless","condition":"Fair","height":7.62,"width":2.1336,"crown_r_m":1.0668,"crown_h_m":4.953,"height_imputed":false,"width_imputed":false,"neighborhood":"North Oakland","tree_id":"t00072"},"geometry":{"type":"Point","coordinates":[-79.95357,40.45148]}},{"id":"73","type":"Feature","properties":{"common_name":"Linden: Littleleaf","condition":"Poor","height":6.096,"width":2.1336,"crown_r_m":1.0668,"crown_h_m":3.9624,"height_imputed":false,"width_imputed":false,"neighborhood":"Middle Hill","tree_id":"t00073"},"geometry":{"type":"Point","coordinates":[-79.96528,40.45056]}},{"id":"74","type":"Feature","properties":{"common_name":"Sweetgum: American","condition":"Fair","height":12.192,"width":2.7432,"crown_r_m":1.3716,"crown_h_m":7.9248,"height_imputed":false,"width_imputed":false,"neighborhood":"Terrace Village","tree_id":"t00074"},"geometry":{"type":"Point","coordinates":[-79.96499,40.44867]}},{"id":"75","type":"Feature","properties":{"common_name":"Linden: Littleleaf","condition":"Poor","height":6.7056,"width":2.1336,"crown_r_m":1.0668,"crown_h_m":4.35864,"height_imputed":false,"width_imputed":false,"neighborhood":"Middle Hill","tree_id":"t00075"},"geometry":{"type":"Point","coordinates":[-79.96536,40.45043]}},{"id":"76","type":"Feature","properties":{"common_name":"Linden: Littleleaf","condition":"Poor","height":7.62,"width":1.524,"crown_r_m":1.0,"crown_h_m":4.953,"height_imputed":false,"width_imputed":false,"neighborhood":"Middle Hill","tree_id":"t00076"},"geometry":{"type":"Point","coordinates":[-79.9645,40.45186]}},{"id":"77","type":"Feature","properties":{"common_name":"Linden: Littleleaf","condition":"Fair","height":9.144,"width":2.4384,"crown_r_m":1.2192,"crown_h_m":5.9436,"height_imputed":false,"width_imputed":false,"neighborhood":"Middle Hill","tree_id":"t00077"},"geometry":{"type":"Point","coordinates":[-79.96464,40.45249]}},{"id":"78","type":"Feature","properties":{"common_name":"Linden: Littleleaf","condition":"Fair","height":10.668,"width":2.1336,"crown_r_m":1.0668,"crown_h_m":6.9342,"height_imputed":false,"width_imputed":false,"neighborhood":"Upper Hill","tree_id":"t00078"},"geometry":{"type":"Point","coordinates":[-79.96498,40.45072]}},{"id":"79","type":"Feature","properties":{"common_name":"Boxelder","condition":"Critical","height":12.192,"width":3.048,"crown_r_m":1.524,"crown_h_m":7.9248,"height_imputed":false,"width_imputed":false,"neighborhood":"West Oakland","tree_id":"t00079"},"geometry":{"type":"Point","coordinates":[-79.967,40.44246]}},{"id":"80","type":"Feature","properties":{"common_name":"Linden: Littleleaf","condition":"Fair","height":10.668,"width":2.4384,"crown_r_m":1.2192,"crown_h_m":6.9342,"height_imputed":false,"width_imputed":false,"neighborhood":"Upper Hill","tree_id":"t00080"},"geometry":{"type":"Point","coordinates":[-79.96564,40.45375]}},{"id":"81","type":"Feature","properties":{"common_name":"Hawthorn: spp.","condition":"Good","height":2.1336,"width":1.2192,"crown_r_m":1.0,"crown_h_m":1.5,"height_imputed":false,"width_imputed":false,"neighborhood":"North Oakland","tree_id":"t00081"},"geometry":{"type":"Point","coordinates":[-79.95156,40.4541]}},{"id":"82","type":"Feature","properties":{"common_name":"Hawthorn: spp.","condition":"Good","height":2.1336,"width":1.2192,"crown_r_m":1.0,"crown_h_m":1.5,"height_imputed":false,"width_imputed":false,"neighborhood":"North Oakland","tree_id":"t00082"},"geometry":{"type":"Point","coordinates":[-79.95145,40.4541]}},{"id":"83","type":"Feature","properties":{"common_name":"Maple: Norway","condition":"Critical","height":7.62,"width":1.8288,"crown_r_m":1.0,"crown_h_m":4.953,"height_imputed":false,"width_imputed":false,"neighborhood":"North Oakland","tree_id":"t00083"},"geometry":{"type":"Point","coordinates":[-79.9519,40.45391]}},{"id":"84","type":"Feature","properties":{"common_name":"Hawthorn: spp.","condition":"Fair","height":2.4384,"width":1.524,"crown_r_m":1.0,"crown_h_m":1.58496,"height_imputed":false,"width_imputed":false,"neighborhood":"North Oakland","tree_id":"t00084"},"geometry":{"type":"Point","coordinates":[-79.95135,40.4541]}},{"id":"85","type":"Feature","properties":{"common_name":"London planetree","condition":"Poor","height":9.144,"width":3.048,"crown_r_m":1.524,"crown_h_m":5.9436,"height_imputed":false,"width_imputed":false,"neighborhood":"North Oakland","tree_id":"t00085"},"geometry":{"type":"Point","coordinates":[-79.95303,40.45364]}},{"id":"86","type":"Feature","properties":{"common_name":"London planetree","condition":"Good","height":18.288,"width":6.096,"crown_r_m":3.048,"crown_h_m":11.8872,"height_imputed":false,"width_imputed":false,"neighborhood":"North Oakland","tree_id":"t00086"},"geometry":{"type":"Point","coordinates":[-79.95165,40.45346]}},{"id":"87","type":"Feature","properties":{"common_name":"London planetree","condition":"Good","height":19.812,"width":2.4384,"crown_r_m":1.2192,"crown_h_m":12.8778,"height_imputed":false,"width_imputed":false,"neighborhood":"North Oakland","tree_id":"t00087"},"geometry":{"type":"Point","coordinates":[-79.95163,40.45342]}},{"id":"88","type":"Feature","properties":{"common_name":"London planetree","condition":"Good","height":16.764,"width":7.62,"crown_r_m":3.81,"crown_h_m":10.8966,"height_imputed":false,"width_imputed":false,"neighborhood":"North Oakland","tree_id":"t00088"},"geometry":{"type":"Point","coordinates":[-79.95158,40.45333]}},{"id":"89","type":"Feature","properties":{"common_name":"London planetree","condition":"Poor","height":13.716,"width":4.572,"crown_r_m":2.286,"crown_h_m":8.9154,"height_imputed":false,"width_imputed":false,"neighborhood":"North Oakland","tree_id":"t00089"},"geometry":{"type":"Point","coordinates":[-79.95153,40.45356]}},{"id":"90","type":"Feature","properties":{"common_name":"Hawthorn: spp.","condition":"Fair","height":2.4384,"width":1.524,"crown_r_m":1.0,"crown_h_m":1.58496,"height_imputed":false,"width_imputed":false,"neighborhood":"North Oakland","tree_id":"t00090"},"geometry":{"type":"Point","coordinates":[-79.95212,40.4544]}},{"id":"91","type":"Feature","properties":{"common_name":"Hawthorn: spp.","condition":"Poor","height":2.4384,"width":1.524,"crown_r_m":1.0,"crown_h_m":1.58496,"height_imputed":false,"width_imputed":false,"neighborhood":"North Oakland","tree_id":"t00091"},"geometry":{"type":"Point","coordinates":[-79.95199,40.45422]}},{"id":"92","type":"Feature","properties":{"common_name":"Hackberry: Common","condition":"Fair","height":2.4384,"width":1.524,"crown_r_m":1.0,"crown_h_m":1.58496,"height_imputed":false,"width_imputed":false,"neighborhood":"North Oakland","tree_id":"t00092"},"geometry":{"type":"Point","coordinates":[-79.95292,40.45319]}},{"id":"93","type":"Feature","properties":{"common_name":"London planetree","condition":"Poor","height":12.192,"width":4.572,"crown_r_m":2.286,"crown_h_m":7.9248,"height_imputed":false,"width_imputed":false,"neighborhood":"North Oakland","tree_id":"t00093"},"geometry":{"type":"Point","coordinates":[-79.95249,40.4528]}},{"id":"94","type":"Feature","properties":{"common_name":"Zelkova: Japanese","condition":"Fair","height":3.048,"width":1.8288,"crown_r_m":1.0,"crown_h_m":1.9812,"height_imputed":false,"width_imputed":false,"neighborhood":"Shadyside","tree_id":"t00094"},"geometry":{"type":"Point","coordinates":[-79.9452,40.45387]}},{"id":"95","type":"Feature","properties":{"common_name":"Maple: Norway","condition":"Poor","height":7.62,"width":2.1336,"crown_r_m":1.0668,"crown_h_m":4.953,"height_imputed":false,"width_imputed":false,"neighborhood":"Shadyside","tree_id":"t00095"},"geometry":{"type":"Point","coordinates":[-79.94543,40.45382]}},{"id":"96","type":"Feature","properties":{"common_name":"Spruce: Colorado","condition":"Fair","height":13.716,"width":2.1336,"crown_r_m":1.0668,"crown_h_m":8.9154,"height_imputed":false,"width_imputed":false,"neighborhood":"Shadyside","tree_id":"t00096"},"geometry":{"type":"Point","coordinates":[-79.9457,40.45369]}},{"id":"97","type":"Feature","properties":{"common_name":"Elm: American","condition":"Good","height":3.6576,"width":1.8288,"crown_r_m":1.0,"crown_h_m":2.37744,"height_imputed":false,"width_imputed":false,"neighborhood":"Central Oakland","tree_id":"t00097"},"geometry":{"type":"Point","coordinates":[-79.95736,40.43896]}},{"id":"98","type":"Feature","properties":{"common_name":"Oak: Northern Red","condition":"Fair","height":10.668,"width":3.6576,"crown_r_m":1.8288,"crown_h_m":6.9342,"height_imputed":false,"width_imputed":false,"neighborhood":"Central Oakland","tree_id":"t00098"},"geometry":{"type":"Point","coordinates":[-79.95611,40.43702]}},{"id":"99","type":"Feature","properties":{"common_name":"Pear: Callery","condition":"Critical","height":3.6576,"width":1.524,"crown_r_m":1.0,"crown_h_m":2.37744,"height_imputed":false,"width_imputed":false,"neighborhood":"Central Oakland","tree_id":"t00099"},"geometry":{"type":"Point","coordinates":[-79.95857,40.43897]}},{"id":"100","type":"Feature","properties":{"common_name":"Oak: Northern Red","condition":"Good","height":3.048,"width":1.524,"crown_r_m":1.0,"crown_h_m":1.9812,"height_imputed":false,"width_imputed":false,"neighborhood":"North Oakland","tree_id":"t00100"},"geometry":{"type":"Point","coordinates":[-79.95219,40.44865]}},{"id":"101","type":"Feature","properties":{"common_name":"Sweetgum: American","condition":"Fair","height":15.24,"width":2.7432,"crown_r_m":1.3716,"crown_h_m":9.906,"height_imputed":false,"width_imputed":false,"neighborhood":"North Oakland","tree_id":"t00101"},"geometry":{"type":"Point","coordinates":[-79.95432,40.44818]}},{"id":"102","type":"Feature","properties":{"common_name":"Pear: Callery","condition":"Good","height":7.62,"width":1.8288,"crown_r_m":1.0,"crown_h_m":4.953,"height_imputed":false,"width_imputed":false,"neighborhood":"North Oakland","tree_id":"t00102"},"geometry":{"type":"Point","coordinates":[-79.95334,40.44998]}},{"id":"103","type":"Feature","properties":{"common_name":"Pear: Callery","condition":"Good","height":7.62,"width":1.8288,"crown_r_m":1.0,"crown_h_m":4.953,"height_imputed":false,"width_imputed":false,"neighborhood":"North Oakland","tree_id":"t00103"},"geometry":{"type":"Point","coordinates":[-79.95319,40.44964]}},{"id":"104","type":"Feature","properties":{"common_name":"Linden: Littleleaf","condition":"Fair","height":10.668,"width":1.8288,"crown_r_m":1.0,"crown_h_m":6.9342,"height_imputed":false,"width_imputed":false,"neighborhood":"North Oakland","tree_id":"t00104"},"geometry":{"type":"Point","coordinates":[-79.95243,40.44988]}},{"id":"105","type":"Feature","properties":{"common_name":"Ginkgo","condition":"Good","height":13.716,"width":2.1336,"crown_r_m":1.0668,"crown_h_m":8.9154,"height_imputed":false,"width_imputed":false,"neighborhood":"North Oakland","tree_id":"t00105"},"geometry":{"type":"Point","coordinates":[-79.95298,40.45078]}},{"id":"106","type":"Feature","properties":{"common_name":"Linden: Littleleaf","condition":"Fair","height":10.668,"width":3.6576,"crown_r_m":1.8288,"crown_h_m":6.9342,"height_imputed":false,"width_imputed":false,"neighborhood":"North Oakland","tree_id":"t00106"},"geometry":{"type":"Point","coordinates":[-79.95555,40.4497]}},{"id":"107","type":"Feature","properties":{"common_name":"London planetree","condition":"Fair","height":19.812,"width":4.572,"crown_r_m":2.286,"crown_h_m":12.8778,"height_imputed":false,"width_imputed":false,"neighborhood":"North Oakland","tree_id":"t00107"},"geometry":{"type":"Point","coordinates":[-79.95626,40.44684]}},{"id":"108","type":"Feature","properties":{"common_name":"Locust: Black","condition":"Fair","height":16.764,"width":7.62,"crown_r_m":3.81,"crown_h_m":10.8966,"height_imputed":false,"width_imputed":false,"neighborhood":"Central Oakland","tree_id":"t00108"},"geometry":{"type":"Point","coordinates":[-79.95739,40.43825]}},{"id":"109","type":"Feature","properties":{"common_name":"Locust: Black","condition":"Fair","height":13.716,"width":4.572,"crown_r_m":2.286,"crown_h_m":8.9154,"height_imputed":false,"width_imputed":false,"neighborhood":"Central Oakland","tree_id":"t00109"},"geometry":{"type":"Point","coordinates":[-79.95737,40.43824]}},{"id":"110","type":"Feature","properties":{"common_name":"Locust: Black","condition":"Fair","height":15.24,"width":4.572,"crown_r_m":2.286,"crown_h_m":9.906,"height_imputed":false,"width_imputed":false,"neighborhood":"Central Oakland","tree_id":"t00110"},"geometry":{"type":"Point","coordinates":[-79.95735,40.43821]}},{"id":"111","type":"Feature","properties":{"common_name":"Maple: Norway","condition":"Fair","height":12.192,"width":3.6576,"crown_r_m":1.8288,"crown_h_m":7.9248,"height_imputed":false,"width_imputed":false,"neighborhood":"Central Oakland","tree_id":"t00111"},"geometry":{"type":"Point","coordinates":[-79.95605,40.43713]}},{"id":"112","type":"Feature","properties":{"common_name":"Pear: Callery","condition":"Good","height":6.096,"width":1.8288,"crown_r_m":1.0,"crown_h_m":3.9624,"height_imputed":false,"width_imputed":false,"neighborhood":"Central Oakland","tree_id":"t00112"},"geometry":{"type":"Point","coordinates":[-79.95437,40.4429]}},{"id":"113","type":"Feature","properties":{"common_name":"Maple: Norway","condition":"Fair","height":13.716,"width":3.048,"crown_r_m":1.524,"crown_h_m":8.9154,"height_imputed":false,"width_imputed":false,"neighborhood":"Central Oakland","tree_id":"t00113"},"geometry":{"type":"Point","coordinates":[-79.95181,40.4404]}},{"id":"114","type":"Feature","properties":{"common_name":"Pear: Callery","condition":"Fair","height":10.668,"width":2.4384,"crown_r_m":1.2192,"crown_h_m":6.9342,"height_imputed":false,"width_imputed":false,"neighborhood":"North Oakland","tree_id":"t00114"},"geometry":{"type":"Point","coordinates":[-79.94769,40.44533]}},{"id":"115","type":"Feature","properties":{"common_name":"Honeylocust: Thornless","condition":"Poor","height":6.096,"width":2.4384,"crown_r_m":1.2192,"crown_h_m":3.9624,"height_imputed":false,"width_imputed":false,"neighborhood":"North Oakland","tree_id":"t00115"},"geometry":{"type":"Point","coordinates":[-79.94867,40.44504]}},{"id":"116","type":"Feature","properties":{"common_name":"Honeylocust: Thornless","condition":"Poor","height":6.7056,"width":5.7912,"crown_r_m":2.8956,"crown_h_m":4.35864,"height_imputed":false,"width_imputed":false,"neighborhood":"North Oakland","tree_id":"t00116"},"geometry":{"type":"Point","coordinates":[-79.94865,40.44492]}},{"id":"117","type":"Feature","properties":{"common_name":"Pear: Callery","condition":"Poor","height":7.62,"width":7.0104,"crown_r_m":3.5052,"crown_h_m":4.953,"height_imputed":false,"width_imputed":false,"neighborhood":"North Oakland","tree_id":"t00117"},"geometry":{"type":"Point","coordinates":[-79.94864,40.44478]}},{"id":"118","type":"Feature","properties":{"common_name":"Maple: Freeman","condition":"Poor","height":6.096,"width":2.1336,"crown_r_m":1.0668,"crown_h_m":3.9624,"height_imputed":false,"width_imputed":false,"neighborhood":"North Oakland","tree_id":"t00118"},"geometry":{"type":"Point","coordinates":[-79.94815,40.44591]}},{"id":"119","type":"Feature","properties":{"common_name":"Pear: Callery","condition":"Critical","height":7.62,"width":3.6576,"crown_r_m":1.8288,"crown_h_m":4.953,"height_imputed":false,"width_imputed":false,"neighborhood":"North Oakland","tree_id":"t00119"},"geometry":{"type":"Point","coordinates":[-79.9488,40.44464]}},{"id":"120","type":"Feature","properties":{"common_name":"Linden: Littleleaf","condition":"Good","height":15.24,"width":1.2192,"crown_r_m":1.0,"crown_h_m":9.906,"height_imputed":false,"width_imputed":false,"neighborhood":"Central Oakland","tree_id":"t00120"},"geometry":{"type":"Point","coordinates":[-79.95134,40.43697]}},{"id":"121","type":"Feature","properties":{"common_name":"Crabapple: Flowering","condition":"Fair","height":1.8288,"width":0.6096,"crown_r_m":1.0,"crown_h_m":1.5,"height_imputed":false,"width_imputed":false,"neighborhood":"West Oakland","tree_id":"t00121"},"geometry":{"type":"Point","coordinates":[-79.96406,40.44091]}},{"id":"122","type":"Feature","properties":{"common_name":"Locust: Black","condition":"Fair","height":13.716,"width":3.6576,"crown_r_m":1.8288,"crown_h_m":8.9154,"height_imputed":false,"width_imputed":false,"neighborhood":"West Oakland","tree_id":"t00122"},"geometry":{"type":"Point","coordinates":[-79.964,40.44097]}},{"id":"123","type":"Feature","properties":{"common_name":"London planetree","condition":"Fair","height":16.764,"width":4.572,"crown_r_m":2.286,"crown_h_m":10.8966,"height_imputed":false,"width_imputed":false,"neighborhood":"North Oakland","tree_id":"t00123"},"geometry":{"type":"Point","coordinates":[-79.95714,40.44352]}},{"id":"124","type":"Feature","properties":{"common_name":"Oak: Pin","condition":"Poor","height":9.144,"width":2.4384,"crown_r_m":1.2192,"crown_h_m":5.9436,"height_imputed":false,"width_imputed":false,"neighborhood":"North Oakland","tree_id":"t00124"},"geometry":{"type":"Point","coordinates":[-79.95043,40.45129]}},{"id":"125","type":"Feature","properties":{"common_name":"London planetree","condition":"Poor","height":7.62,"width":3.048,"crown_r_m":1.524,"crown_h_m":4.953,"height_imputed":false,"width_imputed":false,"neighborhood":"North Oakland","tree_id":"t00125"},"geometry":{"type":"Point","coordinates":[-79.9527,40.44814]}},{"id":"126","type":"Feature","properties":{"common_name":"Oak: Pin","condition":"Fair","height":18.288,"width":3.6576,"crown_r_m":1.8288,"crown_h_m":11.8872,"height_imputed":false,"width_imputed":false,"neighborhood":"Shadyside","tree_id":"t00126"},"geometry":{"type":"Point","coordinates":[-79.94227,40.44898]}},{"id":"127","type":"Feature","properties":{"common_name":"Linden: American","condition":"Fair","height":15.24,"width":10.668,"crown_r_m":5.334,"crown_h_m":9.906,"height_imputed":false,"width_imputed":false,"neighborhood":"Shadyside","tree_id":"t00127"},"geometry":{"type":"Point","coordinates":[-79.94125,40.44915]}},{"id":"128","type":"Feature","properties":{"common_name":"Oak: Pin","condition":"Good","height":13.716,"width":3.9624,"crown_r_m":1.9812,"crown_h_m":8.9154,"height_imputed":false,"width_imputed":false,"neighborhood":"Shadyside","tree_id":"t00128"},"geometry":{"type":"Point","coordinates":[-79.9475,40.44799]}},{"id":"129","type":"Feature","properties":{"common_name":"Oak: Pin","condition":"Poor","height":10.668,"width":4.572,"crown_r_m":2.286,"crown_h_m":6.9342,"height_imputed":false,"width_imputed":false,"neighborhood":"Shadyside","tree_id":"t00129"},"geometry":{"type":"Point","coordinates":[-79.94743,40.4477]}},{"id":"130","type":"Feature","properties":{"common_name":"Oak: Swamp White","condition":"Good","height":3.3528,"width":1.2192,"crown_r_m":1.0,"crown_h_m":2.17932,"height_imputed":false,"width_imputed":false,"neighborhood":"North Oakland","tree_id":"t00130"},"geometry":{"type":"Point","coordinates":[-79.95135,40.44684]}},{"id":"131","type":"Feature","properties":{"common_name":"Honeylocust: Thornless","condition":"Fair","height":2.4384,"width":1.524,"crown_r_m":1.0,"crown_h_m":1.58496,"height_imputed":false,"width_imputed":false,"neighborhood":"North Oakland","tree_id":"t00131"},"geometry":{"type":"Point","coordinates":[-79.95153,40.44837]}},{"id":"132","type":"Feature","properties":{"common_name":"Honeylocust: Thornless","condition":"Good","height":3.9624,"width":2.1336,"crown_r_m":1.0668,"crown_h_m":2.57556,"height_imputed":false,"width_imputed":false,"neighborhood":"North Oakland","tree_id":"t00132"},"geometry":{"type":"Point","coordinates":[-79.95002,40.4457]}},{"id":"133","type":"Feature","properties":{"common_name":"Honeylocust: Thornless","condition":"Good","height":4.572,"width":2.1336,"crown_r_m":1.0668,"crown_h_m":2.9718,"height_imputed":false,"width_imputed":false,"neighborhood":"North Oakland","tree_id":"t00133"},"geometry":{"type":"Point","coordinates":[-79.9501,40.44569]}},{"id":"134","type":"Feature","properties":{"common_name":"Honeylocust: Thornless","condition":"Fair","height":4.572,"width":1.8288,"crown_r_m":1.0,"crown_h_m":2.9718,"height_imputed":false,"width_imputed":false,"neighborhood":"North Oakland","tree_id":"t00134"},"geometry":{"type":"Point","coordinates":[-79.95019,40.44569]}},{"id":"135","type":"Feature","properties":{"common_name":"Maple: Hedge","condition":"Fair","height":3.6576,"width":2.1336,"crown_r_m":1.0668,"crown_h_m":2.37744,"height_imputed":false,"width_imputed":false,"neighborhood":"North Oakland","tree_id":"t00135"},"geometry":{"type":"Point","coordinates":[-79.94899,40.44586]}},{"id":"136","type":"Feature","properties":{"common_name":"Elm: American","condition":"Fair","height":4.572,"width":1.8288,"crown_r_m":1.0,"crown_h_m":2.9718,"height_imputed":false,"width_imputed":false,"neighborhood":"North Oakland","tree_id":"t00136"},"geometry":{"type":"Point","coordinates":[-79.95033,40.44541]}},{"id":"137","type":"Feature","properties":{"common_name":"Elm: American","condition":"Fair","height":4.572,"width":1.8288,"crown_r_m":1.0,"crown_h_m":2.9718,"height_imputed":false,"width_imputed":false,"neighborhood":"North Oakland","tree_id":"t00137"},"geometry":{"type":"Point","coordinates":[-79.95031,40.44526]}},{"id":"138","type":"Feature","properties":{"common_name":"Ginkgo","condition":"Critical","height":9.144,"width":2.7432,"crown_r_m":1.3716,"crown_h_m":5.9436,"height_imputed":false,"width_imputed":false,"neighborhood":"North Oakland","tree_id":"t00138"},"geometry":{"type":"Point","coordinates":[-79.95166,40.44612]}},{"id":"139","type":"Feature","properties":{"common_name":"Ginkgo","condition":"Fair","height":10.668,"width":2.1336,"crown_r_m":1.0668,"crown_h_m":6.9342,"height_imputed":false,"width_imputed":false,"neighborhood":"North Oakland","tree_id":"t00139"},"geometry":{"type":"Point","coordinates":[-79.95155,40.44587]}},{"id":"140","type":"Feature","properties":{"common_name":"Crabapple: Flowering","condition":"Good","height":4.8768,"width":1.524,"crown_r_m":1.0,"crown_h_m":3.16992,"height_imputed":false,"width_imputed":false,"neighborhood":"North Oakland","tree_id":"t00140"},"geometry":{"type":"Point","coordinates":[-79.95141,40.44572]}},{"id":"141","type":"Feature","properties":{"common_name":"Ginkgo","condition":"Critical","height":6.096,"width":1.8288,"crown_r_m":1.0,"crown_h_m":3.9624,"height_imputed":false,"width_imputed":false,"neighborhood":"North Oakland","tree_id":"t00141"},"geometry":{"type":"Point","coordinates":[-79.95143,40.44563]}},{"id":"142","type":"Feature","properties":{"common_name":"Ginkgo","condition":"Fair","height":12.192,"width":2.7432,"crown_r_m":1.3716,"crown_h_m":7.9248,"height_imputed":false,"width_imputed":false,"neighborhood":"North Oakland","tree_id":"t00142"},"geometry":{"type":"Point","coordinates":[-79.95113,40.44492]}},{"id":"143","type":"Feature","properties":{"common_name":"Pear: Callery","condition":"Fair","height":7.62,"width":1.8288,"crown_r_m":1.0,"crown_h_m":4.953,"height_imputed":false,"width_imputed":false,"neighborhood":"North Oakland","tree_id":"t00143"},"geometry":{"type":"Point","coordinates":[-79.95104,40.44492]}},{"id":"144","type":"Feature","properties":{"common_name":"Ginkgo","condition":"Fair","height":2.1336,"width":1.524,"crown_r_m":1.0,"crown_h_m":1.5,"height_imputed":false,"width_imputed":false,"neighborhood":"North Oakland","tree_id":"t00144"},"geometry":{"type":"Point","coordinates":[-79.9503,40.45106]}},{"id":"145","type":"Feature","properties":{"common_name":"London planetree","condition":"Fair","height":7.62,"width":3.048,"crown_r_m":1.524,"crown_h_m":4.953,"height_imputed":false,"width_imputed":false,"neighborhood":"North Oakland","tree_id":"t00145"},"geometry":{"type":"Point","coordinates":[-79.94974,40.45022]}},{"id":"146","type":"Feature","properties":{"common_name":"Oak: Pin","condition":"Good","height":10.668,"width":2.7432,"crown_r_m":1.3716,"crown_h_m":6.9342,"height_imputed":false,"width_imputed":false,"neighborhood":"North Oakland","tree_id":"t00146"},"geometry":{"type":"Point","coordinates":[-79.95047,40.45141]}},{"id":"147","type":"Feature","properties":{"common_name":"Elm: American","condition":"Fair","height":4.572,"width":1.524,"crown_r_m":1.0,"crown_h_m":2.9718,"height_imputed":false,"width_imputed":false,"neighborhood":"North Oakland","tree_id":"t00147"},"geometry":{"type":"Point","coordinates":[-79.9508,40.45195]}},{"id":"148","type":"Feature","properties":{"common_name":"Serviceberry: Downy","condition":"Good","height":2.4384,"width":1.2192,"crown_r_m":1.0,"crown_h_m":1.58496,"height_imputed":false,"width_imputed":false,"neighborhood":"North Oakland","tree_id":"t00148"},"geometry":{"type":"Point","coordinates":[-79.95,40.45076]}},{"id":"149","type":"Feature","properties":{"common_name":"Maple: Norway","condition":"Fair","height":10.668,"width":2.7432,"crown_r_m":1.3716,"crown_h_m":6.9342,"height_imputed":false,"width_imputed":false,"neighborhood":"North Oakland","tree_id":"t00149"},"geometry":{"type":"Point","coordinates":[-79.95022,40.44883]}},{"id":"150","type":"Feature","properties":{"common_name":"Pear: Callery","condition":"Good","height":4.572,"width":0.9144,"crown_r_m":1.0,"crown_h_m":2.9718,"height_imputed":false,"width_imputed":false,"neighborhood":"North Oakland","tree_id":"t00150"},"geometry":{"type":"Point","coordinates":[-79.94905,40.44522]}},{"id":"151","type":"Feature","properties":{"common_name":"Maple: Freeman","condition":"Poor","height":4.572,"width":2.1336,"crown_r_m":1.0668,"crown_h_m":2.9718,"height_imputed":false,"width_imputed":false,"neighborhood":"North Oakland","tree_id":"t00151"},"geometry":{"type":"Point","coordinates":[-79.94944,40.44517]}},{"id":"152","type":"Feature","properties":{"common_name":"Honeylocust: Thornless","condition":"Fair","height":3.6576,"width":2.1336,"crown_r_m":1.0668,"crown_h_m":2.37744,"height_imputed":false,"width_imputed":false,"neighborhood":"North Oakland","tree_id":"t00152"},"geometry":{"type":"Point","coordinates":[-79.94986,40.44572]}},{"id":"153","type":"Feature","properties":{"common_name":"Honeylocust: Thornless","condition":"Good","height":4.572,"width":2.1336,"crown_r_m":1.0668,"crown_h_m":2.9718,"height_imputed":false,"width_imputed":false,"neighborhood":"North Oakland","tree_id":"t00153"},"geometry":{"type":"Point","coordinates":[-79.94993,40.44571]}},{"id":"154","type":"Feature","properties":{"common_name":"Pear: Callery","condition":"Fair","height":7.62,"width":2.1336,"crown_r_m":1.0668,"crown_h_m":4.953,"height_imputed":false,"width_imputed":false,"neighborhood":"North Oakland","tree_id":"t00154"},"geometry":{"type":"Point","coordinates":[-79.95075,40.4443]}},{"id":"155","type":"Feature","properties":{"common_name":"Pear: Callery","condition":"Good","height":9.144,"width":2.1336,"crown_r_m":1.0668,"crown_h_m":5.9436,"height_imputed":false,"width_imputed":false,"neighborhood":"North Oakland","tree_id":"t00155"},"geometry":{"type":"Point","coordinates":[-79.95072,40.44422]}},{"id":"156","type":"Feature","properties":{"common_name":"Pear: Callery","condition":"Fair","height":7.62,"width":1.8288,"crown_r_m":1.0,"crown_h_m":4.953,"height_imputed":false,"width_imputed":false,"neighborhood":"North Oakland","tree_id":"t00156"},"geometry":{"type":"Point","coordinates":[-79.9507,40.44418]}},{"id":"157","type":"Feature","properties":{"common_name":"Pear: Callery","condition":"Good","height":7.62,"width":2.1336,"crown_r_m":1.0668,"crown_h_m":4.953,"height_imputed":false,"width_imputed":false,"neighborhood":"North Oakland","tree_id":"t00157"},"geometry":{"type":"Point","coordinates":[-79.95068,40.44414]}},{"id":"158","type":"Feature","properties":{"common_name":"Magnolia: Saucer","condition":"Good","height":4.572,"width":1.524,"crown_r_m":1.0,"crown_h_m":2.9718,"height_imputed":false,"width_imputed":false,"neighborhood":"North Oakland","tree_id":"t00158"},"geometry":{"type":"Point","coordinates":[-79.95432,40.44547]}},{"id":"159","type":"Feature","properties":{"common_name":"Pear: Callery","condition":"Good","height":6.096,"width":1.2192,"crown_r_m":1.0,"crown_h_m":3.9624,"height_imputed":false,"width_imputed":false,"neighborhood":"North Oakland","tree_id":"t00159"},"geometry":{"type":"Point","coordinates":[-79.95481,40.44565]}},{"id":"160","type":"Feature","properties":{"common_name":"Pear: Callery","condition":"Good","height":7.62,"width":1.524,"crown_r_m":1.0,"crown_h_m":4.953,"height_imputed":false,"width_imputed":false,"neighborhood":"North Oakland","tree_id":"t00160"},"geometry":{"type":"Point","coordinates":[-79.955,40.44581]}},{"id":"161","type":"Feature","properties":{"common_name":"Elm: Lacebark","condition":"Fair","height":6.096,"width":2.4384,"crown_r_m":1.2192,"crown_h_m":3.9624,"height_imputed":false,"width_imputed":false,"neighborhood":"North Oakland","tree_id":"t00161"},"geometry":{"type":"Point","coordinates":[-79.95653,40.44329]}},{"id":"162","type":"Feature","properties":{"common_name":"Linden: Littleleaf","condition":"Fair","height":10.668,"width":1.8288,"crown_r_m":1.0,"crown_h_m":6.9342,"height_imputed":false,"width_imputed":false,"neighborhood":"North Oakland","tree_id":"t00162"},"geometry":{"type":"Point","coordinates":[-79.95532,40.45019]}},{"id":"163","type":"Feature","properties":{"common_name":"Linden: Littleleaf","condition":"Fair","height":10.668,"width":2.1336,"crown_r_m":1.0668,"crown_h_m":6.9342,"height_imputed":false,"width_imputed":false,"neighborhood":"North Oakland","tree_id":"t00163"},"geometry":{"type":"Point","coordinates":[-79.9553,40.4503]}},{"id":"164","type":"Feature","properties":{"common_name":"Linden: Littleleaf","condition":"Fair","height":10.668,"width":2.1336,"crown_r_m":1.0668,"crown_h_m":6.9342,"height_imputed":false,"width_imputed":false,"neighborhood":"North Oakland","tree_id":"t00164"},"geometry":{"type":"Point","coordinates":[-79.9552,40.45051]}},{"id":"165","type":"Feature","properties":{"common_name":"Ginkgo","condition":"Fair","height":10.668,"width":3.048,"crown_r_m":1.524,"crown_h_m":6.9342,"height_imputed":false,"width_imputed":false,"neighborhood":"North Oakland","tree_id":"t00165"},"geometry":{"type":"Point","coordinates":[-79.95315,40.45125]}},{"id":"166","type":"Feature","properties":{"common_name":"Ginkgo","condition":"Fair","height":10.668,"width":3.6576,"crown_r_m":1.8288,"crown_h_m":6.9342,"height_imputed":false,"width_imputed":false,"neighborhood":"North Oakland","tree_id":"t00166"},"geometry":{"type":"Point","coordinates":[-79.95313,40.45121]}},{"id":"167","type":"Feature","properties":{"common_name":"Ginkgo","condition":"Fair","height":10.668,"width":4.572,"crown_r_m":2.286,"crown_h_m":6.9342,"height_imputed":false,"width_imputed":false,"neighborhood":"North Oakland","tree_id":"t00167"},"geometry":{"type":"Point","coordinates":[-79.95309,40.45117]}},{"id":"168","type":"Feature","properties":{"common_name":"Ginkgo","condition":"Fair","height":12.192,"width":1.8288,"crown_r_m":1.0,"crown_h_m":7.9248,"height_imputed":false,"width_imputed":false,"neighborhood":"North Oakland","tree_id":"t00168"},"geometry":{"type":"Point","coordinates":[-79.95215,40.44961]}},{"id":"169","type":"Feature","properties":{"common_name":"Maple: Norway","condition":"Fair","height":9.144,"width":1.8288,"crown_r_m":1.0,"crown_h_m":5.9436,"height_imputed":false,"width_imputed":false,"neighborhood":"North Oakland","tree_id":"t00169"},"geometry":{"type":"Point","coordinates":[-79.95203,40.4494]}},{"id":"170","type":"Feature","properties":{"common_name":"Ginkgo","condition":"Good","height":13.716,"width":2.4384,"crown_r_m":1.2192,"crown_h_m":8.9154,"height_imputed":false,"width_imputed":false,"neighborhood":"North Oakland","tree_id":"t00170"},"geometry":{"type":"Point","coordinates":[-79.95256,40.4501]}},{"id":"171","type":"Feature","properties":{"common_name":"London planetree","condition":"Good","height":16.764,"width":3.048,"crown_r_m":1.524,"crown_h_m":10.8966,"height_imputed":false,"width_imputed":false,"neighborhood":"North Oakland","tree_id":"t00171"},"geometry":{"type":"Point","coordinates":[-79.95591,40.44789]}},{"id":"172","type":"Feature","properties":{"common_name":"Zelkova: Japanese","condition":"Good","height":4.572,"width":1.8288,"crown_r_m":1.0,"crown_h_m":2.9718,"height_imputed":false,"width_imputed":false,"neighborhood":"North Oakland","tree_id":"t00172"},"geometry":{"type":"Point","coordinates":[-79.95361,40.45058]}},{"id":"173","type":"Feature","properties":{"common_name":"Pear: Callery","condition":"Good","height":7.62,"width":1.8288,"crown_r_m":1.0,"crown_h_m":4.953,"height_imputed":false,"width_imputed":false,"neighborhood":"North Oakland","tree_id":"t00173"},"geometry":{"type":"Point","coordinates":[-79.95336,40.45003]}},{"id":"174","type":"Feature","properties":{"common_name":"Dogwood: Flowering","condition":"Fair","height":1.8288,"width":0.3048,"crown_r_m":1.0,"crown_h_m":1.5,"height_imputed":false,"width_imputed":false,"neighborhood":"North Oakland","tree_id":"t00174"},"geometry":{"type":"Point","coordinates":[-79.95298,40.44918]}},{"id":"175","type":"Feature","properties":{"common_name":"Dogwood: Flowering","condition":"Poor","height":1.524,"width":0.3048,"crown_r_m":1.0,"crown_h_m":1.5,"height_imputed":false,"width_imputed":false,"neighborhood":"North Oakland","tree_id":"t00175"},"geometry":{"type":"Point","coordinates":[-79.95293,40.44906]}},{"id":"176","type":"Feature","properties":{"common_name":"Dogwood: Flowering","condition":"Fair","height":1.8288,"width":0.3048,"crown_r_m":1.0,"crown_h_m":1.5,"height_imputed":false,"width_imputed":false,"neighborhood":"North Oakland","tree_id":"t00176"},"geometry":{"type":"Point","coordinates":[-79.95291,40.44902]}},{"id":"177","type":"Feature","properties":{"common_name":"Dogwood: Flowering","condition":"Fair","height":1.8288,"width":0.3048,"crown_r_m":1.0,"crown_h_m":1.5,"height_imputed":false,"width_imputed":false,"neighborhood":"North Oakland","tree_id":"t00177"},"geometry":{"type":"Point","coordinates":[-79.95287,40.44894]}},{"id":"178","type":"Feature","properties":{"common_name":"Sweetgum: American","condition":"Good","height":16.764,"width":3.6576,"crown_r_m":1.8288,"crown_h_m":10.8966,"height_imputed":false,"width_imputed":false,"neighborhood":"North Oakland","tree_id":"t00178"},"geometry":{"type":"Point","coordinates":[-79.95493,40.4487]}},{"id":"179","type":"Feature","properties":{"common_name":"Oak: Northern Red","condition":"Good","height":16.764,"width":9.144,"crown_r_m":4.572,"crown_h_m":10.8966,"height_imputed":false,"width_imputed":false,"neighborhood":"North Oakland","tree_id":"t00179"},"geometry":{"type":"Point","coordinates":[-79.95483,40.44862]}},{"id":"180","type":"Feature","properties":{"common_name":"Sweetgum: American","condition":"Very Good","height":18.288,"width":3.6576,"crown_r_m":1.8288,"crown_h_m":11.8872,"height_imputed":false,"width_imputed":false,"neighborhood":"North Oakland","tree_id":"t00180"},"geometry":{"type":"Point","coordinates":[-79.95475,40.44856]}},{"id":"181","type":"Feature","properties":{"common_name":"Oak: Northern Red","condition":"Fair","height":9.144,"width":3.6576,"crown_r_m":1.8288,"crown_h_m":5.9436,"height_imputed":false,"width_imputed":false,"neighborhood":"Central Oakland","tree_id":"t00181"},"geometry":{"type":"Point","coordinates":[-79.95603,40.43696]}},{"id":"182","type":"Feature","properties":{"common_name":"Oak: Northern Red","condition":"Good","height":18.288,"width":3.048,"crown_r_m":1.524,"crown_h_m":11.8872,"height_imputed":false,"width_imputed":false,"neighborhood":"North Oakland","tree_id":"t00182"},"geometry":{"type":"Point","coordinates":[-79.95569,40.44772]}},{"id":"183","type":"Feature","properties":{"common_name":"Linden: Littleleaf","condition":"Fair","height":7.62,"width":3.048,"crown_r_m":1.524,"crown_h_m":4.953,"height_imputed":false,"width_imputed":false,"neighborhood":"North Oakland","tree_id":"t00183"},"geometry":{"type":"Point","coordinates":[-79.95174,40.44919]}},{"id":"184","type":"Feature","properties":{"common_name":"London planetree","condition":"Good","height":4.8768,"width":2.1336,"crown_r_m":1.0668,"crown_h_m":3.16992,"height_imputed":false,"width_imputed":false,"neighborhood":"North Oakland","tree_id":"t00184"},"geometry":{"type":"Point","coordinates":[-79.94746,40.44444]}},{"id":"185","type":"Feature","properties":{"common_name":"Honeylocust: Thornless","condition":"Critical","height":5.1816,"width":2.4384,"crown_r_m":1.2192,"crown_h_m":3.36804,"height_imputed":false,"width_imputed":false,"neighborhood":"North Oakland","tree_id":"t00185"},"geometry":{"type":"Point","coordinates":[-79.95184,40.45173]}},{"id":"186","type":"Feature","properties":{"common_name":"Linden: Silver","condition":"Good","height":3.048,"width":1.524,"crown_r_m":1.0,"crown_h_m":1.9812,"height_imputed":false,"width_imputed":false,"neighborhood":"North Oakland","tree_id":"t00186"},"geometry":{"type":"Point","coordinates":[-79.95181,40.45169]}},{"id":"187","type":"Feature","properties":{"common_name":"Honeylocust: Thornless","condition":"Critical","height":6.096,"width":1.8288,"crown_r_m":1.0,"crown_h_m":3.9624,"height_imputed":false,"width_imputed":false,"neighborhood":"North Oakland","tree_id":"t00187"},"geometry":{"type":"Point","coordinates":[-79.95165,40.45144]}},{"id":"188","type":"Feature","properties":{"common_name":"Honeylocust: Thornless","condition":"Fair","height":4.572,"width":2.1336,"crown_r_m":1.0668,"crown_h_m":2.9718,"height_imputed":false,"width_imputed":false,"neighborhood":"Central Oakland","tree_id":"t00188"},"geometry":{"type":"Point","coordinates":[-79.95596,40.44161]}},{"id":"189","type":"Feature","properties":{"common_name":"Pear: Callery","condition":"Good","height":7.62,"width":1.8288,"crown_r_m":1.0,"crown_h_m":4.953,"height_imputed":false,"width_imputed":false,"neighborhood":"North Oakland","tree_id":"t00189"},"geometry":{"type":"Point","coordinates":[-79.94896,40.44606]}},{"id":"190","type":"Feature","properties":{"common_name":"Pear: Callery","condition":"Fair","height":4.572,"width":2.1336,"crown_r_m":1.0668,"crown_h_m":2.9718,"height_imputed":false,"width_imputed":false,"neighborhood":"North Oakland","tree_id":"t00190"},"geometry":{"type":"Point","coordinates":[-79.94897,40.4462]}},{"id":"191","type":"Feature","properties":{"common_name":"Ginkgo","condition":"Fair","height":4.8768,"width":1.524,"crown_r_m":1.0,"crown_h_m":3.16992,"height_imputed":false,"width_imputed":false,"neighborhood":"North Oakland","tree_id":"t00191"},"geometry":{"type":"Point","coordinates":[-79.94901,40.44655]}},{"id":"192","type":"Feature","properties":{"common_name":"Ginkgo","condition":"Good","height":4.572,"width":1.8288,"crown_r_m":1.0,"crown_h_m":2.9718,"height_imputed":false,"width_imputed":false,"neighborhood":"North Oakland","tree_id":"t00192"},"geometry":{"type":"Point","coordinates":[-79.94902,40.44663]}},{"id":"193","type":"Feature","properties":{"common_name":"Maple: Amur","condition":"Fair","height":3.6576,"width":1.524,"crown_r_m":1.0,"crown_h_m":2.37744,"height_imputed":false,"width_imputed":false,"neighborhood":"North Oakland","tree_id":"t00193"},"geometry":{"type":"Point","coordinates":[-79.94872,40.44635]}},{"id":"194","type":"Feature","properties":{"common_name":"Pear: Callery","condition":"Good","height":6.096,"width":1.524,"crown_r_m":1.0,"crown_h_m":3.9624,"height_imputed":false,"width_imputed":false,"neighborhood":"North Oakland","tree_id":"t00194"},"geometry":{"type":"Point","coordinates":[-79.94837,40.4459]}},{"id":"195","type":"Feature","properties":{"common_name":"Pear: Callery","condition":"Fair","height":6.096,"width":1.8288,"crown_r_m":1.0,"crown_h_m":3.9624,"height_imputed":false,"width_imputed":false,"neighborhood":"North Oakland","tree_id":"t00195"},"geometry":{"type":"Point","coordinates":[-79.94874,40.44565]}},{"id":"196","type":"Feature","properties":{"common_name":"Pear: Callery","condition":"Fair","height":6.096,"width":2.1336,"crown_r_m":1.0668,"crown_h_m":3.9624,"height_imputed":false,"width_imputed":false,"neighborhood":"North Oakland","tree_id":"t00196"},"geometry":{"type":"Point","coordinates":[-79.94875,40.44552]}},{"id":"197","type":"Feature","properties":{"common_name":"Pear: Callery","condition":"Fair","height":9.144,"width":2.1336,"crown_r_m":1.0668,"crown_h_m":5.9436,"height_imputed":false,"width_imputed":false,"neighborhood":"North Oakland","tree_id":"t00197"},"geometry":{"type":"Point","coordinates":[-79.94759,40.44533]}},{"id":"198","type":"Feature","properties":{"common_name":"Tree-of-Heaven","condition":"Fair","height":10.668,"width":6.096,"crown_r_m":3.048,"crown_h_m":6.9342,"height_imputed":false,"width_imputed":false,"neighborhood":"Central Oakland","tree_id":"t00198"},"geometry":{"type":"Point","coordinates":[-79.95176,40.4404]}},{"id":"199","type":"Feature","properties":{"common_name":"Maple: Norway","condition":"Fair","height":13.716,"width":4.572,"crown_r_m":2.286,"crown_h_m":8.9154,"height_imputed":false,"width_imputed":false,"neighborhood":"Central Oakland","tree_id":"t00199"},"geometry":{"type":"Point","coordinates":[-79.95183,40.4404]}},{"id":"200","type":"Feature","properties":{"common_name":"Maple: Norway","condition":"Fair","height":10.668,"width":3.6576,"crown_r_m":1.8288,"crown_h_m":6.9342,"height_imputed":false,"width_imputed":false,"neighborhood":"Central Oakland","tree_id":"t00200"},"geometry":{"type":"Point","coordinates":[-79.95212,40.4404]}},{"id":"201","type":"Feature","properties":{"common_name":"Mulberry: White","condition":"Fair","height":10.668,"width":3.048,"crown_r_m":1.524,"crown_h_m":6.9342,"height_imputed":false,"width_imputed":false,"neighborhood":"Central Oakland","tree_id":"t00201"},"geometry":{"type":"Point","coordinates":[-79.95305,40.43991]}},{"id":"202","type":"Feature","properties":{"common_name":"Pear: Callery","condition":"Poor","height":9.144,"width":1.8288,"crown_r_m":1.0,"crown_h_m":5.9436,"height_imputed":false,"width_imputed":false,"neighborhood":"Central Oakland","tree_id":"t00202"},"geometry":{"type":"Point","coordinates":[-79.95452,40.43866]}},{"id":"203","type":"Feature","properties":{"common_name":"Pear: Callery","condition":"Fair","height":9.144,"width":1.8288,"crown_r_m":1.0,"crown_h_m":5.9436,"height_imputed":false,"width_imputed":false,"neighborhood":"Central Oakland","tree_id":"t00203"},"geometry":{"type":"Point","coordinates":[-79.95415,40.43836]}},{"id":"204","type":"Feature","properties":{"common_name":"Pear: Callery","condition":"Fair","height":7.62,"width":2.1336,"crown_r_m":1.0668,"crown_h_m":4.953,"height_imputed":false,"width_imputed":false,"neighborhood":"Central Oakland","tree_id":"t00204"},"geometry":{"type":"Point","coordinates":[-79.95446,40.43845]}},{"id":"205","type":"Feature","properties":{"common_name":"Linden: Littleleaf","condition":"Poor","height":10.668,"width":2.7432,"crown_r_m":1.3716,"crown_h_m":6.9342,"height_imputed":true,"width_imputed":true,"neighborhood":"Central Oakland","tree_id":"t00205"},"geometry":{"type":"Point","coordinates":[-79.95454,40.43854]}},{"id":"206","type":"Feature","properties":{"common_name":"Linden: Littleleaf","condition":"Fair","height":12.192,"width":3.6576,"crown_r_m":1.8288,"crown_h_m":7.9248,"height_imputed":false,"width_imputed":false,"neighborhood":"Central Oakland","tree_id":"t00206"},"geometry":{"type":"Point","coordinates":[-79.95572,40.43855]}},{"id":"207","type":"Feature","properties":{"common_name":"Linden: Littleleaf","condition":"Fair","height":12.192,"width":4.572,"crown_r_m":2.286,"crown_h_m":7.9248,"height_imputed":false,"width_imputed":false,"neighborhood":"Central Oakland","tree_id":"t00207"},"geometry":{"type":"Point","coordinates":[-79.95521,40.43814]}},{"id":"208","type":"Feature","properties":{"common_name":"Linden: Littleleaf","condition":"Fair","height":10.668,"width":2.7432,"crown_r_m":1.3716,"crown_h_m":6.9342,"height_imputed":false,"width_imputed":false,"neighborhood":"Central Oakland","tree_id":"t00208"},"geometry":{"type":"Point","coordinates":[-79.95473,40.43759]}},{"id":"209","type":"Feature","properties":{"common_name":"Oak: Northern Red","condition":"Fair","height":12.192,"width":3.6576,"crown_r_m":1.8288,"crown_h_m":7.9248,"height_imputed":false,"width_imputed":false,"neighborhood":"Central Oakland","tree_id":"t00209"},"geometry":{"type":"Point","coordinates":[-79.95598,40.43708]}},{"id":"210","type":"Feature","properties":{"common_name":"Oak: Northern Red","condition":"Fair","height":13.716,"width":3.048,"crown_r_m":1.524,"crown_h_m":8.9154,"height_imputed":false,"width_imputed":false,"neighborhood":"Central Oakland","tree_id":"t00210"},"geometry":{"type":"Point","coordinates":[-79.95572,40.43687]}},{"id":"211","type":"Feature","properties":{"common_name":"Elm: spp.","condition":"Good","height":5.1816,"width":1.524,"crown_r_m":1.0,"crown_h_m":3.36804,"height_imputed":false,"width_imputed":false,"neighborhood":"West Oakland","tree_id":"t00211"},"geometry":{"type":"Point","coordinates":[-79.95857,40.44189]}},{"id":"212","type":"Feature","properties":{"common_name":"Elm: spp.","condition":"Good","height":6.096,"width":1.8288,"crown_r_m":1.0,"crown_h_m":3.9624,"height_imputed":false,"width_imputed":false,"neighborhood":"West Oakland","tree_id":"t00212"},"geometry":{"type":"Point","coordinates":[-79.95829,40.4421]}},{"id":"213","type":"Feature","properties":{"common_name":"Maple: Freeman","condition":"Good","height":13.716,"width":3.9624,"crown_r_m":1.9812,"crown_h_m":8.9154,"height_imputed":false,"width_imputed":false,"neighborhood":"North Oakland","tree_id":"t00213"},"geometry":{"type":"Point","coordinates":[-79.95753,40.445]}},{"id":"214","type":"Feature","properties":{"common_name":"Pear: Callery","condition":"Fair","height":12.192,"width":2.4384,"crown_r_m":1.2192,"crown_h_m":7.9248,"height_imputed":false,"width_imputed":false,"neighborhood":"North Oakland","tree_id":"t00214"},"geometry":{"type":"Point","coordinates":[-79.95719,40.44524]}},{"id":"215","type":"Feature","properties":{"common_name":"Pear: Common","condition":"Fair","height":9.144,"width":3.048,"crown_r_m":1.524,"crown_h_m":5.9436,"height_imputed":false,"width_imputed":false,"neighborhood":"North Oakland","tree_id":"t00215"},"geometry":{"type":"Point","coordinates":[-79.95661,40.44566]}},{"id":"216","type":"Feature","properties":{"common_name":"Oak: Northern Red","condition":"Poor","height":10.668,"width":9.144,"crown_r_m":4.572,"crown_h_m":6.9342,"height_imputed":false,"width_imputed":false,"neighborhood":"Central Oakland","tree_id":"t00216"},"geometry":{"type":"Point","coordinates":[-79.95623,40.43713]}},{"id":"217","type":"Feature","properties":{"common_name":"Pear: Callery","condition":"Critical","height":3.048,"width":0.9144,"crown_r_m":1.0,"crown_h_m":1.9812,"height_imputed":false,"width_imputed":false,"neighborhood":"Central Oakland","tree_id":"t00217"},"geometry":{"type":"Point","coordinates":[-79.95863,40.43901]}},{"id":"218","type":"Feature","properties":{"common_name":"Zelkova: Japanese","condition":"Fair","height":7.62,"width":2.4384,"crown_r_m":1.2192,"crown_h_m":4.953,"height_imputed":false,"width_imputed":false,"neighborhood":"Central Oakland","tree_id":"t00218"},"geometry":{"type":"Point","coordinates":[-79.95997,40.43889]}},{"id":"219","type":"Feature","properties":{"common_name":"Pear: Callery","condition":"Fair","height":6.096,"width":2.1336,"crown_r_m":1.0668,"crown_h_m":3.9624,"height_imputed":false,"width_imputed":false,"neighborhood":"Central Oakland","tree_id":"t00219"},"geometry":{"type":"Point","coordinates":[-79.95606,40.43975]}},{"id":"220","type":"Feature","properties":{"common_name":"Lilac: Japanese Tree","condition":"Fair","height":2.7432,"width":1.2192,"crown_r_m":1.0,"crown_h_m":1.78308,"height_imputed":false,"width_imputed":false,"neighborhood":"Central Oakland","tree_id":"t00220"},"geometry":{"type":"Point","coordinates":[-79.9561,40.43978]}},{"id":"221","type":"Feature","properties":{"common_name":"Lilac: Japanese Tree","condition":"Fair","height":2.7432,"width":1.2192,"crown_r_m":1.0,"crown_h_m":1.78308,"height_imputed":false,"width_imputed":false,"neighborhood":"Central Oakland","tree_id":"t00221"},"geometry":{"type":"Point","coordinates":[-79.95613,40.43982]}},{"id":"222","type":"Feature","properties":{"common_name":"Elm: spp.","condition":"Good","height":3.6576,"width":2.1336,"crown_r_m":1.0668,"crown_h_m":2.37744,"height_imputed":false,"width_imputed":false,"neighborhood":"Central Oakland","tree_id":"t00222"},"geometry":{"type":"Point","coordinates":[-79.95646,40.4401]}},{"id":"223","type":"Feature","properties":{"common_name":"Honeylocust: Thornless","condition":"Fair","height":4.2672,"width":1.8288,"crown_r_m":1.0,"crown_h_m":2.77368,"height_imputed":false,"width_imputed":false,"neighborhood":"Central Oakland","tree_id":"t00223"},"geometry":{"type":"Point","coordinates":[-79.95655,40.44018]}},{"id":"224","type":"Feature","properties":{"common_name":"Honeylocust: Thornless","condition":"Fair","height":4.8768,"width":2.4384,"crown_r_m":1.2192,"crown_h_m":3.16992,"height_imputed":false,"width_imputed":false,"neighborhood":"Central Oakland","tree_id":"t00224"},"geometry":{"type":"Point","coordinates":[-79.95661,40.44023]}},{"id":"225","type":"Feature","properties":{"common_name":"Honeylocust: Thornless","condition":"Poor","height":4.572,"width":1.8288,"crown_r_m":1.0,"crown_h_m":2.9718,"height_imputed":false,"width_imputed":false,"neighborhood":"Central Oakland","tree_id":"t00225"},"geometry":{"type":"Point","coordinates":[-79.95598,40.44105]}},{"id":"226","type":"Feature","properties":{"common_name":"Honeylocust: Thornless","condition":"Fair","height":6.096,"width":1.8288,"crown_r_m":1.0,"crown_h_m":3.9624,"height_imputed":false,"width_imputed":false,"neighborhood":"Central Oakland","tree_id":"t00226"},"geometry":{"type":"Point","coordinates":[-79.95603,40.44102]}},{"id":"227","type":"Feature","properties":{"common_name":"Honeylocust: Thornless","condition":"Fair","height":3.3528,"width":2.1336,"crown_r_m":1.0668,"crown_h_m":2.17932,"height_imputed":false,"width_imputed":false,"neighborhood":"Central Oakland","tree_id":"t00227"},"geometry":{"type":"Point","coordinates":[-79.95608,40.44099]}},{"id":"228","type":"Feature","properties":{"common_name":"Zelkova: Japanese","condition":"Good","height":3.6576,"width":2.1336,"crown_r_m":1.0668,"crown_h_m":2.37744,"height_imputed":false,"width_imputed":false,"neighborhood":"Shadyside","tree_id":"t00228"},"geometry":{"type":"Point","coordinates":[-79.94597,40.45363]}},{"id":"229","type":"Feature","properties":{"common_name":"Elm: Lacebark","condition":"Fair","height":6.096,"width":2.1336,"crown_r_m":1.0668,"crown_h_m":3.9624,"height_imputed":false,"width_imputed":false,"neighborhood":"North Oakland","tree_id":"t00229"},"geometry":{"type":"Point","coordinates":[-79.95641,40.44338]}},{"id":"230","type":"Feature","properties":{"common_name":"Ginkgo","condition":"Fair","height":2.1336,"width":1.2192,"crown_r_m":1.0,"crown_h_m":1.5,"height_imputed":false,"width_imputed":false,"neighborhood":"North Oakland","tree_id":"t00230"},"geometry":{"type":"Point","coordinates":[-79.95608,40.44366]}},{"id":"231","type":"Feature","properties":{"common_name":"Pear: Callery","condition":"Fair","height":6.096,"width":2.4384,"crown_r_m":1.2192,"crown_h_m":3.9624,"height_imputed":false,"width_imputed":false,"neighborhood":"West Oakland","tree_id":"t00231"},"geometry":{"type":"Point","coordinates":[-79.95761,40.44257]}},{"id":"232","type":"Feature","properties":{"common_name":"Elm: Lacebark","condition":"Good","height":7.62,"width":1.8288,"crown_r_m":1.0,"crown_h_m":4.953,"height_imputed":false,"width_imputed":false,"neighborhood":"North Oakland","tree_id":"t00232"},"geometry":{"type":"Point","coordinates":[-79.9574,40.44266]}},{"id":"233","type":"Feature","properties":{"common_name":"Honeylocust: Thornless","condition":"Fair","height":2.4384,"width":1.524,"crown_r_m":1.0,"crown_h_m":1.58496,"height_imputed":false,"width_imputed":false,"neighborhood":"West Oakland","tree_id":"t00233"},"geometry":{"type":"Point","coordinates":[-79.95988,40.4408]}},{"id":"234","type":"Feature","properties":{"common_name":"Honeylocust: Thornless","condition":"Fair","height":4.572,"width":1.524,"crown_r_m":1.0,"crown_h_m":2.9718,"height_imputed":false,"width_imputed":false,"neighborhood":"West Oakland","tree_id":"t00234"},"geometry":{"type":"Point","coordinates":[-79.95971,40.44092]}},{"id":"235","type":"Feature","properties":{"common_name":"London planetree","condition":"Fair","height":19.812,"width":4.572,"crown_r_m":2.286,"crown_h_m":12.8778,"height_imputed":false,"width_imputed":false,"neighborhood":"North Oakland","tree_id":"t00235"},"geometry":{"type":"Point","coordinates":[-79.95665,40.44717]}},{"id":"236","type":"Feature","properties":{"common_name":"Sweetgum: American","condition":"Good","height":18.288,"width":4.572,"crown_r_m":2.286,"crown_h_m":11.8872,"height_imputed":false,"width_imputed":false,"neighborhood":"North Oakland","tree_id":"t00236"},"geometry":{"type":"Point","coordinates":[-79.95442,40.44724]}},{"id":"237","type":"Feature","properties":{"common_name":"Linden: Littleleaf","condition":"Good","height":15.24,"width":3.6576,"crown_r_m":1.8288,"crown_h_m":9.906,"height_imputed":false,"width_imputed":false,"neighborhood":"North Oakland","tree_id":"t00237"},"geometry":{"type":"Point","coordinates":[-79.9554,40.44653]}},{"id":"238","type":"Feature","properties":{"common_name":"Oak: Northern Red","condition":"Very Good","height":16.764,"width":2.4384,"crown_r_m":1.2192,"crown_h_m":10.8966,"height_imputed":false,"width_imputed":false,"neighborhood":"North Oakland","tree_id":"t00238"},"geometry":{"type":"Point","coordinates":[-79.95498,40.4468]}},{"id":"239","type":"Feature","properties":{"common_name":"Maple: Norway","condition":"Good","height":12.192,"width":1.8288,"crown_r_m":1.0,"crown_h_m":7.9248,"height_imputed":false,"width_imputed":false,"neighborhood":"Central Oakland","tree_id":"t00239"},"geometry":{"type":"Point","coordinates":[-79.95148,40.43712]}},{"id":"240","type":"Feature","properties":{"common_name":"Honeylocust: Thornless","condition":"Fair","height":10.668,"width":3.3528,"crown_r_m":1.6764,"crown_h_m":6.9342,"height_imputed":false,"width_imputed":false,"neighborhood":"Central Oakland","tree_id":"t00240"},"geometry":{"type":"Point","coordinates":[-79.95151,40.43713]}},{"id":"241","type":"Feature","properties":{"common_name":"Oak: Northern Red","condition":"Good","height":18.288,"width":3.048,"crown_r_m":1.524,"crown_h_m":11.8872,"height_imputed":false,"width_imputed":false,"neighborhood":"North Oakland","tree_id":"t00241"},"geometry":{"type":"Point","coordinates":[-79.95579,40.4476]}},{"id":"242","type":"Feature","properties":{"common_name":"Sweetgum: American","condition":"Good","height":15.24,"width":4.572,"crown_r_m":2.286,"crown_h_m":9.906,"height_imputed":false,"width_imputed":false,"neighborhood":"North Oakland","tree_id":"t00242"},"geometry":{"type":"Point","coordinates":[-79.95593,40.44772]}},{"id":"243","type":"Feature","properties":{"common_name":"Arborvitae: Eastern","condition":"Good","height":1.524,"width":0.3048,"crown_r_m":1.0,"crown_h_m":1.5,"height_imputed":false,"width_imputed":false,"neighborhood":"North Oakland","tree_id":"t00243"},"geometry":{"type":"Point","coordinates":[-79.95583,40.44648]}},{"id":"244","type":"Feature","properties":{"common_name":"Oak: Pin","condition":"Good","height":12.192,"width":3.6576,"crown_r_m":1.8288,"crown_h_m":7.9248,"height_imputed":false,"width_imputed":false,"neighborhood":"North Oakland","tree_id":"t00244"},"geometry":{"type":"Point","coordinates":[-79.95621,40.4468]}},{"id":"245","type":"Feature","properties":{"common_name":"Linden: Littleleaf","condition":"Fair","height":16.764,"width":7.62,"crown_r_m":3.81,"crown_h_m":10.8966,"height_imputed":false,"width_imputed":false,"neighborhood":"North Oakland","tree_id":"t00245"},"geometry":{"type":"Point","coordinates":[-79.95704,40.44747]}},{"id":"246","type":"Feature","properties":{"common_name":"Apple: Common","condition":"Poor","height":1.8288,"width":0.6096,"crown_r_m":1.0,"crown_h_m":1.5,"height_imputed":false,"width_imputed":false,"neighborhood":"North Oakland","tree_id":"t00246"},"geometry":{"type":"Point","coordinates":[-79.9576,40.44786]}},{"id":"247","type":"Feature","properties":{"common_name":"Sweetgum: American","condition":"Good","height":18.288,"width":3.048,"crown_r_m":1.524,"crown_h_m":11.8872,"height_imputed":false,"width_imputed":false,"neighborhood":"North Oakland","tree_id":"t00247"},"geometry":{"type":"Point","coordinates":[-79.95499,40.44854]}},{"id":"248","type":"Feature","properties":{"common_name":"London planetree","condition":"Poor","height":13.716,"width":6.096,"crown_r_m":3.048,"crown_h_m":8.9154,"height_imputed":false,"width_imputed":false,"neighborhood":"North Oakland","tree_id":"t00248"},"geometry":{"type":"Point","coordinates":[-79.95532,40.45065]}},{"id":"249","type":"Feature","properties":{"common_name":"Elm: American","condition":"Fair","height":4.572,"width":1.524,"crown_r_m":1.0,"crown_h_m":2.9718,"height_imputed":false,"width_imputed":false,"neighborhood":"Upper Hill","tree_id":"t00249"},"geometry":{"type":"Point","coordinates":[-79.95693,40.44955]}},{"id":"250","type":"Feature","properties":{"common_name":"Sweetgum: American","condition":"Good","height":3.6576,"width":1.2192,"crown_r_m":1.0,"crown_h_m":2.37744,"height_imputed":false,"width_imputed":false,"neighborhood":"North Oakland","tree_id":"t00250"},"geometry":{"type":"Point","coordinates":[-79.95423,40.45242]}},{"id":"251","type":"Feature","properties":{"common_name":"Sweetgum: American","condition":"Poor","height":3.6576,"width":0.6096,"crown_r_m":1.0,"crown_h_m":2.37744,"height_imputed":false,"width_imputed":false,"neighborhood":"North Oakland","tree_id":"t00251"},"geometry":{"type":"Point","coordinates":[-79.95437,40.45207]}},{"id":"252","type":"Feature","properties":{"common_name":"Maple: Norway","condition":"Fair","height":10.668,"width":7.62,"crown_r_m":3.81,"crown_h_m":6.9342,"height_imputed":false,"width_imputed":false,"neighborhood":"North Oakland","tree_id":"t00252"},"geometry":{"type":"Point","coordinates":[-79.9541,40.45135]}},{"id":"253","type":"Feature","properties":{"common_name":"Maple: Norway","condition":"Fair","height":10.668,"width":3.048,"crown_r_m":1.524,"crown_h_m":6.9342,"height_imputed":false,"width_imputed":false,"neighborhood":"North Oakland","tree_id":"t00253"},"geometry":{"type":"Point","coordinates":[-79.95409,40.4514]}},{"id":"254","type":"Feature","properties":{"common_name":"Maple: Norway","condition":"Good","height":13.716,"width":6.096,"crown_r_m":3.048,"crown_h_m":8.9154,"height_imputed":false,"width_imputed":false,"neighborhood":"North Oakland","tree_id":"t00254"},"geometry":{"type":"Point","coordinates":[-79.95401,40.45137]}},{"id":"255","type":"Feature","properties":{"common_name":"Honeylocust: Thornless","condition":"Good","height":9.144,"width":3.6576,"crown_r_m":1.8288,"crown_h_m":5.9436,"height_imputed":false,"width_imputed":false,"neighborhood":"North Oakland","tree_id":"t00255"},"geometry":{"type":"Point","coordinates":[-79.95379,40.45141]}},{"id":"256","type":"Feature","properties":{"common_name":"Honeylocust: Thornless","condition":"Poor","height":4.572,"width":1.8288,"crown_r_m":1.0,"crown_h_m":2.9718,"height_imputed":false,"width_imputed":false,"neighborhood":"North Oakland","tree_id":"t00256"},"geometry":{"type":"Point","coordinates":[-79.95364,40.45146]}},{"id":"257","type":"Feature","properties":{"common_name":"London planetree","condition":"Fair","height":15.24,"width":9.144,"crown_r_m":4.572,"crown_h_m":9.906,"height_imputed":false,"width_imputed":false,"neighborhood":"Upper Hill","tree_id":"t00257"},"geometry":{"type":"Point","coordinates":[-79.95485,40.45122]}},{"id":"258","type":"Feature","properties":{"common_name":"Hardy Rubbertree","condition":"Good","height":3.3528,"width":1.524,"crown_r_m":1.0,"crown_h_m":2.17932,"height_imputed":false,"width_imputed":false,"neighborhood":"North Oakland","tree_id":"t00258"},"geometry":{"type":"Point","coordinates":[-79.95262,40.45271]}},{"id":"259","type":"Feature","properties":{"common_name":"Ginkgo","condition":"Fair","height":3.048,"width":0.9144,"crown_r_m":1.0,"crown_h_m":1.9812,"height_imputed":false,"width_imputed":false,"neighborhood":"Terrace Village","tree_id":"t00259"},"geometry":{"type":"Point","coordinates":[-79.96623,40.44435]}},{"id":"260","type":"Feature","properties":{"common_name":"Maple: Red","condition":"Good","height":5.7912,"width":1.8288,"crown_r_m":1.0,"crown_h_m":3.76428,"height_imputed":false,"width_imputed":false,"neighborhood":"Terrace Village","tree_id":"t00260"},"geometry":{"type":"Point","coordinates":[-79.9685,40.44251]}},{"id":"261","type":"Feature","properties":{"common_name":"Maple: Red","condition":"Fair","height":4.572,"width":1.8288,"crown_r_m":1.0,"crown_h_m":2.9718,"height_imputed":false,"width_imputed":false,"neighborhood":"Terrace Village","tree_id":"t00261"},"geometry":{"type":"Point","coordinates":[-79.96889,40.44219]}},{"id":"262","type":"Feature","properties":{"common_name":"Ash: White","condition":"Critical","height":7.62,"width":1.524,"crown_r_m":1.0,"crown_h_m":4.953,"height_imputed":false,"width_imputed":false,"neighborhood":"Middle Hill","tree_id":"t00262"},"geometry":{"type":"Point","coordinates":[-79.96871,40.44714]}},{"id":"263","type":"Feature","properties":{"common_name":"Mulberry: White","condition":"Fair","height":9.144,"width":3.6576,"crown_r_m":1.8288,"crown_h_m":5.9436,"height_imputed":false,"width_imputed":false,"neighborhood":"Middle Hill","tree_id":"t00263"},"geometry":{"type":"Point","coordinates":[-79.96824,40.44788]}},{"id":"264","type":"Feature","properties":{"common_name":"Maple: Norway","condition":"Fair","height":7.0104,"width":2.4384,"crown_r_m":1.2192,"crown_h_m":4.55676,"height_imputed":false,"width_imputed":false,"neighborhood":"Middle Hill","tree_id":"t00264"},"geometry":{"type":"Point","coordinates":[-79.96814,40.44968]}},{"id":"265","type":"Feature","properties":{"common_name":"Crabapple: Flowering","condition":"Fair","height":1.524,"width":0.9144,"crown_r_m":1.0,"crown_h_m":1.5,"height_imputed":false,"width_imputed":false,"neighborhood":"Middle Hill","tree_id":"t00265"},"geometry":{"type":"Point","coordinates":[-79.96824,40.45]}},{"id":"266","type":"Feature","properties":{"common_name":"Zelkova: Japanese","condition":"Good","height":3.6576,"width":2.1336,"crown_r_m":1.0668,"crown_h_m":2.37744,"height_imputed":false,"width_imputed":false,"neighborhood":"Shadyside","tree_id":"t00266"},"geometry":{"type":"Point","coordinates":[-79.94607,40.45361]}},{"id":"267","type":"Feature","properties":{"common_name":"Honeylocust: Thornless","condition":"Good","height":6.096,"width":2.1336,"crown_r_m":1.0668,"crown_h_m":3.9624,"height_imputed":false,"width_imputed":false,"neighborhood":"Shadyside","tree_id":"t00267"},"geometry":{"type":"Point","coordinates":[-79.94679,40.45339]}},{"id":"268","type":"Feature","properties":{"common_name":"Oak: Swamp White","condition":"Good","height":3.9624,"width":2.1336,"crown_r_m":1.0668,"crown_h_m":2.57556,"height_imputed":false,"width_imputed":false,"neighborhood":"Bloomfield","tree_id":"t00268"},"geometry":{"type":"Point","coordinates":[-79.94675,40.45354]}},{"id":"269","type":"Feature","properties":{"common_name":"Linden: Littleleaf","condition":"Good","height":4.572,"width":2.1336,"crown_r_m":1.0668,"crown_h_m":2.9718,"height_imputed":false,"width_imputed":false,"neighborhood":"Bloomfield","tree_id":"t00269"},"geometry":{"type":"Point","coordinates":[-79.94565,40.45388]}},{"id":"270","type":"Feature","properties":{"common_name":"Pear: Callery","condition":"Poor","height":3.3528,"width":1.8288,"crown_r_m":1.0,"crown_h_m":2.17932,"height_imputed":false,"width_imputed":false,"neighborhood":"Bloomfield","tree_id":"t00270"},"geometry":{"type":"Point","coordinates":[-79.94469,40.45415]}},{"id":"271","type":"Feature","properties":{"common_name":"Maple: Red","condition":"Fair","height":4.572,"width":2.1336,"crown_r_m":1.0668,"crown_h_m":2.9718,"height_imputed":false,"width_imputed":false,"neighborhood":"Bloomfield","tree_id":"t00271"},"geometry":{"type":"Point","coordinates":[-79.94789,40.45441]}},{"id":"272","type":"Feature","properties":{"common_name":"Linden: Silver","condition":"Good","height":6.096,"width":1.524,"crown_r_m":1.0,"crown_h_m":3.9624,"height_imputed":false,"width_imputed":false,"neighborhood":"North Oakland","tree_id":"t00272"},"geometry":{"type":"Point","coordinates":[-79.9516,40.45193]}},{"id":"273","type":"Feature","properties":{"common_name":"Oak: Sawtooth","condition":"Good","height":3.9624,"width":1.8288,"crown_r_m":1.0,"crown_h_m":2.57556,"height_imputed":false,"width_imputed":false,"neighborhood":"North Oakland","tree_id":"t00273"},"geometry":{"type":"Point","coordinates":[-79.95385,40.45127]}},{"id":"274","type":"Feature","properties":{"common_name":"Pear: Callery","condition":"Fair","height":10.668,"width":3.9624,"crown_r_m":1.9812,"crown_h_m":6.9342,"height_imputed":false,"width_imputed":false,"neighborhood":"North Oakland","tree_id":"t00274"},"geometry":{"type":"Point","coordinates":[-79.95627,40.44989]}},{"id":"275","type":"Feature","properties":{"common_name":"Pear: Callery","condition":"Fair","height":9.144,"width":2.1336,"crown_r_m":1.0668,"crown_h_m":5.9436,"height_imputed":false,"width_imputed":false,"neighborhood":"North Oakland","tree_id":"t00275"},"geometry":{"type":"Point","coordinates":[-79.95734,40.44913]}},{"id":"276","type":"Feature","properties":{"common_name":"Apple: Common","condition":"Critical","height":7.62,"width":2.4384,"crown_r_m":1.2192,"crown_h_m":4.953,"height_imputed":false,"width_imputed":false,"neighborhood":"Middle Hill","tree_id":"t00276"},"geometry":{"type":"Point","coordinates":[-79.96713,40.45291]}},{"id":"277","type":"Feature","properties":{"common_name":"Maple: Sugar","condition":"Fair","height":15.24,"width":3.048,"crown_r_m":1.524,"crown_h_m":9.906,"height_imputed":false,"width_imputed":false,"neighborhood":"Middle Hill","tree_id":"t00277"},"geometry":{"type":"Point","coordinates":[-79.96526,40.45279]}},{"id":"278","type":"Feature","properties":{"common_name":"Honeylocust: Thornless","condition":"Poor","height":6.096,"width":2.1336,"crown_r_m":1.0668,"crown_h_m":3.9624,"height_imputed":false,"width_imputed":false,"neighborhood":"North Oakland","tree_id":"t00278"},"geometry":{"type":"Point","coordinates":[-79.94999,40.45243]}},{"id":"279","type":"Feature","properties":{"common_name":"Ginkgo","condition":"Fair","height":3.048,"width":0.9144,"crown_r_m":1.0,"crown_h_m":1.9812,"height_imputed":false,"width_imputed":false,"neighborhood":"North Oakland","tree_id":"t00279"},"geometry":{"type":"Point","coordinates":[-79.95019,40.45237]}},{"id":"280","type":"Feature","properties":{"common_name":"Ginkgo","condition":"Fair","height":2.7432,"width":0.9144,"crown_r_m":1.0,"crown_h_m":1.78308,"height_imputed":false,"width_imputed":false,"neighborhood":"North Oakland","tree_id":"t00280"},"geometry":{"type":"Point","coordinates":[-79.95039,40.45231]}},{"id":"281","type":"Feature","properties":{"common_name":"Ginkgo","condition":"Fair","height":2.4384,"width":0.9144,"crown_r_m":1.0,"crown_h_m":1.58496,"height_imputed":false,"width_imputed":false,"neighborhood":"North Oakland","tree_id":"t00281"},"geometry":{"type":"Point","coordinates":[-79.95056,40.45226]}},{"id":"282","type":"Feature","properties":{"common_name":"London planetree","condition":"Good","height":9.144,"width":2.4384,"crown_r_m":1.2192,"crown_h_m":5.9436,"height_imputed":false,"width_imputed":false,"neighborhood":"Upper Hill","tree_id":"t00282"},"geometry":{"type":"Point","coordinates":[-79.95909,40.45377]}},{"id":"283","type":"Feature","properties":{"common_name":"Crabapple: Flowering","condition":"Fair","height":3.6576,"width":1.2192,"crown_r_m":1.0,"crown_h_m":2.37744,"height_imputed":false,"width_imputed":false,"neighborhood":"Upper Hill","tree_id":"t00283"},"geometry":{"type":"Point","coordinates":[-79.95735,40.45146]}},{"id":"284","type":"Feature","properties":{"common_name":"Crabapple: Flowering","condition":"Good","height":6.096,"width":1.2192,"crown_r_m":1.0,"crown_h_m":3.9624,"height_imputed":false,"width_imputed":false,"neighborhood":"Upper Hill","tree_id":"t00284"},"geometry":{"type":"Point","coordinates":[-79.9577,40.45157]}},{"id":"285","type":"Feature","properties":{"common_name":"Oak: Pin","condition":"Good","height":16.764,"width":6.096,"crown_r_m":3.048,"crown_h_m":10.8966,"height_imputed":false,"width_imputed":false,"neighborhood":"Upper Hill","tree_id":"t00285"},"geometry":{"type":"Point","coordinates":[-79.95841,40.45287]}},{"id":"286","type":"Feature","properties":{"common_name":"Maple: Norway","condition":"Poor","height":6.096,"width":2.4384,"crown_r_m":1.2192,"crown_h_m":3.9624,"height_imputed":false,"width_imputed":false,"neighborhood":"Upper Hill","tree_id":"t00286"},"geometry":{"type":"Point","coordinates":[-79.95834,40.45277]}},{"id":"287","type":"Feature","properties":{"common_name":"Oak: Pin","condition":"Poor","height":9.144,"width":3.9624,"crown_r_m":1.9812,"crown_h_m":5.9436,"height_imputed":false,"width_imputed":false,"neighborhood":"Upper Hill","tree_id":"t00287"},"geometry":{"type":"Point","coordinates":[-79.95826,40.45292]}},{"id":"288","type":"Feature","properties":{"common_name":"Honeylocust","condition":"Good","height":4.572,"width":2.1336,"crown_r_m":1.0668,"crown_h_m":2.9718,"height_imputed":false,"width_imputed":false,"neighborhood":"Upper Hill","tree_id":"t00288"},"geometry":{"type":"Point","coordinates":[-79.96015,40.45422]}},{"id":"289","type":"Feature","properties":{"common_name":"Honeylocust","condition":"Good","height":4.572,"width":1.8288,"crown_r_m":1.0,"crown_h_m":2.9718,"height_imputed":false,"width_imputed":false,"neighborhood":"Upper Hill","tree_id":"t00289"},"geometry":{"type":"Point","coordinates":[-79.96005,40.45414]}},{"id":"290","type":"Feature","properties":{"common_name":"Maple: Hedge","condition":"Good","height":4.572,"width":2.1336,"crown_r_m":1.0668,"crown_h_m":2.9718,"height_imputed":false,"width_imputed":false,"neighborhood":"Upper Hill","tree_id":"t00290"},"geometry":{"type":"Point","coordinates":[-79.95866,40.45362]}},{"id":"291","type":"Feature","properties":{"common_name":"Maple: Hedge","condition":"Good","height":6.7056,"width":2.1336,"crown_r_m":1.0668,"crown_h_m":4.35864,"height_imputed":false,"width_imputed":false,"neighborhood":"Upper Hill","tree_id":"t00291"},"geometry":{"type":"Point","coordinates":[-79.95825,40.45348]}},{"id":"292","type":"Feature","properties":{"common_name":"Locust: Black","condition":"Fair","height":22.86,"width":15.24,"crown_r_m":7.62,"crown_h_m":14.859,"height_imputed":false,"width_imputed":false,"neighborhood":"Upper Hill","tree_id":"t00292"},"geometry":{"type":"Point","coordinates":[-79.95694,40.45338]}},{"id":"293","type":"Feature","properties":{"common_name":"Maple: Norway","condition":"Poor","height":12.192,"width":4.572,"crown_r_m":2.286,"crown_h_m":7.9248,"height_imputed":false,"width_imputed":false,"neighborhood":"Upper Hill","tree_id":"t00293"},"geometry":{"type":"Point","coordinates":[-79.9565,40.45262]}},{"id":"294","type":"Feature","properties":{"common_name":"Pear: Callery","condition":"Fair","height":6.096,"width":2.1336,"crown_r_m":1.0668,"crown_h_m":3.9624,"height_imputed":false,"width_imputed":false,"neighborhood":"Upper Hill","tree_id":"t00294"},"geometry":{"type":"Point","coordinates":[-79.95733,40.45139]}},{"id":"295","type":"Feature","properties":{"common_name":"Linden: Littleleaf","condition":"Fair","height":12.192,"width":2.4384,"crown_r_m":1.2192,"crown_h_m":7.9248,"height_imputed":false,"width_imputed":false,"neighborhood":"Upper Hill","tree_id":"t00295"},"geometry":{"type":"Point","coordinates":[-79.95734,40.45119]}},{"id":"296","type":"Feature","properties":{"common_name":"Linden: Littleleaf","condition":"Fair","height":13.716,"width":2.4384,"crown_r_m":1.2192,"crown_h_m":8.9154,"height_imputed":false,"width_imputed":false,"neighborhood":"Upper Hill","tree_id":"t00296"},"geometry":{"type":"Point","coordinates":[-79.9587,40.45072]}},{"id":"297","type":"Feature","properties":{"common_name":"Maple: Red","condition":"Poor","height":7.62,"width":2.1336,"crown_r_m":1.0668,"crown_h_m":4.953,"height_imputed":false,"width_imputed":false,"neighborhood":"Upper Hill","tree_id":"t00297"},"geometry":{"type":"Point","coordinates":[-79.95887,40.45087]}},{"id":"298","type":"Feature","properties":{"common_name":"Maple: Norway","condition":"Fair","height":9.144,"width":3.6576,"crown_r_m":1.8288,"crown_h_m":5.9436,"height_imputed":false,"width_imputed":false,"neighborhood":"Upper Hill","tree_id":"t00298"},"geometry":{"type":"Point","coordinates":[-79.96022,40.45123]}},{"id":"299","type":"Feature","properties":{"common_name":"Maple: Norway","condition":"Critical","height":5.4864,"width":1.524,"crown_r_m":1.0,"crown_h_m":3.56616,"height_imputed":false,"width_imputed":false,"neighborhood":"Upper Hill","tree_id":"t00299"},"geometry":{"type":"Point","coordinates":[-79.95995,40.45114]}},{"id":"300","type":"Feature","properties":{"common_name":"Maple: Red","condition":"Poor","height":4.572,"width":1.8288,"crown_r_m":1.0,"crown_h_m":2.9718,"height_imputed":false,"width_imputed":false,"neighborhood":"Upper Hill","tree_id":"t00300"},"geometry":{"type":"Point","coordinates":[-79.95991,40.45121]}},{"id":"301","type":"Feature","properties":{"common_name":"Maple: Red","condition":"Poor","height":6.096,"width":2.4384,"crown_r_m":1.2192,"crown_h_m":3.9624,"height_imputed":false,"width_imputed":false,"neighborhood":"Upper Hill","tree_id":"t00301"},"geometry":{"type":"Point","coordinates":[-79.96232,40.45302]}},{"id":"302","type":"Feature","properties":{"common_name":"Pine: Eastern White","condition":"Good","height":9.144,"width":1.8288,"crown_r_m":1.0,"crown_h_m":5.9436,"height_imputed":false,"width_imputed":false,"neighborhood":"Upper Hill","tree_id":"t00302"},"geometry":{"type":"Point","coordinates":[-79.9637,40.45091]}},{"id":"303","type":"Feature","properties":{"common_name":"Locust: Black","condition":"Fair","height":11.5824,"width":4.572,"crown_r_m":2.286,"crown_h_m":7.52856,"height_imputed":false,"width_imputed":false,"neighborhood":"Upper Hill","tree_id":"t00303"},"geometry":{"type":"Point","coordinates":[-79.96373,40.45059]}},{"id":"304","type":"Feature","properties":{"common_name":"Birch: European White","condition":"Fair","height":10.668,"width":2.4384,"crown_r_m":1.2192,"crown_h_m":6.9342,"height_imputed":false,"width_imputed":false,"neighborhood":"Upper Hill","tree_id":"t00304"},"geometry":{"type":"Point","coordinates":[-79.96484,40.44903]}},{"id":"305","type":"Feature","properties":{"common_name":"Linden: Littleleaf","condition":"Poor","height":6.096,"width":2.7432,"crown_r_m":1.3716,"crown_h_m":3.9624,"height_imputed":false,"width_imputed":false,"neighborhood":"Middle Hill","tree_id":"t00305"},"geometry":{"type":"Point","coordinates":[-79.96785,40.44979]}},{"id":"306","type":"Feature","properties":{"common_name":"Oak: Pin","condition":"Good","height":7.3152,"width":1.8288,"crown_r_m":1.0,"crown_h_m":4.75488,"height_imputed":false,"width_imputed":false,"neighborhood":"Shadyside","tree_id":"t00306"},"geometry":{"type":"Point","coordinates":[-79.94133,40.45179]}},{"id":"307","type":"Feature","properties":{"common_name":"Oak: Pin","condition":"Good","height":7.62,"width":2.1336,"crown_r_m":1.0668,"crown_h_m":4.953,"height_imputed":false,"width_imputed":false,"neighborhood":"Shadyside","tree_id":"t00307"},"geometry":{"type":"Point","coordinates":[-79.94136,40.45188]}},{"id":"308","type":"Feature","properties":{"common_name":"Oak: Pin","condition":"Fair","height":17.6784,"width":6.7056,"crown_r_m":3.3528,"crown_h_m":11.49096,"height_imputed":false,"width_imputed":false,"neighborhood":"Shadyside","tree_id":"t00308"},"geometry":{"type":"Point","coordinates":[-79.94632,40.45329]}},{"id":"309","type":"Feature","properties":{"common_name":"Maple: Red","condition":"Fair","height":12.192,"width":2.7432,"crown_r_m":1.3716,"crown_h_m":7.9248,"height_imputed":false,"width_imputed":false,"neighborhood":"Shadyside","tree_id":"t00309"},"geometry":{"type":"Point","coordinates":[-79.94811,40.45188]}},{"id":"310","type":"Feature","properties":{"common_name":"Maple: Sugar","condition":"Fair","height":9.144,"width":4.2672,"crown_r_m":2.1336,"crown_h_m":5.9436,"height_imputed":false,"width_imputed":false,"neighborhood":"Shadyside","tree_id":"t00310"},"geometry":{"type":"Point","coordinates":[-79.94603,40.4525]}},{"id":"311","type":"Feature","properties":{"common_name":"Zelkova: Japanese","condition":"Fair","height":6.096,"width":1.8288,"crown_r_m":1.0,"crown_h_m":3.9624,"height_imputed":false,"width_imputed":false,"neighborhood":"Shadyside","tree_id":"t00311"},"geometry":{"type":"Point","coordinates":[-79.94817,40.44935]}},{"id":"312","type":"Feature","properties":{"common_name":"Zelkova: Japanese","condition":"Fair","height":6.7056,"width":2.1336,"crown_r_m":1.0668,"crown_h_m":4.35864,"height_imputed":false,"width_imputed":false,"neighborhood":"Shadyside","tree_id":"t00312"},"geometry":{"type":"Point","coordinates":[-79.94811,40.4492]}},{"id":"313","type":"Feature","properties":{"common_name":"Zelkova: Japanese","condition":"Fair","height":6.7056,"width":2.1336,"crown_r_m":1.0668,"crown_h_m":4.35864,"height_imputed":false,"width_imputed":false,"neighborhood":"Shadyside","tree_id":"t00313"},"geometry":{"type":"Point","coordinates":[-79.94808,40.44913]}},{"id":"314","type":"Feature","properties":{"common_name":"Honeylocust: Thornless","condition":"Poor","height":3.3528,"width":1.524,"crown_r_m":1.0,"crown_h_m":2.17932,"height_imputed":false,"width_imputed":false,"neighborhood":"Shadyside","tree_id":"t00314"},"geometry":{"type":"Point","coordinates":[-79.94431,40.45403]}},{"id":"315","type":"Feature","properties":{"common_name":"Honeylocust: Thornless","condition":"Fair","height":12.192,"width":3.6576,"crown_r_m":1.8288,"crown_h_m":7.9248,"height_imputed":false,"width_imputed":false,"neighborhood":"Shadyside","tree_id":"t00315"},"geometry":{"type":"Point","coordinates":[-79.94653,40.44897]}},{"id":"316","type":"Feature","properties":{"common_name":"Maple: Sugar","condition":"Fair","height":6.096,"width":2.1336,"crown_r_m":1.0668,"crown_h_m":3.9624,"height_imputed":false,"width_imputed":false,"neighborhood":"North Oakland","tree_id":"t00316"},"geometry":{"type":"Point","coordinates":[-79.94874,40.45022]}},{"id":"317","type":"Feature","properties":{"common_name":"Maple: Red","condition":"Good","height":5.4864,"width":1.524,"crown_r_m":1.0,"crown_h_m":3.56616,"height_imputed":false,"width_imputed":false,"neighborhood":"North Oakland","tree_id":"t00317"},"geometry":{"type":"Point","coordinates":[-79.94875,40.45027]}},{"id":"318","type":"Feature","properties":{"common_name":"Linden: Littleleaf","condition":"Fair","height":12.192,"width":3.6576,"crown_r_m":1.8288,"crown_h_m":7.9248,"height_imputed":false,"width_imputed":false,"neighborhood":"Central Oakland","tree_id":"t00318"},"geometry":{"type":"Point","coordinates":[-79.95348,40.43783]}},{"id":"319","type":"Feature","properties":{"common_name":"Maple: Red","condition":"Fair","height":9.7536,"width":2.4384,"crown_r_m":1.2192,"crown_h_m":6.33984,"height_imputed":false,"width_imputed":false,"neighborhood":"Central Oakland","tree_id":"t00319"},"geometry":{"type":"Point","coordinates":[-79.95437,40.43761]}},{"id":"320","type":"Feature","properties":{"common_name":"Ash: Green","condition":"Poor","height":4.8768,"width":2.4384,"crown_r_m":1.2192,"crown_h_m":3.16992,"height_imputed":false,"width_imputed":false,"neighborhood":"Central Oakland","tree_id":"t00320"},"geometry":{"type":"Point","coordinates":[-79.95172,40.43881]}},{"id":"321","type":"Feature","properties":{"common_name":"Ash: Green","condition":"Critical","height":4.572,"width":2.4384,"crown_r_m":1.2192,"crown_h_m":2.9718,"height_imputed":false,"width_imputed":false,"neighborhood":"Central Oakland","tree_id":"t00321"},"geometry":{"type":"Point","coordinates":[-79.95161,40.43907]}},{"id":"322","type":"Feature","properties":{"common_name":"Ash: Green","condition":"Critical","height":5.4864,"width":2.4384,"crown_r_m":1.2192,"crown_h_m":3.56616,"height_imputed":false,"width_imputed":false,"neighborhood":"Central Oakland","tree_id":"t00322"},"geometry":{"type":"Point","coordinates":[-79.95159,40.43915]}},{"id":"323","type":"Feature","properties":{"common_name":"Crabapple: Flowering","condition":"Fair","height":1.8288,"width":0.9144,"crown_r_m":1.0,"crown_h_m":1.5,"height_imputed":false,"width_imputed":false,"neighborhood":"Central Oakland","tree_id":"t00323"},"geometry":{"type":"Point","coordinates":[-79.95179,40.43601]}},{"id":"324","type":"Feature","properties":{"common_name":"Crabapple: Flowering","condition":"Fair","height":2.7432,"width":1.2192,"crown_r_m":1.0,"crown_h_m":1.78308,"height_imputed":false,"width_imputed":false,"neighborhood":"Central Oakland","tree_id":"t00324"},"geometry":{"type":"Point","coordinates":[-79.95168,40.43631]}},{"id":"325","type":"Feature","properties":{"common_name":"Crabapple: Flowering","condition":"Good","height":2.7432,"width":1.2192,"crown_r_m":1.0,"crown_h_m":1.78308,"height_imputed":false,"width_imputed":false,"neighborhood":"Central Oakland","tree_id":"t00325"},"geometry":{"type":"Point","coordinates":[-79.95163,40.43642]}},{"id":"326","type":"Feature","properties":{"common_name":"Maple: Freeman","condition":"Fair","height":8.5344,"width":2.7432,"crown_r_m":1.3716,"crown_h_m":5.54736,"height_imputed":false,"width_imputed":false,"neighborhood":"Central Oakland","tree_id":"t00326"},"geometry":{"type":"Point","coordinates":[-79.95559,40.4364]}},{"id":"327","type":"Feature","properties":{"common_name":"Maple: Red","condition":"Fair","height":9.7536,"width":2.7432,"crown_r_m":1.3716,"crown_h_m":6.33984,"height_imputed":false,"width_imputed":false,"neighborhood":"Central Oakland","tree_id":"t00327"},"geometry":{"type":"Point","coordinates":[-79.95603,40.43618]}},{"id":"328","type":"Feature","properties":{"common_name":"Honeylocust: Thornless","condition":"Fair","height":7.9248,"width":2.1336,"crown_r_m":1.0668,"crown_h_m":5.15112,"height_imputed":false,"width_imputed":false,"neighborhood":"Terrace Village","tree_id":"t00328"},"geometry":{"type":"Point","coordinates":[-79.96889,40.43962]}},{"id":"329","type":"Feature","properties":{"common_name":"Honeylocust: Thornless","condition":"Fair","height":7.9248,"width":2.1336,"crown_r_m":1.0668,"crown_h_m":5.15112,"height_imputed":false,"width_imputed":false,"neighborhood":"Terrace Village","tree_id":"t00329"},"geometry":{"type":"Point","coordinates":[-79.96796,40.43942]}},{"id":"330","type":"Feature","properties":{"common_name":"Honeylocust: Thornless","condition":"Fair","height":7.3152,"width":2.4384,"crown_r_m":1.2192,"crown_h_m":4.75488,"height_imputed":false,"width_imputed":false,"neighborhood":"Terrace Village","tree_id":"t00330"},"geometry":{"type":"Point","coordinates":[-79.96765,40.43951]}},{"id":"331","type":"Feature","properties":{"common_name":"Honeylocust: Thornless","condition":"Fair","height":7.0104,"width":2.1336,"crown_r_m":1.0668,"crown_h_m":4.55676,"height_imputed":false,"width_imputed":false,"neighborhood":"Terrace Village","tree_id":"t00331"},"geometry":{"type":"Point","coordinates":[-79.96757,40.43961]}},{"id":"332","type":"Feature","properties":{"common_name":"Honeylocust: Thornless","condition":"Fair","height":7.0104,"width":2.4384,"crown_r_m":1.2192,"crown_h_m":4.55676,"height_imputed":false,"width_imputed":false,"neighborhood":"West Oakland","tree_id":"t00332"},"geometry":{"type":"Point","coordinates":[-79.9675,40.43992]}},{"id":"333","type":"Feature","properties":{"common_name":"Honeylocust: Thornless","condition":"Fair","height":5.7912,"width":1.8288,"crown_r_m":1.0,"crown_h_m":3.76428,"height_imputed":false,"width_imputed":false,"neighborhood":"Terrace Village","tree_id":"t00333"},"geometry":{"type":"Point","coordinates":[-79.96822,40.43929]}},{"id":"334","type":"Feature","properties":{"common_name":"Maple: Red","condition":"Fair","height":4.572,"width":1.524,"crown_r_m":1.0,"crown_h_m":2.9718,"height_imputed":false,"width_imputed":false,"neighborhood":"Terrace Village","tree_id":"t00334"},"geometry":{"type":"Point","coordinates":[-79.9687,40.43893]}},{"id":"335","type":"Feature","properties":{"common_name":"Maple: Red","condition":"Poor","height":2.7432,"width":1.8288,"crown_r_m":1.0,"crown_h_m":1.78308,"height_imputed":false,"width_imputed":false,"neighborhood":"Terrace Village","tree_id":"t00335"},"geometry":{"type":"Point","coordinates":[-79.96848,40.43902]}},{"id":"336","type":"Feature","properties":{"common_name":"Maple: Red","condition":"Fair","height":3.048,"width":1.524,"crown_r_m":1.0,"crown_h_m":1.9812,"height_imputed":false,"width_imputed":false,"neighborhood":"Terrace Village","tree_id":"t00336"},"geometry":{"type":"Point","coordinates":[-79.96856,40.4389]}},{"id":"337","type":"Feature","properties":{"common_name":"Tree-of-Heaven","condition":"Poor","height":2.7432,"width":0.3048,"crown_r_m":1.0,"crown_h_m":1.78308,"height_imputed":false,"width_imputed":false,"neighborhood":"West Oakland","tree_id":"t00337"},"geometry":{"type":"Point","coordinates":[-79.96615,40.43991]}},{"id":"338","type":"Feature","properties":{"common_name":"Linden: Littleleaf","condition":"Poor","height":9.144,"width":3.6576,"crown_r_m":1.8288,"crown_h_m":5.9436,"height_imputed":false,"width_imputed":false,"neighborhood":"Shadyside","tree_id":"t00338"},"geometry":{"type":"Point","coordinates":[-79.944,40.45301]}},{"id":"339","type":"Feature","properties":{"common_name":"Linden: Littleleaf","condition":"Fair","height":6.096,"width":3.048,"crown_r_m":1.524,"crown_h_m":3.9624,"height_imputed":false,"width_imputed":false,"neighborhood":"Shadyside","tree_id":"t00339"},"geometry":{"type":"Point","coordinates":[-79.94419,40.45296]}},{"id":"340","type":"Feature","properties":{"common_name":"Tuliptree","condition":"Good","height":4.2672,"width":1.524,"crown_r_m":1.0,"crown_h_m":2.77368,"height_imputed":false,"width_imputed":false,"neighborhood":"Shadyside","tree_id":"t00340"},"geometry":{"type":"Point","coordinates":[-79.94533,40.4527]}},{"id":"341","type":"Feature","properties":{"common_name":"Maple: Norway","condition":"Good","height":5.1816,"width":1.524,"crown_r_m":1.0,"crown_h_m":3.36804,"height_imputed":false,"width_imputed":false,"neighborhood":"Shadyside","tree_id":"t00341"},"geometry":{"type":"Point","coordinates":[-79.94573,40.45226]}},{"id":"342","type":"Feature","properties":{"common_name":"Oak: Pin","condition":"Fair","height":18.288,"width":6.7056,"crown_r_m":3.3528,"crown_h_m":11.8872,"height_imputed":false,"width_imputed":false,"neighborhood":"Shadyside","tree_id":"t00342"},"geometry":{"type":"Point","coordinates":[-79.94541,40.45154]}},{"id":"343","type":"Feature","properties":{"common_name":"Oak: Northern Red","condition":"Fair","height":18.288,"width":4.2672,"crown_r_m":2.1336,"crown_h_m":11.8872,"height_imputed":false,"width_imputed":false,"neighborhood":"Shadyside","tree_id":"t00343"},"geometry":{"type":"Point","coordinates":[-79.94424,40.44774]}},{"id":"344","type":"Feature","properties":{"common_name":"Oak: Pin","condition":"Fair","height":18.8976,"width":4.2672,"crown_r_m":2.1336,"crown_h_m":12.28344,"height_imputed":false,"width_imputed":false,"neighborhood":"Shadyside","tree_id":"t00344"},"geometry":{"type":"Point","coordinates":[-79.94424,40.44787]}},{"id":"345","type":"Feature","properties":{"common_name":"Maple: Red","condition":"Fair","height":6.096,"width":1.8288,"crown_r_m":1.0,"crown_h_m":3.9624,"height_imputed":false,"width_imputed":false,"neighborhood":"Shadyside","tree_id":"t00345"},"geometry":{"type":"Point","coordinates":[-79.94456,40.44931]}},{"id":"346","type":"Feature","properties":{"common_name":"Maple: Red","condition":"Fair","height":12.192,"width":2.4384,"crown_r_m":1.2192,"crown_h_m":7.9248,"height_imputed":false,"width_imputed":false,"neighborhood":"Shadyside","tree_id":"t00346"},"geometry":{"type":"Point","coordinates":[-79.94465,40.44953]}},{"id":"347","type":"Feature","properties":{"common_name":"Maple: Norway","condition":"Fair","height":10.0584,"width":3.048,"crown_r_m":1.524,"crown_h_m":6.53796,"height_imputed":false,"width_imputed":false,"neighborhood":"Shadyside","tree_id":"t00347"},"geometry":{"type":"Point","coordinates":[-79.94472,40.44969]}},{"id":"348","type":"Feature","properties":{"common_name":"Oak: Pin","condition":"Poor","height":16.764,"width":6.096,"crown_r_m":3.048,"crown_h_m":10.8966,"height_imputed":false,"width_imputed":false,"neighborhood":"Shadyside","tree_id":"t00348"},"geometry":{"type":"Point","coordinates":[-79.94552,40.45148]}},{"id":"349","type":"Feature","properties":{"common_name":"Oak: Pin","condition":"Fair","height":17.6784,"width":7.3152,"crown_r_m":3.6576,"crown_h_m":11.49096,"height_imputed":false,"width_imputed":false,"neighborhood":"Shadyside","tree_id":"t00349"},"geometry":{"type":"Point","coordinates":[-79.94569,40.45186]}},{"id":"350","type":"Feature","properties":{"common_name":"Elm: Siberian","condition":"Fair","height":6.096,"width":1.524,"crown_r_m":1.0,"crown_h_m":3.9624,"height_imputed":false,"width_imputed":false,"neighborhood":"South Oakland","tree_id":"t00350"},"geometry":{"type":"Point","coordinates":[-79.96483,40.43763]}},{"id":"351","type":"Feature","properties":{"common_name":"Maple: Red","condition":"Fair","height":5.4864,"width":2.1336,"crown_r_m":1.0668,"crown_h_m":3.56616,"height_imputed":false,"width_imputed":false,"neighborhood":"West Oakland","tree_id":"t00351"},"geometry":{"type":"Point","coordinates":[-79.96497,40.44257]}},{"id":"352","type":"Feature","properties":{"common_name":"Dogwood: Corneliancherry","condition":"Fair","height":2.1336,"width":1.2192,"crown_r_m":1.0,"crown_h_m":1.5,"height_imputed":false,"width_imputed":false,"neighborhood":"West Oakland","tree_id":"t00352"},"geometry":{"type":"Point","coordinates":[-79.96565,40.44249]}},{"id":"353","type":"Feature","properties":{"common_name":"Dogwood: Corneliancherry","condition":"Good","height":2.4384,"width":1.2192,"crown_r_m":1.0,"crown_h_m":1.58496,"height_imputed":false,"width_imputed":false,"neighborhood":"West Oakland","tree_id":"t00353"},"geometry":{"type":"Point","coordinates":[-79.96557,40.44138]}},{"id":"354","type":"Feature","properties":{"common_name":"Honeylocust","condition":"Good","height":7.9248,"width":2.1336,"crown_r_m":1.0668,"crown_h_m":5.15112,"height_imputed":false,"width_imputed":false,"neighborhood":"West Oakland","tree_id":"t00354"},"geometry":{"type":"Point","coordinates":[-79.96651,40.44161]}},{"id":"355","type":"Feature","properties":{"common_name":"Dogwood: Corneliancherry","condition":"Fair","height":2.1336,"width":1.2192,"crown_r_m":1.0,"crown_h_m":1.5,"height_imputed":false,"width_imputed":false,"neighborhood":"Shadyside","tree_id":"t00355"},"geometry":{"type":"Point","coordinates":[-79.94557,40.45006]}},{"id":"356","type":"Feature","properties":{"common_name":"Tree-of-Heaven","condition":"Fair","height":10.668,"width":2.4384,"crown_r_m":1.2192,"crown_h_m":6.9342,"height_imputed":false,"width_imputed":false,"neighborhood":"Terrace Village","tree_id":"t00356"},"geometry":{"type":"Point","coordinates":[-79.96179,40.4487]}},{"id":"357","type":"Feature","properties":{"common_name":"Maple: Hedge","condition":"Poor","height":2.4384,"width":1.2192,"crown_r_m":1.0,"crown_h_m":1.58496,"height_imputed":false,"width_imputed":false,"neighborhood":"Terrace Village","tree_id":"t00357"},"geometry":{"type":"Point","coordinates":[-79.96062,40.4476]}},{"id":"358","type":"Feature","properties":{"common_name":"Maple: Norway","condition":"Fair","height":10.668,"width":3.6576,"crown_r_m":1.8288,"crown_h_m":6.9342,"height_imputed":false,"width_imputed":false,"neighborhood":"Shadyside","tree_id":"t00358"},"geometry":{"type":"Point","coordinates":[-79.94257,40.44907]}},{"id":"359","type":"Feature","properties":{"common_name":"Oak: Pin","condition":"Good","height":19.812,"width":6.096,"crown_r_m":3.048,"crown_h_m":12.8778,"height_imputed":false,"width_imputed":false,"neighborhood":"Shadyside","tree_id":"t00359"},"geometry":{"type":"Point","coordinates":[-79.94247,40.44907]}},{"id":"360","type":"Feature","properties":{"common_name":"Oak: Pin","condition":"Good","height":13.716,"width":2.4384,"crown_r_m":1.2192,"crown_h_m":8.9154,"height_imputed":false,"width_imputed":false,"neighborhood":"Shadyside","tree_id":"t00360"},"geometry":{"type":"Point","coordinates":[-79.94742,40.44812]}},{"id":"361","type":"Feature","properties":{"common_name":"Oak: Pin","condition":"Fair","height":10.668,"width":1.8288,"crown_r_m":1.0,"crown_h_m":6.9342,"height_imputed":false,"width_imputed":false,"neighborhood":"Shadyside","tree_id":"t00361"},"geometry":{"type":"Point","coordinates":[-79.94755,40.44796]}},{"id":"362","type":"Feature","properties":{"common_name":"Ginkgo","condition":"Good","height":2.4384,"width":1.524,"crown_r_m":1.0,"crown_h_m":1.58496,"height_imputed":false,"width_imputed":false,"neighborhood":"North Oakland","tree_id":"t00362"},"geometry":{"type":"Point","coordinates":[-79.95085,40.44688]}},{"id":"363","type":"Feature","properties":{"common_name":"Honeylocust: Thornless","condition":"Good","height":6.096,"width":4.572,"crown_r_m":2.286,"crown_h_m":3.9624,"height_imputed":false,"width_imputed":false,"neighborhood":"North Oakland","tree_id":"t00363"},"geometry":{"type":"Point","coordinates":[-79.95159,40.44848]}},{"id":"364","type":"Feature","properties":{"common_name":"Oak: Swamp White","condition":"Good","height":4.572,"width":1.8288,"crown_r_m":1.0,"crown_h_m":2.9718,"height_imputed":false,"width_imputed":false,"neighborhood":"Bloomfield","tree_id":"t00364"},"geometry":{"type":"Point","coordinates":[-79.94689,40.4535]}},{"id":"365","type":"Feature","properties":{"common_name":"Pear: Callery","condition":"Fair","height":5.1816,"width":2.1336,"crown_r_m":1.0668,"crown_h_m":3.36804,"height_imputed":false,"width_imputed":false,"neighborhood":"Bloomfield","tree_id":"t00365"},"geometry":{"type":"Point","coordinates":[-79.94487,40.4541]}},{"id":"366","type":"Feature","properties":{"common_name":"Crabapple: Flowering","condition":"Fair","height":3.6576,"width":1.2192,"crown_r_m":1.0,"crown_h_m":2.37744,"height_imputed":false,"width_imputed":false,"neighborhood":"Bloomfield","tree_id":"t00366"},"geometry":{"type":"Point","coordinates":[-79.94481,40.45445]}},{"id":"367","type":"Feature","properties":{"common_name":"Elm: American","condition":"Good","height":3.6576,"width":1.8288,"crown_r_m":1.0,"crown_h_m":2.37744,"height_imputed":false,"width_imputed":false,"neighborhood":"Bloomfield","tree_id":"t00367"},"geometry":{"type":"Point","coordinates":[-79.9474,40.45371]}},{"id":"368","type":"Feature","properties":{"common_name":"Linden: Silver","condition":"Fair","height":2.7432,"width":1.2192,"crown_r_m":1.0,"crown_h_m":1.78308,"height_imputed":false,"width_imputed":false,"neighborhood":"Shadyside","tree_id":"t00368"},"geometry":{"type":"Point","coordinates":[-79.94929,40.45263]}},{"id":"369","type":"Feature","properties":{"common_name":"Maple: Red","condition":"Fair","height":9.144,"width":2.4384,"crown_r_m":1.2192,"crown_h_m":5.9436,"height_imputed":false,"width_imputed":false,"neighborhood":"Shadyside","tree_id":"t00369"},"geometry":{"type":"Point","coordinates":[-79.94938,40.45261]}},{"id":"370","type":"Feature","properties":{"common_name":"Sweetgum: American","condition":"Fair","height":12.192,"width":2.7432,"crown_r_m":1.3716,"crown_h_m":7.9248,"height_imputed":false,"width_imputed":false,"neighborhood":"North Oakland","tree_id":"t00370"},"geometry":{"type":"Point","coordinates":[-79.95735,40.4439]}},{"id":"371","type":"Feature","properties":{"common_name":"Oak: Northern Red","condition":"Good","height":4.572,"width":1.524,"crown_r_m":1.0,"crown_h_m":2.9718,"height_imputed":false,"width_imputed":false,"neighborhood":"North Oakland","tree_id":"t00371"},"geometry":{"type":"Point","coordinates":[-79.95675,40.44341]}},{"id":"372","type":"Feature","properties":{"common_name":"Honeylocust: Thornless","condition":"Fair","height":4.2672,"width":1.524,"crown_r_m":1.0,"crown_h_m":2.77368,"height_imputed":false,"width_imputed":false,"neighborhood":"West Oakland","tree_id":"t00372"},"geometry":{"type":"Point","coordinates":[-79.95982,40.44085]}},{"id":"373","type":"Feature","properties":{"common_name":"Honeylocust: Thornless","condition":"Fair","height":6.096,"width":2.1336,"crown_r_m":1.0668,"crown_h_m":3.9624,"height_imputed":false,"width_imputed":false,"neighborhood":"Central Oakland","tree_id":"t00373"},"geometry":{"type":"Point","coordinates":[-79.95579,40.44153]}},{"id":"374","type":"Feature","properties":{"common_name":"Linden: Littleleaf","condition":"Fair","height":12.192,"width":1.2192,"crown_r_m":1.0,"crown_h_m":7.9248,"height_imputed":false,"width_imputed":false,"neighborhood":"Central Oakland","tree_id":"t00374"},"geometry":{"type":"Point","coordinates":[-79.95131,40.43695]}},{"id":"375","type":"Feature","properties":{"common_name":"Linden: Littleleaf","condition":"Good","height":10.668,"width":1.8288,"crown_r_m":1.0,"crown_h_m":6.9342,"height_imputed":false,"width_imputed":false,"neighborhood":"Central Oakland","tree_id":"t00375"},"geometry":{"type":"Point","coordinates":[-79.95128,40.43707]}},{"id":"376","type":"Feature","properties":{"common_name":"Honeylocust: Thornless","condition":"Fair","height":7.62,"width":2.1336,"crown_r_m":1.0668,"crown_h_m":4.953,"height_imputed":false,"width_imputed":false,"neighborhood":"Central Oakland","tree_id":"t00376"},"geometry":{"type":"Point","coordinates":[-79.95148,40.43707]}},{"id":"377","type":"Feature","properties":{"common_name":"Oak: Northern Red","condition":"Good","height":13.716,"width":3.6576,"crown_r_m":1.8288,"crown_h_m":8.9154,"height_imputed":false,"width_imputed":false,"neighborhood":"Central Oakland","tree_id":"t00377"},"geometry":{"type":"Point","coordinates":[-79.95161,40.43701]}},{"id":"378","type":"Feature","properties":{"common_name":"Maple: Norway","condition":"Good","height":6.7056,"width":2.4384,"crown_r_m":1.2192,"crown_h_m":4.35864,"height_imputed":false,"width_imputed":false,"neighborhood":"Central Oakland","tree_id":"t00378"},"geometry":{"type":"Point","coordinates":[-79.95162,40.43711]}},{"id":"379","type":"Feature","properties":{"common_name":"Linden: American","condition":"Fair","height":4.572,"width":1.524,"crown_r_m":1.0,"crown_h_m":2.9718,"height_imputed":false,"width_imputed":false,"neighborhood":"Central Oakland","tree_id":"t00379"},"geometry":{"type":"Point","coordinates":[-79.95168,40.43718]}},{"id":"380","type":"Feature","properties":{"common_name":"Maple: Silver","condition":"Fair","height":3.048,"width":0.3048,"crown_r_m":1.0,"crown_h_m":1.9812,"height_imputed":false,"width_imputed":false,"neighborhood":"Central Oakland","tree_id":"t00380"},"geometry":{"type":"Point","coordinates":[-79.9519,40.43711]}},{"id":"381","type":"Feature","properties":{"common_name":"Linden: Littleleaf","condition":"Critical","height":9.144,"width":3.048,"crown_r_m":1.524,"crown_h_m":5.9436,"height_imputed":false,"width_imputed":false,"neighborhood":"Central Oakland","tree_id":"t00381"},"geometry":{"type":"Point","coordinates":[-79.95224,40.43722]}},{"id":"382","type":"Feature","properties":{"common_name":"Oak: Pin","condition":"Good","height":12.192,"width":3.048,"crown_r_m":1.524,"crown_h_m":7.9248,"height_imputed":false,"width_imputed":false,"neighborhood":"North Oakland","tree_id":"t00382"},"geometry":{"type":"Point","coordinates":[-79.9562,40.44679]}},{"id":"383","type":"Feature","properties":{"common_name":"Apple: Common","condition":"Fair","height":3.6576,"width":1.8288,"crown_r_m":1.0,"crown_h_m":2.37744,"height_imputed":false,"width_imputed":false,"neighborhood":"North Oakland","tree_id":"t00383"},"geometry":{"type":"Point","coordinates":[-79.95764,40.44784]}},{"id":"384","type":"Feature","properties":{"common_name":"Sweetgum: American","condition":"Good","height":16.764,"width":2.1336,"crown_r_m":1.0668,"crown_h_m":10.8966,"height_imputed":false,"width_imputed":false,"neighborhood":"North Oakland","tree_id":"t00384"},"geometry":{"type":"Point","coordinates":[-79.95651,40.44865]}},{"id":"385","type":"Feature","properties":{"common_name":"Sweetgum: American","condition":"Fair","height":13.716,"width":1.8288,"crown_r_m":1.0,"crown_h_m":8.9154,"height_imputed":false,"width_imputed":false,"neighborhood":"North Oakland","tree_id":"t00385"},"geometry":{"type":"Point","coordinates":[-79.95394,40.44767]}},{"id":"386","type":"Feature","properties":{"common_name":"Sweetgum: American","condition":"Fair","height":13.716,"width":2.4384,"crown_r_m":1.2192,"crown_h_m":8.9154,"height_imputed":false,"width_imputed":false,"neighborhood":"North Oakland","tree_id":"t00386"},"geometry":{"type":"Point","coordinates":[-79.95413,40.44784]}},{"id":"387","type":"Feature","properties":{"common_name":"Oak: Northern Red","condition":"Fair","height":15.24,"width":6.096,"crown_r_m":3.048,"crown_h_m":9.906,"height_imputed":false,"width_imputed":false,"neighborhood":"North Oakland","tree_id":"t00387"},"geometry":{"type":"Point","coordinates":[-79.95548,40.44891]}},{"id":"388","type":"Feature","properties":{"common_name":"Sweetgum: American","condition":"Fair","height":16.764,"width":4.8768,"crown_r_m":2.4384,"crown_h_m":10.8966,"height_imputed":false,"width_imputed":false,"neighborhood":"North Oakland","tree_id":"t00388"},"geometry":{"type":"Point","coordinates":[-79.95562,40.44905]}},{"id":"389","type":"Feature","properties":{"common_name":"Linden: Littleleaf","condition":"Fair","height":12.192,"width":3.6576,"crown_r_m":1.8288,"crown_h_m":7.9248,"height_imputed":false,"width_imputed":false,"neighborhood":"North Oakland","tree_id":"t00389"},"geometry":{"type":"Point","coordinates":[-79.9556,40.44958]}},{"id":"390","type":"Feature","properties":{"common_name":"Linden: Littleleaf","condition":"Fair","height":10.668,"width":2.4384,"crown_r_m":1.2192,"crown_h_m":6.9342,"height_imputed":false,"width_imputed":false,"neighborhood":"North Oakland","tree_id":"t00390"},"geometry":{"type":"Point","coordinates":[-79.95536,40.45012]}},{"id":"391","type":"Feature","properties":{"common_name":"Ginkgo","condition":"Fair","height":11.8872,"width":1.524,"crown_r_m":1.0,"crown_h_m":7.72668,"height_imputed":false,"width_imputed":false,"neighborhood":"North Oakland","tree_id":"t00391"},"geometry":{"type":"Point","coordinates":[-79.95318,40.45131]}},{"id":"392","type":"Feature","properties":{"common_name":"London planetree","condition":"Good","height":10.668,"width":2.4384,"crown_r_m":1.2192,"crown_h_m":6.9342,"height_imputed":false,"width_imputed":false,"neighborhood":"North Oakland","tree_id":"t00392"},"geometry":{"type":"Point","coordinates":[-79.95584,40.44895]}},{"id":"393","type":"Feature","properties":{"common_name":"London planetree","condition":"Good","height":2.1336,"width":0.3048,"crown_r_m":1.0,"crown_h_m":1.5,"height_imputed":false,"width_imputed":false,"neighborhood":"North Oakland","tree_id":"t00393"},"geometry":{"type":"Point","coordinates":[-79.95585,40.44893]}},{"id":"394","type":"Feature","properties":{"common_name":"London planetree","condition":"Good","height":15.24,"width":2.1336,"crown_r_m":1.0668,"crown_h_m":9.906,"height_imputed":false,"width_imputed":false,"neighborhood":"North Oakland","tree_id":"t00394"},"geometry":{"type":"Point","coordinates":[-79.95535,40.44743]}},{"id":"395","type":"Feature","properties":{"common_name":"Arborvitae: Eastern","condition":"Fair","height":2.4384,"width":0.3048,"crown_r_m":1.0,"crown_h_m":1.58496,"height_imputed":false,"width_imputed":false,"neighborhood":"North Oakland","tree_id":"t00395"},"geometry":{"type":"Point","coordinates":[-79.95653,40.44844]}},{"id":"396","type":"Feature","properties":{"common_name":"Hardy Rubbertree","condition":"Fair","height":3.048,"width":1.8288,"crown_r_m":1.0,"crown_h_m":1.9812,"height_imputed":false,"width_imputed":false,"neighborhood":"North Oakland","tree_id":"t00396"},"geometry":{"type":"Point","coordinates":[-79.95232,40.44968]}},{"id":"397","type":"Feature","properties":{"common_name":"Hornbeam: European","condition":"Fair","height":9.144,"width":1.8288,"crown_r_m":1.0,"crown_h_m":5.9436,"height_imputed":false,"width_imputed":false,"neighborhood":"North Oakland","tree_id":"t00397"},"geometry":{"type":"Point","coordinates":[-79.9536,40.45055]}},{"id":"398","type":"Feature","properties":{"common_name":"Hornbeam: European","condition":"Good","height":9.144,"width":1.8288,"crown_r_m":1.0,"crown_h_m":5.9436,"height_imputed":false,"width_imputed":false,"neighborhood":"North Oakland","tree_id":"t00398"},"geometry":{"type":"Point","coordinates":[-79.95345,40.45025]}},{"id":"399","type":"Feature","properties":{"common_name":"Pear: Callery","condition":"Good","height":7.62,"width":1.524,"crown_r_m":1.0,"crown_h_m":4.953,"height_imputed":false,"width_imputed":false,"neighborhood":"North Oakland","tree_id":"t00399"},"geometry":{"type":"Point","coordinates":[-79.95332,40.44994]}},{"id":"400","type":"Feature","properties":{"common_name":"Pear: Callery","condition":"Good","height":1.8288,"width":1.8288,"crown_r_m":1.0,"crown_h_m":1.5,"height_imputed":false,"width_imputed":false,"neighborhood":"North Oakland","tree_id":"t00400"},"geometry":{"type":"Point","coordinates":[-79.95324,40.44975]}},{"id":"401","type":"Feature","properties":{"common_name":"Dogwood: Flowering","condition":"Fair","height":1.8288,"width":0.3048,"crown_r_m":1.0,"crown_h_m":1.5,"height_imputed":false,"width_imputed":false,"neighborhood":"North Oakland","tree_id":"t00401"},"geometry":{"type":"Point","coordinates":[-79.95301,40.44924]}},{"id":"402","type":"Feature","properties":{"common_name":"Dogwood: Flowering","condition":"Fair","height":1.8288,"width":0.3048,"crown_r_m":1.0,"crown_h_m":1.5,"height_imputed":false,"width_imputed":false,"neighborhood":"North Oakland","tree_id":"t00402"},"geometry":{"type":"Point","coordinates":[-79.95296,40.44914]}},{"id":"403","type":"Feature","properties":{"common_name":"Sweetgum: American","condition":"Fair","height":13.716,"width":3.3528,"crown_r_m":1.6764,"crown_h_m":8.9154,"height_imputed":false,"width_imputed":false,"neighborhood":"North Oakland","tree_id":"t00403"},"geometry":{"type":"Point","coordinates":[-79.95517,40.4489]}},{"id":"404","type":"Feature","properties":{"common_name":"Oak: Northern Red","condition":"Fair","height":18.288,"width":4.572,"crown_r_m":2.286,"crown_h_m":11.8872,"height_imputed":false,"width_imputed":false,"neighborhood":"North Oakland","tree_id":"t00404"},"geometry":{"type":"Point","coordinates":[-79.9541,40.44802]}},{"id":"405","type":"Feature","properties":{"common_name":"Sweetgum: American","condition":"Good","height":19.812,"width":3.6576,"crown_r_m":1.8288,"crown_h_m":12.8778,"height_imputed":false,"width_imputed":false,"neighborhood":"North Oakland","tree_id":"t00405"},"geometry":{"type":"Point","coordinates":[-79.95381,40.4478]}},{"id":"406","type":"Feature","properties":{"common_name":"Oak: Swamp White","condition":"Good","height":3.048,"width":1.524,"crown_r_m":1.0,"crown_h_m":1.9812,"height_imputed":false,"width_imputed":false,"neighborhood":"Central Oakland","tree_id":"t00406"},"geometry":{"type":"Point","coordinates":[-79.95756,40.43857]}},{"id":"407","type":"Feature","properties":{"common_name":"Redcedar: Eastern","condition":"Good","height":4.572,"width":0.6096,"crown_r_m":1.0,"crown_h_m":2.9718,"height_imputed":false,"width_imputed":false,"neighborhood":"North Oakland","tree_id":"t00407"},"geometry":{"type":"Point","coordinates":[-79.95582,40.44914]}},{"id":"408","type":"Feature","properties":{"common_name":"Redcedar: Eastern","condition":"Good","height":4.8768,"width":0.6096,"crown_r_m":1.0,"crown_h_m":3.16992,"height_imputed":false,"width_imputed":false,"neighborhood":"North Oakland","tree_id":"t00408"},"geometry":{"type":"Point","coordinates":[-79.95575,40.44919]}},{"id":"409","type":"Feature","properties":{"common_name":"Honeylocust: Thornless","condition":"Fair","height":12.192,"width":6.096,"crown_r_m":3.048,"crown_h_m":7.9248,"height_imputed":false,"width_imputed":false,"neighborhood":"North Oakland","tree_id":"t00409"},"geometry":{"type":"Point","coordinates":[-79.95597,40.44887]}},{"id":"410","type":"Feature","properties":{"common_name":"Honeylocust: Thornless","condition":"Fair","height":12.192,"width":6.096,"crown_r_m":3.048,"crown_h_m":7.9248,"height_imputed":false,"width_imputed":false,"neighborhood":"North Oakland","tree_id":"t00410"},"geometry":{"type":"Point","coordinates":[-79.95603,40.44882]}},{"id":"411","type":"Feature","properties":{"common_name":"Pear: Callery","condition":"Fair","height":10.668,"width":3.6576,"crown_r_m":1.8288,"crown_h_m":6.9342,"height_imputed":false,"width_imputed":false,"neighborhood":"North Oakland","tree_id":"t00411"},"geometry":{"type":"Point","coordinates":[-79.94881,40.44483]}},{"id":"412","type":"Feature","properties":{"common_name":"Honeylocust: Thornless","condition":"Good","height":9.144,"width":2.1336,"crown_r_m":1.0668,"crown_h_m":5.9436,"height_imputed":false,"width_imputed":false,"neighborhood":"North Oakland","tree_id":"t00412"},"geometry":{"type":"Point","coordinates":[-79.94883,40.44508]}},{"id":"413","type":"Feature","properties":{"common_name":"Honeylocust: Thornless","condition":"Critical","height":6.096,"width":2.4384,"crown_r_m":1.2192,"crown_h_m":3.9624,"height_imputed":false,"width_imputed":false,"neighborhood":"North Oakland","tree_id":"t00413"},"geometry":{"type":"Point","coordinates":[-79.94884,40.44519]}},{"id":"414","type":"Feature","properties":{"common_name":"Pear: Callery","condition":"Fair","height":6.096,"width":2.1336,"crown_r_m":1.0668,"crown_h_m":3.9624,"height_imputed":false,"width_imputed":false,"neighborhood":"North Oakland","tree_id":"t00414"},"geometry":{"type":"Point","coordinates":[-79.94897,40.44612]}},{"id":"415","type":"Feature","properties":{"common_name":"Hornbeam: European","condition":"Poor","height":4.572,"width":1.8288,"crown_r_m":1.0,"crown_h_m":2.9718,"height_imputed":false,"width_imputed":false,"neighborhood":"North Oakland","tree_id":"t00415"},"geometry":{"type":"Point","coordinates":[-79.94886,40.44667]}},{"id":"416","type":"Feature","properties":{"common_name":"Maple: Freeman","condition":"Poor","height":6.096,"width":1.8288,"crown_r_m":1.0,"crown_h_m":3.9624,"height_imputed":false,"width_imputed":false,"neighborhood":"North Oakland","tree_id":"t00416"},"geometry":{"type":"Point","coordinates":[-79.94789,40.44593]}},{"id":"417","type":"Feature","properties":{"common_name":"Pear: Callery","condition":"Fair","height":6.096,"width":2.1336,"crown_r_m":1.0668,"crown_h_m":3.9624,"height_imputed":false,"width_imputed":false,"neighborhood":"North Oakland","tree_id":"t00417"},"geometry":{"type":"Point","coordinates":[-79.94874,40.44546]}},{"id":"418","type":"Feature","properties":{"common_name":"Pear: Callery","condition":"Poor","height":3.048,"width":1.8288,"crown_r_m":1.0,"crown_h_m":1.9812,"height_imputed":false,"width_imputed":false,"neighborhood":"North Oakland","tree_id":"t00418"},"geometry":{"type":"Point","coordinates":[-79.94733,40.44542]}},{"id":"419","type":"Feature","properties":{"common_name":"Hornbeam: European","condition":"Critical","height":3.6576,"width":1.524,"crown_r_m":1.0,"crown_h_m":2.37744,"height_imputed":false,"width_imputed":false,"neighborhood":"North Oakland","tree_id":"t00419"},"geometry":{"type":"Point","coordinates":[-79.94799,40.4453]}},{"id":"420","type":"Feature","properties":{"common_name":"Maple: Norway","condition":"Fair","height":13.716,"width":6.096,"crown_r_m":3.048,"crown_h_m":8.9154,"height_imputed":false,"width_imputed":false,"neighborhood":"Central Oakland","tree_id":"t00420"},"geometry":{"type":"Point","coordinates":[-79.95166,40.4404]}},{"id":"421","type":"Feature","properties":{"common_name":"Tree-of-Heaven","condition":"Fair","height":13.716,"width":4.2672,"crown_r_m":2.1336,"crown_h_m":8.9154,"height_imputed":false,"width_imputed":false,"neighborhood":"Central Oakland","tree_id":"t00421"},"geometry":{"type":"Point","coordinates":[-79.95178,40.4404]}},{"id":"422","type":"Feature","properties":{"common_name":"Maple: Norway","condition":"Fair","height":12.192,"width":0.9144,"crown_r_m":1.0,"crown_h_m":7.9248,"height_imputed":false,"width_imputed":false,"neighborhood":"Central Oakland","tree_id":"t00422"},"geometry":{"type":"Point","coordinates":[-79.95197,40.4404]}},{"id":"423","type":"Feature","properties":{"common_name":"Maple: Norway","condition":"Fair","height":10.668,"width":3.6576,"crown_r_m":1.8288,"crown_h_m":6.9342,"height_imputed":false,"width_imputed":false,"neighborhood":"Central Oakland","tree_id":"t00423"},"geometry":{"type":"Point","coordinates":[-79.95218,40.4404]}},{"id":"424","type":"Feature","properties":{"common_name":"Pear: Callery","condition":"Fair","height":6.096,"width":1.8288,"crown_r_m":1.0,"crown_h_m":3.9624,"height_imputed":false,"width_imputed":false,"neighborhood":"Central Oakland","tree_id":"t00424"},"geometry":{"type":"Point","coordinates":[-79.95606,40.43989]}},{"id":"425","type":"Feature","properties":{"common_name":"Maple: Amur","condition":"Fair","height":3.048,"width":1.524,"crown_r_m":1.0,"crown_h_m":1.9812,"height_imputed":false,"width_imputed":false,"neighborhood":"Central Oakland","tree_id":"t00425"},"geometry":{"type":"Point","coordinates":[-79.95562,40.43954]}},{"id":"426","type":"Feature","properties":{"common_name":"Pear: Callery","condition":"Fair","height":10.668,"width":2.7432,"crown_r_m":1.3716,"crown_h_m":6.9342,"height_imputed":false,"width_imputed":false,"neighborhood":"Central Oakland","tree_id":"t00426"},"geometry":{"type":"Point","coordinates":[-79.95545,40.43941]}},{"id":"427","type":"Feature","properties":{"common_name":"Linden: Littleleaf","condition":"Fair","height":16.764,"width":3.048,"crown_r_m":1.524,"crown_h_m":10.8966,"height_imputed":false,"width_imputed":false,"neighborhood":"Central Oakland","tree_id":"t00427"},"geometry":{"type":"Point","coordinates":[-79.95483,40.43874]}},{"id":"428","type":"Feature","properties":{"common_name":"Linden: Littleleaf","condition":"Critical","height":7.62,"width":3.048,"crown_r_m":1.524,"crown_h_m":4.953,"height_imputed":false,"width_imputed":false,"neighborhood":"Central Oakland","tree_id":"t00428"},"geometry":{"type":"Point","coordinates":[-79.95511,40.43898]}},{"id":"429","type":"Feature","properties":{"common_name":"Linden: Littleleaf","condition":"Fair","height":10.668,"width":3.048,"crown_r_m":1.524,"crown_h_m":6.9342,"height_imputed":false,"width_imputed":false,"neighborhood":"Central Oakland","tree_id":"t00429"},"geometry":{"type":"Point","coordinates":[-79.95524,40.4391]}},{"id":"430","type":"Feature","properties":{"common_name":"Linden: Littleleaf","condition":"Fair","height":10.668,"width":1.8288,"crown_r_m":1.0,"crown_h_m":6.9342,"height_imputed":false,"width_imputed":false,"neighborhood":"Central Oakland","tree_id":"t00430"},"geometry":{"type":"Point","coordinates":[-79.95635,40.43908]}},{"id":"431","type":"Feature","properties":{"common_name":"Linden: Littleleaf","condition":"Fair","height":13.716,"width":3.6576,"crown_r_m":1.8288,"crown_h_m":8.9154,"height_imputed":false,"width_imputed":false,"neighborhood":"Central Oakland","tree_id":"t00431"},"geometry":{"type":"Point","coordinates":[-79.95569,40.43836]}},{"id":"432","type":"Feature","properties":{"common_name":"Maple: Sugar","condition":"Fair","height":13.716,"width":3.6576,"crown_r_m":1.8288,"crown_h_m":8.9154,"height_imputed":false,"width_imputed":false,"neighborhood":"Central Oakland","tree_id":"t00432"},"geometry":{"type":"Point","coordinates":[-79.95528,40.43742]}},{"id":"433","type":"Feature","properties":{"common_name":"Elm: spp.","condition":"Good","height":5.1816,"width":1.8288,"crown_r_m":1.0,"crown_h_m":3.36804,"height_imputed":false,"width_imputed":false,"neighborhood":"West Oakland","tree_id":"t00433"},"geometry":{"type":"Point","coordinates":[-79.95862,40.44185]}},{"id":"434","type":"Feature","properties":{"common_name":"Elm: American","condition":"Good","height":4.572,"width":1.8288,"crown_r_m":1.0,"crown_h_m":2.9718,"height_imputed":false,"width_imputed":false,"neighborhood":"West Oakland","tree_id":"t00434"},"geometry":{"type":"Point","coordinates":[-79.95848,40.44195]}},{"id":"435","type":"Feature","properties":{"common_name":"Elm: American","condition":"Good","height":6.096,"width":1.8288,"crown_r_m":1.0,"crown_h_m":3.9624,"height_imputed":false,"width_imputed":false,"neighborhood":"West Oakland","tree_id":"t00435"},"geometry":{"type":"Point","coordinates":[-79.95842,40.442]}},{"id":"436","type":"Feature","properties":{"common_name":"Maple: Norway","condition":"Fair","height":10.668,"width":2.4384,"crown_r_m":1.2192,"crown_h_m":6.9342,"height_imputed":false,"width_imputed":false,"neighborhood":"North Oakland","tree_id":"t00436"},"geometry":{"type":"Point","coordinates":[-79.95813,40.44457]}},{"id":"437","type":"Feature","properties":{"common_name":"Maple: Norway","condition":"Fair","height":9.144,"width":2.1336,"crown_r_m":1.0668,"crown_h_m":5.9436,"height_imputed":false,"width_imputed":false,"neighborhood":"North Oakland","tree_id":"t00437"},"geometry":{"type":"Point","coordinates":[-79.958,40.44466]}},{"id":"438","type":"Feature","properties":{"common_name":"Maple: Freeman","condition":"Good","height":13.716,"width":2.4384,"crown_r_m":1.2192,"crown_h_m":8.9154,"height_imputed":false,"width_imputed":false,"neighborhood":"North Oakland","tree_id":"t00438"},"geometry":{"type":"Point","coordinates":[-79.9576,40.44494]}},{"id":"439","type":"Feature","properties":{"common_name":"Pear: Callery","condition":"Fair","height":10.668,"width":2.4384,"crown_r_m":1.2192,"crown_h_m":6.9342,"height_imputed":false,"width_imputed":false,"neighborhood":"North Oakland","tree_id":"t00439"},"geometry":{"type":"Point","coordinates":[-79.95686,40.44549]}},{"id":"440","type":"Feature","properties":{"common_name":"Pear: Callery","condition":"Fair","height":9.144,"width":2.4384,"crown_r_m":1.2192,"crown_h_m":5.9436,"height_imputed":false,"width_imputed":false,"neighborhood":"North Oakland","tree_id":"t00440"},"geometry":{"type":"Point","coordinates":[-79.95669,40.4456]}},{"id":"441","type":"Feature","properties":{"common_name":"Oak: Northern Red","condition":"Fair","height":9.144,"width":7.62,"crown_r_m":3.81,"crown_h_m":5.9436,"height_imputed":false,"width_imputed":false,"neighborhood":"Central Oakland","tree_id":"t00441"},"geometry":{"type":"Point","coordinates":[-79.95642,40.43728]}},{"id":"442","type":"Feature","properties":{"common_name":"Pear: Callery","condition":"Critical","height":3.6576,"width":1.8288,"crown_r_m":1.0,"crown_h_m":2.37744,"height_imputed":false,"width_imputed":false,"neighborhood":"Central Oakland","tree_id":"t00442"},"geometry":{"type":"Point","coordinates":[-79.95869,40.43906]}},{"id":"443","type":"Feature","properties":{"common_name":"Zelkova: Japanese","condition":"Fair","height":3.6576,"width":2.4384,"crown_r_m":1.2192,"crown_h_m":2.37744,"height_imputed":false,"width_imputed":false,"neighborhood":"Central Oakland","tree_id":"t00443"},"geometry":{"type":"Point","coordinates":[-79.96001,40.43893]}},{"id":"444","type":"Feature","properties":{"common_name":"Zelkova: Japanese","condition":"Poor","height":3.3528,"width":1.524,"crown_r_m":1.0,"crown_h_m":2.17932,"height_imputed":false,"width_imputed":false,"neighborhood":"Central Oakland","tree_id":"t00444"},"geometry":{"type":"Point","coordinates":[-79.95999,40.43876]}},{"id":"445","type":"Feature","properties":{"common_name":"Zelkova: Japanese","condition":"Good","height":3.048,"width":1.8288,"crown_r_m":1.0,"crown_h_m":1.9812,"height_imputed":false,"width_imputed":false,"neighborhood":"Central Oakland","tree_id":"t00445"},"geometry":{"type":"Point","coordinates":[-79.96021,40.43895]}},{"id":"446","type":"Feature","properties":{"common_name":"Elm: spp.","condition":"Fair","height":3.6576,"width":1.8288,"crown_r_m":1.0,"crown_h_m":2.37744,"height_imputed":false,"width_imputed":false,"neighborhood":"Central Oakland","tree_id":"t00446"},"geometry":{"type":"Point","coordinates":[-79.95638,40.44003]}},{"id":"447","type":"Feature","properties":{"common_name":"Honeylocust: Thornless","condition":"Fair","height":6.096,"width":2.4384,"crown_r_m":1.2192,"crown_h_m":3.9624,"height_imputed":false,"width_imputed":false,"neighborhood":"Central Oakland","tree_id":"t00447"},"geometry":{"type":"Point","coordinates":[-79.95646,40.44123]}},{"id":"448","type":"Feature","properties":{"common_name":"Honeylocust: Thornless","condition":"Good","height":6.096,"width":2.4384,"crown_r_m":1.2192,"crown_h_m":3.9624,"height_imputed":false,"width_imputed":false,"neighborhood":"Central Oakland","tree_id":"t00448"},"geometry":{"type":"Point","coordinates":[-79.95638,40.44119]}},{"id":"449","type":"Feature","properties":{"common_name":"Honeylocust: Thornless","condition":"Good","height":4.8768,"width":2.1336,"crown_r_m":1.0668,"crown_h_m":3.16992,"height_imputed":false,"width_imputed":false,"neighborhood":"Central Oakland","tree_id":"t00449"},"geometry":{"type":"Point","coordinates":[-79.95631,40.44113]}},{"id":"450","type":"Feature","properties":{"common_name":"Ginkgo","condition":"Good","height":3.048,"width":0.9144,"crown_r_m":1.0,"crown_h_m":1.9812,"height_imputed":false,"width_imputed":false,"neighborhood":"Terrace Village","tree_id":"t00450"},"geometry":{"type":"Point","coordinates":[-79.96636,40.44427]}},{"id":"451","type":"Feature","properties":{"common_name":"Ginkgo","condition":"Fair","height":2.4384,"width":0.9144,"crown_r_m":1.0,"crown_h_m":1.58496,"height_imputed":false,"width_imputed":false,"neighborhood":"Terrace Village","tree_id":"t00451"},"geometry":{"type":"Point","coordinates":[-79.96594,40.44453]}},{"id":"452","type":"Feature","properties":{"common_name":"Ginkgo","condition":"Fair","height":3.3528,"width":1.8288,"crown_r_m":1.0,"crown_h_m":2.17932,"height_imputed":false,"width_imputed":false,"neighborhood":"Terrace Village","tree_id":"t00452"},"geometry":{"type":"Point","coordinates":[-79.96577,40.44464]}},{"id":"453","type":"Feature","properties":{"common_name":"Maple: Red","condition":"Fair","height":6.096,"width":1.524,"crown_r_m":1.0,"crown_h_m":3.9624,"height_imputed":false,"width_imputed":false,"neighborhood":"Terrace Village","tree_id":"t00453"},"geometry":{"type":"Point","coordinates":[-79.96869,40.44252]}},{"id":"454","type":"Feature","properties":{"common_name":"Locust: Black","condition":"Poor","height":18.288,"width":12.192,"crown_r_m":6.096,"crown_h_m":11.8872,"height_imputed":false,"width_imputed":false,"neighborhood":"Terrace Village","tree_id":"t00454"},"geometry":{"type":"Point","coordinates":[-79.96696,40.44634]}},{"id":"455","type":"Feature","properties":{"common_name":"Maple: Red","condition":"Fair","height":9.144,"width":3.048,"crown_r_m":1.524,"crown_h_m":5.9436,"height_imputed":false,"width_imputed":false,"neighborhood":"Middle Hill","tree_id":"t00455"},"geometry":{"type":"Point","coordinates":[-79.96892,40.44863]}},{"id":"456","type":"Feature","properties":{"common_name":"Tree-of-Heaven","condition":"Fair","height":13.716,"width":4.572,"crown_r_m":2.286,"crown_h_m":8.9154,"height_imputed":false,"width_imputed":false,"neighborhood":"Middle Hill","tree_id":"t00456"},"geometry":{"type":"Point","coordinates":[-79.96875,40.44835]}},{"id":"457","type":"Feature","properties":{"common_name":"Maple: Norway","condition":"Fair","height":15.24,"width":6.096,"crown_r_m":3.048,"crown_h_m":9.906,"height_imputed":false,"width_imputed":false,"neighborhood":"Middle Hill","tree_id":"t00457"},"geometry":{"type":"Point","coordinates":[-79.96857,40.44806]}},{"id":"458","type":"Feature","properties":{"common_name":"Tree-of-Heaven","condition":"Fair","height":10.668,"width":6.096,"crown_r_m":3.048,"crown_h_m":6.9342,"height_imputed":false,"width_imputed":false,"neighborhood":"Middle Hill","tree_id":"t00458"},"geometry":{"type":"Point","coordinates":[-79.96864,40.4464]}},{"id":"459","type":"Feature","properties":{"common_name":"Pine: Mugo","condition":"Good","height":2.7432,"width":0.3048,"crown_r_m":1.0,"crown_h_m":1.78308,"height_imputed":false,"width_imputed":false,"neighborhood":"Middle Hill","tree_id":"t00459"},"geometry":{"type":"Point","coordinates":[-79.9684,40.4473]}},{"id":"460","type":"Feature","properties":{"common_name":"Redcedar: Eastern","condition":"Good","height":2.4384,"width":0.3048,"crown_r_m":1.0,"crown_h_m":1.58496,"height_imputed":false,"width_imputed":false,"neighborhood":"Middle Hill","tree_id":"t00460"},"geometry":{"type":"Point","coordinates":[-79.96857,40.44784]}},{"id":"461","type":"Feature","properties":{"common_name":"Honeylocust: Thornless","condition":"Good","height":6.096,"width":1.524,"crown_r_m":1.0,"crown_h_m":3.9624,"height_imputed":false,"width_imputed":false,"neighborhood":"North Oakland","tree_id":"t00461"},"geometry":{"type":"Point","coordinates":[-79.95124,40.45219]}},{"id":"462","type":"Feature","properties":{"common_name":"Honeylocust: Thornless","condition":"Poor","height":6.096,"width":3.6576,"crown_r_m":1.8288,"crown_h_m":3.9624,"height_imputed":false,"width_imputed":false,"neighborhood":"North Oakland","tree_id":"t00462"},"geometry":{"type":"Point","coordinates":[-79.95107,40.45212]}},{"id":"463","type":"Feature","properties":{"common_name":"Maple: Red","condition":"Poor","height":6.7056,"width":2.4384,"crown_r_m":1.2192,"crown_h_m":4.35864,"height_imputed":false,"width_imputed":false,"neighborhood":"Upper Hill","tree_id":"t00463"},"geometry":{"type":"Point","coordinates":[-79.96472,40.45384]}},{"id":"464","type":"Feature","properties":{"common_name":"Linden: Littleleaf","condition":"Fair","height":9.144,"width":2.7432,"crown_r_m":1.3716,"crown_h_m":5.9436,"height_imputed":false,"width_imputed":false,"neighborhood":"Upper Hill","tree_id":"t00464"},"geometry":{"type":"Point","coordinates":[-79.95861,40.45187]}},{"id":"465","type":"Feature","properties":{"common_name":"Linden: Littleleaf","condition":"Fair","height":12.192,"width":2.4384,"crown_r_m":1.2192,"crown_h_m":7.9248,"height_imputed":false,"width_imputed":false,"neighborhood":"Upper Hill","tree_id":"t00465"},"geometry":{"type":"Point","coordinates":[-79.95789,40.45176]}},{"id":"466","type":"Feature","properties":{"common_name":"Crabapple: Flowering","condition":"Good","height":6.096,"width":1.524,"crown_r_m":1.0,"crown_h_m":3.9624,"height_imputed":false,"width_imputed":false,"neighborhood":"Upper Hill","tree_id":"t00466"},"geometry":{"type":"Point","coordinates":[-79.95753,40.45152]}},{"id":"467","type":"Feature","properties":{"common_name":"Maple: Norway","condition":"Fair","height":7.62,"width":2.1336,"crown_r_m":1.0668,"crown_h_m":4.953,"height_imputed":false,"width_imputed":false,"neighborhood":"Upper Hill","tree_id":"t00467"},"geometry":{"type":"Point","coordinates":[-79.95776,40.4532]}},{"id":"468","type":"Feature","properties":{"common_name":"Maple: Norway","condition":"Poor","height":9.144,"width":2.1336,"crown_r_m":1.0668,"crown_h_m":5.9436,"height_imputed":false,"width_imputed":false,"neighborhood":"Upper Hill","tree_id":"t00468"},"geometry":{"type":"Point","coordinates":[-79.95814,40.45316]}},{"id":"469","type":"Feature","properties":{"common_name":"Honeylocust","condition":"Fair","height":4.572,"width":2.1336,"crown_r_m":1.0668,"crown_h_m":2.9718,"height_imputed":false,"width_imputed":false,"neighborhood":"Upper Hill","tree_id":"t00469"},"geometry":{"type":"Point","coordinates":[-79.96038,40.45443]}},{"id":"470","type":"Feature","properties":{"common_name":"Locust: Black","condition":"Poor","height":21.336,"width":13.716,"crown_r_m":6.858,"crown_h_m":13.8684,"height_imputed":false,"width_imputed":false,"neighborhood":"Upper Hill","tree_id":"t00470"},"geometry":{"type":"Point","coordinates":[-79.95685,40.45335]}},{"id":"471","type":"Feature","properties":{"common_name":"Pear: Callery","condition":"Fair","height":6.096,"width":0.3048,"crown_r_m":1.0,"crown_h_m":3.9624,"height_imputed":false,"width_imputed":false,"neighborhood":"Upper Hill","tree_id":"t00471"},"geometry":{"type":"Point","coordinates":[-79.95637,40.45286]}},{"id":"472","type":"Feature","properties":{"common_name":"Linden: Littleleaf","condition":"Good","height":9.7536,"width":2.7432,"crown_r_m":1.3716,"crown_h_m":6.33984,"height_imputed":false,"width_imputed":false,"neighborhood":"Upper Hill","tree_id":"t00472"},"geometry":{"type":"Point","coordinates":[-79.95699,40.45177]}},{"id":"473","type":"Feature","properties":{"common_name":"Ash: Green","condition":"Critical","height":12.192,"width":6.096,"crown_r_m":3.048,"crown_h_m":7.9248,"height_imputed":false,"width_imputed":false,"neighborhood":"Upper Hill","tree_id":"t00473"},"geometry":{"type":"Point","coordinates":[-79.95707,40.45008]}},{"id":"474","type":"Feature","properties":{"common_name":"Pine: Eastern White","condition":"Fair","height":2.7432,"width":0.9144,"crown_r_m":1.0,"crown_h_m":1.78308,"height_imputed":false,"width_imputed":false,"neighborhood":"Upper Hill","tree_id":"t00474"},"geometry":{"type":"Point","coordinates":[-79.96319,40.45127]}},{"id":"475","type":"Feature","properties":{"common_name":"Spruce: Norway","condition":"Fair","height":10.668,"width":2.7432,"crown_r_m":1.3716,"crown_h_m":6.9342,"height_imputed":false,"width_imputed":false,"neighborhood":"Upper Hill","tree_id":"t00475"},"geometry":{"type":"Point","coordinates":[-79.96356,40.45114]}},{"id":"476","type":"Feature","properties":{"common_name":"Locust: Black","condition":"Good","height":12.192,"width":7.62,"crown_r_m":3.81,"crown_h_m":7.9248,"height_imputed":false,"width_imputed":false,"neighborhood":"Upper Hill","tree_id":"t00476"},"geometry":{"type":"Point","coordinates":[-79.96377,40.45055]}},{"id":"477","type":"Feature","properties":{"common_name":"Pine: Eastern White","condition":"Fair","height":10.668,"width":1.524,"crown_r_m":1.0,"crown_h_m":6.9342,"height_imputed":false,"width_imputed":false,"neighborhood":"Upper Hill","tree_id":"t00477"},"geometry":{"type":"Point","coordinates":[-79.96378,40.45053]}},{"id":"478","type":"Feature","properties":{"common_name":"Linden: Littleleaf","condition":"Fair","height":6.096,"width":2.4384,"crown_r_m":1.2192,"crown_h_m":3.9624,"height_imputed":false,"width_imputed":false,"neighborhood":"Middle Hill","tree_id":"t00478"},"geometry":{"type":"Point","coordinates":[-79.96703,40.45016]}},{"id":"479","type":"Feature","properties":{"common_name":"Maple: Norway","condition":"Fair","height":9.144,"width":2.4384,"crown_r_m":1.2192,"crown_h_m":5.9436,"height_imputed":false,"width_imputed":false,"neighborhood":"North Oakland","tree_id":"t00479"},"geometry":{"type":"Point","coordinates":[-79.95318,40.45148]}},{"id":"480","type":"Feature","properties":{"common_name":"Oak: Sawtooth","condition":"Good","height":4.572,"width":1.524,"crown_r_m":1.0,"crown_h_m":2.9718,"height_imputed":false,"width_imputed":false,"neighborhood":"North Oakland","tree_id":"t00480"},"geometry":{"type":"Point","coordinates":[-79.95347,40.45138]}},{"id":"481","type":"Feature","properties":{"common_name":"Pear: Callery","condition":"Good","height":6.096,"width":2.7432,"crown_r_m":1.3716,"crown_h_m":3.9624,"height_imputed":false,"width_imputed":false,"neighborhood":"North Oakland","tree_id":"t00481"},"geometry":{"type":"Point","coordinates":[-79.95641,40.44978]}},{"id":"482","type":"Feature","properties":{"common_name":"Maple: Sugar","condition":"Poor","height":12.192,"width":6.096,"crown_r_m":3.048,"crown_h_m":7.9248,"height_imputed":false,"width_imputed":false,"neighborhood":"Middle Hill","tree_id":"t00482"},"geometry":{"type":"Point","coordinates":[-79.96548,40.45269]}},{"id":"483","type":"Feature","properties":{"common_name":"Ginkgo","condition":"Good","height":3.9624,"width":2.1336,"crown_r_m":1.0668,"crown_h_m":2.57556,"height_imputed":false,"width_imputed":false,"neighborhood":"North Oakland","tree_id":"t00483"},"geometry":{"type":"Point","coordinates":[-79.94935,40.4468]}},{"id":"484","type":"Feature","properties":{"common_name":"London planetree","condition":"Poor","height":3.6576,"width":1.8288,"crown_r_m":1.0,"crown_h_m":2.37744,"height_imputed":false,"width_imputed":false,"neighborhood":"North Oakland","tree_id":"t00484"},"geometry":{"type":"Point","coordinates":[-79.94996,40.44675]}},{"id":"485","type":"Feature","properties":{"common_name":"Crabapple: Flowering","condition":"Good","height":4.8768,"width":1.524,"crown_r_m":1.0,"crown_h_m":3.16992,"height_imputed":false,"width_imputed":false,"neighborhood":"North Oakland","tree_id":"t00485"},"geometry":{"type":"Point","coordinates":[-79.95159,40.44611]}},{"id":"486","type":"Feature","properties":{"common_name":"Crabapple: Flowering","condition":"Good","height":2.7432,"width":1.8288,"crown_r_m":1.0,"crown_h_m":1.78308,"height_imputed":false,"width_imputed":false,"neighborhood":"North Oakland","tree_id":"t00486"},"geometry":{"type":"Point","coordinates":[-79.95145,40.44581]}},{"id":"487","type":"Feature","properties":{"common_name":"Redbud: Eastern","condition":"Good","height":6.096,"width":1.524,"crown_r_m":1.0,"crown_h_m":3.9624,"height_imputed":false,"width_imputed":false,"neighborhood":"North Oakland","tree_id":"t00487"},"geometry":{"type":"Point","coordinates":[-79.95117,40.44521]}},{"id":"488","type":"Feature","properties":{"common_name":"Pear: Callery","condition":"Good","height":7.62,"width":2.4384,"crown_r_m":1.2192,"crown_h_m":4.953,"height_imputed":false,"width_imputed":false,"neighborhood":"North Oakland","tree_id":"t00488"},"geometry":{"type":"Point","coordinates":[-79.95102,40.4449]}},{"id":"489","type":"Feature","properties":{"common_name":"Ginkgo","condition":"Fair","height":12.192,"width":2.1336,"crown_r_m":1.0668,"crown_h_m":7.9248,"height_imputed":false,"width_imputed":false,"neighborhood":"North Oakland","tree_id":"t00489"},"geometry":{"type":"Point","coordinates":[-79.9511,40.44486]}},{"id":"490","type":"Feature","properties":{"common_name":"Pear: Callery","condition":"Fair","height":4.572,"width":2.4384,"crown_r_m":1.2192,"crown_h_m":2.9718,"height_imputed":false,"width_imputed":false,"neighborhood":"North Oakland","tree_id":"t00490"},"geometry":{"type":"Point","coordinates":[-79.95098,40.44479]}},{"id":"491","type":"Feature","properties":{"common_name":"Pear: Callery","condition":"Good","height":9.144,"width":2.4384,"crown_r_m":1.2192,"crown_h_m":5.9436,"height_imputed":false,"width_imputed":false,"neighborhood":"North Oakland","tree_id":"t00491"},"geometry":{"type":"Point","coordinates":[-79.95096,40.44475]}},{"id":"492","type":"Feature","properties":{"common_name":"Pear: Callery","condition":"Fair","height":7.62,"width":2.1336,"crown_r_m":1.0668,"crown_h_m":4.953,"height_imputed":false,"width_imputed":false,"neighborhood":"North Oakland","tree_id":"t00492"},"geometry":{"type":"Point","coordinates":[-79.95086,40.44453]}},{"id":"493","type":"Feature","properties":{"common_name":"Oak: Pin","condition":"Fair","height":10.668,"width":2.4384,"crown_r_m":1.2192,"crown_h_m":6.9342,"height_imputed":false,"width_imputed":false,"neighborhood":"North Oakland","tree_id":"t00493"},"geometry":{"type":"Point","coordinates":[-79.95039,40.45122]}},{"id":"494","type":"Feature","properties":{"common_name":"London planetree","condition":"Poor","height":15.24,"width":3.6576,"crown_r_m":1.8288,"crown_h_m":9.906,"height_imputed":false,"width_imputed":false,"neighborhood":"North Oakland","tree_id":"t00494"},"geometry":{"type":"Point","coordinates":[-79.954,40.4462]}},{"id":"495","type":"Feature","properties":{"common_name":"Oak: Scarlet","condition":"Poor","height":6.096,"width":3.6576,"crown_r_m":1.8288,"crown_h_m":3.9624,"height_imputed":false,"width_imputed":false,"neighborhood":"North Oakland","tree_id":"t00495"},"geometry":{"type":"Point","coordinates":[-79.95068,40.45174]}},{"id":"496","type":"Feature","properties":{"common_name":"Oak: Scarlet","condition":"Poor","height":3.048,"width":2.1336,"crown_r_m":1.0668,"crown_h_m":1.9812,"height_imputed":false,"width_imputed":false,"neighborhood":"North Oakland","tree_id":"t00496"},"geometry":{"type":"Point","coordinates":[-79.95071,40.4518]}},{"id":"497","type":"Feature","properties":{"common_name":"Hardy Rubbertree","condition":"Fair","height":3.048,"width":1.524,"crown_r_m":1.0,"crown_h_m":1.9812,"height_imputed":false,"width_imputed":false,"neighborhood":"North Oakland","tree_id":"t00497"},"geometry":{"type":"Point","coordinates":[-79.94982,40.4482]}},{"id":"498","type":"Feature","properties":{"common_name":"Pear: Callery","condition":"Good","height":5.4864,"width":1.2192,"crown_r_m":1.0,"crown_h_m":3.56616,"height_imputed":false,"width_imputed":false,"neighborhood":"North Oakland","tree_id":"t00498"},"geometry":{"type":"Point","coordinates":[-79.94912,40.44522]}},{"id":"499","type":"Feature","properties":{"common_name":"Redcedar: Eastern","condition":"Good","height":4.572,"width":0.6096,"crown_r_m":1.0,"crown_h_m":2.9718,"height_imputed":false,"width_imputed":false,"neighborhood":"North Oakland","tree_id":"t00499"},"geometry":{"type":"Point","coordinates":[-79.95579,40.44916]}},{"id":"500","type":"Feature","properties":{"common_name":"Redcedar: Eastern","condition":"Good","height":4.572,"width":0.6096,"crown_r_m":1.0,"crown_h_m":2.9718,"height_imputed":false,"width_imputed":false,"neighborhood":"North Oakland","tree_id":"t00500"},"geometry":{"type":"Point","coordinates":[-79.95577,40.44917]}},{"id":"501","type":"Feature","properties":{"common_name":"Pear: Callery","condition":"Fair","height":7.0104,"width":2.1336,"crown_r_m":1.0668,"crown_h_m":4.55676,"height_imputed":false,"width_imputed":false,"neighborhood":"North Oakland","tree_id":"t00501"},"geometry":{"type":"Point","coordinates":[-79.9508,40.4444]}},{"id":"502","type":"Feature","properties":{"common_name":"Ginkgo","condition":"Fair","height":12.192,"width":2.1336,"crown_r_m":1.0668,"crown_h_m":7.9248,"height_imputed":false,"width_imputed":false,"neighborhood":"North Oakland","tree_id":"t00502"},"geometry":{"type":"Point","coordinates":[-79.95076,40.44411]}},{"id":"503","type":"Feature","properties":{"common_name":"Pear: Callery","condition":"Good","height":13.716,"width":2.1336,"crown_r_m":1.0668,"crown_h_m":8.9154,"height_imputed":false,"width_imputed":false,"neighborhood":"North Oakland","tree_id":"t00503"},"geometry":{"type":"Point","coordinates":[-79.95485,40.4467]}},{"id":"504","type":"Feature","properties":{"common_name":"Pear: Callery","condition":"Good","height":12.192,"width":3.048,"crown_r_m":1.524,"crown_h_m":7.9248,"height_imputed":false,"width_imputed":false,"neighborhood":"North Oakland","tree_id":"t00504"},"geometry":{"type":"Point","coordinates":[-79.95492,40.44664]}},{"id":"505","type":"Feature","properties":{"common_name":"Pear: Callery","condition":"Fair","height":13.716,"width":2.1336,"crown_r_m":1.0668,"crown_h_m":8.9154,"height_imputed":false,"width_imputed":false,"neighborhood":"North Oakland","tree_id":"t00505"},"geometry":{"type":"Point","coordinates":[-79.95498,40.4466]}},{"id":"506","type":"Feature","properties":{"common_name":"Maple: Norway","condition":"Good","height":12.192,"width":2.4384,"crown_r_m":1.2192,"crown_h_m":7.9248,"height_imputed":false,"width_imputed":false,"neighborhood":"North Oakland","tree_id":"t00506"},"geometry":{"type":"Point","coordinates":[-79.95632,40.44706]}},{"id":"507","type":"Feature","properties":{"common_name":"Hemlock: Eastern","condition":"Good","height":1.8288,"width":0.6096,"crown_r_m":1.0,"crown_h_m":1.5,"height_imputed":false,"width_imputed":false,"neighborhood":"North Oakland","tree_id":"t00507"},"geometry":{"type":"Point","coordinates":[-79.95581,40.44666]}},{"id":"508","type":"Feature","properties":{"common_name":"Hemlock: Eastern","condition":"Good","height":1.8288,"width":1.524,"crown_r_m":1.0,"crown_h_m":1.5,"height_imputed":false,"width_imputed":false,"neighborhood":"North Oakland","tree_id":"t00508"},"geometry":{"type":"Point","coordinates":[-79.95569,40.44656]}},{"id":"509","type":"Feature","properties":{"common_name":"Silverbell: Mountain","condition":"Good","height":1.8288,"width":0.9144,"crown_r_m":1.0,"crown_h_m":1.5,"height_imputed":false,"width_imputed":false,"neighborhood":"West Oakland","tree_id":"t00509"},"geometry":{"type":"Point","coordinates":[-79.96401,40.44095]}},{"id":"510","type":"Feature","properties":{"common_name":"Magnolia: Saucer","condition":"Good","height":4.572,"width":1.524,"crown_r_m":1.0,"crown_h_m":2.9718,"height_imputed":false,"width_imputed":false,"neighborhood":"North Oakland","tree_id":"t00510"},"geometry":{"type":"Point","coordinates":[-79.95428,40.44544]}},{"id":"511","type":"Feature","properties":{"common_name":"Ginkgo","condition":"Fair","height":3.048,"width":1.2192,"crown_r_m":1.0,"crown_h_m":1.9812,"height_imputed":false,"width_imputed":false,"neighborhood":"North Oakland","tree_id":"t00511"},"geometry":{"type":"Point","coordinates":[-79.95611,40.44364]}},{"id":"512","type":"Feature","properties":{"common_name":"Ginkgo","condition":"Good","height":3.048,"width":1.2192,"crown_r_m":1.0,"crown_h_m":1.9812,"height_imputed":false,"width_imputed":false,"neighborhood":"North Oakland","tree_id":"t00512"},"geometry":{"type":"Point","coordinates":[-79.95606,40.44368]}},{"id":"513","type":"Feature","properties":{"common_name":"Ginkgo","condition":"Good","height":3.3528,"width":1.2192,"crown_r_m":1.0,"crown_h_m":2.17932,"height_imputed":false,"width_imputed":false,"neighborhood":"North Oakland","tree_id":"t00513"},"geometry":{"type":"Point","coordinates":[-79.95598,40.44374]}},{"id":"514","type":"Feature","properties":{"common_name":"Honeylocust: Thornless","condition":"Fair","height":3.6576,"width":1.8288,"crown_r_m":1.0,"crown_h_m":2.37744,"height_imputed":false,"width_imputed":false,"neighborhood":"West Oakland","tree_id":"t00514"},"geometry":{"type":"Point","coordinates":[-79.96411,40.44062]}},{"id":"515","type":"Feature","properties":{"common_name":"Elm: American","condition":"Good","height":4.572,"width":2.1336,"crown_r_m":1.0668,"crown_h_m":2.9718,"height_imputed":false,"width_imputed":false,"neighborhood":"West Oakland","tree_id":"t00515"},"geometry":{"type":"Point","coordinates":[-79.96389,40.4411]}},{"id":"516","type":"Feature","properties":{"common_name":"Elm: Lacebark","condition":"Fair","height":7.62,"width":2.4384,"crown_r_m":1.2192,"crown_h_m":4.953,"height_imputed":false,"width_imputed":false,"neighborhood":"North Oakland","tree_id":"t00516"},"geometry":{"type":"Point","coordinates":[-79.95677,40.44312]}},{"id":"517","type":"Feature","properties":{"common_name":"Sweetgum: American","condition":"Good","height":10.668,"width":3.6576,"crown_r_m":1.8288,"crown_h_m":6.9342,"height_imputed":false,"width_imputed":false,"neighborhood":"North Oakland","tree_id":"t00517"},"geometry":{"type":"Point","coordinates":[-79.95741,40.44396]}},{"id":"518","type":"Feature","properties":{"common_name":"Elm: spp.","condition":"Good","height":2.7432,"width":1.524,"crown_r_m":1.0,"crown_h_m":1.78308,"height_imputed":false,"width_imputed":false,"neighborhood":"Upper Hill","tree_id":"t00518"},"geometry":{"type":"Point","coordinates":[-79.95728,40.44932]}},{"id":"519","type":"Feature","properties":{"common_name":"Elm: spp.","condition":"Good","height":3.6576,"width":1.524,"crown_r_m":1.0,"crown_h_m":2.37744,"height_imputed":false,"width_imputed":false,"neighborhood":"Upper Hill","tree_id":"t00519"},"geometry":{"type":"Point","coordinates":[-79.95709,40.44943]}},{"id":"520","type":"Feature","properties":{"common_name":"Sweetgum: American","condition":"Good","height":4.572,"width":1.2192,"crown_r_m":1.0,"crown_h_m":2.9718,"height_imputed":false,"width_imputed":false,"neighborhood":"North Oakland","tree_id":"t00520"},"geometry":{"type":"Point","coordinates":[-79.95428,40.4523]}},{"id":"521","type":"Feature","properties":{"common_name":"Oak: Swamp White","condition":"Good","height":5.4864,"width":0.6096,"crown_r_m":1.0,"crown_h_m":3.56616,"height_imputed":false,"width_imputed":false,"neighborhood":"North Oakland","tree_id":"t00521"},"geometry":{"type":"Point","coordinates":[-79.95432,40.45224]}},{"id":"522","type":"Feature","properties":{"common_name":"Oak: Swamp White","condition":"Fair","height":2.7432,"width":0.6096,"crown_r_m":1.0,"crown_h_m":1.78308,"height_imputed":false,"width_imputed":false,"neighborhood":"North Oakland","tree_id":"t00522"},"geometry":{"type":"Point","coordinates":[-79.95436,40.45213]}},{"id":"523","type":"Feature","properties":{"common_name":"Maple: Norway","condition":"Good","height":12.192,"width":7.62,"crown_r_m":3.81,"crown_h_m":7.9248,"height_imputed":false,"width_imputed":false,"neighborhood":"North Oakland","tree_id":"t00523"},"geometry":{"type":"Point","coordinates":[-79.95415,40.45134]}},{"id":"524","type":"Feature","properties":{"common_name":"Maple: Norway","condition":"Fair","height":9.144,"width":6.096,"crown_r_m":3.048,"crown_h_m":5.9436,"height_imputed":false,"width_imputed":false,"neighborhood":"North Oakland","tree_id":"t00524"},"geometry":{"type":"Point","coordinates":[-79.95416,40.45139]}},{"id":"525","type":"Feature","properties":{"common_name":"Maple: Norway","condition":"Good","height":15.24,"width":7.62,"crown_r_m":3.81,"crown_h_m":9.906,"height_imputed":false,"width_imputed":false,"neighborhood":"North Oakland","tree_id":"t00525"},"geometry":{"type":"Point","coordinates":[-79.95402,40.45142]}},{"id":"526","type":"Feature","properties":{"common_name":"Honeylocust: Thornless","condition":"Good","height":6.096,"width":2.1336,"crown_r_m":1.0668,"crown_h_m":3.9624,"height_imputed":false,"width_imputed":false,"neighborhood":"North Oakland","tree_id":"t00526"},"geometry":{"type":"Point","coordinates":[-79.95392,40.45138]}},{"id":"527","type":"Feature","properties":{"common_name":"Honeylocust: Thornless","condition":"Good","height":7.62,"width":2.7432,"crown_r_m":1.3716,"crown_h_m":4.953,"height_imputed":false,"width_imputed":false,"neighborhood":"North Oakland","tree_id":"t00527"},"geometry":{"type":"Point","coordinates":[-79.95371,40.45143]}},{"id":"528","type":"Feature","properties":{"common_name":"Hawthorn: spp.","condition":"Good","height":2.4384,"width":1.2192,"crown_r_m":1.0,"crown_h_m":1.58496,"height_imputed":false,"width_imputed":false,"neighborhood":"North Oakland","tree_id":"t00528"},"geometry":{"type":"Point","coordinates":[-79.95204,40.45429]}},{"id":"529","type":"Feature","properties":{"common_name":"Linden: Littleleaf","condition":"Good","height":7.62,"width":2.4384,"crown_r_m":1.2192,"crown_h_m":4.953,"height_imputed":false,"width_imputed":false,"neighborhood":"Squirrel Hill North","tree_id":"t00529"},"geometry":{"type":"Point","coordinates":[-79.94712,40.44689]}},{"id":"530","type":"Feature","properties":{"common_name":"Oak: Pin","condition":"Good","height":7.62,"width":1.8288,"crown_r_m":1.0,"crown_h_m":4.953,"height_imputed":false,"width_imputed":false,"neighborhood":"Shadyside","tree_id":"t00530"},"geometry":{"type":"Point","coordinates":[-79.94146,40.45203]}},{"id":"531","type":"Feature","properties":{"common_name":"Honeylocust: Thornless","condition":"Fair","height":3.6576,"width":1.524,"crown_r_m":1.0,"crown_h_m":2.37744,"height_imputed":false,"width_imputed":false,"neighborhood":"Shadyside","tree_id":"t00531"},"geometry":{"type":"Point","coordinates":[-79.94435,40.45409]}},{"id":"532","type":"Feature","properties":{"common_name":"Oak: Sawtooth","condition":"Good","height":3.9624,"width":1.524,"crown_r_m":1.0,"crown_h_m":2.57556,"height_imputed":false,"width_imputed":false,"neighborhood":"Shadyside","tree_id":"t00532"},"geometry":{"type":"Point","coordinates":[-79.94618,40.45301]}},{"id":"533","type":"Feature","properties":{"common_name":"Oak: Pin","condition":"Fair","height":18.288,"width":4.8768,"crown_r_m":2.4384,"crown_h_m":11.8872,"height_imputed":false,"width_imputed":false,"neighborhood":"Shadyside","tree_id":"t00533"},"geometry":{"type":"Point","coordinates":[-79.94628,40.4532]}},{"id":"534","type":"Feature","properties":{"common_name":"Pear: Callery","condition":"Fair","height":6.096,"width":1.8288,"crown_r_m":1.0,"crown_h_m":3.9624,"height_imputed":false,"width_imputed":false,"neighborhood":"Shadyside","tree_id":"t00534"},"geometry":{"type":"Point","coordinates":[-79.94566,40.45138]}},{"id":"535","type":"Feature","properties":{"common_name":"Pear: Callery","condition":"Poor","height":4.2672,"width":1.2192,"crown_r_m":1.0,"crown_h_m":2.77368,"height_imputed":false,"width_imputed":false,"neighborhood":"Shadyside","tree_id":"t00535"},"geometry":{"type":"Point","coordinates":[-79.94559,40.4514]}},{"id":"536","type":"Feature","properties":{"common_name":"Maple: Red","condition":"Fair","height":8.2296,"width":2.7432,"crown_r_m":1.3716,"crown_h_m":5.34924,"height_imputed":false,"width_imputed":false,"neighborhood":"Shadyside","tree_id":"t00536"},"geometry":{"type":"Point","coordinates":[-79.94842,40.45044]}},{"id":"537","type":"Feature","properties":{"common_name":"Maple: Red","condition":"Fair","height":7.3152,"width":2.7432,"crown_r_m":1.3716,"crown_h_m":4.75488,"height_imputed":false,"width_imputed":false,"neighborhood":"Shadyside","tree_id":"t00537"},"geometry":{"type":"Point","coordinates":[-79.94857,40.45039]}},{"id":"538","type":"Feature","properties":{"common_name":"Pear: Callery","condition":"Fair","height":4.572,"width":1.8288,"crown_r_m":1.0,"crown_h_m":2.9718,"height_imputed":false,"width_imputed":false,"neighborhood":"South Oakland","tree_id":"t00538"},"geometry":{"type":"Point","coordinates":[-79.9638,40.43639]}},{"id":"539","type":"Feature","properties":{"common_name":"Sweetgum: American","condition":"Fair","height":12.192,"width":3.3528,"crown_r_m":1.6764,"crown_h_m":7.9248,"height_imputed":false,"width_imputed":false,"neighborhood":"Shadyside","tree_id":"t00539"},"geometry":{"type":"Point","coordinates":[-79.94114,40.45366]}},{"id":"540","type":"Feature","properties":{"common_name":"Sweetgum: American","condition":"Poor","height":8.5344,"width":2.4384,"crown_r_m":1.2192,"crown_h_m":5.54736,"height_imputed":false,"width_imputed":false,"neighborhood":"Shadyside","tree_id":"t00540"},"geometry":{"type":"Point","coordinates":[-79.9413,40.45332]}},{"id":"541","type":"Feature","properties":{"common_name":"Maple: Red","condition":"Poor","height":5.1816,"width":2.1336,"crown_r_m":1.0668,"crown_h_m":3.36804,"height_imputed":false,"width_imputed":false,"neighborhood":"Shadyside","tree_id":"t00541"},"geometry":{"type":"Point","coordinates":[-79.9444,40.45166]}},{"id":"542","type":"Feature","properties":{"common_name":"Linden: Littleleaf","condition":"Fair","height":9.144,"width":2.4384,"crown_r_m":1.2192,"crown_h_m":5.9436,"height_imputed":false,"width_imputed":false,"neighborhood":"Shadyside","tree_id":"t00542"},"geometry":{"type":"Point","coordinates":[-79.94363,40.45182]}},{"id":"543","type":"Feature","properties":{"common_name":"Oak: Pin","condition":"Fair","height":19.812,"width":6.096,"crown_r_m":3.048,"crown_h_m":12.8778,"height_imputed":false,"width_imputed":false,"neighborhood":"Shadyside","tree_id":"t00543"},"geometry":{"type":"Point","coordinates":[-79.94621,40.45337]}},{"id":"544","type":"Feature","properties":{"common_name":"Maple: Silver","condition":"Poor","height":12.192,"width":6.096,"crown_r_m":3.048,"crown_h_m":7.9248,"height_imputed":false,"width_imputed":false,"neighborhood":"Shadyside","tree_id":"t00544"},"geometry":{"type":"Point","coordinates":[-79.94435,40.44911]}},{"id":"545","type":"Feature","properties":{"common_name":"Sweetgum: American","condition":"Fair","height":12.192,"width":2.4384,"crown_r_m":1.2192,"crown_h_m":7.9248,"height_imputed":false,"width_imputed":false,"neighborhood":"Shadyside","tree_id":"t00545"},"geometry":{"type":"Point","coordinates":[-79.94411,40.44746]}},{"id":"546","type":"Feature","properties":{"common_name":"Maple: Silver","condition":"Fair","height":16.764,"width":7.62,"crown_r_m":3.81,"crown_h_m":10.8966,"height_imputed":false,"width_imputed":false,"neighborhood":"Shadyside","tree_id":"t00546"},"geometry":{"type":"Point","coordinates":[-79.94436,40.44886]}},{"id":"547","type":"Feature","properties":{"common_name":"Crabapple: Flowering","condition":"Good","height":2.7432,"width":1.524,"crown_r_m":1.0,"crown_h_m":1.78308,"height_imputed":false,"width_imputed":false,"neighborhood":"West Oakland","tree_id":"t00547"},"geometry":{"type":"Point","coordinates":[-79.96524,40.44044]}},{"id":"548","type":"Feature","properties":{"common_name":"Dogwood: Corneliancherry","condition":"Good","height":2.4384,"width":1.2192,"crown_r_m":1.0,"crown_h_m":1.58496,"height_imputed":false,"width_imputed":false,"neighborhood":"West Oakland","tree_id":"t00548"},"geometry":{"type":"Point","coordinates":[-79.96559,40.44158]}},{"id":"549","type":"Feature","properties":{"common_name":"Honeylocust: Thornless","condition":"Fair","height":5.7912,"width":2.1336,"crown_r_m":1.0668,"crown_h_m":3.76428,"height_imputed":false,"width_imputed":false,"neighborhood":"Terrace Village","tree_id":"t00549"},"geometry":{"type":"Point","coordinates":[-79.96868,40.44057]}},{"id":"550","type":"Feature","properties":{"common_name":"Honeylocust: Thornless","condition":"Fair","height":7.3152,"width":1.8288,"crown_r_m":1.0,"crown_h_m":4.75488,"height_imputed":false,"width_imputed":false,"neighborhood":"Terrace Village","tree_id":"t00550"},"geometry":{"type":"Point","coordinates":[-79.96874,40.44057]}},{"id":"551","type":"Feature","properties":{"common_name":"Honeylocust: Thornless","condition":"Fair","height":7.0104,"width":1.8288,"crown_r_m":1.0,"crown_h_m":4.55676,"height_imputed":false,"width_imputed":false,"neighborhood":"Terrace Village","tree_id":"t00551"},"geometry":{"type":"Point","coordinates":[-79.96877,40.44053]}},{"id":"552","type":"Feature","properties":{"common_name":"Maple: Red","condition":"Fair","height":5.7912,"width":1.8288,"crown_r_m":1.0,"crown_h_m":3.76428,"height_imputed":false,"width_imputed":false,"neighborhood":"Shadyside","tree_id":"t00552"},"geometry":{"type":"Point","coordinates":[-79.94558,40.44985]}},{"id":"553","type":"Feature","properties":{"common_name":"Honeylocust: Thornless","condition":"Fair","height":10.3632,"width":3.9624,"crown_r_m":1.9812,"crown_h_m":6.73608,"height_imputed":false,"width_imputed":false,"neighborhood":"Shadyside","tree_id":"t00553"},"geometry":{"type":"Point","coordinates":[-79.94645,40.44882]}},{"id":"554","type":"Feature","properties":{"common_name":"Maple: Red","condition":"Fair","height":3.3528,"width":1.2192,"crown_r_m":1.0,"crown_h_m":2.17932,"height_imputed":false,"width_imputed":false,"neighborhood":"North Oakland","tree_id":"t00554"},"geometry":{"type":"Point","coordinates":[-79.94868,40.4501]}},{"id":"555","type":"Feature","properties":{"common_name":"Maple: Red","condition":"Fair","height":4.8768,"width":2.1336,"crown_r_m":1.0668,"crown_h_m":3.16992,"height_imputed":false,"width_imputed":false,"neighborhood":"North Oakland","tree_id":"t00555"},"geometry":{"type":"Point","coordinates":[-79.94871,40.45016]}},{"id":"556","type":"Feature","properties":{"common_name":"Maple: Red","condition":"Fair","height":12.192,"width":4.572,"crown_r_m":2.286,"crown_h_m":7.9248,"height_imputed":false,"width_imputed":false,"neighborhood":"North Oakland","tree_id":"t00556"},"geometry":{"type":"Point","coordinates":[-79.94893,40.45063]}},{"id":"557","type":"Feature","properties":{"common_name":"Elm: spp.","condition":"Fair","height":4.2672,"width":1.524,"crown_r_m":1.0,"crown_h_m":2.77368,"height_imputed":false,"width_imputed":false,"neighborhood":"North Oakland","tree_id":"t00557"},"geometry":{"type":"Point","coordinates":[-79.9497,40.45241]}},{"id":"558","type":"Feature","properties":{"common_name":"Dogwood: Flowering","condition":"Fair","height":2.1336,"width":0.3048,"crown_r_m":1.0,"crown_h_m":1.5,"height_imputed":false,"width_imputed":false,"neighborhood":"Central Oakland","tree_id":"t00558"},"geometry":{"type":"Point","coordinates":[-79.95271,40.43708]}},{"id":"559","type":"Feature","properties":{"common_name":"Maple: Red","condition":"Fair","height":10.668,"width":3.6576,"crown_r_m":1.8288,"crown_h_m":6.9342,"height_imputed":false,"width_imputed":false,"neighborhood":"Central Oakland","tree_id":"t00559"},"geometry":{"type":"Point","coordinates":[-79.95341,40.43764]}},{"id":"560","type":"Feature","properties":{"common_name":"Ash: Green","condition":"Poor","height":5.4864,"width":2.1336,"crown_r_m":1.0668,"crown_h_m":3.56616,"height_imputed":false,"width_imputed":false,"neighborhood":"Central Oakland","tree_id":"t00560"},"geometry":{"type":"Point","coordinates":[-79.95167,40.43894]}},{"id":"561","type":"Feature","properties":{"common_name":"Ash: Green","condition":"Critical","height":4.8768,"width":2.1336,"crown_r_m":1.0668,"crown_h_m":3.16992,"height_imputed":false,"width_imputed":false,"neighborhood":"Central Oakland","tree_id":"t00561"},"geometry":{"type":"Point","coordinates":[-79.95165,40.43898]}},{"id":"562","type":"Feature","properties":{"common_name":"Maple: Norway","condition":"Poor","height":6.096,"width":2.4384,"crown_r_m":1.2192,"crown_h_m":3.9624,"height_imputed":false,"width_imputed":false,"neighborhood":"Central Oakland","tree_id":"t00562"},"geometry":{"type":"Point","coordinates":[-79.95209,40.4396]}},{"id":"563","type":"Feature","properties":{"common_name":"Maple: Norway","condition":"Poor","height":9.144,"width":3.048,"crown_r_m":1.524,"crown_h_m":5.9436,"height_imputed":false,"width_imputed":false,"neighborhood":"Central Oakland","tree_id":"t00563"},"geometry":{"type":"Point","coordinates":[-79.95203,40.43957]}},{"id":"564","type":"Feature","properties":{"common_name":"Maple: Red","condition":"Fair","height":9.144,"width":2.1336,"crown_r_m":1.0668,"crown_h_m":5.9436,"height_imputed":false,"width_imputed":false,"neighborhood":"Central Oakland","tree_id":"t00564"},"geometry":{"type":"Point","coordinates":[-79.95228,40.43757]}},{"id":"565","type":"Feature","properties":{"common_name":"Maple: Sugar","condition":"Fair","height":12.192,"width":2.7432,"crown_r_m":1.3716,"crown_h_m":7.9248,"height_imputed":false,"width_imputed":false,"neighborhood":"Central Oakland","tree_id":"t00565"},"geometry":{"type":"Point","coordinates":[-79.95133,40.43688]}},{"id":"566","type":"Feature","properties":{"common_name":"Crabapple: Flowering","condition":"Fair","height":1.8288,"width":0.9144,"crown_r_m":1.0,"crown_h_m":1.5,"height_imputed":false,"width_imputed":false,"neighborhood":"Central Oakland","tree_id":"t00566"},"geometry":{"type":"Point","coordinates":[-79.95172,40.43622]}},{"id":"567","type":"Feature","properties":{"common_name":"Crabapple: Flowering","condition":"Fair","height":3.3528,"width":1.524,"crown_r_m":1.0,"crown_h_m":2.17932,"height_imputed":false,"width_imputed":false,"neighborhood":"Central Oakland","tree_id":"t00567"},"geometry":{"type":"Point","coordinates":[-79.9517,40.43626]}},{"id":"568","type":"Feature","properties":{"common_name":"Maple: Freeman","condition":"Fair","height":8.5344,"width":2.7432,"crown_r_m":1.3716,"crown_h_m":5.54736,"height_imputed":false,"width_imputed":false,"neighborhood":"Central Oakland","tree_id":"t00568"},"geometry":{"type":"Point","coordinates":[-79.95555,40.43643]}},{"id":"569","type":"Feature","properties":{"common_name":"Maple: Freeman","condition":"Fair","height":9.144,"width":2.1336,"crown_r_m":1.0668,"crown_h_m":5.9436,"height_imputed":false,"width_imputed":false,"neighborhood":"Central Oakland","tree_id":"t00569"},"geometry":{"type":"Point","coordinates":[-79.95579,40.43619]}},{"id":"570","type":"Feature","properties":{"common_name":"Maple: Freeman","condition":"Fair","height":9.7536,"width":2.7432,"crown_r_m":1.3716,"crown_h_m":6.33984,"height_imputed":false,"width_imputed":false,"neighborhood":"Central Oakland","tree_id":"t00570"},"geometry":{"type":"Point","coordinates":[-79.95594,40.43606]}},{"id":"571","type":"Feature","properties":{"common_name":"Hornbeam: European","condition":"Fair","height":9.144,"width":0.6096,"crown_r_m":1.0,"crown_h_m":5.9436,"height_imputed":false,"width_imputed":false,"neighborhood":"Central Oakland","tree_id":"t00571"},"geometry":{"type":"Point","coordinates":[-79.95639,40.43607]}},{"id":"572","type":"Feature","properties":{"common_name":"Crabapple: Flowering","condition":"Fair","height":5.4864,"width":1.2192,"crown_r_m":1.0,"crown_h_m":3.56616,"height_imputed":false,"width_imputed":false,"neighborhood":"Central Oakland","tree_id":"t00572"},"geometry":{"type":"Point","coordinates":[-79.95686,40.43616]}},{"id":"573","type":"Feature","properties":{"common_name":"Honeylocust: Thornless","condition":"Fair","height":7.3152,"width":2.1336,"crown_r_m":1.0668,"crown_h_m":4.75488,"height_imputed":false,"width_imputed":false,"neighborhood":"Terrace Village","tree_id":"t00573"},"geometry":{"type":"Point","coordinates":[-79.96837,40.43945]}},{"id":"574","type":"Feature","properties":{"common_name":"Honeylocust: Thornless","condition":"Fair","height":6.096,"width":2.1336,"crown_r_m":1.0668,"crown_h_m":3.9624,"height_imputed":false,"width_imputed":false,"neighborhood":"Terrace Village","tree_id":"t00574"},"geometry":{"type":"Point","coordinates":[-79.96794,40.43929]}},{"id":"575","type":"Feature","properties":{"common_name":"Honeylocust: Thornless","condition":"Fair","height":6.4008,"width":2.1336,"crown_r_m":1.0668,"crown_h_m":4.16052,"height_imputed":false,"width_imputed":false,"neighborhood":"Terrace Village","tree_id":"t00575"},"geometry":{"type":"Point","coordinates":[-79.96882,40.43945]}},{"id":"576","type":"Feature","properties":{"common_name":"Maple: Red","condition":"Fair","height":4.2672,"width":1.8288,"crown_r_m":1.0,"crown_h_m":2.77368,"height_imputed":false,"width_imputed":false,"neighborhood":"Terrace Village","tree_id":"t00576"},"geometry":{"type":"Point","coordinates":[-79.96867,40.43899]}},{"id":"577","type":"Feature","properties":{"common_name":"Maple: Red","condition":"Poor","height":3.3528,"width":1.8288,"crown_r_m":1.0,"crown_h_m":2.17932,"height_imputed":false,"width_imputed":false,"neighborhood":"Terrace Village","tree_id":"t00577"},"geometry":{"type":"Point","coordinates":[-79.96852,40.43897]}},{"id":"578","type":"Feature","properties":{"common_name":"Honeylocust: Thornless","condition":"Fair","height":3.6576,"width":1.524,"crown_r_m":1.0,"crown_h_m":2.37744,"height_imputed":false,"width_imputed":false,"neighborhood":"West Oakland","tree_id":"t00578"},"geometry":{"type":"Point","coordinates":[-79.96678,40.44006]}},{"id":"579","type":"Feature","properties":{"common_name":"Hackberry: Common","condition":"Poor","height":3.048,"width":1.8288,"crown_r_m":1.0,"crown_h_m":1.9812,"height_imputed":false,"width_imputed":false,"neighborhood":"South Oakland","tree_id":"t00579"},"geometry":{"type":"Point","coordinates":[-79.96348,40.4375]}},{"id":"580","type":"Feature","properties":{"common_name":"Hackberry: Common","condition":"Poor","height":3.048,"width":1.524,"crown_r_m":1.0,"crown_h_m":1.9812,"height_imputed":false,"width_imputed":false,"neighborhood":"South Oakland","tree_id":"t00580"},"geometry":{"type":"Point","coordinates":[-79.96337,40.4374]}},{"id":"581","type":"Feature","properties":{"common_name":"Sweetgum: American","condition":"Excellent","height":12.192,"width":6.096,"crown_r_m":3.048,"crown_h_m":7.9248,"height_imputed":false,"width_imputed":false,"neighborhood":"Shadyside","tree_id":"t00581"},"geometry":{"type":"Point","coordinates":[-79.94072,40.44908]}},{"id":"582","type":"Feature","properties":{"common_name":"Maple: Silver","condition":"Excellent","height":16.764,"width":7.3152,"crown_r_m":3.6576,"crown_h_m":10.8966,"height_imputed":false,"width_imputed":false,"neighborhood":"Shadyside","tree_id":"t00582"},"geometry":{"type":"Point","coordinates":[-79.94082,40.44906]}},{"id":"583","type":"Feature","properties":{"common_name":"Pear: Callery","condition":"Fair","height":3.048,"width":1.8288,"crown_r_m":1.0,"crown_h_m":1.9812,"height_imputed":false,"width_imputed":false,"neighborhood":"South Oakland","tree_id":"t00583"},"geometry":{"type":"Point","coordinates":[-79.96382,40.4364]}},{"id":"584","type":"Feature","properties":{"common_name":"Linden: Littleleaf","condition":"Fair","height":10.668,"width":2.7432,"crown_r_m":1.3716,"crown_h_m":6.9342,"height_imputed":false,"width_imputed":false,"neighborhood":"Squirrel Hill North","tree_id":"t00584"},"geometry":{"type":"Point","coordinates":[-79.94097,40.44421]}},{"id":"585","type":"Feature","properties":{"common_name":"Honeylocust: Thornless","condition":"Good","height":4.572,"width":1.8288,"crown_r_m":1.0,"crown_h_m":2.9718,"height_imputed":false,"width_imputed":false,"neighborhood":"Central Oakland","tree_id":"t00585"},"geometry":{"type":"Point","coordinates":[-79.9563,40.4418]}},{"id":"586","type":"Feature","properties":{"common_name":"Linden: Littleleaf","condition":"Good","height":6.096,"width":2.4384,"crown_r_m":1.2192,"crown_h_m":3.9624,"height_imputed":false,"width_imputed":false,"neighborhood":"Squirrel Hill North","tree_id":"t00586"},"geometry":{"type":"Point","coordinates":[-79.94149,40.44431]}},{"id":"587","type":"Feature","properties":{"common_name":"Honeylocust: Thornless","condition":"Fair","height":3.6576,"width":2.4384,"crown_r_m":1.2192,"crown_h_m":2.37744,"height_imputed":false,"width_imputed":false,"neighborhood":"Central Oakland","tree_id":"t00587"},"geometry":{"type":"Point","coordinates":[-79.95573,40.44137]}},{"id":"588","type":"Feature","properties":{"common_name":"Honeylocust: Thornless","condition":"Fair","height":4.8768,"width":2.1336,"crown_r_m":1.0668,"crown_h_m":3.16992,"height_imputed":false,"width_imputed":false,"neighborhood":"Central Oakland","tree_id":"t00588"},"geometry":{"type":"Point","coordinates":[-79.95594,40.44124]}},{"id":"589","type":"Feature","properties":{"common_name":"London planetree","condition":"Good","height":4.572,"width":1.524,"crown_r_m":1.0,"crown_h_m":2.9718,"height_imputed":false,"width_imputed":false,"neighborhood":"North Oakland","tree_id":"t00589"},"geometry":{"type":"Point","coordinates":[-79.94736,40.44444]}},{"id":"590","type":"Feature","properties":{"common_name":"Pear: Callery","condition":"Poor","height":6.096,"width":2.4384,"crown_r_m":1.2192,"crown_h_m":3.9624,"height_imputed":false,"width_imputed":false,"neighborhood":"Central Oakland","tree_id":"t00590"},"geometry":{"type":"Point","coordinates":[-79.95445,40.44287]}},{"id":"591","type":"Feature","properties":{"common_name":"Oak: Pin","condition":"Good","height":18.288,"width":3.6576,"crown_r_m":1.8288,"crown_h_m":11.8872,"height_imputed":false,"width_imputed":false,"neighborhood":"Shadyside","tree_id":"t00591"},"geometry":{"type":"Point","coordinates":[-79.94217,40.44899]}},{"id":"592","type":"Feature","properties":{"common_name":"Cherry/Plum: spp.","condition":"Good","height":1.524,"width":0.9144,"crown_r_m":1.0,"crown_h_m":1.5,"height_imputed":false,"width_imputed":false,"neighborhood":"Shadyside","tree_id":"t00592"},"geometry":{"type":"Point","coordinates":[-79.94254,40.44896]}},{"id":"593","type":"Feature","properties":{"common_name":"Sweetgum: American","condition":"Fair","height":13.716,"width":2.1336,"crown_r_m":1.0668,"crown_h_m":8.9154,"height_imputed":false,"width_imputed":false,"neighborhood":"Shadyside","tree_id":"t00593"},"geometry":{"type":"Point","coordinates":[-79.94112,40.44917]}},{"id":"594","type":"Feature","properties":{"common_name":"Oak: Pin","condition":"Good","height":13.716,"width":3.6576,"crown_r_m":1.8288,"crown_h_m":8.9154,"height_imputed":false,"width_imputed":false,"neighborhood":"Shadyside","tree_id":"t00594"},"geometry":{"type":"Point","coordinates":[-79.94747,40.44805]}},{"id":"595","type":"Feature","properties":{"common_name":"Amur Corktree","condition":"Poor","height":4.572,"width":2.4384,"crown_r_m":1.2192,"crown_h_m":2.9718,"height_imputed":false,"width_imputed":false,"neighborhood":"Squirrel Hill North","tree_id":"t00595"},"geometry":{"type":"Point","coordinates":[-79.94193,40.44437]}},{"id":"596","type":"Feature","properties":{"common_name":"Oak: Pin","condition":"Fair","height":13.716,"width":3.6576,"crown_r_m":1.8288,"crown_h_m":8.9154,"height_imputed":false,"width_imputed":false,"neighborhood":"Shadyside","tree_id":"t00596"},"geometry":{"type":"Point","coordinates":[-79.94751,40.44783]}},{"id":"597","type":"Feature","properties":{"common_name":"Oak: Swamp White","condition":"Fair","height":3.048,"width":1.524,"crown_r_m":1.0,"crown_h_m":1.9812,"height_imputed":false,"width_imputed":false,"neighborhood":"North Oakland","tree_id":"t00597"},"geometry":{"type":"Point","coordinates":[-79.95104,40.44687]}},{"id":"598","type":"Feature","properties":{"common_name":"Oak: Bur","condition":"Good","height":2.4384,"width":1.2192,"crown_r_m":1.0,"crown_h_m":1.58496,"height_imputed":false,"width_imputed":false,"neighborhood":"North Oakland","tree_id":"t00598"},"geometry":{"type":"Point","coordinates":[-79.95094,40.44688]}},{"id":"599","type":"Feature","properties":{"common_name":"London planetree","condition":"Poor","height":16.764,"width":7.62,"crown_r_m":3.81,"crown_h_m":10.8966,"height_imputed":false,"width_imputed":false,"neighborhood":"Shadyside","tree_id":"t00599"},"geometry":{"type":"Point","coordinates":[-79.94174,40.44901]}},{"id":"600","type":"Feature","properties":{"common_name":"London planetree","condition":"Fair","height":10.668,"width":9.144,"crown_r_m":4.572,"crown_h_m":6.9342,"height_imputed":false,"width_imputed":false,"neighborhood":"North Oakland","tree_id":"t00600"},"geometry":{"type":"Point","coordinates":[-79.95267,40.44808]}},{"id":"601","type":"Feature","properties":{"common_name":"Linden: Littleleaf","condition":"Fair","height":8.5344,"width":3.048,"crown_r_m":1.524,"crown_h_m":5.54736,"height_imputed":false,"width_imputed":false,"neighborhood":"Squirrel Hill North","tree_id":"t00601"},"geometry":{"type":"Point","coordinates":[-79.94079,40.44418]}},{"id":"602","type":"Feature","properties":{"common_name":"Honeylocust: Thornless","condition":"Good","height":4.572,"width":1.8288,"crown_r_m":1.0,"crown_h_m":2.9718,"height_imputed":false,"width_imputed":false,"neighborhood":"Central Oakland","tree_id":"t00602"},"geometry":{"type":"Point","coordinates":[-79.95618,40.44174]}},{"id":"603","type":"Feature","properties":{"common_name":"Honeylocust: Thornless","condition":"Fair","height":9.144,"width":2.4384,"crown_r_m":1.2192,"crown_h_m":5.9436,"height_imputed":false,"width_imputed":false,"neighborhood":"North Oakland","tree_id":"t00603"},"geometry":{"type":"Point","coordinates":[-79.9492,40.4444]}},{"id":"604","type":"Feature","properties":{"common_name":"Honeylocust: Thornless","condition":"Fair","height":4.2672,"width":1.8288,"crown_r_m":1.0,"crown_h_m":2.77368,"height_imputed":false,"width_imputed":false,"neighborhood":"South Oakland","tree_id":"t00604"},"geometry":{"type":"Point","coordinates":[-79.96337,40.43685]}},{"id":"605","type":"Feature","properties":{"common_name":"Honeylocust: Thornless","condition":"Fair","height":9.144,"width":3.048,"crown_r_m":1.524,"crown_h_m":5.9436,"height_imputed":false,"width_imputed":false,"neighborhood":"North Oakland","tree_id":"t00605"},"geometry":{"type":"Point","coordinates":[-79.94908,40.44444]}},{"id":"606","type":"Feature","properties":{"common_name":"Pear: Callery","condition":"Fair","height":5.7912,"width":2.4384,"crown_r_m":1.2192,"crown_h_m":3.76428,"height_imputed":false,"width_imputed":false,"neighborhood":"Central Oakland","tree_id":"t00606"},"geometry":{"type":"Point","coordinates":[-79.9541,40.44296]}},{"id":"607","type":"Feature","properties":{"common_name":"Honeylocust: Thornless","condition":"Fair","height":4.572,"width":1.8288,"crown_r_m":1.0,"crown_h_m":2.9718,"height_imputed":false,"width_imputed":false,"neighborhood":"Central Oakland","tree_id":"t00607"},"geometry":{"type":"Point","coordinates":[-79.95611,40.4417]}},{"id":"608","type":"Feature","properties":{"common_name":"Honeylocust: Thornless","condition":"Good","height":4.572,"width":2.4384,"crown_r_m":1.2192,"crown_h_m":2.9718,"height_imputed":false,"width_imputed":false,"neighborhood":"Central Oakland","tree_id":"t00608"},"geometry":{"type":"Point","coordinates":[-79.95626,40.44178]}},{"id":"609","type":"Feature","properties":{"common_name":"Honeylocust: Thornless","condition":"Poor","height":3.6576,"width":2.4384,"crown_r_m":1.2192,"crown_h_m":2.37744,"height_imputed":false,"width_imputed":false,"neighborhood":"Central Oakland","tree_id":"t00609"},"geometry":{"type":"Point","coordinates":[-79.95579,40.44134]}},{"id":"610","type":"Feature","properties":{"common_name":"Honeylocust: Thornless","condition":"Good","height":6.096,"width":1.8288,"crown_r_m":1.0,"crown_h_m":3.9624,"height_imputed":false,"width_imputed":false,"neighborhood":"Central Oakland","tree_id":"t00610"},"geometry":{"type":"Point","coordinates":[-79.9557,40.44147]}},{"id":"611","type":"Feature","properties":{"common_name":"Pear: Callery","condition":"Fair","height":5.4864,"width":1.8288,"crown_r_m":1.0,"crown_h_m":3.56616,"height_imputed":false,"width_imputed":false,"neighborhood":"Central Oakland","tree_id":"t00611"},"geometry":{"type":"Point","coordinates":[-79.95427,40.44292]}},{"id":"612","type":"Feature","properties":{"common_name":"Honeylocust: Thornless","condition":"Fair","height":9.144,"width":3.048,"crown_r_m":1.524,"crown_h_m":5.9436,"height_imputed":false,"width_imputed":false,"neighborhood":"North Oakland","tree_id":"t00612"},"geometry":{"type":"Point","coordinates":[-79.94901,40.44446]}},{"id":"613","type":"Feature","properties":{"common_name":"Honeylocust: Thornless","condition":"Good","height":4.572,"width":1.8288,"crown_r_m":1.0,"crown_h_m":2.9718,"height_imputed":false,"width_imputed":false,"neighborhood":"Central Oakland","tree_id":"t00613"},"geometry":{"type":"Point","coordinates":[-79.95606,40.44167]}},{"id":"614","type":"Feature","properties":{"common_name":"Ginkgo","condition":"Good","height":3.6576,"width":1.524,"crown_r_m":1.0,"crown_h_m":2.37744,"height_imputed":false,"width_imputed":false,"neighborhood":"North Oakland","tree_id":"t00614"},"geometry":{"type":"Point","coordinates":[-79.94925,40.44682]}},{"id":"615","type":"Feature","properties":{"common_name":"Elm: American","condition":"Good","height":6.096,"width":1.8288,"crown_r_m":1.0,"crown_h_m":3.9624,"height_imputed":false,"width_imputed":false,"neighborhood":"North Oakland","tree_id":"t00615"},"geometry":{"type":"Point","coordinates":[-79.95033,40.44546]}},{"id":"616","type":"Feature","properties":{"common_name":"Elm: American","condition":"Fair","height":4.8768,"width":2.1336,"crown_r_m":1.0668,"crown_h_m":3.16992,"height_imputed":false,"width_imputed":false,"neighborhood":"North Oakland","tree_id":"t00616"},"geometry":{"type":"Point","coordinates":[-79.95031,40.44531]}},{"id":"617","type":"Feature","properties":{"common_name":"Ginkgo","condition":"Good","height":12.192,"width":1.8288,"crown_r_m":1.0,"crown_h_m":7.9248,"height_imputed":false,"width_imputed":false,"neighborhood":"North Oakland","tree_id":"t00617"},"geometry":{"type":"Point","coordinates":[-79.9517,40.44619]}},{"id":"618","type":"Feature","properties":{"common_name":"Ginkgo","condition":"Fair","height":7.62,"width":2.1336,"crown_r_m":1.0668,"crown_h_m":4.953,"height_imputed":false,"width_imputed":false,"neighborhood":"North Oakland","tree_id":"t00618"},"geometry":{"type":"Point","coordinates":[-79.95163,40.44605]}},{"id":"619","type":"Feature","properties":{"common_name":"Ginkgo","condition":"Fair","height":9.144,"width":1.8288,"crown_r_m":1.0,"crown_h_m":5.9436,"height_imputed":false,"width_imputed":false,"neighborhood":"North Oakland","tree_id":"t00619"},"geometry":{"type":"Point","coordinates":[-79.95148,40.44574]}},{"id":"620","type":"Feature","properties":{"common_name":"Redbud: Eastern","condition":"Fair","height":4.572,"width":1.8288,"crown_r_m":1.0,"crown_h_m":2.9718,"height_imputed":false,"width_imputed":false,"neighborhood":"North Oakland","tree_id":"t00620"},"geometry":{"type":"Point","coordinates":[-79.95128,40.44544]}},{"id":"621","type":"Feature","properties":{"common_name":"Pear: Callery","condition":"Good","height":7.62,"width":2.1336,"crown_r_m":1.0668,"crown_h_m":4.953,"height_imputed":false,"width_imputed":false,"neighborhood":"North Oakland","tree_id":"t00621"},"geometry":{"type":"Point","coordinates":[-79.951,40.44485]}},{"id":"622","type":"Feature","properties":{"common_name":"Ginkgo","condition":"Fair","height":10.668,"width":3.3528,"crown_r_m":1.6764,"crown_h_m":6.9342,"height_imputed":false,"width_imputed":false,"neighborhood":"North Oakland","tree_id":"t00622"},"geometry":{"type":"Point","coordinates":[-79.95094,40.44453]}},{"id":"623","type":"Feature","properties":{"common_name":"Pear: Callery","condition":"Good","height":9.144,"width":4.572,"crown_r_m":2.286,"crown_h_m":5.9436,"height_imputed":false,"width_imputed":false,"neighborhood":"North Oakland","tree_id":"t00623"},"geometry":{"type":"Point","coordinates":[-79.95084,40.44448]}},{"id":"624","type":"Feature","properties":{"common_name":"London planetree","condition":"Fair","height":15.24,"width":3.048,"crown_r_m":1.524,"crown_h_m":9.906,"height_imputed":false,"width_imputed":false,"neighborhood":"North Oakland","tree_id":"t00624"},"geometry":{"type":"Point","coordinates":[-79.95439,40.44647]}},{"id":"625","type":"Feature","properties":{"common_name":"Pear: Callery","condition":"Fair","height":10.668,"width":1.2192,"crown_r_m":1.0,"crown_h_m":6.9342,"height_imputed":false,"width_imputed":false,"neighborhood":"North Oakland","tree_id":"t00625"},"geometry":{"type":"Point","coordinates":[-79.94899,40.44523]}},{"id":"626","type":"Feature","properties":{"common_name":"Pear: Callery","condition":"Good","height":6.096,"width":1.524,"crown_r_m":1.0,"crown_h_m":3.9624,"height_imputed":false,"width_imputed":false,"neighborhood":"North Oakland","tree_id":"t00626"},"geometry":{"type":"Point","coordinates":[-79.94919,40.44521]}},{"id":"627","type":"Feature","properties":{"common_name":"Pear: Callery","condition":"Good","height":9.144,"width":2.4384,"crown_r_m":1.2192,"crown_h_m":5.9436,"height_imputed":false,"width_imputed":false,"neighborhood":"North Oakland","tree_id":"t00627"},"geometry":{"type":"Point","coordinates":[-79.95082,40.44445]}},{"id":"628","type":"Feature","properties":{"common_name":"Ginkgo","condition":"Fair","height":10.668,"width":2.7432,"crown_r_m":1.3716,"crown_h_m":6.9342,"height_imputed":false,"width_imputed":false,"neighborhood":"North Oakland","tree_id":"t00628"},"geometry":{"type":"Point","coordinates":[-79.95085,40.44437]}},{"id":"629","type":"Feature","properties":{"common_name":"Pear: Callery","condition":"Good","height":7.62,"width":2.4384,"crown_r_m":1.2192,"crown_h_m":4.953,"height_imputed":false,"width_imputed":false,"neighborhood":"North Oakland","tree_id":"t00629"},"geometry":{"type":"Point","coordinates":[-79.95077,40.44434]}},{"id":"630","type":"Feature","properties":{"common_name":"Hemlock: Eastern","condition":"Fair","height":1.8288,"width":1.524,"crown_r_m":1.0,"crown_h_m":1.5,"height_imputed":false,"width_imputed":false,"neighborhood":"North Oakland","tree_id":"t00630"},"geometry":{"type":"Point","coordinates":[-79.95579,40.44663]}},{"id":"631","type":"Feature","properties":{"common_name":"Pear: Callery","condition":"Fair","height":12.192,"width":2.4384,"crown_r_m":1.2192,"crown_h_m":7.9248,"height_imputed":false,"width_imputed":false,"neighborhood":"North Oakland","tree_id":"t00631"},"geometry":{"type":"Point","coordinates":[-79.95506,40.44655]}},{"id":"632","type":"Feature","properties":{"common_name":"Pear: Callery","condition":"Good","height":10.668,"width":2.1336,"crown_r_m":1.0668,"crown_h_m":6.9342,"height_imputed":false,"width_imputed":false,"neighborhood":"North Oakland","tree_id":"t00632"},"geometry":{"type":"Point","coordinates":[-79.95513,40.4465]}},{"id":"633","type":"Feature","properties":{"common_name":"Pear: Callery","condition":"Good","height":10.668,"width":2.4384,"crown_r_m":1.2192,"crown_h_m":6.9342,"height_imputed":false,"width_imputed":false,"neighborhood":"North Oakland","tree_id":"t00633"},"geometry":{"type":"Point","coordinates":[-79.95522,40.44644]}},{"id":"634","type":"Feature","properties":{"common_name":"Magnolia: Saucer","condition":"Good","height":4.572,"width":1.2192,"crown_r_m":1.0,"crown_h_m":2.9718,"height_imputed":false,"width_imputed":false,"neighborhood":"North Oakland","tree_id":"t00634"},"geometry":{"type":"Point","coordinates":[-79.95422,40.44539]}},{"id":"635","type":"Feature","properties":{"common_name":"Pear: Callery","condition":"Good","height":6.096,"width":1.524,"crown_r_m":1.0,"crown_h_m":3.9624,"height_imputed":false,"width_imputed":false,"neighborhood":"North Oakland","tree_id":"t00635"},"geometry":{"type":"Point","coordinates":[-79.95485,40.44568]}},{"id":"636","type":"Feature","properties":{"common_name":"Elm: Lacebark","condition":"Fair","height":6.096,"width":2.1336,"crown_r_m":1.0668,"crown_h_m":3.9624,"height_imputed":false,"width_imputed":false,"neighborhood":"North Oakland","tree_id":"t00636"},"geometry":{"type":"Point","coordinates":[-79.95648,40.44333]}},{"id":"637","type":"Feature","properties":{"common_name":"Ginkgo","condition":"Fair","height":2.1336,"width":1.524,"crown_r_m":1.0,"crown_h_m":1.5,"height_imputed":false,"width_imputed":false,"neighborhood":"North Oakland","tree_id":"t00637"},"geometry":{"type":"Point","coordinates":[-79.95614,40.44363]}},{"id":"638","type":"Feature","properties":{"common_name":"Ginkgo","condition":"Good","height":3.048,"width":1.2192,"crown_r_m":1.0,"crown_h_m":1.9812,"height_imputed":false,"width_imputed":false,"neighborhood":"North Oakland","tree_id":"t00638"},"geometry":{"type":"Point","coordinates":[-79.95591,40.44378]}},{"id":"639","type":"Feature","properties":{"common_name":"Honeylocust: Thornless","condition":"Fair","height":3.6576,"width":1.524,"crown_r_m":1.0,"crown_h_m":2.37744,"height_imputed":false,"width_imputed":false,"neighborhood":"West Oakland","tree_id":"t00639"},"geometry":{"type":"Point","coordinates":[-79.96415,40.44059]}},{"id":"640","type":"Feature","properties":{"common_name":"Honeylocust: Thornless","condition":"Good","height":3.6576,"width":1.524,"crown_r_m":1.0,"crown_h_m":2.37744,"height_imputed":false,"width_imputed":false,"neighborhood":"West Oakland","tree_id":"t00640"},"geometry":{"type":"Point","coordinates":[-79.96419,40.44053]}},{"id":"641","type":"Feature","properties":{"common_name":"Honeylocust: Thornless","condition":"Good","height":2.4384,"width":1.2192,"crown_r_m":1.0,"crown_h_m":1.58496,"height_imputed":false,"width_imputed":false,"neighborhood":"West Oakland","tree_id":"t00641"},"geometry":{"type":"Point","coordinates":[-79.96425,40.44048]}},{"id":"642","type":"Feature","properties":{"common_name":"Honeylocust: Thornless","condition":"Good","height":2.1336,"width":0.9144,"crown_r_m":1.0,"crown_h_m":1.5,"height_imputed":false,"width_imputed":false,"neighborhood":"West Oakland","tree_id":"t00642"},"geometry":{"type":"Point","coordinates":[-79.96473,40.44039]}},{"id":"643","type":"Feature","properties":{"common_name":"Redbud: Eastern","condition":"Good","height":2.1336,"width":0.9144,"crown_r_m":1.0,"crown_h_m":1.5,"height_imputed":false,"width_imputed":false,"neighborhood":"West Oakland","tree_id":"t00643"},"geometry":{"type":"Point","coordinates":[-79.96431,40.44067]}},{"id":"644","type":"Feature","properties":{"common_name":"Crabapple: Flowering","condition":"Poor","height":1.8288,"width":0.9144,"crown_r_m":1.0,"crown_h_m":1.5,"height_imputed":false,"width_imputed":false,"neighborhood":"West Oakland","tree_id":"t00644"},"geometry":{"type":"Point","coordinates":[-79.96425,40.44073]}},{"id":"645","type":"Feature","properties":{"common_name":"Horsechestnut","condition":"Fair","height":1.8288,"width":0.9144,"crown_r_m":1.0,"crown_h_m":1.5,"height_imputed":false,"width_imputed":false,"neighborhood":"West Oakland","tree_id":"t00645"},"geometry":{"type":"Point","coordinates":[-79.96421,40.44078]}},{"id":"646","type":"Feature","properties":{"common_name":"Serviceberry: Downy","condition":"Good","height":2.4384,"width":1.2192,"crown_r_m":1.0,"crown_h_m":1.58496,"height_imputed":false,"width_imputed":false,"neighborhood":"West Oakland","tree_id":"t00646"},"geometry":{"type":"Point","coordinates":[-79.96416,40.44082]}},{"id":"647","type":"Feature","properties":{"common_name":"Sweetgum: American","condition":"Critical","height":6.096,"width":3.6576,"crown_r_m":1.8288,"crown_h_m":3.9624,"height_imputed":false,"width_imputed":false,"neighborhood":"North Oakland","tree_id":"t00647"},"geometry":{"type":"Point","coordinates":[-79.95755,40.44261]}},{"id":"648","type":"Feature","properties":{"common_name":"Elm: Lacebark","condition":"Poor","height":6.096,"width":1.8288,"crown_r_m":1.0,"crown_h_m":3.9624,"height_imputed":false,"width_imputed":false,"neighborhood":"North Oakland","tree_id":"t00648"},"geometry":{"type":"Point","coordinates":[-79.95748,40.44261]}},{"id":"649","type":"Feature","properties":{"common_name":"Sweetgum: American","condition":"Critical","height":7.62,"width":2.1336,"crown_r_m":1.0668,"crown_h_m":4.953,"height_imputed":false,"width_imputed":false,"neighborhood":"North Oakland","tree_id":"t00649"},"geometry":{"type":"Point","coordinates":[-79.95714,40.44374]}},{"id":"650","type":"Feature","properties":{"common_name":"Honeylocust: Thornless","condition":"Good","height":2.7432,"width":1.2192,"crown_r_m":1.0,"crown_h_m":1.78308,"height_imputed":false,"width_imputed":false,"neighborhood":"West Oakland","tree_id":"t00650"},"geometry":{"type":"Point","coordinates":[-79.95966,40.44095]}},{"id":"651","type":"Feature","properties":{"common_name":"Dogwood: Kousa","condition":"Poor","height":1.2192,"width":0.3048,"crown_r_m":1.0,"crown_h_m":1.5,"height_imputed":false,"width_imputed":false,"neighborhood":"West Oakland","tree_id":"t00651"},"geometry":{"type":"Point","coordinates":[-79.95924,40.44134]}},{"id":"652","type":"Feature","properties":{"common_name":"Pear: Callery","condition":"Fair","height":10.668,"width":2.7432,"crown_r_m":1.3716,"crown_h_m":6.9342,"height_imputed":false,"width_imputed":false,"neighborhood":"West Oakland","tree_id":"t00652"},"geometry":{"type":"Point","coordinates":[-79.95926,40.44138]}},{"id":"653","type":"Feature","properties":{"common_name":"Plum: Cherry","condition":"Fair","height":0.9144,"width":0.6096,"crown_r_m":1.0,"crown_h_m":1.5,"height_imputed":false,"width_imputed":false,"neighborhood":"West Oakland","tree_id":"t00653"},"geometry":{"type":"Point","coordinates":[-79.95913,40.44141]}},{"id":"654","type":"Feature","properties":{"common_name":"Oak: Northern Red","condition":"Good","height":16.764,"width":2.4384,"crown_r_m":1.2192,"crown_h_m":10.8966,"height_imputed":false,"width_imputed":false,"neighborhood":"North Oakland","tree_id":"t00654"},"geometry":{"type":"Point","coordinates":[-79.95468,40.44704]}},{"id":"655","type":"Feature","properties":{"common_name":"Oak: Northern Red","condition":"Good","height":13.716,"width":4.2672,"crown_r_m":2.1336,"crown_h_m":8.9154,"height_imputed":false,"width_imputed":false,"neighborhood":"North Oakland","tree_id":"t00655"},"geometry":{"type":"Point","coordinates":[-79.95451,40.44718]}},{"id":"656","type":"Feature","properties":{"common_name":"Sweetgum: American","condition":"Good","height":12.192,"width":1.8288,"crown_r_m":1.0,"crown_h_m":7.9248,"height_imputed":false,"width_imputed":false,"neighborhood":"North Oakland","tree_id":"t00656"},"geometry":{"type":"Point","coordinates":[-79.95416,40.44744]}},{"id":"657","type":"Feature","properties":{"common_name":"Linden: Littleleaf","condition":"Good","height":15.24,"width":1.8288,"crown_r_m":1.0,"crown_h_m":9.906,"height_imputed":false,"width_imputed":false,"neighborhood":"North Oakland","tree_id":"t00657"},"geometry":{"type":"Point","coordinates":[-79.95528,40.4466]}},{"id":"658","type":"Feature","properties":{"common_name":"Linden: Littleleaf","condition":"Good","height":16.764,"width":2.1336,"crown_r_m":1.0668,"crown_h_m":10.8966,"height_imputed":false,"width_imputed":false,"neighborhood":"North Oakland","tree_id":"t00658"},"geometry":{"type":"Point","coordinates":[-79.95518,40.44667]}},{"id":"659","type":"Feature","properties":{"common_name":"Linden: Littleleaf","condition":"Good","height":12.192,"width":3.6576,"crown_r_m":1.8288,"crown_h_m":7.9248,"height_imputed":false,"width_imputed":false,"neighborhood":"North Oakland","tree_id":"t00659"},"geometry":{"type":"Point","coordinates":[-79.95491,40.44685]}},{"id":"660","type":"Feature","properties":{"common_name":"Linden: Littleleaf","condition":"Fair","height":12.192,"width":1.524,"crown_r_m":1.0,"crown_h_m":7.9248,"height_imputed":false,"width_imputed":false,"neighborhood":"Central Oakland","tree_id":"t00660"},"geometry":{"type":"Point","coordinates":[-79.95102,40.43688]}},{"id":"661","type":"Feature","properties":{"common_name":"Pear: Callery","condition":"Fair","height":7.62,"width":6.096,"crown_r_m":3.048,"crown_h_m":4.953,"height_imputed":false,"width_imputed":false,"neighborhood":"Central Oakland","tree_id":"t00661"},"geometry":{"type":"Point","coordinates":[-79.95113,40.43696]}},{"id":"662","type":"Feature","properties":{"common_name":"London planetree","condition":"Fair","height":19.812,"width":7.62,"crown_r_m":3.81,"crown_h_m":12.8778,"height_imputed":false,"width_imputed":false,"neighborhood":"North Oakland","tree_id":"t00662"},"geometry":{"type":"Point","coordinates":[-79.95639,40.44694]}},{"id":"663","type":"Feature","properties":{"common_name":"Maple: Norway","condition":"Good","height":2.7432,"width":0.3048,"crown_r_m":1.0,"crown_h_m":1.78308,"height_imputed":false,"width_imputed":false,"neighborhood":"Central Oakland","tree_id":"t00663"},"geometry":{"type":"Point","coordinates":[-79.95139,40.43709]}},{"id":"664","type":"Feature","properties":{"common_name":"Linden: American","condition":"Fair","height":16.764,"width":3.9624,"crown_r_m":1.9812,"crown_h_m":10.8966,"height_imputed":false,"width_imputed":false,"neighborhood":"Central Oakland","tree_id":"t00664"},"geometry":{"type":"Point","coordinates":[-79.9515,40.437]}},{"id":"665","type":"Feature","properties":{"common_name":"Maple: Sugar","condition":"Fair","height":7.62,"width":2.1336,"crown_r_m":1.0668,"crown_h_m":4.953,"height_imputed":false,"width_imputed":false,"neighborhood":"Central Oakland","tree_id":"t00665"},"geometry":{"type":"Point","coordinates":[-79.95158,40.4371]}},{"id":"666","type":"Feature","properties":{"common_name":"Linden: American","condition":"Good","height":12.192,"width":1.524,"crown_r_m":1.0,"crown_h_m":7.9248,"height_imputed":false,"width_imputed":false,"neighborhood":"Central Oakland","tree_id":"t00666"},"geometry":{"type":"Point","coordinates":[-79.95162,40.43716]}},{"id":"667","type":"Feature","properties":{"common_name":"Maple: Sugar","condition":"Fair","height":13.716,"width":2.1336,"crown_r_m":1.0668,"crown_h_m":8.9154,"height_imputed":false,"width_imputed":false,"neighborhood":"Central Oakland","tree_id":"t00667"},"geometry":{"type":"Point","coordinates":[-79.95179,40.4372]}},{"id":"668","type":"Feature","properties":{"common_name":"Pear: Callery","condition":"Fair","height":10.668,"width":0.9144,"crown_r_m":1.0,"crown_h_m":6.9342,"height_imputed":false,"width_imputed":false,"neighborhood":"Central Oakland","tree_id":"t00668"},"geometry":{"type":"Point","coordinates":[-79.95202,40.43725]}},{"id":"669","type":"Feature","properties":{"common_name":"Oak: Northern Red","condition":"Good","height":15.24,"width":2.4384,"crown_r_m":1.2192,"crown_h_m":9.906,"height_imputed":false,"width_imputed":false,"neighborhood":"North Oakland","tree_id":"t00669"},"geometry":{"type":"Point","coordinates":[-79.95552,40.44739]}},{"id":"670","type":"Feature","properties":{"common_name":"Maple: Norway","condition":"Fair","height":13.716,"width":4.572,"crown_r_m":2.286,"crown_h_m":8.9154,"height_imputed":false,"width_imputed":false,"neighborhood":"North Oakland","tree_id":"t00670"},"geometry":{"type":"Point","coordinates":[-79.95604,40.4478]}},{"id":"671","type":"Feature","properties":{"common_name":"London planetree","condition":"Fair","height":21.336,"width":7.62,"crown_r_m":3.81,"crown_h_m":13.8684,"height_imputed":false,"width_imputed":false,"neighborhood":"North Oakland","tree_id":"t00671"},"geometry":{"type":"Point","coordinates":[-79.95652,40.44705]}},{"id":"672","type":"Feature","properties":{"common_name":"Arborvitae: Eastern","condition":"Good","height":1.8288,"width":0.6096,"crown_r_m":1.0,"crown_h_m":1.5,"height_imputed":false,"width_imputed":false,"neighborhood":"North Oakland","tree_id":"t00672"},"geometry":{"type":"Point","coordinates":[-79.95579,40.44645]}},{"id":"673","type":"Feature","properties":{"common_name":"Cherry/Plum: spp.","condition":"Fair","height":1.8288,"width":0.3048,"crown_r_m":1.0,"crown_h_m":1.5,"height_imputed":false,"width_imputed":false,"neighborhood":"North Oakland","tree_id":"t00673"},"geometry":{"type":"Point","coordinates":[-79.95767,40.44782]}},{"id":"674","type":"Feature","properties":{"common_name":"Apple: Common","condition":"Fair","height":2.4384,"width":0.9144,"crown_r_m":1.0,"crown_h_m":1.58496,"height_imputed":false,"width_imputed":false,"neighborhood":"North Oakland","tree_id":"t00674"},"geometry":{"type":"Point","coordinates":[-79.95754,40.4479]}},{"id":"675","type":"Feature","properties":{"common_name":"Ginkgo","condition":"Fair","height":19.812,"width":2.4384,"crown_r_m":1.2192,"crown_h_m":12.8778,"height_imputed":false,"width_imputed":false,"neighborhood":"North Oakland","tree_id":"t00675"},"geometry":{"type":"Point","coordinates":[-79.95624,40.44885]}},{"id":"676","type":"Feature","properties":{"common_name":"Sweetgum: American","condition":"Good","height":18.288,"width":2.7432,"crown_r_m":1.3716,"crown_h_m":11.8872,"height_imputed":false,"width_imputed":false,"neighborhood":"North Oakland","tree_id":"t00676"},"geometry":{"type":"Point","coordinates":[-79.95438,40.44802]}},{"id":"677","type":"Feature","properties":{"common_name":"Oak: Northern Red","condition":"Good","height":16.764,"width":2.1336,"crown_r_m":1.0668,"crown_h_m":10.8966,"height_imputed":false,"width_imputed":false,"neighborhood":"North Oakland","tree_id":"t00677"},"geometry":{"type":"Point","coordinates":[-79.95488,40.44845]}},{"id":"678","type":"Feature","properties":{"common_name":"Sweetgum: American","condition":"Fair","height":16.764,"width":2.7432,"crown_r_m":1.3716,"crown_h_m":10.8966,"height_imputed":false,"width_imputed":false,"neighborhood":"North Oakland","tree_id":"t00678"},"geometry":{"type":"Point","coordinates":[-79.95528,40.44875]}},{"id":"679","type":"Feature","properties":{"common_name":"Linden: Littleleaf","condition":"Fair","height":12.192,"width":3.6576,"crown_r_m":1.8288,"crown_h_m":7.9248,"height_imputed":false,"width_imputed":false,"neighborhood":"North Oakland","tree_id":"t00679"},"geometry":{"type":"Point","coordinates":[-79.95552,40.44976]}},{"id":"680","type":"Feature","properties":{"common_name":"Linden: Littleleaf","condition":"Poor","height":12.192,"width":3.6576,"crown_r_m":1.8288,"crown_h_m":7.9248,"height_imputed":false,"width_imputed":false,"neighborhood":"North Oakland","tree_id":"t00680"},"geometry":{"type":"Point","coordinates":[-79.95549,40.44981]}},{"id":"681","type":"Feature","properties":{"common_name":"Linden: Littleleaf","condition":"Fair","height":10.668,"width":2.1336,"crown_r_m":1.0668,"crown_h_m":6.9342,"height_imputed":false,"width_imputed":false,"neighborhood":"North Oakland","tree_id":"t00681"},"geometry":{"type":"Point","coordinates":[-79.95542,40.44999]}},{"id":"682","type":"Feature","properties":{"common_name":"Linden: Littleleaf","condition":"Fair","height":10.668,"width":3.048,"crown_r_m":1.524,"crown_h_m":6.9342,"height_imputed":false,"width_imputed":false,"neighborhood":"North Oakland","tree_id":"t00682"},"geometry":{"type":"Point","coordinates":[-79.95243,40.4501]}},{"id":"683","type":"Feature","properties":{"common_name":"Ginkgo","condition":"Fair","height":13.716,"width":2.4384,"crown_r_m":1.2192,"crown_h_m":8.9154,"height_imputed":false,"width_imputed":false,"neighborhood":"North Oakland","tree_id":"t00683"},"geometry":{"type":"Point","coordinates":[-79.95263,40.45019]}},{"id":"684","type":"Feature","properties":{"common_name":"Hornbeam: European","condition":"Fair","height":7.62,"width":1.8288,"crown_r_m":1.0,"crown_h_m":4.953,"height_imputed":false,"width_imputed":false,"neighborhood":"North Oakland","tree_id":"t00684"},"geometry":{"type":"Point","coordinates":[-79.95353,40.45043]}},{"id":"685","type":"Feature","properties":{"common_name":"Hornbeam: European","condition":"Good","height":9.144,"width":1.8288,"crown_r_m":1.0,"crown_h_m":5.9436,"height_imputed":false,"width_imputed":false,"neighborhood":"North Oakland","tree_id":"t00685"},"geometry":{"type":"Point","coordinates":[-79.9535,40.45036]}},{"id":"686","type":"Feature","properties":{"common_name":"Hornbeam: European","condition":"Good","height":9.144,"width":1.8288,"crown_r_m":1.0,"crown_h_m":5.9436,"height_imputed":false,"width_imputed":false,"neighborhood":"North Oakland","tree_id":"t00686"},"geometry":{"type":"Point","coordinates":[-79.95347,40.4503]}},{"id":"687","type":"Feature","properties":{"common_name":"Pear: Callery","condition":"Good","height":7.62,"width":1.524,"crown_r_m":1.0,"crown_h_m":4.953,"height_imputed":false,"width_imputed":false,"neighborhood":"North Oakland","tree_id":"t00687"},"geometry":{"type":"Point","coordinates":[-79.9533,40.44988]}},{"id":"688","type":"Feature","properties":{"common_name":"Pear: Callery","condition":"Good","height":7.3152,"width":1.524,"crown_r_m":1.0,"crown_h_m":4.75488,"height_imputed":false,"width_imputed":false,"neighborhood":"North Oakland","tree_id":"t00688"},"geometry":{"type":"Point","coordinates":[-79.95327,40.44982]}},{"id":"689","type":"Feature","properties":{"common_name":"London planetree","condition":"Poor","height":15.24,"width":3.6576,"crown_r_m":1.8288,"crown_h_m":9.906,"height_imputed":false,"width_imputed":false,"neighborhood":"North Oakland","tree_id":"t00689"},"geometry":{"type":"Point","coordinates":[-79.95576,40.44901]}},{"id":"690","type":"Feature","properties":{"common_name":"London planetree","condition":"Good","height":13.716,"width":3.048,"crown_r_m":1.524,"crown_h_m":8.9154,"height_imputed":false,"width_imputed":false,"neighborhood":"North Oakland","tree_id":"t00690"},"geometry":{"type":"Point","coordinates":[-79.95626,40.44817]}},{"id":"691","type":"Feature","properties":{"common_name":"London planetree","condition":"Good","height":12.192,"width":1.8288,"crown_r_m":1.0,"crown_h_m":7.9248,"height_imputed":false,"width_imputed":false,"neighborhood":"North Oakland","tree_id":"t00691"},"geometry":{"type":"Point","coordinates":[-79.95607,40.44803]}},{"id":"692","type":"Feature","properties":{"common_name":"London planetree","condition":"Good","height":4.572,"width":1.524,"crown_r_m":1.0,"crown_h_m":2.9718,"height_imputed":false,"width_imputed":false,"neighborhood":"North Oakland","tree_id":"t00692"},"geometry":{"type":"Point","coordinates":[-79.95177,40.45163]}},{"id":"693","type":"Feature","properties":{"common_name":"Pear: Callery","condition":"Good","height":7.62,"width":1.524,"crown_r_m":1.0,"crown_h_m":4.953,"height_imputed":false,"width_imputed":false,"neighborhood":"North Oakland","tree_id":"t00693"},"geometry":{"type":"Point","coordinates":[-79.95316,40.44957]}},{"id":"694","type":"Feature","properties":{"common_name":"Dogwood: Flowering","condition":"Fair","height":1.8288,"width":0.3048,"crown_r_m":1.0,"crown_h_m":1.5,"height_imputed":false,"width_imputed":false,"neighborhood":"North Oakland","tree_id":"t00694"},"geometry":{"type":"Point","coordinates":[-79.953,40.44921]}},{"id":"695","type":"Feature","properties":{"common_name":"Dogwood: Flowering","condition":"Fair","height":1.8288,"width":0.3048,"crown_r_m":1.0,"crown_h_m":1.5,"height_imputed":false,"width_imputed":false,"neighborhood":"North Oakland","tree_id":"t00695"},"geometry":{"type":"Point","coordinates":[-79.9529,40.44899]}},{"id":"696","type":"Feature","properties":{"common_name":"Maple: Sycamore","condition":"Fair","height":16.764,"width":3.048,"crown_r_m":1.524,"crown_h_m":10.8966,"height_imputed":false,"width_imputed":false,"neighborhood":"North Oakland","tree_id":"t00696"},"geometry":{"type":"Point","coordinates":[-79.95536,40.44905]}},{"id":"697","type":"Feature","properties":{"common_name":"Oak: Northern Red","condition":"Fair","height":18.288,"width":3.6576,"crown_r_m":1.8288,"crown_h_m":11.8872,"height_imputed":false,"width_imputed":false,"neighborhood":"North Oakland","tree_id":"t00697"},"geometry":{"type":"Point","coordinates":[-79.95507,40.44881]}},{"id":"698","type":"Feature","properties":{"common_name":"Oak: Northern Red","condition":"Fair","height":18.288,"width":3.048,"crown_r_m":1.524,"crown_h_m":11.8872,"height_imputed":false,"width_imputed":false,"neighborhood":"North Oakland","tree_id":"t00698"},"geometry":{"type":"Point","coordinates":[-79.95391,40.44788]}},{"id":"699","type":"Feature","properties":{"common_name":"Oak: Swamp White","condition":"Good","height":3.6576,"width":1.2192,"crown_r_m":1.0,"crown_h_m":2.37744,"height_imputed":false,"width_imputed":false,"neighborhood":"Central Oakland","tree_id":"t00699"},"geometry":{"type":"Point","coordinates":[-79.95751,40.4386]}},{"id":"700","type":"Feature","properties":{"common_name":"Oak: Swamp White","condition":"Fair","height":3.048,"width":1.2192,"crown_r_m":1.0,"crown_h_m":1.9812,"height_imputed":false,"width_imputed":false,"neighborhood":"Central Oakland","tree_id":"t00700"},"geometry":{"type":"Point","coordinates":[-79.95742,40.43867]}},{"id":"701","type":"Feature","properties":{"common_name":"Oak: Swamp White","condition":"Good","height":3.048,"width":1.524,"crown_r_m":1.0,"crown_h_m":1.9812,"height_imputed":false,"width_imputed":false,"neighborhood":"Central Oakland","tree_id":"t00701"},"geometry":{"type":"Point","coordinates":[-79.95735,40.43872]}},{"id":"702","type":"Feature","properties":{"common_name":"Oak: Swamp White","condition":"Good","height":3.6576,"width":1.524,"crown_r_m":1.0,"crown_h_m":2.37744,"height_imputed":false,"width_imputed":false,"neighborhood":"Central Oakland","tree_id":"t00702"},"geometry":{"type":"Point","coordinates":[-79.95729,40.43877]}},{"id":"703","type":"Feature","properties":{"common_name":"Redcedar: Eastern","condition":"Good","height":2.7432,"width":0.6096,"crown_r_m":1.0,"crown_h_m":1.78308,"height_imputed":false,"width_imputed":false,"neighborhood":"North Oakland","tree_id":"t00703"},"geometry":{"type":"Point","coordinates":[-79.95574,40.44919]}},{"id":"704","type":"Feature","properties":{"common_name":"Arborvitae: Eastern","condition":"Good","height":2.1336,"width":0.3048,"crown_r_m":1.0,"crown_h_m":1.5,"height_imputed":false,"width_imputed":false,"neighborhood":"North Oakland","tree_id":"t00704"},"geometry":{"type":"Point","coordinates":[-79.95645,40.44851]}},{"id":"705","type":"Feature","properties":{"common_name":"Elm: American","condition":"Good","height":10.668,"width":1.8288,"crown_r_m":1.0,"crown_h_m":6.9342,"height_imputed":false,"width_imputed":false,"neighborhood":"North Oakland","tree_id":"t00705"},"geometry":{"type":"Point","coordinates":[-79.95542,40.44749]}},{"id":"706","type":"Feature","properties":{"common_name":"Honeylocust: Thornless","condition":"Fair","height":7.62,"width":2.1336,"crown_r_m":1.0668,"crown_h_m":4.953,"height_imputed":false,"width_imputed":false,"neighborhood":"North Oakland","tree_id":"t00706"},"geometry":{"type":"Point","coordinates":[-79.94913,40.44442]}},{"id":"707","type":"Feature","properties":{"common_name":"Honeylocust: Thornless","condition":"Poor","height":7.62,"width":3.9624,"crown_r_m":1.9812,"crown_h_m":4.953,"height_imputed":false,"width_imputed":false,"neighborhood":"North Oakland","tree_id":"t00707"},"geometry":{"type":"Point","coordinates":[-79.94892,40.44448]}},{"id":"708","type":"Feature","properties":{"common_name":"Pear: Callery","condition":"Fair","height":6.7056,"width":2.1336,"crown_r_m":1.0668,"crown_h_m":4.35864,"height_imputed":false,"width_imputed":false,"neighborhood":"North Oakland","tree_id":"t00708"},"geometry":{"type":"Point","coordinates":[-79.94882,40.44492]}},{"id":"709","type":"Feature","properties":{"common_name":"Ginkgo","condition":"Good","height":4.572,"width":1.8288,"crown_r_m":1.0,"crown_h_m":2.9718,"height_imputed":false,"width_imputed":false,"neighborhood":"North Oakland","tree_id":"t00709"},"geometry":{"type":"Point","coordinates":[-79.94903,40.44671]}},{"id":"710","type":"Feature","properties":{"common_name":"Oak: Pin","condition":"Fair","height":13.716,"width":4.572,"crown_r_m":2.286,"crown_h_m":8.9154,"height_imputed":false,"width_imputed":false,"neighborhood":"North Oakland","tree_id":"t00710"},"geometry":{"type":"Point","coordinates":[-79.94793,40.4464]}},{"id":"711","type":"Feature","properties":{"common_name":"Maple: Amur","condition":"Fair","height":3.048,"width":1.524,"crown_r_m":1.0,"crown_h_m":1.9812,"height_imputed":false,"width_imputed":false,"neighborhood":"North Oakland","tree_id":"t00711"},"geometry":{"type":"Point","coordinates":[-79.94855,40.44636]}},{"id":"712","type":"Feature","properties":{"common_name":"Pear: Callery","condition":"Fair","height":6.096,"width":1.8288,"crown_r_m":1.0,"crown_h_m":3.9624,"height_imputed":false,"width_imputed":false,"neighborhood":"North Oakland","tree_id":"t00712"},"geometry":{"type":"Point","coordinates":[-79.94873,40.44559]}},{"id":"713","type":"Feature","properties":{"common_name":"Pear: Callery","condition":"Fair","height":10.668,"width":2.7432,"crown_r_m":1.3716,"crown_h_m":6.9342,"height_imputed":false,"width_imputed":false,"neighborhood":"North Oakland","tree_id":"t00713"},"geometry":{"type":"Point","coordinates":[-79.94779,40.44531]}},{"id":"714","type":"Feature","properties":{"common_name":"Hornbeam: American","condition":"Poor","height":3.048,"width":1.524,"crown_r_m":1.0,"crown_h_m":1.9812,"height_imputed":false,"width_imputed":false,"neighborhood":"North Oakland","tree_id":"t00714"},"geometry":{"type":"Point","coordinates":[-79.94789,40.44531]}},{"id":"715","type":"Feature","properties":{"common_name":"Hornbeam: European","condition":"Good","height":4.572,"width":1.524,"crown_r_m":1.0,"crown_h_m":2.9718,"height_imputed":false,"width_imputed":false,"neighborhood":"North Oakland","tree_id":"t00715"},"geometry":{"type":"Point","coordinates":[-79.95349,40.44348]}},{"id":"716","type":"Feature","properties":{"common_name":"Hornbeam: European","condition":"Good","height":3.048,"width":1.2192,"crown_r_m":1.0,"crown_h_m":1.9812,"height_imputed":false,"width_imputed":false,"neighborhood":"North Oakland","tree_id":"t00716"},"geometry":{"type":"Point","coordinates":[-79.9535,40.44339]}},{"id":"717","type":"Feature","properties":{"common_name":"Maple: Norway","condition":"Fair","height":12.192,"width":2.4384,"crown_r_m":1.2192,"crown_h_m":7.9248,"height_imputed":false,"width_imputed":false,"neighborhood":"Central Oakland","tree_id":"t00717"},"geometry":{"type":"Point","coordinates":[-79.9517,40.44041]}},{"id":"718","type":"Feature","properties":{"common_name":"Maple: Norway","condition":"Fair","height":13.716,"width":6.096,"crown_r_m":3.048,"crown_h_m":8.9154,"height_imputed":false,"width_imputed":false,"neighborhood":"Central Oakland","tree_id":"t00718"},"geometry":{"type":"Point","coordinates":[-79.95189,40.4404]}},{"id":"719","type":"Feature","properties":{"common_name":"Maple: Tatarian","condition":"Poor","height":3.048,"width":1.524,"crown_r_m":1.0,"crown_h_m":1.9812,"height_imputed":false,"width_imputed":false,"neighborhood":"Central Oakland","tree_id":"t00719"},"geometry":{"type":"Point","coordinates":[-79.95572,40.43961]}},{"id":"720","type":"Feature","properties":{"common_name":"Linden: Littleleaf","condition":"Good","height":13.716,"width":7.62,"crown_r_m":3.81,"crown_h_m":8.9154,"height_imputed":false,"width_imputed":false,"neighborhood":"Central Oakland","tree_id":"t00720"},"geometry":{"type":"Point","coordinates":[-79.95533,40.43929]}},{"id":"721","type":"Feature","properties":{"common_name":"Linden: Littleleaf","condition":"Fair","height":10.668,"width":3.048,"crown_r_m":1.524,"crown_h_m":6.9342,"height_imputed":false,"width_imputed":false,"neighborhood":"Central Oakland","tree_id":"t00721"},"geometry":{"type":"Point","coordinates":[-79.95493,40.43898]}},{"id":"722","type":"Feature","properties":{"common_name":"Pear: Callery","condition":"Fair","height":7.62,"width":2.4384,"crown_r_m":1.2192,"crown_h_m":4.953,"height_imputed":false,"width_imputed":false,"neighborhood":"Central Oakland","tree_id":"t00722"},"geometry":{"type":"Point","coordinates":[-79.95408,40.43831]}},{"id":"723","type":"Feature","properties":{"common_name":"Pear: Callery","condition":"Fair","height":7.62,"width":1.8288,"crown_r_m":1.0,"crown_h_m":4.953,"height_imputed":false,"width_imputed":false,"neighborhood":"Central Oakland","tree_id":"t00723"},"geometry":{"type":"Point","coordinates":[-79.95394,40.43821]}},{"id":"724","type":"Feature","properties":{"common_name":"Honeylocust: Thornless","condition":"Good","height":6.096,"width":2.1336,"crown_r_m":1.0668,"crown_h_m":3.9624,"height_imputed":false,"width_imputed":false,"neighborhood":"Central Oakland","tree_id":"t00724"},"geometry":{"type":"Point","coordinates":[-79.95586,40.44155]}},{"id":"725","type":"Feature","properties":{"common_name":"Linden: Littleleaf","condition":"Poor","height":6.096,"width":2.7432,"crown_r_m":1.3716,"crown_h_m":3.9624,"height_imputed":false,"width_imputed":false,"neighborhood":"Central Oakland","tree_id":"t00725"},"geometry":{"type":"Point","coordinates":[-79.95508,40.43895]}},{"id":"726","type":"Feature","properties":{"common_name":"Pear: Callery","condition":"Fair","height":7.62,"width":2.4384,"crown_r_m":1.2192,"crown_h_m":4.953,"height_imputed":false,"width_imputed":false,"neighborhood":"Central Oakland","tree_id":"t00726"},"geometry":{"type":"Point","coordinates":[-79.95536,40.43918]}},{"id":"727","type":"Feature","properties":{"common_name":"Oak: Northern Red","condition":"Poor","height":12.192,"width":3.6576,"crown_r_m":1.8288,"crown_h_m":7.9248,"height_imputed":false,"width_imputed":false,"neighborhood":"Central Oakland","tree_id":"t00727"},"geometry":{"type":"Point","coordinates":[-79.95706,40.43794]}},{"id":"728","type":"Feature","properties":{"common_name":"Maple: Norway","condition":"Fair","height":12.192,"width":3.6576,"crown_r_m":1.8288,"crown_h_m":7.9248,"height_imputed":false,"width_imputed":false,"neighborhood":"Central Oakland","tree_id":"t00728"},"geometry":{"type":"Point","coordinates":[-79.95622,40.43727]}},{"id":"729","type":"Feature","properties":{"common_name":"Maple: Norway","condition":"Poor","height":10.668,"width":2.4384,"crown_r_m":1.2192,"crown_h_m":6.9342,"height_imputed":false,"width_imputed":false,"neighborhood":"Central Oakland","tree_id":"t00729"},"geometry":{"type":"Point","coordinates":[-79.95594,40.43704]}},{"id":"730","type":"Feature","properties":{"common_name":"Elm: spp.","condition":"Good","height":6.096,"width":2.1336,"crown_r_m":1.0668,"crown_h_m":3.9624,"height_imputed":false,"width_imputed":false,"neighborhood":"West Oakland","tree_id":"t00730"},"geometry":{"type":"Point","coordinates":[-79.95835,40.44204]}},{"id":"731","type":"Feature","properties":{"common_name":"Maple: Red","condition":"Fair","height":10.668,"width":2.7432,"crown_r_m":1.3716,"crown_h_m":6.9342,"height_imputed":false,"width_imputed":false,"neighborhood":"North Oakland","tree_id":"t00731"},"geometry":{"type":"Point","coordinates":[-79.95765,40.44491]}},{"id":"732","type":"Feature","properties":{"common_name":"Maple: Freeman","condition":"Good","height":12.192,"width":2.4384,"crown_r_m":1.2192,"crown_h_m":7.9248,"height_imputed":false,"width_imputed":false,"neighborhood":"North Oakland","tree_id":"t00732"},"geometry":{"type":"Point","coordinates":[-79.95744,40.44507]}},{"id":"733","type":"Feature","properties":{"common_name":"Maple: Red","condition":"Good","height":10.668,"width":2.7432,"crown_r_m":1.3716,"crown_h_m":6.9342,"height_imputed":false,"width_imputed":false,"neighborhood":"North Oakland","tree_id":"t00733"},"geometry":{"type":"Point","coordinates":[-79.95734,40.44513]}},{"id":"734","type":"Feature","properties":{"common_name":"Maple: Red","condition":"Good","height":12.192,"width":2.4384,"crown_r_m":1.2192,"crown_h_m":7.9248,"height_imputed":false,"width_imputed":false,"neighborhood":"North Oakland","tree_id":"t00734"},"geometry":{"type":"Point","coordinates":[-79.95726,40.44519]}},{"id":"735","type":"Feature","properties":{"common_name":"Pear: Callery","condition":"Fair","height":12.192,"width":3.048,"crown_r_m":1.524,"crown_h_m":7.9248,"height_imputed":false,"width_imputed":false,"neighborhood":"North Oakland","tree_id":"t00735"},"geometry":{"type":"Point","coordinates":[-79.95712,40.4453]}},{"id":"736","type":"Feature","properties":{"common_name":"Pear: Callery","condition":"Good","height":10.668,"width":2.4384,"crown_r_m":1.2192,"crown_h_m":6.9342,"height_imputed":false,"width_imputed":false,"neighborhood":"North Oakland","tree_id":"t00736"},"geometry":{"type":"Point","coordinates":[-79.95696,40.44543]}},{"id":"737","type":"Feature","properties":{"common_name":"Oak: Pin","condition":"Good","height":18.288,"width":4.572,"crown_r_m":2.286,"crown_h_m":11.8872,"height_imputed":false,"width_imputed":false,"neighborhood":"North Oakland","tree_id":"t00737"},"geometry":{"type":"Point","coordinates":[-79.95573,40.44639]}},{"id":"738","type":"Feature","properties":{"common_name":"Oak: Northern Red","condition":"Fair","height":9.144,"width":2.1336,"crown_r_m":1.0668,"crown_h_m":5.9436,"height_imputed":false,"width_imputed":false,"neighborhood":"Central Oakland","tree_id":"t00738"},"geometry":{"type":"Point","coordinates":[-79.95629,40.43717]}},{"id":"739","type":"Feature","properties":{"common_name":"Zelkova: Japanese","condition":"Good","height":7.62,"width":2.4384,"crown_r_m":1.2192,"crown_h_m":4.953,"height_imputed":false,"width_imputed":false,"neighborhood":"Central Oakland","tree_id":"t00739"},"geometry":{"type":"Point","coordinates":[-79.96011,40.43901]}},{"id":"740","type":"Feature","properties":{"common_name":"Zelkova: Japanese","condition":"Good","height":7.62,"width":2.4384,"crown_r_m":1.2192,"crown_h_m":4.953,"height_imputed":false,"width_imputed":false,"neighborhood":"Central Oakland","tree_id":"t00740"},"geometry":{"type":"Point","coordinates":[-79.96006,40.43897]}},{"id":"741","type":"Feature","properties":{"common_name":"Zelkova: Japanese","condition":"Good","height":3.6576,"width":1.8288,"crown_r_m":1.0,"crown_h_m":2.37744,"height_imputed":false,"width_imputed":false,"neighborhood":"Central Oakland","tree_id":"t00741"},"geometry":{"type":"Point","coordinates":[-79.96006,40.43882]}},{"id":"742","type":"Feature","properties":{"common_name":"Lilac: Japanese Tree","condition":"Fair","height":3.048,"width":1.2192,"crown_r_m":1.0,"crown_h_m":1.9812,"height_imputed":false,"width_imputed":false,"neighborhood":"Central Oakland","tree_id":"t00742"},"geometry":{"type":"Point","coordinates":[-79.95619,40.43987]}},{"id":"743","type":"Feature","properties":{"common_name":"Lilac: Japanese Tree","condition":"Poor","height":2.1336,"width":1.524,"crown_r_m":1.0,"crown_h_m":1.5,"height_imputed":false,"width_imputed":false,"neighborhood":"Central Oakland","tree_id":"t00743"},"geometry":{"type":"Point","coordinates":[-79.95625,40.43992]}},{"id":"744","type":"Feature","properties":{"common_name":"Pear: Common","condition":"Critical","height":4.572,"width":3.048,"crown_r_m":1.524,"crown_h_m":2.9718,"height_imputed":false,"width_imputed":false,"neighborhood":"Central Oakland","tree_id":"t00744"},"geometry":{"type":"Point","coordinates":[-79.95454,40.44285]}},{"id":"745","type":"Feature","properties":{"common_name":"Linden: Littleleaf","condition":"Fair","height":9.144,"width":3.048,"crown_r_m":1.524,"crown_h_m":5.9436,"height_imputed":false,"width_imputed":false,"neighborhood":"Squirrel Hill North","tree_id":"t00745"},"geometry":{"type":"Point","coordinates":[-79.94089,40.4442]}},{"id":"746","type":"Feature","properties":{"common_name":"Oak: Swamp White","condition":"Good","height":3.048,"width":0.9144,"crown_r_m":1.0,"crown_h_m":1.9812,"height_imputed":false,"width_imputed":false,"neighborhood":"North Oakland","tree_id":"t00746"},"geometry":{"type":"Point","coordinates":[-79.95426,40.45236]}},{"id":"747","type":"Feature","properties":{"common_name":"Sweetgum: American","condition":"Good","height":3.9624,"width":0.9144,"crown_r_m":1.0,"crown_h_m":2.57556,"height_imputed":false,"width_imputed":false,"neighborhood":"North Oakland","tree_id":"t00747"},"geometry":{"type":"Point","coordinates":[-79.95433,40.45217]}},{"id":"748","type":"Feature","properties":{"common_name":"Maple: Norway","condition":"Fair","height":10.668,"width":7.62,"crown_r_m":3.81,"crown_h_m":6.9342,"height_imputed":false,"width_imputed":false,"neighborhood":"North Oakland","tree_id":"t00748"},"geometry":{"type":"Point","coordinates":[-79.95418,40.45136]}},{"id":"749","type":"Feature","properties":{"common_name":"Maple: Norway","condition":"Poor","height":6.096,"width":2.4384,"crown_r_m":1.2192,"crown_h_m":3.9624,"height_imputed":false,"width_imputed":false,"neighborhood":"North Oakland","tree_id":"t00749"},"geometry":{"type":"Point","coordinates":[-79.95406,40.45136]}},{"id":"750","type":"Feature","properties":{"common_name":"Maple: Norway","condition":"Critical","height":4.572,"width":2.1336,"crown_r_m":1.0668,"crown_h_m":2.9718,"height_imputed":false,"width_imputed":false,"neighborhood":"North Oakland","tree_id":"t00750"},"geometry":{"type":"Point","coordinates":[-79.95403,40.45137]}},{"id":"751","type":"Feature","properties":{"common_name":"Hackberry: Common","condition":"Fair","height":2.4384,"width":1.524,"crown_r_m":1.0,"crown_h_m":1.58496,"height_imputed":false,"width_imputed":false,"neighborhood":"North Oakland","tree_id":"t00751"},"geometry":{"type":"Point","coordinates":[-79.95297,40.45327]}},{"id":"752","type":"Feature","properties":{"common_name":"Ginkgo","condition":"Good","height":2.7432,"width":0.9144,"crown_r_m":1.0,"crown_h_m":1.78308,"height_imputed":false,"width_imputed":false,"neighborhood":"Terrace Village","tree_id":"t00752"},"geometry":{"type":"Point","coordinates":[-79.966,40.44449]}},{"id":"753","type":"Feature","properties":{"common_name":"Ginkgo","condition":"Fair","height":3.048,"width":1.524,"crown_r_m":1.0,"crown_h_m":1.9812,"height_imputed":false,"width_imputed":false,"neighborhood":"Terrace Village","tree_id":"t00753"},"geometry":{"type":"Point","coordinates":[-79.96589,40.44456]}},{"id":"754","type":"Feature","properties":{"common_name":"Ginkgo","condition":"Fair","height":3.048,"width":0.9144,"crown_r_m":1.0,"crown_h_m":1.9812,"height_imputed":false,"width_imputed":false,"neighborhood":"Terrace Village","tree_id":"t00754"},"geometry":{"type":"Point","coordinates":[-79.96566,40.4447]}},{"id":"755","type":"Feature","properties":{"common_name":"Ginkgo","condition":"Fair","height":3.6576,"width":1.524,"crown_r_m":1.0,"crown_h_m":2.37744,"height_imputed":false,"width_imputed":false,"neighborhood":"Terrace Village","tree_id":"t00755"},"geometry":{"type":"Point","coordinates":[-79.96556,40.44477]}},{"id":"756","type":"Feature","properties":{"common_name":"Maple: Red","condition":"Fair","height":4.572,"width":1.524,"crown_r_m":1.0,"crown_h_m":2.9718,"height_imputed":false,"width_imputed":false,"neighborhood":"Terrace Village","tree_id":"t00756"},"geometry":{"type":"Point","coordinates":[-79.96886,40.4424]}},{"id":"757","type":"Feature","properties":{"common_name":"Maple: Red","condition":"Good","height":6.096,"width":1.524,"crown_r_m":1.0,"crown_h_m":3.9624,"height_imputed":false,"width_imputed":false,"neighborhood":"Terrace Village","tree_id":"t00757"},"geometry":{"type":"Point","coordinates":[-79.96878,40.44244]}},{"id":"758","type":"Feature","properties":{"common_name":"Maple: Red","condition":"Fair","height":4.572,"width":1.8288,"crown_r_m":1.0,"crown_h_m":2.9718,"height_imputed":false,"width_imputed":false,"neighborhood":"Terrace Village","tree_id":"t00758"},"geometry":{"type":"Point","coordinates":[-79.96857,40.44245]}},{"id":"759","type":"Feature","properties":{"common_name":"Maple: Red","condition":"Fair","height":4.572,"width":1.8288,"crown_r_m":1.0,"crown_h_m":2.9718,"height_imputed":false,"width_imputed":false,"neighborhood":"Terrace Village","tree_id":"t00759"},"geometry":{"type":"Point","coordinates":[-79.96878,40.44227]}},{"id":"760","type":"Feature","properties":{"common_name":"Maple: Red","condition":"Poor","height":4.2672,"width":1.524,"crown_r_m":1.0,"crown_h_m":2.77368,"height_imputed":false,"width_imputed":false,"neighborhood":"Terrace Village","tree_id":"t00760"},"geometry":{"type":"Point","coordinates":[-79.96896,40.44213]}},{"id":"761","type":"Feature","properties":{"common_name":"Tree-of-Heaven","condition":"Fair","height":16.764,"width":3.048,"crown_r_m":1.524,"crown_h_m":10.8966,"height_imputed":false,"width_imputed":false,"neighborhood":"Middle Hill","tree_id":"t00761"},"geometry":{"type":"Point","coordinates":[-79.9688,40.44843]}},{"id":"762","type":"Feature","properties":{"common_name":"Maple: Red","condition":"Poor","height":6.096,"width":2.4384,"crown_r_m":1.2192,"crown_h_m":3.9624,"height_imputed":false,"width_imputed":false,"neighborhood":"Middle Hill","tree_id":"t00762"},"geometry":{"type":"Point","coordinates":[-79.96833,40.44834]}},{"id":"763","type":"Feature","properties":{"common_name":"Elm: American","condition":"Fair","height":18.288,"width":6.096,"crown_r_m":3.048,"crown_h_m":11.8872,"height_imputed":false,"width_imputed":false,"neighborhood":"Middle Hill","tree_id":"t00763"},"geometry":{"type":"Point","coordinates":[-79.96759,40.44737]}},{"id":"764","type":"Feature","properties":{"common_name":"Honeylocust: Thornless","condition":"Good","height":7.62,"width":2.4384,"crown_r_m":1.2192,"crown_h_m":4.953,"height_imputed":false,"width_imputed":false,"neighborhood":"North Oakland","tree_id":"t00764"},"geometry":{"type":"Point","coordinates":[-79.9535,40.45151]}},{"id":"765","type":"Feature","properties":{"common_name":"Ginkgo","condition":"Good","height":3.3528,"width":1.2192,"crown_r_m":1.0,"crown_h_m":2.17932,"height_imputed":false,"width_imputed":false,"neighborhood":"North Oakland","tree_id":"t00765"},"geometry":{"type":"Point","coordinates":[-79.95012,40.45253]}},{"id":"766","type":"Feature","properties":{"common_name":"Honeylocust: Thornless","condition":"Fair","height":6.7056,"width":2.1336,"crown_r_m":1.0668,"crown_h_m":4.35864,"height_imputed":false,"width_imputed":false,"neighborhood":"North Oakland","tree_id":"t00766"},"geometry":{"type":"Point","coordinates":[-79.95008,40.45241]}},{"id":"767","type":"Feature","properties":{"common_name":"Linden: Silver","condition":"Good","height":3.6576,"width":1.524,"crown_r_m":1.0,"crown_h_m":2.37744,"height_imputed":false,"width_imputed":false,"neighborhood":"North Oakland","tree_id":"t00767"},"geometry":{"type":"Point","coordinates":[-79.95115,40.45209]}},{"id":"768","type":"Feature","properties":{"common_name":"Ash: Green","condition":"Critical","height":6.096,"width":2.1336,"crown_r_m":1.0668,"crown_h_m":3.9624,"height_imputed":false,"width_imputed":false,"neighborhood":"Upper Hill","tree_id":"t00768"},"geometry":{"type":"Point","coordinates":[-79.95794,40.45106]}},{"id":"769","type":"Feature","properties":{"common_name":"Linden: Littleleaf","condition":"Good","height":13.716,"width":4.572,"crown_r_m":2.286,"crown_h_m":8.9154,"height_imputed":false,"width_imputed":false,"neighborhood":"Upper Hill","tree_id":"t00769"},"geometry":{"type":"Point","coordinates":[-79.95705,40.45167]}},{"id":"770","type":"Feature","properties":{"common_name":"Pear: Callery","condition":"Fair","height":6.096,"width":1.8288,"crown_r_m":1.0,"crown_h_m":3.9624,"height_imputed":false,"width_imputed":false,"neighborhood":"Upper Hill","tree_id":"t00770"},"geometry":{"type":"Point","coordinates":[-79.95736,40.45132]}},{"id":"771","type":"Feature","properties":{"common_name":"Maple: Norway","condition":"Fair","height":9.144,"width":2.1336,"crown_r_m":1.0668,"crown_h_m":5.9436,"height_imputed":false,"width_imputed":false,"neighborhood":"Upper Hill","tree_id":"t00771"},"geometry":{"type":"Point","coordinates":[-79.95744,40.45101]}},{"id":"772","type":"Feature","properties":{"common_name":"Linden: Littleleaf","condition":"Critical","height":10.668,"width":2.7432,"crown_r_m":1.3716,"crown_h_m":6.9342,"height_imputed":false,"width_imputed":false,"neighborhood":"Upper Hill","tree_id":"t00772"},"geometry":{"type":"Point","coordinates":[-79.95748,40.45094]}},{"id":"773","type":"Feature","properties":{"common_name":"Pine: Eastern White","condition":"Poor","height":4.572,"width":2.4384,"crown_r_m":1.2192,"crown_h_m":2.9718,"height_imputed":false,"width_imputed":false,"neighborhood":"Upper Hill","tree_id":"t00773"},"geometry":{"type":"Point","coordinates":[-79.96372,40.4507]}},{"id":"774","type":"Feature","properties":{"common_name":"Tree-of-Heaven","condition":"Critical","height":12.192,"width":10.668,"crown_r_m":5.334,"crown_h_m":7.9248,"height_imputed":false,"width_imputed":false,"neighborhood":"Upper Hill","tree_id":"t00774"},"geometry":{"type":"Point","coordinates":[-79.96373,40.45069]}},{"id":"775","type":"Feature","properties":{"common_name":"Locust: Black","condition":"Fair","height":7.62,"width":4.572,"crown_r_m":2.286,"crown_h_m":4.953,"height_imputed":false,"width_imputed":false,"neighborhood":"Upper Hill","tree_id":"t00775"},"geometry":{"type":"Point","coordinates":[-79.96373,40.45056]}},{"id":"776","type":"Feature","properties":{"common_name":"Pine: Austrian","condition":"Fair","height":9.144,"width":2.1336,"crown_r_m":1.0668,"crown_h_m":5.9436,"height_imputed":false,"width_imputed":false,"neighborhood":"Upper Hill","tree_id":"t00776"},"geometry":{"type":"Point","coordinates":[-79.96486,40.45046]}},{"id":"777","type":"Feature","properties":{"common_name":"Honeylocust: Thornless","condition":"Critical","height":4.572,"width":1.8288,"crown_r_m":1.0,"crown_h_m":2.9718,"height_imputed":false,"width_imputed":false,"neighborhood":"Shadyside","tree_id":"t00777"},"geometry":{"type":"Point","coordinates":[-79.94419,40.45417]}},{"id":"778","type":"Feature","properties":{"common_name":"Honeylocust: Thornless","condition":"Good","height":6.096,"width":2.1336,"crown_r_m":1.0668,"crown_h_m":3.9624,"height_imputed":false,"width_imputed":false,"neighborhood":"Shadyside","tree_id":"t00778"},"geometry":{"type":"Point","coordinates":[-79.94656,40.45344]}},{"id":"779","type":"Feature","properties":{"common_name":"Oak: Swamp White","condition":"Good","height":4.572,"width":1.524,"crown_r_m":1.0,"crown_h_m":2.9718,"height_imputed":false,"width_imputed":false,"neighborhood":"Bloomfield","tree_id":"t00779"},"geometry":{"type":"Point","coordinates":[-79.94711,40.45343]}},{"id":"780","type":"Feature","properties":{"common_name":"Oak: Swamp White","condition":"Fair","height":3.6576,"width":1.8288,"crown_r_m":1.0,"crown_h_m":2.37744,"height_imputed":false,"width_imputed":false,"neighborhood":"Bloomfield","tree_id":"t00780"},"geometry":{"type":"Point","coordinates":[-79.94699,40.45347]}},{"id":"781","type":"Feature","properties":{"common_name":"Linden: Littleleaf","condition":"Fair","height":3.048,"width":1.524,"crown_r_m":1.0,"crown_h_m":1.9812,"height_imputed":false,"width_imputed":false,"neighborhood":"Bloomfield","tree_id":"t00781"},"geometry":{"type":"Point","coordinates":[-79.94558,40.4539]}},{"id":"782","type":"Feature","properties":{"common_name":"Crabapple: Flowering","condition":"Good","height":4.8768,"width":1.2192,"crown_r_m":1.0,"crown_h_m":3.16992,"height_imputed":false,"width_imputed":false,"neighborhood":"Bloomfield","tree_id":"t00782"},"geometry":{"type":"Point","coordinates":[-79.94485,40.4545]}},{"id":"783","type":"Feature","properties":{"common_name":"Elm: American","condition":"Fair","height":3.048,"width":1.8288,"crown_r_m":1.0,"crown_h_m":1.9812,"height_imputed":false,"width_imputed":false,"neighborhood":"Bloomfield","tree_id":"t00783"},"geometry":{"type":"Point","coordinates":[-79.94738,40.45362]}},{"id":"784","type":"Feature","properties":{"common_name":"Linden: Littleleaf","condition":"Poor","height":7.62,"width":2.4384,"crown_r_m":1.2192,"crown_h_m":4.953,"height_imputed":false,"width_imputed":false,"neighborhood":"Bloomfield","tree_id":"t00784"},"geometry":{"type":"Point","coordinates":[-79.94942,40.45273]}},{"id":"785","type":"Feature","properties":{"common_name":"Linden: Littleleaf","condition":"Fair","height":9.144,"width":3.048,"crown_r_m":1.524,"crown_h_m":5.9436,"height_imputed":false,"width_imputed":false,"neighborhood":"Bloomfield","tree_id":"t00785"},"geometry":{"type":"Point","coordinates":[-79.94925,40.45278]}},{"id":"786","type":"Feature","properties":{"common_name":"Honeylocust: Thornless","condition":"Fair","height":7.62,"width":2.4384,"crown_r_m":1.2192,"crown_h_m":4.953,"height_imputed":false,"width_imputed":false,"neighborhood":"Central Oakland","tree_id":"t00786"},"geometry":{"type":"Point","coordinates":[-79.95676,40.44034]}},{"id":"787","type":"Feature","properties":{"common_name":"Honeylocust: Thornless","condition":"Poor","height":4.572,"width":2.1336,"crown_r_m":1.0668,"crown_h_m":2.9718,"height_imputed":false,"width_imputed":false,"neighborhood":"Central Oakland","tree_id":"t00787"},"geometry":{"type":"Point","coordinates":[-79.95628,40.44111]}},{"id":"788","type":"Feature","properties":{"common_name":"Honeylocust: Thornless","condition":"Fair","height":4.572,"width":2.7432,"crown_r_m":1.3716,"crown_h_m":2.9718,"height_imputed":false,"width_imputed":false,"neighborhood":"Central Oakland","tree_id":"t00788"},"geometry":{"type":"Point","coordinates":[-79.95599,40.44119]}},{"id":"789","type":"Feature","properties":{"common_name":"Honeylocust: Thornless","condition":"Good","height":3.048,"width":1.8288,"crown_r_m":1.0,"crown_h_m":1.9812,"height_imputed":false,"width_imputed":false,"neighborhood":"Central Oakland","tree_id":"t00789"},"geometry":{"type":"Point","coordinates":[-79.95586,40.44129]}},{"id":"790","type":"Feature","properties":{"common_name":"Oak: Sawtooth","condition":"Fair","height":3.3528,"width":1.524,"crown_r_m":1.0,"crown_h_m":2.17932,"height_imputed":false,"width_imputed":false,"neighborhood":"North Oakland","tree_id":"t00790"},"geometry":{"type":"Point","coordinates":[-79.95365,40.45133]}},{"id":"791","type":"Feature","properties":{"common_name":"Pear: Callery","condition":"Good","height":9.144,"width":3.6576,"crown_r_m":1.8288,"crown_h_m":5.9436,"height_imputed":false,"width_imputed":false,"neighborhood":"North Oakland","tree_id":"t00791"},"geometry":{"type":"Point","coordinates":[-79.95633,40.44983]}},{"id":"792","type":"Feature","properties":{"common_name":"Linden: Littleleaf","condition":"Good","height":7.62,"width":2.4384,"crown_r_m":1.2192,"crown_h_m":4.953,"height_imputed":false,"width_imputed":false,"neighborhood":"Squirrel Hill North","tree_id":"t00792"},"geometry":{"type":"Point","coordinates":[-79.94711,40.44686]}},{"id":"793","type":"Feature","properties":{"common_name":"Oak: Pin","condition":"Good","height":8.8392,"width":2.1336,"crown_r_m":1.0668,"crown_h_m":5.74548,"height_imputed":false,"width_imputed":false,"neighborhood":"Shadyside","tree_id":"t00793"},"geometry":{"type":"Point","coordinates":[-79.9412,40.45157]}},{"id":"794","type":"Feature","properties":{"common_name":"Oak: Pin","condition":"Good","height":9.144,"width":2.1336,"crown_r_m":1.0668,"crown_h_m":5.9436,"height_imputed":false,"width_imputed":false,"neighborhood":"Shadyside","tree_id":"t00794"},"geometry":{"type":"Point","coordinates":[-79.94124,40.45165]}},{"id":"795","type":"Feature","properties":{"common_name":"Oak: Pin","condition":"Poor","height":18.288,"width":6.7056,"crown_r_m":3.3528,"crown_h_m":11.8872,"height_imputed":false,"width_imputed":false,"neighborhood":"Shadyside","tree_id":"t00795"},"geometry":{"type":"Point","coordinates":[-79.94625,40.45313]}},{"id":"796","type":"Feature","properties":{"common_name":"Elm: American","condition":"Fair","height":3.6576,"width":1.2192,"crown_r_m":1.0,"crown_h_m":2.37744,"height_imputed":false,"width_imputed":false,"neighborhood":"Shadyside","tree_id":"t00796"},"geometry":{"type":"Point","coordinates":[-79.94724,40.45214]}},{"id":"797","type":"Feature","properties":{"common_name":"Magnolia: Sweetbay","condition":"Fair","height":6.096,"width":1.8288,"crown_r_m":1.0,"crown_h_m":3.9624,"height_imputed":false,"width_imputed":false,"neighborhood":"Shadyside","tree_id":"t00797"},"geometry":{"type":"Point","coordinates":[-79.94899,40.45122]}},{"id":"798","type":"Feature","properties":{"common_name":"Zelkova: Japanese","condition":"Fair","height":6.4008,"width":1.8288,"crown_r_m":1.0,"crown_h_m":4.16052,"height_imputed":false,"width_imputed":false,"neighborhood":"Shadyside","tree_id":"t00798"},"geometry":{"type":"Point","coordinates":[-79.94814,40.44928]}},{"id":"799","type":"Feature","properties":{"common_name":"Dogwood: Corneliancherry","condition":"Fair","height":2.1336,"width":1.2192,"crown_r_m":1.0,"crown_h_m":1.5,"height_imputed":false,"width_imputed":false,"neighborhood":"Shadyside","tree_id":"t00799"},"geometry":{"type":"Point","coordinates":[-79.94566,40.44997]}},{"id":"800","type":"Feature","properties":{"common_name":"Honeylocust: Thornless","condition":"Fair","height":3.9624,"width":2.1336,"crown_r_m":1.0668,"crown_h_m":2.57556,"height_imputed":false,"width_imputed":false,"neighborhood":"South Oakland","tree_id":"t00800"},"geometry":{"type":"Point","coordinates":[-79.96331,40.4369]}},{"id":"801","type":"Feature","properties":{"common_name":"Maple: Red","condition":"Fair","height":9.144,"width":3.048,"crown_r_m":1.524,"crown_h_m":5.9436,"height_imputed":false,"width_imputed":false,"neighborhood":"Shadyside","tree_id":"t00801"},"geometry":{"type":"Point","coordinates":[-79.94437,40.45156]}},{"id":"802","type":"Feature","properties":{"common_name":"Maple: Sugar","condition":"Fair","height":16.764,"width":2.4384,"crown_r_m":1.2192,"crown_h_m":10.8966,"height_imputed":false,"width_imputed":false,"neighborhood":"Shadyside","tree_id":"t00802"},"geometry":{"type":"Point","coordinates":[-79.94468,40.44985]}},{"id":"803","type":"Feature","properties":{"common_name":"Oak: Pin","condition":"Fair","height":15.8496,"width":6.096,"crown_r_m":3.048,"crown_h_m":10.30224,"height_imputed":false,"width_imputed":false,"neighborhood":"Shadyside","tree_id":"t00803"},"geometry":{"type":"Point","coordinates":[-79.94411,40.44769]}},{"id":"804","type":"Feature","properties":{"common_name":"Maple: Norway","condition":"Poor","height":13.716,"width":3.9624,"crown_r_m":1.9812,"crown_h_m":8.9154,"height_imputed":false,"width_imputed":false,"neighborhood":"Shadyside","tree_id":"t00804"},"geometry":{"type":"Point","coordinates":[-79.94423,40.4476]}},{"id":"805","type":"Feature","properties":{"common_name":"Maple: Red","condition":"Fair","height":12.192,"width":3.048,"crown_r_m":1.524,"crown_h_m":7.9248,"height_imputed":false,"width_imputed":false,"neighborhood":"Shadyside","tree_id":"t00805"},"geometry":{"type":"Point","coordinates":[-79.94462,40.44945]}},{"id":"806","type":"Feature","properties":{"common_name":"Oak: Pin","condition":"Fair","height":17.0688,"width":6.096,"crown_r_m":3.048,"crown_h_m":11.09472,"height_imputed":false,"width_imputed":false,"neighborhood":"Shadyside","tree_id":"t00806"},"geometry":{"type":"Point","coordinates":[-79.94484,40.44993]}},{"id":"807","type":"Feature","properties":{"common_name":"Crabapple: Flowering","condition":"Good","height":2.7432,"width":1.524,"crown_r_m":1.0,"crown_h_m":1.78308,"height_imputed":false,"width_imputed":false,"neighborhood":"West Oakland","tree_id":"t00807"},"geometry":{"type":"Point","coordinates":[-79.96531,40.44042]}},{"id":"808","type":"Feature","properties":{"common_name":"Maple: Red","condition":"Poor","height":6.096,"width":2.1336,"crown_r_m":1.0668,"crown_h_m":3.9624,"height_imputed":false,"width_imputed":false,"neighborhood":"West Oakland","tree_id":"t00808"},"geometry":{"type":"Point","coordinates":[-79.96465,40.44053]}},{"id":"809","type":"Feature","properties":{"common_name":"Elm: American","condition":"Fair","height":12.192,"width":5.4864,"crown_r_m":2.7432,"crown_h_m":7.9248,"height_imputed":false,"width_imputed":false,"neighborhood":"West Oakland","tree_id":"t00809"},"geometry":{"type":"Point","coordinates":[-79.96616,40.44125]}},{"id":"810","type":"Feature","properties":{"common_name":"Maple: Red","condition":"Fair","height":8.2296,"width":2.1336,"crown_r_m":1.0668,"crown_h_m":5.34924,"height_imputed":false,"width_imputed":false,"neighborhood":"Shadyside","tree_id":"t00810"},"geometry":{"type":"Point","coordinates":[-79.9455,40.44992]}},{"id":"811","type":"Feature","properties":{"common_name":"Honeylocust: Thornless","condition":"Fair","height":12.192,"width":3.6576,"crown_r_m":1.8288,"crown_h_m":7.9248,"height_imputed":false,"width_imputed":false,"neighborhood":"Shadyside","tree_id":"t00811"},"geometry":{"type":"Point","coordinates":[-79.94623,40.44869]}},{"id":"812","type":"Feature","properties":{"common_name":"Elm: spp.","condition":"Fair","height":4.2672,"width":1.524,"crown_r_m":1.0,"crown_h_m":2.77368,"height_imputed":false,"width_imputed":false,"neighborhood":"North Oakland","tree_id":"t00812"},"geometry":{"type":"Point","coordinates":[-79.94967,40.45234]}},{"id":"813","type":"Feature","properties":{"common_name":"Maple: Silver","condition":"Fair","height":6.096,"width":1.524,"crown_r_m":1.0,"crown_h_m":3.9624,"height_imputed":false,"width_imputed":false,"neighborhood":"Central Oakland","tree_id":"t00813"},"geometry":{"type":"Point","coordinates":[-79.95125,40.43752]}},{"id":"814","type":"Feature","properties":{"common_name":"Crabapple: Flowering","condition":"Good","height":3.048,"width":1.2192,"crown_r_m":1.0,"crown_h_m":1.9812,"height_imputed":false,"width_imputed":false,"neighborhood":"Central Oakland","tree_id":"t00814"},"geometry":{"type":"Point","coordinates":[-79.95165,40.43637]}},{"id":"815","type":"Feature","properties":{"common_name":"Crabapple: Flowering","condition":"Poor","height":2.1336,"width":1.2192,"crown_r_m":1.0,"crown_h_m":1.5,"height_imputed":false,"width_imputed":false,"neighborhood":"Central Oakland","tree_id":"t00815"},"geometry":{"type":"Point","coordinates":[-79.95159,40.43652]}},{"id":"816","type":"Feature","properties":{"common_name":"Maple: Freeman","condition":"Fair","height":9.144,"width":2.7432,"crown_r_m":1.3716,"crown_h_m":5.9436,"height_imputed":false,"width_imputed":false,"neighborhood":"Central Oakland","tree_id":"t00816"},"geometry":{"type":"Point","coordinates":[-79.95572,40.43627]}},{"id":"817","type":"Feature","properties":{"common_name":"Maple: Red","condition":"Fair","height":4.2672,"width":1.8288,"crown_r_m":1.0,"crown_h_m":2.77368,"height_imputed":false,"width_imputed":false,"neighborhood":"Terrace Village","tree_id":"t00817"},"geometry":{"type":"Point","coordinates":[-79.96852,40.43921]}},{"id":"818","type":"Feature","properties":{"common_name":"Locust: Black","condition":"Poor","height":1.2192,"width":0.6096,"crown_r_m":1.0,"crown_h_m":1.5,"height_imputed":false,"width_imputed":false,"neighborhood":"West Oakland","tree_id":"t00818"},"geometry":{"type":"Point","coordinates":[-79.96552,40.43878]}},{"id":"819","type":"Feature","properties":{"common_name":"Linden: Littleleaf","condition":"Fair","height":2.7432,"width":1.524,"crown_r_m":1.0,"crown_h_m":1.78308,"height_imputed":false,"width_imputed":false,"neighborhood":"South Oakland","tree_id":"t00819"},"geometry":{"type":"Point","coordinates":[-79.96357,40.43791]}},{"id":"820","type":"Feature","properties":{"common_name":"Hackberry: Common","condition":"Fair","height":3.3528,"width":1.8288,"crown_r_m":1.0,"crown_h_m":2.17932,"height_imputed":false,"width_imputed":false,"neighborhood":"South Oakland","tree_id":"t00820"},"geometry":{"type":"Point","coordinates":[-79.96343,40.43745]}},{"id":"821","type":"Feature","properties":{"common_name":"London planetree","condition":"Fair","height":4.2672,"width":1.8288,"crown_r_m":1.0,"crown_h_m":2.77368,"height_imputed":false,"width_imputed":false,"neighborhood":"South Oakland","tree_id":"t00821"},"geometry":{"type":"Point","coordinates":[-79.96291,40.43736]}},{"id":"822","type":"Feature","properties":{"common_name":"Honeylocust: Thornless","condition":"Good","height":4.572,"width":2.1336,"crown_r_m":1.0668,"crown_h_m":2.9718,"height_imputed":false,"width_imputed":false,"neighborhood":"Central Oakland","tree_id":"t00822"},"geometry":{"type":"Point","coordinates":[-79.95633,40.44182]}},{"id":"823","type":"Feature","properties":{"common_name":"Honeylocust: Thornless","condition":"Fair","height":7.0104,"width":2.1336,"crown_r_m":1.0668,"crown_h_m":4.55676,"height_imputed":false,"width_imputed":false,"neighborhood":"Terrace Village","tree_id":"t00823"},"geometry":{"type":"Point","coordinates":[-79.96821,40.43943]}},{"id":"824","type":"Feature","properties":{"common_name":"Honeylocust: Thornless","condition":"Fair","height":6.7056,"width":2.1336,"crown_r_m":1.0668,"crown_h_m":4.35864,"height_imputed":false,"width_imputed":false,"neighborhood":"Terrace Village","tree_id":"t00824"},"geometry":{"type":"Point","coordinates":[-79.96759,40.43981]}},{"id":"825","type":"Feature","properties":{"common_name":"Honeylocust: Thornless","condition":"Fair","height":7.62,"width":2.1336,"crown_r_m":1.0668,"crown_h_m":4.953,"height_imputed":false,"width_imputed":false,"neighborhood":"Terrace Village","tree_id":"t00825"},"geometry":{"type":"Point","coordinates":[-79.96762,40.43991]}},{"id":"826","type":"Feature","properties":{"common_name":"Honeylocust: Thornless","condition":"Fair","height":7.0104,"width":1.8288,"crown_r_m":1.0,"crown_h_m":4.55676,"height_imputed":false,"width_imputed":false,"neighborhood":"West Oakland","tree_id":"t00826"},"geometry":{"type":"Point","coordinates":[-79.96747,40.43981]}},{"id":"827","type":"Feature","properties":{"common_name":"Honeylocust: Thornless","condition":"Fair","height":5.7912,"width":1.8288,"crown_r_m":1.0,"crown_h_m":3.76428,"height_imputed":false,"width_imputed":false,"neighborhood":"West Oakland","tree_id":"t00827"},"geometry":{"type":"Point","coordinates":[-79.96744,40.43972]}},{"id":"828","type":"Feature","properties":{"common_name":"Hornbeam: European","condition":"Fair","height":4.572,"width":0.3048,"crown_r_m":1.0,"crown_h_m":2.9718,"height_imputed":false,"width_imputed":false,"neighborhood":"Terrace Village","tree_id":"t00828"},"geometry":{"type":"Point","coordinates":[-79.96759,40.43936]}},{"id":"829","type":"Feature","properties":{"common_name":"Maple: Sugar","condition":"Fair","height":4.2672,"width":1.8288,"crown_r_m":1.0,"crown_h_m":2.77368,"height_imputed":false,"width_imputed":false,"neighborhood":"Terrace Village","tree_id":"t00829"},"geometry":{"type":"Point","coordinates":[-79.96743,40.43938]}},{"id":"830","type":"Feature","properties":{"common_name":"Maple: Sugar","condition":"Fair","height":3.9624,"width":1.8288,"crown_r_m":1.0,"crown_h_m":2.57556,"height_imputed":false,"width_imputed":false,"neighborhood":"Terrace Village","tree_id":"t00830"},"geometry":{"type":"Point","coordinates":[-79.96749,40.4393]}},{"id":"831","type":"Feature","properties":{"common_name":"Maple: Sugar","condition":"Poor","height":3.9624,"width":1.8288,"crown_r_m":1.0,"crown_h_m":2.57556,"height_imputed":false,"width_imputed":false,"neighborhood":"Terrace Village","tree_id":"t00831"},"geometry":{"type":"Point","coordinates":[-79.9677,40.43931]}},{"id":"832","type":"Feature","properties":{"common_name":"Honeylocust: Thornless","condition":"Fair","height":6.7056,"width":2.1336,"crown_r_m":1.0668,"crown_h_m":4.35864,"height_imputed":false,"width_imputed":false,"neighborhood":"Terrace Village","tree_id":"t00832"},"geometry":{"type":"Point","coordinates":[-79.96855,40.43936]}},{"id":"833","type":"Feature","properties":{"common_name":"Maple: Norway","condition":"Good","height":16.764,"width":6.096,"crown_r_m":3.048,"crown_h_m":10.8966,"height_imputed":false,"width_imputed":false,"neighborhood":"North Oakland","tree_id":"t00833"},"geometry":{"type":"Point","coordinates":[-79.95519,40.44398]}},{"id":"834","type":"Feature","properties":{"common_name":"Linden: Littleleaf","condition":"Fair","height":7.62,"width":3.048,"crown_r_m":1.524,"crown_h_m":4.953,"height_imputed":false,"width_imputed":false,"neighborhood":"Squirrel Hill North","tree_id":"t00834"},"geometry":{"type":"Point","coordinates":[-79.94055,40.44414]}},{"id":"835","type":"Feature","properties":{"common_name":"Linden: Littleleaf","condition":"Fair","height":8.2296,"width":3.6576,"crown_r_m":1.8288,"crown_h_m":5.34924,"height_imputed":false,"width_imputed":false,"neighborhood":"Squirrel Hill North","tree_id":"t00835"},"geometry":{"type":"Point","coordinates":[-79.94065,40.44415]}},{"id":"836","type":"Feature","properties":{"common_name":"Maple: Norway","condition":"Poor","height":9.144,"width":4.572,"crown_r_m":2.286,"crown_h_m":5.9436,"height_imputed":false,"width_imputed":false,"neighborhood":"Upper Hill","tree_id":"t00836"},"geometry":{"type":"Point","coordinates":[-79.96331,40.45426]}},{"id":"837","type":"Feature","properties":{"common_name":"Coffeetree: Kentucky","condition":"Good","height":3.6576,"width":1.524,"crown_r_m":1.0,"crown_h_m":2.37744,"height_imputed":false,"width_imputed":false,"neighborhood":"North Oakland","tree_id":"t00837"},"geometry":{"type":"Point","coordinates":[-79.95741,40.44908]}},{"id":"838","type":"Feature","properties":{"common_name":"London planetree","condition":"Fair","height":16.764,"width":7.62,"crown_r_m":3.81,"crown_h_m":10.8966,"height_imputed":false,"width_imputed":false,"neighborhood":"Shadyside","tree_id":"t00838"},"geometry":{"type":"Point","coordinates":[-79.94138,40.44904]}},{"id":"839","type":"Feature","properties":{"common_name":"London planetree","condition":"Fair","height":15.24,"width":3.9624,"crown_r_m":1.9812,"crown_h_m":9.906,"height_imputed":false,"width_imputed":false,"neighborhood":"Shadyside","tree_id":"t00839"},"geometry":{"type":"Point","coordinates":[-79.94192,40.44901]}},{"id":"840","type":"Feature","properties":{"common_name":"London planetree","condition":"Poor","height":15.24,"width":10.668,"crown_r_m":5.334,"crown_h_m":9.906,"height_imputed":false,"width_imputed":false,"neighborhood":"North Oakland","tree_id":"t00840"},"geometry":{"type":"Point","coordinates":[-79.95352,40.44692]}},{"id":"841","type":"Feature","properties":{"common_name":"London planetree","condition":"Fair","height":13.716,"width":10.668,"crown_r_m":5.334,"crown_h_m":8.9154,"height_imputed":false,"width_imputed":false,"neighborhood":"North Oakland","tree_id":"t00841"},"geometry":{"type":"Point","coordinates":[-79.95253,40.44775]}},{"id":"842","type":"Feature","properties":{"common_name":"Oak: Pin","condition":"Fair","height":19.812,"width":9.144,"crown_r_m":4.572,"crown_h_m":12.8778,"height_imputed":false,"width_imputed":false,"neighborhood":"Shadyside","tree_id":"t00842"},"geometry":{"type":"Point","coordinates":[-79.94236,40.44898]}},{"id":"843","type":"Feature","properties":{"common_name":"Maple: Sugar","condition":"Good","height":15.24,"width":6.096,"crown_r_m":3.048,"crown_h_m":9.906,"height_imputed":false,"width_imputed":false,"neighborhood":"Shadyside","tree_id":"t00843"},"geometry":{"type":"Point","coordinates":[-79.94135,40.44914]}},{"id":"844","type":"Feature","properties":{"common_name":"Linden: Littleleaf","condition":"Fair","height":13.716,"width":5.4864,"crown_r_m":2.7432,"crown_h_m":8.9154,"height_imputed":false,"width_imputed":false,"neighborhood":"Shadyside","tree_id":"t00844"},"geometry":{"type":"Point","coordinates":[-79.94087,40.44919]}},{"id":"845","type":"Feature","properties":{"common_name":"Oak: Pin","condition":"Fair","height":13.716,"width":3.9624,"crown_r_m":1.9812,"crown_h_m":8.9154,"height_imputed":false,"width_imputed":false,"neighborhood":"Shadyside","tree_id":"t00845"},"geometry":{"type":"Point","coordinates":[-79.94753,40.44789]}},{"id":"846","type":"Feature","properties":{"common_name":"Oak: Pin","condition":"Poor","height":7.62,"width":2.1336,"crown_r_m":1.0668,"crown_h_m":4.953,"height_imputed":false,"width_imputed":false,"neighborhood":"Shadyside","tree_id":"t00846"},"geometry":{"type":"Point","coordinates":[-79.94747,40.44775]}},{"id":"847","type":"Feature","properties":{"common_name":"Oak: Swamp White","condition":"Good","height":3.3528,"width":1.524,"crown_r_m":1.0,"crown_h_m":2.17932,"height_imputed":false,"width_imputed":false,"neighborhood":"North Oakland","tree_id":"t00847"},"geometry":{"type":"Point","coordinates":[-79.95122,40.44687]}},{"id":"848","type":"Feature","properties":{"common_name":"Ginkgo","condition":"Fair","height":3.3528,"width":1.8288,"crown_r_m":1.0,"crown_h_m":2.17932,"height_imputed":false,"width_imputed":false,"neighborhood":"North Oakland","tree_id":"t00848"},"geometry":{"type":"Point","coordinates":[-79.94945,40.44679]}},{"id":"849","type":"Feature","properties":{"common_name":"Crabapple: Flowering","condition":"Good","height":4.572,"width":1.8288,"crown_r_m":1.0,"crown_h_m":2.9718,"height_imputed":false,"width_imputed":false,"neighborhood":"North Oakland","tree_id":"t00849"},"geometry":{"type":"Point","coordinates":[-79.95162,40.44619]}},{"id":"850","type":"Feature","properties":{"common_name":"Redbud: Eastern","condition":"Fair","height":3.048,"width":1.8288,"crown_r_m":1.0,"crown_h_m":1.9812,"height_imputed":false,"width_imputed":false,"neighborhood":"North Oakland","tree_id":"t00850"},"geometry":{"type":"Point","coordinates":[-79.95131,40.44553]}},{"id":"851","type":"Feature","properties":{"common_name":"Honeylocust: Thornless","condition":"Fair","height":3.6576,"width":1.524,"crown_r_m":1.0,"crown_h_m":2.37744,"height_imputed":false,"width_imputed":false,"neighborhood":"Shadyside","tree_id":"t00851"},"geometry":{"type":"Point","coordinates":[-79.94404,40.45422]}},{"id":"852","type":"Feature","properties":{"common_name":"Honeylocust: Thornless","condition":"Fair","height":0.6096,"width":0.3048,"crown_r_m":1.0,"crown_h_m":1.5,"height_imputed":false,"width_imputed":false,"neighborhood":"Shadyside","tree_id":"t00852"},"geometry":{"type":"Point","coordinates":[-79.94411,40.45419]}},{"id":"853","type":"Feature","properties":{"common_name":"Honeylocust: Thornless","condition":"Good","height":4.572,"width":1.524,"crown_r_m":1.0,"crown_h_m":2.9718,"height_imputed":false,"width_imputed":false,"neighborhood":"Shadyside","tree_id":"t00853"},"geometry":{"type":"Point","coordinates":[-79.94428,40.45414]}},{"id":"854","type":"Feature","properties":{"common_name":"Zelkova: Japanese","condition":"Fair","height":4.8768,"width":2.1336,"crown_r_m":1.0668,"crown_h_m":3.16992,"height_imputed":false,"width_imputed":false,"neighborhood":"Shadyside","tree_id":"t00854"},"geometry":{"type":"Point","coordinates":[-79.94585,40.45368]}},{"id":"855","type":"Feature","properties":{"common_name":"Zelkova: Japanese","condition":"Good","height":4.572,"width":1.524,"crown_r_m":1.0,"crown_h_m":2.9718,"height_imputed":false,"width_imputed":false,"neighborhood":"Shadyside","tree_id":"t00855"},"geometry":{"type":"Point","coordinates":[-79.9462,40.45356]}},{"id":"856","type":"Feature","properties":{"common_name":"Pear: Callery","condition":"Fair","height":4.8768,"width":2.1336,"crown_r_m":1.0668,"crown_h_m":3.16992,"height_imputed":false,"width_imputed":false,"neighborhood":"Bloomfield","tree_id":"t00856"},"geometry":{"type":"Point","coordinates":[-79.94477,40.45413]}},{"id":"857","type":"Feature","properties":{"common_name":"Pear: Callery","condition":"Fair","height":3.9624,"width":1.8288,"crown_r_m":1.0,"crown_h_m":2.57556,"height_imputed":false,"width_imputed":false,"neighborhood":"Bloomfield","tree_id":"t00857"},"geometry":{"type":"Point","coordinates":[-79.9446,40.45418]}},{"id":"858","type":"Feature","properties":{"common_name":"Elm: American","condition":"Fair","height":3.048,"width":1.8288,"crown_r_m":1.0,"crown_h_m":1.9812,"height_imputed":false,"width_imputed":false,"neighborhood":"Bloomfield","tree_id":"t00858"},"geometry":{"type":"Point","coordinates":[-79.94735,40.45347]}},{"id":"859","type":"Feature","properties":{"common_name":"Oak: Swamp White","condition":"Good","height":3.048,"width":0.6096,"crown_r_m":1.0,"crown_h_m":1.9812,"height_imputed":false,"width_imputed":false,"neighborhood":"North Oakland","tree_id":"t00859"},"geometry":{"type":"Point","coordinates":[-79.95421,40.45248]}},{"id":"860","type":"Feature","properties":{"common_name":"Maple: Norway","condition":"Fair","height":10.668,"width":7.62,"crown_r_m":3.81,"crown_h_m":6.9342,"height_imputed":false,"width_imputed":false,"neighborhood":"North Oakland","tree_id":"t00860"},"geometry":{"type":"Point","coordinates":[-79.9541,40.4514]}},{"id":"861","type":"Feature","properties":{"common_name":"Honeylocust: Thornless","condition":"Critical","height":3.6576,"width":2.1336,"crown_r_m":1.0668,"crown_h_m":2.37744,"height_imputed":false,"width_imputed":false,"neighborhood":"North Oakland","tree_id":"t00861"},"geometry":{"type":"Point","coordinates":[-79.95386,40.4514]}},{"id":"862","type":"Feature","properties":{"common_name":"Redbud: Eastern","condition":"Good","height":4.8768,"width":1.8288,"crown_r_m":1.0,"crown_h_m":3.16992,"height_imputed":false,"width_imputed":false,"neighborhood":"North Oakland","tree_id":"t00862"},"geometry":{"type":"Point","coordinates":[-79.9513,40.44549]}},{"id":"863","type":"Feature","properties":{"common_name":"Redbud: Eastern","condition":"Very Good","height":4.572,"width":1.524,"crown_r_m":1.0,"crown_h_m":2.9718,"height_imputed":false,"width_imputed":false,"neighborhood":"North Oakland","tree_id":"t00863"},"geometry":{"type":"Point","coordinates":[-79.9512,40.44527]}},{"id":"864","type":"Feature","properties":{"common_name":"Pear: Callery","condition":"Good","height":9.144,"width":2.4384,"crown_r_m":1.2192,"crown_h_m":5.9436,"height_imputed":false,"width_imputed":false,"neighborhood":"North Oakland","tree_id":"t00864"},"geometry":{"type":"Point","coordinates":[-79.95107,40.44499]}},{"id":"865","type":"Feature","properties":{"common_name":"Pear: Callery","condition":"Fair","height":9.144,"width":2.1336,"crown_r_m":1.0668,"crown_h_m":5.9436,"height_imputed":false,"width_imputed":false,"neighborhood":"North Oakland","tree_id":"t00865"},"geometry":{"type":"Point","coordinates":[-79.95106,40.44495]}},{"id":"866","type":"Feature","properties":{"common_name":"Pear: Callery","condition":"Good","height":9.144,"width":2.4384,"crown_r_m":1.2192,"crown_h_m":5.9436,"height_imputed":false,"width_imputed":false,"neighborhood":"North Oakland","tree_id":"t00866"},"geometry":{"type":"Point","coordinates":[-79.95087,40.44456]}},{"id":"867","type":"Feature","properties":{"common_name":"Honeylocust: Thornless","condition":"Good","height":3.6576,"width":1.2192,"crown_r_m":1.0,"crown_h_m":2.37744,"height_imputed":false,"width_imputed":false,"neighborhood":"North Oakland","tree_id":"t00867"},"geometry":{"type":"Point","coordinates":[-79.94975,40.44573]}},{"id":"868","type":"Feature","properties":{"common_name":"Ginkgo","condition":"Fair","height":10.668,"width":3.048,"crown_r_m":1.524,"crown_h_m":6.9342,"height_imputed":false,"width_imputed":false,"neighborhood":"North Oakland","tree_id":"t00868"},"geometry":{"type":"Point","coordinates":[-79.9509,40.44445]}},{"id":"869","type":"Feature","properties":{"common_name":"Pear: Callery","condition":"Good","height":7.62,"width":2.1336,"crown_r_m":1.0668,"crown_h_m":4.953,"height_imputed":false,"width_imputed":false,"neighborhood":"North Oakland","tree_id":"t00869"},"geometry":{"type":"Point","coordinates":[-79.95074,40.44426]}},{"id":"870","type":"Feature","properties":{"common_name":"Ginkgo","condition":"Fair","height":13.716,"width":2.4384,"crown_r_m":1.2192,"crown_h_m":8.9154,"height_imputed":false,"width_imputed":false,"neighborhood":"North Oakland","tree_id":"t00870"},"geometry":{"type":"Point","coordinates":[-79.95079,40.4442]}},{"id":"871","type":"Feature","properties":{"common_name":"Pear: Callery","condition":"Good","height":6.096,"width":1.8288,"crown_r_m":1.0,"crown_h_m":3.9624,"height_imputed":false,"width_imputed":false,"neighborhood":"North Oakland","tree_id":"t00871"},"geometry":{"type":"Point","coordinates":[-79.95067,40.44411]}},{"id":"872","type":"Feature","properties":{"common_name":"Oak: Northern Red","condition":"Good","height":16.764,"width":3.6576,"crown_r_m":1.8288,"crown_h_m":10.8966,"height_imputed":false,"width_imputed":false,"neighborhood":"North Oakland","tree_id":"t00872"},"geometry":{"type":"Point","coordinates":[-79.95687,40.44751]}},{"id":"873","type":"Feature","properties":{"common_name":"Pear: Callery","condition":"Good","height":10.668,"width":2.1336,"crown_r_m":1.0668,"crown_h_m":6.9342,"height_imputed":false,"width_imputed":false,"neighborhood":"North Oakland","tree_id":"t00873"},"geometry":{"type":"Point","coordinates":[-79.95489,40.44592]}},{"id":"874","type":"Feature","properties":{"common_name":"Magnolia: Saucer","condition":"Good","height":4.572,"width":3.048,"crown_r_m":1.524,"crown_h_m":2.9718,"height_imputed":false,"width_imputed":false,"neighborhood":"North Oakland","tree_id":"t00874"},"geometry":{"type":"Point","coordinates":[-79.95418,40.44536]}},{"id":"875","type":"Feature","properties":{"common_name":"Pear: Callery","condition":"Good","height":6.096,"width":1.2192,"crown_r_m":1.0,"crown_h_m":3.9624,"height_imputed":false,"width_imputed":false,"neighborhood":"North Oakland","tree_id":"t00875"},"geometry":{"type":"Point","coordinates":[-79.95495,40.44577]}},{"id":"876","type":"Feature","properties":{"common_name":"Ginkgo","condition":"Good","height":3.3528,"width":1.2192,"crown_r_m":1.0,"crown_h_m":2.17932,"height_imputed":false,"width_imputed":false,"neighborhood":"North Oakland","tree_id":"t00876"},"geometry":{"type":"Point","coordinates":[-79.95601,40.44371]}},{"id":"877","type":"Feature","properties":{"common_name":"Ginkgo","condition":"Good","height":3.048,"width":1.2192,"crown_r_m":1.0,"crown_h_m":1.9812,"height_imputed":false,"width_imputed":false,"neighborhood":"North Oakland","tree_id":"t00877"},"geometry":{"type":"Point","coordinates":[-79.95595,40.44376]}},{"id":"878","type":"Feature","properties":{"common_name":"Ginkgo","condition":"Good","height":3.048,"width":1.524,"crown_r_m":1.0,"crown_h_m":1.9812,"height_imputed":false,"width_imputed":false,"neighborhood":"West Oakland","tree_id":"t00878"},"geometry":{"type":"Point","coordinates":[-79.96407,40.44066]}},{"id":"879","type":"Feature","properties":{"common_name":"Dogwood: Flowering","condition":"Poor","height":1.2192,"width":0.3048,"crown_r_m":1.0,"crown_h_m":1.5,"height_imputed":false,"width_imputed":false,"neighborhood":"West Oakland","tree_id":"t00879"},"geometry":{"type":"Point","coordinates":[-79.96435,40.44063]}},{"id":"880","type":"Feature","properties":{"common_name":"Horsechestnut","condition":"Good","height":2.1336,"width":0.9144,"crown_r_m":1.0,"crown_h_m":1.5,"height_imputed":false,"width_imputed":false,"neighborhood":"West Oakland","tree_id":"t00880"},"geometry":{"type":"Point","coordinates":[-79.9641,40.44088]}},{"id":"881","type":"Feature","properties":{"common_name":"Elm: spp.","condition":"Good","height":4.8768,"width":1.8288,"crown_r_m":1.0,"crown_h_m":3.16992,"height_imputed":false,"width_imputed":false,"neighborhood":"West Oakland","tree_id":"t00881"},"geometry":{"type":"Point","coordinates":[-79.95872,40.44178]}},{"id":"882","type":"Feature","properties":{"common_name":"London planetree","condition":"Good","height":13.716,"width":2.7432,"crown_r_m":1.3716,"crown_h_m":8.9154,"height_imputed":false,"width_imputed":false,"neighborhood":"North Oakland","tree_id":"t00882"},"geometry":{"type":"Point","coordinates":[-79.9554,40.4473]}},{"id":"883","type":"Feature","properties":{"common_name":"Sweetgum: American","condition":"Good","height":16.764,"width":4.2672,"crown_r_m":2.1336,"crown_h_m":10.8966,"height_imputed":false,"width_imputed":false,"neighborhood":"North Oakland","tree_id":"t00883"},"geometry":{"type":"Point","coordinates":[-79.95459,40.44711]}},{"id":"884","type":"Feature","properties":{"common_name":"Oak: Northern Red","condition":"Fair","height":15.24,"width":4.2672,"crown_r_m":2.1336,"crown_h_m":9.906,"height_imputed":false,"width_imputed":false,"neighborhood":"North Oakland","tree_id":"t00884"},"geometry":{"type":"Point","coordinates":[-79.95427,40.44736]}},{"id":"885","type":"Feature","properties":{"common_name":"Maple: Norway","condition":"Good","height":12.192,"width":1.8288,"crown_r_m":1.0,"crown_h_m":7.9248,"height_imputed":false,"width_imputed":false,"neighborhood":"North Oakland","tree_id":"t00885"},"geometry":{"type":"Point","coordinates":[-79.95398,40.44758]}},{"id":"886","type":"Feature","properties":{"common_name":"Linden: Littleleaf","condition":"Good","height":15.24,"width":1.524,"crown_r_m":1.0,"crown_h_m":9.906,"height_imputed":false,"width_imputed":false,"neighborhood":"North Oakland","tree_id":"t00886"},"geometry":{"type":"Point","coordinates":[-79.95548,40.44646]}},{"id":"887","type":"Feature","properties":{"common_name":"Linden: Littleleaf","condition":"Good","height":13.716,"width":2.4384,"crown_r_m":1.2192,"crown_h_m":8.9154,"height_imputed":false,"width_imputed":false,"neighborhood":"Central Oakland","tree_id":"t00887"},"geometry":{"type":"Point","coordinates":[-79.95106,40.437]}},{"id":"888","type":"Feature","properties":{"common_name":"Pear: Callery","condition":"Fair","height":12.192,"width":4.572,"crown_r_m":2.286,"crown_h_m":7.9248,"height_imputed":false,"width_imputed":false,"neighborhood":"Central Oakland","tree_id":"t00888"},"geometry":{"type":"Point","coordinates":[-79.95118,40.43695]}},{"id":"889","type":"Feature","properties":{"common_name":"Pear: Callery","condition":"Good","height":9.144,"width":1.8288,"crown_r_m":1.0,"crown_h_m":5.9436,"height_imputed":false,"width_imputed":false,"neighborhood":"Central Oakland","tree_id":"t00889"},"geometry":{"type":"Point","coordinates":[-79.95125,40.43701]}},{"id":"890","type":"Feature","properties":{"common_name":"Maple: Silver","condition":"Fair","height":10.668,"width":2.1336,"crown_r_m":1.0668,"crown_h_m":6.9342,"height_imputed":false,"width_imputed":false,"neighborhood":"Central Oakland","tree_id":"t00890"},"geometry":{"type":"Point","coordinates":[-79.95131,40.43698]}},{"id":"891","type":"Feature","properties":{"common_name":"Maple: Norway","condition":"Fair","height":13.716,"width":3.6576,"crown_r_m":1.8288,"crown_h_m":8.9154,"height_imputed":false,"width_imputed":false,"neighborhood":"Central Oakland","tree_id":"t00891"},"geometry":{"type":"Point","coordinates":[-79.95175,40.43706]}},{"id":"892","type":"Feature","properties":{"common_name":"Maple: Silver","condition":"Good","height":9.144,"width":0.9144,"crown_r_m":1.0,"crown_h_m":5.9436,"height_imputed":false,"width_imputed":false,"neighborhood":"Central Oakland","tree_id":"t00892"},"geometry":{"type":"Point","coordinates":[-79.95188,40.43723]}},{"id":"893","type":"Feature","properties":{"common_name":"Pear: Callery","condition":"Good","height":10.668,"width":0.9144,"crown_r_m":1.0,"crown_h_m":6.9342,"height_imputed":false,"width_imputed":false,"neighborhood":"Central Oakland","tree_id":"t00893"},"geometry":{"type":"Point","coordinates":[-79.95201,40.43715]}},{"id":"894","type":"Feature","properties":{"common_name":"Redbud: Eastern","condition":"Fair","height":6.096,"width":1.8288,"crown_r_m":1.0,"crown_h_m":3.9624,"height_imputed":false,"width_imputed":false,"neighborhood":"North Oakland","tree_id":"t00894"},"geometry":{"type":"Point","coordinates":[-79.95566,40.4475]}},{"id":"895","type":"Feature","properties":{"common_name":"Honeylocust: Thornless","condition":"Good","height":13.716,"width":1.8288,"crown_r_m":1.0,"crown_h_m":8.9154,"height_imputed":false,"width_imputed":false,"neighborhood":"North Oakland","tree_id":"t00895"},"geometry":{"type":"Point","coordinates":[-79.95624,40.44797]}},{"id":"896","type":"Feature","properties":{"common_name":"Maple: Norway","condition":"Fair","height":10.668,"width":3.048,"crown_r_m":1.524,"crown_h_m":6.9342,"height_imputed":false,"width_imputed":false,"neighborhood":"North Oakland","tree_id":"t00896"},"geometry":{"type":"Point","coordinates":[-79.95722,40.44652]}},{"id":"897","type":"Feature","properties":{"common_name":"Maple: Norway","condition":"Fair","height":9.144,"width":3.048,"crown_r_m":1.524,"crown_h_m":5.9436,"height_imputed":false,"width_imputed":false,"neighborhood":"North Oakland","tree_id":"t00897"},"geometry":{"type":"Point","coordinates":[-79.95703,40.44635]}},{"id":"898","type":"Feature","properties":{"common_name":"Oak: Northern Red","condition":"Fair","height":13.716,"width":3.048,"crown_r_m":1.524,"crown_h_m":8.9154,"height_imputed":false,"width_imputed":false,"neighborhood":"North Oakland","tree_id":"t00898"},"geometry":{"type":"Point","coordinates":[-79.95425,40.44792]}},{"id":"899","type":"Feature","properties":{"common_name":"Oak: Northern Red","condition":"Good","height":18.288,"width":3.6576,"crown_r_m":1.8288,"crown_h_m":11.8872,"height_imputed":false,"width_imputed":false,"neighborhood":"North Oakland","tree_id":"t00899"},"geometry":{"type":"Point","coordinates":[-79.95455,40.44815]}},{"id":"900","type":"Feature","properties":{"common_name":"Linden: Littleleaf","condition":"Fair","height":12.192,"width":3.6576,"crown_r_m":1.8288,"crown_h_m":7.9248,"height_imputed":false,"width_imputed":false,"neighborhood":"North Oakland","tree_id":"t00900"},"geometry":{"type":"Point","coordinates":[-79.95557,40.44963]}},{"id":"901","type":"Feature","properties":{"common_name":"Linden: Littleleaf","condition":"Poor","height":10.668,"width":2.4384,"crown_r_m":1.2192,"crown_h_m":6.9342,"height_imputed":false,"width_imputed":false,"neighborhood":"North Oakland","tree_id":"t00901"},"geometry":{"type":"Point","coordinates":[-79.95524,40.45039]}},{"id":"902","type":"Feature","properties":{"common_name":"Linden: Littleleaf","condition":"Fair","height":10.668,"width":1.8288,"crown_r_m":1.0,"crown_h_m":6.9342,"height_imputed":false,"width_imputed":false,"neighborhood":"North Oakland","tree_id":"t00902"},"geometry":{"type":"Point","coordinates":[-79.95275,40.45061]}},{"id":"903","type":"Feature","properties":{"common_name":"Linden: Littleleaf","condition":"Fair","height":7.62,"width":1.8288,"crown_r_m":1.0,"crown_h_m":4.953,"height_imputed":false,"width_imputed":false,"neighborhood":"North Oakland","tree_id":"t00903"},"geometry":{"type":"Point","coordinates":[-79.9526,40.45034]}},{"id":"904","type":"Feature","properties":{"common_name":"Linden: Littleleaf","condition":"Fair","height":10.668,"width":2.4384,"crown_r_m":1.2192,"crown_h_m":6.9342,"height_imputed":false,"width_imputed":false,"neighborhood":"North Oakland","tree_id":"t00904"},"geometry":{"type":"Point","coordinates":[-79.95239,40.45002]}},{"id":"905","type":"Feature","properties":{"common_name":"Hornbeam: European","condition":"Good","height":9.144,"width":1.8288,"crown_r_m":1.0,"crown_h_m":5.9436,"height_imputed":false,"width_imputed":false,"neighborhood":"North Oakland","tree_id":"t00905"},"geometry":{"type":"Point","coordinates":[-79.95356,40.45049]}},{"id":"906","type":"Feature","properties":{"common_name":"Pear: Callery","condition":"Good","height":7.62,"width":1.8288,"crown_r_m":1.0,"crown_h_m":4.953,"height_imputed":false,"width_imputed":false,"neighborhood":"North Oakland","tree_id":"t00906"},"geometry":{"type":"Point","coordinates":[-79.95338,40.45008]}},{"id":"907","type":"Feature","properties":{"common_name":"Elm: American","condition":"Good","height":3.9624,"width":1.524,"crown_r_m":1.0,"crown_h_m":2.57556,"height_imputed":false,"width_imputed":false,"neighborhood":"Central Oakland","tree_id":"t00907"},"geometry":{"type":"Point","coordinates":[-79.95728,40.43888]}},{"id":"908","type":"Feature","properties":{"common_name":"Maple: Norway","condition":"Good","height":10.668,"width":2.4384,"crown_r_m":1.2192,"crown_h_m":6.9342,"height_imputed":false,"width_imputed":false,"neighborhood":"North Oakland","tree_id":"t00908"},"geometry":{"type":"Point","coordinates":[-79.95723,40.44795]}},{"id":"909","type":"Feature","properties":{"common_name":"Redcedar: Eastern","condition":"Good","height":4.572,"width":0.6096,"crown_r_m":1.0,"crown_h_m":2.9718,"height_imputed":false,"width_imputed":false,"neighborhood":"North Oakland","tree_id":"t00909"},"geometry":{"type":"Point","coordinates":[-79.95584,40.44912]}},{"id":"910","type":"Feature","properties":{"common_name":"Redcedar: Eastern","condition":"Good","height":4.572,"width":0.6096,"crown_r_m":1.0,"crown_h_m":2.9718,"height_imputed":false,"width_imputed":false,"neighborhood":"North Oakland","tree_id":"t00910"},"geometry":{"type":"Point","coordinates":[-79.9558,40.44915]}},{"id":"911","type":"Feature","properties":{"common_name":"London planetree","condition":"Good","height":12.192,"width":2.4384,"crown_r_m":1.2192,"crown_h_m":7.9248,"height_imputed":false,"width_imputed":false,"neighborhood":"North Oakland","tree_id":"t00911"},"geometry":{"type":"Point","coordinates":[-79.95622,40.44813]}},{"id":"912","type":"Feature","properties":{"common_name":"London planetree","condition":"Good","height":13.716,"width":1.8288,"crown_r_m":1.0,"crown_h_m":8.9154,"height_imputed":false,"width_imputed":false,"neighborhood":"North Oakland","tree_id":"t00912"},"geometry":{"type":"Point","coordinates":[-79.9553,40.44739]}},{"id":"913","type":"Feature","properties":{"common_name":"Sycamore: American","condition":"Good","height":9.144,"width":2.1336,"crown_r_m":1.0668,"crown_h_m":5.9436,"height_imputed":false,"width_imputed":false,"neighborhood":"North Oakland","tree_id":"t00913"},"geometry":{"type":"Point","coordinates":[-79.95633,40.4486]}},{"id":"914","type":"Feature","properties":{"common_name":"Linden: Silver","condition":"Good","height":4.572,"width":1.8288,"crown_r_m":1.0,"crown_h_m":2.9718,"height_imputed":false,"width_imputed":false,"neighborhood":"North Oakland","tree_id":"t00914"},"geometry":{"type":"Point","coordinates":[-79.95171,40.45153]}},{"id":"915","type":"Feature","properties":{"common_name":"Lilac: Japanese Tree","condition":"Fair","height":3.048,"width":1.524,"crown_r_m":1.0,"crown_h_m":1.9812,"height_imputed":false,"width_imputed":false,"neighborhood":"North Oakland","tree_id":"t00915"},"geometry":{"type":"Point","coordinates":[-79.94885,40.44658]}},{"id":"916","type":"Feature","properties":{"common_name":"Lilac: Japanese Tree","condition":"Fair","height":3.3528,"width":1.524,"crown_r_m":1.0,"crown_h_m":2.17932,"height_imputed":false,"width_imputed":false,"neighborhood":"North Oakland","tree_id":"t00916"},"geometry":{"type":"Point","coordinates":[-79.94884,40.44649]}},{"id":"917","type":"Feature","properties":{"common_name":"Maple: Amur","condition":"Fair","height":3.048,"width":1.2192,"crown_r_m":1.0,"crown_h_m":1.9812,"height_imputed":false,"width_imputed":false,"neighborhood":"North Oakland","tree_id":"t00917"},"geometry":{"type":"Point","coordinates":[-79.94863,40.44636]}},{"id":"918","type":"Feature","properties":{"common_name":"Maple: Amur","condition":"Poor","height":3.048,"width":1.524,"crown_r_m":1.0,"crown_h_m":1.9812,"height_imputed":false,"width_imputed":false,"neighborhood":"North Oakland","tree_id":"t00918"},"geometry":{"type":"Point","coordinates":[-79.9488,40.44627]}},{"id":"919","type":"Feature","properties":{"common_name":"Arborvitae: Eastern","condition":"Good","height":2.1336,"width":0.6096,"crown_r_m":1.0,"crown_h_m":1.5,"height_imputed":false,"width_imputed":false,"neighborhood":"North Oakland","tree_id":"t00919"},"geometry":{"type":"Point","coordinates":[-79.95617,40.4487]}},{"id":"920","type":"Feature","properties":{"common_name":"Pear: Callery","condition":"Fair","height":5.4864,"width":1.8288,"crown_r_m":1.0,"crown_h_m":3.56616,"height_imputed":false,"width_imputed":false,"neighborhood":"North Oakland","tree_id":"t00920"},"geometry":{"type":"Point","coordinates":[-79.9487,40.44538]}},{"id":"921","type":"Feature","properties":{"common_name":"Honeylocust: Thornless","condition":"Fair","height":7.62,"width":3.6576,"crown_r_m":1.8288,"crown_h_m":4.953,"height_imputed":false,"width_imputed":false,"neighborhood":"North Oakland","tree_id":"t00921"},"geometry":{"type":"Point","coordinates":[-79.9485,40.44534]}},{"id":"922","type":"Feature","properties":{"common_name":"Pear: Callery","condition":"Fair","height":10.668,"width":2.1336,"crown_r_m":1.0668,"crown_h_m":6.9342,"height_imputed":false,"width_imputed":false,"neighborhood":"North Oakland","tree_id":"t00922"},"geometry":{"type":"Point","coordinates":[-79.9475,40.44533]}},{"id":"923","type":"Feature","properties":{"common_name":"Hornbeam: European","condition":"Good","height":4.572,"width":1.524,"crown_r_m":1.0,"crown_h_m":2.9718,"height_imputed":false,"width_imputed":false,"neighborhood":"North Oakland","tree_id":"t00923"},"geometry":{"type":"Point","coordinates":[-79.9535,40.44344]}},{"id":"924","type":"Feature","properties":{"common_name":"Pear: Callery","condition":"Fair","height":5.1816,"width":1.8288,"crown_r_m":1.0,"crown_h_m":3.36804,"height_imputed":false,"width_imputed":false,"neighborhood":"Central Oakland","tree_id":"t00924"},"geometry":{"type":"Point","coordinates":[-79.95419,40.44294]}},{"id":"925","type":"Feature","properties":{"common_name":"Locust: Black","condition":"Fair","height":13.716,"width":4.572,"crown_r_m":2.286,"crown_h_m":8.9154,"height_imputed":false,"width_imputed":false,"neighborhood":"Central Oakland","tree_id":"t00925"},"geometry":{"type":"Point","coordinates":[-79.95204,40.44039]}},{"id":"926","type":"Feature","properties":{"common_name":"Linden: Littleleaf","condition":"Poor","height":7.62,"width":2.1336,"crown_r_m":1.0668,"crown_h_m":4.953,"height_imputed":false,"width_imputed":false,"neighborhood":"Central Oakland","tree_id":"t00926"},"geometry":{"type":"Point","coordinates":[-79.95558,40.43948]}},{"id":"927","type":"Feature","properties":{"common_name":"Pear: Callery","condition":"Fair","height":10.668,"width":2.1336,"crown_r_m":1.0668,"crown_h_m":6.9342,"height_imputed":false,"width_imputed":false,"neighborhood":"Central Oakland","tree_id":"t00927"},"geometry":{"type":"Point","coordinates":[-79.95516,40.43917]}},{"id":"928","type":"Feature","properties":{"common_name":"Pear: Callery","condition":"Fair","height":10.668,"width":2.4384,"crown_r_m":1.2192,"crown_h_m":6.9342,"height_imputed":false,"width_imputed":false,"neighborhood":"Central Oakland","tree_id":"t00928"},"geometry":{"type":"Point","coordinates":[-79.95568,40.43947]}},{"id":"929","type":"Feature","properties":{"common_name":"Pear: Callery","condition":"Fair","height":10.668,"width":1.8288,"crown_r_m":1.0,"crown_h_m":6.9342,"height_imputed":false,"width_imputed":false,"neighborhood":"Central Oakland","tree_id":"t00929"},"geometry":{"type":"Point","coordinates":[-79.95521,40.43798]}},{"id":"930","type":"Feature","properties":{"common_name":"Maple: Norway","condition":"Poor","height":12.192,"width":2.1336,"crown_r_m":1.0668,"crown_h_m":7.9248,"height_imputed":false,"width_imputed":false,"neighborhood":"Central Oakland","tree_id":"t00930"},"geometry":{"type":"Point","coordinates":[-79.95564,40.4368]}},{"id":"931","type":"Feature","properties":{"common_name":"Oak: Northern Red","condition":"Fair","height":13.716,"width":3.048,"crown_r_m":1.524,"crown_h_m":8.9154,"height_imputed":false,"width_imputed":false,"neighborhood":"Central Oakland","tree_id":"t00931"},"geometry":{"type":"Point","coordinates":[-79.95557,40.43674]}},{"id":"932","type":"Feature","properties":{"common_name":"Maple: Norway","condition":"Fair","height":12.192,"width":2.4384,"crown_r_m":1.2192,"crown_h_m":7.9248,"height_imputed":false,"width_imputed":false,"neighborhood":"North Oakland","tree_id":"t00932"},"geometry":{"type":"Point","coordinates":[-79.9583,40.44444]}},{"id":"933","type":"Feature","properties":{"common_name":"Zelkova: Japanese","condition":"Fair","height":7.62,"width":2.4384,"crown_r_m":1.2192,"crown_h_m":4.953,"height_imputed":false,"width_imputed":false,"neighborhood":"Central Oakland","tree_id":"t00933"},"geometry":{"type":"Point","coordinates":[-79.9599,40.43883]}},{"id":"934","type":"Feature","properties":{"common_name":"Honeylocust: Thornless","condition":"Poor","height":4.572,"width":0.6096,"crown_r_m":1.0,"crown_h_m":2.9718,"height_imputed":false,"width_imputed":false,"neighborhood":"Central Oakland","tree_id":"t00934"},"geometry":{"type":"Point","coordinates":[-79.95668,40.44029]}},{"id":"935","type":"Feature","properties":{"common_name":"Maple: Freeman","condition":"Critical","height":6.096,"width":2.1336,"crown_r_m":1.0668,"crown_h_m":3.9624,"height_imputed":false,"width_imputed":false,"neighborhood":"Central Oakland","tree_id":"t00935"},"geometry":{"type":"Point","coordinates":[-79.95646,40.44086]}},{"id":"936","type":"Feature","properties":{"common_name":"Maple: Freeman","condition":"Critical","height":5.1816,"width":1.8288,"crown_r_m":1.0,"crown_h_m":3.36804,"height_imputed":false,"width_imputed":false,"neighborhood":"Central Oakland","tree_id":"t00936"},"geometry":{"type":"Point","coordinates":[-79.95639,40.44091]}},{"id":"937","type":"Feature","properties":{"common_name":"Honeylocust: Thornless","condition":"Fair","height":4.8768,"width":2.4384,"crown_r_m":1.2192,"crown_h_m":3.16992,"height_imputed":false,"width_imputed":false,"neighborhood":"Central Oakland","tree_id":"t00937"},"geometry":{"type":"Point","coordinates":[-79.95624,40.44107]}},{"id":"938","type":"Feature","properties":{"common_name":"Honeylocust: Thornless","condition":"Fair","height":5.1816,"width":2.1336,"crown_r_m":1.0668,"crown_h_m":3.36804,"height_imputed":false,"width_imputed":false,"neighborhood":"Central Oakland","tree_id":"t00938"},"geometry":{"type":"Point","coordinates":[-79.95591,40.4411]}},{"id":"939","type":"Feature","properties":{"common_name":"Honeylocust: Thornless","condition":"Fair","height":4.572,"width":2.1336,"crown_r_m":1.0668,"crown_h_m":2.9718,"height_imputed":false,"width_imputed":false,"neighborhood":"Central Oakland","tree_id":"t00939"},"geometry":{"type":"Point","coordinates":[-79.95594,40.44107]}},{"id":"940","type":"Feature","properties":{"common_name":"Honeylocust: Thornless","condition":"Fair","height":4.572,"width":2.1336,"crown_r_m":1.0668,"crown_h_m":2.9718,"height_imputed":false,"width_imputed":false,"neighborhood":"Central Oakland","tree_id":"t00940"},"geometry":{"type":"Point","coordinates":[-79.95617,40.44106]}},{"id":"941","type":"Feature","properties":{"common_name":"Honeylocust: Thornless","condition":"Good","height":6.096,"width":2.4384,"crown_r_m":1.2192,"crown_h_m":3.9624,"height_imputed":false,"width_imputed":false,"neighborhood":"Central Oakland","tree_id":"t00941"},"geometry":{"type":"Point","coordinates":[-79.9561,40.4411]}},{"id":"942","type":"Feature","properties":{"common_name":"Honeylocust: Thornless","condition":"Fair","height":6.096,"width":2.4384,"crown_r_m":1.2192,"crown_h_m":3.9624,"height_imputed":false,"width_imputed":false,"neighborhood":"Central Oakland","tree_id":"t00942"},"geometry":{"type":"Point","coordinates":[-79.95605,40.44115]}},{"id":"943","type":"Feature","properties":{"common_name":"Honeylocust: Thornless","condition":"Poor","height":6.096,"width":1.8288,"crown_r_m":1.0,"crown_h_m":3.9624,"height_imputed":false,"width_imputed":false,"neighborhood":"North Oakland","tree_id":"t00943"},"geometry":{"type":"Point","coordinates":[-79.95123,40.45207]}},{"id":"944","type":"Feature","properties":{"common_name":"Honeylocust: Thornless","condition":"Critical","height":6.7056,"width":1.8288,"crown_r_m":1.0,"crown_h_m":4.35864,"height_imputed":false,"width_imputed":false,"neighborhood":"North Oakland","tree_id":"t00944"},"geometry":{"type":"Point","coordinates":[-79.95173,40.4519]}},{"id":"945","type":"Feature","properties":{"common_name":"Maple: Norway","condition":"Fair","height":6.096,"width":2.4384,"crown_r_m":1.2192,"crown_h_m":3.9624,"height_imputed":false,"width_imputed":false,"neighborhood":"Middle Hill","tree_id":"t00945"},"geometry":{"type":"Point","coordinates":[-79.96576,40.45259]}},{"id":"946","type":"Feature","properties":{"common_name":"Elm: American","condition":"Fair","height":7.62,"width":2.4384,"crown_r_m":1.2192,"crown_h_m":4.953,"height_imputed":false,"width_imputed":false,"neighborhood":"Middle Hill","tree_id":"t00946"},"geometry":{"type":"Point","coordinates":[-79.96577,40.45259]}},{"id":"947","type":"Feature","properties":{"common_name":"Sweetgum: American","condition":"Poor","height":12.192,"width":3.048,"crown_r_m":1.524,"crown_h_m":7.9248,"height_imputed":false,"width_imputed":false,"neighborhood":"Terrace Village","tree_id":"t00947"},"geometry":{"type":"Point","coordinates":[-79.96525,40.44856]}},{"id":"948","type":"Feature","properties":{"common_name":"Linden: Littleleaf","condition":"Fair","height":5.1816,"width":2.4384,"crown_r_m":1.2192,"crown_h_m":3.36804,"height_imputed":false,"width_imputed":false,"neighborhood":"Squirrel Hill North","tree_id":"t00948"},"geometry":{"type":"Point","coordinates":[-79.94112,40.44422]}},{"id":"949","type":"Feature","properties":{"common_name":"Elm: American","condition":"Fair","height":12.192,"width":3.6576,"crown_r_m":1.8288,"crown_h_m":7.9248,"height_imputed":false,"width_imputed":false,"neighborhood":"Squirrel Hill North","tree_id":"t00949"},"geometry":{"type":"Point","coordinates":[-79.94678,40.4461]}},{"id":"950","type":"Feature","properties":{"common_name":"Oak: Pin","condition":"Good","height":8.5344,"width":2.4384,"crown_r_m":1.2192,"crown_h_m":5.54736,"height_imputed":false,"width_imputed":false,"neighborhood":"Shadyside","tree_id":"t00950"},"geometry":{"type":"Point","coordinates":[-79.94128,40.45172]}},{"id":"951","type":"Feature","properties":{"common_name":"Honeylocust: Thornless","condition":"Fair","height":3.9624,"width":1.8288,"crown_r_m":1.0,"crown_h_m":2.57556,"height_imputed":false,"width_imputed":false,"neighborhood":"South Oakland","tree_id":"t00951"},"geometry":{"type":"Point","coordinates":[-79.96324,40.43694]}},{"id":"952","type":"Feature","properties":{"common_name":"Maple: Sugar","condition":"Fair","height":6.7056,"width":1.8288,"crown_r_m":1.0,"crown_h_m":4.35864,"height_imputed":false,"width_imputed":false,"neighborhood":"Shadyside","tree_id":"t00952"},"geometry":{"type":"Point","coordinates":[-79.94438,40.45391]}},{"id":"953","type":"Feature","properties":{"common_name":"Oak: Pin","condition":"Fair","height":21.336,"width":12.192,"crown_r_m":6.096,"crown_h_m":13.8684,"height_imputed":false,"width_imputed":false,"neighborhood":"Shadyside","tree_id":"t00953"},"geometry":{"type":"Point","coordinates":[-79.94611,40.45315]}},{"id":"954","type":"Feature","properties":{"common_name":"Oak: Pin","condition":"Fair","height":19.812,"width":4.572,"crown_r_m":2.286,"crown_h_m":12.8778,"height_imputed":false,"width_imputed":false,"neighborhood":"Shadyside","tree_id":"t00954"},"geometry":{"type":"Point","coordinates":[-79.94591,40.45268]}},{"id":"955","type":"Feature","properties":{"common_name":"Maple: Norway","condition":"Fair","height":4.8768,"width":1.2192,"crown_r_m":1.0,"crown_h_m":3.16992,"height_imputed":false,"width_imputed":false,"neighborhood":"Shadyside","tree_id":"t00955"},"geometry":{"type":"Point","coordinates":[-79.94576,40.45234]}},{"id":"956","type":"Feature","properties":{"common_name":"Crabapple: Flowering","condition":"Fair","height":1.8288,"width":0.9144,"crown_r_m":1.0,"crown_h_m":1.5,"height_imputed":false,"width_imputed":false,"neighborhood":"Central Oakland","tree_id":"t00956"},"geometry":{"type":"Point","coordinates":[-79.95178,40.43606]}},{"id":"957","type":"Feature","properties":{"common_name":"Crabapple: Flowering","condition":"Good","height":2.7432,"width":1.2192,"crown_r_m":1.0,"crown_h_m":1.78308,"height_imputed":false,"width_imputed":false,"neighborhood":"Central Oakland","tree_id":"t00957"},"geometry":{"type":"Point","coordinates":[-79.95161,40.43647]}},{"id":"958","type":"Feature","properties":{"common_name":"Maple: Red","condition":"Fair","height":10.0584,"width":3.048,"crown_r_m":1.524,"crown_h_m":6.53796,"height_imputed":false,"width_imputed":false,"neighborhood":"Central Oakland","tree_id":"t00958"},"geometry":{"type":"Point","coordinates":[-79.95478,40.4372]}},{"id":"959","type":"Feature","properties":{"common_name":"Maple: Freeman","condition":"Fair","height":9.144,"width":2.1336,"crown_r_m":1.0668,"crown_h_m":5.9436,"height_imputed":false,"width_imputed":false,"neighborhood":"Central Oakland","tree_id":"t00959"},"geometry":{"type":"Point","coordinates":[-79.95585,40.43613]}},{"id":"960","type":"Feature","properties":{"common_name":"Crabapple: Flowering","condition":"Fair","height":7.9248,"width":1.524,"crown_r_m":1.0,"crown_h_m":5.15112,"height_imputed":false,"width_imputed":false,"neighborhood":"Central Oakland","tree_id":"t00960"},"geometry":{"type":"Point","coordinates":[-79.95676,40.43608]}},{"id":"961","type":"Feature","properties":{"common_name":"Crabapple: Flowering","condition":"Fair","height":8.2296,"width":2.4384,"crown_r_m":1.2192,"crown_h_m":5.34924,"height_imputed":false,"width_imputed":false,"neighborhood":"Central Oakland","tree_id":"t00961"},"geometry":{"type":"Point","coordinates":[-79.95696,40.43608]}},{"id":"962","type":"Feature","properties":{"common_name":"Honeylocust: Thornless","condition":"Poor","height":4.572,"width":1.8288,"crown_r_m":1.0,"crown_h_m":2.9718,"height_imputed":false,"width_imputed":false,"neighborhood":"Terrace Village","tree_id":"t00962"},"geometry":{"type":"Point","coordinates":[-79.96877,40.43957]}},{"id":"963","type":"Feature","properties":{"common_name":"Honeylocust: Thornless","condition":"Poor","height":5.4864,"width":1.8288,"crown_r_m":1.0,"crown_h_m":3.56616,"height_imputed":false,"width_imputed":false,"neighborhood":"Terrace Village","tree_id":"t00963"},"geometry":{"type":"Point","coordinates":[-79.96862,40.43952]}},{"id":"964","type":"Feature","properties":{"common_name":"Honeylocust: Thornless","condition":"Fair","height":7.3152,"width":1.8288,"crown_r_m":1.0,"crown_h_m":4.75488,"height_imputed":false,"width_imputed":false,"neighborhood":"Terrace Village","tree_id":"t00964"},"geometry":{"type":"Point","coordinates":[-79.9685,40.43948]}},{"id":"965","type":"Feature","properties":{"common_name":"Honeylocust: Thornless","condition":"Fair","height":7.3152,"width":1.8288,"crown_r_m":1.0,"crown_h_m":4.75488,"height_imputed":false,"width_imputed":false,"neighborhood":"Terrace Village","tree_id":"t00965"},"geometry":{"type":"Point","coordinates":[-79.9681,40.43942]}},{"id":"966","type":"Feature","properties":{"common_name":"Honeylocust: Thornless","condition":"Fair","height":6.7056,"width":1.8288,"crown_r_m":1.0,"crown_h_m":4.35864,"height_imputed":false,"width_imputed":false,"neighborhood":"Terrace Village","tree_id":"t00966"},"geometry":{"type":"Point","coordinates":[-79.96779,40.43944]}},{"id":"967","type":"Feature","properties":{"common_name":"Honeylocust: Thornless","condition":"Fair","height":7.3152,"width":2.1336,"crown_r_m":1.0668,"crown_h_m":4.75488,"height_imputed":false,"width_imputed":false,"neighborhood":"Terrace Village","tree_id":"t00967"},"geometry":{"type":"Point","coordinates":[-79.96757,40.43971]}},{"id":"968","type":"Feature","properties":{"common_name":"Honeylocust: Thornless","condition":"Fair","height":7.9248,"width":2.1336,"crown_r_m":1.0668,"crown_h_m":5.15112,"height_imputed":false,"width_imputed":false,"neighborhood":"Terrace Village","tree_id":"t00968"},"geometry":{"type":"Point","coordinates":[-79.96746,40.43961]}},{"id":"969","type":"Feature","properties":{"common_name":"Honeylocust: Thornless","condition":"Critical","height":4.2672,"width":2.1336,"crown_r_m":1.0668,"crown_h_m":2.77368,"height_imputed":false,"width_imputed":false,"neighborhood":"Terrace Village","tree_id":"t00969"},"geometry":{"type":"Point","coordinates":[-79.9675,40.4395]}},{"id":"970","type":"Feature","properties":{"common_name":"Hornbeam: European","condition":"Fair","height":3.9624,"width":0.3048,"crown_r_m":1.0,"crown_h_m":2.57556,"height_imputed":false,"width_imputed":false,"neighborhood":"Terrace Village","tree_id":"t00970"},"geometry":{"type":"Point","coordinates":[-79.96754,40.43939]}},{"id":"971","type":"Feature","properties":{"common_name":"Hornbeam: European","condition":"Fair","height":4.572,"width":0.3048,"crown_r_m":1.0,"crown_h_m":2.9718,"height_imputed":false,"width_imputed":false,"neighborhood":"Terrace Village","tree_id":"t00971"},"geometry":{"type":"Point","coordinates":[-79.96756,40.43938]}},{"id":"972","type":"Feature","properties":{"common_name":"Maple: Sugar","condition":"Fair","height":4.8768,"width":1.8288,"crown_r_m":1.0,"crown_h_m":3.16992,"height_imputed":false,"width_imputed":false,"neighborhood":"Terrace Village","tree_id":"t00972"},"geometry":{"type":"Point","coordinates":[-79.9676,40.43927]}},{"id":"973","type":"Feature","properties":{"common_name":"Honeylocust: Thornless","condition":"Fair","height":6.096,"width":2.1336,"crown_r_m":1.0668,"crown_h_m":3.9624,"height_imputed":false,"width_imputed":false,"neighborhood":"Terrace Village","tree_id":"t00973"},"geometry":{"type":"Point","coordinates":[-79.96808,40.43929]}},{"id":"974","type":"Feature","properties":{"common_name":"Maple: Red","condition":"Fair","height":3.9624,"width":1.8288,"crown_r_m":1.0,"crown_h_m":2.57556,"height_imputed":false,"width_imputed":false,"neighborhood":"Terrace Village","tree_id":"t00974"},"geometry":{"type":"Point","coordinates":[-79.96862,40.43906]}},{"id":"975","type":"Feature","properties":{"common_name":"Maple: Red","condition":"Critical","height":3.048,"width":1.8288,"crown_r_m":1.0,"crown_h_m":1.9812,"height_imputed":false,"width_imputed":false,"neighborhood":"Terrace Village","tree_id":"t00975"},"geometry":{"type":"Point","coordinates":[-79.96839,40.43916]}},{"id":"976","type":"Feature","properties":{"common_name":"Maple: Red","condition":"Critical","height":3.3528,"width":1.8288,"crown_r_m":1.0,"crown_h_m":2.17932,"height_imputed":false,"width_imputed":false,"neighborhood":"Terrace Village","tree_id":"t00976"},"geometry":{"type":"Point","coordinates":[-79.96844,40.43908]}},{"id":"977","type":"Feature","properties":{"common_name":"Honeylocust: Thornless","condition":"Fair","height":3.9624,"width":1.524,"crown_r_m":1.0,"crown_h_m":2.57556,"height_imputed":false,"width_imputed":false,"neighborhood":"West Oakland","tree_id":"t00977"},"geometry":{"type":"Point","coordinates":[-79.96673,40.4399]}},{"id":"978","type":"Feature","properties":{"common_name":"Honeylocust: Thornless","condition":"Fair","height":3.6576,"width":1.524,"crown_r_m":1.0,"crown_h_m":2.37744,"height_imputed":false,"width_imputed":false,"neighborhood":"West Oakland","tree_id":"t00978"},"geometry":{"type":"Point","coordinates":[-79.96675,40.43999]}},{"id":"979","type":"Feature","properties":{"common_name":"Hackberry: Common","condition":"Fair","height":3.048,"width":1.524,"crown_r_m":1.0,"crown_h_m":1.9812,"height_imputed":false,"width_imputed":false,"neighborhood":"South Oakland","tree_id":"t00979"},"geometry":{"type":"Point","coordinates":[-79.96367,40.43765]}},{"id":"980","type":"Feature","properties":{"common_name":"Locust: Black","condition":"Poor","height":3.6576,"width":1.524,"crown_r_m":1.0,"crown_h_m":2.37744,"height_imputed":false,"width_imputed":false,"neighborhood":"South Oakland","tree_id":"t00980"},"geometry":{"type":"Point","coordinates":[-79.96822,40.43639]}},{"id":"981","type":"Feature","properties":{"common_name":"Dogwood: Corneliancherry","condition":"Good","height":2.4384,"width":1.2192,"crown_r_m":1.0,"crown_h_m":1.58496,"height_imputed":false,"width_imputed":false,"neighborhood":"West Oakland","tree_id":"t00981"},"geometry":{"type":"Point","coordinates":[-79.96561,40.44198]}},{"id":"982","type":"Feature","properties":{"common_name":"Serviceberry: Downy","condition":"Good","height":4.2672,"width":1.8288,"crown_r_m":1.0,"crown_h_m":2.77368,"height_imputed":false,"width_imputed":false,"neighborhood":"West Oakland","tree_id":"t00982"},"geometry":{"type":"Point","coordinates":[-79.96667,40.44206]}},{"id":"983","type":"Feature","properties":{"common_name":"Locust: Black","condition":"Fair","height":13.4112,"width":4.2672,"crown_r_m":2.1336,"crown_h_m":8.71728,"height_imputed":false,"width_imputed":false,"neighborhood":"West Oakland","tree_id":"t00983"},"geometry":{"type":"Point","coordinates":[-79.96675,40.44101]}},{"id":"984","type":"Feature","properties":{"common_name":"Elm: American","condition":"Poor","height":2.4384,"width":0.6096,"crown_r_m":1.0,"crown_h_m":1.58496,"height_imputed":false,"width_imputed":false,"neighborhood":"West Oakland","tree_id":"t00984"},"geometry":{"type":"Point","coordinates":[-79.96756,40.44086]}},{"id":"985","type":"Feature","properties":{"common_name":"Honeylocust: Thornless","condition":"Fair","height":7.9248,"width":1.8288,"crown_r_m":1.0,"crown_h_m":5.15112,"height_imputed":false,"width_imputed":false,"neighborhood":"Terrace Village","tree_id":"t00985"},"geometry":{"type":"Point","coordinates":[-79.96871,40.44053]}},{"id":"986","type":"Feature","properties":{"common_name":"Dogwood: Corneliancherry","condition":"Fair","height":2.4384,"width":1.2192,"crown_r_m":1.0,"crown_h_m":1.58496,"height_imputed":false,"width_imputed":false,"neighborhood":"Shadyside","tree_id":"t00986"},"geometry":{"type":"Point","coordinates":[-79.94552,40.45012]}},{"id":"987","type":"Feature","properties":{"common_name":"Linden: Littleleaf","condition":"Fair","height":16.764,"width":4.8768,"crown_r_m":2.4384,"crown_h_m":10.8966,"height_imputed":false,"width_imputed":false,"neighborhood":"Shadyside","tree_id":"t00987"},"geometry":{"type":"Point","coordinates":[-79.94568,40.44976]}},{"id":"988","type":"Feature","properties":{"common_name":"Pear: Callery","condition":"Fair","height":4.572,"width":1.524,"crown_r_m":1.0,"crown_h_m":2.9718,"height_imputed":false,"width_imputed":false,"neighborhood":"Shadyside","tree_id":"t00988"},"geometry":{"type":"Point","coordinates":[-79.9458,40.44966]}},{"id":"989","type":"Feature","properties":{"common_name":"Honeylocust: Thornless","condition":"Fair","height":10.668,"width":4.572,"crown_r_m":2.286,"crown_h_m":6.9342,"height_imputed":false,"width_imputed":false,"neighborhood":"Shadyside","tree_id":"t00989"},"geometry":{"type":"Point","coordinates":[-79.94634,40.44875]}},{"id":"990","type":"Feature","properties":{"common_name":"Maple: Red","condition":"Fair","height":12.192,"width":4.2672,"crown_r_m":2.1336,"crown_h_m":7.9248,"height_imputed":false,"width_imputed":false,"neighborhood":"North Oakland","tree_id":"t00990"},"geometry":{"type":"Point","coordinates":[-79.94888,40.45053]}},{"id":"991","type":"Feature","properties":{"common_name":"Maple: Hedge","condition":"Fair","height":6.7056,"width":1.8288,"crown_r_m":1.0,"crown_h_m":4.35864,"height_imputed":false,"width_imputed":false,"neighborhood":"Shadyside","tree_id":"t00991"},"geometry":{"type":"Point","coordinates":[-79.94943,40.45217]}},{"id":"992","type":"Feature","properties":{"common_name":"Ash: Green","condition":"Poor","height":4.8768,"width":2.1336,"crown_r_m":1.0668,"crown_h_m":3.16992,"height_imputed":false,"width_imputed":false,"neighborhood":"Central Oakland","tree_id":"t00992"},"geometry":{"type":"Point","coordinates":[-79.95169,40.43887]}},{"id":"993","type":"Feature","properties":{"common_name":"Maple: Norway","condition":"Fair","height":7.62,"width":2.4384,"crown_r_m":1.2192,"crown_h_m":4.953,"height_imputed":false,"width_imputed":false,"neighborhood":"Central Oakland","tree_id":"t00993"},"geometry":{"type":"Point","coordinates":[-79.95188,40.43938]}},{"id":"994","type":"Feature","properties":{"common_name":"Maple: Red","condition":"Fair","height":10.9728,"width":2.1336,"crown_r_m":1.0668,"crown_h_m":7.13232,"height_imputed":false,"width_imputed":false,"neighborhood":"Central Oakland","tree_id":"t00994"},"geometry":{"type":"Point","coordinates":[-79.95112,40.43682]}},{"id":"995","type":"Feature","properties":{"common_name":"London planetree","condition":"Poor","height":13.716,"width":4.2672,"crown_r_m":2.1336,"crown_h_m":8.9154,"height_imputed":false,"width_imputed":false,"neighborhood":"North Oakland","tree_id":"t00995"},"geometry":{"type":"Point","coordinates":[-79.95395,40.44615]}},{"id":"996","type":"Feature","properties":{"common_name":"London planetree","condition":"Poor","height":15.24,"width":3.6576,"crown_r_m":1.8288,"crown_h_m":9.906,"height_imputed":false,"width_imputed":false,"neighborhood":"North Oakland","tree_id":"t00996"},"geometry":{"type":"Point","coordinates":[-79.95405,40.44623]}},{"id":"997","type":"Feature","properties":{"common_name":"London planetree","condition":"Fair","height":16.764,"width":6.096,"crown_r_m":3.048,"crown_h_m":10.8966,"height_imputed":false,"width_imputed":false,"neighborhood":"North Oakland","tree_id":"t00997"},"geometry":{"type":"Point","coordinates":[-79.95624,40.44701]}},{"id":"998","type":"Feature","properties":{"common_name":"London planetree","condition":"Fair","height":18.288,"width":4.572,"crown_r_m":2.286,"crown_h_m":11.8872,"height_imputed":false,"width_imputed":false,"neighborhood":"North Oakland","tree_id":"t00998"},"geometry":{"type":"Point","coordinates":[-79.95603,40.44679]}},{"id":"999","type":"Feature","properties":{"common_name":"London planetree","condition":"Fair","height":16.764,"width":7.62,"crown_r_m":3.81,"crown_h_m":10.8966,"height_imputed":false,"width_imputed":false,"neighborhood":"North Oakland","tree_id":"t00999"},"geometry":{"type":"Point","coordinates":[-79.95573,40.44659]}},{"id":"1000","type":"Feature","properties":{"common_name":"London planetree","condition":"Good","height":19.812,"width":3.9624,"crown_r_m":1.9812,"crown_h_m":12.8778,"height_imputed":false,"width_imputed":false,"neighborhood":"North Oakland","tree_id":"t01000"},"geometry":{"type":"Point","coordinates":[-79.95486,40.44704]}},{"id":"1001","type":"Feature","properties":{"common_name":"London planetree","condition":"Fair","height":14.6304,"width":3.6576,"crown_r_m":1.8288,"crown_h_m":9.50976,"height_imputed":false,"width_imputed":false,"neighborhood":"Shadyside","tree_id":"t01001"},"geometry":{"type":"Point","coordinates":[-79.94665,40.4522]}},{"id":"1002","type":"Feature","properties":{"common_name":"London planetree","condition":"Fair","height":16.764,"width":4.8768,"crown_r_m":2.4384,"crown_h_m":10.8966,"height_imputed":false,"width_imputed":false,"neighborhood":"Central Oakland","tree_id":"t01002"},"geometry":{"type":"Point","coordinates":[-79.95088,40.43707]}},{"id":"1003","type":"Feature","properties":{"common_name":"London planetree","condition":"Good","height":18.288,"width":3.6576,"crown_r_m":1.8288,"crown_h_m":11.8872,"height_imputed":false,"width_imputed":false,"neighborhood":"North Oakland","tree_id":"t01003"},"geometry":{"type":"Point","coordinates":[-79.95521,40.44715]}},{"id":"1004","type":"Feature","properties":{"common_name":"London planetree","condition":"Good","height":15.24,"width":2.7432,"crown_r_m":1.3716,"crown_h_m":9.906,"height_imputed":false,"width_imputed":false,"neighborhood":"North Oakland","tree_id":"t01004"},"geometry":{"type":"Point","coordinates":[-79.95641,40.4481]}},{"id":"1005","type":"Feature","properties":{"common_name":"London planetree","condition":"Good","height":18.288,"width":4.572,"crown_r_m":2.286,"crown_h_m":11.8872,"height_imputed":false,"width_imputed":false,"neighborhood":"North Oakland","tree_id":"t01005"},"geometry":{"type":"Point","coordinates":[-79.95648,40.447]}},{"id":"1006","type":"Feature","properties":{"common_name":"London planetree","condition":"Good","height":21.336,"width":3.048,"crown_r_m":1.524,"crown_h_m":13.8684,"height_imputed":false,"width_imputed":false,"neighborhood":"North Oakland","tree_id":"t01006"},"geometry":{"type":"Point","coordinates":[-79.95688,40.44736]}},{"id":"1007","type":"Feature","properties":{"common_name":"London planetree","condition":"Fair","height":6.096,"width":3.048,"crown_r_m":1.524,"crown_h_m":3.9624,"height_imputed":false,"width_imputed":false,"neighborhood":"North Oakland","tree_id":"t01007"},"geometry":{"type":"Point","coordinates":[-79.95728,40.44785]}},{"id":"1008","type":"Feature","properties":{"common_name":"London planetree","condition":"Fair","height":18.288,"width":7.62,"crown_r_m":3.81,"crown_h_m":11.8872,"height_imputed":false,"width_imputed":false,"neighborhood":"North Oakland","tree_id":"t01008"},"geometry":{"type":"Point","coordinates":[-79.95717,40.44776]}},{"id":"1009","type":"Feature","properties":{"common_name":"London planetree","condition":"Fair","height":16.764,"width":7.62,"crown_r_m":3.81,"crown_h_m":10.8966,"height_imputed":false,"width_imputed":false,"neighborhood":"North Oakland","tree_id":"t01009"},"geometry":{"type":"Point","coordinates":[-79.95698,40.44761]}},{"id":"1010","type":"Feature","properties":{"common_name":"London planetree","condition":"Good","height":18.288,"width":6.096,"crown_r_m":3.048,"crown_h_m":11.8872,"height_imputed":false,"width_imputed":false,"neighborhood":"North Oakland","tree_id":"t01010"},"geometry":{"type":"Point","coordinates":[-79.95718,40.44758]}},{"id":"1011","type":"Feature","properties":{"common_name":"London planetree","condition":"Fair","height":18.288,"width":3.048,"crown_r_m":1.524,"crown_h_m":11.8872,"height_imputed":false,"width_imputed":false,"neighborhood":"North Oakland","tree_id":"t01011"},"geometry":{"type":"Point","coordinates":[-79.95742,40.44798]}},{"id":"1012","type":"Feature","properties":{"common_name":"London planetree","condition":"Good","height":10.668,"width":2.4384,"crown_r_m":1.2192,"crown_h_m":6.9342,"height_imputed":false,"width_imputed":false,"neighborhood":"North Oakland","tree_id":"t01012"},"geometry":{"type":"Point","coordinates":[-79.9573,40.44806]}},{"id":"1013","type":"Feature","properties":{"common_name":"London planetree","condition":"Fair","height":16.764,"width":6.096,"crown_r_m":3.048,"crown_h_m":10.8966,"height_imputed":false,"width_imputed":false,"neighborhood":"North Oakland","tree_id":"t01013"},"geometry":{"type":"Point","coordinates":[-79.95696,40.4483]}},{"id":"1014","type":"Feature","properties":{"common_name":"London planetree","condition":"Fair","height":16.764,"width":9.144,"crown_r_m":4.572,"crown_h_m":10.8966,"height_imputed":false,"width_imputed":false,"neighborhood":"North Oakland","tree_id":"t01014"},"geometry":{"type":"Point","coordinates":[-79.95662,40.44857]}},{"id":"1015","type":"Feature","properties":{"common_name":"London planetree","condition":"Good","height":16.764,"width":2.4384,"crown_r_m":1.2192,"crown_h_m":10.8966,"height_imputed":false,"width_imputed":false,"neighborhood":"North Oakland","tree_id":"t01015"},"geometry":{"type":"Point","coordinates":[-79.95368,40.45066]}},{"id":"1016","type":"Feature","properties":{"common_name":"London planetree","condition":"Good","height":18.288,"width":4.572,"crown_r_m":2.286,"crown_h_m":11.8872,"height_imputed":false,"width_imputed":false,"neighborhood":"North Oakland","tree_id":"t01016"},"geometry":{"type":"Point","coordinates":[-79.95712,40.44803]}},{"id":"1017","type":"Feature","properties":{"common_name":"London planetree","condition":"Fair","height":9.144,"width":3.048,"crown_r_m":1.524,"crown_h_m":5.9436,"height_imputed":false,"width_imputed":false,"neighborhood":"North Oakland","tree_id":"t01017"},"geometry":{"type":"Point","coordinates":[-79.95587,40.44892]}},{"id":"1018","type":"Feature","properties":{"common_name":"London planetree","condition":"Fair","height":13.716,"width":4.8768,"crown_r_m":2.4384,"crown_h_m":8.9154,"height_imputed":false,"width_imputed":false,"neighborhood":"North Oakland","tree_id":"t01018"},"geometry":{"type":"Point","coordinates":[-79.95616,40.44871]}},{"id":"1019","type":"Feature","properties":{"common_name":"London planetree","condition":"Good","height":13.716,"width":4.572,"crown_r_m":2.286,"crown_h_m":8.9154,"height_imputed":false,"width_imputed":false,"neighborhood":"North Oakland","tree_id":"t01019"},"geometry":{"type":"Point","coordinates":[-79.9562,40.44868]}},{"id":"1020","type":"Feature","properties":{"common_name":"London planetree","condition":"Fair","height":13.716,"width":7.62,"crown_r_m":3.81,"crown_h_m":8.9154,"height_imputed":false,"width_imputed":false,"neighborhood":"Upper Hill","tree_id":"t01020"},"geometry":{"type":"Point","coordinates":[-79.956,40.45021]}},{"id":"1021","type":"Feature","properties":{"common_name":"London planetree","condition":"Fair","height":16.764,"width":2.4384,"crown_r_m":1.2192,"crown_h_m":10.8966,"height_imputed":false,"width_imputed":false,"neighborhood":"Upper Hill","tree_id":"t01021"},"geometry":{"type":"Point","coordinates":[-79.96435,40.45359]}},{"id":"1022","type":"Feature","properties":{"common_name":"London planetree","condition":"Poor","height":9.144,"width":3.048,"crown_r_m":1.524,"crown_h_m":5.9436,"height_imputed":false,"width_imputed":false,"neighborhood":"Upper Hill","tree_id":"t01022"},"geometry":{"type":"Point","coordinates":[-79.96452,40.4541]}},{"id":"1023","type":"Feature","properties":{"common_name":"London planetree","condition":"Poor","height":16.764,"width":3.6576,"crown_r_m":1.8288,"crown_h_m":10.8966,"height_imputed":false,"width_imputed":false,"neighborhood":"Shadyside","tree_id":"t01023"},"geometry":{"type":"Point","coordinates":[-79.94123,40.44905]}},{"id":"1024","type":"Feature","properties":{"common_name":"London planetree","condition":"Fair","height":16.764,"width":3.6576,"crown_r_m":1.8288,"crown_h_m":10.8966,"height_imputed":false,"width_imputed":false,"neighborhood":"Shadyside","tree_id":"t01024"},"geometry":{"type":"Point","coordinates":[-79.94149,40.44903]}},{"id":"1025","type":"Feature","properties":{"common_name":"London planetree","condition":"Fair","height":16.764,"width":3.9624,"crown_r_m":1.9812,"crown_h_m":10.8966,"height_imputed":false,"width_imputed":false,"neighborhood":"Shadyside","tree_id":"t01025"},"geometry":{"type":"Point","coordinates":[-79.94164,40.44902]}},{"id":"1026","type":"Feature","properties":{"common_name":"London planetree","condition":"Fair","height":16.764,"width":10.668,"crown_r_m":5.334,"crown_h_m":10.8966,"height_imputed":false,"width_imputed":false,"neighborhood":"North Oakland","tree_id":"t01026"},"geometry":{"type":"Point","coordinates":[-79.95321,40.44684]}},{"id":"1027","type":"Feature","properties":{"common_name":"London planetree","condition":"Fair","height":16.764,"width":6.096,"crown_r_m":3.048,"crown_h_m":10.8966,"height_imputed":false,"width_imputed":false,"neighborhood":"North Oakland","tree_id":"t01027"},"geometry":{"type":"Point","coordinates":[-79.95566,40.44651]}},{"id":"1028","type":"Feature","properties":{"common_name":"London planetree","condition":"Good","height":13.716,"width":2.4384,"crown_r_m":1.2192,"crown_h_m":8.9154,"height_imputed":false,"width_imputed":false,"neighborhood":"North Oakland","tree_id":"t01028"},"geometry":{"type":"Point","coordinates":[-79.95656,40.44547]}},{"id":"1029","type":"Feature","properties":{"common_name":"London planetree","condition":"Good","height":19.812,"width":4.572,"crown_r_m":2.286,"crown_h_m":12.8778,"height_imputed":false,"width_imputed":false,"neighborhood":"North Oakland","tree_id":"t01029"},"geometry":{"type":"Point","coordinates":[-79.95659,40.44711]}},{"id":"1030","type":"Feature","properties":{"common_name":"London planetree","condition":"Good","height":19.812,"width":4.572,"crown_r_m":2.286,"crown_h_m":12.8778,"height_imputed":false,"width_imputed":false,"neighborhood":"North Oakland","tree_id":"t01030"},"geometry":{"type":"Point","coordinates":[-79.95675,40.44724]}},{"id":"1031","type":"Feature","properties":{"common_name":"London planetree","condition":"Fair","height":19.812,"width":3.9624,"crown_r_m":1.9812,"crown_h_m":12.8778,"height_imputed":false,"width_imputed":false,"neighborhood":"North Oakland","tree_id":"t01031"},"geometry":{"type":"Point","coordinates":[-79.9568,40.44727]}},{"id":"1032","type":"Feature","properties":{"common_name":"London planetree","condition":"Fair","height":18.288,"width":7.62,"crown_r_m":3.81,"crown_h_m":11.8872,"height_imputed":false,"width_imputed":false,"neighborhood":"North Oakland","tree_id":"t01032"},"geometry":{"type":"Point","coordinates":[-79.9571,40.44767]}},{"id":"1033","type":"Feature","properties":{"common_name":"London planetree","condition":"Very Good","height":18.288,"width":3.6576,"crown_r_m":1.8288,"crown_h_m":11.8872,"height_imputed":false,"width_imputed":false,"neighborhood":"North Oakland","tree_id":"t01033"},"geometry":{"type":"Point","coordinates":[-79.95727,40.44765]}},{"id":"1034","type":"Feature","properties":{"common_name":"London planetree","condition":"Good","height":9.144,"width":2.7432,"crown_r_m":1.3716,"crown_h_m":5.9436,"height_imputed":false,"width_imputed":false,"neighborhood":"North Oakland","tree_id":"t01034"},"geometry":{"type":"Point","coordinates":[-79.95728,40.44807]}},{"id":"1035","type":"Feature","properties":{"common_name":"London planetree","condition":"Fair","height":18.288,"width":6.096,"crown_r_m":3.048,"crown_h_m":11.8872,"height_imputed":false,"width_imputed":false,"neighborhood":"North Oakland","tree_id":"t01035"},"geometry":{"type":"Point","coordinates":[-79.95724,40.44809]}},{"id":"1036","type":"Feature","properties":{"common_name":"London planetree","condition":"Fair","height":13.716,"width":6.096,"crown_r_m":3.048,"crown_h_m":8.9154,"height_imputed":false,"width_imputed":false,"neighborhood":"Upper Hill","tree_id":"t01036"},"geometry":{"type":"Point","coordinates":[-79.95584,40.45031]}},{"id":"1037","type":"Feature","properties":{"common_name":"London planetree","condition":"Poor","height":12.192,"width":7.62,"crown_r_m":3.81,"crown_h_m":7.9248,"height_imputed":false,"width_imputed":false,"neighborhood":"Upper Hill","tree_id":"t01037"},"geometry":{"type":"Point","coordinates":[-79.95488,40.45108]}},{"id":"1038","type":"Feature","properties":{"common_name":"London planetree","condition":"Fair","height":15.24,"width":5.4864,"crown_r_m":2.7432,"crown_h_m":9.906,"height_imputed":false,"width_imputed":false,"neighborhood":"North Oakland","tree_id":"t01038"},"geometry":{"type":"Point","coordinates":[-79.95447,40.45179]}},{"id":"1039","type":"Feature","properties":{"common_name":"London planetree","condition":"Fair","height":4.572,"width":1.2192,"crown_r_m":1.0,"crown_h_m":2.9718,"height_imputed":false,"width_imputed":false,"neighborhood":"North Oakland","tree_id":"t01039"},"geometry":{"type":"Point","coordinates":[-79.951,40.45213]}},{"id":"1040","type":"Feature","properties":{"common_name":"London planetree","condition":"Fair","height":15.24,"width":10.668,"crown_r_m":5.334,"crown_h_m":9.906,"height_imputed":false,"width_imputed":false,"neighborhood":"Upper Hill","tree_id":"t01040"},"geometry":{"type":"Point","coordinates":[-79.96365,40.45441]}},{"id":"1041","type":"Feature","properties":{"common_name":"London planetree","condition":"Fair","height":7.62,"width":2.4384,"crown_r_m":1.2192,"crown_h_m":4.953,"height_imputed":false,"width_imputed":false,"neighborhood":"Upper Hill","tree_id":"t01041"},"geometry":{"type":"Point","coordinates":[-79.95939,40.45388]}},{"id":"1042","type":"Feature","properties":{"common_name":"London planetree","condition":"Good","height":7.62,"width":2.4384,"crown_r_m":1.2192,"crown_h_m":4.953,"height_imputed":false,"width_imputed":false,"neighborhood":"Upper Hill","tree_id":"t01042"},"geometry":{"type":"Point","coordinates":[-79.95923,40.45382]}},{"id":"1043","type":"Feature","properties":{"common_name":"London planetree","condition":"Fair","height":16.764,"width":3.048,"crown_r_m":1.524,"crown_h_m":10.8966,"height_imputed":false,"width_imputed":false,"neighborhood":"Upper Hill","tree_id":"t01043"},"geometry":{"type":"Point","coordinates":[-79.95786,40.45028]}},{"id":"1044","type":"Feature","properties":{"common_name":"London planetree","condition":"Poor","height":12.192,"width":4.572,"crown_r_m":2.286,"crown_h_m":7.9248,"height_imputed":false,"width_imputed":false,"neighborhood":"North Oakland","tree_id":"t01044"},"geometry":{"type":"Point","coordinates":[-79.95246,40.45272]}},{"id":"1045","type":"Feature","properties":{"common_name":"London planetree","condition":"Fair","height":3.6576,"width":1.8288,"crown_r_m":1.0,"crown_h_m":2.37744,"height_imputed":false,"width_imputed":false,"neighborhood":"North Oakland","tree_id":"t01045"},"geometry":{"type":"Point","coordinates":[-79.95009,40.44674]}},{"id":"1046","type":"Feature","properties":{"common_name":"London planetree","condition":"Poor","height":18.288,"width":9.144,"crown_r_m":4.572,"crown_h_m":11.8872,"height_imputed":false,"width_imputed":false,"neighborhood":"North Oakland","tree_id":"t01046"},"geometry":{"type":"Point","coordinates":[-79.95665,40.44732]}},{"id":"1047","type":"Feature","properties":{"common_name":"London planetree","condition":"Good","height":4.8768,"width":2.1336,"crown_r_m":1.0668,"crown_h_m":3.16992,"height_imputed":false,"width_imputed":false,"neighborhood":"North Oakland","tree_id":"t01047"},"geometry":{"type":"Point","coordinates":[-79.95617,40.44695]}},{"id":"1048","type":"Feature","properties":{"common_name":"London planetree","condition":"Poor","height":2.4384,"width":0.9144,"crown_r_m":1.0,"crown_h_m":1.58496,"height_imputed":false,"width_imputed":false,"neighborhood":"North Oakland","tree_id":"t01048"},"geometry":{"type":"Point","coordinates":[-79.95604,40.44684]}},{"id":"1049","type":"Feature","properties":{"common_name":"London planetree","condition":"Fair","height":18.288,"width":4.572,"crown_r_m":2.286,"crown_h_m":11.8872,"height_imputed":false,"width_imputed":false,"neighborhood":"North Oakland","tree_id":"t01049"},"geometry":{"type":"Point","coordinates":[-79.95592,40.44671]}},{"id":"1050","type":"Feature","properties":{"common_name":"London planetree","condition":"Good","height":7.62,"width":1.8288,"crown_r_m":1.0,"crown_h_m":4.953,"height_imputed":false,"width_imputed":false,"neighborhood":"North Oakland","tree_id":"t01050"},"geometry":{"type":"Point","coordinates":[-79.9553,40.44625]}},{"id":"1051","type":"Feature","properties":{"common_name":"London planetree","condition":"Good","height":7.62,"width":1.8288,"crown_r_m":1.0,"crown_h_m":4.953,"height_imputed":false,"width_imputed":false,"neighborhood":"North Oakland","tree_id":"t01051"},"geometry":{"type":"Point","coordinates":[-79.95524,40.4462]}},{"id":"1052","type":"Feature","properties":{"common_name":"London planetree","condition":"Fair","height":16.764,"width":3.9624,"crown_r_m":1.9812,"crown_h_m":10.8966,"height_imputed":false,"width_imputed":false,"neighborhood":"North Oakland","tree_id":"t01052"},"geometry":{"type":"Point","coordinates":[-79.95672,40.44535]}},{"id":"1053","type":"Feature","properties":{"common_name":"London planetree","condition":"Fair","height":12.192,"width":4.572,"crown_r_m":2.286,"crown_h_m":7.9248,"height_imputed":false,"width_imputed":false,"neighborhood":"North Oakland","tree_id":"t01053"},"geometry":{"type":"Point","coordinates":[-79.95653,40.44436]}},{"id":"1054","type":"Feature","properties":{"common_name":"London planetree","condition":"Good","height":18.288,"width":3.6576,"crown_r_m":1.8288,"crown_h_m":11.8872,"height_imputed":false,"width_imputed":false,"neighborhood":"North Oakland","tree_id":"t01054"},"geometry":{"type":"Point","coordinates":[-79.95494,40.44712]}},{"id":"1055","type":"Feature","properties":{"common_name":"London planetree","condition":"Good","height":7.62,"width":2.4384,"crown_r_m":1.2192,"crown_h_m":4.953,"height_imputed":false,"width_imputed":false,"neighborhood":"North Oakland","tree_id":"t01055"},"geometry":{"type":"Point","coordinates":[-79.95508,40.44705]}},{"id":"1056","type":"Feature","properties":{"common_name":"London planetree","condition":"Fair","height":6.096,"width":1.524,"crown_r_m":1.0,"crown_h_m":3.9624,"height_imputed":false,"width_imputed":false,"neighborhood":"North Oakland","tree_id":"t01056"},"geometry":{"type":"Point","coordinates":[-79.95722,40.44781]}},{"id":"1057","type":"Feature","properties":{"common_name":"London planetree","condition":"Fair","height":18.288,"width":9.144,"crown_r_m":4.572,"crown_h_m":11.8872,"height_imputed":false,"width_imputed":false,"neighborhood":"North Oakland","tree_id":"t01057"},"geometry":{"type":"Point","coordinates":[-79.95717,40.44813]}},{"id":"1058","type":"Feature","properties":{"common_name":"London planetree","condition":"Good","height":6.096,"width":1.8288,"crown_r_m":1.0,"crown_h_m":3.9624,"height_imputed":false,"width_imputed":false,"neighborhood":"North Oakland","tree_id":"t01058"},"geometry":{"type":"Point","coordinates":[-79.9571,40.44821]}},{"id":"1059","type":"Feature","properties":{"common_name":"London planetree","condition":"Fair","height":16.764,"width":6.096,"crown_r_m":3.048,"crown_h_m":10.8966,"height_imputed":false,"width_imputed":false,"neighborhood":"North Oakland","tree_id":"t01059"},"geometry":{"type":"Point","coordinates":[-79.95701,40.44826]}},{"id":"1060","type":"Feature","properties":{"common_name":"London planetree","condition":"Fair","height":18.288,"width":6.096,"crown_r_m":3.048,"crown_h_m":11.8872,"height_imputed":false,"width_imputed":false,"neighborhood":"North Oakland","tree_id":"t01060"},"geometry":{"type":"Point","coordinates":[-79.95693,40.44833]}},{"id":"1061","type":"Feature","properties":{"common_name":"London planetree","condition":"Fair","height":16.764,"width":3.3528,"crown_r_m":1.6764,"crown_h_m":10.8966,"height_imputed":false,"width_imputed":false,"neighborhood":"North Oakland","tree_id":"t01061"},"geometry":{"type":"Point","coordinates":[-79.9567,40.44849]}},{"id":"1062","type":"Feature","properties":{"common_name":"London planetree","condition":"Good","height":16.764,"width":3.6576,"crown_r_m":1.8288,"crown_h_m":10.8966,"height_imputed":false,"width_imputed":false,"neighborhood":"North Oakland","tree_id":"t01062"},"geometry":{"type":"Point","coordinates":[-79.9537,40.45073]}},{"id":"1063","type":"Feature","properties":{"common_name":"London planetree","condition":"Fair","height":13.716,"width":6.096,"crown_r_m":3.048,"crown_h_m":8.9154,"height_imputed":false,"width_imputed":false,"neighborhood":"Upper Hill","tree_id":"t01063"},"geometry":{"type":"Point","coordinates":[-79.95475,40.4515]}},{"id":"1064","type":"Feature","properties":{"common_name":"London planetree","condition":"Fair","height":13.716,"width":9.144,"crown_r_m":4.572,"crown_h_m":8.9154,"height_imputed":false,"width_imputed":false,"neighborhood":"Upper Hill","tree_id":"t01064"},"geometry":{"type":"Point","coordinates":[-79.95466,40.45175]}},{"id":"1065","type":"Feature","properties":{"common_name":"London planetree","condition":"Fair","height":15.24,"width":1.8288,"crown_r_m":1.0,"crown_h_m":9.906,"height_imputed":false,"width_imputed":false,"neighborhood":"Upper Hill","tree_id":"t01065"},"geometry":{"type":"Point","coordinates":[-79.96445,40.45369]}},{"id":"1066","type":"Feature","properties":{"common_name":"London planetree","condition":"Fair","height":12.192,"width":4.572,"crown_r_m":2.286,"crown_h_m":7.9248,"height_imputed":false,"width_imputed":false,"neighborhood":"Upper Hill","tree_id":"t01066"},"geometry":{"type":"Point","coordinates":[-79.96392,40.45442]}},{"id":"1067","type":"Feature","properties":{"common_name":"London planetree","condition":"Fair","height":12.192,"width":10.668,"crown_r_m":5.334,"crown_h_m":7.9248,"height_imputed":false,"width_imputed":false,"neighborhood":"Upper Hill","tree_id":"t01067"},"geometry":{"type":"Point","coordinates":[-79.96387,40.45445]}},{"id":"1068","type":"Feature","properties":{"common_name":"London planetree","condition":"Fair","height":18.288,"width":4.2672,"crown_r_m":2.1336,"crown_h_m":11.8872,"height_imputed":false,"width_imputed":false,"neighborhood":"Shadyside","tree_id":"t01068"},"geometry":{"type":"Point","coordinates":[-79.94479,40.45009]}},{"id":"1069","type":"Feature","properties":{"common_name":"London planetree","condition":"Fair","height":15.24,"width":4.572,"crown_r_m":2.286,"crown_h_m":9.906,"height_imputed":false,"width_imputed":false,"neighborhood":"Central Oakland","tree_id":"t01069"},"geometry":{"type":"Point","coordinates":[-79.95296,40.43739]}},{"id":"1070","type":"Feature","properties":{"common_name":"London planetree","condition":"Fair","height":14.6304,"width":6.096,"crown_r_m":3.048,"crown_h_m":9.50976,"height_imputed":false,"width_imputed":false,"neighborhood":"Shadyside","tree_id":"t01070"},"geometry":{"type":"Point","coordinates":[-79.94052,40.44909]}},{"id":"1071","type":"Feature","properties":{"common_name":"London planetree","condition":"Fair","height":13.1064,"width":4.572,"crown_r_m":2.286,"crown_h_m":8.51916,"height_imputed":false,"width_imputed":false,"neighborhood":"North Oakland","tree_id":"t01071"},"geometry":{"type":"Point","coordinates":[-79.95254,40.4478]}},{"id":"1072","type":"Feature","properties":{"common_name":"London planetree","condition":"Fair","height":15.24,"width":2.4384,"crown_r_m":1.2192,"crown_h_m":9.906,"height_imputed":false,"width_imputed":false,"neighborhood":"North Oakland","tree_id":"t01072"},"geometry":{"type":"Point","coordinates":[-79.95265,40.44802]}},{"id":"1073","type":"Feature","properties":{"common_name":"London planetree","condition":"Fair","height":5.1816,"width":2.4384,"crown_r_m":1.2192,"crown_h_m":3.36804,"height_imputed":false,"width_imputed":false,"neighborhood":"North Oakland","tree_id":"t01073"},"geometry":{"type":"Point","coordinates":[-79.95022,40.44672]}},{"id":"1074","type":"Feature","properties":{"common_name":"London planetree","condition":"Poor","height":5.1816,"width":1.8288,"crown_r_m":1.0,"crown_h_m":3.36804,"height_imputed":false,"width_imputed":false,"neighborhood":"North Oakland","tree_id":"t01074"},"geometry":{"type":"Point","coordinates":[-79.95035,40.44672]}},{"id":"1075","type":"Feature","properties":{"common_name":"London planetree","condition":"Good","height":7.62,"width":1.8288,"crown_r_m":1.0,"crown_h_m":4.953,"height_imputed":false,"width_imputed":false,"neighborhood":"North Oakland","tree_id":"t01075"},"geometry":{"type":"Point","coordinates":[-79.95416,40.4463]}},{"id":"1076","type":"Feature","properties":{"common_name":"London planetree","condition":"Fair","height":16.764,"width":4.572,"crown_r_m":2.286,"crown_h_m":10.8966,"height_imputed":false,"width_imputed":false,"neighborhood":"North Oakland","tree_id":"t01076"},"geometry":{"type":"Point","coordinates":[-79.95426,40.44638]}},{"id":"1077","type":"Feature","properties":{"common_name":"London planetree","condition":"Fair","height":18.288,"width":9.144,"crown_r_m":4.572,"crown_h_m":11.8872,"height_imputed":false,"width_imputed":false,"neighborhood":"North Oakland","tree_id":"t01077"},"geometry":{"type":"Point","coordinates":[-79.95672,40.44738]}},{"id":"1078","type":"Feature","properties":{"common_name":"London planetree","condition":"Fair","height":16.764,"width":4.572,"crown_r_m":2.286,"crown_h_m":10.8966,"height_imputed":false,"width_imputed":false,"neighborhood":"North Oakland","tree_id":"t01078"},"geometry":{"type":"Point","coordinates":[-79.95612,40.4469]}},{"id":"1079","type":"Feature","properties":{"common_name":"London planetree","condition":"Good","height":10.668,"width":1.524,"crown_r_m":1.0,"crown_h_m":6.9342,"height_imputed":false,"width_imputed":false,"neighborhood":"North Oakland","tree_id":"t01079"},"geometry":{"type":"Point","coordinates":[-79.95512,40.44724]}},{"id":"1080","type":"Feature","properties":{"common_name":"London planetree","condition":"Fair","height":6.096,"width":1.524,"crown_r_m":1.0,"crown_h_m":3.9624,"height_imputed":false,"width_imputed":false,"neighborhood":"North Oakland","tree_id":"t01080"},"geometry":{"type":"Point","coordinates":[-79.9551,40.44722]}},{"id":"1081","type":"Feature","properties":{"common_name":"London planetree","condition":"Good","height":18.288,"width":7.62,"crown_r_m":3.81,"crown_h_m":11.8872,"height_imputed":false,"width_imputed":false,"neighborhood":"North Oakland","tree_id":"t01081"},"geometry":{"type":"Point","coordinates":[-79.9549,40.44707]}},{"id":"1082","type":"Feature","properties":{"common_name":"London planetree","condition":"Good","height":19.812,"width":6.096,"crown_r_m":3.048,"crown_h_m":12.8778,"height_imputed":false,"width_imputed":false,"neighborhood":"North Oakland","tree_id":"t01082"},"geometry":{"type":"Point","coordinates":[-79.95481,40.447]}},{"id":"1083","type":"Feature","properties":{"common_name":"London planetree","condition":"Good","height":7.62,"width":2.1336,"crown_r_m":1.0668,"crown_h_m":4.953,"height_imputed":false,"width_imputed":false,"neighborhood":"North Oakland","tree_id":"t01083"},"geometry":{"type":"Point","coordinates":[-79.95493,40.44694]}},{"id":"1084","type":"Feature","properties":{"common_name":"London planetree","condition":"Good","height":15.24,"width":1.8288,"crown_r_m":1.0,"crown_h_m":9.906,"height_imputed":false,"width_imputed":false,"neighborhood":"North Oakland","tree_id":"t01084"},"geometry":{"type":"Point","coordinates":[-79.95652,40.44819]}},{"id":"1085","type":"Feature","properties":{"common_name":"London planetree","condition":"Good","height":10.668,"width":2.1336,"crown_r_m":1.0668,"crown_h_m":6.9342,"height_imputed":false,"width_imputed":false,"neighborhood":"North Oakland","tree_id":"t01085"},"geometry":{"type":"Point","coordinates":[-79.95667,40.4483]}},{"id":"1086","type":"Feature","properties":{"common_name":"London planetree","condition":"Good","height":19.812,"width":7.62,"crown_r_m":3.81,"crown_h_m":12.8778,"height_imputed":false,"width_imputed":false,"neighborhood":"North Oakland","tree_id":"t01086"},"geometry":{"type":"Point","coordinates":[-79.95617,40.44676]}},{"id":"1087","type":"Feature","properties":{"common_name":"London planetree","condition":"Fair","height":16.764,"width":5.4864,"crown_r_m":2.7432,"crown_h_m":10.8966,"height_imputed":false,"width_imputed":false,"neighborhood":"North Oakland","tree_id":"t01087"},"geometry":{"type":"Point","coordinates":[-79.95682,40.4484]}},{"id":"1088","type":"Feature","properties":{"common_name":"London planetree","condition":"Good","height":2.1336,"width":0.6096,"crown_r_m":1.0,"crown_h_m":1.5,"height_imputed":false,"width_imputed":false,"neighborhood":"North Oakland","tree_id":"t01088"},"geometry":{"type":"Point","coordinates":[-79.95581,40.44896]}},{"id":"1089","type":"Feature","properties":{"common_name":"London planetree","condition":"Fair","height":10.668,"width":2.1336,"crown_r_m":1.0668,"crown_h_m":6.9342,"height_imputed":false,"width_imputed":false,"neighborhood":"North Oakland","tree_id":"t01089"},"geometry":{"type":"Point","coordinates":[-79.9565,40.44848]}},{"id":"1090","type":"Feature","properties":{"common_name":"London planetree","condition":"Fair","height":13.716,"width":9.144,"crown_r_m":4.572,"crown_h_m":8.9154,"height_imputed":false,"width_imputed":false,"neighborhood":"Upper Hill","tree_id":"t01090"},"geometry":{"type":"Point","coordinates":[-79.95563,40.45047]}},{"id":"1091","type":"Feature","properties":{"common_name":"London planetree","condition":"Fair","height":13.716,"width":4.572,"crown_r_m":2.286,"crown_h_m":8.9154,"height_imputed":false,"width_imputed":false,"neighborhood":"Upper Hill","tree_id":"t01091"},"geometry":{"type":"Point","coordinates":[-79.95519,40.4508]}},{"id":"1092","type":"Feature","properties":{"common_name":"Elm: Hybrid","condition":"Very Good","height":7.62,"width":2.1336,"crown_r_m":1.0668,"crown_h_m":4.953,"height_imputed":true,"width_imputed":true,"neighborhood":"North Oakland","tree_id":"t01092"},"geometry":{"type":"Point","coordinates":[-79.95805,40.4486]}},{"id":"1093","type":"Feature","properties":{"common_name":"London planetree","condition":"Fair","height":12.192,"width":3.6576,"crown_r_m":1.8288,"crown_h_m":7.9248,"height_imputed":false,"width_imputed":false,"neighborhood":"Shadyside","tree_id":"t01093"},"geometry":{"type":"Point","coordinates":[-79.94532,40.45261]}},{"id":"1094","type":"Feature","properties":{"common_name":"London planetree","condition":"Fair","height":16.764,"width":3.6576,"crown_r_m":1.8288,"crown_h_m":10.8966,"height_imputed":false,"width_imputed":false,"neighborhood":"Central Oakland","tree_id":"t01094"},"geometry":{"type":"Point","coordinates":[-79.95287,40.43733]}},{"id":"1095","type":"Feature","properties":{"common_name":"London planetree","condition":"Fair","height":15.8496,"width":7.62,"crown_r_m":3.81,"crown_h_m":10.30224,"height_imputed":false,"width_imputed":false,"neighborhood":"Central Oakland","tree_id":"t01095"},"geometry":{"type":"Point","coordinates":[-79.95111,40.43712]}},{"id":"1096","type":"Feature","properties":{"common_name":"Cherry: Japanese Flowering","condition":"Good","height":3.048,"width":1.8288,"crown_r_m":1.0,"crown_h_m":1.9812,"height_imputed":false,"width_imputed":false,"neighborhood":"North Oakland","tree_id":"t01096"},"geometry":{"type":"Point","coordinates":[-79.95004,40.44522]}},{"id":"1097","type":"Feature","properties":{"common_name":"Cherry: Japanese Flowering","condition":"Good","height":2.4384,"width":2.1336,"crown_r_m":1.0668,"crown_h_m":1.58496,"height_imputed":false,"width_imputed":false,"neighborhood":"North Oakland","tree_id":"t01097"},"geometry":{"type":"Point","coordinates":[-79.94976,40.44524]}},{"id":"1098","type":"Feature","properties":{"common_name":"Cherry: Japanese Flowering","condition":"Good","height":3.048,"width":1.524,"crown_r_m":1.0,"crown_h_m":1.9812,"height_imputed":false,"width_imputed":false,"neighborhood":"North Oakland","tree_id":"t01098"},"geometry":{"type":"Point","coordinates":[-79.94997,40.44523]}},{"id":"1099","type":"Feature","properties":{"common_name":"Cherry: Japanese Flowering","condition":"Good","height":3.048,"width":1.524,"crown_r_m":1.0,"crown_h_m":1.9812,"height_imputed":false,"width_imputed":false,"neighborhood":"North Oakland","tree_id":"t01099"},"geometry":{"type":"Point","coordinates":[-79.94989,40.44524]}},{"id":"1100","type":"Feature","properties":{"common_name":"Cherry: Japanese Flowering","condition":"Good","height":2.4384,"width":1.8288,"crown_r_m":1.0,"crown_h_m":1.58496,"height_imputed":false,"width_imputed":false,"neighborhood":"North Oakland","tree_id":"t01100"},"geometry":{"type":"Point","coordinates":[-79.95014,40.44522]}},{"id":"1101","type":"Feature","properties":{"common_name":"Arborvitae: Eastern","condition":"Fair","height":1.8288,"width":0.6096,"crown_r_m":1.0,"crown_h_m":1.5,"height_imputed":false,"width_imputed":false,"neighborhood":"North Oakland","tree_id":"t01101"},"geometry":{"type":"Point","coordinates":[-79.95598,40.44885]}},{"id":"1102","type":"Feature","properties":{"common_name":"Arborvitae: Eastern","condition":"Good","height":2.4384,"width":0.6096,"crown_r_m":1.0,"crown_h_m":1.58496,"height_imputed":false,"width_imputed":false,"neighborhood":"North Oakland","tree_id":"t01102"},"geometry":{"type":"Point","coordinates":[-79.95638,40.44857]}},{"id":"1103","type":"Feature","properties":{"common_name":"Arborvitae: Eastern","condition":"Good","height":2.1336,"width":0.3048,"crown_r_m":1.0,"crown_h_m":1.5,"height_imputed":false,"width_imputed":false,"neighborhood":"North Oakland","tree_id":"t01103"},"geometry":{"type":"Point","coordinates":[-79.95612,40.44875]}},{"id":"1104","type":"Feature","properties":{"common_name":"Arborvitae: Eastern","condition":"Good","height":2.1336,"width":0.6096,"crown_r_m":1.0,"crown_h_m":1.5,"height_imputed":false,"width_imputed":false,"neighborhood":"North Oakland","tree_id":"t01104"},"geometry":{"type":"Point","coordinates":[-79.95619,40.44869]}},{"id":"1105","type":"Feature","properties":{"common_name":"Arborvitae: Eastern","condition":"Good","height":2.1336,"width":0.6096,"crown_r_m":1.0,"crown_h_m":1.5,"height_imputed":false,"width_imputed":false,"neighborhood":"North Oakland","tree_id":"t01105"},"geometry":{"type":"Point","coordinates":[-79.95628,40.44863]}},{"id":"1106","type":"Feature","properties":{"common_name":"Arborvitae: Eastern","condition":"Good","height":2.1336,"width":0.6096,"crown_r_m":1.0,"crown_h_m":1.5,"height_imputed":false,"width_imputed":false,"neighborhood":"North Oakland","tree_id":"t01106"},"geometry":{"type":"Point","coordinates":[-79.9559,40.4489]}},{"id":"1107","type":"Feature","properties":{"common_name":"Arborvitae: Eastern","condition":"Good","height":2.1336,"width":0.3048,"crown_r_m":1.0,"crown_h_m":1.5,"height_imputed":false,"width_imputed":false,"neighborhood":"North Oakland","tree_id":"t01107"},"geometry":{"type":"Point","coordinates":[-79.95595,40.44888]}},{"id":"1108","type":"Feature","properties":{"common_name":"Arborvitae: Eastern","condition":"Fair","height":2.1336,"width":0.6096,"crown_r_m":1.0,"crown_h_m":1.5,"height_imputed":false,"width_imputed":false,"neighborhood":"North Oakland","tree_id":"t01108"},"geometry":{"type":"Point","coordinates":[-79.95622,40.44867]}},{"id":"1109","type":"Feature","properties":{"common_name":"Arborvitae: Eastern","condition":"Fair","height":1.8288,"width":0.3048,"crown_r_m":1.0,"crown_h_m":1.5,"height_imputed":false,"width_imputed":false,"neighborhood":"North Oakland","tree_id":"t01109"},"geometry":{"type":"Point","coordinates":[-79.95593,40.4489]}},{"id":"1110","type":"Feature","properties":{"common_name":"Cherry: Japanese Flowering","condition":"Good","height":10.668,"width":0.9144,"crown_r_m":1.0,"crown_h_m":6.9342,"height_imputed":false,"width_imputed":false,"neighborhood":"Central Oakland","tree_id":"t01110"},"geometry":{"type":"Point","coordinates":[-79.9518,40.43714]}},{"id":"1111","type":"Feature","properties":{"common_name":"Honeylocust","condition":"Fair","height":3.6576,"width":1.8288,"crown_r_m":1.0,"crown_h_m":2.37744,"height_imputed":false,"width_imputed":false,"neighborhood":"North Oakland","tree_id":"t01111"},"geometry":{"type":"Point","coordinates":[-79.95558,40.44498]}},{"id":"1112","type":"Feature","properties":{"common_name":"London planetree","condition":"Fair","height":13.716,"width":2.7432,"crown_r_m":1.3716,"crown_h_m":8.9154,"height_imputed":false,"width_imputed":false,"neighborhood":"Terrace Village","tree_id":"t01112"},"geometry":{"type":"Point","coordinates":[-79.96628,40.44354]}},{"id":"1113","type":"Feature","properties":{"common_name":"Linden: Littleleaf","condition":"Fair","height":7.3152,"width":3.6576,"crown_r_m":1.8288,"crown_h_m":4.75488,"height_imputed":false,"width_imputed":false,"neighborhood":"Shadyside","tree_id":"t01113"},"geometry":{"type":"Point","coordinates":[-79.94335,40.45165]}},{"id":"1114","type":"Feature","properties":{"common_name":"Mulberry: White","condition":"Fair","height":10.668,"width":3.048,"crown_r_m":1.524,"crown_h_m":6.9342,"height_imputed":false,"width_imputed":false,"neighborhood":"Middle Hill","tree_id":"t01114"},"geometry":{"type":"Point","coordinates":[-79.966,40.45111]}},{"id":"1115","type":"Feature","properties":{"common_name":"Maple: Red","condition":"Poor","height":5.4864,"width":2.1336,"crown_r_m":1.0668,"crown_h_m":3.56616,"height_imputed":false,"width_imputed":false,"neighborhood":"Upper Hill","tree_id":"t01115"},"geometry":{"type":"Point","coordinates":[-79.95983,40.45119]}},{"id":"1116","type":"Feature","properties":{"common_name":"Linden: Littleleaf","condition":"Poor","height":10.668,"width":2.4384,"crown_r_m":1.2192,"crown_h_m":6.9342,"height_imputed":false,"width_imputed":false,"neighborhood":"Upper Hill","tree_id":"t01116"},"geometry":{"type":"Point","coordinates":[-79.9603,40.45184]}},{"id":"1117","type":"Feature","properties":{"common_name":"Linden: Littleleaf","condition":"Fair","height":8.5344,"width":2.4384,"crown_r_m":1.2192,"crown_h_m":5.54736,"height_imputed":false,"width_imputed":false,"neighborhood":"Upper Hill","tree_id":"t01117"},"geometry":{"type":"Point","coordinates":[-79.96,40.45176]}},{"id":"1118","type":"Feature","properties":{"common_name":"Pine: Scotch","condition":"Poor","height":10.668,"width":6.096,"crown_r_m":3.048,"crown_h_m":6.9342,"height_imputed":false,"width_imputed":false,"neighborhood":"Middle Hill","tree_id":"t01118"},"geometry":{"type":"Point","coordinates":[-79.96865,40.44641]}},{"id":"1119","type":"Feature","properties":{"common_name":"London planetree","condition":"Good","height":15.24,"width":6.096,"crown_r_m":3.048,"crown_h_m":9.906,"height_imputed":false,"width_imputed":false,"neighborhood":"North Oakland","tree_id":"t01119"},"geometry":{"type":"Point","coordinates":[-79.95469,40.44575]}},{"id":"1120","type":"Feature","properties":{"common_name":"London planetree","condition":"Good","height":7.62,"width":1.8288,"crown_r_m":1.0,"crown_h_m":4.953,"height_imputed":false,"width_imputed":false,"neighborhood":"North Oakland","tree_id":"t01120"},"geometry":{"type":"Point","coordinates":[-79.95516,40.44614]}},{"id":"1121","type":"Feature","properties":{"common_name":"Tuliptree","condition":"Poor","height":6.096,"width":2.7432,"crown_r_m":1.3716,"crown_h_m":3.9624,"height_imputed":false,"width_imputed":false,"neighborhood":"North Oakland","tree_id":"t01121"},"geometry":{"type":"Point","coordinates":[-79.94776,40.44584]}},{"id":"1122","type":"Feature","properties":{"common_name":"Dogwood: Flowering","condition":"Fair","height":1.8288,"width":0.9144,"crown_r_m":1.0,"crown_h_m":1.5,"height_imputed":false,"width_imputed":false,"neighborhood":"North Oakland","tree_id":"t01122"},"geometry":{"type":"Point","coordinates":[-79.94778,40.44595]}},{"id":"1123","type":"Feature","properties":{"common_name":"London planetree","condition":"Fair","height":13.716,"width":7.0104,"crown_r_m":3.5052,"crown_h_m":8.9154,"height_imputed":false,"width_imputed":false,"neighborhood":"North Oakland","tree_id":"t01123"},"geometry":{"type":"Point","coordinates":[-79.95368,40.44705]}},{"id":"1124","type":"Feature","properties":{"common_name":"Maple: Red","condition":"Fair","height":13.4112,"width":3.6576,"crown_r_m":1.8288,"crown_h_m":8.71728,"height_imputed":false,"width_imputed":false,"neighborhood":"Shadyside","tree_id":"t01124"},"geometry":{"type":"Point","coordinates":[-79.94264,40.44919]}},{"id":"1125","type":"Feature","properties":{"common_name":"Honeylocust","condition":"Good","height":5.4864,"width":1.8288,"crown_r_m":1.0,"crown_h_m":3.56616,"height_imputed":false,"width_imputed":false,"neighborhood":"North Oakland","tree_id":"t01125"},"geometry":{"type":"Point","coordinates":[-79.95567,40.44505]}},{"id":"1126","type":"Feature","properties":{"common_name":"Honeylocust: Thornless","condition":"Good","height":3.6576,"width":2.1336,"crown_r_m":1.0668,"crown_h_m":2.37744,"height_imputed":false,"width_imputed":false,"neighborhood":"North Oakland","tree_id":"t01126"},"geometry":{"type":"Point","coordinates":[-79.95526,40.4447]}},{"id":"1127","type":"Feature","properties":{"common_name":"Honeylocust: Thornless","condition":"Good","height":5.4864,"width":1.8288,"crown_r_m":1.0,"crown_h_m":3.56616,"height_imputed":false,"width_imputed":false,"neighborhood":"North Oakland","tree_id":"t01127"},"geometry":{"type":"Point","coordinates":[-79.9554,40.44483]}},{"id":"1128","type":"Feature","properties":{"common_name":"Honeylocust: Thornless","condition":"Good","height":5.4864,"width":1.8288,"crown_r_m":1.0,"crown_h_m":3.56616,"height_imputed":false,"width_imputed":false,"neighborhood":"North Oakland","tree_id":"t01128"},"geometry":{"type":"Point","coordinates":[-79.95519,40.44465]}},{"id":"1129","type":"Feature","properties":{"common_name":"Honeylocust: Thornless","condition":"Fair","height":4.572,"width":2.4384,"crown_r_m":1.2192,"crown_h_m":2.9718,"height_imputed":false,"width_imputed":false,"neighborhood":"North Oakland","tree_id":"t01129"},"geometry":{"type":"Point","coordinates":[-79.95512,40.4446]}},{"id":"1130","type":"Feature","properties":{"common_name":"Honeylocust: Thornless","condition":"Good","height":4.572,"width":2.1336,"crown_r_m":1.0668,"crown_h_m":2.9718,"height_imputed":false,"width_imputed":false,"neighborhood":"North Oakland","tree_id":"t01130"},"geometry":{"type":"Point","coordinates":[-79.95533,40.44476]}},{"id":"1131","type":"Feature","properties":{"common_name":"Honeylocust: Thornless","condition":"Good","height":4.572,"width":2.7432,"crown_r_m":1.3716,"crown_h_m":2.9718,"height_imputed":false,"width_imputed":false,"neighborhood":"North Oakland","tree_id":"t01131"},"geometry":{"type":"Point","coordinates":[-79.95505,40.44454]}},{"id":"1132","type":"Feature","properties":{"common_name":"Honeylocust: Thornless","condition":"Fair","height":4.2672,"width":1.524,"crown_r_m":1.0,"crown_h_m":2.77368,"height_imputed":false,"width_imputed":false,"neighborhood":"North Oakland","tree_id":"t01132"},"geometry":{"type":"Point","coordinates":[-79.9563,40.44435]}},{"id":"1133","type":"Feature","properties":{"common_name":"London planetree","condition":"Good","height":10.668,"width":7.62,"crown_r_m":3.81,"crown_h_m":6.9342,"height_imputed":false,"width_imputed":false,"neighborhood":"North Oakland","tree_id":"t01133"},"geometry":{"type":"Point","coordinates":[-79.95697,40.44489]}},{"id":"1134","type":"Feature","properties":{"common_name":"Honeylocust: Thornless","condition":"Fair","height":4.572,"width":1.524,"crown_r_m":1.0,"crown_h_m":2.9718,"height_imputed":false,"width_imputed":false,"neighborhood":"North Oakland","tree_id":"t01134"},"geometry":{"type":"Point","coordinates":[-79.95646,40.44449]}},{"id":"1135","type":"Feature","properties":{"common_name":"Honeylocust: Thornless","condition":"Fair","height":6.096,"width":1.8288,"crown_r_m":1.0,"crown_h_m":3.9624,"height_imputed":false,"width_imputed":false,"neighborhood":"North Oakland","tree_id":"t01135"},"geometry":{"type":"Point","coordinates":[-79.95581,40.44396]}},{"id":"1136","type":"Feature","properties":{"common_name":"Honeylocust: Thornless","condition":"Good","height":6.096,"width":2.1336,"crown_r_m":1.0668,"crown_h_m":3.9624,"height_imputed":false,"width_imputed":false,"neighborhood":"North Oakland","tree_id":"t01136"},"geometry":{"type":"Point","coordinates":[-79.95589,40.44402]}},{"id":"1137","type":"Feature","properties":{"common_name":"Honeylocust: Thornless","condition":"Fair","height":4.572,"width":1.524,"crown_r_m":1.0,"crown_h_m":2.9718,"height_imputed":false,"width_imputed":false,"neighborhood":"North Oakland","tree_id":"t01137"},"geometry":{"type":"Point","coordinates":[-79.95638,40.44442]}},{"id":"1138","type":"Feature","properties":{"common_name":"Honeylocust: Thornless","condition":"Fair","height":6.096,"width":1.8288,"crown_r_m":1.0,"crown_h_m":3.9624,"height_imputed":false,"width_imputed":false,"neighborhood":"North Oakland","tree_id":"t01138"},"geometry":{"type":"Point","coordinates":[-79.95597,40.44408]}},{"id":"1139","type":"Feature","properties":{"common_name":"London planetree","condition":"Fair","height":16.764,"width":6.096,"crown_r_m":3.048,"crown_h_m":10.8966,"height_imputed":false,"width_imputed":false,"neighborhood":"North Oakland","tree_id":"t01139"},"geometry":{"type":"Point","coordinates":[-79.95663,40.44466]}},{"id":"1140","type":"Feature","properties":{"common_name":"Honeylocust: Thornless","condition":"Fair","height":4.2672,"width":1.8288,"crown_r_m":1.0,"crown_h_m":2.77368,"height_imputed":false,"width_imputed":false,"neighborhood":"North Oakland","tree_id":"t01140"},"geometry":{"type":"Point","coordinates":[-79.9562,40.44426]}},{"id":"1141","type":"Feature","properties":{"common_name":"Sweetgum: American","condition":"Fair","height":7.3152,"width":2.7432,"crown_r_m":1.3716,"crown_h_m":4.75488,"height_imputed":false,"width_imputed":false,"neighborhood":"Shadyside","tree_id":"t01141"},"geometry":{"type":"Point","coordinates":[-79.94144,40.45294]}},{"id":"1142","type":"Feature","properties":{"common_name":"Maple: Red","condition":"Good","height":7.62,"width":1.524,"crown_r_m":1.0,"crown_h_m":4.953,"height_imputed":false,"width_imputed":false,"neighborhood":"Terrace Village","tree_id":"t01142"},"geometry":{"type":"Point","coordinates":[-79.96868,40.44236]}},{"id":"1143","type":"Feature","properties":{"common_name":"Oak: Pin","condition":"Fair","height":9.144,"width":2.7432,"crown_r_m":1.3716,"crown_h_m":5.9436,"height_imputed":false,"width_imputed":false,"neighborhood":"North Oakland","tree_id":"t01143"},"geometry":{"type":"Point","coordinates":[-79.95053,40.45149]}},{"id":"1144","type":"Feature","properties":{"common_name":"Pear: Callery","condition":"Good","height":6.096,"width":0.9144,"crown_r_m":1.0,"crown_h_m":3.9624,"height_imputed":false,"width_imputed":false,"neighborhood":"North Oakland","tree_id":"t01144"},"geometry":{"type":"Point","coordinates":[-79.95489,40.44572]}},{"id":"1145","type":"Feature","properties":{"common_name":"Locust: Black","condition":"Fair","height":15.24,"width":9.144,"crown_r_m":4.572,"crown_h_m":9.906,"height_imputed":false,"width_imputed":false,"neighborhood":"Central Oakland","tree_id":"t01145"},"geometry":{"type":"Point","coordinates":[-79.95743,40.43829]}},{"id":"1146","type":"Feature","properties":{"common_name":"Pear: Callery","condition":"Good","height":12.192,"width":2.7432,"crown_r_m":1.3716,"crown_h_m":7.9248,"height_imputed":false,"width_imputed":false,"neighborhood":"North Oakland","tree_id":"t01146"},"geometry":{"type":"Point","coordinates":[-79.95704,40.44536]}},{"id":"1147","type":"Feature","properties":{"common_name":"Maple: Red","condition":"Good","height":13.716,"width":1.8288,"crown_r_m":1.0,"crown_h_m":8.9154,"height_imputed":false,"width_imputed":false,"neighborhood":"Upper Hill","tree_id":"t01147"},"geometry":{"type":"Point","coordinates":[-79.95682,40.45208]}},{"id":"1148","type":"Feature","properties":{"common_name":"Magnolia: Saucer","condition":"Good","height":4.572,"width":3.048,"crown_r_m":1.524,"crown_h_m":2.9718,"height_imputed":false,"width_imputed":false,"neighborhood":"North Oakland","tree_id":"t01148"},"geometry":{"type":"Point","coordinates":[-79.95425,40.44542]}},{"id":"1149","type":"Feature","properties":{"common_name":"Oak: Northern Red","condition":"Good","height":15.24,"width":2.4384,"crown_r_m":1.2192,"crown_h_m":9.906,"height_imputed":false,"width_imputed":false,"neighborhood":"North Oakland","tree_id":"t01149"},"geometry":{"type":"Point","coordinates":[-79.95508,40.44674]}},{"id":"1150","type":"Feature","properties":{"common_name":"Pear: Callery","condition":"Good","height":12.192,"width":3.6576,"crown_r_m":1.8288,"crown_h_m":7.9248,"height_imputed":false,"width_imputed":false,"neighborhood":"Central Oakland","tree_id":"t01150"},"geometry":{"type":"Point","coordinates":[-79.95115,40.43701]}},{"id":"1151","type":"Feature","properties":{"common_name":"Linden: Littleleaf","condition":"Good","height":13.716,"width":2.1336,"crown_r_m":1.0668,"crown_h_m":8.9154,"height_imputed":false,"width_imputed":false,"neighborhood":"Central Oakland","tree_id":"t01151"},"geometry":{"type":"Point","coordinates":[-79.95119,40.43707]}},{"id":"1152","type":"Feature","properties":{"common_name":"Maple: Norway","condition":"Fair","height":9.144,"width":3.6576,"crown_r_m":1.8288,"crown_h_m":5.9436,"height_imputed":false,"width_imputed":false,"neighborhood":"North Oakland","tree_id":"t01152"},"geometry":{"type":"Point","coordinates":[-79.95404,40.45135]}},{"id":"1153","type":"Feature","properties":{"common_name":"Maple: Red","condition":"Fair","height":6.096,"width":1.524,"crown_r_m":1.0,"crown_h_m":3.9624,"height_imputed":false,"width_imputed":false,"neighborhood":"Shadyside","tree_id":"t01153"},"geometry":{"type":"Point","coordinates":[-79.94562,40.44981]}},{"id":"1154","type":"Feature","properties":{"common_name":"Honeylocust: Thornless","condition":"Poor","height":5.1816,"width":2.1336,"crown_r_m":1.0668,"crown_h_m":3.36804,"height_imputed":false,"width_imputed":false,"neighborhood":"North Oakland","tree_id":"t01154"},"geometry":{"type":"Point","coordinates":[-79.95089,40.45211]}},{"id":"1155","type":"Feature","properties":{"common_name":"Sweetgum: American","condition":"Fair","height":10.668,"width":3.6576,"crown_r_m":1.8288,"crown_h_m":6.9342,"height_imputed":false,"width_imputed":false,"neighborhood":"North Oakland","tree_id":"t01155"},"geometry":{"type":"Point","coordinates":[-79.95729,40.44385]}},{"id":"1156","type":"Feature","properties":{"common_name":"Honeylocust: Thornless","condition":"Good","height":4.8768,"width":1.524,"crown_r_m":1.0,"crown_h_m":3.16992,"height_imputed":false,"width_imputed":false,"neighborhood":"West Oakland","tree_id":"t01156"},"geometry":{"type":"Point","coordinates":[-79.95995,40.44076]}},{"id":"1157","type":"Feature","properties":{"common_name":"Honeylocust: Thornless","condition":"Good","height":5.1816,"width":1.8288,"crown_r_m":1.0,"crown_h_m":3.36804,"height_imputed":false,"width_imputed":false,"neighborhood":"West Oakland","tree_id":"t01157"},"geometry":{"type":"Point","coordinates":[-79.95976,40.44089]}},{"id":"1158","type":"Feature","properties":{"common_name":"Plum: Cherry","condition":"Good","height":1.2192,"width":0.3048,"crown_r_m":1.0,"crown_h_m":1.5,"height_imputed":false,"width_imputed":false,"neighborhood":"West Oakland","tree_id":"t01158"},"geometry":{"type":"Point","coordinates":[-79.95938,40.44129]}},{"id":"1159","type":"Feature","properties":{"common_name":"Maple: Norway","condition":"Fair","height":9.144,"width":3.6576,"crown_r_m":1.8288,"crown_h_m":5.9436,"height_imputed":false,"width_imputed":false,"neighborhood":"Upper Hill","tree_id":"t01159"},"geometry":{"type":"Point","coordinates":[-79.9546,40.45201]}},{"id":"1160","type":"Feature","properties":{"common_name":"London planetree","condition":"Good","height":9.144,"width":1.524,"crown_r_m":1.0,"crown_h_m":5.9436,"height_imputed":false,"width_imputed":false,"neighborhood":"North Oakland","tree_id":"t01160"},"geometry":{"type":"Point","coordinates":[-79.95511,40.44609]}},{"id":"1161","type":"Feature","properties":{"common_name":"London planetree","condition":"Poor","height":13.716,"width":3.048,"crown_r_m":1.524,"crown_h_m":8.9154,"height_imputed":false,"width_imputed":false,"neighborhood":"North Oakland","tree_id":"t01161"},"geometry":{"type":"Point","coordinates":[-79.95703,40.44511]}},{"id":"1162","type":"Feature","properties":{"common_name":"Oak: Pin","condition":"Critical","height":4.572,"width":2.4384,"crown_r_m":1.2192,"crown_h_m":2.9718,"height_imputed":false,"width_imputed":false,"neighborhood":"North Oakland","tree_id":"t01162"},"geometry":{"type":"Point","coordinates":[-79.95065,40.45169]}},{"id":"1163","type":"Feature","properties":{"common_name":"London planetree","condition":"Fair","height":3.6576,"width":1.524,"crown_r_m":1.0,"crown_h_m":2.37744,"height_imputed":false,"width_imputed":false,"neighborhood":"North Oakland","tree_id":"t01163"},"geometry":{"type":"Point","coordinates":[-79.94757,40.44443]}},{"id":"1164","type":"Feature","properties":{"common_name":"Oak: White","condition":"Fair","height":7.62,"width":2.1336,"crown_r_m":1.0668,"crown_h_m":4.953,"height_imputed":true,"width_imputed":true,"neighborhood":"Squirrel Hill South","tree_id":"t01164"},"geometry":{"type":"Point","coordinates":[-79.94423,40.44044]}},{"id":"1165","type":"Feature","properties":{"common_name":"Ash: White","condition":"Poor","height":7.62,"width":2.1336,"crown_r_m":1.0668,"crown_h_m":4.953,"height_imputed":true,"width_imputed":true,"neighborhood":"Squirrel Hill South","tree_id":"t01165"},"geometry":{"type":"Point","coordinates":[-79.94429,40.44044]}},{"id":"1166","type":"Feature","properties":{"common_name":"Oak: Northern Red","condition":"Good","height":15.24,"width":3.6576,"crown_r_m":1.8288,"crown_h_m":9.906,"height_imputed":true,"width_imputed":true,"neighborhood":"Squirrel Hill South","tree_id":"t01166"},"geometry":{"type":"Point","coordinates":[-79.94434,40.44052]}},{"id":"1167","type":"Feature","properties":{"common_name":"Oak: Bur","condition":"Good","height":7.62,"width":2.1336,"crown_r_m":1.0668,"crown_h_m":4.953,"height_imputed":true,"width_imputed":true,"neighborhood":"Squirrel Hill South","tree_id":"t01167"},"geometry":{"type":"Point","coordinates":[-79.94437,40.44061]}},{"id":"1168","type":"Feature","properties":{"common_name":"Horsechestnut","condition":"Good","height":7.62,"width":2.1336,"crown_r_m":1.0668,"crown_h_m":4.953,"height_imputed":true,"width_imputed":true,"neighborhood":"Squirrel Hill South","tree_id":"t01168"},"geometry":{"type":"Point","coordinates":[-79.94424,40.44062]}},{"id":"1169","type":"Feature","properties":{"common_name":"Ash: White","condition":"Fair","height":7.62,"width":2.1336,"crown_r_m":1.0668,"crown_h_m":4.953,"height_imputed":true,"width_imputed":true,"neighborhood":"Squirrel Hill South","tree_id":"t01169"},"geometry":{"type":"Point","coordinates":[-79.94445,40.44074]}},{"id":"1170","type":"Feature","properties":{"common_name":"Oak: Northern Red","condition":"Good","height":15.24,"width":3.6576,"crown_r_m":1.8288,"crown_h_m":9.906,"height_imputed":true,"width_imputed":true,"neighborhood":"Squirrel Hill South","tree_id":"t01170"},"geometry":{"type":"Point","coordinates":[-79.94448,40.44069]}},{"id":"1171","type":"Feature","properties":{"common_name":"Oak: White","condition":"Good","height":7.62,"width":2.1336,"crown_r_m":1.0668,"crown_h_m":4.953,"height_imputed":true,"width_imputed":true,"neighborhood":"Squirrel Hill South","tree_id":"t01171"},"geometry":{"type":"Point","coordinates":[-79.94453,40.44074]}},{"id":"1172","type":"Feature","properties":{"common_name":"Oak: Northern Red","condition":"Fair","height":15.24,"width":3.6576,"crown_r_m":1.8288,"crown_h_m":9.906,"height_imputed":true,"width_imputed":true,"neighborhood":"Squirrel Hill South","tree_id":"t01172"},"geometry":{"type":"Point","coordinates":[-79.9447,40.4408]}},{"id":"1173","type":"Feature","properties":{"common_name":"Linden: Littleleaf","condition":"Fair","height":10.668,"width":2.7432,"crown_r_m":1.3716,"crown_h_m":6.9342,"height_imputed":true,"width_imputed":true,"neighborhood":"Squirrel Hill South","tree_id":"t01173"},"geometry":{"type":"Point","coordinates":[-79.94486,40.44089]}},{"id":"1174","type":"Feature","properties":{"common_name":"Oak: Pin","condition":"Fair","height":16.764,"width":4.572,"crown_r_m":2.286,"crown_h_m":10.8966,"height_imputed":true,"width_imputed":true,"neighborhood":"Squirrel Hill South","tree_id":"t01174"},"geometry":{"type":"Point","coordinates":[-79.94493,40.44092]}},{"id":"1175","type":"Feature","properties":{"common_name":"Oak: White","condition":"Good","height":7.62,"width":2.1336,"crown_r_m":1.0668,"crown_h_m":4.953,"height_imputed":true,"width_imputed":true,"neighborhood":"Squirrel Hill South","tree_id":"t01175"},"geometry":{"type":"Point","coordinates":[-79.94535,40.44098]}},{"id":"1176","type":"Feature","properties":{"common_name":"Oak: White","condition":"Fair","height":7.62,"width":2.1336,"crown_r_m":1.0668,"crown_h_m":4.953,"height_imputed":true,"width_imputed":true,"neighborhood":"Squirrel Hill South","tree_id":"t01176"},"geometry":{"type":"Point","coordinates":[-79.94543,40.44098]}},{"id":"1177","type":"Feature","properties":{"common_name":"Oak: Pin","condition":"Fair","height":16.764,"width":4.572,"crown_r_m":2.286,"crown_h_m":10.8966,"height_imputed":true,"width_imputed":true,"neighborhood":"Squirrel Hill South","tree_id":"t01177"},"geometry":{"type":"Point","coordinates":[-79.94566,40.441]}},{"id":"1178","type":"Feature","properties":{"common_name":"Oak: White","condition":"Poor","height":7.62,"width":2.1336,"crown_r_m":1.0668,"crown_h_m":4.953,"height_imputed":true,"width_imputed":true,"neighborhood":"Squirrel Hill South","tree_id":"t01178"},"geometry":{"type":"Point","coordinates":[-79.94576,40.4411]}},{"id":"1179","type":"Feature","properties":{"common_name":"Oak: Pin","condition":"Poor","height":16.764,"width":4.572,"crown_r_m":2.286,"crown_h_m":10.8966,"height_imputed":true,"width_imputed":true,"neighborhood":"Squirrel Hill South","tree_id":"t01179"},"geometry":{"type":"Point","coordinates":[-79.94584,40.44117]}},{"id":"1180","type":"Feature","properties":{"common_name":"Oak: White","condition":"Good","height":7.62,"width":2.1336,"crown_r_m":1.0668,"crown_h_m":4.953,"height_imputed":true,"width_imputed":true,"neighborhood":"Squirrel Hill South","tree_id":"t01180"},"geometry":{"type":"Point","coordinates":[-79.94586,40.44107]}},{"id":"1181","type":"Feature","properties":{"common_name":"Oak: White","condition":"Good","height":7.62,"width":2.1336,"crown_r_m":1.0668,"crown_h_m":4.953,"height_imputed":true,"width_imputed":true,"neighborhood":"Squirrel Hill South","tree_id":"t01181"},"geometry":{"type":"Point","coordinates":[-79.94596,40.4411]}},{"id":"1182","type":"Feature","properties":{"common_name":"London planetree","condition":"Good","height":15.24,"width":3.6576,"crown_r_m":1.8288,"crown_h_m":9.906,"height_imputed":true,"width_imputed":true,"neighborhood":"North Oakland","tree_id":"t01182"},"geometry":{"type":"Point","coordinates":[-79.95278,40.44197]}},{"id":"1183","type":"Feature","properties":{"common_name":"Oak: Northern Red","condition":"Fair","height":15.24,"width":3.6576,"crown_r_m":1.8288,"crown_h_m":9.906,"height_imputed":true,"width_imputed":true,"neighborhood":"Squirrel Hill South","tree_id":"t01183"},"geometry":{"type":"Point","coordinates":[-79.94609,40.44113]}},{"id":"1184","type":"Feature","properties":{"common_name":"Oak: Pin","condition":"Poor","height":16.764,"width":4.572,"crown_r_m":2.286,"crown_h_m":10.8966,"height_imputed":true,"width_imputed":true,"neighborhood":"Squirrel Hill South","tree_id":"t01184"},"geometry":{"type":"Point","coordinates":[-79.94617,40.44119]}},{"id":"1185","type":"Feature","properties":{"common_name":"Oak: White","condition":"Good","height":7.62,"width":2.1336,"crown_r_m":1.0668,"crown_h_m":4.953,"height_imputed":true,"width_imputed":true,"neighborhood":"Squirrel Hill South","tree_id":"t01185"},"geometry":{"type":"Point","coordinates":[-79.94626,40.44116]}},{"id":"1186","type":"Feature","properties":{"common_name":"Oak: White","condition":"Fair","height":7.62,"width":2.1336,"crown_r_m":1.0668,"crown_h_m":4.953,"height_imputed":true,"width_imputed":true,"neighborhood":"Squirrel Hill South","tree_id":"t01186"},"geometry":{"type":"Point","coordinates":[-79.94627,40.44121]}},{"id":"1187","type":"Feature","properties":{"common_name":"Oak: White","condition":"Fair","height":7.62,"width":2.1336,"crown_r_m":1.0668,"crown_h_m":4.953,"height_imputed":true,"width_imputed":true,"neighborhood":"Squirrel Hill South","tree_id":"t01187"},"geometry":{"type":"Point","coordinates":[-79.94632,40.44124]}},{"id":"1188","type":"Feature","properties":{"common_name":"Oak: Pin","condition":"Poor","height":16.764,"width":4.572,"crown_r_m":2.286,"crown_h_m":10.8966,"height_imputed":true,"width_imputed":true,"neighborhood":"Squirrel Hill South","tree_id":"t01188"},"geometry":{"type":"Point","coordinates":[-79.94639,40.44128]}},{"id":"1189","type":"Feature","properties":{"common_name":"Oak: White","condition":"Fair","height":7.62,"width":2.1336,"crown_r_m":1.0668,"crown_h_m":4.953,"height_imputed":true,"width_imputed":true,"neighborhood":"Squirrel Hill South","tree_id":"t01189"},"geometry":{"type":"Point","coordinates":[-79.94648,40.44126]}},{"id":"1190","type":"Feature","properties":{"common_name":"Oak: White","condition":"Good","height":7.62,"width":2.1336,"crown_r_m":1.0668,"crown_h_m":4.953,"height_imputed":true,"width_imputed":true,"neighborhood":"Squirrel Hill South","tree_id":"t01190"},"geometry":{"type":"Point","coordinates":[-79.94652,40.44129]}},{"id":"1191","type":"Feature","properties":{"common_name":"Linden: Littleleaf","condition":"Fair","height":10.668,"width":2.7432,"crown_r_m":1.3716,"crown_h_m":6.9342,"height_imputed":true,"width_imputed":true,"neighborhood":"Squirrel Hill South","tree_id":"t01191"},"geometry":{"type":"Point","coordinates":[-79.94653,40.44126]}},{"id":"1192","type":"Feature","properties":{"common_name":"Oak: Chestnut","condition":"Good","height":7.62,"width":2.1336,"crown_r_m":1.0668,"crown_h_m":4.953,"height_imputed":true,"width_imputed":true,"neighborhood":"Squirrel Hill South","tree_id":"t01192"},"geometry":{"type":"Point","coordinates":[-79.94676,40.44133]}},{"id":"1193","type":"Feature","properties":{"common_name":"Ash: White","condition":"Fair","height":7.62,"width":2.1336,"crown_r_m":1.0668,"crown_h_m":4.953,"height_imputed":true,"width_imputed":true,"neighborhood":"Squirrel Hill South","tree_id":"t01193"},"geometry":{"type":"Point","coordinates":[-79.94693,40.44133]}},{"id":"1194","type":"Feature","properties":{"common_name":"Oak: Pin","condition":"Poor","height":16.764,"width":4.572,"crown_r_m":2.286,"crown_h_m":10.8966,"height_imputed":true,"width_imputed":true,"neighborhood":"Squirrel Hill South","tree_id":"t01194"},"geometry":{"type":"Point","coordinates":[-79.94696,40.44139]}},{"id":"1195","type":"Feature","properties":{"common_name":"Linden: Littleleaf","condition":"Good","height":10.668,"width":2.7432,"crown_r_m":1.3716,"crown_h_m":6.9342,"height_imputed":true,"width_imputed":true,"neighborhood":"Squirrel Hill South","tree_id":"t01195"},"geometry":{"type":"Point","coordinates":[-79.9471,40.44127]}},{"id":"1196","type":"Feature","properties":{"common_name":"Linden: Littleleaf","condition":"Good","height":10.668,"width":2.7432,"crown_r_m":1.3716,"crown_h_m":6.9342,"height_imputed":true,"width_imputed":true,"neighborhood":"Squirrel Hill South","tree_id":"t01196"},"geometry":{"type":"Point","coordinates":[-79.94721,40.44126]}},{"id":"1197","type":"Feature","properties":{"common_name":"Crabapple: Flowering","condition":"Good","height":3.048,"width":1.2192,"crown_r_m":1.0,"crown_h_m":1.9812,"height_imputed":true,"width_imputed":true,"neighborhood":"Squirrel Hill South","tree_id":"t01197"},"geometry":{"type":"Point","coordinates":[-79.94776,40.44101]}},{"id":"1198","type":"Feature","properties":{"common_name":"Maple: Red","condition":"Poor","height":7.62,"width":2.4384,"crown_r_m":1.2192,"crown_h_m":4.953,"height_imputed":true,"width_imputed":true,"neighborhood":"Squirrel Hill South","tree_id":"t01198"},"geometry":{"type":"Point","coordinates":[-79.94776,40.44096]}},{"id":"1199","type":"Feature","properties":{"common_name":"Crabapple: Flowering","condition":"Fair","height":3.048,"width":1.2192,"crown_r_m":1.0,"crown_h_m":1.9812,"height_imputed":true,"width_imputed":true,"neighborhood":"Squirrel Hill South","tree_id":"t01199"},"geometry":{"type":"Point","coordinates":[-79.9477,40.44095]}},{"id":"1200","type":"Feature","properties":{"common_name":"Maple: Red","condition":"Fair","height":7.62,"width":2.4384,"crown_r_m":1.2192,"crown_h_m":4.953,"height_imputed":true,"width_imputed":true,"neighborhood":"Squirrel Hill South","tree_id":"t01200"},"geometry":{"type":"Point","coordinates":[-79.94768,40.44089]}},{"id":"1201","type":"Feature","properties":{"common_name":"Crabapple: Flowering","condition":"Good","height":3.048,"width":1.2192,"crown_r_m":1.0,"crown_h_m":1.9812,"height_imputed":true,"width_imputed":true,"neighborhood":"Squirrel Hill South","tree_id":"t01201"},"geometry":{"type":"Point","coordinates":[-79.94771,40.44086]}},{"id":"1202","type":"Feature","properties":{"common_name":"Maple: Red","condition":"Fair","height":7.62,"width":2.4384,"crown_r_m":1.2192,"crown_h_m":4.953,"height_imputed":true,"width_imputed":true,"neighborhood":"Squirrel Hill South","tree_id":"t01202"},"geometry":{"type":"Point","coordinates":[-79.94775,40.44082]}},{"id":"1203","type":"Feature","properties":{"common_name":"Crabapple: Flowering","condition":"Fair","height":3.048,"width":1.2192,"crown_r_m":1.0,"crown_h_m":1.9812,"height_imputed":true,"width_imputed":true,"neighborhood":"Squirrel Hill South","tree_id":"t01203"},"geometry":{"type":"Point","coordinates":[-79.94774,40.44078]}},{"id":"1204","type":"Feature","properties":{"common_name":"Oak: Swamp White","condition":"Good","height":3.3528,"width":1.524,"crown_r_m":1.0,"crown_h_m":2.17932,"height_imputed":true,"width_imputed":true,"neighborhood":"Squirrel Hill South","tree_id":"t01204"},"geometry":{"type":"Point","coordinates":[-79.94638,40.4411]}},{"id":"1205","type":"Feature","properties":{"common_name":"Oak: White","condition":"Good","height":7.62,"width":2.1336,"crown_r_m":1.0668,"crown_h_m":4.953,"height_imputed":true,"width_imputed":true,"neighborhood":"Squirrel Hill South","tree_id":"t01205"},"geometry":{"type":"Point","coordinates":[-79.94621,40.44103]}},{"id":"1206","type":"Feature","properties":{"common_name":"Oak: White","condition":"Fair","height":7.62,"width":2.1336,"crown_r_m":1.0668,"crown_h_m":4.953,"height_imputed":true,"width_imputed":true,"neighborhood":"Squirrel Hill South","tree_id":"t01206"},"geometry":{"type":"Point","coordinates":[-79.94615,40.44106]}},{"id":"1207","type":"Feature","properties":{"common_name":"Oak: Northern Red","condition":"Fair","height":15.24,"width":3.6576,"crown_r_m":1.8288,"crown_h_m":9.906,"height_imputed":true,"width_imputed":true,"neighborhood":"Squirrel Hill South","tree_id":"t01207"},"geometry":{"type":"Point","coordinates":[-79.94609,40.44101]}},{"id":"1208","type":"Feature","properties":{"common_name":"Oak: White","condition":"Fair","height":7.62,"width":2.1336,"crown_r_m":1.0668,"crown_h_m":4.953,"height_imputed":true,"width_imputed":true,"neighborhood":"Squirrel Hill South","tree_id":"t01208"},"geometry":{"type":"Point","coordinates":[-79.94602,40.44102]}},{"id":"1209","type":"Feature","properties":{"common_name":"Linden: Littleleaf","condition":"Fair","height":10.668,"width":2.7432,"crown_r_m":1.3716,"crown_h_m":6.9342,"height_imputed":true,"width_imputed":true,"neighborhood":"Squirrel Hill South","tree_id":"t01209"},"geometry":{"type":"Point","coordinates":[-79.94602,40.44098]}},{"id":"1210","type":"Feature","properties":{"common_name":"Oak: Northern Red","condition":"Fair","height":15.24,"width":3.6576,"crown_r_m":1.8288,"crown_h_m":9.906,"height_imputed":true,"width_imputed":true,"neighborhood":"Squirrel Hill South","tree_id":"t01210"},"geometry":{"type":"Point","coordinates":[-79.94583,40.4409]}},{"id":"1211","type":"Feature","properties":{"common_name":"Oak: White","condition":"Fair","height":7.62,"width":2.1336,"crown_r_m":1.0668,"crown_h_m":4.953,"height_imputed":true,"width_imputed":true,"neighborhood":"Squirrel Hill South","tree_id":"t01211"},"geometry":{"type":"Point","coordinates":[-79.94577,40.44093]}},{"id":"1212","type":"Feature","properties":{"common_name":"Oak: White","condition":"Fair","height":7.62,"width":2.1336,"crown_r_m":1.0668,"crown_h_m":4.953,"height_imputed":true,"width_imputed":true,"neighborhood":"Squirrel Hill South","tree_id":"t01212"},"geometry":{"type":"Point","coordinates":[-79.94569,40.4409]}},{"id":"1213","type":"Feature","properties":{"common_name":"Oak: White","condition":"Fair","height":7.62,"width":2.1336,"crown_r_m":1.0668,"crown_h_m":4.953,"height_imputed":true,"width_imputed":true,"neighborhood":"Squirrel Hill South","tree_id":"t01213"},"geometry":{"type":"Point","coordinates":[-79.94568,40.44084]}},{"id":"1214","type":"Feature","properties":{"common_name":"Oak: White","condition":"Fair","height":7.62,"width":2.1336,"crown_r_m":1.0668,"crown_h_m":4.953,"height_imputed":true,"width_imputed":true,"neighborhood":"Squirrel Hill South","tree_id":"t01214"},"geometry":{"type":"Point","coordinates":[-79.9456,40.44086]}},{"id":"1215","type":"Feature","properties":{"common_name":"Oak: White","condition":"Fair","height":7.62,"width":2.1336,"crown_r_m":1.0668,"crown_h_m":4.953,"height_imputed":true,"width_imputed":true,"neighborhood":"Squirrel Hill South","tree_id":"t01215"},"geometry":{"type":"Point","coordinates":[-79.94554,40.44088]}},{"id":"1216","type":"Feature","properties":{"common_name":"Oak: Northern Red","condition":"Fair","height":15.24,"width":3.6576,"crown_r_m":1.8288,"crown_h_m":9.906,"height_imputed":true,"width_imputed":true,"neighborhood":"Squirrel Hill South","tree_id":"t01216"},"geometry":{"type":"Point","coordinates":[-79.94555,40.44082]}},{"id":"1217","type":"Feature","properties":{"common_name":"Oak: Bur","condition":"Good","height":7.62,"width":2.1336,"crown_r_m":1.0668,"crown_h_m":4.953,"height_imputed":true,"width_imputed":true,"neighborhood":"Squirrel Hill South","tree_id":"t01217"},"geometry":{"type":"Point","coordinates":[-79.94547,40.44087]}},{"id":"1218","type":"Feature","properties":{"common_name":"Elm: American","condition":"Fair","height":4.572,"width":1.8288,"crown_r_m":1.0,"crown_h_m":2.9718,"height_imputed":true,"width_imputed":true,"neighborhood":"Squirrel Hill South","tree_id":"t01218"},"geometry":{"type":"Point","coordinates":[-79.94549,40.44077]}},{"id":"1219","type":"Feature","properties":{"common_name":"Oak: White","condition":"Fair","height":7.62,"width":2.1336,"crown_r_m":1.0668,"crown_h_m":4.953,"height_imputed":true,"width_imputed":true,"neighborhood":"Squirrel Hill South","tree_id":"t01219"},"geometry":{"type":"Point","coordinates":[-79.94544,40.44073]}},{"id":"1220","type":"Feature","properties":{"common_name":"Honeylocust","condition":"Fair","height":4.572,"width":2.1336,"crown_r_m":1.0668,"crown_h_m":2.9718,"height_imputed":true,"width_imputed":true,"neighborhood":"Squirrel Hill South","tree_id":"t01220"},"geometry":{"type":"Point","coordinates":[-79.94534,40.44072]}},{"id":"1221","type":"Feature","properties":{"common_name":"Oak: Swamp White","condition":"Fair","height":3.3528,"width":1.524,"crown_r_m":1.0,"crown_h_m":2.17932,"height_imputed":true,"width_imputed":true,"neighborhood":"Squirrel Hill South","tree_id":"t01221"},"geometry":{"type":"Point","coordinates":[-79.94538,40.44087]}},{"id":"1222","type":"Feature","properties":{"common_name":"Oak: Northern Red","condition":"Fair","height":15.24,"width":3.6576,"crown_r_m":1.8288,"crown_h_m":9.906,"height_imputed":true,"width_imputed":true,"neighborhood":"Squirrel Hill South","tree_id":"t01222"},"geometry":{"type":"Point","coordinates":[-79.94525,40.44084]}},{"id":"1223","type":"Feature","properties":{"common_name":"Linden: Silver","condition":"Fair","height":3.6576,"width":1.524,"crown_r_m":1.0,"crown_h_m":2.37744,"height_imputed":true,"width_imputed":true,"neighborhood":"Squirrel Hill South","tree_id":"t01223"},"geometry":{"type":"Point","coordinates":[-79.94519,40.44079]}},{"id":"1224","type":"Feature","properties":{"common_name":"Oak: Swamp White","condition":"Fair","height":3.3528,"width":1.524,"crown_r_m":1.0,"crown_h_m":2.17932,"height_imputed":true,"width_imputed":true,"neighborhood":"Squirrel Hill South","tree_id":"t01224"},"geometry":{"type":"Point","coordinates":[-79.94524,40.44073]}},{"id":"1225","type":"Feature","properties":{"common_name":"Oak: Scarlet","condition":"Poor","height":7.62,"width":2.1336,"crown_r_m":1.0668,"crown_h_m":4.953,"height_imputed":true,"width_imputed":true,"neighborhood":"Squirrel Hill South","tree_id":"t01225"},"geometry":{"type":"Point","coordinates":[-79.94515,40.44069]}},{"id":"1226","type":"Feature","properties":{"common_name":"Linden: American","condition":"Poor","height":12.192,"width":2.4384,"crown_r_m":1.2192,"crown_h_m":7.9248,"height_imputed":true,"width_imputed":true,"neighborhood":"Squirrel Hill South","tree_id":"t01226"},"geometry":{"type":"Point","coordinates":[-79.94508,40.44067]}},{"id":"1227","type":"Feature","properties":{"common_name":"Oak: Northern Red","condition":"Fair","height":15.24,"width":3.6576,"crown_r_m":1.8288,"crown_h_m":9.906,"height_imputed":true,"width_imputed":true,"neighborhood":"Squirrel Hill South","tree_id":"t01227"},"geometry":{"type":"Point","coordinates":[-79.94508,40.44081]}},{"id":"1228","type":"Feature","properties":{"common_name":"Linden: Silver","condition":"Good","height":3.6576,"width":1.524,"crown_r_m":1.0,"crown_h_m":2.37744,"height_imputed":true,"width_imputed":true,"neighborhood":"Squirrel Hill South","tree_id":"t01228"},"geometry":{"type":"Point","coordinates":[-79.94505,40.44076]}},{"id":"1229","type":"Feature","properties":{"common_name":"Oak: Bur","condition":"Fair","height":7.62,"width":2.1336,"crown_r_m":1.0668,"crown_h_m":4.953,"height_imputed":true,"width_imputed":true,"neighborhood":"Squirrel Hill South","tree_id":"t01229"},"geometry":{"type":"Point","coordinates":[-79.94503,40.4407]}},{"id":"1230","type":"Feature","properties":{"common_name":"Linden: Silver","condition":"Fair","height":3.6576,"width":1.524,"crown_r_m":1.0,"crown_h_m":2.37744,"height_imputed":true,"width_imputed":true,"neighborhood":"Squirrel Hill South","tree_id":"t01230"},"geometry":{"type":"Point","coordinates":[-79.94502,40.44066]}},{"id":"1231","type":"Feature","properties":{"common_name":"Oak: Northern Red","condition":"Fair","height":15.24,"width":3.6576,"crown_r_m":1.8288,"crown_h_m":9.906,"height_imputed":true,"width_imputed":true,"neighborhood":"Squirrel Hill South","tree_id":"t01231"},"geometry":{"type":"Point","coordinates":[-79.94497,40.44061]}},{"id":"1232","type":"Feature","properties":{"common_name":"Linden: Silver","condition":"Fair","height":3.6576,"width":1.524,"crown_r_m":1.0,"crown_h_m":2.37744,"height_imputed":true,"width_imputed":true,"neighborhood":"Squirrel Hill South","tree_id":"t01232"},"geometry":{"type":"Point","coordinates":[-79.94492,40.44068]}},{"id":"1233","type":"Feature","properties":{"common_name":"Linden: Silver","condition":"Fair","height":3.6576,"width":1.524,"crown_r_m":1.0,"crown_h_m":2.37744,"height_imputed":true,"width_imputed":true,"neighborhood":"Squirrel Hill South","tree_id":"t01233"},"geometry":{"type":"Point","coordinates":[-79.94492,40.44074]}},{"id":"1234","type":"Feature","properties":{"common_name":"Oak: White","condition":"Fair","height":7.62,"width":2.1336,"crown_r_m":1.0668,"crown_h_m":4.953,"height_imputed":true,"width_imputed":true,"neighborhood":"Squirrel Hill South","tree_id":"t01234"},"geometry":{"type":"Point","coordinates":[-79.9448,40.44071]}},{"id":"1235","type":"Feature","properties":{"common_name":"Oak: Northern Red","condition":"Fair","height":15.24,"width":3.6576,"crown_r_m":1.8288,"crown_h_m":9.906,"height_imputed":true,"width_imputed":true,"neighborhood":"Squirrel Hill South","tree_id":"t01235"},"geometry":{"type":"Point","coordinates":[-79.94477,40.44063]}},{"id":"1236","type":"Feature","properties":{"common_name":"Linden: Silver","condition":"Fair","height":3.6576,"width":1.524,"crown_r_m":1.0,"crown_h_m":2.37744,"height_imputed":true,"width_imputed":true,"neighborhood":"Squirrel Hill South","tree_id":"t01236"},"geometry":{"type":"Point","coordinates":[-79.94485,40.44061]}},{"id":"1237","type":"Feature","properties":{"common_name":"Linden: Silver","condition":"Fair","height":3.6576,"width":1.524,"crown_r_m":1.0,"crown_h_m":2.37744,"height_imputed":true,"width_imputed":true,"neighborhood":"Squirrel Hill South","tree_id":"t01237"},"geometry":{"type":"Point","coordinates":[-79.94482,40.44058]}},{"id":"1238","type":"Feature","properties":{"common_name":"Oak: Northern Red","condition":"Good","height":15.24,"width":3.6576,"crown_r_m":1.8288,"crown_h_m":9.906,"height_imputed":true,"width_imputed":true,"neighborhood":"Squirrel Hill South","tree_id":"t01238"},"geometry":{"type":"Point","coordinates":[-79.94483,40.44053]}},{"id":"1239","type":"Feature","properties":{"common_name":"Oak: White","condition":"Fair","height":7.62,"width":2.1336,"crown_r_m":1.0668,"crown_h_m":4.953,"height_imputed":true,"width_imputed":true,"neighborhood":"Squirrel Hill South","tree_id":"t01239"},"geometry":{"type":"Point","coordinates":[-79.94474,40.44053]}},{"id":"1240","type":"Feature","properties":{"common_name":"Linden: Silver","condition":"Fair","height":3.6576,"width":1.524,"crown_r_m":1.0,"crown_h_m":2.37744,"height_imputed":true,"width_imputed":true,"neighborhood":"Squirrel Hill South","tree_id":"t01240"},"geometry":{"type":"Point","coordinates":[-79.9448,40.44046]}},{"id":"1241","type":"Feature","properties":{"common_name":"Crabapple: Flowering","condition":"Good","height":3.048,"width":1.2192,"crown_r_m":1.0,"crown_h_m":1.9812,"height_imputed":true,"width_imputed":true,"neighborhood":"Squirrel Hill South","tree_id":"t01241"},"geometry":{"type":"Point","coordinates":[-79.94477,40.44039]}},{"id":"1242","type":"Feature","properties":{"common_name":"Linden: Silver","condition":"Fair","height":3.6576,"width":1.524,"crown_r_m":1.0,"crown_h_m":2.37744,"height_imputed":true,"width_imputed":true,"neighborhood":"Squirrel Hill South","tree_id":"t01242"},"geometry":{"type":"Point","coordinates":[-79.9447,40.44046]}},{"id":"1243","type":"Feature","properties":{"common_name":"Linden: Silver","condition":"Poor","height":3.6576,"width":1.524,"crown_r_m":1.0,"crown_h_m":2.37744,"height_imputed":true,"width_imputed":true,"neighborhood":"Squirrel Hill South","tree_id":"t01243"},"geometry":{"type":"Point","coordinates":[-79.94464,40.44062]}},{"id":"1244","type":"Feature","properties":{"common_name":"Oak: Northern Red","condition":"Fair","height":15.24,"width":3.6576,"crown_r_m":1.8288,"crown_h_m":9.906,"height_imputed":true,"width_imputed":true,"neighborhood":"Squirrel Hill South","tree_id":"t01244"},"geometry":{"type":"Point","coordinates":[-79.9447,40.44069]}},{"id":"1245","type":"Feature","properties":{"common_name":"Linden: American","condition":"Good","height":12.192,"width":2.4384,"crown_r_m":1.2192,"crown_h_m":7.9248,"height_imputed":true,"width_imputed":true,"neighborhood":"Squirrel Hill South","tree_id":"t01245"},"geometry":{"type":"Point","coordinates":[-79.94463,40.44047]}},{"id":"1246","type":"Feature","properties":{"common_name":"Oak: Northern Red","condition":"Good","height":15.24,"width":3.6576,"crown_r_m":1.8288,"crown_h_m":9.906,"height_imputed":true,"width_imputed":true,"neighborhood":"Squirrel Hill South","tree_id":"t01246"},"geometry":{"type":"Point","coordinates":[-79.94453,40.44053]}},{"id":"1247","type":"Feature","properties":{"common_name":"Oak: Swamp White","condition":"Fair","height":3.3528,"width":1.524,"crown_r_m":1.0,"crown_h_m":2.17932,"height_imputed":true,"width_imputed":true,"neighborhood":"Squirrel Hill South","tree_id":"t01247"},"geometry":{"type":"Point","coordinates":[-79.94443,40.44046]}},{"id":"1248","type":"Feature","properties":{"common_name":"Linden: Silver","condition":"Good","height":3.6576,"width":1.524,"crown_r_m":1.0,"crown_h_m":2.37744,"height_imputed":true,"width_imputed":true,"neighborhood":"Squirrel Hill South","tree_id":"t01248"},"geometry":{"type":"Point","coordinates":[-79.94452,40.44037]}},{"id":"1249","type":"Feature","properties":{"common_name":"Linden: Silver","condition":"Poor","height":3.6576,"width":1.524,"crown_r_m":1.0,"crown_h_m":2.37744,"height_imputed":true,"width_imputed":true,"neighborhood":"Squirrel Hill South","tree_id":"t01249"},"geometry":{"type":"Point","coordinates":[-79.94447,40.44034]}},{"id":"1250","type":"Feature","properties":{"common_name":"Linden: Silver","condition":"Fair","height":3.6576,"width":1.524,"crown_r_m":1.0,"crown_h_m":2.37744,"height_imputed":true,"width_imputed":true,"neighborhood":"Squirrel Hill South","tree_id":"t01250"},"geometry":{"type":"Point","coordinates":[-79.94443,40.44032]}},{"id":"1251","type":"Feature","properties":{"common_name":"Ginkgo","condition":"Poor","height":3.6576,"width":1.524,"crown_r_m":1.0,"crown_h_m":2.37744,"height_imputed":true,"width_imputed":true,"neighborhood":"Squirrel Hill South","tree_id":"t01251"},"geometry":{"type":"Point","coordinates":[-79.94431,40.44032]}},{"id":"1252","type":"Feature","properties":{"common_name":"Linden: Silver","condition":"Poor","height":3.6576,"width":1.524,"crown_r_m":1.0,"crown_h_m":2.37744,"height_imputed":true,"width_imputed":true,"neighborhood":"Squirrel Hill South","tree_id":"t01252"},"geometry":{"type":"Point","coordinates":[-79.94434,40.44031]}},{"id":"1253","type":"Feature","properties":{"common_name":"Oak: Shingle","condition":"Fair","height":7.62,"width":2.1336,"crown_r_m":1.0668,"crown_h_m":4.953,"height_imputed":true,"width_imputed":true,"neighborhood":"Squirrel Hill South","tree_id":"t01253"},"geometry":{"type":"Point","coordinates":[-79.94428,40.44026]}},{"id":"1254","type":"Feature","properties":{"common_name":"Ginkgo","condition":"Fair","height":3.6576,"width":1.524,"crown_r_m":1.0,"crown_h_m":2.37744,"height_imputed":true,"width_imputed":true,"neighborhood":"Squirrel Hill South","tree_id":"t01254"},"geometry":{"type":"Point","coordinates":[-79.94431,40.44021]}},{"id":"1255","type":"Feature","properties":{"common_name":"Linden: Silver","condition":"Poor","height":3.6576,"width":1.524,"crown_r_m":1.0,"crown_h_m":2.37744,"height_imputed":true,"width_imputed":true,"neighborhood":"Squirrel Hill South","tree_id":"t01255"},"geometry":{"type":"Point","coordinates":[-79.94447,40.44026]}},{"id":"1256","type":"Feature","properties":{"common_name":"Linden: Silver","condition":"Poor","height":3.6576,"width":1.524,"crown_r_m":1.0,"crown_h_m":2.37744,"height_imputed":true,"width_imputed":true,"neighborhood":"Squirrel Hill South","tree_id":"t01256"},"geometry":{"type":"Point","coordinates":[-79.94454,40.44025]}},{"id":"1257","type":"Feature","properties":{"common_name":"Crabapple: Flowering","condition":"Poor","height":3.048,"width":1.2192,"crown_r_m":1.0,"crown_h_m":1.9812,"height_imputed":true,"width_imputed":true,"neighborhood":"Squirrel Hill South","tree_id":"t01257"},"geometry":{"type":"Point","coordinates":[-79.9447,40.44034]}},{"id":"1258","type":"Feature","properties":{"common_name":"Crabapple: Flowering","condition":"Fair","height":3.048,"width":1.2192,"crown_r_m":1.0,"crown_h_m":1.9812,"height_imputed":true,"width_imputed":true,"neighborhood":"Squirrel Hill South","tree_id":"t01258"},"geometry":{"type":"Point","coordinates":[-79.94464,40.44028]}},{"id":"1259","type":"Feature","properties":{"common_name":"Crabapple: Flowering","condition":"Fair","height":3.048,"width":1.2192,"crown_r_m":1.0,"crown_h_m":1.9812,"height_imputed":true,"width_imputed":true,"neighborhood":"Squirrel Hill South","tree_id":"t01259"},"geometry":{"type":"Point","coordinates":[-79.94461,40.44019]}},{"id":"1260","type":"Feature","properties":{"common_name":"Crabapple: Flowering","condition":"Fair","height":3.048,"width":1.2192,"crown_r_m":1.0,"crown_h_m":1.9812,"height_imputed":true,"width_imputed":true,"neighborhood":"Squirrel Hill South","tree_id":"t01260"},"geometry":{"type":"Point","coordinates":[-79.9446,40.4401]}},{"id":"1261","type":"Feature","properties":{"common_name":"Linden: Silver","condition":"Fair","height":3.6576,"width":1.524,"crown_r_m":1.0,"crown_h_m":2.37744,"height_imputed":true,"width_imputed":true,"neighborhood":"Squirrel Hill South","tree_id":"t01261"},"geometry":{"type":"Point","coordinates":[-79.94449,40.4402]}},{"id":"1262","type":"Feature","properties":{"common_name":"Linden: Silver","condition":"Fair","height":3.6576,"width":1.524,"crown_r_m":1.0,"crown_h_m":2.37744,"height_imputed":true,"width_imputed":true,"neighborhood":"Squirrel Hill South","tree_id":"t01262"},"geometry":{"type":"Point","coordinates":[-79.94446,40.44014]}},{"id":"1263","type":"Feature","properties":{"common_name":"Linden: Silver","condition":"Fair","height":3.6576,"width":1.524,"crown_r_m":1.0,"crown_h_m":2.37744,"height_imputed":true,"width_imputed":true,"neighborhood":"Squirrel Hill South","tree_id":"t01263"},"geometry":{"type":"Point","coordinates":[-79.94453,40.44003]}},{"id":"1264","type":"Feature","properties":{"common_name":"Hornbeam: European","condition":"Poor","height":4.8768,"width":1.524,"crown_r_m":1.0,"crown_h_m":3.16992,"height_imputed":true,"width_imputed":true,"neighborhood":"Squirrel Hill South","tree_id":"t01264"},"geometry":{"type":"Point","coordinates":[-79.94466,40.44005]}},{"id":"1265","type":"Feature","properties":{"common_name":"Hornbeam: European","condition":"Poor","height":4.8768,"width":1.524,"crown_r_m":1.0,"crown_h_m":3.16992,"height_imputed":true,"width_imputed":true,"neighborhood":"Squirrel Hill South","tree_id":"t01265"},"geometry":{"type":"Point","coordinates":[-79.94458,40.43998]}},{"id":"1266","type":"Feature","properties":{"common_name":"Ginkgo","condition":"Fair","height":3.6576,"width":1.524,"crown_r_m":1.0,"crown_h_m":2.37744,"height_imputed":true,"width_imputed":true,"neighborhood":"Squirrel Hill South","tree_id":"t01266"},"geometry":{"type":"Point","coordinates":[-79.94433,40.4401]}},{"id":"1267","type":"Feature","properties":{"common_name":"Linden: Littleleaf","condition":"Fair","height":10.668,"width":2.7432,"crown_r_m":1.3716,"crown_h_m":6.9342,"height_imputed":true,"width_imputed":true,"neighborhood":"Squirrel Hill South","tree_id":"t01267"},"geometry":{"type":"Point","coordinates":[-79.94435,40.44004]}},{"id":"1268","type":"Feature","properties":{"common_name":"Linden: Littleleaf","condition":"Fair","height":10.668,"width":2.7432,"crown_r_m":1.3716,"crown_h_m":6.9342,"height_imputed":true,"width_imputed":true,"neighborhood":"Squirrel Hill South","tree_id":"t01268"},"geometry":{"type":"Point","coordinates":[-79.94439,40.44002]}},{"id":"1269","type":"Feature","properties":{"common_name":"Linden: Littleleaf","condition":"Poor","height":10.668,"width":2.7432,"crown_r_m":1.3716,"crown_h_m":6.9342,"height_imputed":true,"width_imputed":true,"neighborhood":"Squirrel Hill South","tree_id":"t01269"},"geometry":{"type":"Point","coordinates":[-79.94432,40.44]}},{"id":"1270","type":"Feature","properties":{"common_name":"Ginkgo","condition":"Poor","height":3.6576,"width":1.524,"crown_r_m":1.0,"crown_h_m":2.37744,"height_imputed":true,"width_imputed":true,"neighborhood":"Squirrel Hill South","tree_id":"t01270"},"geometry":{"type":"Point","coordinates":[-79.94432,40.43992]}},{"id":"1271","type":"Feature","properties":{"common_name":"Oak: Shingle","condition":"Poor","height":7.62,"width":2.1336,"crown_r_m":1.0668,"crown_h_m":4.953,"height_imputed":true,"width_imputed":true,"neighborhood":"Squirrel Hill South","tree_id":"t01271"},"geometry":{"type":"Point","coordinates":[-79.94427,40.43995]}},{"id":"1272","type":"Feature","properties":{"common_name":"Maple: Norway","condition":"Poor","height":9.6012,"width":2.4384,"crown_r_m":1.2192,"crown_h_m":6.24078,"height_imputed":true,"width_imputed":true,"neighborhood":"Squirrel Hill South","tree_id":"t01272"},"geometry":{"type":"Point","coordinates":[-79.94424,40.43986]}},{"id":"1273","type":"Feature","properties":{"common_name":"Oak: Shingle","condition":"Fair","height":7.62,"width":2.1336,"crown_r_m":1.0668,"crown_h_m":4.953,"height_imputed":true,"width_imputed":true,"neighborhood":"Squirrel Hill South","tree_id":"t01273"},"geometry":{"type":"Point","coordinates":[-79.94433,40.43976]}},{"id":"1274","type":"Feature","properties":{"common_name":"Ginkgo","condition":"Poor","height":3.6576,"width":1.524,"crown_r_m":1.0,"crown_h_m":2.37744,"height_imputed":true,"width_imputed":true,"neighborhood":"Squirrel Hill South","tree_id":"t01274"},"geometry":{"type":"Point","coordinates":[-79.94432,40.4398]}},{"id":"1275","type":"Feature","properties":{"common_name":"Oak: Shingle","condition":"Poor","height":7.62,"width":2.1336,"crown_r_m":1.0668,"crown_h_m":4.953,"height_imputed":true,"width_imputed":true,"neighborhood":"Squirrel Hill South","tree_id":"t01275"},"geometry":{"type":"Point","coordinates":[-79.94437,40.4398]}},{"id":"1276","type":"Feature","properties":{"common_name":"Oak: Northern Red","condition":"Poor","height":15.24,"width":3.6576,"crown_r_m":1.8288,"crown_h_m":9.906,"height_imputed":true,"width_imputed":true,"neighborhood":"Squirrel Hill South","tree_id":"t01276"},"geometry":{"type":"Point","coordinates":[-79.94444,40.43986]}},{"id":"1277","type":"Feature","properties":{"common_name":"Oak: Northern Red","condition":"Fair","height":15.24,"width":3.6576,"crown_r_m":1.8288,"crown_h_m":9.906,"height_imputed":true,"width_imputed":true,"neighborhood":"Squirrel Hill South","tree_id":"t01277"},"geometry":{"type":"Point","coordinates":[-79.94451,40.4399]}},{"id":"1278","type":"Feature","properties":{"common_name":"Oak: Shingle","condition":"Fair","height":7.62,"width":2.1336,"crown_r_m":1.0668,"crown_h_m":4.953,"height_imputed":true,"width_imputed":true,"neighborhood":"Squirrel Hill South","tree_id":"t01278"},"geometry":{"type":"Point","coordinates":[-79.94459,40.43985]}},{"id":"1279","type":"Feature","properties":{"common_name":"Oak: Northern Red","condition":"Good","height":15.24,"width":3.6576,"crown_r_m":1.8288,"crown_h_m":9.906,"height_imputed":true,"width_imputed":true,"neighborhood":"Squirrel Hill South","tree_id":"t01279"},"geometry":{"type":"Point","coordinates":[-79.94462,40.43979]}},{"id":"1280","type":"Feature","properties":{"common_name":"Zelkova: Japanese","condition":"Poor","height":4.8768,"width":2.1336,"crown_r_m":1.0668,"crown_h_m":3.16992,"height_imputed":true,"width_imputed":true,"neighborhood":"Squirrel Hill South","tree_id":"t01280"},"geometry":{"type":"Point","coordinates":[-79.94464,40.43971]}},{"id":"1281","type":"Feature","properties":{"common_name":"Tupelo: Black","condition":"Poor","height":7.62,"width":2.1336,"crown_r_m":1.0668,"crown_h_m":4.953,"height_imputed":true,"width_imputed":true,"neighborhood":"Squirrel Hill South","tree_id":"t01281"},"geometry":{"type":"Point","coordinates":[-79.9447,40.43968]}},{"id":"1282","type":"Feature","properties":{"common_name":"Honeylocust","condition":"Poor","height":4.572,"width":2.1336,"crown_r_m":1.0668,"crown_h_m":2.9718,"height_imputed":true,"width_imputed":true,"neighborhood":"Squirrel Hill South","tree_id":"t01282"},"geometry":{"type":"Point","coordinates":[-79.94439,40.43964]}},{"id":"1283","type":"Feature","properties":{"common_name":"Oak: Northern Red","condition":"Fair","height":15.24,"width":3.6576,"crown_r_m":1.8288,"crown_h_m":9.906,"height_imputed":true,"width_imputed":true,"neighborhood":"Squirrel Hill South","tree_id":"t01283"},"geometry":{"type":"Point","coordinates":[-79.94447,40.43951]}},{"id":"1284","type":"Feature","properties":{"common_name":"Oak: Chestnut","condition":"Fair","height":7.62,"width":2.1336,"crown_r_m":1.0668,"crown_h_m":4.953,"height_imputed":true,"width_imputed":true,"neighborhood":"Squirrel Hill South","tree_id":"t01284"},"geometry":{"type":"Point","coordinates":[-79.94448,40.43945]}},{"id":"1285","type":"Feature","properties":{"common_name":"Oak: Bur","condition":"Fair","height":7.62,"width":2.1336,"crown_r_m":1.0668,"crown_h_m":4.953,"height_imputed":true,"width_imputed":true,"neighborhood":"Squirrel Hill South","tree_id":"t01285"},"geometry":{"type":"Point","coordinates":[-79.94458,40.43939]}},{"id":"1286","type":"Feature","properties":{"common_name":"Oak: Pin","condition":"Fair","height":16.764,"width":4.572,"crown_r_m":2.286,"crown_h_m":10.8966,"height_imputed":true,"width_imputed":true,"neighborhood":"Squirrel Hill South","tree_id":"t01286"},"geometry":{"type":"Point","coordinates":[-79.94458,40.43948]}},{"id":"1287","type":"Feature","properties":{"common_name":"Oak: Northern Red","condition":"Fair","height":15.24,"width":3.6576,"crown_r_m":1.8288,"crown_h_m":9.906,"height_imputed":true,"width_imputed":true,"neighborhood":"Squirrel Hill South","tree_id":"t01287"},"geometry":{"type":"Point","coordinates":[-79.94462,40.43959]}},{"id":"1288","type":"Feature","properties":{"common_name":"Osage-orange","condition":"Fair","height":7.62,"width":2.1336,"crown_r_m":1.0668,"crown_h_m":4.953,"height_imputed":true,"width_imputed":true,"neighborhood":"Squirrel Hill South","tree_id":"t01288"},"geometry":{"type":"Point","coordinates":[-79.94454,40.43971]}},{"id":"1289","type":"Feature","properties":{"common_name":"Maple: Norway","condition":"Fair","height":9.6012,"width":2.4384,"crown_r_m":1.2192,"crown_h_m":6.24078,"height_imputed":true,"width_imputed":true,"neighborhood":"Squirrel Hill South","tree_id":"t01289"},"geometry":{"type":"Point","coordinates":[-79.94475,40.43964]}},{"id":"1290","type":"Feature","properties":{"common_name":"Oak: Northern Red","condition":"Fair","height":15.24,"width":3.6576,"crown_r_m":1.8288,"crown_h_m":9.906,"height_imputed":true,"width_imputed":true,"neighborhood":"Squirrel Hill South","tree_id":"t01290"},"geometry":{"type":"Point","coordinates":[-79.94475,40.43959]}},{"id":"1291","type":"Feature","properties":{"common_name":"Oak: Shingle","condition":"Poor","height":7.62,"width":2.1336,"crown_r_m":1.0668,"crown_h_m":4.953,"height_imputed":true,"width_imputed":true,"neighborhood":"Squirrel Hill South","tree_id":"t01291"},"geometry":{"type":"Point","coordinates":[-79.94475,40.43947]}},{"id":"1292","type":"Feature","properties":{"common_name":"Oak: Pin","condition":"Poor","height":16.764,"width":4.572,"crown_r_m":2.286,"crown_h_m":10.8966,"height_imputed":true,"width_imputed":true,"neighborhood":"Squirrel Hill South","tree_id":"t01292"},"geometry":{"type":"Point","coordinates":[-79.94482,40.43943]}},{"id":"1293","type":"Feature","properties":{"common_name":"Oak: Northern Red","condition":"Good","height":15.24,"width":3.6576,"crown_r_m":1.8288,"crown_h_m":9.906,"height_imputed":true,"width_imputed":true,"neighborhood":"Squirrel Hill South","tree_id":"t01293"},"geometry":{"type":"Point","coordinates":[-79.94485,40.43947]}},{"id":"1294","type":"Feature","properties":{"common_name":"Crabapple: Flowering","condition":"Fair","height":3.048,"width":1.2192,"crown_r_m":1.0,"crown_h_m":1.9812,"height_imputed":true,"width_imputed":true,"neighborhood":"Squirrel Hill South","tree_id":"t01294"},"geometry":{"type":"Point","coordinates":[-79.945,40.43955]}},{"id":"1295","type":"Feature","properties":{"common_name":"Sweetgum: American","condition":"Poor","height":12.192,"width":2.7432,"crown_r_m":1.3716,"crown_h_m":7.9248,"height_imputed":true,"width_imputed":true,"neighborhood":"Squirrel Hill South","tree_id":"t01295"},"geometry":{"type":"Point","coordinates":[-79.94517,40.43957]}},{"id":"1296","type":"Feature","properties":{"common_name":"Maple: Red","condition":"Poor","height":7.62,"width":2.4384,"crown_r_m":1.2192,"crown_h_m":4.953,"height_imputed":true,"width_imputed":true,"neighborhood":"Squirrel Hill South","tree_id":"t01296"},"geometry":{"type":"Point","coordinates":[-79.94516,40.4395]}},{"id":"1297","type":"Feature","properties":{"common_name":"Oak: Northern Red","condition":"Good","height":15.24,"width":3.6576,"crown_r_m":1.8288,"crown_h_m":9.906,"height_imputed":true,"width_imputed":true,"neighborhood":"Squirrel Hill South","tree_id":"t01297"},"geometry":{"type":"Point","coordinates":[-79.94494,40.43945]}},{"id":"1298","type":"Feature","properties":{"common_name":"Oak: White","condition":"Good","height":7.62,"width":2.1336,"crown_r_m":1.0668,"crown_h_m":4.953,"height_imputed":true,"width_imputed":true,"neighborhood":"Squirrel Hill South","tree_id":"t01298"},"geometry":{"type":"Point","coordinates":[-79.94497,40.43939]}},{"id":"1299","type":"Feature","properties":{"common_name":"Oak: White","condition":"Fair","height":7.62,"width":2.1336,"crown_r_m":1.0668,"crown_h_m":4.953,"height_imputed":true,"width_imputed":true,"neighborhood":"Squirrel Hill South","tree_id":"t01299"},"geometry":{"type":"Point","coordinates":[-79.94492,40.43937]}},{"id":"1300","type":"Feature","properties":{"common_name":"Oak: White","condition":"Fair","height":7.62,"width":2.1336,"crown_r_m":1.0668,"crown_h_m":4.953,"height_imputed":true,"width_imputed":true,"neighborhood":"Squirrel Hill South","tree_id":"t01300"},"geometry":{"type":"Point","coordinates":[-79.94492,40.4393]}},{"id":"1301","type":"Feature","properties":{"common_name":"Oak: Shingle","condition":"Fair","height":7.62,"width":2.1336,"crown_r_m":1.0668,"crown_h_m":4.953,"height_imputed":true,"width_imputed":true,"neighborhood":"Squirrel Hill South","tree_id":"t01301"},"geometry":{"type":"Point","coordinates":[-79.94497,40.43928]}},{"id":"1302","type":"Feature","properties":{"common_name":"Oak: Shingle","condition":"Fair","height":7.62,"width":2.1336,"crown_r_m":1.0668,"crown_h_m":4.953,"height_imputed":true,"width_imputed":true,"neighborhood":"Squirrel Hill South","tree_id":"t01302"},"geometry":{"type":"Point","coordinates":[-79.94515,40.43928]}},{"id":"1303","type":"Feature","properties":{"common_name":"Oak: Shingle","condition":"Fair","height":7.62,"width":2.1336,"crown_r_m":1.0668,"crown_h_m":4.953,"height_imputed":true,"width_imputed":true,"neighborhood":"Squirrel Hill South","tree_id":"t01303"},"geometry":{"type":"Point","coordinates":[-79.9452,40.43922]}},{"id":"1304","type":"Feature","properties":{"common_name":"Oak: Swamp White","condition":"Fair","height":3.3528,"width":1.524,"crown_r_m":1.0,"crown_h_m":2.17932,"height_imputed":true,"width_imputed":true,"neighborhood":"Squirrel Hill South","tree_id":"t01304"},"geometry":{"type":"Point","coordinates":[-79.94526,40.43923]}},{"id":"1305","type":"Feature","properties":{"common_name":"Oak: Shingle","condition":"Poor","height":7.62,"width":2.1336,"crown_r_m":1.0668,"crown_h_m":4.953,"height_imputed":true,"width_imputed":true,"neighborhood":"Squirrel Hill South","tree_id":"t01305"},"geometry":{"type":"Point","coordinates":[-79.94525,40.43932]}},{"id":"1306","type":"Feature","properties":{"common_name":"Osage-orange","condition":"Fair","height":7.62,"width":2.1336,"crown_r_m":1.0668,"crown_h_m":4.953,"height_imputed":true,"width_imputed":true,"neighborhood":"Squirrel Hill South","tree_id":"t01306"},"geometry":{"type":"Point","coordinates":[-79.94474,40.43941]}},{"id":"1307","type":"Feature","properties":{"common_name":"Osage-orange","condition":"Fair","height":7.62,"width":2.1336,"crown_r_m":1.0668,"crown_h_m":4.953,"height_imputed":true,"width_imputed":true,"neighborhood":"Squirrel Hill South","tree_id":"t01307"},"geometry":{"type":"Point","coordinates":[-79.94473,40.43934]}},{"id":"1308","type":"Feature","properties":{"common_name":"Mulberry: White","condition":"Fair","height":9.144,"width":3.048,"crown_r_m":1.524,"crown_h_m":5.9436,"height_imputed":true,"width_imputed":true,"neighborhood":"North Oakland","tree_id":"t01308"},"geometry":{"type":"Point","coordinates":[-79.95102,40.44259]}},{"id":"1309","type":"Feature","properties":{"common_name":"Oak: Pin","condition":"Poor","height":16.764,"width":4.572,"crown_r_m":2.286,"crown_h_m":10.8966,"height_imputed":true,"width_imputed":true,"neighborhood":"Squirrel Hill South","tree_id":"t01309"},"geometry":{"type":"Point","coordinates":[-79.94533,40.43939]}},{"id":"1310","type":"Feature","properties":{"common_name":"Oak: Chestnut","condition":"Good","height":7.62,"width":2.1336,"crown_r_m":1.0668,"crown_h_m":4.953,"height_imputed":true,"width_imputed":true,"neighborhood":"Squirrel Hill South","tree_id":"t01310"},"geometry":{"type":"Point","coordinates":[-79.94548,40.4395]}},{"id":"1311","type":"Feature","properties":{"common_name":"Oak: Swamp White","condition":"Fair","height":3.3528,"width":1.524,"crown_r_m":1.0,"crown_h_m":2.17932,"height_imputed":true,"width_imputed":true,"neighborhood":"Squirrel Hill South","tree_id":"t01311"},"geometry":{"type":"Point","coordinates":[-79.94532,40.43957]}},{"id":"1312","type":"Feature","properties":{"common_name":"Oak: Chestnut","condition":"Good","height":7.62,"width":2.1336,"crown_r_m":1.0668,"crown_h_m":4.953,"height_imputed":true,"width_imputed":true,"neighborhood":"Squirrel Hill South","tree_id":"t01312"},"geometry":{"type":"Point","coordinates":[-79.94561,40.43957]}},{"id":"1313","type":"Feature","properties":{"common_name":"Oak: Pin","condition":"Fair","height":16.764,"width":4.572,"crown_r_m":2.286,"crown_h_m":10.8966,"height_imputed":true,"width_imputed":true,"neighborhood":"Squirrel Hill South","tree_id":"t01313"},"geometry":{"type":"Point","coordinates":[-79.9459,40.43951]}},{"id":"1314","type":"Feature","properties":{"common_name":"Maple: Norway","condition":"Good","height":9.6012,"width":2.4384,"crown_r_m":1.2192,"crown_h_m":6.24078,"height_imputed":true,"width_imputed":true,"neighborhood":"Squirrel Hill South","tree_id":"t01314"},"geometry":{"type":"Point","coordinates":[-79.94591,40.43947]}},{"id":"1315","type":"Feature","properties":{"common_name":"Oak: Pin","condition":"Fair","height":16.764,"width":4.572,"crown_r_m":2.286,"crown_h_m":10.8966,"height_imputed":true,"width_imputed":true,"neighborhood":"Squirrel Hill South","tree_id":"t01315"},"geometry":{"type":"Point","coordinates":[-79.94599,40.4395]}},{"id":"1316","type":"Feature","properties":{"common_name":"Horsechestnut","condition":"Fair","height":7.62,"width":2.1336,"crown_r_m":1.0668,"crown_h_m":4.953,"height_imputed":true,"width_imputed":true,"neighborhood":"Squirrel Hill South","tree_id":"t01316"},"geometry":{"type":"Point","coordinates":[-79.94602,40.43946]}},{"id":"1317","type":"Feature","properties":{"common_name":"Horsechestnut","condition":"Fair","height":7.62,"width":2.1336,"crown_r_m":1.0668,"crown_h_m":4.953,"height_imputed":true,"width_imputed":true,"neighborhood":"Squirrel Hill South","tree_id":"t01317"},"geometry":{"type":"Point","coordinates":[-79.94612,40.43949]}},{"id":"1318","type":"Feature","properties":{"common_name":"Oak: Swamp White","condition":"Poor","height":3.3528,"width":1.524,"crown_r_m":1.0,"crown_h_m":2.17932,"height_imputed":true,"width_imputed":true,"neighborhood":"Squirrel Hill South","tree_id":"t01318"},"geometry":{"type":"Point","coordinates":[-79.94622,40.43948]}},{"id":"1319","type":"Feature","properties":{"common_name":"Mulberry: White","condition":"Fair","height":9.144,"width":3.048,"crown_r_m":1.524,"crown_h_m":5.9436,"height_imputed":true,"width_imputed":true,"neighborhood":"North Oakland","tree_id":"t01319"},"geometry":{"type":"Point","coordinates":[-79.95108,40.44272]}},{"id":"1320","type":"Feature","properties":{"common_name":"Oak: Pin","condition":"Good","height":16.764,"width":4.572,"crown_r_m":2.286,"crown_h_m":10.8966,"height_imputed":true,"width_imputed":true,"neighborhood":"Squirrel Hill South","tree_id":"t01320"},"geometry":{"type":"Point","coordinates":[-79.94624,40.43955]}},{"id":"1321","type":"Feature","properties":{"common_name":"Oak: Pin","condition":"Fair","height":16.764,"width":4.572,"crown_r_m":2.286,"crown_h_m":10.8966,"height_imputed":true,"width_imputed":true,"neighborhood":"Squirrel Hill South","tree_id":"t01321"},"geometry":{"type":"Point","coordinates":[-79.94633,40.43964]}},{"id":"1322","type":"Feature","properties":{"common_name":"Maple: Red","condition":"Fair","height":7.62,"width":2.4384,"crown_r_m":1.2192,"crown_h_m":4.953,"height_imputed":true,"width_imputed":true,"neighborhood":"Squirrel Hill South","tree_id":"t01322"},"geometry":{"type":"Point","coordinates":[-79.946,40.44001]}},{"id":"1323","type":"Feature","properties":{"common_name":"Maple: Red","condition":"Fair","height":7.62,"width":2.4384,"crown_r_m":1.2192,"crown_h_m":4.953,"height_imputed":true,"width_imputed":true,"neighborhood":"Squirrel Hill South","tree_id":"t01323"},"geometry":{"type":"Point","coordinates":[-79.94597,40.4401]}},{"id":"1324","type":"Feature","properties":{"common_name":"Maple: Red","condition":"Fair","height":7.62,"width":2.4384,"crown_r_m":1.2192,"crown_h_m":4.953,"height_imputed":true,"width_imputed":true,"neighborhood":"Squirrel Hill South","tree_id":"t01324"},"geometry":{"type":"Point","coordinates":[-79.94593,40.44019]}},{"id":"1325","type":"Feature","properties":{"common_name":"Dawn Redwood","condition":"Good","height":7.62,"width":2.1336,"crown_r_m":1.0668,"crown_h_m":4.953,"height_imputed":true,"width_imputed":true,"neighborhood":"Squirrel Hill South","tree_id":"t01325"},"geometry":{"type":"Point","coordinates":[-79.94584,40.44021]}},{"id":"1326","type":"Feature","properties":{"common_name":"Mulberry: White","condition":"Poor","height":9.144,"width":3.048,"crown_r_m":1.524,"crown_h_m":5.9436,"height_imputed":true,"width_imputed":true,"neighborhood":"Squirrel Hill South","tree_id":"t01326"},"geometry":{"type":"Point","coordinates":[-79.94649,40.43963]}},{"id":"1327","type":"Feature","properties":{"common_name":"Goldenraintree","condition":"Poor","height":7.62,"width":2.1336,"crown_r_m":1.0668,"crown_h_m":4.953,"height_imputed":true,"width_imputed":true,"neighborhood":"Squirrel Hill South","tree_id":"t01327"},"geometry":{"type":"Point","coordinates":[-79.94651,40.43959]}},{"id":"1328","type":"Feature","properties":{"common_name":"Oak: spp.","condition":"Fair","height":7.62,"width":2.1336,"crown_r_m":1.0668,"crown_h_m":4.953,"height_imputed":true,"width_imputed":true,"neighborhood":"Squirrel Hill South","tree_id":"t01328"},"geometry":{"type":"Point","coordinates":[-79.94645,40.43954]}},{"id":"1329","type":"Feature","properties":{"common_name":"Oak: spp.","condition":"Poor","height":7.62,"width":2.1336,"crown_r_m":1.0668,"crown_h_m":4.953,"height_imputed":true,"width_imputed":true,"neighborhood":"Squirrel Hill South","tree_id":"t01329"},"geometry":{"type":"Point","coordinates":[-79.94646,40.43948]}},{"id":"1330","type":"Feature","properties":{"common_name":"Cherry/Plum: spp.","condition":"Fair","height":2.8956,"width":1.2192,"crown_r_m":1.0,"crown_h_m":1.88214,"height_imputed":true,"width_imputed":true,"neighborhood":"North Oakland","tree_id":"t01330"},"geometry":{"type":"Point","coordinates":[-79.95113,40.44289]}},{"id":"1331","type":"Feature","properties":{"common_name":"Hemlock: Eastern","condition":"Fair","height":7.62,"width":2.1336,"crown_r_m":1.0668,"crown_h_m":4.953,"height_imputed":true,"width_imputed":true,"neighborhood":"Squirrel Hill South","tree_id":"t01331"},"geometry":{"type":"Point","coordinates":[-79.94626,40.43936]}},{"id":"1332","type":"Feature","properties":{"common_name":"Mulberry: White","condition":"Fair","height":9.144,"width":3.048,"crown_r_m":1.524,"crown_h_m":5.9436,"height_imputed":true,"width_imputed":true,"neighborhood":"North Oakland","tree_id":"t01332"},"geometry":{"type":"Point","coordinates":[-79.95125,40.44307]}},{"id":"1333","type":"Feature","properties":{"common_name":"Dawn Redwood","condition":"Good","height":7.62,"width":2.1336,"crown_r_m":1.0668,"crown_h_m":4.953,"height_imputed":true,"width_imputed":true,"neighborhood":"Squirrel Hill South","tree_id":"t01333"},"geometry":{"type":"Point","coordinates":[-79.94618,40.43918]}},{"id":"1334","type":"Feature","properties":{"common_name":"Maple: Norway","condition":"Fair","height":9.6012,"width":2.4384,"crown_r_m":1.2192,"crown_h_m":6.24078,"height_imputed":true,"width_imputed":true,"neighborhood":"Squirrel Hill South","tree_id":"t01334"},"geometry":{"type":"Point","coordinates":[-79.94598,40.43913]}},{"id":"1335","type":"Feature","properties":{"common_name":"Mulberry: White","condition":"Fair","height":9.144,"width":3.048,"crown_r_m":1.524,"crown_h_m":5.9436,"height_imputed":true,"width_imputed":true,"neighborhood":"North Oakland","tree_id":"t01335"},"geometry":{"type":"Point","coordinates":[-79.95129,40.44318]}},{"id":"1336","type":"Feature","properties":{"common_name":"Oak: Bur","condition":"Good","height":7.62,"width":2.1336,"crown_r_m":1.0668,"crown_h_m":4.953,"height_imputed":true,"width_imputed":true,"neighborhood":"Squirrel Hill South","tree_id":"t01336"},"geometry":{"type":"Point","coordinates":[-79.94591,40.43913]}},{"id":"1337","type":"Feature","properties":{"common_name":"Maple: Norway","condition":"Fair","height":9.6012,"width":2.4384,"crown_r_m":1.2192,"crown_h_m":6.24078,"height_imputed":true,"width_imputed":true,"neighborhood":"Squirrel Hill South","tree_id":"t01337"},"geometry":{"type":"Point","coordinates":[-79.94574,40.4392]}},{"id":"1338","type":"Feature","properties":{"common_name":"Oak: Pin","condition":"Good","height":16.764,"width":4.572,"crown_r_m":2.286,"crown_h_m":10.8966,"height_imputed":true,"width_imputed":true,"neighborhood":"Squirrel Hill South","tree_id":"t01338"},"geometry":{"type":"Point","coordinates":[-79.94564,40.43926]}},{"id":"1339","type":"Feature","properties":{"common_name":"London planetree","condition":"Poor","height":15.24,"width":3.6576,"crown_r_m":1.8288,"crown_h_m":9.906,"height_imputed":true,"width_imputed":true,"neighborhood":"Squirrel Hill South","tree_id":"t01339"},"geometry":{"type":"Point","coordinates":[-79.94584,40.43916]}},{"id":"1340","type":"Feature","properties":{"common_name":"Hemlock: Eastern","condition":"Fair","height":7.62,"width":2.1336,"crown_r_m":1.0668,"crown_h_m":4.953,"height_imputed":true,"width_imputed":true,"neighborhood":"Squirrel Hill South","tree_id":"t01340"},"geometry":{"type":"Point","coordinates":[-79.94552,40.43931]}},{"id":"1341","type":"Feature","properties":{"common_name":"Oak: Bur","condition":"Poor","height":7.62,"width":2.1336,"crown_r_m":1.0668,"crown_h_m":4.953,"height_imputed":true,"width_imputed":true,"neighborhood":"Squirrel Hill South","tree_id":"t01341"},"geometry":{"type":"Point","coordinates":[-79.94591,40.43929]}},{"id":"1342","type":"Feature","properties":{"common_name":"Oak: Pin","condition":"Fair","height":16.764,"width":4.572,"crown_r_m":2.286,"crown_h_m":10.8966,"height_imputed":true,"width_imputed":true,"neighborhood":"Squirrel Hill South","tree_id":"t01342"},"geometry":{"type":"Point","coordinates":[-79.94594,40.43936]}},{"id":"1343","type":"Feature","properties":{"common_name":"Oak: Swamp White","condition":"Very Good","height":3.3528,"width":1.524,"crown_r_m":1.0,"crown_h_m":2.17932,"height_imputed":true,"width_imputed":true,"neighborhood":"Squirrel Hill South","tree_id":"t01343"},"geometry":{"type":"Point","coordinates":[-79.94572,40.43941]}},{"id":"1344","type":"Feature","properties":{"common_name":"Oak: Pin","condition":"Poor","height":16.764,"width":4.572,"crown_r_m":2.286,"crown_h_m":10.8966,"height_imputed":true,"width_imputed":true,"neighborhood":"Squirrel Hill South","tree_id":"t01344"},"geometry":{"type":"Point","coordinates":[-79.94558,40.43942]}},{"id":"1345","type":"Feature","properties":{"common_name":"Oak: Pin","condition":"Fair","height":16.764,"width":4.572,"crown_r_m":2.286,"crown_h_m":10.8966,"height_imputed":true,"width_imputed":true,"neighborhood":"Squirrel Hill South","tree_id":"t01345"},"geometry":{"type":"Point","coordinates":[-79.94541,40.4393]}},{"id":"1346","type":"Feature","properties":{"common_name":"Mulberry: White","condition":"Poor","height":9.144,"width":3.048,"crown_r_m":1.524,"crown_h_m":5.9436,"height_imputed":true,"width_imputed":true,"neighborhood":"North Oakland","tree_id":"t01346"},"geometry":{"type":"Point","coordinates":[-79.95134,40.4433]}},{"id":"1347","type":"Feature","properties":{"common_name":"Mulberry: White","condition":"Poor","height":9.144,"width":3.048,"crown_r_m":1.524,"crown_h_m":5.9436,"height_imputed":true,"width_imputed":true,"neighborhood":"Squirrel Hill South","tree_id":"t01347"},"geometry":{"type":"Point","coordinates":[-79.94539,40.43921]}},{"id":"1348","type":"Feature","properties":{"common_name":"Honeylocust","condition":"Poor","height":4.572,"width":2.1336,"crown_r_m":1.0668,"crown_h_m":2.9718,"height_imputed":true,"width_imputed":true,"neighborhood":"Squirrel Hill South","tree_id":"t01348"},"geometry":{"type":"Point","coordinates":[-79.94549,40.43915]}},{"id":"1349","type":"Feature","properties":{"common_name":"Oak: Bur","condition":"Fair","height":7.62,"width":2.1336,"crown_r_m":1.0668,"crown_h_m":4.953,"height_imputed":true,"width_imputed":true,"neighborhood":"Squirrel Hill South","tree_id":"t01349"},"geometry":{"type":"Point","coordinates":[-79.94553,40.43919]}},{"id":"1350","type":"Feature","properties":{"common_name":"Oak: Pin","condition":"Poor","height":16.764,"width":4.572,"crown_r_m":2.286,"crown_h_m":10.8966,"height_imputed":true,"width_imputed":true,"neighborhood":"Squirrel Hill South","tree_id":"t01350"},"geometry":{"type":"Point","coordinates":[-79.94561,40.43912]}},{"id":"1351","type":"Feature","properties":{"common_name":"Oak: Northern Red","condition":"Good","height":15.24,"width":3.6576,"crown_r_m":1.8288,"crown_h_m":9.906,"height_imputed":true,"width_imputed":true,"neighborhood":"Squirrel Hill South","tree_id":"t01351"},"geometry":{"type":"Point","coordinates":[-79.9456,40.43906]}},{"id":"1352","type":"Feature","properties":{"common_name":"Oak: Northern Red","condition":"Fair","height":15.24,"width":3.6576,"crown_r_m":1.8288,"crown_h_m":9.906,"height_imputed":true,"width_imputed":true,"neighborhood":"Squirrel Hill South","tree_id":"t01352"},"geometry":{"type":"Point","coordinates":[-79.94568,40.43909]}},{"id":"1353","type":"Feature","properties":{"common_name":"Oak: Pin","condition":"Poor","height":16.764,"width":4.572,"crown_r_m":2.286,"crown_h_m":10.8966,"height_imputed":true,"width_imputed":true,"neighborhood":"Squirrel Hill South","tree_id":"t01353"},"geometry":{"type":"Point","coordinates":[-79.94575,40.43911]}},{"id":"1354","type":"Feature","properties":{"common_name":"Oak: Shingle","condition":"Fair","height":7.62,"width":2.1336,"crown_r_m":1.0668,"crown_h_m":4.953,"height_imputed":true,"width_imputed":true,"neighborhood":"Squirrel Hill South","tree_id":"t01354"},"geometry":{"type":"Point","coordinates":[-79.94582,40.43911]}},{"id":"1355","type":"Feature","properties":{"common_name":"Oak: Northern Red","condition":"Fair","height":15.24,"width":3.6576,"crown_r_m":1.8288,"crown_h_m":9.906,"height_imputed":true,"width_imputed":true,"neighborhood":"Squirrel Hill South","tree_id":"t01355"},"geometry":{"type":"Point","coordinates":[-79.94583,40.43907]}},{"id":"1356","type":"Feature","properties":{"common_name":"Mulberry: White","condition":"Fair","height":9.144,"width":3.048,"crown_r_m":1.524,"crown_h_m":5.9436,"height_imputed":true,"width_imputed":true,"neighborhood":"North Oakland","tree_id":"t01356"},"geometry":{"type":"Point","coordinates":[-79.95139,40.44339]}},{"id":"1357","type":"Feature","properties":{"common_name":"Oak: Pin","condition":"Poor","height":16.764,"width":4.572,"crown_r_m":2.286,"crown_h_m":10.8966,"height_imputed":true,"width_imputed":true,"neighborhood":"Squirrel Hill South","tree_id":"t01357"},"geometry":{"type":"Point","coordinates":[-79.94576,40.43897]}},{"id":"1358","type":"Feature","properties":{"common_name":"Oak: Bur","condition":"Good","height":7.62,"width":2.1336,"crown_r_m":1.0668,"crown_h_m":4.953,"height_imputed":true,"width_imputed":true,"neighborhood":"Squirrel Hill South","tree_id":"t01358"},"geometry":{"type":"Point","coordinates":[-79.94593,40.43898]}},{"id":"1359","type":"Feature","properties":{"common_name":"Tupelo: Black","condition":"Good","height":7.62,"width":2.1336,"crown_r_m":1.0668,"crown_h_m":4.953,"height_imputed":true,"width_imputed":true,"neighborhood":"Squirrel Hill South","tree_id":"t01359"},"geometry":{"type":"Point","coordinates":[-79.94622,40.43898]}},{"id":"1360","type":"Feature","properties":{"common_name":"Hawthorn: spp.","condition":"Poor","height":2.4384,"width":1.3716,"crown_r_m":1.0,"crown_h_m":1.58496,"height_imputed":true,"width_imputed":true,"neighborhood":"Squirrel Hill South","tree_id":"t01360"},"geometry":{"type":"Point","coordinates":[-79.94602,40.43888]}},{"id":"1361","type":"Feature","properties":{"common_name":"Oak: Pin","condition":"Fair","height":16.764,"width":4.572,"crown_r_m":2.286,"crown_h_m":10.8966,"height_imputed":true,"width_imputed":true,"neighborhood":"Squirrel Hill South","tree_id":"t01361"},"geometry":{"type":"Point","coordinates":[-79.94584,40.43884]}},{"id":"1362","type":"Feature","properties":{"common_name":"Oak: Shingle","condition":"Poor","height":7.62,"width":2.1336,"crown_r_m":1.0668,"crown_h_m":4.953,"height_imputed":true,"width_imputed":true,"neighborhood":"Squirrel Hill South","tree_id":"t01362"},"geometry":{"type":"Point","coordinates":[-79.94572,40.43886]}},{"id":"1363","type":"Feature","properties":{"common_name":"Oak: Pin","condition":"Poor","height":16.764,"width":4.572,"crown_r_m":2.286,"crown_h_m":10.8966,"height_imputed":true,"width_imputed":true,"neighborhood":"Squirrel Hill South","tree_id":"t01363"},"geometry":{"type":"Point","coordinates":[-79.94566,40.43892]}},{"id":"1364","type":"Feature","properties":{"common_name":"Osage-orange","condition":"Fair","height":7.62,"width":2.1336,"crown_r_m":1.0668,"crown_h_m":4.953,"height_imputed":true,"width_imputed":true,"neighborhood":"Squirrel Hill South","tree_id":"t01364"},"geometry":{"type":"Point","coordinates":[-79.94538,40.43926]}},{"id":"1365","type":"Feature","properties":{"common_name":"Oak: Pin","condition":"Fair","height":16.764,"width":4.572,"crown_r_m":2.286,"crown_h_m":10.8966,"height_imputed":true,"width_imputed":true,"neighborhood":"Squirrel Hill South","tree_id":"t01365"},"geometry":{"type":"Point","coordinates":[-79.94558,40.43896]}},{"id":"1366","type":"Feature","properties":{"common_name":"Oak: Turkey","condition":"Fair","height":7.62,"width":2.1336,"crown_r_m":1.0668,"crown_h_m":4.953,"height_imputed":true,"width_imputed":true,"neighborhood":"Squirrel Hill South","tree_id":"t01366"},"geometry":{"type":"Point","coordinates":[-79.9455,40.43893]}},{"id":"1367","type":"Feature","properties":{"common_name":"Oak: Pin","condition":"Fair","height":16.764,"width":4.572,"crown_r_m":2.286,"crown_h_m":10.8966,"height_imputed":true,"width_imputed":true,"neighborhood":"Squirrel Hill South","tree_id":"t01367"},"geometry":{"type":"Point","coordinates":[-79.94545,40.43897]}},{"id":"1368","type":"Feature","properties":{"common_name":"Oak: Pin","condition":"Fair","height":16.764,"width":4.572,"crown_r_m":2.286,"crown_h_m":10.8966,"height_imputed":true,"width_imputed":true,"neighborhood":"Squirrel Hill South","tree_id":"t01368"},"geometry":{"type":"Point","coordinates":[-79.9455,40.439]}},{"id":"1369","type":"Feature","properties":{"common_name":"Honeylocust","condition":"Poor","height":4.572,"width":2.1336,"crown_r_m":1.0668,"crown_h_m":2.9718,"height_imputed":true,"width_imputed":true,"neighborhood":"Squirrel Hill South","tree_id":"t01369"},"geometry":{"type":"Point","coordinates":[-79.94533,40.43908]}},{"id":"1370","type":"Feature","properties":{"common_name":"Mulberry: White","condition":"Critical","height":9.144,"width":3.048,"crown_r_m":1.524,"crown_h_m":5.9436,"height_imputed":true,"width_imputed":true,"neighborhood":"Squirrel Hill South","tree_id":"t01370"},"geometry":{"type":"Point","coordinates":[-79.9451,40.43912]}},{"id":"1371","type":"Feature","properties":{"common_name":"Oak: Pin","condition":"Fair","height":16.764,"width":4.572,"crown_r_m":2.286,"crown_h_m":10.8966,"height_imputed":true,"width_imputed":true,"neighborhood":"Squirrel Hill South","tree_id":"t01371"},"geometry":{"type":"Point","coordinates":[-79.9446,40.43931]}},{"id":"1372","type":"Feature","properties":{"common_name":"Cherry: Black","condition":"Critical","height":7.62,"width":2.1336,"crown_r_m":1.0668,"crown_h_m":4.953,"height_imputed":true,"width_imputed":true,"neighborhood":"Squirrel Hill South","tree_id":"t01372"},"geometry":{"type":"Point","coordinates":[-79.94447,40.43937]}},{"id":"1373","type":"Feature","properties":{"common_name":"Maple: Norway","condition":"Poor","height":9.6012,"width":2.4384,"crown_r_m":1.2192,"crown_h_m":6.24078,"height_imputed":true,"width_imputed":true,"neighborhood":"Squirrel Hill South","tree_id":"t01373"},"geometry":{"type":"Point","coordinates":[-79.94413,40.43997]}},{"id":"1374","type":"Feature","properties":{"common_name":"Honeylocust","condition":"Poor","height":4.572,"width":2.1336,"crown_r_m":1.0668,"crown_h_m":2.9718,"height_imputed":true,"width_imputed":true,"neighborhood":"Squirrel Hill South","tree_id":"t01374"},"geometry":{"type":"Point","coordinates":[-79.94408,40.43996]}},{"id":"1375","type":"Feature","properties":{"common_name":"Oak: Bur","condition":"Fair","height":7.62,"width":2.1336,"crown_r_m":1.0668,"crown_h_m":4.953,"height_imputed":true,"width_imputed":true,"neighborhood":"Squirrel Hill South","tree_id":"t01375"},"geometry":{"type":"Point","coordinates":[-79.94394,40.43997]}},{"id":"1376","type":"Feature","properties":{"common_name":"Honeylocust","condition":"Poor","height":4.572,"width":2.1336,"crown_r_m":1.0668,"crown_h_m":2.9718,"height_imputed":true,"width_imputed":true,"neighborhood":"Squirrel Hill South","tree_id":"t01376"},"geometry":{"type":"Point","coordinates":[-79.94396,40.44009]}},{"id":"1377","type":"Feature","properties":{"common_name":"Osage-orange","condition":"Fair","height":7.62,"width":2.1336,"crown_r_m":1.0668,"crown_h_m":4.953,"height_imputed":true,"width_imputed":true,"neighborhood":"Squirrel Hill South","tree_id":"t01377"},"geometry":{"type":"Point","coordinates":[-79.94539,40.43901]}},{"id":"1378","type":"Feature","properties":{"common_name":"Osage-orange","condition":"Poor","height":7.62,"width":2.1336,"crown_r_m":1.0668,"crown_h_m":4.953,"height_imputed":true,"width_imputed":true,"neighborhood":"Squirrel Hill South","tree_id":"t01378"},"geometry":{"type":"Point","coordinates":[-79.94533,40.43903]}},{"id":"1379","type":"Feature","properties":{"common_name":"Osage-orange","condition":"Fair","height":7.62,"width":2.1336,"crown_r_m":1.0668,"crown_h_m":4.953,"height_imputed":true,"width_imputed":true,"neighborhood":"Squirrel Hill South","tree_id":"t01379"},"geometry":{"type":"Point","coordinates":[-79.94528,40.43904]}},{"id":"1380","type":"Feature","properties":{"common_name":"Ash: Green","condition":"Good","height":5.334,"width":2.286,"crown_r_m":1.143,"crown_h_m":3.4671,"height_imputed":true,"width_imputed":true,"neighborhood":"Central Oakland","tree_id":"t01380"},"geometry":{"type":"Point","coordinates":[-79.95283,40.44129]}},{"id":"1381","type":"Feature","properties":{"common_name":"Pine: Austrian","condition":"Fair","height":7.62,"width":2.1336,"crown_r_m":1.0668,"crown_h_m":4.953,"height_imputed":true,"width_imputed":true,"neighborhood":"Central Oakland","tree_id":"t01381"},"geometry":{"type":"Point","coordinates":[-79.95279,40.44107]}},{"id":"1382","type":"Feature","properties":{"common_name":"Pine: Austrian","condition":"Fair","height":7.62,"width":2.1336,"crown_r_m":1.0668,"crown_h_m":4.953,"height_imputed":true,"width_imputed":true,"neighborhood":"Central Oakland","tree_id":"t01382"},"geometry":{"type":"Point","coordinates":[-79.95278,40.44111]}},{"id":"1383","type":"Feature","properties":{"common_name":"Oak: Pin","condition":"Good","height":16.764,"width":4.572,"crown_r_m":2.286,"crown_h_m":10.8966,"height_imputed":true,"width_imputed":true,"neighborhood":"Central Oakland","tree_id":"t01383"},"geometry":{"type":"Point","coordinates":[-79.95275,40.44118]}},{"id":"1384","type":"Feature","properties":{"common_name":"Oak: Pin","condition":"Fair","height":16.764,"width":4.572,"crown_r_m":2.286,"crown_h_m":10.8966,"height_imputed":true,"width_imputed":true,"neighborhood":"Central Oakland","tree_id":"t01384"},"geometry":{"type":"Point","coordinates":[-79.95269,40.44123]}},{"id":"1385","type":"Feature","properties":{"common_name":"Ash: Green","condition":"Good","height":5.334,"width":2.286,"crown_r_m":1.143,"crown_h_m":3.4671,"height_imputed":true,"width_imputed":true,"neighborhood":"Central Oakland","tree_id":"t01385"},"geometry":{"type":"Point","coordinates":[-79.95272,40.44128]}},{"id":"1386","type":"Feature","properties":{"common_name":"Beech: European","condition":"Good","height":7.62,"width":2.1336,"crown_r_m":1.0668,"crown_h_m":4.953,"height_imputed":true,"width_imputed":true,"neighborhood":"Central Oakland","tree_id":"t01386"},"geometry":{"type":"Point","coordinates":[-79.95265,40.44133]}},{"id":"1387","type":"Feature","properties":{"common_name":"Pine: Austrian","condition":"Good","height":7.62,"width":2.1336,"crown_r_m":1.0668,"crown_h_m":4.953,"height_imputed":true,"width_imputed":true,"neighborhood":"Central Oakland","tree_id":"t01387"},"geometry":{"type":"Point","coordinates":[-79.95266,40.4414]}},{"id":"1388","type":"Feature","properties":{"common_name":"Pine: Austrian","condition":"Fair","height":7.62,"width":2.1336,"crown_r_m":1.0668,"crown_h_m":4.953,"height_imputed":true,"width_imputed":true,"neighborhood":"Central Oakland","tree_id":"t01388"},"geometry":{"type":"Point","coordinates":[-79.95264,40.44143]}},{"id":"1389","type":"Feature","properties":{"common_name":"Linden: Littleleaf","condition":"Good","height":10.668,"width":2.7432,"crown_r_m":1.3716,"crown_h_m":6.9342,"height_imputed":true,"width_imputed":true,"neighborhood":"Central Oakland","tree_id":"t01389"},"geometry":{"type":"Point","coordinates":[-79.95272,40.44143]}},{"id":"1390","type":"Feature","properties":{"common_name":"Linden: Littleleaf","condition":"Good","height":10.668,"width":2.7432,"crown_r_m":1.3716,"crown_h_m":6.9342,"height_imputed":true,"width_imputed":true,"neighborhood":"Central Oakland","tree_id":"t01390"},"geometry":{"type":"Point","coordinates":[-79.95269,40.44148]}},{"id":"1391","type":"Feature","properties":{"common_name":"Linden: Littleleaf","condition":"Good","height":10.668,"width":2.7432,"crown_r_m":1.3716,"crown_h_m":6.9342,"height_imputed":true,"width_imputed":true,"neighborhood":"Central Oakland","tree_id":"t01391"},"geometry":{"type":"Point","coordinates":[-79.95265,40.44156]}},{"id":"1392","type":"Feature","properties":{"common_name":"Linden: Littleleaf","condition":"Fair","height":10.668,"width":2.7432,"crown_r_m":1.3716,"crown_h_m":6.9342,"height_imputed":true,"width_imputed":true,"neighborhood":"Central Oakland","tree_id":"t01392"},"geometry":{"type":"Point","coordinates":[-79.9526,40.44162]}},{"id":"1393","type":"Feature","properties":{"common_name":"Linden: Littleleaf","condition":"Poor","height":10.668,"width":2.7432,"crown_r_m":1.3716,"crown_h_m":6.9342,"height_imputed":true,"width_imputed":true,"neighborhood":"Central Oakland","tree_id":"t01393"},"geometry":{"type":"Point","coordinates":[-79.95256,40.44166]}},{"id":"1394","type":"Feature","properties":{"common_name":"Linden: Littleleaf","condition":"Good","height":10.668,"width":2.7432,"crown_r_m":1.3716,"crown_h_m":6.9342,"height_imputed":true,"width_imputed":true,"neighborhood":"Central Oakland","tree_id":"t01394"},"geometry":{"type":"Point","coordinates":[-79.95252,40.44171]}},{"id":"1395","type":"Feature","properties":{"common_name":"Linden: Littleleaf","condition":"Good","height":10.668,"width":2.7432,"crown_r_m":1.3716,"crown_h_m":6.9342,"height_imputed":true,"width_imputed":true,"neighborhood":"Central Oakland","tree_id":"t01395"},"geometry":{"type":"Point","coordinates":[-79.95248,40.44152]}},{"id":"1396","type":"Feature","properties":{"common_name":"Linden: Littleleaf","condition":"Poor","height":10.668,"width":2.7432,"crown_r_m":1.3716,"crown_h_m":6.9342,"height_imputed":true,"width_imputed":true,"neighborhood":"Central Oakland","tree_id":"t01396"},"geometry":{"type":"Point","coordinates":[-79.95251,40.44149]}},{"id":"1397","type":"Feature","properties":{"common_name":"Linden: Littleleaf","condition":"Good","height":10.668,"width":2.7432,"crown_r_m":1.3716,"crown_h_m":6.9342,"height_imputed":true,"width_imputed":true,"neighborhood":"Central Oakland","tree_id":"t01397"},"geometry":{"type":"Point","coordinates":[-79.95254,40.44146]}},{"id":"1398","type":"Feature","properties":{"common_name":"Linden: Littleleaf","condition":"Good","height":10.668,"width":2.7432,"crown_r_m":1.3716,"crown_h_m":6.9342,"height_imputed":true,"width_imputed":true,"neighborhood":"Central Oakland","tree_id":"t01398"},"geometry":{"type":"Point","coordinates":[-79.95255,40.44143]}},{"id":"1399","type":"Feature","properties":{"common_name":"Linden: Littleleaf","condition":"Good","height":10.668,"width":2.7432,"crown_r_m":1.3716,"crown_h_m":6.9342,"height_imputed":true,"width_imputed":true,"neighborhood":"Central Oakland","tree_id":"t01399"},"geometry":{"type":"Point","coordinates":[-79.95258,40.44139]}},{"id":"1400","type":"Feature","properties":{"common_name":"Linden: Littleleaf","condition":"Fair","height":10.668,"width":2.7432,"crown_r_m":1.3716,"crown_h_m":6.9342,"height_imputed":true,"width_imputed":true,"neighborhood":"Central Oakland","tree_id":"t01400"},"geometry":{"type":"Point","coordinates":[-79.9525,40.44136]}},{"id":"1401","type":"Feature","properties":{"common_name":"Linden: Littleleaf","condition":"Good","height":10.668,"width":2.7432,"crown_r_m":1.3716,"crown_h_m":6.9342,"height_imputed":true,"width_imputed":true,"neighborhood":"Central Oakland","tree_id":"t01401"},"geometry":{"type":"Point","coordinates":[-79.95254,40.44131]}},{"id":"1402","type":"Feature","properties":{"common_name":"Linden: Littleleaf","condition":"Fair","height":10.668,"width":2.7432,"crown_r_m":1.3716,"crown_h_m":6.9342,"height_imputed":true,"width_imputed":true,"neighborhood":"Central Oakland","tree_id":"t01402"},"geometry":{"type":"Point","coordinates":[-79.95259,40.44127]}},{"id":"1403","type":"Feature","properties":{"common_name":"Maple: Silver","condition":"Fair","height":12.192,"width":3.3528,"crown_r_m":1.6764,"crown_h_m":7.9248,"height_imputed":true,"width_imputed":true,"neighborhood":"Central Oakland","tree_id":"t01403"},"geometry":{"type":"Point","coordinates":[-79.9527,40.44115]}},{"id":"1404","type":"Feature","properties":{"common_name":"Maple: Silver","condition":"Fair","height":12.192,"width":3.3528,"crown_r_m":1.6764,"crown_h_m":7.9248,"height_imputed":true,"width_imputed":true,"neighborhood":"Central Oakland","tree_id":"t01404"},"geometry":{"type":"Point","coordinates":[-79.95274,40.44109]}},{"id":"1405","type":"Feature","properties":{"common_name":"Locust: Black","condition":"Fair","height":13.716,"width":4.572,"crown_r_m":2.286,"crown_h_m":8.9154,"height_imputed":true,"width_imputed":true,"neighborhood":"Central Oakland","tree_id":"t01405"},"geometry":{"type":"Point","coordinates":[-79.95257,40.4411]}},{"id":"1406","type":"Feature","properties":{"common_name":"Locust: Black","condition":"Poor","height":13.716,"width":4.572,"crown_r_m":2.286,"crown_h_m":8.9154,"height_imputed":true,"width_imputed":true,"neighborhood":"Central Oakland","tree_id":"t01406"},"geometry":{"type":"Point","coordinates":[-79.95262,40.44104]}},{"id":"1407","type":"Feature","properties":{"common_name":"Maple: Silver","condition":"Fair","height":12.192,"width":3.3528,"crown_r_m":1.6764,"crown_h_m":7.9248,"height_imputed":true,"width_imputed":true,"neighborhood":"Central Oakland","tree_id":"t01407"},"geometry":{"type":"Point","coordinates":[-79.9527,40.44097]}},{"id":"1408","type":"Feature","properties":{"common_name":"Locust: Black","condition":"Fair","height":13.716,"width":4.572,"crown_r_m":2.286,"crown_h_m":8.9154,"height_imputed":true,"width_imputed":true,"neighborhood":"Central Oakland","tree_id":"t01408"},"geometry":{"type":"Point","coordinates":[-79.95264,40.44091]}},{"id":"1409","type":"Feature","properties":{"common_name":"Locust: Black","condition":"Fair","height":13.716,"width":4.572,"crown_r_m":2.286,"crown_h_m":8.9154,"height_imputed":true,"width_imputed":true,"neighborhood":"Central Oakland","tree_id":"t01409"},"geometry":{"type":"Point","coordinates":[-79.95263,40.44085]}},{"id":"1410","type":"Feature","properties":{"common_name":"Locust: Black","condition":"Poor","height":13.716,"width":4.572,"crown_r_m":2.286,"crown_h_m":8.9154,"height_imputed":true,"width_imputed":true,"neighborhood":"Central Oakland","tree_id":"t01410"},"geometry":{"type":"Point","coordinates":[-79.95255,40.44088]}},{"id":"1411","type":"Feature","properties":{"common_name":"Locust: Black","condition":"Fair","height":13.716,"width":4.572,"crown_r_m":2.286,"crown_h_m":8.9154,"height_imputed":true,"width_imputed":true,"neighborhood":"Central Oakland","tree_id":"t01411"},"geometry":{"type":"Point","coordinates":[-79.95257,40.44096]}},{"id":"1412","type":"Feature","properties":{"common_name":"Locust: Black","condition":"Poor","height":13.716,"width":4.572,"crown_r_m":2.286,"crown_h_m":8.9154,"height_imputed":true,"width_imputed":true,"neighborhood":"Central Oakland","tree_id":"t01412"},"geometry":{"type":"Point","coordinates":[-79.95252,40.44104]}},{"id":"1413","type":"Feature","properties":{"common_name":"Locust: Black","condition":"Poor","height":13.716,"width":4.572,"crown_r_m":2.286,"crown_h_m":8.9154,"height_imputed":true,"width_imputed":true,"neighborhood":"Central Oakland","tree_id":"t01413"},"geometry":{"type":"Point","coordinates":[-79.95241,40.44088]}},{"id":"1414","type":"Feature","properties":{"common_name":"Maple: Norway","condition":"Good","height":9.6012,"width":2.4384,"crown_r_m":1.2192,"crown_h_m":6.24078,"height_imputed":true,"width_imputed":true,"neighborhood":"Central Oakland","tree_id":"t01414"},"geometry":{"type":"Point","coordinates":[-79.95238,40.44092]}},{"id":"1415","type":"Feature","properties":{"common_name":"Maple: Norway","condition":"Fair","height":9.6012,"width":2.4384,"crown_r_m":1.2192,"crown_h_m":6.24078,"height_imputed":true,"width_imputed":true,"neighborhood":"Central Oakland","tree_id":"t01415"},"geometry":{"type":"Point","coordinates":[-79.95239,40.441]}},{"id":"1416","type":"Feature","properties":{"common_name":"Oak: Scarlet","condition":"Fair","height":7.62,"width":2.1336,"crown_r_m":1.0668,"crown_h_m":4.953,"height_imputed":true,"width_imputed":true,"neighborhood":"Central Oakland","tree_id":"t01416"},"geometry":{"type":"Point","coordinates":[-79.95199,40.44114]}},{"id":"1417","type":"Feature","properties":{"common_name":"Oak: Scarlet","condition":"Good","height":7.62,"width":2.1336,"crown_r_m":1.0668,"crown_h_m":4.953,"height_imputed":true,"width_imputed":true,"neighborhood":"Central Oakland","tree_id":"t01417"},"geometry":{"type":"Point","coordinates":[-79.95193,40.44108]}},{"id":"1418","type":"Feature","properties":{"common_name":"Oak: Pin","condition":"Poor","height":16.764,"width":4.572,"crown_r_m":2.286,"crown_h_m":10.8966,"height_imputed":true,"width_imputed":true,"neighborhood":"Central Oakland","tree_id":"t01418"},"geometry":{"type":"Point","coordinates":[-79.95192,40.44116]}},{"id":"1419","type":"Feature","properties":{"common_name":"Oak: Northern Red","condition":"Poor","height":15.24,"width":3.6576,"crown_r_m":1.8288,"crown_h_m":9.906,"height_imputed":true,"width_imputed":true,"neighborhood":"Central Oakland","tree_id":"t01419"},"geometry":{"type":"Point","coordinates":[-79.95183,40.44115]}},{"id":"1420","type":"Feature","properties":{"common_name":"Oak: Pin","condition":"Fair","height":16.764,"width":4.572,"crown_r_m":2.286,"crown_h_m":10.8966,"height_imputed":true,"width_imputed":true,"neighborhood":"Squirrel Hill South","tree_id":"t01420"},"geometry":{"type":"Point","coordinates":[-79.94682,40.43607]}},{"id":"1421","type":"Feature","properties":{"common_name":"Oak: Pin","condition":"Fair","height":16.764,"width":4.572,"crown_r_m":2.286,"crown_h_m":10.8966,"height_imputed":true,"width_imputed":true,"neighborhood":"Squirrel Hill South","tree_id":"t01421"},"geometry":{"type":"Point","coordinates":[-79.94689,40.43607]}},{"id":"1422","type":"Feature","properties":{"common_name":"Oak: Pin","condition":"Poor","height":16.764,"width":4.572,"crown_r_m":2.286,"crown_h_m":10.8966,"height_imputed":true,"width_imputed":true,"neighborhood":"Squirrel Hill South","tree_id":"t01422"},"geometry":{"type":"Point","coordinates":[-79.94696,40.43607]}},{"id":"1423","type":"Feature","properties":{"common_name":"Oak: Pin","condition":"Poor","height":16.764,"width":4.572,"crown_r_m":2.286,"crown_h_m":10.8966,"height_imputed":true,"width_imputed":true,"neighborhood":"Squirrel Hill South","tree_id":"t01423"},"geometry":{"type":"Point","coordinates":[-79.94716,40.43606]}},{"id":"1424","type":"Feature","properties":{"common_name":"Oak: Pin","condition":"Fair","height":16.764,"width":4.572,"crown_r_m":2.286,"crown_h_m":10.8966,"height_imputed":true,"width_imputed":true,"neighborhood":"Squirrel Hill South","tree_id":"t01424"},"geometry":{"type":"Point","coordinates":[-79.94723,40.43605]}},{"id":"1425","type":"Feature","properties":{"common_name":"Oak: Pin","condition":"Fair","height":16.764,"width":4.572,"crown_r_m":2.286,"crown_h_m":10.8966,"height_imputed":true,"width_imputed":true,"neighborhood":"Squirrel Hill South","tree_id":"t01425"},"geometry":{"type":"Point","coordinates":[-79.94731,40.43605]}},{"id":"1426","type":"Feature","properties":{"common_name":"Oak: Pin","condition":"Fair","height":16.764,"width":4.572,"crown_r_m":2.286,"crown_h_m":10.8966,"height_imputed":true,"width_imputed":true,"neighborhood":"Central Oakland","tree_id":"t01426"},"geometry":{"type":"Point","coordinates":[-79.9516,40.4412]}},{"id":"1427","type":"Feature","properties":{"common_name":"Oak: Pin","condition":"Poor","height":16.764,"width":4.572,"crown_r_m":2.286,"crown_h_m":10.8966,"height_imputed":true,"width_imputed":true,"neighborhood":"Squirrel Hill South","tree_id":"t01427"},"geometry":{"type":"Point","coordinates":[-79.94743,40.43604]}},{"id":"1428","type":"Feature","properties":{"common_name":"Oak: Pin","condition":"Poor","height":16.764,"width":4.572,"crown_r_m":2.286,"crown_h_m":10.8966,"height_imputed":true,"width_imputed":true,"neighborhood":"Squirrel Hill South","tree_id":"t01428"},"geometry":{"type":"Point","coordinates":[-79.94758,40.43602]}},{"id":"1429","type":"Feature","properties":{"common_name":"Oak: Pin","condition":"Poor","height":16.764,"width":4.572,"crown_r_m":2.286,"crown_h_m":10.8966,"height_imputed":true,"width_imputed":true,"neighborhood":"Central Oakland","tree_id":"t01429"},"geometry":{"type":"Point","coordinates":[-79.95127,40.44128]}},{"id":"1430","type":"Feature","properties":{"common_name":"Oak: Pin","condition":"Poor","height":16.764,"width":4.572,"crown_r_m":2.286,"crown_h_m":10.8966,"height_imputed":true,"width_imputed":true,"neighborhood":"Central Oakland","tree_id":"t01430"},"geometry":{"type":"Point","coordinates":[-79.95133,40.44136]}},{"id":"1431","type":"Feature","properties":{"common_name":"Oak: Swamp White","condition":"Poor","height":3.3528,"width":1.524,"crown_r_m":1.0,"crown_h_m":2.17932,"height_imputed":true,"width_imputed":true,"neighborhood":"Central Oakland","tree_id":"t01431"},"geometry":{"type":"Point","coordinates":[-79.95142,40.44132]}},{"id":"1432","type":"Feature","properties":{"common_name":"Oak: Pin","condition":"Poor","height":16.764,"width":4.572,"crown_r_m":2.286,"crown_h_m":10.8966,"height_imputed":true,"width_imputed":true,"neighborhood":"Central Oakland","tree_id":"t01432"},"geometry":{"type":"Point","coordinates":[-79.95153,40.44135]}},{"id":"1433","type":"Feature","properties":{"common_name":"Ginkgo","condition":"Good","height":3.6576,"width":1.524,"crown_r_m":1.0,"crown_h_m":2.37744,"height_imputed":true,"width_imputed":true,"neighborhood":"Central Oakland","tree_id":"t01433"},"geometry":{"type":"Point","coordinates":[-79.9515,40.4414]}},{"id":"1434","type":"Feature","properties":{"common_name":"Ginkgo","condition":"Fair","height":3.6576,"width":1.524,"crown_r_m":1.0,"crown_h_m":2.37744,"height_imputed":true,"width_imputed":true,"neighborhood":"Central Oakland","tree_id":"t01434"},"geometry":{"type":"Point","coordinates":[-79.95144,40.44145]}},{"id":"1435","type":"Feature","properties":{"common_name":"Oak: Northern Red","condition":"Fair","height":15.24,"width":3.6576,"crown_r_m":1.8288,"crown_h_m":9.906,"height_imputed":true,"width_imputed":true,"neighborhood":"Central Oakland","tree_id":"t01435"},"geometry":{"type":"Point","coordinates":[-79.95179,40.44159]}},{"id":"1436","type":"Feature","properties":{"common_name":"Spruce: Colorado","condition":"Fair","height":7.62,"width":2.1336,"crown_r_m":1.0668,"crown_h_m":4.953,"height_imputed":true,"width_imputed":true,"neighborhood":"Central Oakland","tree_id":"t01436"},"geometry":{"type":"Point","coordinates":[-79.95201,40.44176]}},{"id":"1437","type":"Feature","properties":{"common_name":"Spruce: Colorado","condition":"Fair","height":7.62,"width":2.1336,"crown_r_m":1.0668,"crown_h_m":4.953,"height_imputed":true,"width_imputed":true,"neighborhood":"Central Oakland","tree_id":"t01437"},"geometry":{"type":"Point","coordinates":[-79.952,40.4417]}},{"id":"1438","type":"Feature","properties":{"common_name":"Spruce: Colorado","condition":"Fair","height":7.62,"width":2.1336,"crown_r_m":1.0668,"crown_h_m":4.953,"height_imputed":true,"width_imputed":true,"neighborhood":"Central Oakland","tree_id":"t01438"},"geometry":{"type":"Point","coordinates":[-79.95205,40.44186]}},{"id":"1439","type":"Feature","properties":{"common_name":"Willow: spp.","condition":"Poor","height":7.62,"width":2.1336,"crown_r_m":1.0668,"crown_h_m":4.953,"height_imputed":true,"width_imputed":true,"neighborhood":"Central Oakland","tree_id":"t01439"},"geometry":{"type":"Point","coordinates":[-79.95001,40.43709]}},{"id":"1440","type":"Feature","properties":{"common_name":"Dogwood: Corneliancherry","condition":"Fair","height":2.4384,"width":1.2192,"crown_r_m":1.0,"crown_h_m":1.58496,"height_imputed":true,"width_imputed":true,"neighborhood":"Squirrel Hill South","tree_id":"t01440"},"geometry":{"type":"Point","coordinates":[-79.94929,40.43643]}},{"id":"1441","type":"Feature","properties":{"common_name":"Dogwood: Corneliancherry","condition":"Fair","height":2.4384,"width":1.2192,"crown_r_m":1.0,"crown_h_m":1.58496,"height_imputed":true,"width_imputed":true,"neighborhood":"Squirrel Hill South","tree_id":"t01441"},"geometry":{"type":"Point","coordinates":[-79.9492,40.43647]}},{"id":"1442","type":"Feature","properties":{"common_name":"Oak: Pin","condition":"Fair","height":16.764,"width":4.572,"crown_r_m":2.286,"crown_h_m":10.8966,"height_imputed":true,"width_imputed":true,"neighborhood":"Squirrel Hill South","tree_id":"t01442"},"geometry":{"type":"Point","coordinates":[-79.94897,40.43733]}},{"id":"1443","type":"Feature","properties":{"common_name":"Oak: Northern Red","condition":"Fair","height":15.24,"width":3.6576,"crown_r_m":1.8288,"crown_h_m":9.906,"height_imputed":true,"width_imputed":true,"neighborhood":"Squirrel Hill South","tree_id":"t01443"},"geometry":{"type":"Point","coordinates":[-79.94925,40.43721]}},{"id":"1444","type":"Feature","properties":{"common_name":"Oak: Northern Red","condition":"Fair","height":15.24,"width":3.6576,"crown_r_m":1.8288,"crown_h_m":9.906,"height_imputed":true,"width_imputed":true,"neighborhood":"Squirrel Hill South","tree_id":"t01444"},"geometry":{"type":"Point","coordinates":[-79.9493,40.43681]}},{"id":"1445","type":"Feature","properties":{"common_name":"Pine: Austrian","condition":"Fair","height":7.62,"width":2.1336,"crown_r_m":1.0668,"crown_h_m":4.953,"height_imputed":true,"width_imputed":true,"neighborhood":"Squirrel Hill South","tree_id":"t01445"},"geometry":{"type":"Point","coordinates":[-79.9494,40.43662]}},{"id":"1446","type":"Feature","properties":{"common_name":"London planetree","condition":"Fair","height":15.24,"width":3.6576,"crown_r_m":1.8288,"crown_h_m":9.906,"height_imputed":true,"width_imputed":true,"neighborhood":"Central Oakland","tree_id":"t01446"},"geometry":{"type":"Point","coordinates":[-79.95156,40.44216]}},{"id":"1447","type":"Feature","properties":{"common_name":"London planetree","condition":"Fair","height":15.24,"width":3.6576,"crown_r_m":1.8288,"crown_h_m":9.906,"height_imputed":true,"width_imputed":true,"neighborhood":"Central Oakland","tree_id":"t01447"},"geometry":{"type":"Point","coordinates":[-79.95158,40.44214]}},{"id":"1448","type":"Feature","properties":{"common_name":"Oak: Pin","condition":"Critical","height":16.764,"width":4.572,"crown_r_m":2.286,"crown_h_m":10.8966,"height_imputed":true,"width_imputed":true,"neighborhood":"Squirrel Hill South","tree_id":"t01448"},"geometry":{"type":"Point","coordinates":[-79.946,40.43601]}},{"id":"1449","type":"Feature","properties":{"common_name":"Oak: Pin","condition":"Good","height":16.764,"width":4.572,"crown_r_m":2.286,"crown_h_m":10.8966,"height_imputed":true,"width_imputed":true,"neighborhood":"Squirrel Hill South","tree_id":"t01449"},"geometry":{"type":"Point","coordinates":[-79.94604,40.43605]}},{"id":"1450","type":"Feature","properties":{"common_name":"Oak: Pin","condition":"Fair","height":16.764,"width":4.572,"crown_r_m":2.286,"crown_h_m":10.8966,"height_imputed":true,"width_imputed":true,"neighborhood":"Squirrel Hill South","tree_id":"t01450"},"geometry":{"type":"Point","coordinates":[-79.9462,40.43618]}},{"id":"1451","type":"Feature","properties":{"common_name":"Oak: Northern Red","condition":"Good","height":15.24,"width":3.6576,"crown_r_m":1.8288,"crown_h_m":9.906,"height_imputed":true,"width_imputed":true,"neighborhood":"Squirrel Hill South","tree_id":"t01451"},"geometry":{"type":"Point","coordinates":[-79.94101,40.43751]}},{"id":"1452","type":"Feature","properties":{"common_name":"Oak: Northern Red","condition":"Fair","height":15.24,"width":3.6576,"crown_r_m":1.8288,"crown_h_m":9.906,"height_imputed":true,"width_imputed":true,"neighborhood":"Squirrel Hill South","tree_id":"t01452"},"geometry":{"type":"Point","coordinates":[-79.94107,40.43712]}},{"id":"1453","type":"Feature","properties":{"common_name":"Oak: Northern Red","condition":"Good","height":15.24,"width":3.6576,"crown_r_m":1.8288,"crown_h_m":9.906,"height_imputed":true,"width_imputed":true,"neighborhood":"Squirrel Hill South","tree_id":"t01453"},"geometry":{"type":"Point","coordinates":[-79.94108,40.43703]}},{"id":"1454","type":"Feature","properties":{"common_name":"Maple: Norway","condition":"Good","height":9.6012,"width":2.4384,"crown_r_m":1.2192,"crown_h_m":6.24078,"height_imputed":true,"width_imputed":true,"neighborhood":"Squirrel Hill South","tree_id":"t01454"},"geometry":{"type":"Point","coordinates":[-79.94128,40.43685]}},{"id":"1455","type":"Feature","properties":{"common_name":"Maple: Norway","condition":"Poor","height":9.6012,"width":2.4384,"crown_r_m":1.2192,"crown_h_m":6.24078,"height_imputed":true,"width_imputed":true,"neighborhood":"Squirrel Hill South","tree_id":"t01455"},"geometry":{"type":"Point","coordinates":[-79.94118,40.43692]}},{"id":"1456","type":"Feature","properties":{"common_name":"Maple: Norway","condition":"Good","height":9.6012,"width":2.4384,"crown_r_m":1.2192,"crown_h_m":6.24078,"height_imputed":true,"width_imputed":true,"neighborhood":"Squirrel Hill South","tree_id":"t01456"},"geometry":{"type":"Point","coordinates":[-79.94107,40.43683]}},{"id":"1457","type":"Feature","properties":{"common_name":"Oak: Northern Red","condition":"Fair","height":15.24,"width":3.6576,"crown_r_m":1.8288,"crown_h_m":9.906,"height_imputed":true,"width_imputed":true,"neighborhood":"Squirrel Hill South","tree_id":"t01457"},"geometry":{"type":"Point","coordinates":[-79.941,40.43685]}},{"id":"1458","type":"Feature","properties":{"common_name":"Oak: Northern Red","condition":"Fair","height":15.24,"width":3.6576,"crown_r_m":1.8288,"crown_h_m":9.906,"height_imputed":true,"width_imputed":true,"neighborhood":"Squirrel Hill South","tree_id":"t01458"},"geometry":{"type":"Point","coordinates":[-79.94095,40.4368]}},{"id":"1459","type":"Feature","properties":{"common_name":"Oak: Northern Red","condition":"Fair","height":15.24,"width":3.6576,"crown_r_m":1.8288,"crown_h_m":9.906,"height_imputed":true,"width_imputed":true,"neighborhood":"Squirrel Hill South","tree_id":"t01459"},"geometry":{"type":"Point","coordinates":[-79.94078,40.43666]}},{"id":"1460","type":"Feature","properties":{"common_name":"Maple: Silver","condition":"Fair","height":12.192,"width":3.3528,"crown_r_m":1.6764,"crown_h_m":7.9248,"height_imputed":true,"width_imputed":true,"neighborhood":"Squirrel Hill South","tree_id":"t01460"},"geometry":{"type":"Point","coordinates":[-79.94083,40.4366]}},{"id":"1461","type":"Feature","properties":{"common_name":"Maple: Norway","condition":"Good","height":9.6012,"width":2.4384,"crown_r_m":1.2192,"crown_h_m":6.24078,"height_imputed":true,"width_imputed":true,"neighborhood":"Squirrel Hill South","tree_id":"t01461"},"geometry":{"type":"Point","coordinates":[-79.9406,40.4364]}},{"id":"1462","type":"Feature","properties":{"common_name":"Maple: Silver","condition":"Poor","height":12.192,"width":3.3528,"crown_r_m":1.6764,"crown_h_m":7.9248,"height_imputed":true,"width_imputed":true,"neighborhood":"Squirrel Hill South","tree_id":"t01462"},"geometry":{"type":"Point","coordinates":[-79.9405,40.43643]}},{"id":"1463","type":"Feature","properties":{"common_name":"Magnolia: spp.","condition":"Fair","height":7.62,"width":2.1336,"crown_r_m":1.0668,"crown_h_m":4.953,"height_imputed":true,"width_imputed":true,"neighborhood":"Squirrel Hill South","tree_id":"t01463"},"geometry":{"type":"Point","coordinates":[-79.94384,40.43924]}},{"id":"1464","type":"Feature","properties":{"common_name":"Magnolia: Cucumbertree","condition":"Good","height":7.62,"width":2.1336,"crown_r_m":1.0668,"crown_h_m":4.953,"height_imputed":true,"width_imputed":true,"neighborhood":"Squirrel Hill South","tree_id":"t01464"},"geometry":{"type":"Point","coordinates":[-79.94373,40.43913]}},{"id":"1465","type":"Feature","properties":{"common_name":"Magnolia: spp.","condition":"Good","height":7.62,"width":2.1336,"crown_r_m":1.0668,"crown_h_m":4.953,"height_imputed":true,"width_imputed":true,"neighborhood":"Squirrel Hill South","tree_id":"t01465"},"geometry":{"type":"Point","coordinates":[-79.94363,40.43906]}},{"id":"1466","type":"Feature","properties":{"common_name":"Hawthorn: spp.","condition":"Poor","height":2.4384,"width":1.3716,"crown_r_m":1.0,"crown_h_m":1.58496,"height_imputed":true,"width_imputed":true,"neighborhood":"Squirrel Hill South","tree_id":"t01466"},"geometry":{"type":"Point","coordinates":[-79.94354,40.43922]}},{"id":"1467","type":"Feature","properties":{"common_name":"Ginkgo","condition":"Good","height":3.6576,"width":1.524,"crown_r_m":1.0,"crown_h_m":2.37744,"height_imputed":true,"width_imputed":true,"neighborhood":"Squirrel Hill South","tree_id":"t01467"},"geometry":{"type":"Point","coordinates":[-79.94346,40.43926]}},{"id":"1468","type":"Feature","properties":{"common_name":"Oak: Northern Red","condition":"Poor","height":15.24,"width":3.6576,"crown_r_m":1.8288,"crown_h_m":9.906,"height_imputed":true,"width_imputed":true,"neighborhood":"Squirrel Hill South","tree_id":"t01468"},"geometry":{"type":"Point","coordinates":[-79.94341,40.43932]}},{"id":"1469","type":"Feature","properties":{"common_name":"Ginkgo","condition":"Fair","height":3.6576,"width":1.524,"crown_r_m":1.0,"crown_h_m":2.37744,"height_imputed":true,"width_imputed":true,"neighborhood":"Squirrel Hill South","tree_id":"t01469"},"geometry":{"type":"Point","coordinates":[-79.9435,40.43941]}},{"id":"1470","type":"Feature","properties":{"common_name":"Ginkgo","condition":"Good","height":3.6576,"width":1.524,"crown_r_m":1.0,"crown_h_m":2.37744,"height_imputed":true,"width_imputed":true,"neighborhood":"Squirrel Hill South","tree_id":"t01470"},"geometry":{"type":"Point","coordinates":[-79.94347,40.43946]}},{"id":"1471","type":"Feature","properties":{"common_name":"Ginkgo","condition":"Fair","height":3.6576,"width":1.524,"crown_r_m":1.0,"crown_h_m":2.37744,"height_imputed":true,"width_imputed":true,"neighborhood":"Squirrel Hill South","tree_id":"t01471"},"geometry":{"type":"Point","coordinates":[-79.94353,40.43948]}},{"id":"1472","type":"Feature","properties":{"common_name":"Cherry/Plum: spp.","condition":"Good","height":2.8956,"width":1.2192,"crown_r_m":1.0,"crown_h_m":1.88214,"height_imputed":true,"width_imputed":true,"neighborhood":"Squirrel Hill South","tree_id":"t01472"},"geometry":{"type":"Point","coordinates":[-79.94318,40.43936]}},{"id":"1473","type":"Feature","properties":{"common_name":"Serviceberry: spp.","condition":"Good","height":7.62,"width":2.1336,"crown_r_m":1.0668,"crown_h_m":4.953,"height_imputed":true,"width_imputed":true,"neighborhood":"Squirrel Hill South","tree_id":"t01473"},"geometry":{"type":"Point","coordinates":[-79.94308,40.43932]}},{"id":"1474","type":"Feature","properties":{"common_name":"Birch: Paper","condition":"Fair","height":7.62,"width":2.1336,"crown_r_m":1.0668,"crown_h_m":4.953,"height_imputed":true,"width_imputed":true,"neighborhood":"Squirrel Hill South","tree_id":"t01474"},"geometry":{"type":"Point","coordinates":[-79.94287,40.4393]}},{"id":"1475","type":"Feature","properties":{"common_name":"Birch: Paper","condition":"Fair","height":7.62,"width":2.1336,"crown_r_m":1.0668,"crown_h_m":4.953,"height_imputed":true,"width_imputed":true,"neighborhood":"Squirrel Hill South","tree_id":"t01475"},"geometry":{"type":"Point","coordinates":[-79.94283,40.43931]}},{"id":"1476","type":"Feature","properties":{"common_name":"Magnolia: Sweetbay","condition":"Good","height":7.62,"width":2.1336,"crown_r_m":1.0668,"crown_h_m":4.953,"height_imputed":true,"width_imputed":true,"neighborhood":"Squirrel Hill South","tree_id":"t01476"},"geometry":{"type":"Point","coordinates":[-79.94278,40.43943]}},{"id":"1477","type":"Feature","properties":{"common_name":"Dogwood: Kousa","condition":"Good","height":7.62,"width":2.1336,"crown_r_m":1.0668,"crown_h_m":4.953,"height_imputed":true,"width_imputed":true,"neighborhood":"Squirrel Hill South","tree_id":"t01477"},"geometry":{"type":"Point","coordinates":[-79.94275,40.43935]}},{"id":"1478","type":"Feature","properties":{"common_name":"Dogwood: Kousa","condition":"Good","height":7.62,"width":2.1336,"crown_r_m":1.0668,"crown_h_m":4.953,"height_imputed":true,"width_imputed":true,"neighborhood":"Squirrel Hill South","tree_id":"t01478"},"geometry":{"type":"Point","coordinates":[-79.94269,40.43936]}},{"id":"1479","type":"Feature","properties":{"common_name":"Willow: Weeping","condition":"Good","height":7.62,"width":2.1336,"crown_r_m":1.0668,"crown_h_m":4.953,"height_imputed":true,"width_imputed":true,"neighborhood":"Squirrel Hill South","tree_id":"t01479"},"geometry":{"type":"Point","coordinates":[-79.94267,40.43941]}},{"id":"1480","type":"Feature","properties":{"common_name":"Pawpaw: Common","condition":"Good","height":7.62,"width":2.1336,"crown_r_m":1.0668,"crown_h_m":4.953,"height_imputed":true,"width_imputed":true,"neighborhood":"Squirrel Hill South","tree_id":"t01480"},"geometry":{"type":"Point","coordinates":[-79.94265,40.43956]}},{"id":"1481","type":"Feature","properties":{"common_name":"Hawthorn: spp.","condition":"Fair","height":2.4384,"width":1.3716,"crown_r_m":1.0,"crown_h_m":1.58496,"height_imputed":true,"width_imputed":true,"neighborhood":"Squirrel Hill South","tree_id":"t01481"},"geometry":{"type":"Point","coordinates":[-79.94263,40.43958]}},{"id":"1482","type":"Feature","properties":{"common_name":"Hawthorn: spp.","condition":"Fair","height":2.4384,"width":1.3716,"crown_r_m":1.0,"crown_h_m":1.58496,"height_imputed":true,"width_imputed":true,"neighborhood":"Squirrel Hill South","tree_id":"t01482"},"geometry":{"type":"Point","coordinates":[-79.94265,40.4396]}},{"id":"1483","type":"Feature","properties":{"common_name":"Redbud: Eastern","condition":"Good","height":4.572,"width":1.8288,"crown_r_m":1.0,"crown_h_m":2.9718,"height_imputed":true,"width_imputed":true,"neighborhood":"Squirrel Hill South","tree_id":"t01483"},"geometry":{"type":"Point","coordinates":[-79.94273,40.43957]}},{"id":"1484","type":"Feature","properties":{"common_name":"Serviceberry: spp.","condition":"Poor","height":7.62,"width":2.1336,"crown_r_m":1.0668,"crown_h_m":4.953,"height_imputed":true,"width_imputed":true,"neighborhood":"Squirrel Hill South","tree_id":"t01484"},"geometry":{"type":"Point","coordinates":[-79.94279,40.43952]}},{"id":"1485","type":"Feature","properties":{"common_name":"Serviceberry: spp.","condition":"Poor","height":7.62,"width":2.1336,"crown_r_m":1.0668,"crown_h_m":4.953,"height_imputed":true,"width_imputed":true,"neighborhood":"Squirrel Hill South","tree_id":"t01485"},"geometry":{"type":"Point","coordinates":[-79.94282,40.43955]}},{"id":"1486","type":"Feature","properties":{"common_name":"Pagodatree: Japanese","condition":"Good","height":7.62,"width":2.1336,"crown_r_m":1.0668,"crown_h_m":4.953,"height_imputed":true,"width_imputed":true,"neighborhood":"Squirrel Hill South","tree_id":"t01486"},"geometry":{"type":"Point","coordinates":[-79.94313,40.43933]}},{"id":"1487","type":"Feature","properties":{"common_name":"Hemlock: Eastern","condition":"Fair","height":7.62,"width":2.1336,"crown_r_m":1.0668,"crown_h_m":4.953,"height_imputed":true,"width_imputed":true,"neighborhood":"Squirrel Hill South","tree_id":"t01487"},"geometry":{"type":"Point","coordinates":[-79.94268,40.43955]}},{"id":"1488","type":"Feature","properties":{"common_name":"Magnolia: Sweetbay","condition":"Good","height":7.62,"width":2.1336,"crown_r_m":1.0668,"crown_h_m":4.953,"height_imputed":true,"width_imputed":true,"neighborhood":"Squirrel Hill South","tree_id":"t01488"},"geometry":{"type":"Point","coordinates":[-79.94284,40.43956]}},{"id":"1489","type":"Feature","properties":{"common_name":"Magnolia: Sweetbay","condition":"Poor","height":7.62,"width":2.1336,"crown_r_m":1.0668,"crown_h_m":4.953,"height_imputed":true,"width_imputed":true,"neighborhood":"Squirrel Hill South","tree_id":"t01489"},"geometry":{"type":"Point","coordinates":[-79.94287,40.43957]}},{"id":"1490","type":"Feature","properties":{"common_name":"Magnolia: Sweetbay","condition":"Fair","height":7.62,"width":2.1336,"crown_r_m":1.0668,"crown_h_m":4.953,"height_imputed":true,"width_imputed":true,"neighborhood":"Squirrel Hill South","tree_id":"t01490"},"geometry":{"type":"Point","coordinates":[-79.9429,40.43959]}},{"id":"1491","type":"Feature","properties":{"common_name":"Oak: Pin","condition":"Good","height":16.764,"width":4.572,"crown_r_m":2.286,"crown_h_m":10.8966,"height_imputed":true,"width_imputed":true,"neighborhood":"Central Oakland","tree_id":"t01491"},"geometry":{"type":"Point","coordinates":[-79.95044,40.44161]}},{"id":"1492","type":"Feature","properties":{"common_name":"Sweetgum: American","condition":"Fair","height":12.192,"width":2.7432,"crown_r_m":1.3716,"crown_h_m":7.9248,"height_imputed":true,"width_imputed":true,"neighborhood":"Squirrel Hill South","tree_id":"t01492"},"geometry":{"type":"Point","coordinates":[-79.94313,40.43956]}},{"id":"1493","type":"Feature","properties":{"common_name":"Cherry/Plum: spp.","condition":"Good","height":2.8956,"width":1.2192,"crown_r_m":1.0,"crown_h_m":1.88214,"height_imputed":true,"width_imputed":true,"neighborhood":"Squirrel Hill South","tree_id":"t01493"},"geometry":{"type":"Point","coordinates":[-79.94324,40.43956]}},{"id":"1494","type":"Feature","properties":{"common_name":"Cherry/Plum: spp.","condition":"Good","height":2.8956,"width":1.2192,"crown_r_m":1.0,"crown_h_m":1.88214,"height_imputed":true,"width_imputed":true,"neighborhood":"Squirrel Hill South","tree_id":"t01494"},"geometry":{"type":"Point","coordinates":[-79.94321,40.43968]}},{"id":"1495","type":"Feature","properties":{"common_name":"Magnolia: spp.","condition":"Fair","height":7.62,"width":2.1336,"crown_r_m":1.0668,"crown_h_m":4.953,"height_imputed":true,"width_imputed":true,"neighborhood":"Squirrel Hill South","tree_id":"t01495"},"geometry":{"type":"Point","coordinates":[-79.9433,40.4397]}},{"id":"1496","type":"Feature","properties":{"common_name":"Magnolia: spp.","condition":"Poor","height":7.62,"width":2.1336,"crown_r_m":1.0668,"crown_h_m":4.953,"height_imputed":true,"width_imputed":true,"neighborhood":"Squirrel Hill South","tree_id":"t01496"},"geometry":{"type":"Point","coordinates":[-79.94325,40.43973]}},{"id":"1497","type":"Feature","properties":{"common_name":"Sweetgum: American","condition":"Fair","height":12.192,"width":2.7432,"crown_r_m":1.3716,"crown_h_m":7.9248,"height_imputed":true,"width_imputed":true,"neighborhood":"Squirrel Hill South","tree_id":"t01497"},"geometry":{"type":"Point","coordinates":[-79.94325,40.43978]}},{"id":"1498","type":"Feature","properties":{"common_name":"Tuliptree","condition":"Poor","height":3.9624,"width":1.524,"crown_r_m":1.0,"crown_h_m":2.57556,"height_imputed":true,"width_imputed":true,"neighborhood":"Squirrel Hill South","tree_id":"t01498"},"geometry":{"type":"Point","coordinates":[-79.94326,40.43986]}},{"id":"1499","type":"Feature","properties":{"common_name":"Sweetgum: American","condition":"Good","height":12.192,"width":2.7432,"crown_r_m":1.3716,"crown_h_m":7.9248,"height_imputed":true,"width_imputed":true,"neighborhood":"Squirrel Hill South","tree_id":"t01499"},"geometry":{"type":"Point","coordinates":[-79.94316,40.43986]}},{"id":"1500","type":"Feature","properties":{"common_name":"Sweetgum: American","condition":"Fair","height":12.192,"width":2.7432,"crown_r_m":1.3716,"crown_h_m":7.9248,"height_imputed":true,"width_imputed":true,"neighborhood":"Squirrel Hill South","tree_id":"t01500"},"geometry":{"type":"Point","coordinates":[-79.94313,40.4398]}},{"id":"1501","type":"Feature","properties":{"common_name":"Magnolia: Cucumbertree","condition":"Poor","height":7.62,"width":2.1336,"crown_r_m":1.0668,"crown_h_m":4.953,"height_imputed":true,"width_imputed":true,"neighborhood":"Squirrel Hill South","tree_id":"t01501"},"geometry":{"type":"Point","coordinates":[-79.94302,40.4399]}},{"id":"1502","type":"Feature","properties":{"common_name":"Beech: European","condition":"Good","height":7.62,"width":2.1336,"crown_r_m":1.0668,"crown_h_m":4.953,"height_imputed":true,"width_imputed":true,"neighborhood":"Central Oakland","tree_id":"t01502"},"geometry":{"type":"Point","coordinates":[-79.95043,40.44139]}},{"id":"1503","type":"Feature","properties":{"common_name":"Tuliptree","condition":"Fair","height":3.9624,"width":1.524,"crown_r_m":1.0,"crown_h_m":2.57556,"height_imputed":true,"width_imputed":true,"neighborhood":"Squirrel Hill South","tree_id":"t01503"},"geometry":{"type":"Point","coordinates":[-79.94308,40.43999]}},{"id":"1504","type":"Feature","properties":{"common_name":"Tuliptree","condition":"Fair","height":3.9624,"width":1.524,"crown_r_m":1.0,"crown_h_m":2.57556,"height_imputed":true,"width_imputed":true,"neighborhood":"Squirrel Hill South","tree_id":"t01504"},"geometry":{"type":"Point","coordinates":[-79.94294,40.44006]}},{"id":"1505","type":"Feature","properties":{"common_name":"Tuliptree","condition":"Poor","height":3.9624,"width":1.524,"crown_r_m":1.0,"crown_h_m":2.57556,"height_imputed":true,"width_imputed":true,"neighborhood":"Squirrel Hill South","tree_id":"t01505"},"geometry":{"type":"Point","coordinates":[-79.94279,40.44011]}},{"id":"1506","type":"Feature","properties":{"common_name":"Cherry/Plum: spp.","condition":"Very Good","height":2.8956,"width":1.2192,"crown_r_m":1.0,"crown_h_m":1.88214,"height_imputed":true,"width_imputed":true,"neighborhood":"Squirrel Hill South","tree_id":"t01506"},"geometry":{"type":"Point","coordinates":[-79.94282,40.44003]}},{"id":"1507","type":"Feature","properties":{"common_name":"Cherry/Plum: spp.","condition":"Very Good","height":2.8956,"width":1.2192,"crown_r_m":1.0,"crown_h_m":1.88214,"height_imputed":true,"width_imputed":true,"neighborhood":"Squirrel Hill South","tree_id":"t01507"},"geometry":{"type":"Point","coordinates":[-79.94286,40.44]}},{"id":"1508","type":"Feature","properties":{"common_name":"Cherry/Plum: spp.","condition":"Very Good","height":2.8956,"width":1.2192,"crown_r_m":1.0,"crown_h_m":1.88214,"height_imputed":true,"width_imputed":true,"neighborhood":"Squirrel Hill South","tree_id":"t01508"},"geometry":{"type":"Point","coordinates":[-79.9429,40.43995]}},{"id":"1509","type":"Feature","properties":{"common_name":"Cherry/Plum: spp.","condition":"Very Good","height":2.8956,"width":1.2192,"crown_r_m":1.0,"crown_h_m":1.88214,"height_imputed":true,"width_imputed":true,"neighborhood":"Squirrel Hill South","tree_id":"t01509"},"geometry":{"type":"Point","coordinates":[-79.94294,40.4399]}},{"id":"1510","type":"Feature","properties":{"common_name":"Cherry/Plum: spp.","condition":"Very Good","height":2.8956,"width":1.2192,"crown_r_m":1.0,"crown_h_m":1.88214,"height_imputed":true,"width_imputed":true,"neighborhood":"Squirrel Hill South","tree_id":"t01510"},"geometry":{"type":"Point","coordinates":[-79.94298,40.43986]}},{"id":"1511","type":"Feature","properties":{"common_name":"Cherry/Plum: spp.","condition":"Very Good","height":2.8956,"width":1.2192,"crown_r_m":1.0,"crown_h_m":1.88214,"height_imputed":true,"width_imputed":true,"neighborhood":"Squirrel Hill South","tree_id":"t01511"},"geometry":{"type":"Point","coordinates":[-79.94302,40.43981]}},{"id":"1512","type":"Feature","properties":{"common_name":"Cherry/Plum: spp.","condition":"Very Good","height":2.8956,"width":1.2192,"crown_r_m":1.0,"crown_h_m":1.88214,"height_imputed":true,"width_imputed":true,"neighborhood":"Squirrel Hill South","tree_id":"t01512"},"geometry":{"type":"Point","coordinates":[-79.94308,40.43975]}},{"id":"1513","type":"Feature","properties":{"common_name":"Mulberry: White","condition":"Fair","height":9.144,"width":3.048,"crown_r_m":1.524,"crown_h_m":5.9436,"height_imputed":true,"width_imputed":true,"neighborhood":"Central Oakland","tree_id":"t01513"},"geometry":{"type":"Point","coordinates":[-79.95033,40.44137]}},{"id":"1514","type":"Feature","properties":{"common_name":"Cherry/Plum: spp.","condition":"Very Good","height":2.8956,"width":1.2192,"crown_r_m":1.0,"crown_h_m":1.88214,"height_imputed":true,"width_imputed":true,"neighborhood":"Squirrel Hill South","tree_id":"t01514"},"geometry":{"type":"Point","coordinates":[-79.94312,40.43971]}},{"id":"1515","type":"Feature","properties":{"common_name":"Cherry/Plum: spp.","condition":"Very Good","height":2.8956,"width":1.2192,"crown_r_m":1.0,"crown_h_m":1.88214,"height_imputed":true,"width_imputed":true,"neighborhood":"Squirrel Hill South","tree_id":"t01515"},"geometry":{"type":"Point","coordinates":[-79.94315,40.43968]}},{"id":"1516","type":"Feature","properties":{"common_name":"Cherry/Plum: spp.","condition":"Very Good","height":2.8956,"width":1.2192,"crown_r_m":1.0,"crown_h_m":1.88214,"height_imputed":true,"width_imputed":true,"neighborhood":"Squirrel Hill South","tree_id":"t01516"},"geometry":{"type":"Point","coordinates":[-79.94319,40.43963]}},{"id":"1517","type":"Feature","properties":{"common_name":"Sweetgum: American","condition":"Good","height":12.192,"width":2.7432,"crown_r_m":1.3716,"crown_h_m":7.9248,"height_imputed":true,"width_imputed":true,"neighborhood":"Squirrel Hill South","tree_id":"t01517"},"geometry":{"type":"Point","coordinates":[-79.94306,40.43966]}},{"id":"1518","type":"Feature","properties":{"common_name":"Sweetgum: American","condition":"Good","height":12.192,"width":2.7432,"crown_r_m":1.3716,"crown_h_m":7.9248,"height_imputed":true,"width_imputed":true,"neighborhood":"Squirrel Hill South","tree_id":"t01518"},"geometry":{"type":"Point","coordinates":[-79.943,40.4397]}},{"id":"1519","type":"Feature","properties":{"common_name":"Sweetgum: American","condition":"Fair","height":12.192,"width":2.7432,"crown_r_m":1.3716,"crown_h_m":7.9248,"height_imputed":true,"width_imputed":true,"neighborhood":"Squirrel Hill South","tree_id":"t01519"},"geometry":{"type":"Point","coordinates":[-79.94296,40.43966]}},{"id":"1520","type":"Feature","properties":{"common_name":"Maple: Silver","condition":"Fair","height":12.192,"width":3.3528,"crown_r_m":1.6764,"crown_h_m":7.9248,"height_imputed":true,"width_imputed":true,"neighborhood":"Squirrel Hill South","tree_id":"t01520"},"geometry":{"type":"Point","coordinates":[-79.94287,40.43964]}},{"id":"1521","type":"Feature","properties":{"common_name":"Sweetgum: American","condition":"Fair","height":12.192,"width":2.7432,"crown_r_m":1.3716,"crown_h_m":7.9248,"height_imputed":true,"width_imputed":true,"neighborhood":"Squirrel Hill South","tree_id":"t01521"},"geometry":{"type":"Point","coordinates":[-79.94283,40.43966]}},{"id":"1522","type":"Feature","properties":{"common_name":"Magnolia: spp.","condition":"Good","height":7.62,"width":2.1336,"crown_r_m":1.0668,"crown_h_m":4.953,"height_imputed":true,"width_imputed":true,"neighborhood":"Squirrel Hill South","tree_id":"t01522"},"geometry":{"type":"Point","coordinates":[-79.94286,40.43982]}},{"id":"1523","type":"Feature","properties":{"common_name":"Magnolia: spp.","condition":"Good","height":7.62,"width":2.1336,"crown_r_m":1.0668,"crown_h_m":4.953,"height_imputed":true,"width_imputed":true,"neighborhood":"Squirrel Hill South","tree_id":"t01523"},"geometry":{"type":"Point","coordinates":[-79.94279,40.43981]}},{"id":"1524","type":"Feature","properties":{"common_name":"Maple: Silver","condition":"Critical","height":12.192,"width":3.3528,"crown_r_m":1.6764,"crown_h_m":7.9248,"height_imputed":true,"width_imputed":true,"neighborhood":"Central Oakland","tree_id":"t01524"},"geometry":{"type":"Point","coordinates":[-79.95055,40.44135]}},{"id":"1525","type":"Feature","properties":{"common_name":"Magnolia: spp.","condition":"Fair","height":7.62,"width":2.1336,"crown_r_m":1.0668,"crown_h_m":4.953,"height_imputed":true,"width_imputed":true,"neighborhood":"Squirrel Hill South","tree_id":"t01525"},"geometry":{"type":"Point","coordinates":[-79.94279,40.43995]}},{"id":"1526","type":"Feature","properties":{"common_name":"Oak: English","condition":"Poor","height":7.62,"width":2.1336,"crown_r_m":1.0668,"crown_h_m":4.953,"height_imputed":true,"width_imputed":true,"neighborhood":"Squirrel Hill South","tree_id":"t01526"},"geometry":{"type":"Point","coordinates":[-79.94258,40.44]}},{"id":"1527","type":"Feature","properties":{"common_name":"Magnolia: spp.","condition":"Good","height":7.62,"width":2.1336,"crown_r_m":1.0668,"crown_h_m":4.953,"height_imputed":true,"width_imputed":true,"neighborhood":"Squirrel Hill South","tree_id":"t01527"},"geometry":{"type":"Point","coordinates":[-79.94248,40.44001]}},{"id":"1528","type":"Feature","properties":{"common_name":"Tuliptree","condition":"Fair","height":3.9624,"width":1.524,"crown_r_m":1.0,"crown_h_m":2.57556,"height_imputed":true,"width_imputed":true,"neighborhood":"Squirrel Hill South","tree_id":"t01528"},"geometry":{"type":"Point","coordinates":[-79.94257,40.44011]}},{"id":"1529","type":"Feature","properties":{"common_name":"Tuliptree","condition":"Very Good","height":3.9624,"width":1.524,"crown_r_m":1.0,"crown_h_m":2.57556,"height_imputed":true,"width_imputed":true,"neighborhood":"Squirrel Hill South","tree_id":"t01529"},"geometry":{"type":"Point","coordinates":[-79.94244,40.4401]}},{"id":"1530","type":"Feature","properties":{"common_name":"Tuliptree","condition":"Fair","height":3.9624,"width":1.524,"crown_r_m":1.0,"crown_h_m":2.57556,"height_imputed":true,"width_imputed":true,"neighborhood":"Squirrel Hill South","tree_id":"t01530"},"geometry":{"type":"Point","coordinates":[-79.94232,40.44007]}},{"id":"1531","type":"Feature","properties":{"common_name":"Cherry/Plum: spp.","condition":"Poor","height":2.8956,"width":1.2192,"crown_r_m":1.0,"crown_h_m":1.88214,"height_imputed":true,"width_imputed":true,"neighborhood":"Squirrel Hill South","tree_id":"t01531"},"geometry":{"type":"Point","coordinates":[-79.94229,40.43997]}},{"id":"1532","type":"Feature","properties":{"common_name":"Magnolia: spp.","condition":"Good","height":7.62,"width":2.1336,"crown_r_m":1.0668,"crown_h_m":4.953,"height_imputed":true,"width_imputed":true,"neighborhood":"Squirrel Hill South","tree_id":"t01532"},"geometry":{"type":"Point","coordinates":[-79.94222,40.43999]}},{"id":"1533","type":"Feature","properties":{"common_name":"Tuliptree","condition":"Good","height":3.9624,"width":1.524,"crown_r_m":1.0,"crown_h_m":2.57556,"height_imputed":true,"width_imputed":true,"neighborhood":"Squirrel Hill South","tree_id":"t01533"},"geometry":{"type":"Point","coordinates":[-79.94218,40.44004]}},{"id":"1534","type":"Feature","properties":{"common_name":"Elm: spp.","condition":"Critical","height":4.2672,"width":1.8288,"crown_r_m":1.0,"crown_h_m":2.77368,"height_imputed":true,"width_imputed":true,"neighborhood":"Central Oakland","tree_id":"t01534"},"geometry":{"type":"Point","coordinates":[-79.95063,40.44139]}},{"id":"1535","type":"Feature","properties":{"common_name":"Cherry/Plum: spp.","condition":"Good","height":2.8956,"width":1.2192,"crown_r_m":1.0,"crown_h_m":1.88214,"height_imputed":true,"width_imputed":true,"neighborhood":"Squirrel Hill South","tree_id":"t01535"},"geometry":{"type":"Point","coordinates":[-79.94199,40.43994]}},{"id":"1536","type":"Feature","properties":{"common_name":"Tuliptree","condition":"Fair","height":3.9624,"width":1.524,"crown_r_m":1.0,"crown_h_m":2.57556,"height_imputed":true,"width_imputed":true,"neighborhood":"Squirrel Hill South","tree_id":"t01536"},"geometry":{"type":"Point","coordinates":[-79.94193,40.43989]}},{"id":"1537","type":"Feature","properties":{"common_name":"Tuliptree","condition":"Poor","height":3.9624,"width":1.524,"crown_r_m":1.0,"crown_h_m":2.57556,"height_imputed":true,"width_imputed":true,"neighborhood":"Squirrel Hill South","tree_id":"t01537"},"geometry":{"type":"Point","coordinates":[-79.94184,40.43989]}},{"id":"1538","type":"Feature","properties":{"common_name":"Tuliptree","condition":"Poor","height":3.9624,"width":1.524,"crown_r_m":1.0,"crown_h_m":2.57556,"height_imputed":true,"width_imputed":true,"neighborhood":"Squirrel Hill South","tree_id":"t01538"},"geometry":{"type":"Point","coordinates":[-79.9418,40.43983]}},{"id":"1539","type":"Feature","properties":{"common_name":"Tuliptree","condition":"Fair","height":3.9624,"width":1.524,"crown_r_m":1.0,"crown_h_m":2.57556,"height_imputed":true,"width_imputed":true,"neighborhood":"Squirrel Hill South","tree_id":"t01539"},"geometry":{"type":"Point","coordinates":[-79.9418,40.43979]}},{"id":"1540","type":"Feature","properties":{"common_name":"Tuliptree","condition":"Poor","height":3.9624,"width":1.524,"crown_r_m":1.0,"crown_h_m":2.57556,"height_imputed":true,"width_imputed":true,"neighborhood":"Squirrel Hill South","tree_id":"t01540"},"geometry":{"type":"Point","coordinates":[-79.94167,40.43978]}},{"id":"1541","type":"Feature","properties":{"common_name":"Magnolia: Cucumbertree","condition":"Good","height":7.62,"width":2.1336,"crown_r_m":1.0668,"crown_h_m":4.953,"height_imputed":true,"width_imputed":true,"neighborhood":"Squirrel Hill South","tree_id":"t01541"},"geometry":{"type":"Point","coordinates":[-79.94195,40.43974]}},{"id":"1542","type":"Feature","properties":{"common_name":"Tuliptree","condition":"Good","height":3.9624,"width":1.524,"crown_r_m":1.0,"crown_h_m":2.57556,"height_imputed":true,"width_imputed":true,"neighborhood":"Squirrel Hill South","tree_id":"t01542"},"geometry":{"type":"Point","coordinates":[-79.94198,40.43972]}},{"id":"1543","type":"Feature","properties":{"common_name":"Magnolia: Umbrella","condition":"Fair","height":7.62,"width":2.1336,"crown_r_m":1.0668,"crown_h_m":4.953,"height_imputed":true,"width_imputed":true,"neighborhood":"Squirrel Hill South","tree_id":"t01543"},"geometry":{"type":"Point","coordinates":[-79.94202,40.43971]}},{"id":"1544","type":"Feature","properties":{"common_name":"Magnolia: Cucumbertree","condition":"Fair","height":7.62,"width":2.1336,"crown_r_m":1.0668,"crown_h_m":4.953,"height_imputed":true,"width_imputed":true,"neighborhood":"Squirrel Hill South","tree_id":"t01544"},"geometry":{"type":"Point","coordinates":[-79.94204,40.4397]}},{"id":"1545","type":"Feature","properties":{"common_name":"Elm: spp.","condition":"Critical","height":4.2672,"width":1.8288,"crown_r_m":1.0,"crown_h_m":2.77368,"height_imputed":true,"width_imputed":true,"neighborhood":"Central Oakland","tree_id":"t01545"},"geometry":{"type":"Point","coordinates":[-79.95069,40.44137]}},{"id":"1546","type":"Feature","properties":{"common_name":"Magnolia: Umbrella","condition":"Good","height":7.62,"width":2.1336,"crown_r_m":1.0668,"crown_h_m":4.953,"height_imputed":true,"width_imputed":true,"neighborhood":"Squirrel Hill South","tree_id":"t01546"},"geometry":{"type":"Point","coordinates":[-79.94205,40.43967]}},{"id":"1547","type":"Feature","properties":{"common_name":"Magnolia: Umbrella","condition":"Good","height":7.62,"width":2.1336,"crown_r_m":1.0668,"crown_h_m":4.953,"height_imputed":true,"width_imputed":true,"neighborhood":"Squirrel Hill South","tree_id":"t01547"},"geometry":{"type":"Point","coordinates":[-79.94216,40.43974]}},{"id":"1548","type":"Feature","properties":{"common_name":"Magnolia: Cucumbertree","condition":"Poor","height":7.62,"width":2.1336,"crown_r_m":1.0668,"crown_h_m":4.953,"height_imputed":true,"width_imputed":true,"neighborhood":"Squirrel Hill South","tree_id":"t01548"},"geometry":{"type":"Point","coordinates":[-79.94225,40.43981]}},{"id":"1549","type":"Feature","properties":{"common_name":"Magnolia: spp.","condition":"Fair","height":7.62,"width":2.1336,"crown_r_m":1.0668,"crown_h_m":4.953,"height_imputed":true,"width_imputed":true,"neighborhood":"Squirrel Hill South","tree_id":"t01549"},"geometry":{"type":"Point","coordinates":[-79.94242,40.4398]}},{"id":"1550","type":"Feature","properties":{"common_name":"Tuliptree","condition":"Fair","height":3.9624,"width":1.524,"crown_r_m":1.0,"crown_h_m":2.57556,"height_imputed":true,"width_imputed":true,"neighborhood":"Squirrel Hill South","tree_id":"t01550"},"geometry":{"type":"Point","coordinates":[-79.94246,40.4396]}},{"id":"1551","type":"Feature","properties":{"common_name":"Sycamore: American","condition":"Good","height":7.62,"width":2.1336,"crown_r_m":1.0668,"crown_h_m":4.953,"height_imputed":true,"width_imputed":true,"neighborhood":"Squirrel Hill South","tree_id":"t01551"},"geometry":{"type":"Point","coordinates":[-79.94255,40.43966]}},{"id":"1552","type":"Feature","properties":{"common_name":"Sweetgum: American","condition":"Fair","height":12.192,"width":2.7432,"crown_r_m":1.3716,"crown_h_m":7.9248,"height_imputed":true,"width_imputed":true,"neighborhood":"Squirrel Hill South","tree_id":"t01552"},"geometry":{"type":"Point","coordinates":[-79.94263,40.43967]}},{"id":"1553","type":"Feature","properties":{"common_name":"Sweetgum: American","condition":"Fair","height":12.192,"width":2.7432,"crown_r_m":1.3716,"crown_h_m":7.9248,"height_imputed":true,"width_imputed":true,"neighborhood":"Squirrel Hill South","tree_id":"t01553"},"geometry":{"type":"Point","coordinates":[-79.94268,40.43971]}},{"id":"1554","type":"Feature","properties":{"common_name":"Sweetgum: American","condition":"Good","height":12.192,"width":2.7432,"crown_r_m":1.3716,"crown_h_m":7.9248,"height_imputed":true,"width_imputed":true,"neighborhood":"Squirrel Hill South","tree_id":"t01554"},"geometry":{"type":"Point","coordinates":[-79.94267,40.43975]}},{"id":"1555","type":"Feature","properties":{"common_name":"Sweetgum: American","condition":"Good","height":12.192,"width":2.7432,"crown_r_m":1.3716,"crown_h_m":7.9248,"height_imputed":true,"width_imputed":true,"neighborhood":"Squirrel Hill South","tree_id":"t01555"},"geometry":{"type":"Point","coordinates":[-79.94263,40.43978]}},{"id":"1556","type":"Feature","properties":{"common_name":"Oak: Pin","condition":"Poor","height":16.764,"width":4.572,"crown_r_m":2.286,"crown_h_m":10.8966,"height_imputed":true,"width_imputed":true,"neighborhood":"Central Oakland","tree_id":"t01556"},"geometry":{"type":"Point","coordinates":[-79.95083,40.4412]}},{"id":"1557","type":"Feature","properties":{"common_name":"Crabapple: Flowering","condition":"Good","height":3.048,"width":1.2192,"crown_r_m":1.0,"crown_h_m":1.9812,"height_imputed":true,"width_imputed":true,"neighborhood":"Squirrel Hill South","tree_id":"t01557"},"geometry":{"type":"Point","coordinates":[-79.94386,40.43867]}},{"id":"1558","type":"Feature","properties":{"common_name":"Ash: Green","condition":"Poor","height":5.334,"width":2.286,"crown_r_m":1.143,"crown_h_m":3.4671,"height_imputed":true,"width_imputed":true,"neighborhood":"Squirrel Hill South","tree_id":"t01558"},"geometry":{"type":"Point","coordinates":[-79.94388,40.43864]}},{"id":"1559","type":"Feature","properties":{"common_name":"Oak: Scarlet","condition":"Poor","height":7.62,"width":2.1336,"crown_r_m":1.0668,"crown_h_m":4.953,"height_imputed":true,"width_imputed":true,"neighborhood":"Squirrel Hill South","tree_id":"t01559"},"geometry":{"type":"Point","coordinates":[-79.94391,40.4386]}},{"id":"1560","type":"Feature","properties":{"common_name":"Oak: Scarlet","condition":"Fair","height":7.62,"width":2.1336,"crown_r_m":1.0668,"crown_h_m":4.953,"height_imputed":true,"width_imputed":true,"neighborhood":"Squirrel Hill South","tree_id":"t01560"},"geometry":{"type":"Point","coordinates":[-79.94399,40.43847]}},{"id":"1561","type":"Feature","properties":{"common_name":"Oak: White","condition":"Fair","height":7.62,"width":2.1336,"crown_r_m":1.0668,"crown_h_m":4.953,"height_imputed":true,"width_imputed":true,"neighborhood":"Squirrel Hill South","tree_id":"t01561"},"geometry":{"type":"Point","coordinates":[-79.94412,40.43834]}},{"id":"1562","type":"Feature","properties":{"common_name":"Oak: Pin","condition":"Fair","height":16.764,"width":4.572,"crown_r_m":2.286,"crown_h_m":10.8966,"height_imputed":true,"width_imputed":true,"neighborhood":"Squirrel Hill South","tree_id":"t01562"},"geometry":{"type":"Point","coordinates":[-79.94411,40.4382]}},{"id":"1563","type":"Feature","properties":{"common_name":"Oak: White","condition":"Good","height":7.62,"width":2.1336,"crown_r_m":1.0668,"crown_h_m":4.953,"height_imputed":true,"width_imputed":true,"neighborhood":"Squirrel Hill South","tree_id":"t01563"},"geometry":{"type":"Point","coordinates":[-79.94429,40.43824]}},{"id":"1564","type":"Feature","properties":{"common_name":"Crabapple: Flowering","condition":"Fair","height":3.048,"width":1.2192,"crown_r_m":1.0,"crown_h_m":1.9812,"height_imputed":true,"width_imputed":true,"neighborhood":"Central Oakland","tree_id":"t01564"},"geometry":{"type":"Point","coordinates":[-79.95064,40.44168]}},{"id":"1565","type":"Feature","properties":{"common_name":"Oak: Pin","condition":"Fair","height":16.764,"width":4.572,"crown_r_m":2.286,"crown_h_m":10.8966,"height_imputed":true,"width_imputed":true,"neighborhood":"Squirrel Hill South","tree_id":"t01565"},"geometry":{"type":"Point","coordinates":[-79.94446,40.43812]}},{"id":"1566","type":"Feature","properties":{"common_name":"Oak: White","condition":"Good","height":7.62,"width":2.1336,"crown_r_m":1.0668,"crown_h_m":4.953,"height_imputed":true,"width_imputed":true,"neighborhood":"Squirrel Hill South","tree_id":"t01566"},"geometry":{"type":"Point","coordinates":[-79.94444,40.43824]}},{"id":"1567","type":"Feature","properties":{"common_name":"Maple: Sugar","condition":"Poor","height":9.4488,"width":2.4384,"crown_r_m":1.2192,"crown_h_m":6.14172,"height_imputed":true,"width_imputed":true,"neighborhood":"Squirrel Hill South","tree_id":"t01567"},"geometry":{"type":"Point","coordinates":[-79.94438,40.43826]}},{"id":"1568","type":"Feature","properties":{"common_name":"Oak: White","condition":"Good","height":7.62,"width":2.1336,"crown_r_m":1.0668,"crown_h_m":4.953,"height_imputed":true,"width_imputed":true,"neighborhood":"Squirrel Hill South","tree_id":"t01568"},"geometry":{"type":"Point","coordinates":[-79.94429,40.4383]}},{"id":"1569","type":"Feature","properties":{"common_name":"Sassafras","condition":"Poor","height":7.62,"width":2.1336,"crown_r_m":1.0668,"crown_h_m":4.953,"height_imputed":true,"width_imputed":true,"neighborhood":"Squirrel Hill South","tree_id":"t01569"},"geometry":{"type":"Point","coordinates":[-79.94425,40.43841]}},{"id":"1570","type":"Feature","properties":{"common_name":"Oak: Black","condition":"Fair","height":7.62,"width":2.1336,"crown_r_m":1.0668,"crown_h_m":4.953,"height_imputed":true,"width_imputed":true,"neighborhood":"Squirrel Hill South","tree_id":"t01570"},"geometry":{"type":"Point","coordinates":[-79.94431,40.43839]}},{"id":"1571","type":"Feature","properties":{"common_name":"Hophornbeam: American","condition":"Good","height":7.62,"width":2.1336,"crown_r_m":1.0668,"crown_h_m":4.953,"height_imputed":true,"width_imputed":true,"neighborhood":"Squirrel Hill South","tree_id":"t01571"},"geometry":{"type":"Point","coordinates":[-79.94448,40.43829]}},{"id":"1572","type":"Feature","properties":{"common_name":"Oak: Pin","condition":"Fair","height":16.764,"width":4.572,"crown_r_m":2.286,"crown_h_m":10.8966,"height_imputed":true,"width_imputed":true,"neighborhood":"Squirrel Hill South","tree_id":"t01572"},"geometry":{"type":"Point","coordinates":[-79.94463,40.43792]}},{"id":"1573","type":"Feature","properties":{"common_name":"Dogwood: Corneliancherry","condition":"Good","height":2.4384,"width":1.2192,"crown_r_m":1.0,"crown_h_m":1.58496,"height_imputed":true,"width_imputed":true,"neighborhood":"Central Oakland","tree_id":"t01573"},"geometry":{"type":"Point","coordinates":[-79.95068,40.4418]}},{"id":"1574","type":"Feature","properties":{"common_name":"Oak: Pin","condition":"Fair","height":16.764,"width":4.572,"crown_r_m":2.286,"crown_h_m":10.8966,"height_imputed":true,"width_imputed":true,"neighborhood":"Squirrel Hill South","tree_id":"t01574"},"geometry":{"type":"Point","coordinates":[-79.94479,40.43786]}},{"id":"1575","type":"Feature","properties":{"common_name":"Locust: Black","condition":"Poor","height":13.716,"width":4.572,"crown_r_m":2.286,"crown_h_m":8.9154,"height_imputed":true,"width_imputed":true,"neighborhood":"Squirrel Hill South","tree_id":"t01575"},"geometry":{"type":"Point","coordinates":[-79.94479,40.43783]}},{"id":"1576","type":"Feature","properties":{"common_name":"Maple: Sugar","condition":"Poor","height":9.4488,"width":2.4384,"crown_r_m":1.2192,"crown_h_m":6.14172,"height_imputed":true,"width_imputed":true,"neighborhood":"Squirrel Hill South","tree_id":"t01576"},"geometry":{"type":"Point","coordinates":[-79.94473,40.43782]}},{"id":"1577","type":"Feature","properties":{"common_name":"Oak: White","condition":"Good","height":7.62,"width":2.1336,"crown_r_m":1.0668,"crown_h_m":4.953,"height_imputed":true,"width_imputed":true,"neighborhood":"Squirrel Hill South","tree_id":"t01577"},"geometry":{"type":"Point","coordinates":[-79.94489,40.43777]}},{"id":"1578","type":"Feature","properties":{"common_name":"Locust: Black","condition":"Poor","height":13.716,"width":4.572,"crown_r_m":2.286,"crown_h_m":8.9154,"height_imputed":true,"width_imputed":true,"neighborhood":"Squirrel Hill South","tree_id":"t01578"},"geometry":{"type":"Point","coordinates":[-79.9449,40.43762]}},{"id":"1579","type":"Feature","properties":{"common_name":"Viburnum: Blackhaw","condition":"Poor","height":7.62,"width":2.1336,"crown_r_m":1.0668,"crown_h_m":4.953,"height_imputed":true,"width_imputed":true,"neighborhood":"Squirrel Hill South","tree_id":"t01579"},"geometry":{"type":"Point","coordinates":[-79.94477,40.4379]}},{"id":"1580","type":"Feature","properties":{"common_name":"Coffeetree: Kentucky","condition":"Fair","height":7.62,"width":2.1336,"crown_r_m":1.0668,"crown_h_m":4.953,"height_imputed":true,"width_imputed":true,"neighborhood":"Squirrel Hill South","tree_id":"t01580"},"geometry":{"type":"Point","coordinates":[-79.9443,40.4382]}},{"id":"1581","type":"Feature","properties":{"common_name":"Locust: Black","condition":"Poor","height":13.716,"width":4.572,"crown_r_m":2.286,"crown_h_m":8.9154,"height_imputed":true,"width_imputed":true,"neighborhood":"Squirrel Hill South","tree_id":"t01581"},"geometry":{"type":"Point","coordinates":[-79.94506,40.43769]}},{"id":"1582","type":"Feature","properties":{"common_name":"Oak: Pin","condition":"Fair","height":16.764,"width":4.572,"crown_r_m":2.286,"crown_h_m":10.8966,"height_imputed":true,"width_imputed":true,"neighborhood":"Squirrel Hill South","tree_id":"t01582"},"geometry":{"type":"Point","coordinates":[-79.94516,40.4376]}},{"id":"1583","type":"Feature","properties":{"common_name":"Oak: Pin","condition":"Poor","height":16.764,"width":4.572,"crown_r_m":2.286,"crown_h_m":10.8966,"height_imputed":true,"width_imputed":true,"neighborhood":"Squirrel Hill South","tree_id":"t01583"},"geometry":{"type":"Point","coordinates":[-79.94509,40.43757]}},{"id":"1584","type":"Feature","properties":{"common_name":"Elm: spp.","condition":"Good","height":4.2672,"width":1.8288,"crown_r_m":1.0,"crown_h_m":2.77368,"height_imputed":true,"width_imputed":true,"neighborhood":"Central Oakland","tree_id":"t01584"},"geometry":{"type":"Point","coordinates":[-79.95081,40.44191]}},{"id":"1585","type":"Feature","properties":{"common_name":"Oak: White","condition":"Good","height":7.62,"width":2.1336,"crown_r_m":1.0668,"crown_h_m":4.953,"height_imputed":true,"width_imputed":true,"neighborhood":"Squirrel Hill South","tree_id":"t01585"},"geometry":{"type":"Point","coordinates":[-79.94515,40.43753]}},{"id":"1586","type":"Feature","properties":{"common_name":"Oak: Pin","condition":"Poor","height":16.764,"width":4.572,"crown_r_m":2.286,"crown_h_m":10.8966,"height_imputed":true,"width_imputed":true,"neighborhood":"Squirrel Hill South","tree_id":"t01586"},"geometry":{"type":"Point","coordinates":[-79.94494,40.43748]}},{"id":"1587","type":"Feature","properties":{"common_name":"Oak: Northern Red","condition":"Fair","height":15.24,"width":3.6576,"crown_r_m":1.8288,"crown_h_m":9.906,"height_imputed":true,"width_imputed":true,"neighborhood":"Squirrel Hill South","tree_id":"t01587"},"geometry":{"type":"Point","coordinates":[-79.94403,40.43638]}},{"id":"1588","type":"Feature","properties":{"common_name":"Ash: Green","condition":"Poor","height":5.334,"width":2.286,"crown_r_m":1.143,"crown_h_m":3.4671,"height_imputed":true,"width_imputed":true,"neighborhood":"Squirrel Hill South","tree_id":"t01588"},"geometry":{"type":"Point","coordinates":[-79.94308,40.43634]}},{"id":"1589","type":"Feature","properties":{"common_name":"Oak: Northern Red","condition":"Good","height":15.24,"width":3.6576,"crown_r_m":1.8288,"crown_h_m":9.906,"height_imputed":true,"width_imputed":true,"neighborhood":"Squirrel Hill South","tree_id":"t01589"},"geometry":{"type":"Point","coordinates":[-79.94205,40.43695]}},{"id":"1590","type":"Feature","properties":{"common_name":"Oak: Northern Red","condition":"Fair","height":15.24,"width":3.6576,"crown_r_m":1.8288,"crown_h_m":9.906,"height_imputed":true,"width_imputed":true,"neighborhood":"Squirrel Hill South","tree_id":"t01590"},"geometry":{"type":"Point","coordinates":[-79.94199,40.43705]}},{"id":"1591","type":"Feature","properties":{"common_name":"Elm: spp.","condition":"Fair","height":4.2672,"width":1.8288,"crown_r_m":1.0,"crown_h_m":2.77368,"height_imputed":true,"width_imputed":true,"neighborhood":"Central Oakland","tree_id":"t01591"},"geometry":{"type":"Point","coordinates":[-79.95093,40.44193]}},{"id":"1592","type":"Feature","properties":{"common_name":"Oak: Northern Red","condition":"Good","height":15.24,"width":3.6576,"crown_r_m":1.8288,"crown_h_m":9.906,"height_imputed":true,"width_imputed":true,"neighborhood":"Squirrel Hill South","tree_id":"t01592"},"geometry":{"type":"Point","coordinates":[-79.94192,40.43712]}},{"id":"1593","type":"Feature","properties":{"common_name":"Oak: Northern Red","condition":"Poor","height":15.24,"width":3.6576,"crown_r_m":1.8288,"crown_h_m":9.906,"height_imputed":true,"width_imputed":true,"neighborhood":"Squirrel Hill South","tree_id":"t01593"},"geometry":{"type":"Point","coordinates":[-79.94187,40.43719]}},{"id":"1594","type":"Feature","properties":{"common_name":"Maple: Norway","condition":"Poor","height":9.6012,"width":2.4384,"crown_r_m":1.2192,"crown_h_m":6.24078,"height_imputed":true,"width_imputed":true,"neighborhood":"Squirrel Hill South","tree_id":"t01594"},"geometry":{"type":"Point","coordinates":[-79.94183,40.43724]}},{"id":"1595","type":"Feature","properties":{"common_name":"Maple: Norway","condition":"Fair","height":9.6012,"width":2.4384,"crown_r_m":1.2192,"crown_h_m":6.24078,"height_imputed":true,"width_imputed":true,"neighborhood":"Squirrel Hill South","tree_id":"t01595"},"geometry":{"type":"Point","coordinates":[-79.94153,40.43752]}},{"id":"1596","type":"Feature","properties":{"common_name":"Locust: Black","condition":"Fair","height":13.716,"width":4.572,"crown_r_m":2.286,"crown_h_m":8.9154,"height_imputed":true,"width_imputed":true,"neighborhood":"Squirrel Hill South","tree_id":"t01596"},"geometry":{"type":"Point","coordinates":[-79.94143,40.43757]}},{"id":"1597","type":"Feature","properties":{"common_name":"Hophornbeam: American","condition":"Fair","height":7.62,"width":2.1336,"crown_r_m":1.0668,"crown_h_m":4.953,"height_imputed":true,"width_imputed":true,"neighborhood":"Squirrel Hill South","tree_id":"t01597"},"geometry":{"type":"Point","coordinates":[-79.9414,40.4375]}},{"id":"1598","type":"Feature","properties":{"common_name":"Oak: Pin","condition":"Fair","height":16.764,"width":4.572,"crown_r_m":2.286,"crown_h_m":10.8966,"height_imputed":true,"width_imputed":true,"neighborhood":"Squirrel Hill South","tree_id":"t01598"},"geometry":{"type":"Point","coordinates":[-79.94163,40.43762]}},{"id":"1599","type":"Feature","properties":{"common_name":"Oak: Pin","condition":"Fair","height":16.764,"width":4.572,"crown_r_m":2.286,"crown_h_m":10.8966,"height_imputed":true,"width_imputed":true,"neighborhood":"Squirrel Hill South","tree_id":"t01599"},"geometry":{"type":"Point","coordinates":[-79.94167,40.43759]}},{"id":"1600","type":"Feature","properties":{"common_name":"Oak: Pin","condition":"Fair","height":16.764,"width":4.572,"crown_r_m":2.286,"crown_h_m":10.8966,"height_imputed":true,"width_imputed":true,"neighborhood":"Squirrel Hill South","tree_id":"t01600"},"geometry":{"type":"Point","coordinates":[-79.94174,40.43754]}},{"id":"1601","type":"Feature","properties":{"common_name":"Oak: Pin","condition":"Fair","height":16.764,"width":4.572,"crown_r_m":2.286,"crown_h_m":10.8966,"height_imputed":true,"width_imputed":true,"neighborhood":"Squirrel Hill South","tree_id":"t01601"},"geometry":{"type":"Point","coordinates":[-79.94178,40.4375]}},{"id":"1602","type":"Feature","properties":{"common_name":"Birch: Paper","condition":"Fair","height":7.62,"width":2.1336,"crown_r_m":1.0668,"crown_h_m":4.953,"height_imputed":true,"width_imputed":true,"neighborhood":"Central Oakland","tree_id":"t01602"},"geometry":{"type":"Point","coordinates":[-79.9509,40.44186]}},{"id":"1603","type":"Feature","properties":{"common_name":"Oak: Pin","condition":"Fair","height":16.764,"width":4.572,"crown_r_m":2.286,"crown_h_m":10.8966,"height_imputed":true,"width_imputed":true,"neighborhood":"Squirrel Hill South","tree_id":"t01603"},"geometry":{"type":"Point","coordinates":[-79.94225,40.437]}},{"id":"1604","type":"Feature","properties":{"common_name":"Ash: White","condition":"Poor","height":7.62,"width":2.1336,"crown_r_m":1.0668,"crown_h_m":4.953,"height_imputed":true,"width_imputed":true,"neighborhood":"Squirrel Hill South","tree_id":"t01604"},"geometry":{"type":"Point","coordinates":[-79.94413,40.43669]}},{"id":"1605","type":"Feature","properties":{"common_name":"Oak: White","condition":"Good","height":7.62,"width":2.1336,"crown_r_m":1.0668,"crown_h_m":4.953,"height_imputed":true,"width_imputed":true,"neighborhood":"Squirrel Hill South","tree_id":"t01605"},"geometry":{"type":"Point","coordinates":[-79.94428,40.43682]}},{"id":"1606","type":"Feature","properties":{"common_name":"Oak: Black","condition":"Poor","height":7.62,"width":2.1336,"crown_r_m":1.0668,"crown_h_m":4.953,"height_imputed":true,"width_imputed":true,"neighborhood":"Squirrel Hill South","tree_id":"t01606"},"geometry":{"type":"Point","coordinates":[-79.94473,40.43745]}},{"id":"1607","type":"Feature","properties":{"common_name":"Locust: Black","condition":"Good","height":13.716,"width":4.572,"crown_r_m":2.286,"crown_h_m":8.9154,"height_imputed":true,"width_imputed":true,"neighborhood":"Squirrel Hill South","tree_id":"t01607"},"geometry":{"type":"Point","coordinates":[-79.94473,40.43752]}},{"id":"1608","type":"Feature","properties":{"common_name":"Redcedar: Eastern","condition":"Fair","height":4.572,"width":0.6096,"crown_r_m":1.0,"crown_h_m":2.9718,"height_imputed":true,"width_imputed":true,"neighborhood":"Squirrel Hill South","tree_id":"t01608"},"geometry":{"type":"Point","coordinates":[-79.94402,40.43779]}},{"id":"1609","type":"Feature","properties":{"common_name":"Oak: White","condition":"Fair","height":7.62,"width":2.1336,"crown_r_m":1.0668,"crown_h_m":4.953,"height_imputed":true,"width_imputed":true,"neighborhood":"Squirrel Hill South","tree_id":"t01609"},"geometry":{"type":"Point","coordinates":[-79.94366,40.43873]}},{"id":"1610","type":"Feature","properties":{"common_name":"Oak: White","condition":"Good","height":7.62,"width":2.1336,"crown_r_m":1.0668,"crown_h_m":4.953,"height_imputed":true,"width_imputed":true,"neighborhood":"Squirrel Hill South","tree_id":"t01610"},"geometry":{"type":"Point","coordinates":[-79.94332,40.4391]}},{"id":"1611","type":"Feature","properties":{"common_name":"Oak: Northern Red","condition":"Fair","height":15.24,"width":3.6576,"crown_r_m":1.8288,"crown_h_m":9.906,"height_imputed":true,"width_imputed":true,"neighborhood":"Central Oakland","tree_id":"t01611"},"geometry":{"type":"Point","coordinates":[-79.95093,40.44199]}},{"id":"1612","type":"Feature","properties":{"common_name":"Elm: American","condition":"Poor","height":4.572,"width":1.8288,"crown_r_m":1.0,"crown_h_m":2.9718,"height_imputed":true,"width_imputed":true,"neighborhood":"Squirrel Hill South","tree_id":"t01612"},"geometry":{"type":"Point","coordinates":[-79.94525,40.44104]}},{"id":"1613","type":"Feature","properties":{"common_name":"Ash: White","condition":"Fair","height":7.62,"width":2.1336,"crown_r_m":1.0668,"crown_h_m":4.953,"height_imputed":true,"width_imputed":true,"neighborhood":"Squirrel Hill South","tree_id":"t01613"},"geometry":{"type":"Point","coordinates":[-79.94456,40.44089]}},{"id":"1614","type":"Feature","properties":{"common_name":"Ash: White","condition":"Fair","height":7.62,"width":2.1336,"crown_r_m":1.0668,"crown_h_m":4.953,"height_imputed":true,"width_imputed":true,"neighborhood":"Squirrel Hill South","tree_id":"t01614"},"geometry":{"type":"Point","coordinates":[-79.9443,40.44084]}},{"id":"1615","type":"Feature","properties":{"common_name":"Maple: Hedge","condition":"Very Good","height":4.572,"width":2.1336,"crown_r_m":1.0668,"crown_h_m":2.9718,"height_imputed":true,"width_imputed":true,"neighborhood":"Central Oakland","tree_id":"t01615"},"geometry":{"type":"Point","coordinates":[-79.95113,40.44193]}},{"id":"1616","type":"Feature","properties":{"common_name":"Maple: Shantung","condition":"Poor","height":7.62,"width":2.1336,"crown_r_m":1.0668,"crown_h_m":4.953,"height_imputed":true,"width_imputed":true,"neighborhood":"Squirrel Hill South","tree_id":"t01616"},"geometry":{"type":"Point","coordinates":[-79.9445,40.43767]}},{"id":"1617","type":"Feature","properties":{"common_name":"Beech: European","condition":"Good","height":7.62,"width":2.1336,"crown_r_m":1.0668,"crown_h_m":4.953,"height_imputed":true,"width_imputed":true,"neighborhood":"Central Oakland","tree_id":"t01617"},"geometry":{"type":"Point","coordinates":[-79.95122,40.44196]}},{"id":"1618","type":"Feature","properties":{"common_name":"Ginkgo","condition":"Fair","height":3.6576,"width":1.524,"crown_r_m":1.0,"crown_h_m":2.37744,"height_imputed":true,"width_imputed":true,"neighborhood":"Squirrel Hill South","tree_id":"t01618"},"geometry":{"type":"Point","coordinates":[-79.94806,40.44056]}},{"id":"1619","type":"Feature","properties":{"common_name":"Ginkgo","condition":"Fair","height":3.6576,"width":1.524,"crown_r_m":1.0,"crown_h_m":2.37744,"height_imputed":true,"width_imputed":true,"neighborhood":"Squirrel Hill South","tree_id":"t01619"},"geometry":{"type":"Point","coordinates":[-79.948,40.44052]}},{"id":"1620","type":"Feature","properties":{"common_name":"Ginkgo","condition":"Fair","height":3.6576,"width":1.524,"crown_r_m":1.0,"crown_h_m":2.37744,"height_imputed":true,"width_imputed":true,"neighborhood":"Squirrel Hill South","tree_id":"t01620"},"geometry":{"type":"Point","coordinates":[-79.94796,40.44049]}},{"id":"1621","type":"Feature","properties":{"common_name":"Ginkgo","condition":"Poor","height":3.6576,"width":1.524,"crown_r_m":1.0,"crown_h_m":2.37744,"height_imputed":true,"width_imputed":true,"neighborhood":"Squirrel Hill South","tree_id":"t01621"},"geometry":{"type":"Point","coordinates":[-79.9479,40.44046]}},{"id":"1622","type":"Feature","properties":{"common_name":"Ginkgo","condition":"Fair","height":3.6576,"width":1.524,"crown_r_m":1.0,"crown_h_m":2.37744,"height_imputed":true,"width_imputed":true,"neighborhood":"Squirrel Hill South","tree_id":"t01622"},"geometry":{"type":"Point","coordinates":[-79.94785,40.44042]}},{"id":"1623","type":"Feature","properties":{"common_name":"Ginkgo","condition":"Fair","height":3.6576,"width":1.524,"crown_r_m":1.0,"crown_h_m":2.37744,"height_imputed":true,"width_imputed":true,"neighborhood":"Squirrel Hill South","tree_id":"t01623"},"geometry":{"type":"Point","coordinates":[-79.94777,40.44036]}},{"id":"1624","type":"Feature","properties":{"common_name":"Ginkgo","condition":"Poor","height":3.6576,"width":1.524,"crown_r_m":1.0,"crown_h_m":2.37744,"height_imputed":true,"width_imputed":true,"neighborhood":"Squirrel Hill South","tree_id":"t01624"},"geometry":{"type":"Point","coordinates":[-79.94772,40.44033]}},{"id":"1625","type":"Feature","properties":{"common_name":"Ginkgo","condition":"Poor","height":3.6576,"width":1.524,"crown_r_m":1.0,"crown_h_m":2.37744,"height_imputed":true,"width_imputed":true,"neighborhood":"Squirrel Hill South","tree_id":"t01625"},"geometry":{"type":"Point","coordinates":[-79.94768,40.4403]}},{"id":"1626","type":"Feature","properties":{"common_name":"Ginkgo","condition":"Fair","height":3.6576,"width":1.524,"crown_r_m":1.0,"crown_h_m":2.37744,"height_imputed":true,"width_imputed":true,"neighborhood":"Squirrel Hill South","tree_id":"t01626"},"geometry":{"type":"Point","coordinates":[-79.94762,40.44026]}},{"id":"1627","type":"Feature","properties":{"common_name":"Ginkgo","condition":"Fair","height":3.6576,"width":1.524,"crown_r_m":1.0,"crown_h_m":2.37744,"height_imputed":true,"width_imputed":true,"neighborhood":"Squirrel Hill South","tree_id":"t01627"},"geometry":{"type":"Point","coordinates":[-79.94758,40.44024]}},{"id":"1628","type":"Feature","properties":{"common_name":"Ginkgo","condition":"Fair","height":3.6576,"width":1.524,"crown_r_m":1.0,"crown_h_m":2.37744,"height_imputed":true,"width_imputed":true,"neighborhood":"Squirrel Hill South","tree_id":"t01628"},"geometry":{"type":"Point","coordinates":[-79.94751,40.44018]}},{"id":"1629","type":"Feature","properties":{"common_name":"Ginkgo","condition":"Fair","height":3.6576,"width":1.524,"crown_r_m":1.0,"crown_h_m":2.37744,"height_imputed":true,"width_imputed":true,"neighborhood":"Squirrel Hill South","tree_id":"t01629"},"geometry":{"type":"Point","coordinates":[-79.94747,40.44016]}},{"id":"1630","type":"Feature","properties":{"common_name":"Ginkgo","condition":"Poor","height":3.6576,"width":1.524,"crown_r_m":1.0,"crown_h_m":2.37744,"height_imputed":true,"width_imputed":true,"neighborhood":"Squirrel Hill South","tree_id":"t01630"},"geometry":{"type":"Point","coordinates":[-79.94741,40.44011]}},{"id":"1631","type":"Feature","properties":{"common_name":"Ginkgo","condition":"Poor","height":3.6576,"width":1.524,"crown_r_m":1.0,"crown_h_m":2.37744,"height_imputed":true,"width_imputed":true,"neighborhood":"Squirrel Hill South","tree_id":"t01631"},"geometry":{"type":"Point","coordinates":[-79.94736,40.44008]}},{"id":"1632","type":"Feature","properties":{"common_name":"Ginkgo","condition":"Fair","height":3.6576,"width":1.524,"crown_r_m":1.0,"crown_h_m":2.37744,"height_imputed":true,"width_imputed":true,"neighborhood":"Squirrel Hill South","tree_id":"t01632"},"geometry":{"type":"Point","coordinates":[-79.94732,40.44004]}},{"id":"1633","type":"Feature","properties":{"common_name":"Ginkgo","condition":"Poor","height":3.6576,"width":1.524,"crown_r_m":1.0,"crown_h_m":2.37744,"height_imputed":true,"width_imputed":true,"neighborhood":"Squirrel Hill South","tree_id":"t01633"},"geometry":{"type":"Point","coordinates":[-79.94711,40.43984]}},{"id":"1634","type":"Feature","properties":{"common_name":"Ginkgo","condition":"Poor","height":3.6576,"width":1.524,"crown_r_m":1.0,"crown_h_m":2.37744,"height_imputed":true,"width_imputed":true,"neighborhood":"Squirrel Hill South","tree_id":"t01634"},"geometry":{"type":"Point","coordinates":[-79.94697,40.43966]}},{"id":"1635","type":"Feature","properties":{"common_name":"Ginkgo","condition":"Poor","height":3.6576,"width":1.524,"crown_r_m":1.0,"crown_h_m":2.37744,"height_imputed":true,"width_imputed":true,"neighborhood":"Squirrel Hill South","tree_id":"t01635"},"geometry":{"type":"Point","coordinates":[-79.94687,40.43945]}},{"id":"1636","type":"Feature","properties":{"common_name":"Ginkgo","condition":"Poor","height":3.6576,"width":1.524,"crown_r_m":1.0,"crown_h_m":2.37744,"height_imputed":true,"width_imputed":true,"neighborhood":"Squirrel Hill South","tree_id":"t01636"},"geometry":{"type":"Point","coordinates":[-79.94675,40.43917]}},{"id":"1637","type":"Feature","properties":{"common_name":"London planetree","condition":"Fair","height":15.24,"width":3.6576,"crown_r_m":1.8288,"crown_h_m":9.906,"height_imputed":true,"width_imputed":true,"neighborhood":"North Oakland","tree_id":"t01637"},"geometry":{"type":"Point","coordinates":[-79.95288,40.44249]}},{"id":"1638","type":"Feature","properties":{"common_name":"Ginkgo","condition":"Poor","height":3.6576,"width":1.524,"crown_r_m":1.0,"crown_h_m":2.37744,"height_imputed":true,"width_imputed":true,"neighborhood":"Squirrel Hill South","tree_id":"t01638"},"geometry":{"type":"Point","coordinates":[-79.94667,40.43902]}},{"id":"1639","type":"Feature","properties":{"common_name":"Oak: Pin","condition":"Fair","height":16.764,"width":4.572,"crown_r_m":2.286,"crown_h_m":10.8966,"height_imputed":true,"width_imputed":true,"neighborhood":"Squirrel Hill South","tree_id":"t01639"},"geometry":{"type":"Point","coordinates":[-79.94691,40.43796]}},{"id":"1640","type":"Feature","properties":{"common_name":"Holly: American","condition":"Fair","height":7.62,"width":2.1336,"crown_r_m":1.0668,"crown_h_m":4.953,"height_imputed":true,"width_imputed":true,"neighborhood":"Squirrel Hill South","tree_id":"t01640"},"geometry":{"type":"Point","coordinates":[-79.9469,40.43799]}},{"id":"1641","type":"Feature","properties":{"common_name":"Oak: Pin","condition":"Poor","height":16.764,"width":4.572,"crown_r_m":2.286,"crown_h_m":10.8966,"height_imputed":true,"width_imputed":true,"neighborhood":"Squirrel Hill South","tree_id":"t01641"},"geometry":{"type":"Point","coordinates":[-79.94685,40.43802]}},{"id":"1642","type":"Feature","properties":{"common_name":"Maple: Red","condition":"Very Good","height":7.62,"width":2.4384,"crown_r_m":1.2192,"crown_h_m":4.953,"height_imputed":true,"width_imputed":true,"neighborhood":"Squirrel Hill South","tree_id":"t01642"},"geometry":{"type":"Point","coordinates":[-79.94681,40.43803]}},{"id":"1643","type":"Feature","properties":{"common_name":"Dogwood: Flowering","condition":"Good","height":1.8288,"width":0.3048,"crown_r_m":1.0,"crown_h_m":1.5,"height_imputed":true,"width_imputed":true,"neighborhood":"Squirrel Hill South","tree_id":"t01643"},"geometry":{"type":"Point","coordinates":[-79.94679,40.43805]}},{"id":"1644","type":"Feature","properties":{"common_name":"Ash: White","condition":"Good","height":7.62,"width":2.1336,"crown_r_m":1.0668,"crown_h_m":4.953,"height_imputed":true,"width_imputed":true,"neighborhood":"Squirrel Hill South","tree_id":"t01644"},"geometry":{"type":"Point","coordinates":[-79.94694,40.43805]}},{"id":"1645","type":"Feature","properties":{"common_name":"Linden: Littleleaf","condition":"Good","height":10.668,"width":2.7432,"crown_r_m":1.3716,"crown_h_m":6.9342,"height_imputed":true,"width_imputed":true,"neighborhood":"Squirrel Hill South","tree_id":"t01645"},"geometry":{"type":"Point","coordinates":[-79.94686,40.43816]}},{"id":"1646","type":"Feature","properties":{"common_name":"Linden: Littleleaf","condition":"Good","height":10.668,"width":2.7432,"crown_r_m":1.3716,"crown_h_m":6.9342,"height_imputed":true,"width_imputed":true,"neighborhood":"Squirrel Hill South","tree_id":"t01646"},"geometry":{"type":"Point","coordinates":[-79.94679,40.43823]}},{"id":"1647","type":"Feature","properties":{"common_name":"Oak: Pin","condition":"Fair","height":16.764,"width":4.572,"crown_r_m":2.286,"crown_h_m":10.8966,"height_imputed":true,"width_imputed":true,"neighborhood":"Squirrel Hill South","tree_id":"t01647"},"geometry":{"type":"Point","coordinates":[-79.94668,40.43819]}},{"id":"1648","type":"Feature","properties":{"common_name":"Serviceberry: spp.","condition":"Good","height":7.62,"width":2.1336,"crown_r_m":1.0668,"crown_h_m":4.953,"height_imputed":true,"width_imputed":true,"neighborhood":"Squirrel Hill South","tree_id":"t01648"},"geometry":{"type":"Point","coordinates":[-79.94671,40.43813]}},{"id":"1649","type":"Feature","properties":{"common_name":"Dogwood: Flowering","condition":"Good","height":1.8288,"width":0.3048,"crown_r_m":1.0,"crown_h_m":1.5,"height_imputed":true,"width_imputed":true,"neighborhood":"Squirrel Hill South","tree_id":"t01649"},"geometry":{"type":"Point","coordinates":[-79.94666,40.43817]}},{"id":"1650","type":"Feature","properties":{"common_name":"Dogwood: Flowering","condition":"Good","height":1.8288,"width":0.3048,"crown_r_m":1.0,"crown_h_m":1.5,"height_imputed":true,"width_imputed":true,"neighborhood":"Squirrel Hill South","tree_id":"t01650"},"geometry":{"type":"Point","coordinates":[-79.94662,40.43821]}},{"id":"1651","type":"Feature","properties":{"common_name":"Maple: Sugar","condition":"Very Good","height":9.4488,"width":2.4384,"crown_r_m":1.2192,"crown_h_m":6.14172,"height_imputed":true,"width_imputed":true,"neighborhood":"Squirrel Hill South","tree_id":"t01651"},"geometry":{"type":"Point","coordinates":[-79.94663,40.43824]}},{"id":"1652","type":"Feature","properties":{"common_name":"Oak: Swamp White","condition":"Excellent","height":3.3528,"width":1.524,"crown_r_m":1.0,"crown_h_m":2.17932,"height_imputed":true,"width_imputed":true,"neighborhood":"Squirrel Hill South","tree_id":"t01652"},"geometry":{"type":"Point","coordinates":[-79.94669,40.4383]}},{"id":"1653","type":"Feature","properties":{"common_name":"Holly: American","condition":"Fair","height":7.62,"width":2.1336,"crown_r_m":1.0668,"crown_h_m":4.953,"height_imputed":true,"width_imputed":true,"neighborhood":"Squirrel Hill South","tree_id":"t01653"},"geometry":{"type":"Point","coordinates":[-79.94644,40.43843]}},{"id":"1654","type":"Feature","properties":{"common_name":"Maple: Sugar","condition":"Very Good","height":9.4488,"width":2.4384,"crown_r_m":1.2192,"crown_h_m":6.14172,"height_imputed":true,"width_imputed":true,"neighborhood":"Squirrel Hill South","tree_id":"t01654"},"geometry":{"type":"Point","coordinates":[-79.94629,40.43844]}},{"id":"1655","type":"Feature","properties":{"common_name":"Oak: Pin","condition":"Fair","height":16.764,"width":4.572,"crown_r_m":2.286,"crown_h_m":10.8966,"height_imputed":true,"width_imputed":true,"neighborhood":"Squirrel Hill South","tree_id":"t01655"},"geometry":{"type":"Point","coordinates":[-79.94631,40.4385]}},{"id":"1656","type":"Feature","properties":{"common_name":"Yellowwood: American","condition":"Very Good","height":7.62,"width":2.1336,"crown_r_m":1.0668,"crown_h_m":4.953,"height_imputed":true,"width_imputed":true,"neighborhood":"Squirrel Hill South","tree_id":"t01656"},"geometry":{"type":"Point","coordinates":[-79.94634,40.43846]}},{"id":"1657","type":"Feature","properties":{"common_name":"Oak: Pin","condition":"Fair","height":16.764,"width":4.572,"crown_r_m":2.286,"crown_h_m":10.8966,"height_imputed":true,"width_imputed":true,"neighborhood":"Squirrel Hill South","tree_id":"t01657"},"geometry":{"type":"Point","coordinates":[-79.94614,40.4385]}},{"id":"1658","type":"Feature","properties":{"common_name":"Beech: European","condition":"Very Good","height":7.62,"width":2.1336,"crown_r_m":1.0668,"crown_h_m":4.953,"height_imputed":true,"width_imputed":true,"neighborhood":"Squirrel Hill South","tree_id":"t01658"},"geometry":{"type":"Point","coordinates":[-79.94612,40.43856]}},{"id":"1659","type":"Feature","properties":{"common_name":"Witchhazel: Common","condition":"Good","height":7.62,"width":2.1336,"crown_r_m":1.0668,"crown_h_m":4.953,"height_imputed":true,"width_imputed":true,"neighborhood":"Squirrel Hill South","tree_id":"t01659"},"geometry":{"type":"Point","coordinates":[-79.94606,40.43855]}},{"id":"1660","type":"Feature","properties":{"common_name":"Witchhazel: Common","condition":"Fair","height":7.62,"width":2.1336,"crown_r_m":1.0668,"crown_h_m":4.953,"height_imputed":true,"width_imputed":true,"neighborhood":"Squirrel Hill South","tree_id":"t01660"},"geometry":{"type":"Point","coordinates":[-79.94604,40.43857]}},{"id":"1661","type":"Feature","properties":{"common_name":"Witchhazel: Common","condition":"Poor","height":7.62,"width":2.1336,"crown_r_m":1.0668,"crown_h_m":4.953,"height_imputed":true,"width_imputed":true,"neighborhood":"Squirrel Hill South","tree_id":"t01661"},"geometry":{"type":"Point","coordinates":[-79.946,40.43857]}},{"id":"1662","type":"Feature","properties":{"common_name":"Oak: Pin","condition":"Fair","height":16.764,"width":4.572,"crown_r_m":2.286,"crown_h_m":10.8966,"height_imputed":true,"width_imputed":true,"neighborhood":"Squirrel Hill South","tree_id":"t01662"},"geometry":{"type":"Point","coordinates":[-79.94601,40.43853]}},{"id":"1663","type":"Feature","properties":{"common_name":"Hickory: Mockernut","condition":"Fair","height":7.62,"width":2.1336,"crown_r_m":1.0668,"crown_h_m":4.953,"height_imputed":true,"width_imputed":true,"neighborhood":"Squirrel Hill South","tree_id":"t01663"},"geometry":{"type":"Point","coordinates":[-79.94582,40.43855]}},{"id":"1664","type":"Feature","properties":{"common_name":"Oak: White","condition":"Fair","height":7.62,"width":2.1336,"crown_r_m":1.0668,"crown_h_m":4.953,"height_imputed":true,"width_imputed":true,"neighborhood":"Squirrel Hill South","tree_id":"t01664"},"geometry":{"type":"Point","coordinates":[-79.9458,40.43854]}},{"id":"1665","type":"Feature","properties":{"common_name":"Oak: Bur","condition":"Fair","height":7.62,"width":2.1336,"crown_r_m":1.0668,"crown_h_m":4.953,"height_imputed":true,"width_imputed":true,"neighborhood":"Squirrel Hill South","tree_id":"t01665"},"geometry":{"type":"Point","coordinates":[-79.94551,40.43854]}},{"id":"1666","type":"Feature","properties":{"common_name":"Oak: Pin","condition":"Poor","height":16.764,"width":4.572,"crown_r_m":2.286,"crown_h_m":10.8966,"height_imputed":true,"width_imputed":true,"neighborhood":"Squirrel Hill South","tree_id":"t01666"},"geometry":{"type":"Point","coordinates":[-79.94539,40.43855]}},{"id":"1667","type":"Feature","properties":{"common_name":"Oak: Pin","condition":"Poor","height":16.764,"width":4.572,"crown_r_m":2.286,"crown_h_m":10.8966,"height_imputed":true,"width_imputed":true,"neighborhood":"Squirrel Hill South","tree_id":"t01667"},"geometry":{"type":"Point","coordinates":[-79.94532,40.43857]}},{"id":"1668","type":"Feature","properties":{"common_name":"Horsechestnut","condition":"Fair","height":7.62,"width":2.1336,"crown_r_m":1.0668,"crown_h_m":4.953,"height_imputed":true,"width_imputed":true,"neighborhood":"Squirrel Hill South","tree_id":"t01668"},"geometry":{"type":"Point","coordinates":[-79.94525,40.43859]}},{"id":"1669","type":"Feature","properties":{"common_name":"Horsechestnut","condition":"Fair","height":7.62,"width":2.1336,"crown_r_m":1.0668,"crown_h_m":4.953,"height_imputed":true,"width_imputed":true,"neighborhood":"Squirrel Hill South","tree_id":"t01669"},"geometry":{"type":"Point","coordinates":[-79.94512,40.43861]}},{"id":"1670","type":"Feature","properties":{"common_name":"Oak: Pin","condition":"Poor","height":16.764,"width":4.572,"crown_r_m":2.286,"crown_h_m":10.8966,"height_imputed":true,"width_imputed":true,"neighborhood":"Squirrel Hill South","tree_id":"t01670"},"geometry":{"type":"Point","coordinates":[-79.94505,40.43863]}},{"id":"1671","type":"Feature","properties":{"common_name":"Oak: Pin","condition":"Poor","height":16.764,"width":4.572,"crown_r_m":2.286,"crown_h_m":10.8966,"height_imputed":true,"width_imputed":true,"neighborhood":"Squirrel Hill South","tree_id":"t01671"},"geometry":{"type":"Point","coordinates":[-79.94475,40.43868]}},{"id":"1672","type":"Feature","properties":{"common_name":"Oak: Pin","condition":"Fair","height":16.764,"width":4.572,"crown_r_m":2.286,"crown_h_m":10.8966,"height_imputed":true,"width_imputed":true,"neighborhood":"Squirrel Hill South","tree_id":"t01672"},"geometry":{"type":"Point","coordinates":[-79.94466,40.4387]}},{"id":"1673","type":"Feature","properties":{"common_name":"Oak: Pin","condition":"Fair","height":16.764,"width":4.572,"crown_r_m":2.286,"crown_h_m":10.8966,"height_imputed":true,"width_imputed":true,"neighborhood":"Squirrel Hill South","tree_id":"t01673"},"geometry":{"type":"Point","coordinates":[-79.94459,40.43872]}},{"id":"1674","type":"Feature","properties":{"common_name":"Oak: Pin","condition":"Poor","height":16.764,"width":4.572,"crown_r_m":2.286,"crown_h_m":10.8966,"height_imputed":true,"width_imputed":true,"neighborhood":"Squirrel Hill South","tree_id":"t01674"},"geometry":{"type":"Point","coordinates":[-79.94453,40.43874]}},{"id":"1675","type":"Feature","properties":{"common_name":"Oak: Pin","condition":"Poor","height":16.764,"width":4.572,"crown_r_m":2.286,"crown_h_m":10.8966,"height_imputed":true,"width_imputed":true,"neighborhood":"Squirrel Hill South","tree_id":"t01675"},"geometry":{"type":"Point","coordinates":[-79.94447,40.43876]}},{"id":"1676","type":"Feature","properties":{"common_name":"Oak: Pin","condition":"Poor","height":16.764,"width":4.572,"crown_r_m":2.286,"crown_h_m":10.8966,"height_imputed":true,"width_imputed":true,"neighborhood":"Squirrel Hill South","tree_id":"t01676"},"geometry":{"type":"Point","coordinates":[-79.94438,40.43879]}},{"id":"1677","type":"Feature","properties":{"common_name":"Oak: Pin","condition":"Fair","height":16.764,"width":4.572,"crown_r_m":2.286,"crown_h_m":10.8966,"height_imputed":true,"width_imputed":true,"neighborhood":"Squirrel Hill South","tree_id":"t01677"},"geometry":{"type":"Point","coordinates":[-79.94412,40.43895]}},{"id":"1678","type":"Feature","properties":{"common_name":"Oak: Pin","condition":"Poor","height":16.764,"width":4.572,"crown_r_m":2.286,"crown_h_m":10.8966,"height_imputed":true,"width_imputed":true,"neighborhood":"Squirrel Hill South","tree_id":"t01678"},"geometry":{"type":"Point","coordinates":[-79.94397,40.43907]}},{"id":"1679","type":"Feature","properties":{"common_name":"Sweetgum: American","condition":"Poor","height":12.192,"width":2.7432,"crown_r_m":1.3716,"crown_h_m":7.9248,"height_imputed":true,"width_imputed":true,"neighborhood":"Squirrel Hill South","tree_id":"t01679"},"geometry":{"type":"Point","coordinates":[-79.94267,40.44025]}},{"id":"1680","type":"Feature","properties":{"common_name":"Sweetgum: American","condition":"Poor","height":12.192,"width":2.7432,"crown_r_m":1.3716,"crown_h_m":7.9248,"height_imputed":true,"width_imputed":true,"neighborhood":"Squirrel Hill South","tree_id":"t01680"},"geometry":{"type":"Point","coordinates":[-79.94321,40.44005]}},{"id":"1681","type":"Feature","properties":{"common_name":"Elm: American","condition":"Critical","height":4.572,"width":1.8288,"crown_r_m":1.0,"crown_h_m":2.9718,"height_imputed":true,"width_imputed":true,"neighborhood":"Squirrel Hill South","tree_id":"t01681"},"geometry":{"type":"Point","coordinates":[-79.94336,40.44004]}},{"id":"1682","type":"Feature","properties":{"common_name":"Oak: Chestnut","condition":"Fair","height":7.62,"width":2.1336,"crown_r_m":1.0668,"crown_h_m":4.953,"height_imputed":true,"width_imputed":true,"neighborhood":"Squirrel Hill South","tree_id":"t01682"},"geometry":{"type":"Point","coordinates":[-79.94365,40.43984]}},{"id":"1683","type":"Feature","properties":{"common_name":"Oak: Northern Red","condition":"Fair","height":15.24,"width":3.6576,"crown_r_m":1.8288,"crown_h_m":9.906,"height_imputed":true,"width_imputed":true,"neighborhood":"Squirrel Hill South","tree_id":"t01683"},"geometry":{"type":"Point","coordinates":[-79.94369,40.43976]}},{"id":"1684","type":"Feature","properties":{"common_name":"Sweetgum: American","condition":"Poor","height":12.192,"width":2.7432,"crown_r_m":1.3716,"crown_h_m":7.9248,"height_imputed":true,"width_imputed":true,"neighborhood":"Squirrel Hill South","tree_id":"t01684"},"geometry":{"type":"Point","coordinates":[-79.9439,40.43942]}},{"id":"1685","type":"Feature","properties":{"common_name":"Sweetgum: American","condition":"Fair","height":12.192,"width":2.7432,"crown_r_m":1.3716,"crown_h_m":7.9248,"height_imputed":true,"width_imputed":true,"neighborhood":"Squirrel Hill South","tree_id":"t01685"},"geometry":{"type":"Point","coordinates":[-79.94409,40.43925]}},{"id":"1686","type":"Feature","properties":{"common_name":"Sweetgum: American","condition":"Poor","height":12.192,"width":2.7432,"crown_r_m":1.3716,"crown_h_m":7.9248,"height_imputed":true,"width_imputed":true,"neighborhood":"Squirrel Hill South","tree_id":"t01686"},"geometry":{"type":"Point","coordinates":[-79.94415,40.43919]}},{"id":"1687","type":"Feature","properties":{"common_name":"Sweetgum: American","condition":"Poor","height":12.192,"width":2.7432,"crown_r_m":1.3716,"crown_h_m":7.9248,"height_imputed":true,"width_imputed":true,"neighborhood":"Squirrel Hill South","tree_id":"t01687"},"geometry":{"type":"Point","coordinates":[-79.94419,40.43915]}},{"id":"1688","type":"Feature","properties":{"common_name":"Sweetgum: American","condition":"Poor","height":12.192,"width":2.7432,"crown_r_m":1.3716,"crown_h_m":7.9248,"height_imputed":true,"width_imputed":true,"neighborhood":"Squirrel Hill South","tree_id":"t01688"},"geometry":{"type":"Point","coordinates":[-79.94424,40.43912]}},{"id":"1689","type":"Feature","properties":{"common_name":"Sweetgum: American","condition":"Fair","height":12.192,"width":2.7432,"crown_r_m":1.3716,"crown_h_m":7.9248,"height_imputed":true,"width_imputed":true,"neighborhood":"Squirrel Hill South","tree_id":"t01689"},"geometry":{"type":"Point","coordinates":[-79.94427,40.43909]}},{"id":"1690","type":"Feature","properties":{"common_name":"Sweetgum: American","condition":"Poor","height":12.192,"width":2.7432,"crown_r_m":1.3716,"crown_h_m":7.9248,"height_imputed":true,"width_imputed":true,"neighborhood":"Squirrel Hill South","tree_id":"t01690"},"geometry":{"type":"Point","coordinates":[-79.94432,40.43906]}},{"id":"1691","type":"Feature","properties":{"common_name":"Sweetgum: American","condition":"Poor","height":12.192,"width":2.7432,"crown_r_m":1.3716,"crown_h_m":7.9248,"height_imputed":true,"width_imputed":true,"neighborhood":"Squirrel Hill South","tree_id":"t01691"},"geometry":{"type":"Point","coordinates":[-79.94437,40.43902]}},{"id":"1692","type":"Feature","properties":{"common_name":"Sweetgum: American","condition":"Fair","height":12.192,"width":2.7432,"crown_r_m":1.3716,"crown_h_m":7.9248,"height_imputed":true,"width_imputed":true,"neighborhood":"Squirrel Hill South","tree_id":"t01692"},"geometry":{"type":"Point","coordinates":[-79.94443,40.43899]}},{"id":"1693","type":"Feature","properties":{"common_name":"Sweetgum: American","condition":"Poor","height":12.192,"width":2.7432,"crown_r_m":1.3716,"crown_h_m":7.9248,"height_imputed":true,"width_imputed":true,"neighborhood":"Squirrel Hill South","tree_id":"t01693"},"geometry":{"type":"Point","coordinates":[-79.94449,40.43897]}},{"id":"1694","type":"Feature","properties":{"common_name":"Maple: Norway","condition":"Critical","height":9.6012,"width":2.4384,"crown_r_m":1.2192,"crown_h_m":6.24078,"height_imputed":true,"width_imputed":true,"neighborhood":"Squirrel Hill South","tree_id":"t01694"},"geometry":{"type":"Point","coordinates":[-79.94449,40.43901]}},{"id":"1695","type":"Feature","properties":{"common_name":"Ginkgo","condition":"Poor","height":3.6576,"width":1.524,"crown_r_m":1.0,"crown_h_m":2.37744,"height_imputed":true,"width_imputed":true,"neighborhood":"Squirrel Hill South","tree_id":"t01695"},"geometry":{"type":"Point","coordinates":[-79.94454,40.43895]}},{"id":"1696","type":"Feature","properties":{"common_name":"Ginkgo","condition":"Poor","height":3.6576,"width":1.524,"crown_r_m":1.0,"crown_h_m":2.37744,"height_imputed":true,"width_imputed":true,"neighborhood":"Squirrel Hill South","tree_id":"t01696"},"geometry":{"type":"Point","coordinates":[-79.9446,40.43893]}},{"id":"1697","type":"Feature","properties":{"common_name":"Ginkgo","condition":"Poor","height":3.6576,"width":1.524,"crown_r_m":1.0,"crown_h_m":2.37744,"height_imputed":true,"width_imputed":true,"neighborhood":"Squirrel Hill South","tree_id":"t01697"},"geometry":{"type":"Point","coordinates":[-79.94466,40.43891]}},{"id":"1698","type":"Feature","properties":{"common_name":"Oak: Northern Red","condition":"Good","height":15.24,"width":3.6576,"crown_r_m":1.8288,"crown_h_m":9.906,"height_imputed":true,"width_imputed":true,"neighborhood":"Squirrel Hill South","tree_id":"t01698"},"geometry":{"type":"Point","coordinates":[-79.94473,40.43893]}},{"id":"1699","type":"Feature","properties":{"common_name":"Ginkgo","condition":"Poor","height":3.6576,"width":1.524,"crown_r_m":1.0,"crown_h_m":2.37744,"height_imputed":true,"width_imputed":true,"neighborhood":"Squirrel Hill South","tree_id":"t01699"},"geometry":{"type":"Point","coordinates":[-79.94474,40.4389]}},{"id":"1700","type":"Feature","properties":{"common_name":"Ginkgo","condition":"Poor","height":3.6576,"width":1.524,"crown_r_m":1.0,"crown_h_m":2.37744,"height_imputed":true,"width_imputed":true,"neighborhood":"Squirrel Hill South","tree_id":"t01700"},"geometry":{"type":"Point","coordinates":[-79.94483,40.43888]}},{"id":"1701","type":"Feature","properties":{"common_name":"Ginkgo","condition":"Poor","height":3.6576,"width":1.524,"crown_r_m":1.0,"crown_h_m":2.37744,"height_imputed":true,"width_imputed":true,"neighborhood":"Squirrel Hill South","tree_id":"t01701"},"geometry":{"type":"Point","coordinates":[-79.94491,40.43886]}},{"id":"1702","type":"Feature","properties":{"common_name":"Ginkgo","condition":"Poor","height":3.6576,"width":1.524,"crown_r_m":1.0,"crown_h_m":2.37744,"height_imputed":true,"width_imputed":true,"neighborhood":"Squirrel Hill South","tree_id":"t01702"},"geometry":{"type":"Point","coordinates":[-79.94498,40.43885]}},{"id":"1703","type":"Feature","properties":{"common_name":"Ginkgo","condition":"Poor","height":3.6576,"width":1.524,"crown_r_m":1.0,"crown_h_m":2.37744,"height_imputed":true,"width_imputed":true,"neighborhood":"Squirrel Hill South","tree_id":"t01703"},"geometry":{"type":"Point","coordinates":[-79.94506,40.43883]}},{"id":"1704","type":"Feature","properties":{"common_name":"Ginkgo","condition":"Poor","height":3.6576,"width":1.524,"crown_r_m":1.0,"crown_h_m":2.37744,"height_imputed":true,"width_imputed":true,"neighborhood":"Squirrel Hill South","tree_id":"t01704"},"geometry":{"type":"Point","coordinates":[-79.94513,40.43882]}},{"id":"1705","type":"Feature","properties":{"common_name":"Ginkgo","condition":"Fair","height":3.6576,"width":1.524,"crown_r_m":1.0,"crown_h_m":2.37744,"height_imputed":true,"width_imputed":true,"neighborhood":"Squirrel Hill South","tree_id":"t01705"},"geometry":{"type":"Point","coordinates":[-79.9452,40.43881]}},{"id":"1706","type":"Feature","properties":{"common_name":"Ginkgo","condition":"Poor","height":3.6576,"width":1.524,"crown_r_m":1.0,"crown_h_m":2.37744,"height_imputed":true,"width_imputed":true,"neighborhood":"Squirrel Hill South","tree_id":"t01706"},"geometry":{"type":"Point","coordinates":[-79.94527,40.43879]}},{"id":"1707","type":"Feature","properties":{"common_name":"Ginkgo","condition":"Poor","height":3.6576,"width":1.524,"crown_r_m":1.0,"crown_h_m":2.37744,"height_imputed":true,"width_imputed":true,"neighborhood":"Squirrel Hill South","tree_id":"t01707"},"geometry":{"type":"Point","coordinates":[-79.94535,40.43878]}},{"id":"1708","type":"Feature","properties":{"common_name":"Ginkgo","condition":"Poor","height":3.6576,"width":1.524,"crown_r_m":1.0,"crown_h_m":2.37744,"height_imputed":true,"width_imputed":true,"neighborhood":"Squirrel Hill South","tree_id":"t01708"},"geometry":{"type":"Point","coordinates":[-79.94544,40.43876]}},{"id":"1709","type":"Feature","properties":{"common_name":"Ginkgo","condition":"Poor","height":3.6576,"width":1.524,"crown_r_m":1.0,"crown_h_m":2.37744,"height_imputed":true,"width_imputed":true,"neighborhood":"Squirrel Hill South","tree_id":"t01709"},"geometry":{"type":"Point","coordinates":[-79.9455,40.43875]}},{"id":"1710","type":"Feature","properties":{"common_name":"Ginkgo","condition":"Poor","height":3.6576,"width":1.524,"crown_r_m":1.0,"crown_h_m":2.37744,"height_imputed":true,"width_imputed":true,"neighborhood":"Squirrel Hill South","tree_id":"t01710"},"geometry":{"type":"Point","coordinates":[-79.94557,40.43875]}},{"id":"1711","type":"Feature","properties":{"common_name":"Ginkgo","condition":"Poor","height":3.6576,"width":1.524,"crown_r_m":1.0,"crown_h_m":2.37744,"height_imputed":true,"width_imputed":true,"neighborhood":"Squirrel Hill South","tree_id":"t01711"},"geometry":{"type":"Point","coordinates":[-79.94564,40.43874]}},{"id":"1712","type":"Feature","properties":{"common_name":"Locust: Black","condition":"Poor","height":13.716,"width":4.572,"crown_r_m":2.286,"crown_h_m":8.9154,"height_imputed":true,"width_imputed":true,"neighborhood":"Squirrel Hill South","tree_id":"t01712"},"geometry":{"type":"Point","coordinates":[-79.94566,40.4388]}},{"id":"1713","type":"Feature","properties":{"common_name":"Locust: Black","condition":"Poor","height":13.716,"width":4.572,"crown_r_m":2.286,"crown_h_m":8.9154,"height_imputed":true,"width_imputed":true,"neighborhood":"Squirrel Hill South","tree_id":"t01713"},"geometry":{"type":"Point","coordinates":[-79.94572,40.43877]}},{"id":"1714","type":"Feature","properties":{"common_name":"Ginkgo","condition":"Fair","height":3.6576,"width":1.524,"crown_r_m":1.0,"crown_h_m":2.37744,"height_imputed":true,"width_imputed":true,"neighborhood":"Squirrel Hill South","tree_id":"t01714"},"geometry":{"type":"Point","coordinates":[-79.9458,40.43874]}},{"id":"1715","type":"Feature","properties":{"common_name":"Ginkgo","condition":"Poor","height":3.6576,"width":1.524,"crown_r_m":1.0,"crown_h_m":2.37744,"height_imputed":true,"width_imputed":true,"neighborhood":"Squirrel Hill South","tree_id":"t01715"},"geometry":{"type":"Point","coordinates":[-79.94586,40.43875]}},{"id":"1716","type":"Feature","properties":{"common_name":"Ginkgo","condition":"Poor","height":3.6576,"width":1.524,"crown_r_m":1.0,"crown_h_m":2.37744,"height_imputed":true,"width_imputed":true,"neighborhood":"Squirrel Hill South","tree_id":"t01716"},"geometry":{"type":"Point","coordinates":[-79.94594,40.43877]}},{"id":"1717","type":"Feature","properties":{"common_name":"Ginkgo","condition":"Fair","height":3.6576,"width":1.524,"crown_r_m":1.0,"crown_h_m":2.37744,"height_imputed":true,"width_imputed":true,"neighborhood":"Squirrel Hill South","tree_id":"t01717"},"geometry":{"type":"Point","coordinates":[-79.94663,40.43953]}},{"id":"1718","type":"Feature","properties":{"common_name":"Ginkgo","condition":"Poor","height":3.6576,"width":1.524,"crown_r_m":1.0,"crown_h_m":2.37744,"height_imputed":true,"width_imputed":true,"neighborhood":"Squirrel Hill South","tree_id":"t01718"},"geometry":{"type":"Point","coordinates":[-79.94669,40.43985]}},{"id":"1719","type":"Feature","properties":{"common_name":"Ginkgo","condition":"Poor","height":3.6576,"width":1.524,"crown_r_m":1.0,"crown_h_m":2.37744,"height_imputed":true,"width_imputed":true,"neighborhood":"Squirrel Hill South","tree_id":"t01719"},"geometry":{"type":"Point","coordinates":[-79.94672,40.43995]}},{"id":"1720","type":"Feature","properties":{"common_name":"Ginkgo","condition":"Poor","height":3.6576,"width":1.524,"crown_r_m":1.0,"crown_h_m":2.37744,"height_imputed":true,"width_imputed":true,"neighborhood":"Squirrel Hill South","tree_id":"t01720"},"geometry":{"type":"Point","coordinates":[-79.94674,40.44]}},{"id":"1721","type":"Feature","properties":{"common_name":"Ginkgo","condition":"Poor","height":3.6576,"width":1.524,"crown_r_m":1.0,"crown_h_m":2.37744,"height_imputed":true,"width_imputed":true,"neighborhood":"Squirrel Hill South","tree_id":"t01721"},"geometry":{"type":"Point","coordinates":[-79.94678,40.44005]}},{"id":"1722","type":"Feature","properties":{"common_name":"Ginkgo","condition":"Poor","height":3.6576,"width":1.524,"crown_r_m":1.0,"crown_h_m":2.37744,"height_imputed":true,"width_imputed":true,"neighborhood":"Squirrel Hill South","tree_id":"t01722"},"geometry":{"type":"Point","coordinates":[-79.9468,40.44009]}},{"id":"1723","type":"Feature","properties":{"common_name":"Ginkgo","condition":"Poor","height":3.6576,"width":1.524,"crown_r_m":1.0,"crown_h_m":2.37744,"height_imputed":true,"width_imputed":true,"neighborhood":"Squirrel Hill South","tree_id":"t01723"},"geometry":{"type":"Point","coordinates":[-79.94683,40.44015]}},{"id":"1724","type":"Feature","properties":{"common_name":"Ginkgo","condition":"Poor","height":3.6576,"width":1.524,"crown_r_m":1.0,"crown_h_m":2.37744,"height_imputed":true,"width_imputed":true,"neighborhood":"Squirrel Hill South","tree_id":"t01724"},"geometry":{"type":"Point","coordinates":[-79.94687,40.44021]}},{"id":"1725","type":"Feature","properties":{"common_name":"Ginkgo","condition":"Poor","height":3.6576,"width":1.524,"crown_r_m":1.0,"crown_h_m":2.37744,"height_imputed":true,"width_imputed":true,"neighborhood":"Squirrel Hill South","tree_id":"t01725"},"geometry":{"type":"Point","coordinates":[-79.94691,40.44025]}},{"id":"1726","type":"Feature","properties":{"common_name":"Ginkgo","condition":"Poor","height":3.6576,"width":1.524,"crown_r_m":1.0,"crown_h_m":2.37744,"height_imputed":true,"width_imputed":true,"neighborhood":"Squirrel Hill South","tree_id":"t01726"},"geometry":{"type":"Point","coordinates":[-79.94695,40.44029]}},{"id":"1727","type":"Feature","properties":{"common_name":"Ginkgo","condition":"Poor","height":3.6576,"width":1.524,"crown_r_m":1.0,"crown_h_m":2.37744,"height_imputed":true,"width_imputed":true,"neighborhood":"Squirrel Hill South","tree_id":"t01727"},"geometry":{"type":"Point","coordinates":[-79.947,40.44033]}},{"id":"1728","type":"Feature","properties":{"common_name":"Ginkgo","condition":"Poor","height":3.6576,"width":1.524,"crown_r_m":1.0,"crown_h_m":2.37744,"height_imputed":true,"width_imputed":true,"neighborhood":"Squirrel Hill South","tree_id":"t01728"},"geometry":{"type":"Point","coordinates":[-79.94707,40.44036]}},{"id":"1729","type":"Feature","properties":{"common_name":"Ginkgo","condition":"Poor","height":3.6576,"width":1.524,"crown_r_m":1.0,"crown_h_m":2.37744,"height_imputed":true,"width_imputed":true,"neighborhood":"Squirrel Hill South","tree_id":"t01729"},"geometry":{"type":"Point","coordinates":[-79.94712,40.4404]}},{"id":"1730","type":"Feature","properties":{"common_name":"Ginkgo","condition":"Poor","height":3.6576,"width":1.524,"crown_r_m":1.0,"crown_h_m":2.37744,"height_imputed":true,"width_imputed":true,"neighborhood":"Squirrel Hill South","tree_id":"t01730"},"geometry":{"type":"Point","coordinates":[-79.94719,40.44043]}},{"id":"1731","type":"Feature","properties":{"common_name":"London planetree","condition":"Good","height":15.24,"width":3.6576,"crown_r_m":1.8288,"crown_h_m":9.906,"height_imputed":true,"width_imputed":true,"neighborhood":"North Oakland","tree_id":"t01731"},"geometry":{"type":"Point","coordinates":[-79.95249,40.44227]}},{"id":"1732","type":"Feature","properties":{"common_name":"Ginkgo","condition":"Poor","height":3.6576,"width":1.524,"crown_r_m":1.0,"crown_h_m":2.37744,"height_imputed":true,"width_imputed":true,"neighborhood":"Squirrel Hill South","tree_id":"t01732"},"geometry":{"type":"Point","coordinates":[-79.94725,40.44046]}},{"id":"1733","type":"Feature","properties":{"common_name":"Ginkgo","condition":"Poor","height":3.6576,"width":1.524,"crown_r_m":1.0,"crown_h_m":2.37744,"height_imputed":true,"width_imputed":true,"neighborhood":"Squirrel Hill South","tree_id":"t01733"},"geometry":{"type":"Point","coordinates":[-79.94732,40.4405]}},{"id":"1734","type":"Feature","properties":{"common_name":"Ginkgo","condition":"Poor","height":3.6576,"width":1.524,"crown_r_m":1.0,"crown_h_m":2.37744,"height_imputed":true,"width_imputed":true,"neighborhood":"Squirrel Hill South","tree_id":"t01734"},"geometry":{"type":"Point","coordinates":[-79.94743,40.44055]}},{"id":"1735","type":"Feature","properties":{"common_name":"Ginkgo","condition":"Poor","height":3.6576,"width":1.524,"crown_r_m":1.0,"crown_h_m":2.37744,"height_imputed":true,"width_imputed":true,"neighborhood":"Squirrel Hill South","tree_id":"t01735"},"geometry":{"type":"Point","coordinates":[-79.94749,40.44058]}},{"id":"1736","type":"Feature","properties":{"common_name":"Ginkgo","condition":"Poor","height":3.6576,"width":1.524,"crown_r_m":1.0,"crown_h_m":2.37744,"height_imputed":true,"width_imputed":true,"neighborhood":"Squirrel Hill South","tree_id":"t01736"},"geometry":{"type":"Point","coordinates":[-79.94755,40.44061]}},{"id":"1737","type":"Feature","properties":{"common_name":"Ginkgo","condition":"Fair","height":3.6576,"width":1.524,"crown_r_m":1.0,"crown_h_m":2.37744,"height_imputed":true,"width_imputed":true,"neighborhood":"Squirrel Hill South","tree_id":"t01737"},"geometry":{"type":"Point","coordinates":[-79.94769,40.44068]}},{"id":"1738","type":"Feature","properties":{"common_name":"Ginkgo","condition":"Poor","height":3.6576,"width":1.524,"crown_r_m":1.0,"crown_h_m":2.37744,"height_imputed":true,"width_imputed":true,"neighborhood":"Squirrel Hill South","tree_id":"t01738"},"geometry":{"type":"Point","coordinates":[-79.94775,40.44071]}},{"id":"1739","type":"Feature","properties":{"common_name":"London planetree","condition":"Good","height":15.24,"width":3.6576,"crown_r_m":1.8288,"crown_h_m":9.906,"height_imputed":true,"width_imputed":true,"neighborhood":"North Oakland","tree_id":"t01739"},"geometry":{"type":"Point","coordinates":[-79.95257,40.44218]}},{"id":"1740","type":"Feature","properties":{"common_name":"London planetree","condition":"Good","height":15.24,"width":3.6576,"crown_r_m":1.8288,"crown_h_m":9.906,"height_imputed":true,"width_imputed":true,"neighborhood":"North Oakland","tree_id":"t01740"},"geometry":{"type":"Point","coordinates":[-79.95262,40.44212]}},{"id":"1741","type":"Feature","properties":{"common_name":"London planetree","condition":"Good","height":15.24,"width":3.6576,"crown_r_m":1.8288,"crown_h_m":9.906,"height_imputed":true,"width_imputed":true,"neighborhood":"North Oakland","tree_id":"t01741"},"geometry":{"type":"Point","coordinates":[-79.95266,40.44227]}},{"id":"1742","type":"Feature","properties":{"common_name":"Locust: Black","condition":"Fair","height":13.716,"width":4.572,"crown_r_m":2.286,"crown_h_m":8.9154,"height_imputed":true,"width_imputed":true,"neighborhood":"Squirrel Hill North","tree_id":"t01742"},"geometry":{"type":"Point","coordinates":[-79.94054,40.43995]}},{"id":"1743","type":"Feature","properties":{"common_name":"Locust: Black","condition":"Fair","height":13.716,"width":4.572,"crown_r_m":2.286,"crown_h_m":8.9154,"height_imputed":true,"width_imputed":true,"neighborhood":"Squirrel Hill North","tree_id":"t01743"},"geometry":{"type":"Point","coordinates":[-79.94068,40.43999]}},{"id":"1744","type":"Feature","properties":{"common_name":"Locust: Black","condition":"Good","height":13.716,"width":4.572,"crown_r_m":2.286,"crown_h_m":8.9154,"height_imputed":true,"width_imputed":true,"neighborhood":"Squirrel Hill North","tree_id":"t01744"},"geometry":{"type":"Point","coordinates":[-79.9407,40.44014]}},{"id":"1745","type":"Feature","properties":{"common_name":"Linden: Silver","condition":"Poor","height":3.6576,"width":1.524,"crown_r_m":1.0,"crown_h_m":2.37744,"height_imputed":true,"width_imputed":true,"neighborhood":"Squirrel Hill North","tree_id":"t01745"},"geometry":{"type":"Point","coordinates":[-79.94099,40.43993]}},{"id":"1746","type":"Feature","properties":{"common_name":"Hawthorn: spp.","condition":"Fair","height":2.4384,"width":1.3716,"crown_r_m":1.0,"crown_h_m":1.58496,"height_imputed":true,"width_imputed":true,"neighborhood":"Squirrel Hill North","tree_id":"t01746"},"geometry":{"type":"Point","coordinates":[-79.94108,40.4401]}},{"id":"1747","type":"Feature","properties":{"common_name":"Hawthorn: spp.","condition":"Poor","height":2.4384,"width":1.3716,"crown_r_m":1.0,"crown_h_m":1.58496,"height_imputed":true,"width_imputed":true,"neighborhood":"Squirrel Hill North","tree_id":"t01747"},"geometry":{"type":"Point","coordinates":[-79.94111,40.44013]}},{"id":"1748","type":"Feature","properties":{"common_name":"Linden: Littleleaf","condition":"Fair","height":10.668,"width":2.7432,"crown_r_m":1.3716,"crown_h_m":6.9342,"height_imputed":true,"width_imputed":true,"neighborhood":"Squirrel Hill North","tree_id":"t01748"},"geometry":{"type":"Point","coordinates":[-79.9412,40.43995]}},{"id":"1749","type":"Feature","properties":{"common_name":"Linden: Littleleaf","condition":"Fair","height":10.668,"width":2.7432,"crown_r_m":1.3716,"crown_h_m":6.9342,"height_imputed":true,"width_imputed":true,"neighborhood":"Squirrel Hill North","tree_id":"t01749"},"geometry":{"type":"Point","coordinates":[-79.94115,40.44]}},{"id":"1750","type":"Feature","properties":{"common_name":"Locust: Black","condition":"Poor","height":13.716,"width":4.572,"crown_r_m":2.286,"crown_h_m":8.9154,"height_imputed":true,"width_imputed":true,"neighborhood":"Squirrel Hill North","tree_id":"t01750"},"geometry":{"type":"Point","coordinates":[-79.94121,40.44008]}},{"id":"1751","type":"Feature","properties":{"common_name":"Linden: Littleleaf","condition":"Good","height":10.668,"width":2.7432,"crown_r_m":1.3716,"crown_h_m":6.9342,"height_imputed":true,"width_imputed":true,"neighborhood":"Squirrel Hill North","tree_id":"t01751"},"geometry":{"type":"Point","coordinates":[-79.94131,40.44012]}},{"id":"1752","type":"Feature","properties":{"common_name":"Linden: Littleleaf","condition":"Poor","height":10.668,"width":2.7432,"crown_r_m":1.3716,"crown_h_m":6.9342,"height_imputed":true,"width_imputed":true,"neighborhood":"Squirrel Hill North","tree_id":"t01752"},"geometry":{"type":"Point","coordinates":[-79.94138,40.44009]}},{"id":"1753","type":"Feature","properties":{"common_name":"Linden: Littleleaf","condition":"Poor","height":10.668,"width":2.7432,"crown_r_m":1.3716,"crown_h_m":6.9342,"height_imputed":true,"width_imputed":true,"neighborhood":"Squirrel Hill North","tree_id":"t01753"},"geometry":{"type":"Point","coordinates":[-79.94144,40.44016]}},{"id":"1754","type":"Feature","properties":{"common_name":"Hawthorn: spp.","condition":"Fair","height":2.4384,"width":1.3716,"crown_r_m":1.0,"crown_h_m":1.58496,"height_imputed":true,"width_imputed":true,"neighborhood":"Squirrel Hill North","tree_id":"t01754"},"geometry":{"type":"Point","coordinates":[-79.94141,40.4402]}},{"id":"1755","type":"Feature","properties":{"common_name":"Linden: Littleleaf","condition":"Poor","height":10.668,"width":2.7432,"crown_r_m":1.3716,"crown_h_m":6.9342,"height_imputed":true,"width_imputed":true,"neighborhood":"Squirrel Hill North","tree_id":"t01755"},"geometry":{"type":"Point","coordinates":[-79.94152,40.4402]}},{"id":"1756","type":"Feature","properties":{"common_name":"Linden: Littleleaf","condition":"Good","height":10.668,"width":2.7432,"crown_r_m":1.3716,"crown_h_m":6.9342,"height_imputed":true,"width_imputed":true,"neighborhood":"Squirrel Hill North","tree_id":"t01756"},"geometry":{"type":"Point","coordinates":[-79.94154,40.44014]}},{"id":"1757","type":"Feature","properties":{"common_name":"Oak: Turkey","condition":"Fair","height":7.62,"width":2.1336,"crown_r_m":1.0668,"crown_h_m":4.953,"height_imputed":true,"width_imputed":true,"neighborhood":"Squirrel Hill North","tree_id":"t01757"},"geometry":{"type":"Point","coordinates":[-79.94169,40.44019]}},{"id":"1758","type":"Feature","properties":{"common_name":"Oak: Turkey","condition":"Fair","height":7.62,"width":2.1336,"crown_r_m":1.0668,"crown_h_m":4.953,"height_imputed":true,"width_imputed":true,"neighborhood":"Squirrel Hill North","tree_id":"t01758"},"geometry":{"type":"Point","coordinates":[-79.94192,40.44024]}},{"id":"1759","type":"Feature","properties":{"common_name":"Oak: Pin","condition":"Poor","height":16.764,"width":4.572,"crown_r_m":2.286,"crown_h_m":10.8966,"height_imputed":true,"width_imputed":true,"neighborhood":"Squirrel Hill North","tree_id":"t01759"},"geometry":{"type":"Point","coordinates":[-79.94201,40.44034]}},{"id":"1760","type":"Feature","properties":{"common_name":"Oak: White","condition":"Good","height":7.62,"width":2.1336,"crown_r_m":1.0668,"crown_h_m":4.953,"height_imputed":true,"width_imputed":true,"neighborhood":"Squirrel Hill North","tree_id":"t01760"},"geometry":{"type":"Point","coordinates":[-79.94201,40.44026]}},{"id":"1761","type":"Feature","properties":{"common_name":"Hawthorn: spp.","condition":"Fair","height":2.4384,"width":1.3716,"crown_r_m":1.0,"crown_h_m":1.58496,"height_imputed":true,"width_imputed":true,"neighborhood":"Squirrel Hill North","tree_id":"t01761"},"geometry":{"type":"Point","coordinates":[-79.94138,40.43989]}},{"id":"1762","type":"Feature","properties":{"common_name":"Mulberry: White","condition":"Poor","height":9.144,"width":3.048,"crown_r_m":1.524,"crown_h_m":5.9436,"height_imputed":true,"width_imputed":true,"neighborhood":"Squirrel Hill North","tree_id":"t01762"},"geometry":{"type":"Point","coordinates":[-79.94135,40.43986]}},{"id":"1763","type":"Feature","properties":{"common_name":"Oak: Pin","condition":"Fair","height":16.764,"width":4.572,"crown_r_m":2.286,"crown_h_m":10.8966,"height_imputed":true,"width_imputed":true,"neighborhood":"Squirrel Hill North","tree_id":"t01763"},"geometry":{"type":"Point","coordinates":[-79.94122,40.43988]}},{"id":"1764","type":"Feature","properties":{"common_name":"Oak: Pin","condition":"Good","height":16.764,"width":4.572,"crown_r_m":2.286,"crown_h_m":10.8966,"height_imputed":true,"width_imputed":true,"neighborhood":"Squirrel Hill North","tree_id":"t01764"},"geometry":{"type":"Point","coordinates":[-79.94121,40.43978]}},{"id":"1765","type":"Feature","properties":{"common_name":"Dogwood: Corneliancherry","condition":"Good","height":2.4384,"width":1.2192,"crown_r_m":1.0,"crown_h_m":1.58496,"height_imputed":true,"width_imputed":true,"neighborhood":"Squirrel Hill North","tree_id":"t01765"},"geometry":{"type":"Point","coordinates":[-79.94115,40.43954]}},{"id":"1766","type":"Feature","properties":{"common_name":"Cherry: Black","condition":"Fair","height":7.62,"width":2.1336,"crown_r_m":1.0668,"crown_h_m":4.953,"height_imputed":true,"width_imputed":true,"neighborhood":"Squirrel Hill North","tree_id":"t01766"},"geometry":{"type":"Point","coordinates":[-79.94111,40.43952]}},{"id":"1767","type":"Feature","properties":{"common_name":"Dogwood: Corneliancherry","condition":"Good","height":2.4384,"width":1.2192,"crown_r_m":1.0,"crown_h_m":1.58496,"height_imputed":true,"width_imputed":true,"neighborhood":"Squirrel Hill North","tree_id":"t01767"},"geometry":{"type":"Point","coordinates":[-79.94107,40.4395]}},{"id":"1768","type":"Feature","properties":{"common_name":"Oak: Northern Red","condition":"Good","height":15.24,"width":3.6576,"crown_r_m":1.8288,"crown_h_m":9.906,"height_imputed":true,"width_imputed":true,"neighborhood":"Squirrel Hill North","tree_id":"t01768"},"geometry":{"type":"Point","coordinates":[-79.94097,40.43937]}},{"id":"1769","type":"Feature","properties":{"common_name":"Oak: Northern Red","condition":"Good","height":15.24,"width":3.6576,"crown_r_m":1.8288,"crown_h_m":9.906,"height_imputed":true,"width_imputed":true,"neighborhood":"Squirrel Hill North","tree_id":"t01769"},"geometry":{"type":"Point","coordinates":[-79.94095,40.43932]}},{"id":"1770","type":"Feature","properties":{"common_name":"Ash: White","condition":"Good","height":7.62,"width":2.1336,"crown_r_m":1.0668,"crown_h_m":4.953,"height_imputed":true,"width_imputed":true,"neighborhood":"Squirrel Hill North","tree_id":"t01770"},"geometry":{"type":"Point","coordinates":[-79.94091,40.43936]}},{"id":"1771","type":"Feature","properties":{"common_name":"London planetree","condition":"Good","height":15.24,"width":3.6576,"crown_r_m":1.8288,"crown_h_m":9.906,"height_imputed":true,"width_imputed":true,"neighborhood":"North Oakland","tree_id":"t01771"},"geometry":{"type":"Point","coordinates":[-79.95213,40.44312]}},{"id":"1772","type":"Feature","properties":{"common_name":"Oak: Northern Red","condition":"Fair","height":15.24,"width":3.6576,"crown_r_m":1.8288,"crown_h_m":9.906,"height_imputed":true,"width_imputed":true,"neighborhood":"Squirrel Hill North","tree_id":"t01772"},"geometry":{"type":"Point","coordinates":[-79.9409,40.43935]}},{"id":"1773","type":"Feature","properties":{"common_name":"Mulberry: White","condition":"Fair","height":9.144,"width":3.048,"crown_r_m":1.524,"crown_h_m":5.9436,"height_imputed":true,"width_imputed":true,"neighborhood":"Squirrel Hill North","tree_id":"t01773"},"geometry":{"type":"Point","coordinates":[-79.9409,40.43931]}},{"id":"1774","type":"Feature","properties":{"common_name":"Crabapple: Flowering","condition":"Poor","height":3.048,"width":1.2192,"crown_r_m":1.0,"crown_h_m":1.9812,"height_imputed":true,"width_imputed":true,"neighborhood":"Squirrel Hill North","tree_id":"t01774"},"geometry":{"type":"Point","coordinates":[-79.9409,40.4393]}},{"id":"1775","type":"Feature","properties":{"common_name":"Oak: Northern Red","condition":"Good","height":15.24,"width":3.6576,"crown_r_m":1.8288,"crown_h_m":9.906,"height_imputed":true,"width_imputed":true,"neighborhood":"Squirrel Hill North","tree_id":"t01775"},"geometry":{"type":"Point","coordinates":[-79.94087,40.43928]}},{"id":"1776","type":"Feature","properties":{"common_name":"Hawthorn: spp.","condition":"Fair","height":2.4384,"width":1.3716,"crown_r_m":1.0,"crown_h_m":1.58496,"height_imputed":true,"width_imputed":true,"neighborhood":"Squirrel Hill North","tree_id":"t01776"},"geometry":{"type":"Point","coordinates":[-79.94089,40.43917]}},{"id":"1777","type":"Feature","properties":{"common_name":"Dogwood: Corneliancherry","condition":"Good","height":2.4384,"width":1.2192,"crown_r_m":1.0,"crown_h_m":1.58496,"height_imputed":true,"width_imputed":true,"neighborhood":"Squirrel Hill North","tree_id":"t01777"},"geometry":{"type":"Point","coordinates":[-79.94084,40.43914]}},{"id":"1778","type":"Feature","properties":{"common_name":"Dogwood: Corneliancherry","condition":"Good","height":2.4384,"width":1.2192,"crown_r_m":1.0,"crown_h_m":1.58496,"height_imputed":true,"width_imputed":true,"neighborhood":"Squirrel Hill North","tree_id":"t01778"},"geometry":{"type":"Point","coordinates":[-79.94079,40.43913]}},{"id":"1779","type":"Feature","properties":{"common_name":"Ash: White","condition":"Fair","height":7.62,"width":2.1336,"crown_r_m":1.0668,"crown_h_m":4.953,"height_imputed":true,"width_imputed":true,"neighborhood":"Squirrel Hill North","tree_id":"t01779"},"geometry":{"type":"Point","coordinates":[-79.94078,40.4391]}},{"id":"1780","type":"Feature","properties":{"common_name":"Dogwood: Corneliancherry","condition":"Good","height":2.4384,"width":1.2192,"crown_r_m":1.0,"crown_h_m":1.58496,"height_imputed":true,"width_imputed":true,"neighborhood":"Squirrel Hill North","tree_id":"t01780"},"geometry":{"type":"Point","coordinates":[-79.94075,40.43903]}},{"id":"1781","type":"Feature","properties":{"common_name":"Ash: White","condition":"Poor","height":7.62,"width":2.1336,"crown_r_m":1.0668,"crown_h_m":4.953,"height_imputed":true,"width_imputed":true,"neighborhood":"Squirrel Hill North","tree_id":"t01781"},"geometry":{"type":"Point","coordinates":[-79.94068,40.43904]}},{"id":"1782","type":"Feature","properties":{"common_name":"Ash: White","condition":"Fair","height":7.62,"width":2.1336,"crown_r_m":1.0668,"crown_h_m":4.953,"height_imputed":true,"width_imputed":true,"neighborhood":"Squirrel Hill North","tree_id":"t01782"},"geometry":{"type":"Point","coordinates":[-79.9406,40.43894]}},{"id":"1783","type":"Feature","properties":{"common_name":"Oak: Northern Red","condition":"Poor","height":15.24,"width":3.6576,"crown_r_m":1.8288,"crown_h_m":9.906,"height_imputed":true,"width_imputed":true,"neighborhood":"Squirrel Hill North","tree_id":"t01783"},"geometry":{"type":"Point","coordinates":[-79.94063,40.43914]}},{"id":"1784","type":"Feature","properties":{"common_name":"Oak: Northern Red","condition":"Good","height":15.24,"width":3.6576,"crown_r_m":1.8288,"crown_h_m":9.906,"height_imputed":true,"width_imputed":true,"neighborhood":"Squirrel Hill North","tree_id":"t01784"},"geometry":{"type":"Point","coordinates":[-79.94056,40.43905]}},{"id":"1785","type":"Feature","properties":{"common_name":"Oak: Northern Red","condition":"Good","height":15.24,"width":3.6576,"crown_r_m":1.8288,"crown_h_m":9.906,"height_imputed":true,"width_imputed":true,"neighborhood":"North Oakland","tree_id":"t01785"},"geometry":{"type":"Point","coordinates":[-79.94985,40.44202]}},{"id":"1786","type":"Feature","properties":{"common_name":"Oak: Northern Red","condition":"Good","height":15.24,"width":3.6576,"crown_r_m":1.8288,"crown_h_m":9.906,"height_imputed":true,"width_imputed":true,"neighborhood":"North Oakland","tree_id":"t01786"},"geometry":{"type":"Point","coordinates":[-79.94978,40.4421]}},{"id":"1787","type":"Feature","properties":{"common_name":"Buckeye: Ohio","condition":"Fair","height":7.62,"width":2.1336,"crown_r_m":1.0668,"crown_h_m":4.953,"height_imputed":true,"width_imputed":true,"neighborhood":"North Oakland","tree_id":"t01787"},"geometry":{"type":"Point","coordinates":[-79.94996,40.44207]}},{"id":"1788","type":"Feature","properties":{"common_name":"Oak: Northern Red","condition":"Good","height":15.24,"width":3.6576,"crown_r_m":1.8288,"crown_h_m":9.906,"height_imputed":true,"width_imputed":true,"neighborhood":"North Oakland","tree_id":"t01788"},"geometry":{"type":"Point","coordinates":[-79.95019,40.44207]}},{"id":"1789","type":"Feature","properties":{"common_name":"Oak: Northern Red","condition":"Fair","height":15.24,"width":3.6576,"crown_r_m":1.8288,"crown_h_m":9.906,"height_imputed":true,"width_imputed":true,"neighborhood":"North Oakland","tree_id":"t01789"},"geometry":{"type":"Point","coordinates":[-79.95026,40.4421]}},{"id":"1790","type":"Feature","properties":{"common_name":"Oak: Northern Red","condition":"Good","height":15.24,"width":3.6576,"crown_r_m":1.8288,"crown_h_m":9.906,"height_imputed":true,"width_imputed":true,"neighborhood":"North Oakland","tree_id":"t01790"},"geometry":{"type":"Point","coordinates":[-79.95029,40.44225]}},{"id":"1791","type":"Feature","properties":{"common_name":"London planetree","condition":"Poor","height":15.24,"width":3.6576,"crown_r_m":1.8288,"crown_h_m":9.906,"height_imputed":true,"width_imputed":true,"neighborhood":"North Oakland","tree_id":"t01791"},"geometry":{"type":"Point","coordinates":[-79.95031,40.44213]}},{"id":"1792","type":"Feature","properties":{"common_name":"Cherry/Plum: spp.","condition":"Fair","height":2.8956,"width":1.2192,"crown_r_m":1.0,"crown_h_m":1.88214,"height_imputed":true,"width_imputed":true,"neighborhood":"North Oakland","tree_id":"t01792"},"geometry":{"type":"Point","coordinates":[-79.95081,40.44235]}},{"id":"1793","type":"Feature","properties":{"common_name":"London planetree","condition":"Fair","height":15.24,"width":3.6576,"crown_r_m":1.8288,"crown_h_m":9.906,"height_imputed":true,"width_imputed":true,"neighborhood":"North Oakland","tree_id":"t01793"},"geometry":{"type":"Point","coordinates":[-79.951,40.44237]}},{"id":"1794","type":"Feature","properties":{"common_name":"London planetree","condition":"Good","height":15.24,"width":3.6576,"crown_r_m":1.8288,"crown_h_m":9.906,"height_imputed":true,"width_imputed":true,"neighborhood":"North Oakland","tree_id":"t01794"},"geometry":{"type":"Point","coordinates":[-79.95115,40.44239]}},{"id":"1795","type":"Feature","properties":{"common_name":"London planetree","condition":"Good","height":15.24,"width":3.6576,"crown_r_m":1.8288,"crown_h_m":9.906,"height_imputed":true,"width_imputed":true,"neighborhood":"North Oakland","tree_id":"t01795"},"geometry":{"type":"Point","coordinates":[-79.95307,40.44234]}},{"id":"1796","type":"Feature","properties":{"common_name":"London planetree","condition":"Poor","height":15.24,"width":3.6576,"crown_r_m":1.8288,"crown_h_m":9.906,"height_imputed":true,"width_imputed":true,"neighborhood":"North Oakland","tree_id":"t01796"},"geometry":{"type":"Point","coordinates":[-79.95117,40.44244]}},{"id":"1797","type":"Feature","properties":{"common_name":"London planetree","condition":"Good","height":15.24,"width":3.6576,"crown_r_m":1.8288,"crown_h_m":9.906,"height_imputed":true,"width_imputed":true,"neighborhood":"North Oakland","tree_id":"t01797"},"geometry":{"type":"Point","coordinates":[-79.95118,40.44247]}},{"id":"1798","type":"Feature","properties":{"common_name":"Sweetgum: American","condition":"Good","height":12.192,"width":2.7432,"crown_r_m":1.3716,"crown_h_m":7.9248,"height_imputed":true,"width_imputed":true,"neighborhood":"Squirrel Hill South","tree_id":"t01798"},"geometry":{"type":"Point","coordinates":[-79.94066,40.43687]}},{"id":"1799","type":"Feature","properties":{"common_name":"Sweetgum: American","condition":"Good","height":12.192,"width":2.7432,"crown_r_m":1.3716,"crown_h_m":7.9248,"height_imputed":true,"width_imputed":true,"neighborhood":"Squirrel Hill South","tree_id":"t01799"},"geometry":{"type":"Point","coordinates":[-79.94074,40.43696]}},{"id":"1800","type":"Feature","properties":{"common_name":"Sycamore: American","condition":"Good","height":7.62,"width":2.1336,"crown_r_m":1.0668,"crown_h_m":4.953,"height_imputed":true,"width_imputed":true,"neighborhood":"Squirrel Hill South","tree_id":"t01800"},"geometry":{"type":"Point","coordinates":[-79.9407,40.43712]}},{"id":"1801","type":"Feature","properties":{"common_name":"Maple: Norway","condition":"Fair","height":9.6012,"width":2.4384,"crown_r_m":1.2192,"crown_h_m":6.24078,"height_imputed":true,"width_imputed":true,"neighborhood":"Squirrel Hill South","tree_id":"t01801"},"geometry":{"type":"Point","coordinates":[-79.9408,40.43782]}},{"id":"1802","type":"Feature","properties":{"common_name":"Oak: Pin","condition":"Fair","height":16.764,"width":4.572,"crown_r_m":2.286,"crown_h_m":10.8966,"height_imputed":true,"width_imputed":true,"neighborhood":"Squirrel Hill South","tree_id":"t01802"},"geometry":{"type":"Point","coordinates":[-79.94096,40.43787]}},{"id":"1803","type":"Feature","properties":{"common_name":"Oak: Pin","condition":"Fair","height":16.764,"width":4.572,"crown_r_m":2.286,"crown_h_m":10.8966,"height_imputed":true,"width_imputed":true,"neighborhood":"Squirrel Hill South","tree_id":"t01803"},"geometry":{"type":"Point","coordinates":[-79.94109,40.4379]}},{"id":"1804","type":"Feature","properties":{"common_name":"Oak: Pin","condition":"Fair","height":16.764,"width":4.572,"crown_r_m":2.286,"crown_h_m":10.8966,"height_imputed":true,"width_imputed":true,"neighborhood":"Squirrel Hill South","tree_id":"t01804"},"geometry":{"type":"Point","coordinates":[-79.94155,40.43769]}},{"id":"1805","type":"Feature","properties":{"common_name":"Oak: Pin","condition":"Poor","height":16.764,"width":4.572,"crown_r_m":2.286,"crown_h_m":10.8966,"height_imputed":true,"width_imputed":true,"neighborhood":"Squirrel Hill South","tree_id":"t01805"},"geometry":{"type":"Point","coordinates":[-79.94162,40.43771]}},{"id":"1806","type":"Feature","properties":{"common_name":"Oak: Pin","condition":"Fair","height":16.764,"width":4.572,"crown_r_m":2.286,"crown_h_m":10.8966,"height_imputed":true,"width_imputed":true,"neighborhood":"Squirrel Hill South","tree_id":"t01806"},"geometry":{"type":"Point","coordinates":[-79.94169,40.43772]}},{"id":"1807","type":"Feature","properties":{"common_name":"Oak: Pin","condition":"Fair","height":16.764,"width":4.572,"crown_r_m":2.286,"crown_h_m":10.8966,"height_imputed":true,"width_imputed":true,"neighborhood":"Squirrel Hill South","tree_id":"t01807"},"geometry":{"type":"Point","coordinates":[-79.94174,40.43771]}},{"id":"1808","type":"Feature","properties":{"common_name":"Oak: Pin","condition":"Fair","height":16.764,"width":4.572,"crown_r_m":2.286,"crown_h_m":10.8966,"height_imputed":true,"width_imputed":true,"neighborhood":"Squirrel Hill South","tree_id":"t01808"},"geometry":{"type":"Point","coordinates":[-79.94188,40.43772]}},{"id":"1809","type":"Feature","properties":{"common_name":"Oak: Pin","condition":"Fair","height":16.764,"width":4.572,"crown_r_m":2.286,"crown_h_m":10.8966,"height_imputed":true,"width_imputed":true,"neighborhood":"Squirrel Hill South","tree_id":"t01809"},"geometry":{"type":"Point","coordinates":[-79.94194,40.43765]}},{"id":"1810","type":"Feature","properties":{"common_name":"Oak: Pin","condition":"Fair","height":16.764,"width":4.572,"crown_r_m":2.286,"crown_h_m":10.8966,"height_imputed":true,"width_imputed":true,"neighborhood":"Squirrel Hill South","tree_id":"t01810"},"geometry":{"type":"Point","coordinates":[-79.94196,40.43761]}},{"id":"1811","type":"Feature","properties":{"common_name":"Oak: White","condition":"Fair","height":7.62,"width":2.1336,"crown_r_m":1.0668,"crown_h_m":4.953,"height_imputed":true,"width_imputed":true,"neighborhood":"Squirrel Hill South","tree_id":"t01811"},"geometry":{"type":"Point","coordinates":[-79.94198,40.43755]}},{"id":"1812","type":"Feature","properties":{"common_name":"Cherry: Black","condition":"Fair","height":7.62,"width":2.1336,"crown_r_m":1.0668,"crown_h_m":4.953,"height_imputed":true,"width_imputed":true,"neighborhood":"Squirrel Hill South","tree_id":"t01812"},"geometry":{"type":"Point","coordinates":[-79.94211,40.43756]}},{"id":"1813","type":"Feature","properties":{"common_name":"Oak: Pin","condition":"Fair","height":16.764,"width":4.572,"crown_r_m":2.286,"crown_h_m":10.8966,"height_imputed":true,"width_imputed":true,"neighborhood":"Squirrel Hill South","tree_id":"t01813"},"geometry":{"type":"Point","coordinates":[-79.94212,40.43754]}},{"id":"1814","type":"Feature","properties":{"common_name":"Tree-of-Heaven","condition":"Fair","height":11.43,"width":4.4196,"crown_r_m":2.2098,"crown_h_m":7.4295,"height_imputed":true,"width_imputed":true,"neighborhood":"Squirrel Hill South","tree_id":"t01814"},"geometry":{"type":"Point","coordinates":[-79.94213,40.43753]}},{"id":"1815","type":"Feature","properties":{"common_name":"Birch: European White","condition":"Poor","height":7.62,"width":2.1336,"crown_r_m":1.0668,"crown_h_m":4.953,"height_imputed":true,"width_imputed":true,"neighborhood":"Squirrel Hill South","tree_id":"t01815"},"geometry":{"type":"Point","coordinates":[-79.94323,40.437]}},{"id":"1816","type":"Feature","properties":{"common_name":"Locust: Black","condition":"Poor","height":13.716,"width":4.572,"crown_r_m":2.286,"crown_h_m":8.9154,"height_imputed":true,"width_imputed":true,"neighborhood":"Squirrel Hill South","tree_id":"t01816"},"geometry":{"type":"Point","coordinates":[-79.94357,40.43726]}},{"id":"1817","type":"Feature","properties":{"common_name":"Locust: Black","condition":"Poor","height":13.716,"width":4.572,"crown_r_m":2.286,"crown_h_m":8.9154,"height_imputed":true,"width_imputed":true,"neighborhood":"Squirrel Hill South","tree_id":"t01817"},"geometry":{"type":"Point","coordinates":[-79.94346,40.43745]}},{"id":"1818","type":"Feature","properties":{"common_name":"Maple: Sugar","condition":"Poor","height":9.4488,"width":2.4384,"crown_r_m":1.2192,"crown_h_m":6.14172,"height_imputed":true,"width_imputed":true,"neighborhood":"Squirrel Hill South","tree_id":"t01818"},"geometry":{"type":"Point","coordinates":[-79.94318,40.43767]}},{"id":"1819","type":"Feature","properties":{"common_name":"Maple: Sugar","condition":"Fair","height":9.4488,"width":2.4384,"crown_r_m":1.2192,"crown_h_m":6.14172,"height_imputed":true,"width_imputed":true,"neighborhood":"Squirrel Hill South","tree_id":"t01819"},"geometry":{"type":"Point","coordinates":[-79.94309,40.43773]}},{"id":"1820","type":"Feature","properties":{"common_name":"Maple: Norway","condition":"Good","height":9.6012,"width":2.4384,"crown_r_m":1.2192,"crown_h_m":6.24078,"height_imputed":true,"width_imputed":true,"neighborhood":"Squirrel Hill South","tree_id":"t01820"},"geometry":{"type":"Point","coordinates":[-79.94292,40.43734]}},{"id":"1821","type":"Feature","properties":{"common_name":"Oak: White","condition":"Good","height":7.62,"width":2.1336,"crown_r_m":1.0668,"crown_h_m":4.953,"height_imputed":true,"width_imputed":true,"neighborhood":"Squirrel Hill South","tree_id":"t01821"},"geometry":{"type":"Point","coordinates":[-79.94273,40.43761]}},{"id":"1822","type":"Feature","properties":{"common_name":"Honeylocust","condition":"Poor","height":4.572,"width":2.1336,"crown_r_m":1.0668,"crown_h_m":2.9718,"height_imputed":true,"width_imputed":true,"neighborhood":"Squirrel Hill South","tree_id":"t01822"},"geometry":{"type":"Point","coordinates":[-79.94282,40.43814]}},{"id":"1823","type":"Feature","properties":{"common_name":"Maple: Norway","condition":"Poor","height":9.6012,"width":2.4384,"crown_r_m":1.2192,"crown_h_m":6.24078,"height_imputed":true,"width_imputed":true,"neighborhood":"Squirrel Hill South","tree_id":"t01823"},"geometry":{"type":"Point","coordinates":[-79.94237,40.43812]}},{"id":"1824","type":"Feature","properties":{"common_name":"Oak: Pin","condition":"Fair","height":16.764,"width":4.572,"crown_r_m":2.286,"crown_h_m":10.8966,"height_imputed":true,"width_imputed":true,"neighborhood":"Squirrel Hill South","tree_id":"t01824"},"geometry":{"type":"Point","coordinates":[-79.94238,40.43842]}},{"id":"1825","type":"Feature","properties":{"common_name":"Maple: Norway","condition":"Good","height":9.6012,"width":2.4384,"crown_r_m":1.2192,"crown_h_m":6.24078,"height_imputed":true,"width_imputed":true,"neighborhood":"Squirrel Hill South","tree_id":"t01825"},"geometry":{"type":"Point","coordinates":[-79.94172,40.43826]}},{"id":"1826","type":"Feature","properties":{"common_name":"Maple: Norway","condition":"Fair","height":9.6012,"width":2.4384,"crown_r_m":1.2192,"crown_h_m":6.24078,"height_imputed":true,"width_imputed":true,"neighborhood":"Squirrel Hill South","tree_id":"t01826"},"geometry":{"type":"Point","coordinates":[-79.94177,40.43873]}},{"id":"1827","type":"Feature","properties":{"common_name":"London planetree","condition":"Fair","height":15.24,"width":3.6576,"crown_r_m":1.8288,"crown_h_m":9.906,"height_imputed":true,"width_imputed":true,"neighborhood":"North Oakland","tree_id":"t01827"},"geometry":{"type":"Point","coordinates":[-79.95121,40.44242]}},{"id":"1828","type":"Feature","properties":{"common_name":"London planetree","condition":"Fair","height":15.24,"width":3.6576,"crown_r_m":1.8288,"crown_h_m":9.906,"height_imputed":true,"width_imputed":true,"neighborhood":"North Oakland","tree_id":"t01828"},"geometry":{"type":"Point","coordinates":[-79.95123,40.44246]}},{"id":"1829","type":"Feature","properties":{"common_name":"London planetree","condition":"Poor","height":15.24,"width":3.6576,"crown_r_m":1.8288,"crown_h_m":9.906,"height_imputed":true,"width_imputed":true,"neighborhood":"North Oakland","tree_id":"t01829"},"geometry":{"type":"Point","coordinates":[-79.95126,40.4425]}},{"id":"1830","type":"Feature","properties":{"common_name":"Maple: Norway","condition":"Good","height":9.6012,"width":2.4384,"crown_r_m":1.2192,"crown_h_m":6.24078,"height_imputed":true,"width_imputed":true,"neighborhood":"Squirrel Hill South","tree_id":"t01830"},"geometry":{"type":"Point","coordinates":[-79.94172,40.43869]}},{"id":"1831","type":"Feature","properties":{"common_name":"Maple: Norway","condition":"Good","height":9.6012,"width":2.4384,"crown_r_m":1.2192,"crown_h_m":6.24078,"height_imputed":true,"width_imputed":true,"neighborhood":"Squirrel Hill South","tree_id":"t01831"},"geometry":{"type":"Point","coordinates":[-79.94169,40.43874]}},{"id":"1832","type":"Feature","properties":{"common_name":"Maple: Norway","condition":"Poor","height":9.6012,"width":2.4384,"crown_r_m":1.2192,"crown_h_m":6.24078,"height_imputed":true,"width_imputed":true,"neighborhood":"Squirrel Hill South","tree_id":"t01832"},"geometry":{"type":"Point","coordinates":[-79.94164,40.43869]}},{"id":"1833","type":"Feature","properties":{"common_name":"Mulberry: White","condition":"Poor","height":9.144,"width":3.048,"crown_r_m":1.524,"crown_h_m":5.9436,"height_imputed":true,"width_imputed":true,"neighborhood":"Squirrel Hill South","tree_id":"t01833"},"geometry":{"type":"Point","coordinates":[-79.94144,40.4386]}},{"id":"1834","type":"Feature","properties":{"common_name":"Oak: Pin","condition":"Fair","height":16.764,"width":4.572,"crown_r_m":2.286,"crown_h_m":10.8966,"height_imputed":true,"width_imputed":true,"neighborhood":"Squirrel Hill South","tree_id":"t01834"},"geometry":{"type":"Point","coordinates":[-79.94072,40.43802]}},{"id":"1835","type":"Feature","properties":{"common_name":"Oak: Pin","condition":"Poor","height":16.764,"width":4.572,"crown_r_m":2.286,"crown_h_m":10.8966,"height_imputed":true,"width_imputed":true,"neighborhood":"Squirrel Hill South","tree_id":"t01835"},"geometry":{"type":"Point","coordinates":[-79.94065,40.43807]}},{"id":"1836","type":"Feature","properties":{"common_name":"Oak: Pin","condition":"Fair","height":16.764,"width":4.572,"crown_r_m":2.286,"crown_h_m":10.8966,"height_imputed":true,"width_imputed":true,"neighborhood":"Squirrel Hill South","tree_id":"t01836"},"geometry":{"type":"Point","coordinates":[-79.94058,40.43809]}},{"id":"1837","type":"Feature","properties":{"common_name":"Ginkgo","condition":"Fair","height":3.6576,"width":1.524,"crown_r_m":1.0,"crown_h_m":2.37744,"height_imputed":true,"width_imputed":true,"neighborhood":"Squirrel Hill South","tree_id":"t01837"},"geometry":{"type":"Point","coordinates":[-79.94257,40.44039]}},{"id":"1838","type":"Feature","properties":{"common_name":"Ginkgo","condition":"Poor","height":3.6576,"width":1.524,"crown_r_m":1.0,"crown_h_m":2.37744,"height_imputed":true,"width_imputed":true,"neighborhood":"Squirrel Hill South","tree_id":"t01838"},"geometry":{"type":"Point","coordinates":[-79.94264,40.4404]}},{"id":"1839","type":"Feature","properties":{"common_name":"Oak: Swamp White","condition":"Fair","height":3.3528,"width":1.524,"crown_r_m":1.0,"crown_h_m":2.17932,"height_imputed":true,"width_imputed":true,"neighborhood":"Squirrel Hill South","tree_id":"t01839"},"geometry":{"type":"Point","coordinates":[-79.94263,40.44046]}},{"id":"1840","type":"Feature","properties":{"common_name":"Ginkgo","condition":"Fair","height":3.6576,"width":1.524,"crown_r_m":1.0,"crown_h_m":2.37744,"height_imputed":true,"width_imputed":true,"neighborhood":"Squirrel Hill South","tree_id":"t01840"},"geometry":{"type":"Point","coordinates":[-79.94269,40.44044]}},{"id":"1841","type":"Feature","properties":{"common_name":"Oak: Bur","condition":"Poor","height":7.62,"width":2.1336,"crown_r_m":1.0668,"crown_h_m":4.953,"height_imputed":true,"width_imputed":true,"neighborhood":"Squirrel Hill South","tree_id":"t01841"},"geometry":{"type":"Point","coordinates":[-79.94268,40.44049]}},{"id":"1842","type":"Feature","properties":{"common_name":"Oak: Bur","condition":"Fair","height":7.62,"width":2.1336,"crown_r_m":1.0668,"crown_h_m":4.953,"height_imputed":true,"width_imputed":true,"neighborhood":"Squirrel Hill South","tree_id":"t01842"},"geometry":{"type":"Point","coordinates":[-79.94274,40.44046]}},{"id":"1843","type":"Feature","properties":{"common_name":"Ginkgo","condition":"Fair","height":3.6576,"width":1.524,"crown_r_m":1.0,"crown_h_m":2.37744,"height_imputed":true,"width_imputed":true,"neighborhood":"Squirrel Hill South","tree_id":"t01843"},"geometry":{"type":"Point","coordinates":[-79.94296,40.44046]}},{"id":"1844","type":"Feature","properties":{"common_name":"Oak: Bur","condition":"Fair","height":7.62,"width":2.1336,"crown_r_m":1.0668,"crown_h_m":4.953,"height_imputed":true,"width_imputed":true,"neighborhood":"Squirrel Hill South","tree_id":"t01844"},"geometry":{"type":"Point","coordinates":[-79.94286,40.44036]}},{"id":"1845","type":"Feature","properties":{"common_name":"Locust: Black","condition":"Poor","height":13.716,"width":4.572,"crown_r_m":2.286,"crown_h_m":8.9154,"height_imputed":true,"width_imputed":true,"neighborhood":"Squirrel Hill South","tree_id":"t01845"},"geometry":{"type":"Point","coordinates":[-79.9429,40.44028]}},{"id":"1846","type":"Feature","properties":{"common_name":"Elm: American","condition":"Fair","height":4.572,"width":1.8288,"crown_r_m":1.0,"crown_h_m":2.9718,"height_imputed":true,"width_imputed":true,"neighborhood":"Squirrel Hill South","tree_id":"t01846"},"geometry":{"type":"Point","coordinates":[-79.94303,40.44025]}},{"id":"1847","type":"Feature","properties":{"common_name":"Oak: Pin","condition":"Poor","height":16.764,"width":4.572,"crown_r_m":2.286,"crown_h_m":10.8966,"height_imputed":true,"width_imputed":true,"neighborhood":"Squirrel Hill South","tree_id":"t01847"},"geometry":{"type":"Point","coordinates":[-79.94312,40.44019]}},{"id":"1848","type":"Feature","properties":{"common_name":"Oak: Bur","condition":"Fair","height":7.62,"width":2.1336,"crown_r_m":1.0668,"crown_h_m":4.953,"height_imputed":true,"width_imputed":true,"neighborhood":"Squirrel Hill South","tree_id":"t01848"},"geometry":{"type":"Point","coordinates":[-79.94301,40.44034]}},{"id":"1849","type":"Feature","properties":{"common_name":"Coffeetree: Kentucky","condition":"Fair","height":7.62,"width":2.1336,"crown_r_m":1.0668,"crown_h_m":4.953,"height_imputed":true,"width_imputed":true,"neighborhood":"Squirrel Hill South","tree_id":"t01849"},"geometry":{"type":"Point","coordinates":[-79.94246,40.44041]}},{"id":"1850","type":"Feature","properties":{"common_name":"Coffeetree: Kentucky","condition":"Fair","height":7.62,"width":2.1336,"crown_r_m":1.0668,"crown_h_m":4.953,"height_imputed":true,"width_imputed":true,"neighborhood":"Squirrel Hill South","tree_id":"t01850"},"geometry":{"type":"Point","coordinates":[-79.94253,40.44048]}},{"id":"1851","type":"Feature","properties":{"common_name":"Oak: Northern Red","condition":"Poor","height":15.24,"width":3.6576,"crown_r_m":1.8288,"crown_h_m":9.906,"height_imputed":true,"width_imputed":true,"neighborhood":"Squirrel Hill South","tree_id":"t01851"},"geometry":{"type":"Point","coordinates":[-79.94299,40.4404]}},{"id":"1852","type":"Feature","properties":{"common_name":"Oak: Pin","condition":"Poor","height":16.764,"width":4.572,"crown_r_m":2.286,"crown_h_m":10.8966,"height_imputed":true,"width_imputed":true,"neighborhood":"Squirrel Hill South","tree_id":"t01852"},"geometry":{"type":"Point","coordinates":[-79.9431,40.44039]}},{"id":"1853","type":"Feature","properties":{"common_name":"Ginkgo","condition":"Poor","height":3.6576,"width":1.524,"crown_r_m":1.0,"crown_h_m":2.37744,"height_imputed":true,"width_imputed":true,"neighborhood":"Squirrel Hill South","tree_id":"t01853"},"geometry":{"type":"Point","coordinates":[-79.94309,40.44052]}},{"id":"1854","type":"Feature","properties":{"common_name":"Oak: Northern Red","condition":"Fair","height":15.24,"width":3.6576,"crown_r_m":1.8288,"crown_h_m":9.906,"height_imputed":true,"width_imputed":true,"neighborhood":"Squirrel Hill South","tree_id":"t01854"},"geometry":{"type":"Point","coordinates":[-79.9432,40.44053]}},{"id":"1855","type":"Feature","properties":{"common_name":"Ginkgo","condition":"Poor","height":3.6576,"width":1.524,"crown_r_m":1.0,"crown_h_m":2.37744,"height_imputed":true,"width_imputed":true,"neighborhood":"Squirrel Hill South","tree_id":"t01855"},"geometry":{"type":"Point","coordinates":[-79.94325,40.44051]}},{"id":"1856","type":"Feature","properties":{"common_name":"Oak: Bur","condition":"Poor","height":7.62,"width":2.1336,"crown_r_m":1.0668,"crown_h_m":4.953,"height_imputed":true,"width_imputed":true,"neighborhood":"Squirrel Hill South","tree_id":"t01856"},"geometry":{"type":"Point","coordinates":[-79.94331,40.44056]}},{"id":"1857","type":"Feature","properties":{"common_name":"Oak: Pin","condition":"Fair","height":16.764,"width":4.572,"crown_r_m":2.286,"crown_h_m":10.8966,"height_imputed":true,"width_imputed":true,"neighborhood":"Squirrel Hill South","tree_id":"t01857"},"geometry":{"type":"Point","coordinates":[-79.94331,40.4405]}},{"id":"1858","type":"Feature","properties":{"common_name":"Oak: Bur","condition":"Fair","height":7.62,"width":2.1336,"crown_r_m":1.0668,"crown_h_m":4.953,"height_imputed":true,"width_imputed":true,"neighborhood":"Squirrel Hill South","tree_id":"t01858"},"geometry":{"type":"Point","coordinates":[-79.94338,40.44051]}},{"id":"1859","type":"Feature","properties":{"common_name":"Oak: Bur","condition":"Good","height":7.62,"width":2.1336,"crown_r_m":1.0668,"crown_h_m":4.953,"height_imputed":true,"width_imputed":true,"neighborhood":"Squirrel Hill South","tree_id":"t01859"},"geometry":{"type":"Point","coordinates":[-79.94353,40.44042]}},{"id":"1860","type":"Feature","properties":{"common_name":"Oak: Bur","condition":"Fair","height":7.62,"width":2.1336,"crown_r_m":1.0668,"crown_h_m":4.953,"height_imputed":true,"width_imputed":true,"neighborhood":"Squirrel Hill South","tree_id":"t01860"},"geometry":{"type":"Point","coordinates":[-79.94357,40.44036]}},{"id":"1861","type":"Feature","properties":{"common_name":"Oak: Bur","condition":"Fair","height":7.62,"width":2.1336,"crown_r_m":1.0668,"crown_h_m":4.953,"height_imputed":true,"width_imputed":true,"neighborhood":"Squirrel Hill South","tree_id":"t01861"},"geometry":{"type":"Point","coordinates":[-79.9436,40.44044]}},{"id":"1862","type":"Feature","properties":{"common_name":"Oak: Pin","condition":"Good","height":16.764,"width":4.572,"crown_r_m":2.286,"crown_h_m":10.8966,"height_imputed":true,"width_imputed":true,"neighborhood":"Squirrel Hill South","tree_id":"t01862"},"geometry":{"type":"Point","coordinates":[-79.94372,40.44039]}},{"id":"1863","type":"Feature","properties":{"common_name":"Linden: Littleleaf","condition":"Poor","height":10.668,"width":2.7432,"crown_r_m":1.3716,"crown_h_m":6.9342,"height_imputed":true,"width_imputed":true,"neighborhood":"Squirrel Hill South","tree_id":"t01863"},"geometry":{"type":"Point","coordinates":[-79.94388,40.44027]}},{"id":"1864","type":"Feature","properties":{"common_name":"Linden: Littleleaf","condition":"Good","height":10.668,"width":2.7432,"crown_r_m":1.3716,"crown_h_m":6.9342,"height_imputed":true,"width_imputed":true,"neighborhood":"Squirrel Hill South","tree_id":"t01864"},"geometry":{"type":"Point","coordinates":[-79.94387,40.44021]}},{"id":"1865","type":"Feature","properties":{"common_name":"Oak: White","condition":"Good","height":7.62,"width":2.1336,"crown_r_m":1.0668,"crown_h_m":4.953,"height_imputed":true,"width_imputed":true,"neighborhood":"Squirrel Hill South","tree_id":"t01865"},"geometry":{"type":"Point","coordinates":[-79.94391,40.44018]}},{"id":"1866","type":"Feature","properties":{"common_name":"Oak: Bur","condition":"Good","height":7.62,"width":2.1336,"crown_r_m":1.0668,"crown_h_m":4.953,"height_imputed":true,"width_imputed":true,"neighborhood":"Squirrel Hill South","tree_id":"t01866"},"geometry":{"type":"Point","coordinates":[-79.94398,40.44021]}},{"id":"1867","type":"Feature","properties":{"common_name":"Oak: Bur","condition":"Good","height":7.62,"width":2.1336,"crown_r_m":1.0668,"crown_h_m":4.953,"height_imputed":true,"width_imputed":true,"neighborhood":"Squirrel Hill South","tree_id":"t01867"},"geometry":{"type":"Point","coordinates":[-79.94405,40.44023]}},{"id":"1868","type":"Feature","properties":{"common_name":"Oak: Bur","condition":"Good","height":7.62,"width":2.1336,"crown_r_m":1.0668,"crown_h_m":4.953,"height_imputed":true,"width_imputed":true,"neighborhood":"Squirrel Hill South","tree_id":"t01868"},"geometry":{"type":"Point","coordinates":[-79.94412,40.4402]}},{"id":"1869","type":"Feature","properties":{"common_name":"Ash: Green","condition":"Poor","height":5.334,"width":2.286,"crown_r_m":1.143,"crown_h_m":3.4671,"height_imputed":true,"width_imputed":true,"neighborhood":"Squirrel Hill South","tree_id":"t01869"},"geometry":{"type":"Point","coordinates":[-79.94392,40.44015]}},{"id":"1870","type":"Feature","properties":{"common_name":"Linden: Silver","condition":"Fair","height":3.6576,"width":1.524,"crown_r_m":1.0,"crown_h_m":2.37744,"height_imputed":true,"width_imputed":true,"neighborhood":"Squirrel Hill South","tree_id":"t01870"},"geometry":{"type":"Point","coordinates":[-79.94362,40.44054]}},{"id":"1871","type":"Feature","properties":{"common_name":"Osage-orange","condition":"Fair","height":7.62,"width":2.1336,"crown_r_m":1.0668,"crown_h_m":4.953,"height_imputed":true,"width_imputed":true,"neighborhood":"Squirrel Hill South","tree_id":"t01871"},"geometry":{"type":"Point","coordinates":[-79.94371,40.44033]}},{"id":"1872","type":"Feature","properties":{"common_name":"Linden: Silver","condition":"Good","height":3.6576,"width":1.524,"crown_r_m":1.0,"crown_h_m":2.37744,"height_imputed":true,"width_imputed":true,"neighborhood":"Squirrel Hill South","tree_id":"t01872"},"geometry":{"type":"Point","coordinates":[-79.94374,40.4406]}},{"id":"1873","type":"Feature","properties":{"common_name":"Oak: Bur","condition":"Good","height":7.62,"width":2.1336,"crown_r_m":1.0668,"crown_h_m":4.953,"height_imputed":true,"width_imputed":true,"neighborhood":"Squirrel Hill South","tree_id":"t01873"},"geometry":{"type":"Point","coordinates":[-79.94384,40.44061]}},{"id":"1874","type":"Feature","properties":{"common_name":"Ash: Green","condition":"Poor","height":5.334,"width":2.286,"crown_r_m":1.143,"crown_h_m":3.4671,"height_imputed":true,"width_imputed":true,"neighborhood":"Squirrel Hill South","tree_id":"t01874"},"geometry":{"type":"Point","coordinates":[-79.94385,40.44055]}},{"id":"1875","type":"Feature","properties":{"common_name":"Honeylocust","condition":"Poor","height":4.572,"width":2.1336,"crown_r_m":1.0668,"crown_h_m":2.9718,"height_imputed":true,"width_imputed":true,"neighborhood":"Squirrel Hill South","tree_id":"t01875"},"geometry":{"type":"Point","coordinates":[-79.9439,40.44058]}},{"id":"1876","type":"Feature","properties":{"common_name":"Honeylocust","condition":"Poor","height":4.572,"width":2.1336,"crown_r_m":1.0668,"crown_h_m":2.9718,"height_imputed":true,"width_imputed":true,"neighborhood":"Squirrel Hill South","tree_id":"t01876"},"geometry":{"type":"Point","coordinates":[-79.94397,40.44054]}},{"id":"1877","type":"Feature","properties":{"common_name":"Honeylocust","condition":"Poor","height":4.572,"width":2.1336,"crown_r_m":1.0668,"crown_h_m":2.9718,"height_imputed":true,"width_imputed":true,"neighborhood":"Squirrel Hill South","tree_id":"t01877"},"geometry":{"type":"Point","coordinates":[-79.94407,40.44058]}},{"id":"1878","type":"Feature","properties":{"common_name":"Honeylocust","condition":"Poor","height":4.572,"width":2.1336,"crown_r_m":1.0668,"crown_h_m":2.9718,"height_imputed":true,"width_imputed":true,"neighborhood":"Squirrel Hill South","tree_id":"t01878"},"geometry":{"type":"Point","coordinates":[-79.94412,40.44055]}},{"id":"1879","type":"Feature","properties":{"common_name":"Ash: White","condition":"Fair","height":7.62,"width":2.1336,"crown_r_m":1.0668,"crown_h_m":4.953,"height_imputed":true,"width_imputed":true,"neighborhood":"Squirrel Hill South","tree_id":"t01879"},"geometry":{"type":"Point","coordinates":[-79.94411,40.44037]}},{"id":"1880","type":"Feature","properties":{"common_name":"Osage-orange","condition":"Good","height":7.62,"width":2.1336,"crown_r_m":1.0668,"crown_h_m":4.953,"height_imputed":true,"width_imputed":true,"neighborhood":"Squirrel Hill South","tree_id":"t01880"},"geometry":{"type":"Point","coordinates":[-79.94379,40.44058]}},{"id":"1881","type":"Feature","properties":{"common_name":"Arborvitae: Eastern","condition":"Good","height":2.1336,"width":0.6096,"crown_r_m":1.0,"crown_h_m":1.5,"height_imputed":true,"width_imputed":true,"neighborhood":"Squirrel Hill South","tree_id":"t01881"},"geometry":{"type":"Point","coordinates":[-79.94634,40.4394]}},{"id":"1882","type":"Feature","properties":{"common_name":"Arborvitae: Eastern","condition":"Good","height":2.1336,"width":0.6096,"crown_r_m":1.0,"crown_h_m":1.5,"height_imputed":true,"width_imputed":true,"neighborhood":"Squirrel Hill South","tree_id":"t01882"},"geometry":{"type":"Point","coordinates":[-79.94635,40.43936]}},{"id":"1883","type":"Feature","properties":{"common_name":"Arborvitae: Eastern","condition":"Good","height":2.1336,"width":0.6096,"crown_r_m":1.0,"crown_h_m":1.5,"height_imputed":true,"width_imputed":true,"neighborhood":"Squirrel Hill South","tree_id":"t01883"},"geometry":{"type":"Point","coordinates":[-79.94633,40.43934]}},{"id":"1884","type":"Feature","properties":{"common_name":"Arborvitae: Eastern","condition":"Good","height":2.1336,"width":0.6096,"crown_r_m":1.0,"crown_h_m":1.5,"height_imputed":true,"width_imputed":true,"neighborhood":"Squirrel Hill South","tree_id":"t01884"},"geometry":{"type":"Point","coordinates":[-79.9463,40.43933]}},{"id":"1885","type":"Feature","properties":{"common_name":"Arborvitae: Eastern","condition":"Fair","height":2.1336,"width":0.6096,"crown_r_m":1.0,"crown_h_m":1.5,"height_imputed":true,"width_imputed":true,"neighborhood":"Squirrel Hill South","tree_id":"t01885"},"geometry":{"type":"Point","coordinates":[-79.94627,40.43932]}},{"id":"1886","type":"Feature","properties":{"common_name":"Arborvitae: Eastern","condition":"Good","height":2.1336,"width":0.6096,"crown_r_m":1.0,"crown_h_m":1.5,"height_imputed":true,"width_imputed":true,"neighborhood":"Squirrel Hill South","tree_id":"t01886"},"geometry":{"type":"Point","coordinates":[-79.94622,40.43929]}},{"id":"1887","type":"Feature","properties":{"common_name":"Arborvitae: Eastern","condition":"Good","height":2.1336,"width":0.6096,"crown_r_m":1.0,"crown_h_m":1.5,"height_imputed":true,"width_imputed":true,"neighborhood":"Squirrel Hill South","tree_id":"t01887"},"geometry":{"type":"Point","coordinates":[-79.94618,40.43927]}},{"id":"1888","type":"Feature","properties":{"common_name":"Arborvitae: Eastern","condition":"Fair","height":2.1336,"width":0.6096,"crown_r_m":1.0,"crown_h_m":1.5,"height_imputed":true,"width_imputed":true,"neighborhood":"Squirrel Hill South","tree_id":"t01888"},"geometry":{"type":"Point","coordinates":[-79.94615,40.43927]}},{"id":"1889","type":"Feature","properties":{"common_name":"Arborvitae: Eastern","condition":"Fair","height":2.1336,"width":0.6096,"crown_r_m":1.0,"crown_h_m":1.5,"height_imputed":true,"width_imputed":true,"neighborhood":"Squirrel Hill South","tree_id":"t01889"},"geometry":{"type":"Point","coordinates":[-79.94612,40.43926]}},{"id":"1890","type":"Feature","properties":{"common_name":"Arborvitae: Eastern","condition":"Good","height":2.1336,"width":0.6096,"crown_r_m":1.0,"crown_h_m":1.5,"height_imputed":true,"width_imputed":true,"neighborhood":"Squirrel Hill South","tree_id":"t01890"},"geometry":{"type":"Point","coordinates":[-79.94609,40.43925]}},{"id":"1891","type":"Feature","properties":{"common_name":"Arborvitae: Eastern","condition":"Good","height":2.1336,"width":0.6096,"crown_r_m":1.0,"crown_h_m":1.5,"height_imputed":true,"width_imputed":true,"neighborhood":"Squirrel Hill South","tree_id":"t01891"},"geometry":{"type":"Point","coordinates":[-79.94607,40.43919]}},{"id":"1892","type":"Feature","properties":{"common_name":"Arborvitae: Eastern","condition":"Fair","height":2.1336,"width":0.6096,"crown_r_m":1.0,"crown_h_m":1.5,"height_imputed":true,"width_imputed":true,"neighborhood":"Squirrel Hill South","tree_id":"t01892"},"geometry":{"type":"Point","coordinates":[-79.94605,40.43917]}},{"id":"1893","type":"Feature","properties":{"common_name":"Arborvitae: Eastern","condition":"Poor","height":2.1336,"width":0.6096,"crown_r_m":1.0,"crown_h_m":1.5,"height_imputed":true,"width_imputed":true,"neighborhood":"Squirrel Hill South","tree_id":"t01893"},"geometry":{"type":"Point","coordinates":[-79.94603,40.43915]}},{"id":"1894","type":"Feature","properties":{"common_name":"Arborvitae: Eastern","condition":"Fair","height":2.1336,"width":0.6096,"crown_r_m":1.0,"crown_h_m":1.5,"height_imputed":true,"width_imputed":true,"neighborhood":"Squirrel Hill South","tree_id":"t01894"},"geometry":{"type":"Point","coordinates":[-79.94602,40.43912]}},{"id":"1895","type":"Feature","properties":{"common_name":"Arborvitae: Eastern","condition":"Good","height":2.1336,"width":0.6096,"crown_r_m":1.0,"crown_h_m":1.5,"height_imputed":true,"width_imputed":true,"neighborhood":"Squirrel Hill South","tree_id":"t01895"},"geometry":{"type":"Point","coordinates":[-79.94602,40.43907]}},{"id":"1896","type":"Feature","properties":{"common_name":"Arborvitae: Eastern","condition":"Good","height":2.1336,"width":0.6096,"crown_r_m":1.0,"crown_h_m":1.5,"height_imputed":true,"width_imputed":true,"neighborhood":"Squirrel Hill South","tree_id":"t01896"},"geometry":{"type":"Point","coordinates":[-79.94606,40.43904]}},{"id":"1897","type":"Feature","properties":{"common_name":"Arborvitae: Eastern","condition":"Fair","height":2.1336,"width":0.6096,"crown_r_m":1.0,"crown_h_m":1.5,"height_imputed":true,"width_imputed":true,"neighborhood":"Squirrel Hill South","tree_id":"t01897"},"geometry":{"type":"Point","coordinates":[-79.94609,40.43902]}},{"id":"1898","type":"Feature","properties":{"common_name":"Arborvitae: Eastern","condition":"Good","height":2.1336,"width":0.6096,"crown_r_m":1.0,"crown_h_m":1.5,"height_imputed":true,"width_imputed":true,"neighborhood":"Central Oakland","tree_id":"t01898"},"geometry":{"type":"Point","coordinates":[-79.95154,40.44173]}},{"id":"1899","type":"Feature","properties":{"common_name":"Arborvitae: Eastern","condition":"Good","height":2.1336,"width":0.6096,"crown_r_m":1.0,"crown_h_m":1.5,"height_imputed":true,"width_imputed":true,"neighborhood":"Central Oakland","tree_id":"t01899"},"geometry":{"type":"Point","coordinates":[-79.95142,40.44188]}},{"id":"1900","type":"Feature","properties":{"common_name":"Arborvitae: Eastern","condition":"Fair","height":2.1336,"width":0.6096,"crown_r_m":1.0,"crown_h_m":1.5,"height_imputed":true,"width_imputed":true,"neighborhood":"Squirrel Hill South","tree_id":"t01900"},"geometry":{"type":"Point","coordinates":[-79.94212,40.43839]}},{"id":"1901","type":"Feature","properties":{"common_name":"Arborvitae: Eastern","condition":"Fair","height":2.1336,"width":0.6096,"crown_r_m":1.0,"crown_h_m":1.5,"height_imputed":true,"width_imputed":true,"neighborhood":"Squirrel Hill South","tree_id":"t01901"},"geometry":{"type":"Point","coordinates":[-79.9421,40.4384]}},{"id":"1902","type":"Feature","properties":{"common_name":"Arborvitae: Eastern","condition":"Poor","height":2.1336,"width":0.6096,"crown_r_m":1.0,"crown_h_m":1.5,"height_imputed":true,"width_imputed":true,"neighborhood":"Squirrel Hill South","tree_id":"t01902"},"geometry":{"type":"Point","coordinates":[-79.94207,40.43841]}},{"id":"1903","type":"Feature","properties":{"common_name":"Arborvitae: Eastern","condition":"Poor","height":2.1336,"width":0.6096,"crown_r_m":1.0,"crown_h_m":1.5,"height_imputed":true,"width_imputed":true,"neighborhood":"Squirrel Hill South","tree_id":"t01903"},"geometry":{"type":"Point","coordinates":[-79.94204,40.43841]}},{"id":"1904","type":"Feature","properties":{"common_name":"Arborvitae: Eastern","condition":"Fair","height":2.1336,"width":0.6096,"crown_r_m":1.0,"crown_h_m":1.5,"height_imputed":true,"width_imputed":true,"neighborhood":"Squirrel Hill South","tree_id":"t01904"},"geometry":{"type":"Point","coordinates":[-79.94202,40.43841]}},{"id":"1905","type":"Feature","properties":{"common_name":"Arborvitae: Eastern","condition":"Good","height":2.1336,"width":0.6096,"crown_r_m":1.0,"crown_h_m":1.5,"height_imputed":true,"width_imputed":true,"neighborhood":"Squirrel Hill South","tree_id":"t01905"},"geometry":{"type":"Point","coordinates":[-79.94198,40.4384]}},{"id":"1906","type":"Feature","properties":{"common_name":"Arborvitae: Eastern","condition":"Good","height":2.1336,"width":0.6096,"crown_r_m":1.0,"crown_h_m":1.5,"height_imputed":true,"width_imputed":true,"neighborhood":"Squirrel Hill South","tree_id":"t01906"},"geometry":{"type":"Point","coordinates":[-79.94196,40.43839]}},{"id":"1907","type":"Feature","properties":{"common_name":"Arborvitae: Eastern","condition":"Good","height":2.1336,"width":0.6096,"crown_r_m":1.0,"crown_h_m":1.5,"height_imputed":true,"width_imputed":true,"neighborhood":"Squirrel Hill South","tree_id":"t01907"},"geometry":{"type":"Point","coordinates":[-79.94194,40.43837]}},{"id":"1908","type":"Feature","properties":{"common_name":"Arborvitae: Eastern","condition":"Good","height":2.1336,"width":0.6096,"crown_r_m":1.0,"crown_h_m":1.5,"height_imputed":true,"width_imputed":true,"neighborhood":"Squirrel Hill South","tree_id":"t01908"},"geometry":{"type":"Point","coordinates":[-79.94193,40.43836]}},{"id":"1909","type":"Feature","properties":{"common_name":"Arborvitae: Eastern","condition":"Good","height":2.1336,"width":0.6096,"crown_r_m":1.0,"crown_h_m":1.5,"height_imputed":true,"width_imputed":true,"neighborhood":"Squirrel Hill South","tree_id":"t01909"},"geometry":{"type":"Point","coordinates":[-79.9419,40.43835]}},{"id":"1910","type":"Feature","properties":{"common_name":"Arborvitae: Eastern","condition":"Good","height":2.1336,"width":0.6096,"crown_r_m":1.0,"crown_h_m":1.5,"height_imputed":true,"width_imputed":true,"neighborhood":"Squirrel Hill South","tree_id":"t01910"},"geometry":{"type":"Point","coordinates":[-79.94189,40.43834]}},{"id":"1911","type":"Feature","properties":{"common_name":"Arborvitae: Eastern","condition":"Good","height":2.1336,"width":0.6096,"crown_r_m":1.0,"crown_h_m":1.5,"height_imputed":true,"width_imputed":true,"neighborhood":"Squirrel Hill South","tree_id":"t01911"},"geometry":{"type":"Point","coordinates":[-79.94187,40.43832]}},{"id":"1912","type":"Feature","properties":{"common_name":"Arborvitae: Eastern","condition":"Good","height":2.1336,"width":0.6096,"crown_r_m":1.0,"crown_h_m":1.5,"height_imputed":true,"width_imputed":true,"neighborhood":"Squirrel Hill South","tree_id":"t01912"},"geometry":{"type":"Point","coordinates":[-79.94186,40.4383]}},{"id":"1913","type":"Feature","properties":{"common_name":"Arborvitae: Eastern","condition":"Good","height":2.1336,"width":0.6096,"crown_r_m":1.0,"crown_h_m":1.5,"height_imputed":true,"width_imputed":true,"neighborhood":"Squirrel Hill South","tree_id":"t01913"},"geometry":{"type":"Point","coordinates":[-79.94185,40.43829]}},{"id":"1914","type":"Feature","properties":{"common_name":"Arborvitae: Eastern","condition":"Poor","height":2.1336,"width":0.6096,"crown_r_m":1.0,"crown_h_m":1.5,"height_imputed":true,"width_imputed":true,"neighborhood":"Squirrel Hill South","tree_id":"t01914"},"geometry":{"type":"Point","coordinates":[-79.94184,40.43827]}},{"id":"1915","type":"Feature","properties":{"common_name":"Arborvitae: Eastern","condition":"Good","height":2.1336,"width":0.6096,"crown_r_m":1.0,"crown_h_m":1.5,"height_imputed":true,"width_imputed":true,"neighborhood":"Squirrel Hill South","tree_id":"t01915"},"geometry":{"type":"Point","coordinates":[-79.94183,40.43825]}},{"id":"1916","type":"Feature","properties":{"common_name":"London planetree","condition":"Good","height":15.24,"width":3.6576,"crown_r_m":1.8288,"crown_h_m":9.906,"height_imputed":true,"width_imputed":true,"neighborhood":"North Oakland","tree_id":"t01916"},"geometry":{"type":"Point","coordinates":[-79.95314,40.44253]}},{"id":"1917","type":"Feature","properties":{"common_name":"London planetree","condition":"Poor","height":15.24,"width":3.6576,"crown_r_m":1.8288,"crown_h_m":9.906,"height_imputed":true,"width_imputed":true,"neighborhood":"North Oakland","tree_id":"t01917"},"geometry":{"type":"Point","coordinates":[-79.95158,40.44336]}},{"id":"1918","type":"Feature","properties":{"common_name":"London planetree","condition":"Fair","height":15.24,"width":3.6576,"crown_r_m":1.8288,"crown_h_m":9.906,"height_imputed":true,"width_imputed":true,"neighborhood":"North Oakland","tree_id":"t01918"},"geometry":{"type":"Point","coordinates":[-79.95155,40.4433]}},{"id":"1919","type":"Feature","properties":{"common_name":"London planetree","condition":"Fair","height":15.24,"width":3.6576,"crown_r_m":1.8288,"crown_h_m":9.906,"height_imputed":true,"width_imputed":true,"neighborhood":"North Oakland","tree_id":"t01919"},"geometry":{"type":"Point","coordinates":[-79.95153,40.44326]}},{"id":"1920","type":"Feature","properties":{"common_name":"London planetree","condition":"Poor","height":15.24,"width":3.6576,"crown_r_m":1.8288,"crown_h_m":9.906,"height_imputed":true,"width_imputed":true,"neighborhood":"North Oakland","tree_id":"t01920"},"geometry":{"type":"Point","coordinates":[-79.95149,40.44317]}},{"id":"1921","type":"Feature","properties":{"common_name":"London planetree","condition":"Poor","height":15.24,"width":3.6576,"crown_r_m":1.8288,"crown_h_m":9.906,"height_imputed":true,"width_imputed":true,"neighborhood":"Squirrel Hill South","tree_id":"t01921"},"geometry":{"type":"Point","coordinates":[-79.94708,40.44143]}},{"id":"1922","type":"Feature","properties":{"common_name":"London planetree","condition":"Fair","height":15.24,"width":3.6576,"crown_r_m":1.8288,"crown_h_m":9.906,"height_imputed":true,"width_imputed":true,"neighborhood":"Squirrel Hill South","tree_id":"t01922"},"geometry":{"type":"Point","coordinates":[-79.9473,40.44134]}},{"id":"1923","type":"Feature","properties":{"common_name":"London planetree","condition":"Fair","height":15.24,"width":3.6576,"crown_r_m":1.8288,"crown_h_m":9.906,"height_imputed":true,"width_imputed":true,"neighborhood":"Squirrel Hill South","tree_id":"t01923"},"geometry":{"type":"Point","coordinates":[-79.94748,40.44123]}},{"id":"1924","type":"Feature","properties":{"common_name":"London planetree","condition":"Good","height":15.24,"width":3.6576,"crown_r_m":1.8288,"crown_h_m":9.906,"height_imputed":true,"width_imputed":true,"neighborhood":"Squirrel Hill South","tree_id":"t01924"},"geometry":{"type":"Point","coordinates":[-79.94763,40.44109]}},{"id":"1925","type":"Feature","properties":{"common_name":"London planetree","condition":"Fair","height":15.24,"width":3.6576,"crown_r_m":1.8288,"crown_h_m":9.906,"height_imputed":true,"width_imputed":true,"neighborhood":"North Oakland","tree_id":"t01925"},"geometry":{"type":"Point","coordinates":[-79.95148,40.44314]}},{"id":"1926","type":"Feature","properties":{"common_name":"London planetree","condition":"Fair","height":15.24,"width":3.6576,"crown_r_m":1.8288,"crown_h_m":9.906,"height_imputed":true,"width_imputed":true,"neighborhood":"North Oakland","tree_id":"t01926"},"geometry":{"type":"Point","coordinates":[-79.95146,40.44311]}},{"id":"1927","type":"Feature","properties":{"common_name":"London planetree","condition":"Fair","height":15.24,"width":3.6576,"crown_r_m":1.8288,"crown_h_m":9.906,"height_imputed":true,"width_imputed":true,"neighborhood":"North Oakland","tree_id":"t01927"},"geometry":{"type":"Point","coordinates":[-79.95144,40.44307]}},{"id":"1928","type":"Feature","properties":{"common_name":"London planetree","condition":"Poor","height":15.24,"width":3.6576,"crown_r_m":1.8288,"crown_h_m":9.906,"height_imputed":true,"width_imputed":true,"neighborhood":"North Oakland","tree_id":"t01928"},"geometry":{"type":"Point","coordinates":[-79.95142,40.44302]}},{"id":"1929","type":"Feature","properties":{"common_name":"London planetree","condition":"Good","height":15.24,"width":3.6576,"crown_r_m":1.8288,"crown_h_m":9.906,"height_imputed":true,"width_imputed":true,"neighborhood":"North Oakland","tree_id":"t01929"},"geometry":{"type":"Point","coordinates":[-79.95141,40.44299]}},{"id":"1930","type":"Feature","properties":{"common_name":"London planetree","condition":"Good","height":15.24,"width":3.6576,"crown_r_m":1.8288,"crown_h_m":9.906,"height_imputed":true,"width_imputed":true,"neighborhood":"North Oakland","tree_id":"t01930"},"geometry":{"type":"Point","coordinates":[-79.9514,40.44295]}},{"id":"1931","type":"Feature","properties":{"common_name":"London planetree","condition":"Good","height":15.24,"width":3.6576,"crown_r_m":1.8288,"crown_h_m":9.906,"height_imputed":true,"width_imputed":true,"neighborhood":"North Oakland","tree_id":"t01931"},"geometry":{"type":"Point","coordinates":[-79.95317,40.44258]}},{"id":"1932","type":"Feature","properties":{"common_name":"London planetree","condition":"Fair","height":15.24,"width":3.6576,"crown_r_m":1.8288,"crown_h_m":9.906,"height_imputed":true,"width_imputed":true,"neighborhood":"North Oakland","tree_id":"t01932"},"geometry":{"type":"Point","coordinates":[-79.95136,40.44288]}},{"id":"1933","type":"Feature","properties":{"common_name":"London planetree","condition":"Fair","height":15.24,"width":3.6576,"crown_r_m":1.8288,"crown_h_m":9.906,"height_imputed":true,"width_imputed":true,"neighborhood":"North Oakland","tree_id":"t01933"},"geometry":{"type":"Point","coordinates":[-79.95135,40.44283]}},{"id":"1934","type":"Feature","properties":{"common_name":"London planetree","condition":"Fair","height":15.24,"width":3.6576,"crown_r_m":1.8288,"crown_h_m":9.906,"height_imputed":true,"width_imputed":true,"neighborhood":"North Oakland","tree_id":"t01934"},"geometry":{"type":"Point","coordinates":[-79.95133,40.44279]}},{"id":"1935","type":"Feature","properties":{"common_name":"London planetree","condition":"Poor","height":15.24,"width":3.6576,"crown_r_m":1.8288,"crown_h_m":9.906,"height_imputed":true,"width_imputed":true,"neighborhood":"North Oakland","tree_id":"t01935"},"geometry":{"type":"Point","coordinates":[-79.95132,40.44274]}},{"id":"1936","type":"Feature","properties":{"common_name":"London planetree","condition":"Poor","height":15.24,"width":3.6576,"crown_r_m":1.8288,"crown_h_m":9.906,"height_imputed":true,"width_imputed":true,"neighborhood":"North Oakland","tree_id":"t01936"},"geometry":{"type":"Point","coordinates":[-79.9513,40.44271]}},{"id":"1937","type":"Feature","properties":{"common_name":"London planetree","condition":"Fair","height":15.24,"width":3.6576,"crown_r_m":1.8288,"crown_h_m":9.906,"height_imputed":true,"width_imputed":true,"neighborhood":"North Oakland","tree_id":"t01937"},"geometry":{"type":"Point","coordinates":[-79.9532,40.44263]}},{"id":"1938","type":"Feature","properties":{"common_name":"London planetree","condition":"Good","height":15.24,"width":3.6576,"crown_r_m":1.8288,"crown_h_m":9.906,"height_imputed":true,"width_imputed":true,"neighborhood":"North Oakland","tree_id":"t01938"},"geometry":{"type":"Point","coordinates":[-79.9518,40.44328]}},{"id":"1939","type":"Feature","properties":{"common_name":"London planetree","condition":"Good","height":15.24,"width":3.6576,"crown_r_m":1.8288,"crown_h_m":9.906,"height_imputed":true,"width_imputed":true,"neighborhood":"North Oakland","tree_id":"t01939"},"geometry":{"type":"Point","coordinates":[-79.95178,40.44325]}},{"id":"1940","type":"Feature","properties":{"common_name":"London planetree","condition":"Poor","height":15.24,"width":3.6576,"crown_r_m":1.8288,"crown_h_m":9.906,"height_imputed":true,"width_imputed":true,"neighborhood":"Squirrel Hill South","tree_id":"t01940"},"geometry":{"type":"Point","coordinates":[-79.94416,40.43975]}},{"id":"1941","type":"Feature","properties":{"common_name":"London planetree","condition":"Poor","height":15.24,"width":3.6576,"crown_r_m":1.8288,"crown_h_m":9.906,"height_imputed":true,"width_imputed":true,"neighborhood":"Squirrel Hill South","tree_id":"t01941"},"geometry":{"type":"Point","coordinates":[-79.94381,40.4401]}},{"id":"1942","type":"Feature","properties":{"common_name":"London planetree","condition":"Good","height":15.24,"width":3.6576,"crown_r_m":1.8288,"crown_h_m":9.906,"height_imputed":true,"width_imputed":true,"neighborhood":"North Oakland","tree_id":"t01942"},"geometry":{"type":"Point","coordinates":[-79.95176,40.4432]}},{"id":"1943","type":"Feature","properties":{"common_name":"London planetree","condition":"Good","height":15.24,"width":3.6576,"crown_r_m":1.8288,"crown_h_m":9.906,"height_imputed":true,"width_imputed":true,"neighborhood":"North Oakland","tree_id":"t01943"},"geometry":{"type":"Point","coordinates":[-79.95174,40.44315]}},{"id":"1944","type":"Feature","properties":{"common_name":"London planetree","condition":"Good","height":15.24,"width":3.6576,"crown_r_m":1.8288,"crown_h_m":9.906,"height_imputed":true,"width_imputed":true,"neighborhood":"North Oakland","tree_id":"t01944"},"geometry":{"type":"Point","coordinates":[-79.95172,40.44311]}},{"id":"1945","type":"Feature","properties":{"common_name":"London planetree","condition":"Poor","height":15.24,"width":3.6576,"crown_r_m":1.8288,"crown_h_m":9.906,"height_imputed":true,"width_imputed":true,"neighborhood":"North Oakland","tree_id":"t01945"},"geometry":{"type":"Point","coordinates":[-79.95169,40.44306]}},{"id":"1946","type":"Feature","properties":{"common_name":"London planetree","condition":"Fair","height":15.24,"width":3.6576,"crown_r_m":1.8288,"crown_h_m":9.906,"height_imputed":true,"width_imputed":true,"neighborhood":"North Oakland","tree_id":"t01946"},"geometry":{"type":"Point","coordinates":[-79.95167,40.44301]}},{"id":"1947","type":"Feature","properties":{"common_name":"London planetree","condition":"Fair","height":15.24,"width":3.6576,"crown_r_m":1.8288,"crown_h_m":9.906,"height_imputed":true,"width_imputed":true,"neighborhood":"North Oakland","tree_id":"t01947"},"geometry":{"type":"Point","coordinates":[-79.95165,40.44297]}},{"id":"1948","type":"Feature","properties":{"common_name":"London planetree","condition":"Good","height":15.24,"width":3.6576,"crown_r_m":1.8288,"crown_h_m":9.906,"height_imputed":true,"width_imputed":true,"neighborhood":"North Oakland","tree_id":"t01948"},"geometry":{"type":"Point","coordinates":[-79.95322,40.44269]}},{"id":"1949","type":"Feature","properties":{"common_name":"London planetree","condition":"Poor","height":15.24,"width":3.6576,"crown_r_m":1.8288,"crown_h_m":9.906,"height_imputed":true,"width_imputed":true,"neighborhood":"North Oakland","tree_id":"t01949"},"geometry":{"type":"Point","coordinates":[-79.95162,40.44293]}},{"id":"1950","type":"Feature","properties":{"common_name":"London planetree","condition":"Fair","height":15.24,"width":3.6576,"crown_r_m":1.8288,"crown_h_m":9.906,"height_imputed":true,"width_imputed":true,"neighborhood":"North Oakland","tree_id":"t01950"},"geometry":{"type":"Point","coordinates":[-79.95161,40.4429]}},{"id":"1951","type":"Feature","properties":{"common_name":"London planetree","condition":"Fair","height":15.24,"width":3.6576,"crown_r_m":1.8288,"crown_h_m":9.906,"height_imputed":true,"width_imputed":true,"neighborhood":"North Oakland","tree_id":"t01951"},"geometry":{"type":"Point","coordinates":[-79.95158,40.44283]}},{"id":"1952","type":"Feature","properties":{"common_name":"London planetree","condition":"Poor","height":15.24,"width":3.6576,"crown_r_m":1.8288,"crown_h_m":9.906,"height_imputed":true,"width_imputed":true,"neighborhood":"North Oakland","tree_id":"t01952"},"geometry":{"type":"Point","coordinates":[-79.95156,40.44278]}},{"id":"1953","type":"Feature","properties":{"common_name":"London planetree","condition":"Good","height":15.24,"width":3.6576,"crown_r_m":1.8288,"crown_h_m":9.906,"height_imputed":true,"width_imputed":true,"neighborhood":"North Oakland","tree_id":"t01953"},"geometry":{"type":"Point","coordinates":[-79.9515,40.44266]}},{"id":"1954","type":"Feature","properties":{"common_name":"London planetree","condition":"Fair","height":15.24,"width":3.6576,"crown_r_m":1.8288,"crown_h_m":9.906,"height_imputed":true,"width_imputed":true,"neighborhood":"North Oakland","tree_id":"t01954"},"geometry":{"type":"Point","coordinates":[-79.95144,40.44254]}},{"id":"1955","type":"Feature","properties":{"common_name":"London planetree","condition":"Fair","height":15.24,"width":3.6576,"crown_r_m":1.8288,"crown_h_m":9.906,"height_imputed":true,"width_imputed":true,"neighborhood":"North Oakland","tree_id":"t01955"},"geometry":{"type":"Point","coordinates":[-79.95143,40.44248]}},{"id":"1956","type":"Feature","properties":{"common_name":"London planetree","condition":"Good","height":15.24,"width":3.6576,"crown_r_m":1.8288,"crown_h_m":9.906,"height_imputed":true,"width_imputed":true,"neighborhood":"North Oakland","tree_id":"t01956"},"geometry":{"type":"Point","coordinates":[-79.95149,40.4425]}},{"id":"1957","type":"Feature","properties":{"common_name":"London planetree","condition":"Good","height":15.24,"width":3.6576,"crown_r_m":1.8288,"crown_h_m":9.906,"height_imputed":true,"width_imputed":true,"neighborhood":"North Oakland","tree_id":"t01957"},"geometry":{"type":"Point","coordinates":[-79.95152,40.44256]}},{"id":"1958","type":"Feature","properties":{"common_name":"London planetree","condition":"Poor","height":15.24,"width":3.6576,"crown_r_m":1.8288,"crown_h_m":9.906,"height_imputed":true,"width_imputed":true,"neighborhood":"North Oakland","tree_id":"t01958"},"geometry":{"type":"Point","coordinates":[-79.95155,40.44261]}},{"id":"1959","type":"Feature","properties":{"common_name":"London planetree","condition":"Good","height":15.24,"width":3.6576,"crown_r_m":1.8288,"crown_h_m":9.906,"height_imputed":true,"width_imputed":true,"neighborhood":"North Oakland","tree_id":"t01959"},"geometry":{"type":"Point","coordinates":[-79.95325,40.44275]}},{"id":"1960","type":"Feature","properties":{"common_name":"London planetree","condition":"Good","height":15.24,"width":3.6576,"crown_r_m":1.8288,"crown_h_m":9.906,"height_imputed":true,"width_imputed":true,"neighborhood":"North Oakland","tree_id":"t01960"},"geometry":{"type":"Point","coordinates":[-79.95157,40.44265]}},{"id":"1961","type":"Feature","properties":{"common_name":"London planetree","condition":"Fair","height":15.24,"width":3.6576,"crown_r_m":1.8288,"crown_h_m":9.906,"height_imputed":true,"width_imputed":true,"neighborhood":"North Oakland","tree_id":"t01961"},"geometry":{"type":"Point","coordinates":[-79.95159,40.44268]}},{"id":"1962","type":"Feature","properties":{"common_name":"London planetree","condition":"Good","height":15.24,"width":3.6576,"crown_r_m":1.8288,"crown_h_m":9.906,"height_imputed":true,"width_imputed":true,"neighborhood":"North Oakland","tree_id":"t01962"},"geometry":{"type":"Point","coordinates":[-79.9516,40.44272]}},{"id":"1963","type":"Feature","properties":{"common_name":"London planetree","condition":"Fair","height":15.24,"width":3.6576,"crown_r_m":1.8288,"crown_h_m":9.906,"height_imputed":true,"width_imputed":true,"neighborhood":"North Oakland","tree_id":"t01963"},"geometry":{"type":"Point","coordinates":[-79.95164,40.44281]}},{"id":"1964","type":"Feature","properties":{"common_name":"London planetree","condition":"Good","height":15.24,"width":3.6576,"crown_r_m":1.8288,"crown_h_m":9.906,"height_imputed":true,"width_imputed":true,"neighborhood":"North Oakland","tree_id":"t01964"},"geometry":{"type":"Point","coordinates":[-79.95168,40.44288]}},{"id":"1965","type":"Feature","properties":{"common_name":"London planetree","condition":"Good","height":15.24,"width":3.6576,"crown_r_m":1.8288,"crown_h_m":9.906,"height_imputed":true,"width_imputed":true,"neighborhood":"North Oakland","tree_id":"t01965"},"geometry":{"type":"Point","coordinates":[-79.95169,40.44292]}},{"id":"1966","type":"Feature","properties":{"common_name":"London planetree","condition":"Good","height":15.24,"width":3.6576,"crown_r_m":1.8288,"crown_h_m":9.906,"height_imputed":true,"width_imputed":true,"neighborhood":"North Oakland","tree_id":"t01966"},"geometry":{"type":"Point","coordinates":[-79.95172,40.44295]}},{"id":"1967","type":"Feature","properties":{"common_name":"London planetree","condition":"Good","height":15.24,"width":3.6576,"crown_r_m":1.8288,"crown_h_m":9.906,"height_imputed":true,"width_imputed":true,"neighborhood":"North Oakland","tree_id":"t01967"},"geometry":{"type":"Point","coordinates":[-79.95173,40.443]}},{"id":"1968","type":"Feature","properties":{"common_name":"London planetree","condition":"Good","height":15.24,"width":3.6576,"crown_r_m":1.8288,"crown_h_m":9.906,"height_imputed":true,"width_imputed":true,"neighborhood":"North Oakland","tree_id":"t01968"},"geometry":{"type":"Point","coordinates":[-79.95176,40.44304]}},{"id":"1969","type":"Feature","properties":{"common_name":"London planetree","condition":"Fair","height":15.24,"width":3.6576,"crown_r_m":1.8288,"crown_h_m":9.906,"height_imputed":true,"width_imputed":true,"neighborhood":"North Oakland","tree_id":"t01969"},"geometry":{"type":"Point","coordinates":[-79.95177,40.44307]}},{"id":"1970","type":"Feature","properties":{"common_name":"London planetree","condition":"Good","height":15.24,"width":3.6576,"crown_r_m":1.8288,"crown_h_m":9.906,"height_imputed":true,"width_imputed":true,"neighborhood":"North Oakland","tree_id":"t01970"},"geometry":{"type":"Point","coordinates":[-79.95328,40.44282]}},{"id":"1971","type":"Feature","properties":{"common_name":"London planetree","condition":"Good","height":15.24,"width":3.6576,"crown_r_m":1.8288,"crown_h_m":9.906,"height_imputed":true,"width_imputed":true,"neighborhood":"North Oakland","tree_id":"t01971"},"geometry":{"type":"Point","coordinates":[-79.95179,40.4431]}},{"id":"1972","type":"Feature","properties":{"common_name":"London planetree","condition":"Good","height":15.24,"width":3.6576,"crown_r_m":1.8288,"crown_h_m":9.906,"height_imputed":true,"width_imputed":true,"neighborhood":"North Oakland","tree_id":"t01972"},"geometry":{"type":"Point","coordinates":[-79.9518,40.44314]}},{"id":"1973","type":"Feature","properties":{"common_name":"London planetree","condition":"Good","height":15.24,"width":3.6576,"crown_r_m":1.8288,"crown_h_m":9.906,"height_imputed":true,"width_imputed":true,"neighborhood":"North Oakland","tree_id":"t01973"},"geometry":{"type":"Point","coordinates":[-79.95184,40.44318]}},{"id":"1974","type":"Feature","properties":{"common_name":"London planetree","condition":"Good","height":15.24,"width":3.6576,"crown_r_m":1.8288,"crown_h_m":9.906,"height_imputed":true,"width_imputed":true,"neighborhood":"North Oakland","tree_id":"t01974"},"geometry":{"type":"Point","coordinates":[-79.95185,40.44322]}},{"id":"1975","type":"Feature","properties":{"common_name":"London planetree","condition":"Good","height":15.24,"width":3.6576,"crown_r_m":1.8288,"crown_h_m":9.906,"height_imputed":true,"width_imputed":true,"neighborhood":"North Oakland","tree_id":"t01975"},"geometry":{"type":"Point","coordinates":[-79.95187,40.44326]}},{"id":"1976","type":"Feature","properties":{"common_name":"London planetree","condition":"Good","height":15.24,"width":3.6576,"crown_r_m":1.8288,"crown_h_m":9.906,"height_imputed":true,"width_imputed":true,"neighborhood":"North Oakland","tree_id":"t01976"},"geometry":{"type":"Point","coordinates":[-79.9533,40.44287]}},{"id":"1977","type":"Feature","properties":{"common_name":"London planetree","condition":"Good","height":15.24,"width":3.6576,"crown_r_m":1.8288,"crown_h_m":9.906,"height_imputed":true,"width_imputed":true,"neighborhood":"North Oakland","tree_id":"t01977"},"geometry":{"type":"Point","coordinates":[-79.95311,40.44294]}},{"id":"1978","type":"Feature","properties":{"common_name":"London planetree","condition":"Good","height":15.24,"width":3.6576,"crown_r_m":1.8288,"crown_h_m":9.906,"height_imputed":true,"width_imputed":true,"neighborhood":"North Oakland","tree_id":"t01978"},"geometry":{"type":"Point","coordinates":[-79.95305,40.44289]}},{"id":"1979","type":"Feature","properties":{"common_name":"London planetree","condition":"Good","height":15.24,"width":3.6576,"crown_r_m":1.8288,"crown_h_m":9.906,"height_imputed":true,"width_imputed":true,"neighborhood":"Central Oakland","tree_id":"t01979"},"geometry":{"type":"Point","coordinates":[-79.95249,40.44097]}},{"id":"1980","type":"Feature","properties":{"common_name":"London planetree","condition":"Good","height":15.24,"width":3.6576,"crown_r_m":1.8288,"crown_h_m":9.906,"height_imputed":true,"width_imputed":true,"neighborhood":"North Oakland","tree_id":"t01980"},"geometry":{"type":"Point","coordinates":[-79.95298,40.44285]}},{"id":"1981","type":"Feature","properties":{"common_name":"London planetree","condition":"Fair","height":15.24,"width":3.6576,"crown_r_m":1.8288,"crown_h_m":9.906,"height_imputed":true,"width_imputed":true,"neighborhood":"Central Oakland","tree_id":"t01981"},"geometry":{"type":"Point","coordinates":[-79.95225,40.44095]}},{"id":"1982","type":"Feature","properties":{"common_name":"London planetree","condition":"Good","height":15.24,"width":3.6576,"crown_r_m":1.8288,"crown_h_m":9.906,"height_imputed":true,"width_imputed":true,"neighborhood":"Central Oakland","tree_id":"t01982"},"geometry":{"type":"Point","coordinates":[-79.9522,40.44102]}},{"id":"1983","type":"Feature","properties":{"common_name":"London planetree","condition":"Fair","height":15.24,"width":3.6576,"crown_r_m":1.8288,"crown_h_m":9.906,"height_imputed":true,"width_imputed":true,"neighborhood":"Central Oakland","tree_id":"t01983"},"geometry":{"type":"Point","coordinates":[-79.95213,40.441]}},{"id":"1984","type":"Feature","properties":{"common_name":"London planetree","condition":"Fair","height":15.24,"width":3.6576,"crown_r_m":1.8288,"crown_h_m":9.906,"height_imputed":true,"width_imputed":true,"neighborhood":"North Oakland","tree_id":"t01984"},"geometry":{"type":"Point","coordinates":[-79.95284,40.44201]}},{"id":"1985","type":"Feature","properties":{"common_name":"London planetree","condition":"Good","height":15.24,"width":3.6576,"crown_r_m":1.8288,"crown_h_m":9.906,"height_imputed":true,"width_imputed":true,"neighborhood":"North Oakland","tree_id":"t01985"},"geometry":{"type":"Point","coordinates":[-79.95293,40.44281]}},{"id":"1986","type":"Feature","properties":{"common_name":"London planetree","condition":"Good","height":15.24,"width":3.6576,"crown_r_m":1.8288,"crown_h_m":9.906,"height_imputed":true,"width_imputed":true,"neighborhood":"Central Oakland","tree_id":"t01986"},"geometry":{"type":"Point","coordinates":[-79.95162,40.44147]}},{"id":"1987","type":"Feature","properties":{"common_name":"London planetree","condition":"Good","height":15.24,"width":3.6576,"crown_r_m":1.8288,"crown_h_m":9.906,"height_imputed":true,"width_imputed":true,"neighborhood":"Central Oakland","tree_id":"t01987"},"geometry":{"type":"Point","coordinates":[-79.95159,40.4416]}},{"id":"1988","type":"Feature","properties":{"common_name":"London planetree","condition":"Fair","height":15.24,"width":3.6576,"crown_r_m":1.8288,"crown_h_m":9.906,"height_imputed":true,"width_imputed":true,"neighborhood":"Central Oakland","tree_id":"t01988"},"geometry":{"type":"Point","coordinates":[-79.95171,40.44167]}},{"id":"1989","type":"Feature","properties":{"common_name":"London planetree","condition":"Fair","height":15.24,"width":3.6576,"crown_r_m":1.8288,"crown_h_m":9.906,"height_imputed":true,"width_imputed":true,"neighborhood":"North Oakland","tree_id":"t01989"},"geometry":{"type":"Point","coordinates":[-79.95285,40.44275]}},{"id":"1990","type":"Feature","properties":{"common_name":"London planetree","condition":"Good","height":15.24,"width":3.6576,"crown_r_m":1.8288,"crown_h_m":9.906,"height_imputed":true,"width_imputed":true,"neighborhood":"Central Oakland","tree_id":"t01990"},"geometry":{"type":"Point","coordinates":[-79.9518,40.44168]}},{"id":"1991","type":"Feature","properties":{"common_name":"London planetree","condition":"Fair","height":15.24,"width":3.6576,"crown_r_m":1.8288,"crown_h_m":9.906,"height_imputed":true,"width_imputed":true,"neighborhood":"Central Oakland","tree_id":"t01991"},"geometry":{"type":"Point","coordinates":[-79.95181,40.44175]}},{"id":"1992","type":"Feature","properties":{"common_name":"London planetree","condition":"Good","height":15.24,"width":3.6576,"crown_r_m":1.8288,"crown_h_m":9.906,"height_imputed":true,"width_imputed":true,"neighborhood":"Central Oakland","tree_id":"t01992"},"geometry":{"type":"Point","coordinates":[-79.9519,40.44173]}},{"id":"1993","type":"Feature","properties":{"common_name":"London planetree","condition":"Good","height":15.24,"width":3.6576,"crown_r_m":1.8288,"crown_h_m":9.906,"height_imputed":true,"width_imputed":true,"neighborhood":"Central Oakland","tree_id":"t01993"},"geometry":{"type":"Point","coordinates":[-79.95213,40.4418]}},{"id":"1994","type":"Feature","properties":{"common_name":"London planetree","condition":"Poor","height":15.24,"width":3.6576,"crown_r_m":1.8288,"crown_h_m":9.906,"height_imputed":true,"width_imputed":true,"neighborhood":"Central Oakland","tree_id":"t01994"},"geometry":{"type":"Point","coordinates":[-79.95216,40.44176]}},{"id":"1995","type":"Feature","properties":{"common_name":"London planetree","condition":"Fair","height":15.24,"width":3.6576,"crown_r_m":1.8288,"crown_h_m":9.906,"height_imputed":true,"width_imputed":true,"neighborhood":"Central Oakland","tree_id":"t01995"},"geometry":{"type":"Point","coordinates":[-79.95216,40.44182]}},{"id":"1996","type":"Feature","properties":{"common_name":"London planetree","condition":"Fair","height":15.24,"width":3.6576,"crown_r_m":1.8288,"crown_h_m":9.906,"height_imputed":true,"width_imputed":true,"neighborhood":"Central Oakland","tree_id":"t01996"},"geometry":{"type":"Point","coordinates":[-79.9522,40.44182]}},{"id":"1997","type":"Feature","properties":{"common_name":"London planetree","condition":"Good","height":15.24,"width":3.6576,"crown_r_m":1.8288,"crown_h_m":9.906,"height_imputed":true,"width_imputed":true,"neighborhood":"North Oakland","tree_id":"t01997"},"geometry":{"type":"Point","coordinates":[-79.95279,40.44269]}},{"id":"1998","type":"Feature","properties":{"common_name":"London planetree","condition":"Fair","height":15.24,"width":3.6576,"crown_r_m":1.8288,"crown_h_m":9.906,"height_imputed":true,"width_imputed":true,"neighborhood":"Central Oakland","tree_id":"t01998"},"geometry":{"type":"Point","coordinates":[-79.95225,40.44183]}},{"id":"1999","type":"Feature","properties":{"common_name":"London planetree","condition":"Fair","height":15.24,"width":3.6576,"crown_r_m":1.8288,"crown_h_m":9.906,"height_imputed":true,"width_imputed":true,"neighborhood":"Central Oakland","tree_id":"t01999"},"geometry":{"type":"Point","coordinates":[-79.95227,40.44178]}},{"id":"2000","type":"Feature","properties":{"common_name":"London planetree","condition":"Fair","height":15.24,"width":3.6576,"crown_r_m":1.8288,"crown_h_m":9.906,"height_imputed":true,"width_imputed":true,"neighborhood":"Central Oakland","tree_id":"t02000"},"geometry":{"type":"Point","coordinates":[-79.95231,40.44181]}},{"id":"2001","type":"Feature","properties":{"common_name":"London planetree","condition":"Poor","height":15.24,"width":3.6576,"crown_r_m":1.8288,"crown_h_m":9.906,"height_imputed":true,"width_imputed":true,"neighborhood":"Central Oakland","tree_id":"t02001"},"geometry":{"type":"Point","coordinates":[-79.95234,40.44182]}},{"id":"2002","type":"Feature","properties":{"common_name":"London planetree","condition":"Poor","height":15.24,"width":3.6576,"crown_r_m":1.8288,"crown_h_m":9.906,"height_imputed":true,"width_imputed":true,"neighborhood":"Central Oakland","tree_id":"t02002"},"geometry":{"type":"Point","coordinates":[-79.95237,40.44184]}},{"id":"2003","type":"Feature","properties":{"common_name":"London planetree","condition":"Poor","height":15.24,"width":3.6576,"crown_r_m":1.8288,"crown_h_m":9.906,"height_imputed":true,"width_imputed":true,"neighborhood":"Central Oakland","tree_id":"t02003"},"geometry":{"type":"Point","coordinates":[-79.95232,40.44187]}},{"id":"2004","type":"Feature","properties":{"common_name":"London planetree","condition":"Poor","height":15.24,"width":3.6576,"crown_r_m":1.8288,"crown_h_m":9.906,"height_imputed":true,"width_imputed":true,"neighborhood":"Central Oakland","tree_id":"t02004"},"geometry":{"type":"Point","coordinates":[-79.95235,40.44188]}},{"id":"2005","type":"Feature","properties":{"common_name":"London planetree","condition":"Fair","height":15.24,"width":3.6576,"crown_r_m":1.8288,"crown_h_m":9.906,"height_imputed":true,"width_imputed":true,"neighborhood":"Central Oakland","tree_id":"t02005"},"geometry":{"type":"Point","coordinates":[-79.95245,40.4418]}},{"id":"2006","type":"Feature","properties":{"common_name":"London planetree","condition":"Poor","height":15.24,"width":3.6576,"crown_r_m":1.8288,"crown_h_m":9.906,"height_imputed":true,"width_imputed":true,"neighborhood":"Central Oakland","tree_id":"t02006"},"geometry":{"type":"Point","coordinates":[-79.95228,40.44199]}},{"id":"2007","type":"Feature","properties":{"common_name":"London planetree","condition":"Fair","height":15.24,"width":3.6576,"crown_r_m":1.8288,"crown_h_m":9.906,"height_imputed":true,"width_imputed":true,"neighborhood":"Central Oakland","tree_id":"t02007"},"geometry":{"type":"Point","coordinates":[-79.95223,40.44196]}},{"id":"2008","type":"Feature","properties":{"common_name":"London planetree","condition":"Good","height":15.24,"width":3.6576,"crown_r_m":1.8288,"crown_h_m":9.906,"height_imputed":true,"width_imputed":true,"neighborhood":"North Oakland","tree_id":"t02008"},"geometry":{"type":"Point","coordinates":[-79.95273,40.44265]}},{"id":"2009","type":"Feature","properties":{"common_name":"London planetree","condition":"Fair","height":15.24,"width":3.6576,"crown_r_m":1.8288,"crown_h_m":9.906,"height_imputed":true,"width_imputed":true,"neighborhood":"Central Oakland","tree_id":"t02009"},"geometry":{"type":"Point","coordinates":[-79.95217,40.44193]}},{"id":"2010","type":"Feature","properties":{"common_name":"London planetree","condition":"Fair","height":15.24,"width":3.6576,"crown_r_m":1.8288,"crown_h_m":9.906,"height_imputed":true,"width_imputed":true,"neighborhood":"Central Oakland","tree_id":"t02010"},"geometry":{"type":"Point","coordinates":[-79.95161,40.4421]}},{"id":"2011","type":"Feature","properties":{"common_name":"London planetree","condition":"Fair","height":15.24,"width":3.6576,"crown_r_m":1.8288,"crown_h_m":9.906,"height_imputed":true,"width_imputed":true,"neighborhood":"Central Oakland","tree_id":"t02011"},"geometry":{"type":"Point","coordinates":[-79.9515,40.44202]}},{"id":"2012","type":"Feature","properties":{"common_name":"London planetree","condition":"Fair","height":15.24,"width":3.6576,"crown_r_m":1.8288,"crown_h_m":9.906,"height_imputed":true,"width_imputed":true,"neighborhood":"Central Oakland","tree_id":"t02012"},"geometry":{"type":"Point","coordinates":[-79.95147,40.44205]}},{"id":"2013","type":"Feature","properties":{"common_name":"London planetree","condition":"Fair","height":15.24,"width":3.6576,"crown_r_m":1.8288,"crown_h_m":9.906,"height_imputed":true,"width_imputed":true,"neighborhood":"Central Oakland","tree_id":"t02013"},"geometry":{"type":"Point","coordinates":[-79.95138,40.44206]}},{"id":"2014","type":"Feature","properties":{"common_name":"London planetree","condition":"Fair","height":15.24,"width":3.6576,"crown_r_m":1.8288,"crown_h_m":9.906,"height_imputed":true,"width_imputed":true,"neighborhood":"Central Oakland","tree_id":"t02014"},"geometry":{"type":"Point","coordinates":[-79.95136,40.4421]}},{"id":"2015","type":"Feature","properties":{"common_name":"London planetree","condition":"Fair","height":15.24,"width":3.6576,"crown_r_m":1.8288,"crown_h_m":9.906,"height_imputed":true,"width_imputed":true,"neighborhood":"North Oakland","tree_id":"t02015"},"geometry":{"type":"Point","coordinates":[-79.95265,40.44259]}},{"id":"2016","type":"Feature","properties":{"common_name":"London planetree","condition":"Fair","height":15.24,"width":3.6576,"crown_r_m":1.8288,"crown_h_m":9.906,"height_imputed":true,"width_imputed":true,"neighborhood":"Central Oakland","tree_id":"t02016"},"geometry":{"type":"Point","coordinates":[-79.95137,40.44216]}},{"id":"2017","type":"Feature","properties":{"common_name":"London planetree","condition":"Poor","height":15.24,"width":3.6576,"crown_r_m":1.8288,"crown_h_m":9.906,"height_imputed":true,"width_imputed":true,"neighborhood":"Central Oakland","tree_id":"t02017"},"geometry":{"type":"Point","coordinates":[-79.95128,40.44213]}},{"id":"2018","type":"Feature","properties":{"common_name":"London planetree","condition":"Poor","height":15.24,"width":3.6576,"crown_r_m":1.8288,"crown_h_m":9.906,"height_imputed":true,"width_imputed":true,"neighborhood":"Central Oakland","tree_id":"t02018"},"geometry":{"type":"Point","coordinates":[-79.9512,40.44212]}},{"id":"2019","type":"Feature","properties":{"common_name":"London planetree","condition":"Fair","height":15.24,"width":3.6576,"crown_r_m":1.8288,"crown_h_m":9.906,"height_imputed":true,"width_imputed":true,"neighborhood":"Central Oakland","tree_id":"t02019"},"geometry":{"type":"Point","coordinates":[-79.95112,40.4421]}},{"id":"2020","type":"Feature","properties":{"common_name":"London planetree","condition":"Poor","height":15.24,"width":3.6576,"crown_r_m":1.8288,"crown_h_m":9.906,"height_imputed":true,"width_imputed":true,"neighborhood":"Central Oakland","tree_id":"t02020"},"geometry":{"type":"Point","coordinates":[-79.95107,40.4421]}},{"id":"2021","type":"Feature","properties":{"common_name":"London planetree","condition":"Fair","height":15.24,"width":3.6576,"crown_r_m":1.8288,"crown_h_m":9.906,"height_imputed":true,"width_imputed":true,"neighborhood":"Central Oakland","tree_id":"t02021"},"geometry":{"type":"Point","coordinates":[-79.95102,40.44208]}},{"id":"2022","type":"Feature","properties":{"common_name":"London planetree","condition":"Fair","height":15.24,"width":3.6576,"crown_r_m":1.8288,"crown_h_m":9.906,"height_imputed":true,"width_imputed":true,"neighborhood":"Central Oakland","tree_id":"t02022"},"geometry":{"type":"Point","coordinates":[-79.95098,40.44207]}},{"id":"2023","type":"Feature","properties":{"common_name":"London planetree","condition":"Good","height":15.24,"width":3.6576,"crown_r_m":1.8288,"crown_h_m":9.906,"height_imputed":true,"width_imputed":true,"neighborhood":"Central Oakland","tree_id":"t02023"},"geometry":{"type":"Point","coordinates":[-79.95093,40.44206]}},{"id":"2024","type":"Feature","properties":{"common_name":"London planetree","condition":"Good","height":15.24,"width":3.6576,"crown_r_m":1.8288,"crown_h_m":9.906,"height_imputed":true,"width_imputed":true,"neighborhood":"Central Oakland","tree_id":"t02024"},"geometry":{"type":"Point","coordinates":[-79.95089,40.44205]}},{"id":"2025","type":"Feature","properties":{"common_name":"London planetree","condition":"Good","height":15.24,"width":3.6576,"crown_r_m":1.8288,"crown_h_m":9.906,"height_imputed":true,"width_imputed":true,"neighborhood":"Central Oakland","tree_id":"t02025"},"geometry":{"type":"Point","coordinates":[-79.95084,40.44203]}},{"id":"2026","type":"Feature","properties":{"common_name":"London planetree","condition":"Good","height":15.24,"width":3.6576,"crown_r_m":1.8288,"crown_h_m":9.906,"height_imputed":true,"width_imputed":true,"neighborhood":"North Oakland","tree_id":"t02026"},"geometry":{"type":"Point","coordinates":[-79.95267,40.44252]}},{"id":"2027","type":"Feature","properties":{"common_name":"London planetree","condition":"Good","height":15.24,"width":3.6576,"crown_r_m":1.8288,"crown_h_m":9.906,"height_imputed":true,"width_imputed":true,"neighborhood":"Central Oakland","tree_id":"t02027"},"geometry":{"type":"Point","coordinates":[-79.9508,40.44201]}},{"id":"2028","type":"Feature","properties":{"common_name":"London planetree","condition":"Good","height":15.24,"width":3.6576,"crown_r_m":1.8288,"crown_h_m":9.906,"height_imputed":true,"width_imputed":true,"neighborhood":"Central Oakland","tree_id":"t02028"},"geometry":{"type":"Point","coordinates":[-79.95075,40.44199]}},{"id":"2029","type":"Feature","properties":{"common_name":"London planetree","condition":"Good","height":15.24,"width":3.6576,"crown_r_m":1.8288,"crown_h_m":9.906,"height_imputed":true,"width_imputed":true,"neighborhood":"Central Oakland","tree_id":"t02029"},"geometry":{"type":"Point","coordinates":[-79.9507,40.44197]}},{"id":"2030","type":"Feature","properties":{"common_name":"London planetree","condition":"Good","height":15.24,"width":3.6576,"crown_r_m":1.8288,"crown_h_m":9.906,"height_imputed":true,"width_imputed":true,"neighborhood":"Central Oakland","tree_id":"t02030"},"geometry":{"type":"Point","coordinates":[-79.95065,40.44196]}},{"id":"2031","type":"Feature","properties":{"common_name":"London planetree","condition":"Poor","height":15.24,"width":3.6576,"crown_r_m":1.8288,"crown_h_m":9.906,"height_imputed":true,"width_imputed":true,"neighborhood":"Central Oakland","tree_id":"t02031"},"geometry":{"type":"Point","coordinates":[-79.9505,40.44191]}},{"id":"2032","type":"Feature","properties":{"common_name":"London planetree","condition":"Poor","height":15.24,"width":3.6576,"crown_r_m":1.8288,"crown_h_m":9.906,"height_imputed":true,"width_imputed":true,"neighborhood":"Central Oakland","tree_id":"t02032"},"geometry":{"type":"Point","coordinates":[-79.95037,40.44185]}},{"id":"2033","type":"Feature","properties":{"common_name":"London planetree","condition":"Fair","height":15.24,"width":3.6576,"crown_r_m":1.8288,"crown_h_m":9.906,"height_imputed":true,"width_imputed":true,"neighborhood":"Central Oakland","tree_id":"t02033"},"geometry":{"type":"Point","coordinates":[-79.95027,40.44179]}},{"id":"2034","type":"Feature","properties":{"common_name":"London planetree","condition":"Very Good","height":15.24,"width":3.6576,"crown_r_m":1.8288,"crown_h_m":9.906,"height_imputed":true,"width_imputed":true,"neighborhood":"Central Oakland","tree_id":"t02034"},"geometry":{"type":"Point","coordinates":[-79.95033,40.44163]}},{"id":"2035","type":"Feature","properties":{"common_name":"London planetree","condition":"Fair","height":15.24,"width":3.6576,"crown_r_m":1.8288,"crown_h_m":9.906,"height_imputed":true,"width_imputed":true,"neighborhood":"North Oakland","tree_id":"t02035"},"geometry":{"type":"Point","coordinates":[-79.95275,40.44251]}},{"id":"2036","type":"Feature","properties":{"common_name":"London planetree","condition":"Fair","height":15.24,"width":3.6576,"crown_r_m":1.8288,"crown_h_m":9.906,"height_imputed":true,"width_imputed":true,"neighborhood":"Squirrel Hill South","tree_id":"t02036"},"geometry":{"type":"Point","coordinates":[-79.94458,40.43809]}},{"id":"2037","type":"Feature","properties":{"common_name":"London planetree","condition":"Good","height":15.24,"width":3.6576,"crown_r_m":1.8288,"crown_h_m":9.906,"height_imputed":true,"width_imputed":true,"neighborhood":"Squirrel Hill North","tree_id":"t02037"},"geometry":{"type":"Point","coordinates":[-79.94743,40.44145]}},{"id":"2038","type":"Feature","properties":{"common_name":"London planetree","condition":"Good","height":15.24,"width":3.6576,"crown_r_m":1.8288,"crown_h_m":9.906,"height_imputed":true,"width_imputed":true,"neighborhood":"North Oakland","tree_id":"t02038"},"geometry":{"type":"Point","coordinates":[-79.95284,40.44257]}},{"id":"2039","type":"Feature","properties":{"common_name":"London planetree","condition":"Fair","height":15.24,"width":3.6576,"crown_r_m":1.8288,"crown_h_m":9.906,"height_imputed":true,"width_imputed":true,"neighborhood":"Squirrel Hill North","tree_id":"t02039"},"geometry":{"type":"Point","coordinates":[-79.94752,40.44139]}},{"id":"2040","type":"Feature","properties":{"common_name":"London planetree","condition":"Fair","height":15.24,"width":3.6576,"crown_r_m":1.8288,"crown_h_m":9.906,"height_imputed":true,"width_imputed":true,"neighborhood":"Squirrel Hill North","tree_id":"t02040"},"geometry":{"type":"Point","coordinates":[-79.94759,40.44135]}},{"id":"2041","type":"Feature","properties":{"common_name":"London planetree","condition":"Good","height":15.24,"width":3.6576,"crown_r_m":1.8288,"crown_h_m":9.906,"height_imputed":true,"width_imputed":true,"neighborhood":"Squirrel Hill North","tree_id":"t02041"},"geometry":{"type":"Point","coordinates":[-79.9477,40.44128]}},{"id":"2042","type":"Feature","properties":{"common_name":"London planetree","condition":"Poor","height":15.24,"width":3.6576,"crown_r_m":1.8288,"crown_h_m":9.906,"height_imputed":true,"width_imputed":true,"neighborhood":"Squirrel Hill North","tree_id":"t02042"},"geometry":{"type":"Point","coordinates":[-79.94805,40.44103]}},{"id":"2043","type":"Feature","properties":{"common_name":"London planetree","condition":"Fair","height":15.24,"width":3.6576,"crown_r_m":1.8288,"crown_h_m":9.906,"height_imputed":true,"width_imputed":true,"neighborhood":"North Oakland","tree_id":"t02043"},"geometry":{"type":"Point","coordinates":[-79.95287,40.44261]}},{"id":"2044","type":"Feature","properties":{"common_name":"London planetree","condition":"Fair","height":15.24,"width":3.6576,"crown_r_m":1.8288,"crown_h_m":9.906,"height_imputed":true,"width_imputed":true,"neighborhood":"North Oakland","tree_id":"t02044"},"geometry":{"type":"Point","coordinates":[-79.9529,40.44204]}},{"id":"2045","type":"Feature","properties":{"common_name":"London planetree","condition":"Good","height":15.24,"width":3.6576,"crown_r_m":1.8288,"crown_h_m":9.906,"height_imputed":true,"width_imputed":true,"neighborhood":"North Oakland","tree_id":"t02045"},"geometry":{"type":"Point","coordinates":[-79.953,40.44239]}},{"id":"2046","type":"Feature","properties":{"common_name":"London planetree","condition":"Fair","height":15.24,"width":3.6576,"crown_r_m":1.8288,"crown_h_m":9.906,"height_imputed":true,"width_imputed":true,"neighborhood":"North Oakland","tree_id":"t02046"},"geometry":{"type":"Point","coordinates":[-79.95295,40.4423]}},{"id":"2047","type":"Feature","properties":{"common_name":"London planetree","condition":"Good","height":15.24,"width":3.6576,"crown_r_m":1.8288,"crown_h_m":9.906,"height_imputed":true,"width_imputed":true,"neighborhood":"North Oakland","tree_id":"t02047"},"geometry":{"type":"Point","coordinates":[-79.95285,40.44232]}},{"id":"2048","type":"Feature","properties":{"common_name":"London planetree","condition":"Good","height":15.24,"width":3.6576,"crown_r_m":1.8288,"crown_h_m":9.906,"height_imputed":true,"width_imputed":true,"neighborhood":"North Oakland","tree_id":"t02048"},"geometry":{"type":"Point","coordinates":[-79.95269,40.44238]}},{"id":"2049","type":"Feature","properties":{"common_name":"London planetree","condition":"Fair","height":15.24,"width":3.6576,"crown_r_m":1.8288,"crown_h_m":9.906,"height_imputed":true,"width_imputed":true,"neighborhood":"North Oakland","tree_id":"t02049"},"geometry":{"type":"Point","coordinates":[-79.95266,40.44245]}},{"id":"2050","type":"Feature","properties":{"common_name":"London planetree","condition":"Good","height":15.24,"width":3.6576,"crown_r_m":1.8288,"crown_h_m":9.906,"height_imputed":true,"width_imputed":true,"neighborhood":"North Oakland","tree_id":"t02050"},"geometry":{"type":"Point","coordinates":[-79.95259,40.4424]}},{"id":"2051","type":"Feature","properties":{"common_name":"London planetree","condition":"Good","height":15.24,"width":3.6576,"crown_r_m":1.8288,"crown_h_m":9.906,"height_imputed":true,"width_imputed":true,"neighborhood":"North Oakland","tree_id":"t02051"},"geometry":{"type":"Point","coordinates":[-79.95252,40.44238]}},{"id":"2052","type":"Feature","properties":{"common_name":"London planetree","condition":"Good","height":15.24,"width":3.6576,"crown_r_m":1.8288,"crown_h_m":9.906,"height_imputed":true,"width_imputed":true,"neighborhood":"North Oakland","tree_id":"t02052"},"geometry":{"type":"Point","coordinates":[-79.95237,40.44236]}},{"id":"2053","type":"Feature","properties":{"common_name":"London planetree","condition":"Good","height":15.24,"width":3.6576,"crown_r_m":1.8288,"crown_h_m":9.906,"height_imputed":true,"width_imputed":true,"neighborhood":"North Oakland","tree_id":"t02053"},"geometry":{"type":"Point","coordinates":[-79.95244,40.44231]}},{"id":"2054","type":"Feature","properties":{"common_name":"London planetree","condition":"Fair","height":15.24,"width":3.6576,"crown_r_m":1.8288,"crown_h_m":9.906,"height_imputed":true,"width_imputed":true,"neighborhood":"North Oakland","tree_id":"t02054"},"geometry":{"type":"Point","coordinates":[-79.95295,40.44208]}},{"id":"2055","type":"Feature","properties":{"common_name":"London planetree","condition":"Good","height":15.24,"width":3.6576,"crown_r_m":1.8288,"crown_h_m":9.906,"height_imputed":true,"width_imputed":true,"neighborhood":"North Oakland","tree_id":"t02055"},"geometry":{"type":"Point","coordinates":[-79.95253,40.44223]}},{"id":"2056","type":"Feature","properties":{"common_name":"London planetree","condition":"Good","height":15.24,"width":3.6576,"crown_r_m":1.8288,"crown_h_m":9.906,"height_imputed":true,"width_imputed":true,"neighborhood":"North Oakland","tree_id":"t02056"},"geometry":{"type":"Point","coordinates":[-79.95266,40.44207]}},{"id":"2057","type":"Feature","properties":{"common_name":"London planetree","condition":"Fair","height":15.24,"width":3.6576,"crown_r_m":1.8288,"crown_h_m":9.906,"height_imputed":true,"width_imputed":true,"neighborhood":"North Oakland","tree_id":"t02057"},"geometry":{"type":"Point","coordinates":[-79.95273,40.4421]}},{"id":"2058","type":"Feature","properties":{"common_name":"London planetree","condition":"Fair","height":15.24,"width":3.6576,"crown_r_m":1.8288,"crown_h_m":9.906,"height_imputed":true,"width_imputed":true,"neighborhood":"North Oakland","tree_id":"t02058"},"geometry":{"type":"Point","coordinates":[-79.95276,40.44205]}},{"id":"2059","type":"Feature","properties":{"common_name":"London planetree","condition":"Good","height":15.24,"width":3.6576,"crown_r_m":1.8288,"crown_h_m":9.906,"height_imputed":true,"width_imputed":true,"neighborhood":"North Oakland","tree_id":"t02059"},"geometry":{"type":"Point","coordinates":[-79.95281,40.44204]}},{"id":"2060","type":"Feature","properties":{"common_name":"London planetree","condition":"Good","height":15.24,"width":3.6576,"crown_r_m":1.8288,"crown_h_m":9.906,"height_imputed":true,"width_imputed":true,"neighborhood":"North Oakland","tree_id":"t02060"},"geometry":{"type":"Point","coordinates":[-79.95287,40.44207]}},{"id":"2061","type":"Feature","properties":{"common_name":"London planetree","condition":"Good","height":15.24,"width":3.6576,"crown_r_m":1.8288,"crown_h_m":9.906,"height_imputed":true,"width_imputed":true,"neighborhood":"North Oakland","tree_id":"t02061"},"geometry":{"type":"Point","coordinates":[-79.95291,40.44212]}},{"id":"2062","type":"Feature","properties":{"common_name":"London planetree","condition":"Good","height":15.24,"width":3.6576,"crown_r_m":1.8288,"crown_h_m":9.906,"height_imputed":true,"width_imputed":true,"neighborhood":"North Oakland","tree_id":"t02062"},"geometry":{"type":"Point","coordinates":[-79.95298,40.44214]}},{"id":"2063","type":"Feature","properties":{"common_name":"London planetree","condition":"Good","height":15.24,"width":3.6576,"crown_r_m":1.8288,"crown_h_m":9.906,"height_imputed":true,"width_imputed":true,"neighborhood":"North Oakland","tree_id":"t02063"},"geometry":{"type":"Point","coordinates":[-79.95293,40.44216]}},{"id":"2064","type":"Feature","properties":{"common_name":"London planetree","condition":"Good","height":15.24,"width":3.6576,"crown_r_m":1.8288,"crown_h_m":9.906,"height_imputed":true,"width_imputed":true,"neighborhood":"North Oakland","tree_id":"t02064"},"geometry":{"type":"Point","coordinates":[-79.95215,40.44319]}},{"id":"2065","type":"Feature","properties":{"common_name":"London planetree","condition":"Good","height":15.24,"width":3.6576,"crown_r_m":1.8288,"crown_h_m":9.906,"height_imputed":true,"width_imputed":true,"neighborhood":"North Oakland","tree_id":"t02065"},"geometry":{"type":"Point","coordinates":[-79.95209,40.44306]}},{"id":"2066","type":"Feature","properties":{"common_name":"London planetree","condition":"Good","height":15.24,"width":3.6576,"crown_r_m":1.8288,"crown_h_m":9.906,"height_imputed":true,"width_imputed":true,"neighborhood":"North Oakland","tree_id":"t02066"},"geometry":{"type":"Point","coordinates":[-79.95206,40.443]}},{"id":"2067","type":"Feature","properties":{"common_name":"London planetree","condition":"Good","height":15.24,"width":3.6576,"crown_r_m":1.8288,"crown_h_m":9.906,"height_imputed":true,"width_imputed":true,"neighborhood":"North Oakland","tree_id":"t02067"},"geometry":{"type":"Point","coordinates":[-79.95203,40.44293]}},{"id":"2068","type":"Feature","properties":{"common_name":"London planetree","condition":"Good","height":15.24,"width":3.6576,"crown_r_m":1.8288,"crown_h_m":9.906,"height_imputed":true,"width_imputed":true,"neighborhood":"North Oakland","tree_id":"t02068"},"geometry":{"type":"Point","coordinates":[-79.95199,40.44286]}},{"id":"2069","type":"Feature","properties":{"common_name":"London planetree","condition":"Fair","height":15.24,"width":3.6576,"crown_r_m":1.8288,"crown_h_m":9.906,"height_imputed":true,"width_imputed":true,"neighborhood":"North Oakland","tree_id":"t02069"},"geometry":{"type":"Point","coordinates":[-79.95196,40.4428]}},{"id":"2070","type":"Feature","properties":{"common_name":"London planetree","condition":"Good","height":15.24,"width":3.6576,"crown_r_m":1.8288,"crown_h_m":9.906,"height_imputed":true,"width_imputed":true,"neighborhood":"North Oakland","tree_id":"t02070"},"geometry":{"type":"Point","coordinates":[-79.95193,40.44273]}},{"id":"2071","type":"Feature","properties":{"common_name":"London planetree","condition":"Good","height":15.24,"width":3.6576,"crown_r_m":1.8288,"crown_h_m":9.906,"height_imputed":true,"width_imputed":true,"neighborhood":"North Oakland","tree_id":"t02071"},"geometry":{"type":"Point","coordinates":[-79.95191,40.44267]}},{"id":"2072","type":"Feature","properties":{"common_name":"London planetree","condition":"Fair","height":15.24,"width":3.6576,"crown_r_m":1.8288,"crown_h_m":9.906,"height_imputed":true,"width_imputed":true,"neighborhood":"North Oakland","tree_id":"t02072"},"geometry":{"type":"Point","coordinates":[-79.953,40.44218]}},{"id":"2073","type":"Feature","properties":{"common_name":"London planetree","condition":"Good","height":15.24,"width":3.6576,"crown_r_m":1.8288,"crown_h_m":9.906,"height_imputed":true,"width_imputed":true,"neighborhood":"North Oakland","tree_id":"t02073"},"geometry":{"type":"Point","coordinates":[-79.95189,40.44261]}},{"id":"2074","type":"Feature","properties":{"common_name":"London planetree","condition":"Good","height":15.24,"width":3.6576,"crown_r_m":1.8288,"crown_h_m":9.906,"height_imputed":true,"width_imputed":true,"neighborhood":"North Oakland","tree_id":"t02074"},"geometry":{"type":"Point","coordinates":[-79.95002,40.44196]}},{"id":"2075","type":"Feature","properties":{"common_name":"London planetree","condition":"Good","height":15.24,"width":3.6576,"crown_r_m":1.8288,"crown_h_m":9.906,"height_imputed":true,"width_imputed":true,"neighborhood":"North Oakland","tree_id":"t02075"},"geometry":{"type":"Point","coordinates":[-79.95005,40.44199]}},{"id":"2076","type":"Feature","properties":{"common_name":"London planetree","condition":"Fair","height":15.24,"width":3.6576,"crown_r_m":1.8288,"crown_h_m":9.906,"height_imputed":true,"width_imputed":true,"neighborhood":"North Oakland","tree_id":"t02076"},"geometry":{"type":"Point","coordinates":[-79.95012,40.44202]}},{"id":"2077","type":"Feature","properties":{"common_name":"London planetree","condition":"Fair","height":15.24,"width":3.6576,"crown_r_m":1.8288,"crown_h_m":9.906,"height_imputed":true,"width_imputed":true,"neighborhood":"North Oakland","tree_id":"t02077"},"geometry":{"type":"Point","coordinates":[-79.95304,40.44228]}},{"id":"2078","type":"Feature","properties":{"common_name":"London planetree","condition":"Poor","height":15.24,"width":3.6576,"crown_r_m":1.8288,"crown_h_m":9.906,"height_imputed":true,"width_imputed":true,"neighborhood":"North Oakland","tree_id":"t02078"},"geometry":{"type":"Point","coordinates":[-79.95045,40.44219]}},{"id":"2079","type":"Feature","properties":{"common_name":"London planetree","condition":"Poor","height":15.24,"width":3.6576,"crown_r_m":1.8288,"crown_h_m":9.906,"height_imputed":true,"width_imputed":true,"neighborhood":"North Oakland","tree_id":"t02079"},"geometry":{"type":"Point","coordinates":[-79.95053,40.44222]}},{"id":"2080","type":"Feature","properties":{"common_name":"London planetree","condition":"Fair","height":15.24,"width":3.6576,"crown_r_m":1.8288,"crown_h_m":9.906,"height_imputed":true,"width_imputed":true,"neighborhood":"North Oakland","tree_id":"t02080"},"geometry":{"type":"Point","coordinates":[-79.95062,40.44226]}},{"id":"2081","type":"Feature","properties":{"common_name":"London planetree","condition":"Fair","height":15.24,"width":3.6576,"crown_r_m":1.8288,"crown_h_m":9.906,"height_imputed":true,"width_imputed":true,"neighborhood":"North Oakland","tree_id":"t02081"},"geometry":{"type":"Point","coordinates":[-79.95071,40.44228]}},{"id":"2082","type":"Feature","properties":{"common_name":"London planetree","condition":"Fair","height":15.24,"width":3.6576,"crown_r_m":1.8288,"crown_h_m":9.906,"height_imputed":true,"width_imputed":true,"neighborhood":"North Oakland","tree_id":"t02082"},"geometry":{"type":"Point","coordinates":[-79.9508,40.44231]}},{"id":"2083","type":"Feature","properties":{"common_name":"London planetree","condition":"Poor","height":15.24,"width":3.6576,"crown_r_m":1.8288,"crown_h_m":9.906,"height_imputed":true,"width_imputed":true,"neighborhood":"North Oakland","tree_id":"t02083"},"geometry":{"type":"Point","coordinates":[-79.95092,40.44233]}},{"id":"2084","type":"Feature","properties":{"common_name":"London planetree","condition":"Good","height":15.24,"width":3.6576,"crown_r_m":1.8288,"crown_h_m":9.906,"height_imputed":true,"width_imputed":true,"neighborhood":"North Oakland","tree_id":"t02084"},"geometry":{"type":"Point","coordinates":[-79.95121,40.4425]}},{"id":"2085","type":"Feature","properties":{"common_name":"London planetree","condition":"Good","height":15.24,"width":3.6576,"crown_r_m":1.8288,"crown_h_m":9.906,"height_imputed":true,"width_imputed":true,"neighborhood":"North Oakland","tree_id":"t02085"},"geometry":{"type":"Point","coordinates":[-79.95123,40.44254]}},{"id":"2086","type":"Feature","properties":{"common_name":"London planetree","condition":"Poor","height":15.24,"width":3.6576,"crown_r_m":1.8288,"crown_h_m":9.906,"height_imputed":true,"width_imputed":true,"neighborhood":"North Oakland","tree_id":"t02086"},"geometry":{"type":"Point","coordinates":[-79.95127,40.44253]}},{"id":"2087","type":"Feature","properties":{"common_name":"London planetree","condition":"Poor","height":15.24,"width":3.6576,"crown_r_m":1.8288,"crown_h_m":9.906,"height_imputed":true,"width_imputed":true,"neighborhood":"North Oakland","tree_id":"t02087"},"geometry":{"type":"Point","coordinates":[-79.95129,40.44257]}},{"id":"2088","type":"Feature","properties":{"common_name":"London planetree","condition":"Fair","height":15.24,"width":3.6576,"crown_r_m":1.8288,"crown_h_m":9.906,"height_imputed":true,"width_imputed":true,"neighborhood":"North Oakland","tree_id":"t02088"},"geometry":{"type":"Point","coordinates":[-79.95132,40.44263]}},{"id":"2089","type":"Feature","properties":{"common_name":"London planetree","condition":"Good","height":15.24,"width":3.6576,"crown_r_m":1.8288,"crown_h_m":9.906,"height_imputed":true,"width_imputed":true,"neighborhood":"North Oakland","tree_id":"t02089"},"geometry":{"type":"Point","coordinates":[-79.95312,40.44246]}},{"id":"2090","type":"Feature","properties":{"common_name":"London planetree","condition":"Fair","height":15.24,"width":3.6576,"crown_r_m":1.8288,"crown_h_m":9.906,"height_imputed":true,"width_imputed":true,"neighborhood":"North Oakland","tree_id":"t02090"},"geometry":{"type":"Point","coordinates":[-79.95135,40.44267]}},{"id":"2091","type":"Feature","properties":{"common_name":"London planetree","condition":"Poor","height":15.24,"width":3.6576,"crown_r_m":1.8288,"crown_h_m":9.906,"height_imputed":true,"width_imputed":true,"neighborhood":"North Oakland","tree_id":"t02091"},"geometry":{"type":"Point","coordinates":[-79.95138,40.44273]}},{"id":"2092","type":"Feature","properties":{"common_name":"London planetree","condition":"Fair","height":15.24,"width":3.6576,"crown_r_m":1.8288,"crown_h_m":9.906,"height_imputed":true,"width_imputed":true,"neighborhood":"North Oakland","tree_id":"t02092"},"geometry":{"type":"Point","coordinates":[-79.95141,40.44281]}},{"id":"2093","type":"Feature","properties":{"common_name":"London planetree","condition":"Good","height":15.24,"width":3.6576,"crown_r_m":1.8288,"crown_h_m":9.906,"height_imputed":true,"width_imputed":true,"neighborhood":"North Oakland","tree_id":"t02093"},"geometry":{"type":"Point","coordinates":[-79.95144,40.44286]}},{"id":"2094","type":"Feature","properties":{"common_name":"London planetree","condition":"Poor","height":15.24,"width":3.6576,"crown_r_m":1.8288,"crown_h_m":9.906,"height_imputed":true,"width_imputed":true,"neighborhood":"North Oakland","tree_id":"t02094"},"geometry":{"type":"Point","coordinates":[-79.95148,40.44294]}},{"id":"2095","type":"Feature","properties":{"common_name":"London planetree","condition":"Good","height":15.24,"width":3.6576,"crown_r_m":1.8288,"crown_h_m":9.906,"height_imputed":true,"width_imputed":true,"neighborhood":"North Oakland","tree_id":"t02095"},"geometry":{"type":"Point","coordinates":[-79.95153,40.44304]}},{"id":"2096","type":"Feature","properties":{"common_name":"London planetree","condition":"Poor","height":15.24,"width":3.6576,"crown_r_m":1.8288,"crown_h_m":9.906,"height_imputed":true,"width_imputed":true,"neighborhood":"North Oakland","tree_id":"t02096"},"geometry":{"type":"Point","coordinates":[-79.95154,40.44309]}},{"id":"2097","type":"Feature","properties":{"common_name":"London planetree","condition":"Poor","height":15.24,"width":3.6576,"crown_r_m":1.8288,"crown_h_m":9.906,"height_imputed":true,"width_imputed":true,"neighborhood":"North Oakland","tree_id":"t02097"},"geometry":{"type":"Point","coordinates":[-79.95156,40.44316]}},{"id":"2098","type":"Feature","properties":{"common_name":"London planetree","condition":"Fair","height":15.24,"width":3.6576,"crown_r_m":1.8288,"crown_h_m":9.906,"height_imputed":true,"width_imputed":true,"neighborhood":"North Oakland","tree_id":"t02098"},"geometry":{"type":"Point","coordinates":[-79.9516,40.44323]}},{"id":"2099","type":"Feature","properties":{"common_name":"London planetree","condition":"Poor","height":15.24,"width":3.6576,"crown_r_m":1.8288,"crown_h_m":9.906,"height_imputed":true,"width_imputed":true,"neighborhood":"North Oakland","tree_id":"t02099"},"geometry":{"type":"Point","coordinates":[-79.95164,40.44334]}},{"id":"2100","type":"Feature","properties":{"common_name":"Osage-orange","condition":"Fair","height":7.62,"width":2.1336,"crown_r_m":1.0668,"crown_h_m":4.953,"height_imputed":true,"width_imputed":true,"neighborhood":"Squirrel Hill South","tree_id":"t02100"},"geometry":{"type":"Point","coordinates":[-79.94505,40.4394]}},{"id":"2101","type":"Feature","properties":{"common_name":"Osage-orange","condition":"Poor","height":7.62,"width":2.1336,"crown_r_m":1.0668,"crown_h_m":4.953,"height_imputed":true,"width_imputed":true,"neighborhood":"Squirrel Hill South","tree_id":"t02101"},"geometry":{"type":"Point","coordinates":[-79.94489,40.43934]}},{"id":"2102","type":"Feature","properties":{"common_name":"Hemlock: Eastern","condition":"Fair","height":7.62,"width":2.1336,"crown_r_m":1.0668,"crown_h_m":4.953,"height_imputed":true,"width_imputed":true,"neighborhood":"Squirrel Hill South","tree_id":"t02102"},"geometry":{"type":"Point","coordinates":[-79.94619,40.43844]}},{"id":"2103","type":"Feature","properties":{"common_name":"Yellowwood: American","condition":"Very Good","height":7.62,"width":2.1336,"crown_r_m":1.0668,"crown_h_m":4.953,"height_imputed":true,"width_imputed":true,"neighborhood":"Squirrel Hill South","tree_id":"t02103"},"geometry":{"type":"Point","coordinates":[-79.94635,40.43849]}},{"id":"2104","type":"Feature","properties":{"common_name":"Coffeetree: Kentucky","condition":"Fair","height":7.62,"width":2.1336,"crown_r_m":1.0668,"crown_h_m":4.953,"height_imputed":true,"width_imputed":true,"neighborhood":"Squirrel Hill South","tree_id":"t02104"},"geometry":{"type":"Point","coordinates":[-79.94427,40.43808]}},{"id":"2105","type":"Feature","properties":{"common_name":"Coffeetree: Kentucky","condition":"Good","height":7.62,"width":2.1336,"crown_r_m":1.0668,"crown_h_m":4.953,"height_imputed":true,"width_imputed":true,"neighborhood":"Squirrel Hill South","tree_id":"t02105"},"geometry":{"type":"Point","coordinates":[-79.94436,40.43813]}},{"id":"2106","type":"Feature","properties":{"common_name":"Coffeetree: Kentucky","condition":"Good","height":7.62,"width":2.1336,"crown_r_m":1.0668,"crown_h_m":4.953,"height_imputed":true,"width_imputed":true,"neighborhood":"Squirrel Hill South","tree_id":"t02106"},"geometry":{"type":"Point","coordinates":[-79.94498,40.43763]}},{"id":"2107","type":"Feature","properties":{"common_name":"Coffeetree: Kentucky","condition":"Fair","height":7.62,"width":2.1336,"crown_r_m":1.0668,"crown_h_m":4.953,"height_imputed":true,"width_imputed":true,"neighborhood":"Squirrel Hill South","tree_id":"t02107"},"geometry":{"type":"Point","coordinates":[-79.94502,40.43754]}},{"id":"2108","type":"Feature","properties":{"common_name":"Linden: Littleleaf","condition":"Fair","height":13.716,"width":3.048,"crown_r_m":1.524,"crown_h_m":8.9154,"height_imputed":false,"width_imputed":false,"neighborhood":"Central Oakland","tree_id":"t02108"},"geometry":{"type":"Point","coordinates":[-79.95564,40.43832]}},{"id":"2109","type":"Feature","properties":{"common_name":"Linden: Littleleaf","condition":"Fair","height":8.2296,"width":2.7432,"crown_r_m":1.3716,"crown_h_m":5.34924,"height_imputed":false,"width_imputed":false,"neighborhood":"Shadyside","tree_id":"t02109"},"geometry":{"type":"Point","coordinates":[-79.94412,40.45072]}},{"id":"2110","type":"Feature","properties":{"common_name":"Oak: Pin","condition":"Poor","height":16.764,"width":4.572,"crown_r_m":2.286,"crown_h_m":10.8966,"height_imputed":true,"width_imputed":true,"neighborhood":"Shadyside","tree_id":"t02110"},"geometry":{"type":"Point","coordinates":[-79.94553,40.45179]}},{"id":"2111","type":"Feature","properties":{"common_name":"Maple: Red","condition":"Fair","height":9.144,"width":2.1336,"crown_r_m":1.0668,"crown_h_m":5.9436,"height_imputed":false,"width_imputed":false,"neighborhood":"Central Oakland","tree_id":"t02111"},"geometry":{"type":"Point","coordinates":[-79.95141,40.4372]}},{"id":"2112","type":"Feature","properties":{"common_name":"London planetree","condition":"Fair","height":15.8496,"width":3.048,"crown_r_m":1.524,"crown_h_m":10.30224,"height_imputed":false,"width_imputed":false,"neighborhood":"Central Oakland","tree_id":"t02112"},"geometry":{"type":"Point","coordinates":[-79.95157,40.43724]}},{"id":"2113","type":"Feature","properties":{"common_name":"Linden: Littleleaf","condition":"Poor","height":12.192,"width":4.8768,"crown_r_m":2.4384,"crown_h_m":7.9248,"height_imputed":false,"width_imputed":false,"neighborhood":"Central Oakland","tree_id":"t02113"},"geometry":{"type":"Point","coordinates":[-79.95271,40.4372]}},{"id":"2114","type":"Feature","properties":{"common_name":"Linden: Littleleaf","condition":"Poor","height":9.144,"width":2.4384,"crown_r_m":1.2192,"crown_h_m":5.9436,"height_imputed":false,"width_imputed":false,"neighborhood":"Middle Hill","tree_id":"t02114"},"geometry":{"type":"Point","coordinates":[-79.96518,40.4492]}},{"id":"2115","type":"Feature","properties":{"common_name":"Oak: Northern Red","condition":"Fair","height":16.764,"width":3.048,"crown_r_m":1.524,"crown_h_m":10.8966,"height_imputed":false,"width_imputed":false,"neighborhood":"North Oakland","tree_id":"t02115"},"geometry":{"type":"Point","coordinates":[-79.95515,40.44865]}},{"id":"2116","type":"Feature","properties":{"common_name":"Oak: Pin","condition":"Fair","height":18.288,"width":3.048,"crown_r_m":1.524,"crown_h_m":11.8872,"height_imputed":false,"width_imputed":false,"neighborhood":"Shadyside","tree_id":"t02116"},"geometry":{"type":"Point","coordinates":[-79.94698,40.4521]}},{"id":"2117","type":"Feature","properties":{"common_name":"Elm: Hybrid","condition":"Very Good","height":7.62,"width":2.1336,"crown_r_m":1.0668,"crown_h_m":4.953,"height_imputed":true,"width_imputed":true,"neighborhood":"Shadyside","tree_id":"t02117"},"geometry":{"type":"Point","coordinates":[-79.9456,40.45166]}},{"id":"2118","type":"Feature","properties":{"common_name":"Elm: Hybrid","condition":"Very Good","height":7.62,"width":2.1336,"crown_r_m":1.0668,"crown_h_m":4.953,"height_imputed":true,"width_imputed":true,"neighborhood":"Shadyside","tree_id":"t02118"},"geometry":{"type":"Point","coordinates":[-79.94584,40.45222]}},{"id":"2119","type":"Feature","properties":{"common_name":"Hornbeam: European","condition":"Very Good","height":4.8768,"width":1.524,"crown_r_m":1.0,"crown_h_m":3.16992,"height_imputed":true,"width_imputed":true,"neighborhood":"Shadyside","tree_id":"t02119"},"geometry":{"type":"Point","coordinates":[-79.94593,40.45119]}},{"id":"2120","type":"Feature","properties":{"common_name":"London planetree","condition":"Excellent","height":16.764,"width":3.6576,"crown_r_m":1.8288,"crown_h_m":10.8966,"height_imputed":false,"width_imputed":false,"neighborhood":"Shadyside","tree_id":"t02120"},"geometry":{"type":"Point","coordinates":[-79.9471,40.45083]}},{"id":"2121","type":"Feature","properties":{"common_name":"Ginkgo","condition":"Fair","height":2.1336,"width":1.8288,"crown_r_m":1.0,"crown_h_m":1.5,"height_imputed":false,"width_imputed":false,"neighborhood":"North Oakland","tree_id":"t02121"},"geometry":{"type":"Point","coordinates":[-79.95005,40.45056]}},{"id":"2122","type":"Feature","properties":{"common_name":"Oak: Scarlet","condition":"Good","height":3.048,"width":1.2192,"crown_r_m":1.0,"crown_h_m":1.9812,"height_imputed":false,"width_imputed":false,"neighborhood":"North Oakland","tree_id":"t02122"},"geometry":{"type":"Point","coordinates":[-79.9521,40.44873]}},{"id":"2123","type":"Feature","properties":{"common_name":"Maple: Red","condition":"Poor","height":7.62,"width":3.048,"crown_r_m":1.524,"crown_h_m":4.953,"height_imputed":false,"width_imputed":false,"neighborhood":"North Oakland","tree_id":"t02123"},"geometry":{"type":"Point","coordinates":[-79.94896,40.45038]}},{"id":"2124","type":"Feature","properties":{"common_name":"Maple: Red","condition":"Fair","height":6.096,"width":2.7432,"crown_r_m":1.3716,"crown_h_m":3.9624,"height_imputed":false,"width_imputed":false,"neighborhood":"Shadyside","tree_id":"t02124"},"geometry":{"type":"Point","coordinates":[-79.94718,40.45093]}},{"id":"2125","type":"Feature","properties":{"common_name":"London planetree","condition":"Fair","height":13.4112,"width":4.2672,"crown_r_m":2.1336,"crown_h_m":8.71728,"height_imputed":false,"width_imputed":false,"neighborhood":"Shadyside","tree_id":"t02125"},"geometry":{"type":"Point","coordinates":[-79.94616,40.45123]}},{"id":"2126","type":"Feature","properties":{"common_name":"Oak: Sawtooth","condition":"Good","height":5.4864,"width":1.2192,"crown_r_m":1.0,"crown_h_m":3.56616,"height_imputed":false,"width_imputed":false,"neighborhood":"North Oakland","tree_id":"t02126"},"geometry":{"type":"Point","coordinates":[-79.94887,40.4503]}},{"id":"2127","type":"Feature","properties":{"common_name":"Ginkgo","condition":"Good","height":2.4384,"width":1.2192,"crown_r_m":1.0,"crown_h_m":1.58496,"height_imputed":false,"width_imputed":false,"neighborhood":"North Oakland","tree_id":"t02127"},"geometry":{"type":"Point","coordinates":[-79.9499,40.45027]}},{"id":"2128","type":"Feature","properties":{"common_name":"Oak: Northern Red","condition":"Good","height":3.048,"width":1.8288,"crown_r_m":1.0,"crown_h_m":1.9812,"height_imputed":false,"width_imputed":false,"neighborhood":"North Oakland","tree_id":"t02128"},"geometry":{"type":"Point","coordinates":[-79.95238,40.44853]}},{"id":"2129","type":"Feature","properties":{"common_name":"Oak: Pin","condition":"Fair","height":7.9248,"width":4.2672,"crown_r_m":2.1336,"crown_h_m":5.15112,"height_imputed":false,"width_imputed":false,"neighborhood":"Shadyside","tree_id":"t02129"},"geometry":{"type":"Point","coordinates":[-79.94625,40.45109]}},{"id":"2130","type":"Feature","properties":{"common_name":"Oak: Scarlet","condition":"Poor","height":3.6576,"width":1.8288,"crown_r_m":1.0,"crown_h_m":2.37744,"height_imputed":false,"width_imputed":false,"neighborhood":"North Oakland","tree_id":"t02130"},"geometry":{"type":"Point","coordinates":[-79.952,40.4488]}},{"id":"2131","type":"Feature","properties":{"common_name":"Maple: Red","condition":"Fair","height":7.62,"width":3.6576,"crown_r_m":1.8288,"crown_h_m":4.953,"height_imputed":false,"width_imputed":false,"neighborhood":"North Oakland","tree_id":"t02131"},"geometry":{"type":"Point","coordinates":[-79.94906,40.45035]}},{"id":"2132","type":"Feature","properties":{"common_name":"Oak: Sawtooth","condition":"Fair","height":7.62,"width":1.524,"crown_r_m":1.0,"crown_h_m":4.953,"height_imputed":false,"width_imputed":false,"neighborhood":"North Oakland","tree_id":"t02132"},"geometry":{"type":"Point","coordinates":[-79.94898,40.45027]}},{"id":"2133","type":"Feature","properties":{"common_name":"Elm: Siberian","condition":"Poor","height":13.1064,"width":3.6576,"crown_r_m":1.8288,"crown_h_m":8.51916,"height_imputed":false,"width_imputed":false,"neighborhood":"Shadyside","tree_id":"t02133"},"geometry":{"type":"Point","coordinates":[-79.94069,40.45247]}},{"id":"2134","type":"Feature","properties":{"common_name":"London planetree","condition":"Fair","height":9.144,"width":3.6576,"crown_r_m":1.8288,"crown_h_m":5.9436,"height_imputed":false,"width_imputed":false,"neighborhood":"Shadyside","tree_id":"t02134"},"geometry":{"type":"Point","coordinates":[-79.9453,40.45148]}},{"id":"2135","type":"Feature","properties":{"common_name":"Maple: Red","condition":"Fair","height":10.0584,"width":4.572,"crown_r_m":2.286,"crown_h_m":6.53796,"height_imputed":false,"width_imputed":false,"neighborhood":"Shadyside","tree_id":"t02135"},"geometry":{"type":"Point","coordinates":[-79.94652,40.45101]}},{"id":"2136","type":"Feature","properties":{"common_name":"Maple: Norway","condition":"Poor","height":6.7056,"width":3.6576,"crown_r_m":1.8288,"crown_h_m":4.35864,"height_imputed":false,"width_imputed":false,"neighborhood":"Shadyside","tree_id":"t02136"},"geometry":{"type":"Point","coordinates":[-79.94746,40.45084]}},{"id":"2137","type":"Feature","properties":{"common_name":"Maple: Red","condition":"Fair","height":10.668,"width":4.572,"crown_r_m":2.286,"crown_h_m":6.9342,"height_imputed":false,"width_imputed":false,"neighborhood":"Shadyside","tree_id":"t02137"},"geometry":{"type":"Point","coordinates":[-79.94664,40.45097]}},{"id":"2138","type":"Feature","properties":{"common_name":"Ginkgo","condition":"Fair","height":2.4384,"width":0.6096,"crown_r_m":1.0,"crown_h_m":1.58496,"height_imputed":false,"width_imputed":false,"neighborhood":"North Oakland","tree_id":"t02138"},"geometry":{"type":"Point","coordinates":[-79.94986,40.45021]}},{"id":"2139","type":"Feature","properties":{"common_name":"Linden: Littleleaf","condition":"Fair","height":5.4864,"width":2.4384,"crown_r_m":1.2192,"crown_h_m":3.56616,"height_imputed":false,"width_imputed":false,"neighborhood":"Shadyside","tree_id":"t02139"},"geometry":{"type":"Point","coordinates":[-79.9452,40.45151]}},{"id":"2140","type":"Feature","properties":{"common_name":"London planetree","condition":"Fair","height":10.668,"width":3.3528,"crown_r_m":1.6764,"crown_h_m":6.9342,"height_imputed":false,"width_imputed":false,"neighborhood":"Shadyside","tree_id":"t02140"},"geometry":{"type":"Point","coordinates":[-79.94478,40.45159]}},{"id":"2141","type":"Feature","properties":{"common_name":"Oak: Sawtooth","condition":"Good","height":6.096,"width":1.8288,"crown_r_m":1.0,"crown_h_m":3.9624,"height_imputed":false,"width_imputed":false,"neighborhood":"North Oakland","tree_id":"t02141"},"geometry":{"type":"Point","coordinates":[-79.94913,40.45022]}},{"id":"2142","type":"Feature","properties":{"common_name":"Sweetgum: American","condition":"Fair","height":13.4112,"width":2.7432,"crown_r_m":1.3716,"crown_h_m":8.71728,"height_imputed":false,"width_imputed":false,"neighborhood":"Shadyside","tree_id":"t02142"},"geometry":{"type":"Point","coordinates":[-79.94369,40.45169]}},{"id":"2143","type":"Feature","properties":{"common_name":"Maple: Red","condition":"Fair","height":7.3152,"width":2.4384,"crown_r_m":1.2192,"crown_h_m":4.75488,"height_imputed":false,"width_imputed":false,"neighborhood":"Shadyside","tree_id":"t02143"},"geometry":{"type":"Point","coordinates":[-79.94768,40.45078]}},{"id":"2144","type":"Feature","properties":{"common_name":"London planetree","condition":"Fair","height":14.6304,"width":3.9624,"crown_r_m":1.9812,"crown_h_m":9.50976,"height_imputed":false,"width_imputed":false,"neighborhood":"Shadyside","tree_id":"t02144"},"geometry":{"type":"Point","coordinates":[-79.94604,40.45127]}},{"id":"2145","type":"Feature","properties":{"common_name":"Ginkgo","condition":"Poor","height":2.4384,"width":1.524,"crown_r_m":1.0,"crown_h_m":1.58496,"height_imputed":false,"width_imputed":false,"neighborhood":"North Oakland","tree_id":"t02145"},"geometry":{"type":"Point","coordinates":[-79.94999,40.45044]}},{"id":"2146","type":"Feature","properties":{"common_name":"Maple: Red","condition":"Fair","height":7.62,"width":4.572,"crown_r_m":2.286,"crown_h_m":4.953,"height_imputed":false,"width_imputed":false,"neighborhood":"North Oakland","tree_id":"t02146"},"geometry":{"type":"Point","coordinates":[-79.94916,40.45032]}},{"id":"2147","type":"Feature","properties":{"common_name":"Oak: Northern Red","condition":"Good","height":3.048,"width":1.8288,"crown_r_m":1.0,"crown_h_m":1.9812,"height_imputed":false,"width_imputed":false,"neighborhood":"North Oakland","tree_id":"t02147"},"geometry":{"type":"Point","coordinates":[-79.95229,40.4486]}},{"id":"2148","type":"Feature","properties":{"common_name":"Maple: Freeman","condition":"Fair","height":4.572,"width":2.1336,"crown_r_m":1.0668,"crown_h_m":2.9718,"height_imputed":false,"width_imputed":false,"neighborhood":"North Oakland","tree_id":"t02148"},"geometry":{"type":"Point","coordinates":[-79.94907,40.45023]}},{"id":"2149","type":"Feature","properties":{"common_name":"Sweetgum: American","condition":"Fair","height":10.9728,"width":2.4384,"crown_r_m":1.2192,"crown_h_m":7.13232,"height_imputed":false,"width_imputed":false,"neighborhood":"Shadyside","tree_id":"t02149"},"geometry":{"type":"Point","coordinates":[-79.9435,40.45173]}},{"id":"2150","type":"Feature","properties":{"common_name":"Maple: Red","condition":"Poor","height":9.7536,"width":3.3528,"crown_r_m":1.6764,"crown_h_m":6.33984,"height_imputed":false,"width_imputed":false,"neighborhood":"Shadyside","tree_id":"t02150"},"geometry":{"type":"Point","coordinates":[-79.94407,40.45162]}},{"id":"2151","type":"Feature","properties":{"common_name":"Maple: Japanese","condition":"Fair","height":5.4864,"width":1.2192,"crown_r_m":1.0,"crown_h_m":3.56616,"height_imputed":false,"width_imputed":false,"neighborhood":"Shadyside","tree_id":"t02151"},"geometry":{"type":"Point","coordinates":[-79.94826,40.45064]}},{"id":"2152","type":"Feature","properties":{"common_name":"Maple: Norway","condition":"Fair","height":12.192,"width":2.4384,"crown_r_m":1.2192,"crown_h_m":7.9248,"height_imputed":false,"width_imputed":false,"neighborhood":"Shadyside","tree_id":"t02152"},"geometry":{"type":"Point","coordinates":[-79.94755,40.4507]}},{"id":"2153","type":"Feature","properties":{"common_name":"Oak: Pin","condition":"Fair","height":10.668,"width":4.8768,"crown_r_m":2.4384,"crown_h_m":6.9342,"height_imputed":false,"width_imputed":false,"neighborhood":"Shadyside","tree_id":"t02153"},"geometry":{"type":"Point","coordinates":[-79.94643,40.45103]}},{"id":"2154","type":"Feature","properties":{"common_name":"Maple: Red","condition":"Fair","height":10.0584,"width":3.9624,"crown_r_m":1.9812,"crown_h_m":6.53796,"height_imputed":false,"width_imputed":false,"neighborhood":"Shadyside","tree_id":"t02154"},"geometry":{"type":"Point","coordinates":[-79.94725,40.45079]}},{"id":"2155","type":"Feature","properties":{"common_name":"Dogwood: Corneliancherry","condition":"Very Good","height":2.4384,"width":1.2192,"crown_r_m":1.0,"crown_h_m":1.58496,"height_imputed":true,"width_imputed":true,"neighborhood":"Shadyside","tree_id":"t02155"},"geometry":{"type":"Point","coordinates":[-79.94558,40.45254]}},{"id":"2156","type":"Feature","properties":{"common_name":"Coffeetree: Kentucky","condition":"Very Good","height":7.62,"width":2.1336,"crown_r_m":1.0668,"crown_h_m":4.953,"height_imputed":true,"width_imputed":true,"neighborhood":"Shadyside","tree_id":"t02156"},"geometry":{"type":"Point","coordinates":[-79.94644,40.45238]}},{"id":"2157","type":"Feature","properties":{"common_name":"Ash: Green","condition":"Critical","height":11.5824,"width":2.4384,"crown_r_m":1.2192,"crown_h_m":7.52856,"height_imputed":false,"width_imputed":false,"neighborhood":"Shadyside","tree_id":"t02157"},"geometry":{"type":"Point","coordinates":[-79.94819,40.45177]}},{"id":"2158","type":"Feature","properties":{"common_name":"Maple: Norway","condition":"Fair","height":9.144,"width":2.4384,"crown_r_m":1.2192,"crown_h_m":5.9436,"height_imputed":false,"width_imputed":false,"neighborhood":"Shadyside","tree_id":"t02158"},"geometry":{"type":"Point","coordinates":[-79.94826,40.45184]}},{"id":"2159","type":"Feature","properties":{"common_name":"Linden: American","condition":"Very Good","height":12.192,"width":2.4384,"crown_r_m":1.2192,"crown_h_m":7.9248,"height_imputed":true,"width_imputed":true,"neighborhood":"Shadyside","tree_id":"t02159"},"geometry":{"type":"Point","coordinates":[-79.94542,40.45125]}},{"id":"2160","type":"Feature","properties":{"common_name":"Maple: Red","condition":"Fair","height":7.62,"width":2.4384,"crown_r_m":1.2192,"crown_h_m":4.953,"height_imputed":false,"width_imputed":false,"neighborhood":"Shadyside","tree_id":"t02160"},"geometry":{"type":"Point","coordinates":[-79.94506,40.45142]}},{"id":"2161","type":"Feature","properties":{"common_name":"Oak: Northern Red","condition":"Fair","height":15.24,"width":4.8768,"crown_r_m":2.4384,"crown_h_m":9.906,"height_imputed":false,"width_imputed":false,"neighborhood":"Shadyside","tree_id":"t02161"},"geometry":{"type":"Point","coordinates":[-79.94425,40.44795]}},{"id":"2162","type":"Feature","properties":{"common_name":"Elm: Hybrid","condition":"Very Good","height":7.62,"width":2.1336,"crown_r_m":1.0668,"crown_h_m":4.953,"height_imputed":true,"width_imputed":true,"neighborhood":"Shadyside","tree_id":"t02162"},"geometry":{"type":"Point","coordinates":[-79.94556,40.45157]}},{"id":"2163","type":"Feature","properties":{"common_name":"Cherry/Plum: spp.","condition":"Fair","height":3.3528,"width":1.2192,"crown_r_m":1.0,"crown_h_m":2.17932,"height_imputed":false,"width_imputed":false,"neighborhood":"Shadyside","tree_id":"t02163"},"geometry":{"type":"Point","coordinates":[-79.946,40.4529]}},{"id":"2164","type":"Feature","properties":{"common_name":"Oak: Pin","condition":"Fair","height":18.288,"width":9.144,"crown_r_m":4.572,"crown_h_m":11.8872,"height_imputed":false,"width_imputed":false,"neighborhood":"Shadyside","tree_id":"t02164"},"geometry":{"type":"Point","coordinates":[-79.94579,40.4521]}},{"id":"2165","type":"Feature","properties":{"common_name":"Elm: Hybrid","condition":"Very Good","height":7.62,"width":2.1336,"crown_r_m":1.0668,"crown_h_m":4.953,"height_imputed":true,"width_imputed":true,"neighborhood":"Shadyside","tree_id":"t02165"},"geometry":{"type":"Point","coordinates":[-79.94589,40.45231]}},{"id":"2166","type":"Feature","properties":{"common_name":"Oak: Pin","condition":"Poor","height":13.716,"width":7.62,"crown_r_m":3.81,"crown_h_m":8.9154,"height_imputed":false,"width_imputed":false,"neighborhood":"Shadyside","tree_id":"t02166"},"geometry":{"type":"Point","coordinates":[-79.94527,40.45123]}},{"id":"2167","type":"Feature","properties":{"common_name":"Oak: Pin","condition":"Fair","height":18.288,"width":6.096,"crown_r_m":3.048,"crown_h_m":11.8872,"height_imputed":false,"width_imputed":false,"neighborhood":"Shadyside","tree_id":"t02167"},"geometry":{"type":"Point","coordinates":[-79.94425,40.44823]}},{"id":"2168","type":"Feature","properties":{"common_name":"Maple: Silver","condition":"Poor","height":12.192,"width":3.3528,"crown_r_m":1.6764,"crown_h_m":7.9248,"height_imputed":false,"width_imputed":false,"neighborhood":"Shadyside","tree_id":"t02168"},"geometry":{"type":"Point","coordinates":[-79.94444,40.44904]}},{"id":"2169","type":"Feature","properties":{"common_name":"Oak: Pin","condition":"Fair","height":19.812,"width":7.62,"crown_r_m":3.81,"crown_h_m":12.8778,"height_imputed":false,"width_imputed":false,"neighborhood":"Shadyside","tree_id":"t02169"},"geometry":{"type":"Point","coordinates":[-79.94426,40.44835]}},{"id":"2170","type":"Feature","properties":{"common_name":"Maple: Norway","condition":"Poor","height":15.8496,"width":6.096,"crown_r_m":3.048,"crown_h_m":10.30224,"height_imputed":false,"width_imputed":false,"neighborhood":"Shadyside","tree_id":"t02170"},"geometry":{"type":"Point","coordinates":[-79.94431,40.44876]}},{"id":"2171","type":"Feature","properties":{"common_name":"Cherry/Plum: spp.","condition":"Fair","height":3.6576,"width":1.8288,"crown_r_m":1.0,"crown_h_m":2.37744,"height_imputed":false,"width_imputed":false,"neighborhood":"Shadyside","tree_id":"t02171"},"geometry":{"type":"Point","coordinates":[-79.94606,40.45302]}},{"id":"2172","type":"Feature","properties":{"common_name":"Linden: Littleleaf","condition":"Poor","height":10.3632,"width":2.4384,"crown_r_m":1.2192,"crown_h_m":6.73608,"height_imputed":false,"width_imputed":false,"neighborhood":"Shadyside","tree_id":"t02172"},"geometry":{"type":"Point","coordinates":[-79.94432,40.44904]}},{"id":"2173","type":"Feature","properties":{"common_name":"Cherry/Plum: spp.","condition":"Fair","height":2.7432,"width":1.2192,"crown_r_m":1.0,"crown_h_m":1.78308,"height_imputed":false,"width_imputed":false,"neighborhood":"Shadyside","tree_id":"t02173"},"geometry":{"type":"Point","coordinates":[-79.94616,40.45327]}},{"id":"2174","type":"Feature","properties":{"common_name":"Oak: Pin","condition":"Fair","height":18.288,"width":4.2672,"crown_r_m":2.1336,"crown_h_m":11.8872,"height_imputed":false,"width_imputed":false,"neighborhood":"Shadyside","tree_id":"t02174"},"geometry":{"type":"Point","coordinates":[-79.94425,40.44812]}},{"id":"2175","type":"Feature","properties":{"common_name":"Maple: Silver","condition":"Fair","height":18.288,"width":6.096,"crown_r_m":3.048,"crown_h_m":11.8872,"height_imputed":false,"width_imputed":false,"neighborhood":"Shadyside","tree_id":"t02175"},"geometry":{"type":"Point","coordinates":[-79.94428,40.44864]}},{"id":"2176","type":"Feature","properties":{"common_name":"Cherry/Plum: spp.","condition":"Fair","height":3.048,"width":1.2192,"crown_r_m":1.0,"crown_h_m":1.9812,"height_imputed":false,"width_imputed":false,"neighborhood":"Shadyside","tree_id":"t02176"},"geometry":{"type":"Point","coordinates":[-79.94603,40.45296]}},{"id":"2177","type":"Feature","properties":{"common_name":"Linden: Littleleaf","condition":"Fair","height":9.144,"width":3.9624,"crown_r_m":1.9812,"crown_h_m":5.9436,"height_imputed":false,"width_imputed":false,"neighborhood":"Shadyside","tree_id":"t02177"},"geometry":{"type":"Point","coordinates":[-79.94487,40.45029]}},{"id":"2178","type":"Feature","properties":{"common_name":"Maple: Red","condition":"Poor","height":7.0104,"width":2.1336,"crown_r_m":1.0668,"crown_h_m":4.55676,"height_imputed":false,"width_imputed":false,"neighborhood":"Shadyside","tree_id":"t02178"},"geometry":{"type":"Point","coordinates":[-79.94496,40.45144]}},{"id":"2179","type":"Feature","properties":{"common_name":"Maple: Red","condition":"Fair","height":13.716,"width":3.9624,"crown_r_m":1.9812,"crown_h_m":8.9154,"height_imputed":false,"width_imputed":false,"neighborhood":"Shadyside","tree_id":"t02179"},"geometry":{"type":"Point","coordinates":[-79.94474,40.44999]}},{"id":"2180","type":"Feature","properties":{"common_name":"Maple: Sugar","condition":"Fair","height":12.192,"width":3.6576,"crown_r_m":1.8288,"crown_h_m":7.9248,"height_imputed":false,"width_imputed":false,"neighborhood":"Shadyside","tree_id":"t02180"},"geometry":{"type":"Point","coordinates":[-79.94569,40.45218]}},{"id":"2181","type":"Feature","properties":{"common_name":"Beech: American","condition":"Fair","height":5.4864,"width":1.524,"crown_r_m":1.0,"crown_h_m":3.56616,"height_imputed":false,"width_imputed":false,"neighborhood":"Shadyside","tree_id":"t02181"},"geometry":{"type":"Point","coordinates":[-79.94443,40.44928]}},{"id":"2182","type":"Feature","properties":{"common_name":"Oak: Pin","condition":"Fair","height":16.4592,"width":5.1816,"crown_r_m":2.5908,"crown_h_m":10.69848,"height_imputed":false,"width_imputed":false,"neighborhood":"Shadyside","tree_id":"t02182"},"geometry":{"type":"Point","coordinates":[-79.94537,40.45113]}},{"id":"2183","type":"Feature","properties":{"common_name":"Oak: Pin","condition":"Fair","height":13.716,"width":3.9624,"crown_r_m":1.9812,"crown_h_m":8.9154,"height_imputed":false,"width_imputed":false,"neighborhood":"Shadyside","tree_id":"t02183"},"geometry":{"type":"Point","coordinates":[-79.94427,40.44849]}},{"id":"2184","type":"Feature","properties":{"common_name":"Maple: Red","condition":"Fair","height":6.4008,"width":1.8288,"crown_r_m":1.0,"crown_h_m":4.16052,"height_imputed":false,"width_imputed":false,"neighborhood":"Shadyside","tree_id":"t02184"},"geometry":{"type":"Point","coordinates":[-79.94437,40.44917]}},{"id":"2185","type":"Feature","properties":{"common_name":"Maple: Red","condition":"Fair","height":12.192,"width":2.7432,"crown_r_m":1.3716,"crown_h_m":7.9248,"height_imputed":false,"width_imputed":false,"neighborhood":"Shadyside","tree_id":"t02185"},"geometry":{"type":"Point","coordinates":[-79.94468,40.44959]}},{"id":"2186","type":"Feature","properties":{"common_name":"Oak: Pin","condition":"Fair","height":18.288,"width":4.8768,"crown_r_m":2.4384,"crown_h_m":11.8872,"height_imputed":false,"width_imputed":false,"neighborhood":"Shadyside","tree_id":"t02186"},"geometry":{"type":"Point","coordinates":[-79.9452,40.45104]}},{"id":"2187","type":"Feature","properties":{"common_name":"Maple: Red","condition":"Poor","height":13.4112,"width":6.096,"crown_r_m":3.048,"crown_h_m":8.71728,"height_imputed":false,"width_imputed":false,"neighborhood":"Shadyside","tree_id":"t02187"},"geometry":{"type":"Point","coordinates":[-79.94454,40.44957]}},{"id":"2188","type":"Feature","properties":{"common_name":"Maple: Red","condition":"Fair","height":10.0584,"width":2.1336,"crown_r_m":1.0668,"crown_h_m":6.53796,"height_imputed":false,"width_imputed":false,"neighborhood":"Shadyside","tree_id":"t02188"},"geometry":{"type":"Point","coordinates":[-79.94522,40.45139]}},{"id":"2189","type":"Feature","properties":{"common_name":"Baldcypress: Common","condition":"Very Good","height":0.6096,"width":0.3048,"crown_r_m":1.0,"crown_h_m":1.5,"height_imputed":false,"width_imputed":false,"neighborhood":"Shadyside","tree_id":"t02189"},"geometry":{"type":"Point","coordinates":[-79.94751,40.45209]}},{"id":"2190","type":"Feature","properties":{"common_name":"Coffeetree: Kentucky","condition":"Very Good","height":7.62,"width":2.1336,"crown_r_m":1.0668,"crown_h_m":4.953,"height_imputed":true,"width_imputed":true,"neighborhood":"Shadyside","tree_id":"t02190"},"geometry":{"type":"Point","coordinates":[-79.94715,40.45219]}},{"id":"2191","type":"Feature","properties":{"common_name":"Cherry/Plum: spp.","condition":"Very Good","height":2.8956,"width":1.2192,"crown_r_m":1.0,"crown_h_m":1.88214,"height_imputed":true,"width_imputed":true,"neighborhood":"Shadyside","tree_id":"t02191"},"geometry":{"type":"Point","coordinates":[-79.94787,40.45182]}},{"id":"2192","type":"Feature","properties":{"common_name":"Coffeetree: Kentucky","condition":"Very Good","height":7.62,"width":2.1336,"crown_r_m":1.0668,"crown_h_m":4.953,"height_imputed":true,"width_imputed":true,"neighborhood":"Shadyside","tree_id":"t02192"},"geometry":{"type":"Point","coordinates":[-79.94671,40.4523]}},{"id":"2193","type":"Feature","properties":{"common_name":"Pear: Callery","condition":"Fair","height":4.572,"width":1.2192,"crown_r_m":1.0,"crown_h_m":2.9718,"height_imputed":false,"width_imputed":false,"neighborhood":"Shadyside","tree_id":"t02193"},"geometry":{"type":"Point","coordinates":[-79.94449,40.45295]}},{"id":"2194","type":"Feature","properties":{"common_name":"Pear: Callery","condition":"Fair","height":4.572,"width":1.2192,"crown_r_m":1.0,"crown_h_m":2.9718,"height_imputed":false,"width_imputed":false,"neighborhood":"Shadyside","tree_id":"t02194"},"geometry":{"type":"Point","coordinates":[-79.94437,40.45299]}},{"id":"2195","type":"Feature","properties":{"common_name":"Maple: Sugar","condition":"Fair","height":9.7536,"width":2.4384,"crown_r_m":1.2192,"crown_h_m":6.33984,"height_imputed":false,"width_imputed":false,"neighborhood":"Shadyside","tree_id":"t02195"},"geometry":{"type":"Point","coordinates":[-79.94631,40.45242]}},{"id":"2196","type":"Feature","properties":{"common_name":"Maple: Red","condition":"Fair","height":8.5344,"width":3.048,"crown_r_m":1.524,"crown_h_m":5.54736,"height_imputed":false,"width_imputed":false,"neighborhood":"Shadyside","tree_id":"t02196"},"geometry":{"type":"Point","coordinates":[-79.94682,40.45227]}},{"id":"2197","type":"Feature","properties":{"common_name":"Tuliptree","condition":"Good","height":3.9624,"width":1.524,"crown_r_m":1.0,"crown_h_m":2.57556,"height_imputed":false,"width_imputed":false,"neighborhood":"Shadyside","tree_id":"t02197"},"geometry":{"type":"Point","coordinates":[-79.94514,40.45276]}},{"id":"2198","type":"Feature","properties":{"common_name":"London planetree","condition":"Fair","height":15.24,"width":3.048,"crown_r_m":1.524,"crown_h_m":9.906,"height_imputed":false,"width_imputed":false,"neighborhood":"Shadyside","tree_id":"t02198"},"geometry":{"type":"Point","coordinates":[-79.94802,40.45181]}},{"id":"2199","type":"Feature","properties":{"common_name":"Maple: Norway","condition":"Fair","height":7.3152,"width":2.7432,"crown_r_m":1.3716,"crown_h_m":4.75488,"height_imputed":false,"width_imputed":false,"neighborhood":"Shadyside","tree_id":"t02199"},"geometry":{"type":"Point","coordinates":[-79.94611,40.45248]}},{"id":"2200","type":"Feature","properties":{"common_name":"Tuliptree","condition":"Good","height":3.6576,"width":1.524,"crown_r_m":1.0,"crown_h_m":2.37744,"height_imputed":false,"width_imputed":false,"neighborhood":"Shadyside","tree_id":"t02200"},"geometry":{"type":"Point","coordinates":[-79.94524,40.45273]}},{"id":"2201","type":"Feature","properties":{"common_name":"Maple: Sugar","condition":"Fair","height":8.5344,"width":2.7432,"crown_r_m":1.3716,"crown_h_m":5.54736,"height_imputed":false,"width_imputed":false,"neighborhood":"Shadyside","tree_id":"t02201"},"geometry":{"type":"Point","coordinates":[-79.94624,40.45244]}},{"id":"2202","type":"Feature","properties":{"common_name":"Maple: Norway","condition":"Fair","height":6.096,"width":2.1336,"crown_r_m":1.0668,"crown_h_m":3.9624,"height_imputed":false,"width_imputed":false,"neighborhood":"Shadyside","tree_id":"t02202"},"geometry":{"type":"Point","coordinates":[-79.94836,40.45181]}},{"id":"2203","type":"Feature","properties":{"common_name":"Maple: Red","condition":"Fair","height":8.5344,"width":2.4384,"crown_r_m":1.2192,"crown_h_m":5.54736,"height_imputed":false,"width_imputed":false,"neighborhood":"Shadyside","tree_id":"t02203"},"geometry":{"type":"Point","coordinates":[-79.94636,40.45241]}},{"id":"2204","type":"Feature","properties":{"common_name":"Linden: Littleleaf","condition":"Fair","height":9.144,"width":3.9624,"crown_r_m":1.9812,"crown_h_m":5.9436,"height_imputed":false,"width_imputed":false,"neighborhood":"Shadyside","tree_id":"t02204"},"geometry":{"type":"Point","coordinates":[-79.947,40.45221]}},{"id":"2205","type":"Feature","properties":{"common_name":"Coffeetree: Kentucky","condition":"Excellent","height":3.6576,"width":1.524,"crown_r_m":1.0,"crown_h_m":2.37744,"height_imputed":false,"width_imputed":false,"neighborhood":"Shadyside","tree_id":"t02205"},"geometry":{"type":"Point","coordinates":[-79.94654,40.45235]}},{"id":"2206","type":"Feature","properties":{"common_name":"Pear: Callery","condition":"Good","height":4.2672,"width":1.2192,"crown_r_m":1.0,"crown_h_m":2.77368,"height_imputed":false,"width_imputed":false,"neighborhood":"Shadyside","tree_id":"t02206"},"geometry":{"type":"Point","coordinates":[-79.9478,40.45198]}},{"id":"2207","type":"Feature","properties":{"common_name":"Maple: Red","condition":"Fair","height":8.2296,"width":3.3528,"crown_r_m":1.6764,"crown_h_m":5.34924,"height_imputed":false,"width_imputed":false,"neighborhood":"Shadyside","tree_id":"t02207"},"geometry":{"type":"Point","coordinates":[-79.94517,40.45266]}},{"id":"2208","type":"Feature","properties":{"common_name":"Ash: Green","condition":"Poor","height":5.1816,"width":2.1336,"crown_r_m":1.0668,"crown_h_m":3.36804,"height_imputed":false,"width_imputed":false,"neighborhood":"Shadyside","tree_id":"t02208"},"geometry":{"type":"Point","coordinates":[-79.94461,40.45282]}},{"id":"2209","type":"Feature","properties":{"common_name":"Tuliptree","condition":"Good","height":3.6576,"width":1.524,"crown_r_m":1.0,"crown_h_m":2.37744,"height_imputed":false,"width_imputed":false,"neighborhood":"Shadyside","tree_id":"t02209"},"geometry":{"type":"Point","coordinates":[-79.9455,40.45266]}},{"id":"2210","type":"Feature","properties":{"common_name":"Honeylocust","condition":null,"height":4.572,"width":2.1336,"crown_r_m":1.0668,"crown_h_m":2.9718,"height_imputed":false,"width_imputed":true,"neighborhood":"North Oakland","tree_id":"t02210"},"geometry":{"type":"Point","coordinates":[-79.95036,40.44563]}},{"id":"2211","type":"Feature","properties":{"common_name":"Honeylocust","condition":null,"height":4.572,"width":2.1336,"crown_r_m":1.0668,"crown_h_m":2.9718,"height_imputed":false,"width_imputed":true,"neighborhood":"North Oakland","tree_id":"t02211"},"geometry":{"type":"Point","coordinates":[-79.95033,40.44557]}},{"id":"2212","type":"Feature","properties":{"common_name":"London planetree","condition":"Good","height":15.24,"width":3.048,"crown_r_m":1.524,"crown_h_m":9.906,"height_imputed":false,"width_imputed":false,"neighborhood":"Upper Hill","tree_id":"t02212"},"geometry":{"type":"Point","coordinates":[-79.96461,40.45387]}},{"id":"2213","type":"Feature","properties":{"common_name":"London planetree","condition":"Good","height":15.24,"width":3.6576,"crown_r_m":1.8288,"crown_h_m":9.906,"height_imputed":false,"width_imputed":false,"neighborhood":"Upper Hill","tree_id":"t02213"},"geometry":{"type":"Point","coordinates":[-79.96455,40.45382]}},{"id":"2214","type":"Feature","properties":{"common_name":"London planetree","condition":"Good","height":15.24,"width":3.048,"crown_r_m":1.524,"crown_h_m":9.906,"height_imputed":false,"width_imputed":false,"neighborhood":"Upper Hill","tree_id":"t02214"},"geometry":{"type":"Point","coordinates":[-79.9645,40.45376]}},{"id":"2215","type":"Feature","properties":{"common_name":"Linden: Littleleaf","condition":"Fair","height":13.716,"width":1.8288,"crown_r_m":1.0,"crown_h_m":8.9154,"height_imputed":false,"width_imputed":false,"neighborhood":"North Oakland","tree_id":"t02215"},"geometry":{"type":"Point","coordinates":[-79.95309,40.45097]}},{"id":"2216","type":"Feature","properties":{"common_name":"Sweetgum: American","condition":"Good","height":18.288,"width":3.9624,"crown_r_m":1.9812,"crown_h_m":11.8872,"height_imputed":false,"width_imputed":false,"neighborhood":"North Oakland","tree_id":"t02216"},"geometry":{"type":"Point","coordinates":[-79.95401,40.44795]}},{"id":"2217","type":"Feature","properties":{"common_name":"Maple: Norway","condition":"Fair","height":9.144,"width":2.4384,"crown_r_m":1.2192,"crown_h_m":5.9436,"height_imputed":false,"width_imputed":false,"neighborhood":"Shadyside","tree_id":"t02217"},"geometry":{"type":"Point","coordinates":[-79.94265,40.44926]}},{"id":"2218","type":"Feature","properties":{"common_name":"Maple: Red","condition":"Fair","height":11.2776,"width":3.6576,"crown_r_m":1.8288,"crown_h_m":7.33044,"height_imputed":false,"width_imputed":false,"neighborhood":"Shadyside","tree_id":"t02218"},"geometry":{"type":"Point","coordinates":[-79.94262,40.44911]}},{"id":"2219","type":"Feature","properties":{"common_name":"Linden: Littleleaf","condition":null,"height":10.668,"width":2.7432,"crown_r_m":1.3716,"crown_h_m":6.9342,"height_imputed":true,"width_imputed":true,"neighborhood":"Shadyside","tree_id":"t02219"},"geometry":{"type":"Point","coordinates":[-79.94405,40.45309]}},{"id":"2220","type":"Feature","properties":{"common_name":"Oak: Northern Red","condition":"Fair","height":16.764,"width":6.096,"crown_r_m":3.048,"crown_h_m":10.8966,"height_imputed":false,"width_imputed":false,"neighborhood":"North Oakland","tree_id":"t02220"},"geometry":{"type":"Point","coordinates":[-79.95572,40.4463]}},{"id":"2221","type":"Feature","properties":{"common_name":"Linden: Littleleaf","condition":"Good","height":16.764,"width":7.62,"crown_r_m":3.81,"crown_h_m":10.8966,"height_imputed":false,"width_imputed":false,"neighborhood":"North Oakland","tree_id":"t02221"},"geometry":{"type":"Point","coordinates":[-79.95589,40.44653]}},{"id":"2222","type":"Feature","properties":{"common_name":"Linden: Littleleaf","condition":"Fair","height":10.668,"width":6.096,"crown_r_m":3.048,"crown_h_m":6.9342,"height_imputed":false,"width_imputed":false,"neighborhood":"North Oakland","tree_id":"t02222"},"geometry":{"type":"Point","coordinates":[-79.94841,40.44637]}},{"id":"2223","type":"Feature","properties":{"common_name":"Maple: Norway","condition":"Fair","height":12.192,"width":7.62,"crown_r_m":3.81,"crown_h_m":7.9248,"height_imputed":false,"width_imputed":false,"neighborhood":"North Oakland","tree_id":"t02223"},"geometry":{"type":"Point","coordinates":[-79.94847,40.44637]}},{"id":"2224","type":"Feature","properties":{"common_name":"Maple: Red","condition":"Fair","height":7.9248,"width":2.4384,"crown_r_m":1.2192,"crown_h_m":5.15112,"height_imputed":false,"width_imputed":false,"neighborhood":"Shadyside","tree_id":"t02224"},"geometry":{"type":"Point","coordinates":[-79.94449,40.44917]}},{"id":"2225","type":"Feature","properties":{"common_name":"Oak: Pin","condition":"Fair","height":18.288,"width":6.096,"crown_r_m":3.048,"crown_h_m":11.8872,"height_imputed":false,"width_imputed":false,"neighborhood":"Shadyside","tree_id":"t02225"},"geometry":{"type":"Point","coordinates":[-79.9448,40.44984]}},{"id":"2226","type":"Feature","properties":{"common_name":"Oak: Pin","condition":"Fair","height":21.336,"width":6.4008,"crown_r_m":3.2004,"crown_h_m":13.8684,"height_imputed":false,"width_imputed":false,"neighborhood":"Shadyside","tree_id":"t02226"},"geometry":{"type":"Point","coordinates":[-79.94487,40.45002]}},{"id":"2227","type":"Feature","properties":{"common_name":"Linden: Silver","condition":"Good","height":3.6576,"width":1.524,"crown_r_m":1.0,"crown_h_m":2.37744,"height_imputed":false,"width_imputed":true,"neighborhood":"Shadyside","tree_id":"t02227"},"geometry":{"type":"Point","coordinates":[-79.94843,40.4518]}},{"id":"2228","type":"Feature","properties":{"common_name":"Dogwood: Corneliancherry","condition":"Good","height":3.048,"width":1.2192,"crown_r_m":1.0,"crown_h_m":1.9812,"height_imputed":false,"width_imputed":false,"neighborhood":"Shadyside","tree_id":"t02228"},"geometry":{"type":"Point","coordinates":[-79.94604,40.44964]}},{"id":"2229","type":"Feature","properties":{"common_name":"Dogwood: Corneliancherry","condition":"Good","height":3.048,"width":1.2192,"crown_r_m":1.0,"crown_h_m":1.9812,"height_imputed":false,"width_imputed":false,"neighborhood":"Shadyside","tree_id":"t02229"},"geometry":{"type":"Point","coordinates":[-79.94612,40.44955]}},{"id":"2230","type":"Feature","properties":{"common_name":"Locust: Black","condition":null,"height":10.668,"width":4.572,"crown_r_m":2.286,"crown_h_m":6.9342,"height_imputed":false,"width_imputed":true,"neighborhood":"Terrace Village","tree_id":"t02230"},"geometry":{"type":"Point","coordinates":[-79.96016,40.44835]}}]}